name	layer	pos	shape	n_bytes	file	sha256
model.input_embed	-1	0	1024x1x1x1	4096	pos0/model.input_embed.f32	0f2822b1d8f095dda46d1b1c56382d69fe0b941be4f54f9619610de1b68f5800
attn_norm-0	0	0	1024x1x1x1	4096	pos0/attn_norm-0.f32	7fddf79018f18b6a8efe4d4305b8c552d45f257d584fe7cabb71ba8944bbe098
conv_output_silu-0	0	0	6144x1x1x1	24576	pos0/conv_output_silu-0.f32	ca48269ee73e01341d09fcbf0439b69f74bd515209d47033aa0ea3e5bedf0d24
q_conv_predelta-0	0	0	128x16x1x1	8192	pos0/q_conv_predelta-0.f32	8c63b6717875d4530277f9e8ffafee914af0dd03e408a6a9661313c67a6a3b83
k_conv_predelta-0	0	0	128x16x1x1	8192	pos0/k_conv_predelta-0.f32	bcd195962e44a88729c4b33399afe5292481074936469fc44614bcc49d33dcb7
v_conv_predelta-0	0	0	128x16x1x1	8192	pos0/v_conv_predelta-0.f32	c510c99146cd82b31ef7e1c12f2b0582fe01a05e941ed58e48f57ad2cb8820f8
a_softplus-0	0	0	16x1x1x1	64	pos0/a_softplus-0.f32	0efab8fad096f563f3df9c2cd781e4c6946dd7c93731c613e791faf9e9ca143a
gate-0	0	0	16x1x1x1	64	pos0/gate-0.f32	931a8aed00a95dc4df2bebc287df831aac900c6d6f9a772f136723e78a5d3d5c
beta_sigmoid-0	0	0	1x16x1x1	64	pos0/beta_sigmoid-0.f32	5c836c5c0c94ad8e7aa87596a0084ac143038548fe7468a3cb62d6c8ee93e673
state_predelta-0	0	0	128x128x16x1	1048576	pos0/state_predelta-0.f32	30e14955ebf1352266dc2ff8067e68104607e750abb9d3b36582b8af909fcb58
new_state-0	0	0	128x128x16x1	1048576	pos0/new_state-0.f32	99d37fceeeb6cfc80199967703c7e91cd1425cb85fdbb1106257ea046474d5f6
attn_output-0	0	0	128x16x1x1	8192	pos0/attn_output-0.f32	b0597dbdd6f4c8c8de6877c8a2f6e1f2d5e553218de5ef0210fa5880192c90ae
z-0	0	0	2048x1x1x1	8192	pos0/z-0.f32	b4a0c1b51dcbd22ccf6dc05f889ca997af4a6b4299a0d34c5991cd2f8f01cc2f
final_output-0	0	0	2048x1x1x1	8192	pos0/final_output-0.f32	f52cec6767e469998aa0b27c91a2b6843b9042cd9f4109699b17205c0b9c0955
linear_attn_out-0	0	0	1024x1x1x1	4096	pos0/linear_attn_out-0.f32	ec6c8e2a4f6d2ef88a9716950b23898bb0f13bf0a0832bd2c1622ec551f826fc
attn_residual-0	0	0	1024x1x1x1	4096	pos0/attn_residual-0.f32	b5235c129dee5b84c01a99e0326465699c44472171197460125b9b4ed5219ae2
attn_post_norm-0	0	0	1024x1x1x1	4096	pos0/attn_post_norm-0.f32	f9ac33ef462c035adc254e8c342692f2a164808ad176e53a6119fa18f3208228
ffn_out-0	0	0	1024x1x1x1	4096	pos0/ffn_out-0.f32	b4e616205d66073c5dfa7e6038f7eae5b3209a05b2517a125016747dcf08fa5b
l_out-0	0	0	1024x1x1x1	4096	pos0/l_out-0.f32	b5fe9449f40f731435e9f9564ea8cddde69391bbf1ec23aeb00ae0bcac1731be
attn_norm-1	1	0	1024x1x1x1	4096	pos0/attn_norm-1.f32	0145711621d0c8522f615d821d7352fca7ff4414aa7fd1bd53f10ba2c1abb1e5
conv_output_silu-1	1	0	6144x1x1x1	24576	pos0/conv_output_silu-1.f32	8b93f4298fdffe20957a9bde0341ac8cab50aa9d49ba2b6085986ecc8bdd27d7
q_conv_predelta-1	1	0	128x16x1x1	8192	pos0/q_conv_predelta-1.f32	b2b1153e9192374b48b6941d4573b44c3159ee6d9d335dc724df9e472dfb9918
k_conv_predelta-1	1	0	128x16x1x1	8192	pos0/k_conv_predelta-1.f32	26a4b7f3d47a6433c1ab674c01f0e31263df0da4091d62ecc0c6f7ce93be669b
v_conv_predelta-1	1	0	128x16x1x1	8192	pos0/v_conv_predelta-1.f32	7172b902ae7a13c54ea22e13d1791e9a108695cf0d60cad3775d0bc3bb396f38
a_softplus-1	1	0	16x1x1x1	64	pos0/a_softplus-1.f32	e63446865378726e54105f445baa8d7ebb67d4cea92f97f3ec4041eab3832f53
gate-1	1	0	16x1x1x1	64	pos0/gate-1.f32	b3585109fb363d92aea0d1281f51e3d96509342de468f71c7c1daa62f208b9e6
beta_sigmoid-1	1	0	1x16x1x1	64	pos0/beta_sigmoid-1.f32	4fb25971e40560cb0d878100ffc97a372ff0cd099eb72f105b74ea45f20524af
state_predelta-1	1	0	128x128x16x1	1048576	pos0/state_predelta-1.f32	30e14955ebf1352266dc2ff8067e68104607e750abb9d3b36582b8af909fcb58
new_state-1	1	0	128x128x16x1	1048576	pos0/new_state-1.f32	296bf16c0cdd0582d2151719db990641666a6654799cda2b39941a9d272ddbbd
attn_output-1	1	0	128x16x1x1	8192	pos0/attn_output-1.f32	16e7d2abb294064287a18e233ffda18f8e5370a0a0ecde0c8c74482179bbd8d5
z-1	1	0	2048x1x1x1	8192	pos0/z-1.f32	ef4c5461334862cdeb600f307335f87b5f0ba197e87cc0a943a09e2a0062f488
final_output-1	1	0	2048x1x1x1	8192	pos0/final_output-1.f32	5b3e0b5e22954e3730b95777d999ab8b4be8ee24b1a977063350dd17420d2134
linear_attn_out-1	1	0	1024x1x1x1	4096	pos0/linear_attn_out-1.f32	a2b981f737450439c4341061503ee588bebcfea75fd3849a1250114219e631ac
attn_residual-1	1	0	1024x1x1x1	4096	pos0/attn_residual-1.f32	a8e17a7a4273b7f13e307b0cec561ae7dc258a7fc98b2d56199f80314f3db91e
attn_post_norm-1	1	0	1024x1x1x1	4096	pos0/attn_post_norm-1.f32	ecd34ec4b56e1b35e333471970bdde46b6471a057b0cd88cb050f2c29e7c448a
ffn_out-1	1	0	1024x1x1x1	4096	pos0/ffn_out-1.f32	9762f984ab7c69a7c9a2f841a285780f189e353b991a108d3aa0f4e90e03fcfb
l_out-1	1	0	1024x1x1x1	4096	pos0/l_out-1.f32	9ce5afa1bdf8b394172dbb6b186aafcc90848719b802b1cc0530b5dc19372c65
attn_norm-2	2	0	1024x1x1x1	4096	pos0/attn_norm-2.f32	6bb4a5faaba4e05db37d1e54df13c194ce8e2b0d4aa200b8e4176be19f248705
conv_output_silu-2	2	0	6144x1x1x1	24576	pos0/conv_output_silu-2.f32	8e194b2686b47d4835c6e90e2606b890c4c637b28c0ea6a1c7a7e3466717d5e8
q_conv_predelta-2	2	0	128x16x1x1	8192	pos0/q_conv_predelta-2.f32	3eef2fce5a09858a6272ed11d5cc55ac1af02d0acf5fa29170b9810c414da113
k_conv_predelta-2	2	0	128x16x1x1	8192	pos0/k_conv_predelta-2.f32	d3205cc435a4c104903995be197428218a8a57548a11c3029aaef9daa0133e75
v_conv_predelta-2	2	0	128x16x1x1	8192	pos0/v_conv_predelta-2.f32	0078cc28c23d8b7de3d5aede0afcf12dcc73d9b470bb610689ffa7acea8ce336
a_softplus-2	2	0	16x1x1x1	64	pos0/a_softplus-2.f32	6fec542878daa9d7417f2cface91beee08d8abf7ec337651e93da46f37df18e3
gate-2	2	0	16x1x1x1	64	pos0/gate-2.f32	436dcbd0fcea706abcba79c34153327688489898648324f07bad1d2d4fd3555e
beta_sigmoid-2	2	0	1x16x1x1	64	pos0/beta_sigmoid-2.f32	55704d2d3195a2cc9d387c3124c7f03e406a7d4cb29c0d8eb92bfcb1f510aae9
state_predelta-2	2	0	128x128x16x1	1048576	pos0/state_predelta-2.f32	30e14955ebf1352266dc2ff8067e68104607e750abb9d3b36582b8af909fcb58
new_state-2	2	0	128x128x16x1	1048576	pos0/new_state-2.f32	7e2fb1580786d56c4d80cb66388d209115d92a62d57ac604367960c505d9283c
attn_output-2	2	0	128x16x1x1	8192	pos0/attn_output-2.f32	1f19b98bd811af6353fe4b1e2d8e28f56649ecfea13eb60ebf49e85f9293e212
z-2	2	0	2048x1x1x1	8192	pos0/z-2.f32	a5be1ec3cc5b9a85fa60210e3cb4e81fe75a16aa865606631060a609e9f380a8
final_output-2	2	0	2048x1x1x1	8192	pos0/final_output-2.f32	313daa986a7bca99d2ad6eac59f820e1b9a1f7dd72c7f7ce6357bc33b7f01f44
linear_attn_out-2	2	0	1024x1x1x1	4096	pos0/linear_attn_out-2.f32	6c032679a56d618eb2c045ea7a9e17fbb0e0af0ca06d1d13f2efe024b207dfc1
attn_residual-2	2	0	1024x1x1x1	4096	pos0/attn_residual-2.f32	de35a73019b7828e3df8503edd89d1bbfe787b64ad321028bde6973b0adab1de
attn_post_norm-2	2	0	1024x1x1x1	4096	pos0/attn_post_norm-2.f32	f46142c841f87d3ac231454068e6a95154b4c577e856f18215a80d3802991d88
ffn_out-2	2	0	1024x1x1x1	4096	pos0/ffn_out-2.f32	a96d75931eec143ec3e79aecd4747125f7b3a288d0aaed944a72888b0f6d26ae
l_out-2	2	0	1024x1x1x1	4096	pos0/l_out-2.f32	06c1cc229e7ae71a1fa6c40fe4ea2eb6a85696e90efa414149a1352d79ad1e28
attn_norm-3	3	0	1024x1x1x1	4096	pos0/attn_norm-3.f32	741ca5b15157b2f93a84e1f2984a062f0d75b17c23d807186779a72bf9bc75de
attn_pregate-3	3	0	2048x1x1x1	8192	pos0/attn_pregate-3.f32	22bbc9000f33a1e2be9f40a10a08c9b358890c991a02dcacaaf0114d73344fdf
attn_gated-3	3	0	2048x1x1x1	8192	pos0/attn_gated-3.f32	e9e1978c4473471c738af89cae0e6cb021eb5071efc12af877d8bb41a2d7ca54
attn_output-3	3	0	1024x1x1x1	4096	pos0/attn_output-3.f32	6d73fc8a859d3479bdb5d3f6cdf98579338e21740d974b2f10890ad224354efa
attn_residual-3	3	0	1024x1x1x1	4096	pos0/attn_residual-3.f32	7d0503143801e3ff9772c6f8fe2b99dff06885ac7aa97aa2f1935164fc6c0408
attn_post_norm-3	3	0	1024x1x1x1	4096	pos0/attn_post_norm-3.f32	5a4f8b2c0589508da76525f8bebbebc10f65ccc50cef101bd230d7aea829ac6b
ffn_out-3	3	0	1024x1x1x1	4096	pos0/ffn_out-3.f32	c499524d3d0ed6d98574f81770ebd622c20ee4d50301ddc661e6729ad610b40c
l_out-3	3	0	1024x1x1x1	4096	pos0/l_out-3.f32	0713ff262599569ab86365ef49772193365b1786900a44c16f35c186d9191184
attn_norm-4	4	0	1024x1x1x1	4096	pos0/attn_norm-4.f32	89171eb15379fc2a6a08243de619c7319a8483a80e40b312e3c99bc1ab333082
conv_output_silu-4	4	0	6144x1x1x1	24576	pos0/conv_output_silu-4.f32	4d806644d4c5fcaea9eb7cc792315e7ab431f05e1a29ac3ad134b0c22b4df7eb
q_conv_predelta-4	4	0	128x16x1x1	8192	pos0/q_conv_predelta-4.f32	0b6c48fcf7aec6629a0f27657e47c838d4fa653c7e31c0fef49a058676d72525
k_conv_predelta-4	4	0	128x16x1x1	8192	pos0/k_conv_predelta-4.f32	23c1dbca18307ba051ab651ffac4530d66cd6be5bed60ed7719182ebef6aaf9e
v_conv_predelta-4	4	0	128x16x1x1	8192	pos0/v_conv_predelta-4.f32	66e9c303cccb74d1796124519b5999c9568d605482bb47113641f30412282a40
a_softplus-4	4	0	16x1x1x1	64	pos0/a_softplus-4.f32	25a5df6631104c216df8098f4ee18dd5097933d6472b8bc52f8ffeeb49166f55
gate-4	4	0	16x1x1x1	64	pos0/gate-4.f32	b39e7d5e8657d8284a7ba7aa40194af9660d3c7dc33dab4791dd0d13a8249ab5
beta_sigmoid-4	4	0	1x16x1x1	64	pos0/beta_sigmoid-4.f32	64a93ae70f23662a5ad6104b6fd2991609659ec7448be388e6b3fcaf19a957c5
state_predelta-4	4	0	128x128x16x1	1048576	pos0/state_predelta-4.f32	30e14955ebf1352266dc2ff8067e68104607e750abb9d3b36582b8af909fcb58
new_state-4	4	0	128x128x16x1	1048576	pos0/new_state-4.f32	4b58cf855885dcf591138c1a3cc52e23baa8a12b9bf06d435fd3d0039560711b
attn_output-4	4	0	128x16x1x1	8192	pos0/attn_output-4.f32	daddbf52d347a71ccb4780e269c1b21394ad28cbe397743a92ae5eee39a3d410
z-4	4	0	2048x1x1x1	8192	pos0/z-4.f32	3293d781953c41f2d2c844c89106350e729ac1924be20ba51eda2c35f660edfd
final_output-4	4	0	2048x1x1x1	8192	pos0/final_output-4.f32	f3c2ce9da11f73ded13ee93756b95c8d053fe785ff8395991690e929ee73ba07
linear_attn_out-4	4	0	1024x1x1x1	4096	pos0/linear_attn_out-4.f32	51fc1b8faadd81fdc9f0358b13ade976b38d45236f91b37af9673d9fdd413093
attn_residual-4	4	0	1024x1x1x1	4096	pos0/attn_residual-4.f32	60f0d44ac123ec69d85b08a8e2c120115a5d82d82a2e786ae72ac9a7c1f408ec
attn_post_norm-4	4	0	1024x1x1x1	4096	pos0/attn_post_norm-4.f32	83ffc976e86a6e242923183092517a7412e0dee9e91917081c942855ee6c055c
ffn_out-4	4	0	1024x1x1x1	4096	pos0/ffn_out-4.f32	44c5046ef01083aa885ba9b36c5d4c9d08314330736d45bcbd47ff58265ff223
l_out-4	4	0	1024x1x1x1	4096	pos0/l_out-4.f32	57eb052e6d3f6726ad72e1146df26569270e5b4aea24e684116ecf26248ce294
attn_norm-5	5	0	1024x1x1x1	4096	pos0/attn_norm-5.f32	8605405a126ccba3755932986a2f2439548a0613c0035c4493eb2aafa754e977
conv_output_silu-5	5	0	6144x1x1x1	24576	pos0/conv_output_silu-5.f32	3879c802ba11647a4378fc8a561bdb261e6c67859d40a8b015963bdfe4da1952
q_conv_predelta-5	5	0	128x16x1x1	8192	pos0/q_conv_predelta-5.f32	fc1e931a8283c32950d8a5dbed7c9cc6655f4cba09b03d8f2a75352696135929
k_conv_predelta-5	5	0	128x16x1x1	8192	pos0/k_conv_predelta-5.f32	2c1ab7e64fde911baa649db58e5f9963fc5ded58a81dc995f1f96ff6ad535ed1
v_conv_predelta-5	5	0	128x16x1x1	8192	pos0/v_conv_predelta-5.f32	e005a811c88c734aee346193a5db113d73ea39779a89f5b837b63eb8eed8bad8
a_softplus-5	5	0	16x1x1x1	64	pos0/a_softplus-5.f32	2f03729ba2e9b7a4d38a493c615b0d64341439d56205f1b7dff2750d057a9554
gate-5	5	0	16x1x1x1	64	pos0/gate-5.f32	14ec3c978f8043100127cc04995b3d7a367518f8d800ed1a4799049aed9917a6
beta_sigmoid-5	5	0	1x16x1x1	64	pos0/beta_sigmoid-5.f32	7b4358a79bd9fa0a1730afaa99b2e75b408a0405278582ebe090d4f31d663280
state_predelta-5	5	0	128x128x16x1	1048576	pos0/state_predelta-5.f32	30e14955ebf1352266dc2ff8067e68104607e750abb9d3b36582b8af909fcb58
new_state-5	5	0	128x128x16x1	1048576	pos0/new_state-5.f32	9345c2ffa015e55ebaaeb43f02ba54201f380e8279555ecda016708ba25ac4b8
attn_output-5	5	0	128x16x1x1	8192	pos0/attn_output-5.f32	a31df5187fe0222c47025e26acd7f5e60e0f60aa3a5729d0d2f4cde34368a6b2
z-5	5	0	2048x1x1x1	8192	pos0/z-5.f32	48fa7371b569746786351f76f4d3341ee982520d85a7783f4a03e684c32706e2
final_output-5	5	0	2048x1x1x1	8192	pos0/final_output-5.f32	6ac016a9fefc51306d54e5f9ca7b400bb8bfdfab2f8fed04eee308a444382931
linear_attn_out-5	5	0	1024x1x1x1	4096	pos0/linear_attn_out-5.f32	fc450baa8694c9eba69db0666f525036e88027c4bc85f1efe378dcc3fd58af62
attn_residual-5	5	0	1024x1x1x1	4096	pos0/attn_residual-5.f32	d55266b0c9f39c96c15307d2a4eeff659559f410b1f8d20e7d4c3bb8fcc37542
attn_post_norm-5	5	0	1024x1x1x1	4096	pos0/attn_post_norm-5.f32	f34eb55e788918ca961869e061589009b42fe0efb52fc7d3a7fdd5c33ec96069
ffn_out-5	5	0	1024x1x1x1	4096	pos0/ffn_out-5.f32	69fd9b0de33659c27f99a30945ab035b93eda2735c90419735561471beae2f9e
l_out-5	5	0	1024x1x1x1	4096	pos0/l_out-5.f32	1f73cd0aaa0d0a6986c9130920b3bd3404996e8cf10e37b112398c36500bec23
attn_norm-6	6	0	1024x1x1x1	4096	pos0/attn_norm-6.f32	45dae9611d0242d229cd3ba80dc3e04f6f64667f4959fcf92b0e35507f907763
conv_output_silu-6	6	0	6144x1x1x1	24576	pos0/conv_output_silu-6.f32	b49c22d1465d310947825c36edc2886ac9363a69c82ef676144979f664a9e221
q_conv_predelta-6	6	0	128x16x1x1	8192	pos0/q_conv_predelta-6.f32	4124a666b14aeb0242ae9f2815c3bc59aefb60bb4e74714be8004ac1343a5281
k_conv_predelta-6	6	0	128x16x1x1	8192	pos0/k_conv_predelta-6.f32	531557ed8a6d00e71ff1a38b8211427a8d41c00a96d12639b6ef5711da3d0279
v_conv_predelta-6	6	0	128x16x1x1	8192	pos0/v_conv_predelta-6.f32	04ac8c4826d9f05834e945761f478cfee5f4464c21d1f3a3237f3fecb019e452
a_softplus-6	6	0	16x1x1x1	64	pos0/a_softplus-6.f32	61f6da557d5f07ac143f44370a40109d1ee009b17090e6cfac2cd7246a70c1e2
gate-6	6	0	16x1x1x1	64	pos0/gate-6.f32	b90c372daa4cff90e8ba11146841d47efcbfaa7e73f7fe65f544b1b62899e361
beta_sigmoid-6	6	0	1x16x1x1	64	pos0/beta_sigmoid-6.f32	43b70fdb2b3e2ce481c62fe6a31b370beea1db696c5336fee5ac47e75271370a
state_predelta-6	6	0	128x128x16x1	1048576	pos0/state_predelta-6.f32	30e14955ebf1352266dc2ff8067e68104607e750abb9d3b36582b8af909fcb58
new_state-6	6	0	128x128x16x1	1048576	pos0/new_state-6.f32	3cd883c0cde9221c7984f85170d7058e14891ef3354c086ab751179feccdd00d
attn_output-6	6	0	128x16x1x1	8192	pos0/attn_output-6.f32	d69d0f58b40e4bc302889757c481a84a7c77507bc0b965b2717d0f6e7052629a
z-6	6	0	2048x1x1x1	8192	pos0/z-6.f32	f3e7e0315925529453f42ca94f8ffca8bbc7f0109869d0661c88a548830c2923
final_output-6	6	0	2048x1x1x1	8192	pos0/final_output-6.f32	3832d03edaf88342312b05cae066184cd364924d62a2945852060762ef121621
linear_attn_out-6	6	0	1024x1x1x1	4096	pos0/linear_attn_out-6.f32	e17d5b07e1dec86a71fbdd92c726da786825fc6fdcbe056a08d113c6574d6198
attn_residual-6	6	0	1024x1x1x1	4096	pos0/attn_residual-6.f32	e1889f228a14cfdb4a4e663e97f42976537f743762f3bf455c2002c77e20da7b
attn_post_norm-6	6	0	1024x1x1x1	4096	pos0/attn_post_norm-6.f32	64f29a0dabc40479670f70cbc1d4d1e33e45c63474cdef2b07ff5c549abd1856
ffn_out-6	6	0	1024x1x1x1	4096	pos0/ffn_out-6.f32	2ee87a222163baa002976673689e10019e601e087564201904ae4c8c7f440262
l_out-6	6	0	1024x1x1x1	4096	pos0/l_out-6.f32	2a17fd0344286d8bf1a184a90109f6dfe1c536f915bb97df323bfda2b541828e
attn_norm-7	7	0	1024x1x1x1	4096	pos0/attn_norm-7.f32	119140036168dff903f4a66bee4326709ca641175fdaad9d252688bea059c814
attn_pregate-7	7	0	2048x1x1x1	8192	pos0/attn_pregate-7.f32	d8a723e75726439782d48ee5a977f96ffe3c6260e1388691f2cc77671c951b88
attn_gated-7	7	0	2048x1x1x1	8192	pos0/attn_gated-7.f32	f84c97ed698cbe15f88b53f52eb1f93fb89088657bca25eaef91eabc1b5a9ed2
attn_output-7	7	0	1024x1x1x1	4096	pos0/attn_output-7.f32	b80a8df8cd24eb841f06c61b9ed87383c492e9c4f0ee2975e3cbc4c642a3fd9a
attn_residual-7	7	0	1024x1x1x1	4096	pos0/attn_residual-7.f32	49f8931f053439e05d6fe239c6b8af4d95b0cae36a515e66c749714bbed7ae1f
attn_post_norm-7	7	0	1024x1x1x1	4096	pos0/attn_post_norm-7.f32	212bfdd980905b7a853454c55ed5c3204f247a485e9765021f2aa84ca0dc3d48
ffn_out-7	7	0	1024x1x1x1	4096	pos0/ffn_out-7.f32	4904ef679a7f36f5c747c71d13efca2e8722030891bead2e2774cb9b6ddcfa0c
l_out-7	7	0	1024x1x1x1	4096	pos0/l_out-7.f32	df61c321cc49520fa4d6cba2253b0a0706d8c5dde1d43d68cb60d5f70f78f36b
attn_norm-8	8	0	1024x1x1x1	4096	pos0/attn_norm-8.f32	66e8eed29985966e0d161e127bce364947aaca7cc34dd006a0a310a8ee039c9a
conv_output_silu-8	8	0	6144x1x1x1	24576	pos0/conv_output_silu-8.f32	8b35f8a8401ed77e69dd68583f3f1ba298571ba4ad4cc828521a3d53919ad72d
q_conv_predelta-8	8	0	128x16x1x1	8192	pos0/q_conv_predelta-8.f32	399d5a19e84aa98712577ac6bce35374051f76eb65fa3f8ae5bcb024181364e9
k_conv_predelta-8	8	0	128x16x1x1	8192	pos0/k_conv_predelta-8.f32	284c3abb320c3459e5d8a85b435c70b4ff8fafdeb662b523679690a6d2ce1fdc
v_conv_predelta-8	8	0	128x16x1x1	8192	pos0/v_conv_predelta-8.f32	8c8331b258e509ec8d74a0e92213c82fb89614edf0e282d615481281fa3f7652
a_softplus-8	8	0	16x1x1x1	64	pos0/a_softplus-8.f32	5d8230f43ed1a05e6bb1316fd12f31f0b7dc8740de2e6c92d1adb21acaf5058c
gate-8	8	0	16x1x1x1	64	pos0/gate-8.f32	574ebbeb768fff66737d4c7db70b65b8660e7d420cef3b26c758134ca1631e9d
beta_sigmoid-8	8	0	1x16x1x1	64	pos0/beta_sigmoid-8.f32	93abe7c7cb6c7e17b0e548ec9d5bf7ab20e54e225cbcd901fe39df25643a32b3
state_predelta-8	8	0	128x128x16x1	1048576	pos0/state_predelta-8.f32	30e14955ebf1352266dc2ff8067e68104607e750abb9d3b36582b8af909fcb58
new_state-8	8	0	128x128x16x1	1048576	pos0/new_state-8.f32	3f6c329d5fd8c2c8eea90128af7e094733ea3e927b40985b02860dfcd16393db
attn_output-8	8	0	128x16x1x1	8192	pos0/attn_output-8.f32	31d980d8b041fe439e5cd636a832960a3cbbdfb21094ef6e2fd6739c44b98037
z-8	8	0	2048x1x1x1	8192	pos0/z-8.f32	bc24f34d95ae06030ae78988bb0d2f0ab2f6329897b95566e19bbf159b5d7295
final_output-8	8	0	2048x1x1x1	8192	pos0/final_output-8.f32	64ef191f454ae140c1b14b171f03a05f871ac0e7d1539db3640c46467986b062
linear_attn_out-8	8	0	1024x1x1x1	4096	pos0/linear_attn_out-8.f32	4b4595c44fad5f8526f9e22d68651b97cd71cb7310c25e726bf900ba788ffa3d
attn_residual-8	8	0	1024x1x1x1	4096	pos0/attn_residual-8.f32	88de873d6ed390ea5ab1b8c921584637f9943fdbe8cbe998fe650c598b3be66d
attn_post_norm-8	8	0	1024x1x1x1	4096	pos0/attn_post_norm-8.f32	670c2086cef369a50888b7f93eff24f85d706df75a44061a442e1bd3dfa1e251
ffn_out-8	8	0	1024x1x1x1	4096	pos0/ffn_out-8.f32	8540f900c2af9e2098beb1557b35bfca8046857ea10580b6c7d0c94ea74b8e51
l_out-8	8	0	1024x1x1x1	4096	pos0/l_out-8.f32	0537a1dbf9a344287ad70334888f589605d90e9f43853f21f2faef6e442eb261
attn_norm-9	9	0	1024x1x1x1	4096	pos0/attn_norm-9.f32	16bdb5b0b748640e8a9b850a9c08f384d61fcaa5c9903e1ef60a9b881ad243b1
conv_output_silu-9	9	0	6144x1x1x1	24576	pos0/conv_output_silu-9.f32	b1e30b75c20612fe95a49401297a02e42c5cdbf2585128fb827740ca8e7daf70
q_conv_predelta-9	9	0	128x16x1x1	8192	pos0/q_conv_predelta-9.f32	1fb78e60b9dcdd5f58324f7298b88b512d23275216e246000ff14379ea28a9bc
k_conv_predelta-9	9	0	128x16x1x1	8192	pos0/k_conv_predelta-9.f32	6a26e96653c3af809ba1df76d8f3c55259f739dfbef337fd76de13db5ece6882
v_conv_predelta-9	9	0	128x16x1x1	8192	pos0/v_conv_predelta-9.f32	214fb7da13523292a378666f74e9cac84b0da166bdd3c72df23edd0076555822
a_softplus-9	9	0	16x1x1x1	64	pos0/a_softplus-9.f32	1bcf5060648ee41df5be4e23684716329d87a62b9b09f3f22fae1ea8f1891b62
gate-9	9	0	16x1x1x1	64	pos0/gate-9.f32	18cebf4ded3ea31fb0e710d4b8909a68ad84fae90e9c05ed6de3821185c14940
beta_sigmoid-9	9	0	1x16x1x1	64	pos0/beta_sigmoid-9.f32	4dcd079dacc3402bc489535cd209bdfee341594a39682b4cb82c5667525179b8
state_predelta-9	9	0	128x128x16x1	1048576	pos0/state_predelta-9.f32	30e14955ebf1352266dc2ff8067e68104607e750abb9d3b36582b8af909fcb58
new_state-9	9	0	128x128x16x1	1048576	pos0/new_state-9.f32	5121c4f89f76fee3efb9708e47c8955a923dfa67d5054ccd64669267ca6cfa7b
attn_output-9	9	0	128x16x1x1	8192	pos0/attn_output-9.f32	14c6085408a0b37b296ef137114a1694a69c94f63a7fcebb66fb52964f54fddb
z-9	9	0	2048x1x1x1	8192	pos0/z-9.f32	a3105c6fd921ff086752540f33a20c40cb3fe6e4dd24db8b317bc89ad9ccf9fa
final_output-9	9	0	2048x1x1x1	8192	pos0/final_output-9.f32	3af11eeda4123502cf25bec8440e4de6efb06ac99b62c5e8f529cdb24c25a507
linear_attn_out-9	9	0	1024x1x1x1	4096	pos0/linear_attn_out-9.f32	602b339b94abce503f02865390b86aaa2ef69376ababa3325dfe66d67c8bd903
attn_residual-9	9	0	1024x1x1x1	4096	pos0/attn_residual-9.f32	0a630dfc702a4d284d4120d2353febd317dbca8e6ce4511182149c51c35f779a
attn_post_norm-9	9	0	1024x1x1x1	4096	pos0/attn_post_norm-9.f32	409c75472758354ed34ec824d04371502c558dd12e6d0f92c51f8aef158135e7
ffn_out-9	9	0	1024x1x1x1	4096	pos0/ffn_out-9.f32	a890ecba53d8772e3b4a57c2bb66ad071b3638b2c8ecdf67dedcd240fe71dae4
l_out-9	9	0	1024x1x1x1	4096	pos0/l_out-9.f32	411cb56e279f13099ce37cbf0b26027a7a6c4bf9e97182220f517390c875e319
attn_norm-10	10	0	1024x1x1x1	4096	pos0/attn_norm-10.f32	584334c31784de2bc05258e19ffab3cf20123c71ee914293fc95a76a7250a139
conv_output_silu-10	10	0	6144x1x1x1	24576	pos0/conv_output_silu-10.f32	6c9ae6be9deffa62410004acdc08848c035faa6b671236fddc832cb9eeb5c708
q_conv_predelta-10	10	0	128x16x1x1	8192	pos0/q_conv_predelta-10.f32	f0b38695736f8dbaa5df22a903e2a3b2b2425924d8652eeebf1d290c929b9c6c
k_conv_predelta-10	10	0	128x16x1x1	8192	pos0/k_conv_predelta-10.f32	39a624af491f1558ba7c7d4df4fe9388e6357f4df61ed2c56bda8add1b63deea
v_conv_predelta-10	10	0	128x16x1x1	8192	pos0/v_conv_predelta-10.f32	f52c338dfbc7aa877b1811c74ddef6c069eaec54630d01cbd2d968661a64b5e7
a_softplus-10	10	0	16x1x1x1	64	pos0/a_softplus-10.f32	71080357c8bcfb457b37be50f37d0a128f27fc5e13cc67cc95fabc997ceced15
gate-10	10	0	16x1x1x1	64	pos0/gate-10.f32	5eeb683f876229047fcc97e1af73f3e92aac0ea3381ea6e5e9632cb5b34ef50e
beta_sigmoid-10	10	0	1x16x1x1	64	pos0/beta_sigmoid-10.f32	085238d4ca6a7f7eefc97c6a6caf9e0436930991f6030c8877a1b6dc73bd0d58
state_predelta-10	10	0	128x128x16x1	1048576	pos0/state_predelta-10.f32	30e14955ebf1352266dc2ff8067e68104607e750abb9d3b36582b8af909fcb58
new_state-10	10	0	128x128x16x1	1048576	pos0/new_state-10.f32	7bdeab381394bda883f4413ba97754d8affa5f18aad57c5035fdb503d4943100
attn_output-10	10	0	128x16x1x1	8192	pos0/attn_output-10.f32	1d976104ad3a6d18eb9ce54c467ac724817bf573d913cf602106d4f888993dbf
z-10	10	0	2048x1x1x1	8192	pos0/z-10.f32	fb5440cbca9c246cd8d257bd1e6d069bc9168bc75b6e12d59c64299367344161
final_output-10	10	0	2048x1x1x1	8192	pos0/final_output-10.f32	8491176a4a4750b009e5a5d2af9b5718f780d63c0512411ec1586c5b81e0a2d7
linear_attn_out-10	10	0	1024x1x1x1	4096	pos0/linear_attn_out-10.f32	c4f67abfba1d0eacdf97c14a5f8aae780a959da92259e7bd7522eabbaa460255
attn_residual-10	10	0	1024x1x1x1	4096	pos0/attn_residual-10.f32	5c99e7b5a2aa5641c140ad2048e0ea4d757fac0913ba4a9eba15b20f9c516874
attn_post_norm-10	10	0	1024x1x1x1	4096	pos0/attn_post_norm-10.f32	472e699ba2d86068504fc4ec40428753f71571048bdec906ae1c598346fb1b28
ffn_out-10	10	0	1024x1x1x1	4096	pos0/ffn_out-10.f32	244a6aaf7d0037609add5b0f27220e583aaa0b8f6ee704e7f9257f439a35ac4b
l_out-10	10	0	1024x1x1x1	4096	pos0/l_out-10.f32	0149b3f35a58efaf8e5d813459f3b65fcb6ff9cb0fba839f949c1e06abf4c266
attn_norm-11	11	0	1024x1x1x1	4096	pos0/attn_norm-11.f32	e45d198cd466140e3d361e6f6ec857294b0a1eea4a107f4c2b7ea59fbd80cba0
attn_pregate-11	11	0	2048x1x1x1	8192	pos0/attn_pregate-11.f32	aa37220e4185510d604e0755cb09030036f4284591985203ad69906f3b0b3ad2
attn_gated-11	11	0	2048x1x1x1	8192	pos0/attn_gated-11.f32	d707043b0fde35af9b956929342dc1bc9855481ad3f0cf014121353da27cf4ca
attn_output-11	11	0	1024x1x1x1	4096	pos0/attn_output-11.f32	dfdb2b30a4c1874067aad1f97f2eb1295542d4c8455407c82bd008d85dcfaaef
attn_residual-11	11	0	1024x1x1x1	4096	pos0/attn_residual-11.f32	be7b6788754035d5ec576055b48e921a697855cedd199833b3248b1126d1cea7
attn_post_norm-11	11	0	1024x1x1x1	4096	pos0/attn_post_norm-11.f32	1d09913ec08ca28ef9e83389d427dd22a4fa76863547c8bfd5a8437a0652e009
ffn_out-11	11	0	1024x1x1x1	4096	pos0/ffn_out-11.f32	3419659a3bfda92319fb69c27e5e24375bc1630745d24febeaa27f9232f20554
l_out-11	11	0	1024x1x1x1	4096	pos0/l_out-11.f32	22006718862bfe2a85ed13549bd98569859b76ba6ba7af733f7179e5ee573530
attn_norm-12	12	0	1024x1x1x1	4096	pos0/attn_norm-12.f32	42a419f9f3cebbbe4aaedbb657f9f0809342f9d8154a1d3e107333fe2abd2825
conv_output_silu-12	12	0	6144x1x1x1	24576	pos0/conv_output_silu-12.f32	1c43c1bfd82c9565eed3adcdc62fb36a107ad6c28055c4bb5875335da8ea5a32
q_conv_predelta-12	12	0	128x16x1x1	8192	pos0/q_conv_predelta-12.f32	5f8970e829c513922974f31093e8da1faa6a2dbf62a83156f34719b680480e53
k_conv_predelta-12	12	0	128x16x1x1	8192	pos0/k_conv_predelta-12.f32	4bf791bf0d21b37037f49c072fd612188e0dfcd228a4f0cf2d1debd023ff6e65
v_conv_predelta-12	12	0	128x16x1x1	8192	pos0/v_conv_predelta-12.f32	3bbf21422190045912aaeb4f14a1eb0bb372acaa2f5bfef45a1fc0c5bac332a1
a_softplus-12	12	0	16x1x1x1	64	pos0/a_softplus-12.f32	c843b4cf2b39af132f359118ffcfe747d39b6c4fcacf81d6ea74dfe1e7c7cd64
gate-12	12	0	16x1x1x1	64	pos0/gate-12.f32	11fab708398fe483f2d697d85beb88c24b4cda0d0715a531c74e9f4dd0e6c06a
beta_sigmoid-12	12	0	1x16x1x1	64	pos0/beta_sigmoid-12.f32	333b7fc0a2f8e00ca7edee914e0e3b02a8a24fe1c5edc3f86942528bd0fff0e8
state_predelta-12	12	0	128x128x16x1	1048576	pos0/state_predelta-12.f32	30e14955ebf1352266dc2ff8067e68104607e750abb9d3b36582b8af909fcb58
new_state-12	12	0	128x128x16x1	1048576	pos0/new_state-12.f32	8250bf39ac1038cde29c6827cef4121fa2fc57a25447f9535129340c4c6d78fc
attn_output-12	12	0	128x16x1x1	8192	pos0/attn_output-12.f32	591ccd3351398da8e01ce04cb8a2039e36666a2f7f020796a580711a527519ca
z-12	12	0	2048x1x1x1	8192	pos0/z-12.f32	43f2c2f752ace92b1e6d89d2fa181eb04288b4a349847a3af6bb3695ceb282bb
final_output-12	12	0	2048x1x1x1	8192	pos0/final_output-12.f32	a43c321f0cfb27b136c02d8b2128240817476abe233b94a6fa5518789697d3f2
linear_attn_out-12	12	0	1024x1x1x1	4096	pos0/linear_attn_out-12.f32	9ee66b3246a1cb5f37cc47fe5bc2ef404bc9ed03e25558554c7bf52440599260
attn_residual-12	12	0	1024x1x1x1	4096	pos0/attn_residual-12.f32	5142378fbe5b80cdb2e0fc80ac1559d65da7f4222760ef6645954e2fde202e5b
attn_post_norm-12	12	0	1024x1x1x1	4096	pos0/attn_post_norm-12.f32	371d2a2bbb53cb91538b536e89c9c94b703b8ebd7f794f80080c668f6fadd168
ffn_out-12	12	0	1024x1x1x1	4096	pos0/ffn_out-12.f32	4a7df681d34bcad5ebe9c0c2c761e10ad57b8f4cbeb6261e1d0674119fcd8c44
l_out-12	12	0	1024x1x1x1	4096	pos0/l_out-12.f32	4d927d3e03cd8ec23d8ce00f00793f6d54cf4ffebaf188cf475b8c8bc36807c3
attn_norm-13	13	0	1024x1x1x1	4096	pos0/attn_norm-13.f32	0e1dce5832a036dd7e60518f732c7396cfc9c1bb22be55278f4401f881a05837
conv_output_silu-13	13	0	6144x1x1x1	24576	pos0/conv_output_silu-13.f32	6d35d5b978bf45cc10b07f5b2b1330c35b8ad962352353c70076f6dde151a548
q_conv_predelta-13	13	0	128x16x1x1	8192	pos0/q_conv_predelta-13.f32	f1bb776f3fe5b450ed73237c96a03735465eba2fc98317193f19512dd99513b3
k_conv_predelta-13	13	0	128x16x1x1	8192	pos0/k_conv_predelta-13.f32	fb8b330b3cc14b099bc46e420eb226e71a8fadf7ed6ed3a0bd9b3a623c561195
v_conv_predelta-13	13	0	128x16x1x1	8192	pos0/v_conv_predelta-13.f32	c9b739f25ca65feda8d19f97dda4c46af61e195ef47506a6cf57115b8768ecdf
a_softplus-13	13	0	16x1x1x1	64	pos0/a_softplus-13.f32	58ef3758f3b0c81c68960dbf6e50cf0ffea9f245c8ca07e669cd09572e3afda1
gate-13	13	0	16x1x1x1	64	pos0/gate-13.f32	cfcf4aaffe2868371d61c8a9a12ea061a437cd7286600a851af58163c7a53f56
beta_sigmoid-13	13	0	1x16x1x1	64	pos0/beta_sigmoid-13.f32	822a5cd7caae65e38534d8407a6c9fd80a2cf7255af2f20479a79bc3a4608d26
state_predelta-13	13	0	128x128x16x1	1048576	pos0/state_predelta-13.f32	30e14955ebf1352266dc2ff8067e68104607e750abb9d3b36582b8af909fcb58
new_state-13	13	0	128x128x16x1	1048576	pos0/new_state-13.f32	aa15cb845881687aba34b4c749bce79dc1103ddcc97e2a95a51b258308ca18b3
attn_output-13	13	0	128x16x1x1	8192	pos0/attn_output-13.f32	16edad663a63faf20551bbcb8507520f2cb482f8127ad10ab0913abb53a8bcca
z-13	13	0	2048x1x1x1	8192	pos0/z-13.f32	704221519c2c1a8d51e7087bcc6512086c6e51db5708762c5a5a189c90c3c597
final_output-13	13	0	2048x1x1x1	8192	pos0/final_output-13.f32	03d17d8bba94a27ba11a3849338b4ac3fdf8a53becaeef2f887fa334eea0b359
linear_attn_out-13	13	0	1024x1x1x1	4096	pos0/linear_attn_out-13.f32	1198c8480fe3282b8099ad1814601b8531776c73ccaaf3939c2c008928653ef0
attn_residual-13	13	0	1024x1x1x1	4096	pos0/attn_residual-13.f32	4717ecae4ad494cf49b4d229ec74a86c9db288e9b94d1936f39a9dc9b02ba5df
attn_post_norm-13	13	0	1024x1x1x1	4096	pos0/attn_post_norm-13.f32	e0dbb466443b1ddc584c5b0ff46b29e11cd5018ae1753fc0598d1e7ee84279be
ffn_out-13	13	0	1024x1x1x1	4096	pos0/ffn_out-13.f32	34d3a822cf63810ab61fa663604f5cb2d4e4d9357c542b792793daa159bd07a2
l_out-13	13	0	1024x1x1x1	4096	pos0/l_out-13.f32	0e40f4530c573104738fab739cddf6854d41ee450a66706fb16aa9181b5308bd
attn_norm-14	14	0	1024x1x1x1	4096	pos0/attn_norm-14.f32	c5264ecb236105aa0e5f5d25df247dfa0c508d2da76b2d35c40ad357f441eedd
conv_output_silu-14	14	0	6144x1x1x1	24576	pos0/conv_output_silu-14.f32	2c740c04786d22d8592e927f4721bf210d5e6b624eec0f65e539caa9f0f32f78
q_conv_predelta-14	14	0	128x16x1x1	8192	pos0/q_conv_predelta-14.f32	97844ffa5bb8d4f8e18ac5478bbf452007d1d27945415cba43cd52f8b4d5f783
k_conv_predelta-14	14	0	128x16x1x1	8192	pos0/k_conv_predelta-14.f32	6f47073d6f99b23bccc0cca398e96eaeffb09bb61e38920f2ce709404718c0b5
v_conv_predelta-14	14	0	128x16x1x1	8192	pos0/v_conv_predelta-14.f32	e2de6f53f551c07697600eef4a947a2a41e1ccfb1412f393f429dbe31c0c2305
a_softplus-14	14	0	16x1x1x1	64	pos0/a_softplus-14.f32	a057b7d69a8d1d3176fb9861f1bde9a035856a04fb999348ff8bb91632927487
gate-14	14	0	16x1x1x1	64	pos0/gate-14.f32	6e579ee59f3d1d235710ffa35f17293e9763c0b623f55011f08c33bb92b599a5
beta_sigmoid-14	14	0	1x16x1x1	64	pos0/beta_sigmoid-14.f32	a930684863ff4a52e0c5ee84472b9104924967cf0634718fd6d2789d2fa94a22
state_predelta-14	14	0	128x128x16x1	1048576	pos0/state_predelta-14.f32	30e14955ebf1352266dc2ff8067e68104607e750abb9d3b36582b8af909fcb58
new_state-14	14	0	128x128x16x1	1048576	pos0/new_state-14.f32	0f44720994c908852dda0abbc236cf86155a74667434b939de355231126702f9
attn_output-14	14	0	128x16x1x1	8192	pos0/attn_output-14.f32	12337f1ee357411a58a6adb3119e04cb452a3392c45f76ccf820fd06cc195adb
z-14	14	0	2048x1x1x1	8192	pos0/z-14.f32	813374b469fe75aae3269b3e252732f25571c7bdc7faec2b70d7244e23a39fd3
final_output-14	14	0	2048x1x1x1	8192	pos0/final_output-14.f32	c207730d81e667e12bcd2a4a675102d97f8ccca50798423dce68167c1dd7f500
linear_attn_out-14	14	0	1024x1x1x1	4096	pos0/linear_attn_out-14.f32	26827b63329300c0c7d7f78d5b9361a724e033a6b49954e2d85174a2225eb752
attn_residual-14	14	0	1024x1x1x1	4096	pos0/attn_residual-14.f32	fbbbf69144f367005439d4b3f57bcfab32c71b44c6cb1bf79913ace81bd3b22a
attn_post_norm-14	14	0	1024x1x1x1	4096	pos0/attn_post_norm-14.f32	95930ce31f1badd52436326f7ee26904ba0dd1a4576d21f07e2f1cd8b470a773
ffn_out-14	14	0	1024x1x1x1	4096	pos0/ffn_out-14.f32	873d640110d21923113449a3f953240b68f777e7c81ac2f8ba8de77d3d14cd72
l_out-14	14	0	1024x1x1x1	4096	pos0/l_out-14.f32	42ccd10d862d9ae7e3c7e0d14ce324e90ca66378e895c35a782b8df674be1bb8
attn_norm-15	15	0	1024x1x1x1	4096	pos0/attn_norm-15.f32	f1c58d031d6e0bbe8dce053f1e9f990865e39b36f3fab5185479afe9c4715592
attn_pregate-15	15	0	2048x1x1x1	8192	pos0/attn_pregate-15.f32	25768a69c9fa1dd4fcbdfb0d889a5184bb42ea8fcc5e4e2cb503ccff0c1c08c8
attn_gated-15	15	0	2048x1x1x1	8192	pos0/attn_gated-15.f32	9fe62d51acc3b0043fb6f64830e88aa9f205ffd3e3841c6ddf59f2a86e4716f7
attn_output-15	15	0	1024x1x1x1	4096	pos0/attn_output-15.f32	5cd950bf2678bda641090d6d9aafb71bcda91fc91d59bdfc14a08e914d29b2f3
attn_residual-15	15	0	1024x1x1x1	4096	pos0/attn_residual-15.f32	d85960e34bd0e5c4ff8d5e619214cc56da4c579bf4923ca0075c7406655a8f9c
attn_post_norm-15	15	0	1024x1x1x1	4096	pos0/attn_post_norm-15.f32	0b2cf946443a25401e8a8b353c056daae33d1a7eeacd8924d95b1971738fd0c7
ffn_out-15	15	0	1024x1x1x1	4096	pos0/ffn_out-15.f32	716d12bb228a1595ceec71d928fc3de8fcf227686c8b5e2dfae638fe15aaf045
l_out-15	15	0	1024x1x1x1	4096	pos0/l_out-15.f32	b3f3237784e560955d310632faa00c565cafc59c078bc3d06a2539ccd9521b7b
attn_norm-16	16	0	1024x1x1x1	4096	pos0/attn_norm-16.f32	0bfe0e21716da3cfb25a24ac15a731715fcbeb742aa5dcd0606f0d0f314828bc
conv_output_silu-16	16	0	6144x1x1x1	24576	pos0/conv_output_silu-16.f32	ea16fcfdd7ff62726739035c6fde196da52f819da1208501d39719d5432f1dac
q_conv_predelta-16	16	0	128x16x1x1	8192	pos0/q_conv_predelta-16.f32	f09972abbaa40a5a2761cdd25410c239af7a9ec52969b67fd514d17018890724
k_conv_predelta-16	16	0	128x16x1x1	8192	pos0/k_conv_predelta-16.f32	652d431f7574e58ffd14fe4d306c9cba69249214f58f5784eb76d88593799260
v_conv_predelta-16	16	0	128x16x1x1	8192	pos0/v_conv_predelta-16.f32	9c95a906426eaaa4cac2c32ccb41bab8e8047e3942d010bafaa7c8acc2e272bd
a_softplus-16	16	0	16x1x1x1	64	pos0/a_softplus-16.f32	c5cac3d5c19cbe2ce33b8c35134492ca6f3b1392d9380de0bbbf8dea7c112e73
gate-16	16	0	16x1x1x1	64	pos0/gate-16.f32	0404d1e992e3ba81f2a3a8a8a7b6a6c2d4e1657b569a1a0f3cc9b40c8398c400
beta_sigmoid-16	16	0	1x16x1x1	64	pos0/beta_sigmoid-16.f32	0065f128efe3cf33b8d22832bb3a898ed9b28916326481010436abf6aa168bf3
state_predelta-16	16	0	128x128x16x1	1048576	pos0/state_predelta-16.f32	30e14955ebf1352266dc2ff8067e68104607e750abb9d3b36582b8af909fcb58
new_state-16	16	0	128x128x16x1	1048576	pos0/new_state-16.f32	07514b3db91c9bc6e8e240cb5491eae89dc416291637e10cc2e220b5b4d44d4e
attn_output-16	16	0	128x16x1x1	8192	pos0/attn_output-16.f32	b8446a10ccf472fb231abbecb5c694e5ee4da6e39a9a676e2345137ee16d74e9
z-16	16	0	2048x1x1x1	8192	pos0/z-16.f32	5026b1c509b8968ee363699800271cb16ba8623d62911eb63c1e669ca118efca
final_output-16	16	0	2048x1x1x1	8192	pos0/final_output-16.f32	6584618d46cd15c47737ff34e50e8e0e577229e04814e1a51b80683f12430421
linear_attn_out-16	16	0	1024x1x1x1	4096	pos0/linear_attn_out-16.f32	0d3cc32075cba8affeeb89c3ae564b0af95dd23e7d4dc4330d7b7dde7e860456
attn_residual-16	16	0	1024x1x1x1	4096	pos0/attn_residual-16.f32	47d385ba55f1670bc0f11c4923897e7aff7f1a0cd2d87f5db9b5c88df42e01b4
attn_post_norm-16	16	0	1024x1x1x1	4096	pos0/attn_post_norm-16.f32	35d3dd18e8a0c0adab2575ad898c8fc2b309c816c6560ef0e6cd86d353acba80
ffn_out-16	16	0	1024x1x1x1	4096	pos0/ffn_out-16.f32	56b2943479b9613328569d64b2e46fef771a4776e3b743083724fcffe037867c
l_out-16	16	0	1024x1x1x1	4096	pos0/l_out-16.f32	5435a284203236396d3c3688660ce7553e300430cda924253b4ffe15ac335a74
attn_norm-17	17	0	1024x1x1x1	4096	pos0/attn_norm-17.f32	ab006450fb6d88f55fc08df84256c8babac1e4759eb7e22ad4d10ff49f547b28
conv_output_silu-17	17	0	6144x1x1x1	24576	pos0/conv_output_silu-17.f32	2d9d5c7f6ec750f13b8fc96d9eb27f0ce307add0598a579b9c62d8941c21bdc6
q_conv_predelta-17	17	0	128x16x1x1	8192	pos0/q_conv_predelta-17.f32	0263db4383d015f26d33bc2dbd1a63299be23f0a93c6c7cf0eb757c73ac1f151
k_conv_predelta-17	17	0	128x16x1x1	8192	pos0/k_conv_predelta-17.f32	d4dbe345d597eb263b0e6d358443f24baf26416ff16f8815c527ba9f6b9bed02
v_conv_predelta-17	17	0	128x16x1x1	8192	pos0/v_conv_predelta-17.f32	b750486bfb8bf98d7447cbe4361acdb7cd8fdfbb61860f89307a01776a8262d8
a_softplus-17	17	0	16x1x1x1	64	pos0/a_softplus-17.f32	ccccd348cfa80489b8e59cb57c3ac33663c83300c9f105658a285a9f55928035
gate-17	17	0	16x1x1x1	64	pos0/gate-17.f32	243ec1e3b017c3b7c5e3150fa18e07453a0b196bc9d64d5c89b0e0f412c0495f
beta_sigmoid-17	17	0	1x16x1x1	64	pos0/beta_sigmoid-17.f32	25d4ef0b6b116bf3a31b6c934987ef8a95954060593ed5a6b0c724ae74a00d6a
state_predelta-17	17	0	128x128x16x1	1048576	pos0/state_predelta-17.f32	30e14955ebf1352266dc2ff8067e68104607e750abb9d3b36582b8af909fcb58
new_state-17	17	0	128x128x16x1	1048576	pos0/new_state-17.f32	bbade56c8c4e763486493ac7203e6e68262b4a0899ba21cccebcdd599b4967b1
attn_output-17	17	0	128x16x1x1	8192	pos0/attn_output-17.f32	7f1fbd3bc3c139ee743d7c937cf658f212b4255aa02ff3748e664c33e60a85b8
z-17	17	0	2048x1x1x1	8192	pos0/z-17.f32	22079e0d0a69c0df291869240aca10fba03aee982a2a7e6e3df04501f5296fea
final_output-17	17	0	2048x1x1x1	8192	pos0/final_output-17.f32	49acfc8ccdf21ec6841de42cb52db7822ba3eb0b19322588d5033973919cb7d5
linear_attn_out-17	17	0	1024x1x1x1	4096	pos0/linear_attn_out-17.f32	b789b96c663b7878435eb87798252be7de1841a7cbe35ee9c3d377056dc18b12
attn_residual-17	17	0	1024x1x1x1	4096	pos0/attn_residual-17.f32	b850c80298c0c0c82eaaf8234b978193b59df9b698084ffcb86246ee22682328
attn_post_norm-17	17	0	1024x1x1x1	4096	pos0/attn_post_norm-17.f32	653cd9458ed39ab4cb690edc6ea71dcdfd8970fde90925659021f992fd202980
ffn_out-17	17	0	1024x1x1x1	4096	pos0/ffn_out-17.f32	0b7fb4fc4f8fb7cf07cb09860b87b6056595f9c7c9afb2bf446949f89f27b106
l_out-17	17	0	1024x1x1x1	4096	pos0/l_out-17.f32	a5ad0cbd9a73163daa3fc58b92c31db5c05784e72d0196b06dd598c82ee76c79
attn_norm-18	18	0	1024x1x1x1	4096	pos0/attn_norm-18.f32	ee4bdf3c97cc12a73b3d6f61b33d8cc52fae3093285a265467096f19cac702b2
conv_output_silu-18	18	0	6144x1x1x1	24576	pos0/conv_output_silu-18.f32	02fe0b60dc7ac00d6490744867df2a4b366619d5defcb66d9b78225fc9d7d65f
q_conv_predelta-18	18	0	128x16x1x1	8192	pos0/q_conv_predelta-18.f32	104de94035d9072a17ebb26c34ef786ad68dce9613ec7aac82fcb7ad98e8ba05
k_conv_predelta-18	18	0	128x16x1x1	8192	pos0/k_conv_predelta-18.f32	af46b6676bd800788b76ab1f07e67190631d0cf60665ddc994cff74ef1ebdc8e
v_conv_predelta-18	18	0	128x16x1x1	8192	pos0/v_conv_predelta-18.f32	00b7ee73b0193c5d243b3c9e8d86ed60b7c33982fea6f8ac4fe002465685b9e9
a_softplus-18	18	0	16x1x1x1	64	pos0/a_softplus-18.f32	24e394208ed7ea142213909a730685b8b16626a227b5e90aa0ada5dfcb54e5a2
gate-18	18	0	16x1x1x1	64	pos0/gate-18.f32	9da5ef40a976f3b9c7065c93be6ed8aaa3f32ea9b36d4090b0d86b33ce1a8259
beta_sigmoid-18	18	0	1x16x1x1	64	pos0/beta_sigmoid-18.f32	45202ec795738bcb9361a5672d1c3dc2ccb102fa4dbea40a38bcfbdab493ffd0
state_predelta-18	18	0	128x128x16x1	1048576	pos0/state_predelta-18.f32	30e14955ebf1352266dc2ff8067e68104607e750abb9d3b36582b8af909fcb58
new_state-18	18	0	128x128x16x1	1048576	pos0/new_state-18.f32	39d5320005aa8c29f9626b11581424b16ac51f3483f218a7074badb44027ba3d
attn_output-18	18	0	128x16x1x1	8192	pos0/attn_output-18.f32	bd4acfdf03af5ff9245712844c74c9129b9385d84edca6f2e96423e6fa8bca46
z-18	18	0	2048x1x1x1	8192	pos0/z-18.f32	3921bcaa79416ad009dd1a424983e50e73dad82b7911f5592ae1c1144b951977
final_output-18	18	0	2048x1x1x1	8192	pos0/final_output-18.f32	c3f47eb742c49a6a212579ebb16ee26274a9c8f197dd85853705d74a1d8eb91f
linear_attn_out-18	18	0	1024x1x1x1	4096	pos0/linear_attn_out-18.f32	d2c01c38d2a3dcb2304cd2c0caaa0eb25c47caa46ad757f4c7ca470d01f55fbf
attn_residual-18	18	0	1024x1x1x1	4096	pos0/attn_residual-18.f32	ed0795eea47b7572894276fa5e1c5aa4f0725ada52e12cb9898776c3594a2b8e
attn_post_norm-18	18	0	1024x1x1x1	4096	pos0/attn_post_norm-18.f32	c258213a31349e55ede3f793e59cea40c53fdc4e052a47e671bf793b8efa5a3b
ffn_out-18	18	0	1024x1x1x1	4096	pos0/ffn_out-18.f32	28f7b745636aaa9b90ae161b7727fedd652e1083bf5fec9da468bc100e6ee527
l_out-18	18	0	1024x1x1x1	4096	pos0/l_out-18.f32	afb98210b3d24a515c2f32572375a6c9b065439d1e22af11001c7a0642ce7cfc
attn_norm-19	19	0	1024x1x1x1	4096	pos0/attn_norm-19.f32	77741db7930894b749d4dac0c08ddf69fae671b7e448e08eedadd58e2063755b
attn_pregate-19	19	0	2048x1x1x1	8192	pos0/attn_pregate-19.f32	d17f13db1a4b4a9eb987670103970acabf8faaa21e9038311e079460993138ea
attn_gated-19	19	0	2048x1x1x1	8192	pos0/attn_gated-19.f32	d0701cc6b03bde793e39bc56f79437f454a034813545c404e4ddba2fcbdfac5e
attn_output-19	19	0	1024x1x1x1	4096	pos0/attn_output-19.f32	c30e69b85bcff3ae3e9ede624bce2c6fb4867a6fd85b20bca6d975ef88b3ac2e
attn_residual-19	19	0	1024x1x1x1	4096	pos0/attn_residual-19.f32	924352b2008a7405b3e4937091f7df38648e6a2b6a36a7ff6306f07e765a7808
attn_post_norm-19	19	0	1024x1x1x1	4096	pos0/attn_post_norm-19.f32	b5b23ad380718ff6f3651ba3c6ff77dd00ad526f541e3609fc6a03d6b33e8799
ffn_out-19	19	0	1024x1x1x1	4096	pos0/ffn_out-19.f32	95aedf48f86f5eb664e8bfbb93fcb578e7164f7603fe278c8010f8e4d2148f0f
l_out-19	19	0	1024x1x1x1	4096	pos0/l_out-19.f32	a4e8e48eb3a7ddfaf054381473fe883bd875e7e4abd46c8cc113ad5f4eaf41ee
attn_norm-20	20	0	1024x1x1x1	4096	pos0/attn_norm-20.f32	88d6d0ab98ea0a9e4ebe018c888815807cebcb12abe54d31d7ab3ec91b0fbad1
conv_output_silu-20	20	0	6144x1x1x1	24576	pos0/conv_output_silu-20.f32	174dc38fee52b84b5ea33efbafcb4e3dba00b82b4f8c114cbda27aef00c05651
q_conv_predelta-20	20	0	128x16x1x1	8192	pos0/q_conv_predelta-20.f32	244986dfc881e341098fe641e0ea689b65b79943b708cf7f5f15c1d176cd58f8
k_conv_predelta-20	20	0	128x16x1x1	8192	pos0/k_conv_predelta-20.f32	12b2504d986708c51658daaadf2164ba6f494c79b11f7440ee39d257883ed541
v_conv_predelta-20	20	0	128x16x1x1	8192	pos0/v_conv_predelta-20.f32	544c3eee3c6a5009d1d5bcd8fac8800f05f14726f5284f6a8416d78cbf228d74
a_softplus-20	20	0	16x1x1x1	64	pos0/a_softplus-20.f32	6992cf174606a170c8c0fb617566b2cfe7bbd5a5e0baedacc7886797bbcfff56
gate-20	20	0	16x1x1x1	64	pos0/gate-20.f32	197ca0d32e0db1e47551f51f08ac53ebfdddd1a2a18efb7c72233629ef9c4720
beta_sigmoid-20	20	0	1x16x1x1	64	pos0/beta_sigmoid-20.f32	b31c32ba1dfbebb30b0ca73e0412050211d05a3434ce0e3269a15772f6392bf4
state_predelta-20	20	0	128x128x16x1	1048576	pos0/state_predelta-20.f32	30e14955ebf1352266dc2ff8067e68104607e750abb9d3b36582b8af909fcb58
new_state-20	20	0	128x128x16x1	1048576	pos0/new_state-20.f32	764b63c5b6c5f3b0d38e1791c2d3fc27fbec60007249340bde29400131d71e9a
attn_output-20	20	0	128x16x1x1	8192	pos0/attn_output-20.f32	2960ab2cb5bff40ef4cb37764d8d1dbf391d4e6ed5a604d8af5dc5c6cf6e3b0c
z-20	20	0	2048x1x1x1	8192	pos0/z-20.f32	e829032c51b27f05b31bea6af41695c24a8b00941b976d0143902d36961052a8
final_output-20	20	0	2048x1x1x1	8192	pos0/final_output-20.f32	96aa2c312839301d27eb4c218ec5831511eb76cf141262658bf1206e810855c3
linear_attn_out-20	20	0	1024x1x1x1	4096	pos0/linear_attn_out-20.f32	feb075bf04bbbed2ccfab454e65df76fadc546056d864766413521ad65e240ee
attn_residual-20	20	0	1024x1x1x1	4096	pos0/attn_residual-20.f32	cbba2f3175524d01c83ffe3d3308aee159c587ccd8f451f3f9edaeb307662f15
attn_post_norm-20	20	0	1024x1x1x1	4096	pos0/attn_post_norm-20.f32	c1a43f352bfb57abb3f74ba1536cccfd26bdb2b8ed5cf37c25f58bb4d0678220
ffn_out-20	20	0	1024x1x1x1	4096	pos0/ffn_out-20.f32	58799ce6d6e1c932e7e3a3b643af1a8257306d0585f3ab0d8a40caddedb12ef0
l_out-20	20	0	1024x1x1x1	4096	pos0/l_out-20.f32	fe3fb5a1b04f2ed8f5a371644599a1d346de2972494ba62cf6834ebdf43a58ef
attn_norm-21	21	0	1024x1x1x1	4096	pos0/attn_norm-21.f32	962d5e4404ea83782a5eba84c7954d873910fafe9729d9e04e615aed0048b551
conv_output_silu-21	21	0	6144x1x1x1	24576	pos0/conv_output_silu-21.f32	9ad5b8fb93cd4cf929faab052ec888d4b33e72959ccebf401eebddd0ff050c97
q_conv_predelta-21	21	0	128x16x1x1	8192	pos0/q_conv_predelta-21.f32	3560f1a7f66a80b0ea75a2a63a42a5e57bee1902bdee76d600bccd773d320865
k_conv_predelta-21	21	0	128x16x1x1	8192	pos0/k_conv_predelta-21.f32	c258e0b729d1c760418b66c1a361d3497a4cbdb721f0bf834c163e23bbfb0d2f
v_conv_predelta-21	21	0	128x16x1x1	8192	pos0/v_conv_predelta-21.f32	822de18c68fd74f7370aeb8dee3515dca2735454ae2b9ef94119750d10ff37a0
a_softplus-21	21	0	16x1x1x1	64	pos0/a_softplus-21.f32	b20128f79671edc61457b7972c7d06153b60da06b3a2fffe3a36466a361af97f
gate-21	21	0	16x1x1x1	64	pos0/gate-21.f32	45cf153479c1142512cec5ee24d9b92e155ebb837710a348ff6903902e240ecb
beta_sigmoid-21	21	0	1x16x1x1	64	pos0/beta_sigmoid-21.f32	d586037ef8476886cf8c09dbf9e77edc5069cd90fd94a0071199852210a904fe
state_predelta-21	21	0	128x128x16x1	1048576	pos0/state_predelta-21.f32	30e14955ebf1352266dc2ff8067e68104607e750abb9d3b36582b8af909fcb58
new_state-21	21	0	128x128x16x1	1048576	pos0/new_state-21.f32	1cb1afddccc4caf861fdf89f82fcc3eb8c1ddbc23fb633914ba1bb5fcc28890a
attn_output-21	21	0	128x16x1x1	8192	pos0/attn_output-21.f32	744724e28bb69f5b9a9b2669f399ec5d199f10ac468728b101e412bb178b5240
z-21	21	0	2048x1x1x1	8192	pos0/z-21.f32	00dcf42c9667e2c9f783fff3c84ab592a55d9c0229bf84eec11aab634520b326
final_output-21	21	0	2048x1x1x1	8192	pos0/final_output-21.f32	abfaa6c8606fcabbc75fa23620b13b80e2aa8989b734a627d08b721681761f7c
linear_attn_out-21	21	0	1024x1x1x1	4096	pos0/linear_attn_out-21.f32	7eb85bcf43fcd1fcede9354bc55d20eb1e194fb14ce92bf0de7a686f5be924f8
attn_residual-21	21	0	1024x1x1x1	4096	pos0/attn_residual-21.f32	4f72b7b4256f8dbd6dab6fcf22853677bd31c772696dd7026f8b4b91737f8762
attn_post_norm-21	21	0	1024x1x1x1	4096	pos0/attn_post_norm-21.f32	49d6cc93b0aa2091731b9804781d8fcfdd92cdfabe9820f27bf4e820792af0af
ffn_out-21	21	0	1024x1x1x1	4096	pos0/ffn_out-21.f32	2739f5e53c769a05fe0afed167e2a823616989a5d521ad14e03137b56b1b4c32
l_out-21	21	0	1024x1x1x1	4096	pos0/l_out-21.f32	5ba679e50382c384f8541df766869c7141820f03350432b2c41907451a9d6a77
attn_norm-22	22	0	1024x1x1x1	4096	pos0/attn_norm-22.f32	386455e61274e34e74694f20a0f4916a155f6505081c252393115784ed6be0f3
conv_output_silu-22	22	0	6144x1x1x1	24576	pos0/conv_output_silu-22.f32	fbf4757b7dbd736519c0c71eba35fd7735d2fc226b48b92ab32fb6a5b3e7ae89
q_conv_predelta-22	22	0	128x16x1x1	8192	pos0/q_conv_predelta-22.f32	4b7c0860db2d0c48888d551e0b3c9e48c29b1da0adb0a414230efc8bc14e1741
k_conv_predelta-22	22	0	128x16x1x1	8192	pos0/k_conv_predelta-22.f32	6cb3f1a29ec70e4c53837c04cd6f2e5e0834c1b943c840381b37c2751ede10ac
v_conv_predelta-22	22	0	128x16x1x1	8192	pos0/v_conv_predelta-22.f32	a0f93acbbf3f685db8f409af4593e3e1a557c817f31c396f1ee3192963a7f8b0
a_softplus-22	22	0	16x1x1x1	64	pos0/a_softplus-22.f32	63f0cacdf26a21d0b4eec1b2cddd25d5643352b3b0255c2ab91ce3f824bd2d4e
gate-22	22	0	16x1x1x1	64	pos0/gate-22.f32	054dd970d4694ded87a35020d18c1c09c364161be85532988d759fa62a41bc27
beta_sigmoid-22	22	0	1x16x1x1	64	pos0/beta_sigmoid-22.f32	0b9dbd9aa49a57aad86765cc3c22f93db22ea5134539fcff726e48a89de86247
state_predelta-22	22	0	128x128x16x1	1048576	pos0/state_predelta-22.f32	30e14955ebf1352266dc2ff8067e68104607e750abb9d3b36582b8af909fcb58
new_state-22	22	0	128x128x16x1	1048576	pos0/new_state-22.f32	1ad4386bccc75197c822017b69d111dba60c5b513d5e4223f09550aa6255408f
attn_output-22	22	0	128x16x1x1	8192	pos0/attn_output-22.f32	ff003759e9b3a2bb0c27e124e1e6562075294caa493469debb6edc5f62abc03e
z-22	22	0	2048x1x1x1	8192	pos0/z-22.f32	ab86de12e592a1a0d246feeb5e7b90485b2aa67753219f134d55fa5b17460fa9
final_output-22	22	0	2048x1x1x1	8192	pos0/final_output-22.f32	b3da2436f58f297810aba035f2fb4018c8c5d5952777a606021618e132164abb
linear_attn_out-22	22	0	1024x1x1x1	4096	pos0/linear_attn_out-22.f32	ec5981124fa4d24414b8a67f21a18af67254b50ca9412ec511f5d1b3b5912829
attn_residual-22	22	0	1024x1x1x1	4096	pos0/attn_residual-22.f32	cde236599481ee78e83f6c92e9bf0faf73df233b0e82ce8018ae24deb9d79a23
attn_post_norm-22	22	0	1024x1x1x1	4096	pos0/attn_post_norm-22.f32	bd2378fbdd1f1b460f0fdbd3c3d13d15d9a2421bfdbcce34cce797c377d9d554
ffn_out-22	22	0	1024x1x1x1	4096	pos0/ffn_out-22.f32	c2fc0b567887f1cb3e1a78f68a5a4420a404b9c71d77c50ce6f09fc3d28cdb42
l_out-22	22	0	1024x1x1x1	4096	pos0/l_out-22.f32	e845769ae97dc78adc83c3325687a74ba8c43828a4f1e7f03170413ce0ca74bb
attn_norm-23	23	0	1024x1x1x1	4096	pos0/attn_norm-23.f32	faf25af6b300943fab84c66d2e7afe22d7edae55d2e8ac07cacc41b9b7c45515
attn_pregate-23	23	0	2048x1x1x1	8192	pos0/attn_pregate-23.f32	b44da6125039a3bae3bd53a4b7a9b0b14516185064515452d1827e3f777a3b0b
attn_gated-23	23	0	2048x1x1x1	8192	pos0/attn_gated-23.f32	87b5d4e39f13b68c60c5ef473b3b37b42e217710d7f9290f98d86cfdf32bdd33
attn_output-23	23	0	1024x1x1x1	4096	pos0/attn_output-23.f32	daebcc1775b5464151106d3ca27d7fb000aaae86d1895ce9f212dc2292f12e47
attn_residual-23	23	0	1024x1x1x1	4096	pos0/attn_residual-23.f32	aa70c81b0ab36ef1188f00fbd3e4d488d888e3e10f37466bc966f37ca5187d30
attn_post_norm-23	23	0	1024x1x1x1	4096	pos0/attn_post_norm-23.f32	d1d891c351a3a79b0d07c76cd69d040c22951772bb7054c1e20ba526f5682928
ffn_out-23	23	0	1024x1x1x1	4096	pos0/ffn_out-23.f32	b6d4c2fce4af6429d8631420e8063ce164215f818a3a2543fe221fbd31b2cfda
l_out-23	23	0	1024x1x1x1	4096	pos0/l_out-23.f32	122bcb4fc7bc969c204229865793067a29224e4df850e1f235e9eba50cd32ba5
result_norm	-1	0	1024x1x1x1	4096	pos0/result_norm.f32	2862235980fbadb80b7355ea7d97e33829e8c4e82a581cc639a062891145e013
result_output	-1	0	248320x1x1x1	993280	pos0/result_output.f32	37f8a143364cdbf23de2ef6dd05557099d4bca0305620f1948b477a4a1590519
model.input_embed	-1	1	1024x1x1x1	4096	pos1/model.input_embed.f32	b9fec06cea4b14fb090020ae1ec69a8df58ad272fccdd2bc47423ccc8d689538
attn_norm-0	0	1	1024x1x1x1	4096	pos1/attn_norm-0.f32	3c18e4294c4019ec840bf442b43b7d26eddeea559e01c029ad8641376e0cc2fd
conv_output_silu-0	0	1	6144x1x1x1	24576	pos1/conv_output_silu-0.f32	1e773a408836a4c9c2ac16267d6dd714ea738112159c8ab507253317ea6c9b77
q_conv_predelta-0	0	1	128x16x1x1	8192	pos1/q_conv_predelta-0.f32	5d56213e492a77fe17bede7179e7c2c2077ebdf4682fae35495a5096c6528276
k_conv_predelta-0	0	1	128x16x1x1	8192	pos1/k_conv_predelta-0.f32	c528aaa730335c727c8709cd6441b10e23e38c65b8dbc9d6dec6e5a12ef1a6eb
v_conv_predelta-0	0	1	128x16x1x1	8192	pos1/v_conv_predelta-0.f32	c4c4e05ceb83afc81c8c13861fa4c07f07da2400213725bf4cf64ad00a0271e7
a_softplus-0	0	1	16x1x1x1	64	pos1/a_softplus-0.f32	3898faa7037f9bdf1c3589b12b15339f3b973fdc5d178c6f3ba903057f0d58d0
gate-0	0	1	16x1x1x1	64	pos1/gate-0.f32	2b8439b13060c1129d486d51797546d958290d30f860d425f6dfb93429cc75ce
beta_sigmoid-0	0	1	1x16x1x1	64	pos1/beta_sigmoid-0.f32	110f563eeb5c0669d4842982d6088d72a36dfef1587cc1dd992415c8fba63143
state_predelta-0	0	1	128x128x16x1	1048576	pos1/state_predelta-0.f32	99d37fceeeb6cfc80199967703c7e91cd1425cb85fdbb1106257ea046474d5f6
new_state-0	0	1	128x128x16x1	1048576	pos1/new_state-0.f32	417ef097c4eb41e1d6b8f37b80045e0463816ad93f2f1e15118414b7bbac8faa
attn_output-0	0	1	128x16x1x1	8192	pos1/attn_output-0.f32	e61ba66ff0c8be9775bd783b01b01c92fae6d04ece6b222f921f5ecdc801cf5f
z-0	0	1	2048x1x1x1	8192	pos1/z-0.f32	a90734bfbd59eb861fe95c5291ca409fc4f3776ebfe6754e17b8f19ec41960af
final_output-0	0	1	2048x1x1x1	8192	pos1/final_output-0.f32	ed2fd662232cdc6dd21ebfcde2c7604ae2f1cbcba37d8f26d265f0f08b3c8d04
linear_attn_out-0	0	1	1024x1x1x1	4096	pos1/linear_attn_out-0.f32	9d8a0357bea62da3691855eec6ed6f75ee68fdca8040f60452724827d94c250a
attn_residual-0	0	1	1024x1x1x1	4096	pos1/attn_residual-0.f32	28dcb934d36e0f9af7ba0cc84d72dcf2c7c4e04c63370395f0d4f45424515a82
attn_post_norm-0	0	1	1024x1x1x1	4096	pos1/attn_post_norm-0.f32	a02a2da221743f9dffd10dae32ababfca5f4b1c9c17a5d0cd8a9ecb5cd5065ab
ffn_out-0	0	1	1024x1x1x1	4096	pos1/ffn_out-0.f32	de2ba8bc2f1e933b51ffc0ecd9fc0f70e84fd5d4dcf5c17d3e1ca788b5598f66
l_out-0	0	1	1024x1x1x1	4096	pos1/l_out-0.f32	fc42ec690fc2ed29328aeac52498e50a6aa7a9ea58983dace0489ecfba1e1246
attn_norm-1	1	1	1024x1x1x1	4096	pos1/attn_norm-1.f32	f3ca624f5fbf7fb51f9203aad6296b4304a29305ea7190bd468ddaec283f1d6d
conv_output_silu-1	1	1	6144x1x1x1	24576	pos1/conv_output_silu-1.f32	2b5d8cb41ec48e71bbddbfbaf314124d3e028e3f649547f39b30457df108637c
q_conv_predelta-1	1	1	128x16x1x1	8192	pos1/q_conv_predelta-1.f32	8979a559779d75fa0231f9dda465b6653a2ed5893b55d0de0415c03c2c1e8148
k_conv_predelta-1	1	1	128x16x1x1	8192	pos1/k_conv_predelta-1.f32	67141db7e62dca0aa0ae05040b704db346cff7c45e2b086183be7b71596382bb
v_conv_predelta-1	1	1	128x16x1x1	8192	pos1/v_conv_predelta-1.f32	288f8b00e59c6077f34965f7186e6808c0a969788b57fb238124a877846c112e
a_softplus-1	1	1	16x1x1x1	64	pos1/a_softplus-1.f32	626889bd24bb0693ba57f02afda532d06ad729ba60ec61579f2b95d8c656231b
gate-1	1	1	16x1x1x1	64	pos1/gate-1.f32	81f719aab1d70be93b7e18f6a4ad4a0d62d351c358c7709b5a9647c5431b430f
beta_sigmoid-1	1	1	1x16x1x1	64	pos1/beta_sigmoid-1.f32	90a4bf8a7e369a9c0f92530dd5342da4b0a132b5df47aca611c17eb2b372b851
state_predelta-1	1	1	128x128x16x1	1048576	pos1/state_predelta-1.f32	296bf16c0cdd0582d2151719db990641666a6654799cda2b39941a9d272ddbbd
new_state-1	1	1	128x128x16x1	1048576	pos1/new_state-1.f32	c9104034fc93a725605c5e65ed36c481457428876c57c6f49893d690a331ac88
attn_output-1	1	1	128x16x1x1	8192	pos1/attn_output-1.f32	bbab316cfe2b0088167830e0144886bd784529cd5f4ac2a53100fec6177065bf
z-1	1	1	2048x1x1x1	8192	pos1/z-1.f32	a63ab2d71574454fc391fa70b50cda6a40f3b47122c57a01134af88a9a46d614
final_output-1	1	1	2048x1x1x1	8192	pos1/final_output-1.f32	2f0d8ac60c865f2ddd2bb971b48157dfcf2f075bb506aadaeb6e2e8759b3a6fa
linear_attn_out-1	1	1	1024x1x1x1	4096	pos1/linear_attn_out-1.f32	22feb106e4184d84eb1c28937fa7c25ef99147b061a0b8135022830090fa47fd
attn_residual-1	1	1	1024x1x1x1	4096	pos1/attn_residual-1.f32	bb17d160fc6a52873f07f2bf9273cf59767dd906dc34b528d1cc775af6c42c20
attn_post_norm-1	1	1	1024x1x1x1	4096	pos1/attn_post_norm-1.f32	de17aa05fc3e5fe68c4537a87e34bd1709b75d20a489d6b2c7f928d0aef2f6f5
ffn_out-1	1	1	1024x1x1x1	4096	pos1/ffn_out-1.f32	d65b1ea13bf09fbf3c62154570fcd56bb3bffca2fdd06055fa0cc1fa13526c3c
l_out-1	1	1	1024x1x1x1	4096	pos1/l_out-1.f32	d4069ae978143808e06752bcb994c41fb25e583133b878d69cc60a9072f6ee34
attn_norm-2	2	1	1024x1x1x1	4096	pos1/attn_norm-2.f32	8e3cce15cbe70d4694f544a5204c984ac5253f87fe80e9cf731cc4427b330020
conv_output_silu-2	2	1	6144x1x1x1	24576	pos1/conv_output_silu-2.f32	1636892a1824ac3b0919fc398786729bb1541e0c0246478fd39077715ff14557
q_conv_predelta-2	2	1	128x16x1x1	8192	pos1/q_conv_predelta-2.f32	0bbb33bdf3df5d3818cb27e0b072c233119ebba97f2c0c460b056da280ffda6f
k_conv_predelta-2	2	1	128x16x1x1	8192	pos1/k_conv_predelta-2.f32	44756bd62d531640a4ab83a300860e00c9d5558bb68c8a18545b8eb665e94fdd
v_conv_predelta-2	2	1	128x16x1x1	8192	pos1/v_conv_predelta-2.f32	10488f6dee27b7e7bbccaddce98a98034a096d8307c43aae4dda719acc6e4ea3
a_softplus-2	2	1	16x1x1x1	64	pos1/a_softplus-2.f32	1aa5f39fb196bb21afcaf8b3a80673a3fe025cd1288d94f3fee685390f13d500
gate-2	2	1	16x1x1x1	64	pos1/gate-2.f32	4cd4e62114d107bdaad55888f72da581f394e1280757bbd0290780bd8abb1f37
beta_sigmoid-2	2	1	1x16x1x1	64	pos1/beta_sigmoid-2.f32	2b5a60152eb2a24a2d90cc74602f48be48e1ab8da054b67c98d12824b47022eb
state_predelta-2	2	1	128x128x16x1	1048576	pos1/state_predelta-2.f32	7e2fb1580786d56c4d80cb66388d209115d92a62d57ac604367960c505d9283c
new_state-2	2	1	128x128x16x1	1048576	pos1/new_state-2.f32	cb9a6a32d44871ec5ff3998bbef52c5ab5f6da60fa669ffbfcd0da621a841be6
attn_output-2	2	1	128x16x1x1	8192	pos1/attn_output-2.f32	9ab44a34f7073816ada6e4a8503b5109327594f6a682cf665ca3322f31b1c3b4
z-2	2	1	2048x1x1x1	8192	pos1/z-2.f32	5ed810b71f01af218a1213e7b639b55dec1514838a1847eb29bd8db4ef508f99
final_output-2	2	1	2048x1x1x1	8192	pos1/final_output-2.f32	e6e5ca88aceddef5593bd22022a5303190c9e8fe71f0c4faf3ac050d26532ec2
linear_attn_out-2	2	1	1024x1x1x1	4096	pos1/linear_attn_out-2.f32	b12405cc8e079c0c36b1ea77246100819ad384e1c8c0f94e5c9af98ab61dd938
attn_residual-2	2	1	1024x1x1x1	4096	pos1/attn_residual-2.f32	6f621abc9523e107c563002335f8432ed7b16ec0f7acd06495ed681bd409a96d
attn_post_norm-2	2	1	1024x1x1x1	4096	pos1/attn_post_norm-2.f32	46377ba064a8c7b81b8814d43a7fa6c74bf203f0d50719852d8dbff3922dea4e
ffn_out-2	2	1	1024x1x1x1	4096	pos1/ffn_out-2.f32	55e9c234442581533257f296d0ab6533d64caacef31e26f3adfa9abf0479cf21
l_out-2	2	1	1024x1x1x1	4096	pos1/l_out-2.f32	f061ba6158c2b58f1f58312151d8131fe6d2fe1d022c6f4b2f636ca2870a985d
attn_norm-3	3	1	1024x1x1x1	4096	pos1/attn_norm-3.f32	a0cf04145d77387a7a7249ecf5460a9e4256b2217bc1898c9a61eb4607948f4e
attn_pregate-3	3	1	2048x1x1x1	8192	pos1/attn_pregate-3.f32	00411b264ad53130a2a29226327ce94c82b67e5b122655c87b67c089ee44d47b
attn_gated-3	3	1	2048x1x1x1	8192	pos1/attn_gated-3.f32	e082b2da9ca75a2a24c6e0cf11013e2d37544a7d38f815d960aa035168229f60
attn_output-3	3	1	1024x1x1x1	4096	pos1/attn_output-3.f32	4c005978312d3ea1df0da4668a7f6fb7ac46965ec0f6e02beb6603f550e8b766
attn_residual-3	3	1	1024x1x1x1	4096	pos1/attn_residual-3.f32	174fec039ec21874168b86e2807b0b14e3c86d42b378ffacfc2c9388882c81d0
attn_post_norm-3	3	1	1024x1x1x1	4096	pos1/attn_post_norm-3.f32	db513503f929550b82e7c32a9526af7fb40854c5d2246ce9495a8798f49e2237
ffn_out-3	3	1	1024x1x1x1	4096	pos1/ffn_out-3.f32	04fd9c0fa162c8ead50a4466f8884e2ac0ceddfd791767c2e18d04904ad58fcf
l_out-3	3	1	1024x1x1x1	4096	pos1/l_out-3.f32	54aba011047f6ed28b33a739b0ca0713fe9b8d269c26d88876d7dd466175cbea
attn_norm-4	4	1	1024x1x1x1	4096	pos1/attn_norm-4.f32	153ea0d2990d68fbfb0ecea74b3949bdb7ef778f01ab6915a4767817e72f118d
conv_output_silu-4	4	1	6144x1x1x1	24576	pos1/conv_output_silu-4.f32	75b1d6a87130e3b882d45bc7d8e7742ebb19b15a37c0033d6df00710946a6f55
q_conv_predelta-4	4	1	128x16x1x1	8192	pos1/q_conv_predelta-4.f32	07f053a4a851428ea62b12ac35e2069536563e5dfadea95c45672b865243a537
k_conv_predelta-4	4	1	128x16x1x1	8192	pos1/k_conv_predelta-4.f32	08589062bb6ae3c7f44f8146dbdd87d15e401f9dc304198f099cfe036e9f1ce4
v_conv_predelta-4	4	1	128x16x1x1	8192	pos1/v_conv_predelta-4.f32	02efb6ff552819cdee388c44c26d62edd896431ddab7520167129805da3f256d
a_softplus-4	4	1	16x1x1x1	64	pos1/a_softplus-4.f32	ef46af10e81467c728b5907e6298e7cabc4fb1e5202c7885d0097218873ee1e5
gate-4	4	1	16x1x1x1	64	pos1/gate-4.f32	0fbcbffce946ea0b0f268ca6b85bafe33748907b1b49f27a50d7e0c1b4e54011
beta_sigmoid-4	4	1	1x16x1x1	64	pos1/beta_sigmoid-4.f32	dd7bc4c31bad85f676efd4ec71c88f520f7f19f556429864d8f315801d8f3813
state_predelta-4	4	1	128x128x16x1	1048576	pos1/state_predelta-4.f32	4b58cf855885dcf591138c1a3cc52e23baa8a12b9bf06d435fd3d0039560711b
new_state-4	4	1	128x128x16x1	1048576	pos1/new_state-4.f32	f4ebe842f98373c79143b5a6ba4818e6855434645707414dcce34d2c7ea77f4d
attn_output-4	4	1	128x16x1x1	8192	pos1/attn_output-4.f32	db453d9d762f8df33236f2b776fdddc791a49c7511bce959da48323a33d51733
z-4	4	1	2048x1x1x1	8192	pos1/z-4.f32	2d81a35bbc52dbcfc15ac7f02bfda9c66b7c72c38220ea78568eff144da214c2
final_output-4	4	1	2048x1x1x1	8192	pos1/final_output-4.f32	80889daa5e9b16989368a1647eedb370778322e6a03244664925028980ff3b5c
linear_attn_out-4	4	1	1024x1x1x1	4096	pos1/linear_attn_out-4.f32	66a261ef8b384f65279fab434a04251ffb82b40faf6015e064c96e1d922ba117
attn_residual-4	4	1	1024x1x1x1	4096	pos1/attn_residual-4.f32	50e10b2b44d870fddd05daa61596e72704669ad43b0abf6707a8f267f343413f
attn_post_norm-4	4	1	1024x1x1x1	4096	pos1/attn_post_norm-4.f32	d09d04765bb8cc6ca9b79abff0659db114a408c2416f19e57b9eb0fbf8649f2d
ffn_out-4	4	1	1024x1x1x1	4096	pos1/ffn_out-4.f32	4a2357cc1b21fe2d5c95bc59da2afd52020f79cb03517ea45a1c5a30cd01d360
l_out-4	4	1	1024x1x1x1	4096	pos1/l_out-4.f32	a8c662466462737ee82a42069ee148e4920b62ed3ecb4dd3a924aafc5405dc33
attn_norm-5	5	1	1024x1x1x1	4096	pos1/attn_norm-5.f32	4eda99521bf7cdf94f81e3b45cf1c3eac1ba1da87750d4835a3cc08eabc16c68
conv_output_silu-5	5	1	6144x1x1x1	24576	pos1/conv_output_silu-5.f32	6ffe251293513ae5a9ab4e91827ad5b411a3fb0f8f0c7db18564e56f4c0d2e20
q_conv_predelta-5	5	1	128x16x1x1	8192	pos1/q_conv_predelta-5.f32	525a5815bf4c6a554d2f9038c827628e73791a94ca818d310a89ec875b779483
k_conv_predelta-5	5	1	128x16x1x1	8192	pos1/k_conv_predelta-5.f32	b36d167a6ecb89e713fcb349f7076cf3f2714ddf5039a5c2ae7908744f3b5864
v_conv_predelta-5	5	1	128x16x1x1	8192	pos1/v_conv_predelta-5.f32	ba73b5bdeed5ea269024a9c8450f08cdae6dcca384027923566e5fc568dc041b
a_softplus-5	5	1	16x1x1x1	64	pos1/a_softplus-5.f32	c2c8d5b56787a246b0a03524dd78435023ff1a1bb40b7d9d17fd46c08d4f07c7
gate-5	5	1	16x1x1x1	64	pos1/gate-5.f32	8ef140b63e84747e1d8a950ac1805b26c79851d2f3be227a23c04e7870f614c0
beta_sigmoid-5	5	1	1x16x1x1	64	pos1/beta_sigmoid-5.f32	cbd3268243d2241a35c6dd99dd3e9641784bb07d470fcf85441df321ae047400
state_predelta-5	5	1	128x128x16x1	1048576	pos1/state_predelta-5.f32	9345c2ffa015e55ebaaeb43f02ba54201f380e8279555ecda016708ba25ac4b8
new_state-5	5	1	128x128x16x1	1048576	pos1/new_state-5.f32	b6d4f5b93260629196fcc3c571205151437f7d3ebf48c606caf96945d115d009
attn_output-5	5	1	128x16x1x1	8192	pos1/attn_output-5.f32	cdf7b46d66154f29574f8a7ed8703ab5cf3c67b2fc11077da4037d351d8854dc
z-5	5	1	2048x1x1x1	8192	pos1/z-5.f32	d3eeb0f82eabcb0a9b8c3f6838ee4e90a90b5e8beea21504f8d9639eb5ec17ba
final_output-5	5	1	2048x1x1x1	8192	pos1/final_output-5.f32	0a870dab6d72609f2ce05eed51ec202e18893fff286195ee1848cabe99142c52
linear_attn_out-5	5	1	1024x1x1x1	4096	pos1/linear_attn_out-5.f32	a413da6e7889ff0d0590737f0503cb3263ce0beeb81e6b21254da670e16b4336
attn_residual-5	5	1	1024x1x1x1	4096	pos1/attn_residual-5.f32	c5b5b8c62338d843f929ef3fba76d9566622b10db310135f469cf67b6054b312
attn_post_norm-5	5	1	1024x1x1x1	4096	pos1/attn_post_norm-5.f32	5bc9c827e6c2400171052b12101675a8c0046443a37597c98b522686bbe707b0
ffn_out-5	5	1	1024x1x1x1	4096	pos1/ffn_out-5.f32	84ece083bb15c93d9edaeaf3106e3a4bddd92e53f4037a85ea0aba24bc4b508b
l_out-5	5	1	1024x1x1x1	4096	pos1/l_out-5.f32	0f80f874fdb00e685b9f1a04c525ffea9ea023cd9d66eec32dbfba16c9d9f63e
attn_norm-6	6	1	1024x1x1x1	4096	pos1/attn_norm-6.f32	2ecb6e3473e095fd6111cdd5437592db58716ffaa75096f6dfb433749a770972
conv_output_silu-6	6	1	6144x1x1x1	24576	pos1/conv_output_silu-6.f32	a58a1917eea4f21ec71424a6c4ed9944625b42f68895de181e74f5ea935e3504
q_conv_predelta-6	6	1	128x16x1x1	8192	pos1/q_conv_predelta-6.f32	681000196615e4b6849ce760665a7878ad63062405059d3b544a6551a6212d71
k_conv_predelta-6	6	1	128x16x1x1	8192	pos1/k_conv_predelta-6.f32	dc32ce7cb439d238b9f553c31d76fb89d51846000a6ca0e04ae677d21ada8d41
v_conv_predelta-6	6	1	128x16x1x1	8192	pos1/v_conv_predelta-6.f32	191f22f0177c4a0172c048e7066aac9d908a76eb675ebf98f394627c869e4a1c
a_softplus-6	6	1	16x1x1x1	64	pos1/a_softplus-6.f32	e75d24db6e671ed2d569203c3f5024d1ce36021de08cfd521cebfaced2a9d29b
gate-6	6	1	16x1x1x1	64	pos1/gate-6.f32	30789f16db4aa5d3b667fbbf35f8124b34010c53adc0b64fdec3e1c566b2039c
beta_sigmoid-6	6	1	1x16x1x1	64	pos1/beta_sigmoid-6.f32	08760cdc5aa4eea5f5341ab1b4a66518c187252c500a023fd6229c1521b93141
state_predelta-6	6	1	128x128x16x1	1048576	pos1/state_predelta-6.f32	3cd883c0cde9221c7984f85170d7058e14891ef3354c086ab751179feccdd00d
new_state-6	6	1	128x128x16x1	1048576	pos1/new_state-6.f32	55346ce83b48656820f4106f11a0da58d357833d4612efc565f5549033f386fe
attn_output-6	6	1	128x16x1x1	8192	pos1/attn_output-6.f32	6f9c0247a7b07b61d54ef0c3392befe51582a52cf192f4ce7ab459d5dfbbcce5
z-6	6	1	2048x1x1x1	8192	pos1/z-6.f32	c4be7d0e7637efe32207197675ed5a627968bfb99a945ec3fe9d6adca9f1ad66
final_output-6	6	1	2048x1x1x1	8192	pos1/final_output-6.f32	9f2d0ee276fd6e693e37605ba5360093569cbf6623fb076376923acf56d30153
linear_attn_out-6	6	1	1024x1x1x1	4096	pos1/linear_attn_out-6.f32	6d5253036d08867806315a3266223760597cd80a7e9bd248cfeb8d6794dda544
attn_residual-6	6	1	1024x1x1x1	4096	pos1/attn_residual-6.f32	c1a718f24a73ead004f22ca60c2260bfcc78aea035852d775354ca963d4de833
attn_post_norm-6	6	1	1024x1x1x1	4096	pos1/attn_post_norm-6.f32	2b09fc0430e88cf9ef170e9d1e79218daf75abc57a0942014b47937c657e681d
ffn_out-6	6	1	1024x1x1x1	4096	pos1/ffn_out-6.f32	7a165c001ccd74093d724d7da6d9e7a5012fb118df2c788521839912c95057e0
l_out-6	6	1	1024x1x1x1	4096	pos1/l_out-6.f32	4984f7fabb12e6ea75e57f1f7d0fe30ec90e15efe17d7d715d15f990607badbc
attn_norm-7	7	1	1024x1x1x1	4096	pos1/attn_norm-7.f32	8dc0697701359ace4b67e8efc1eec72c222ecad74d1d62ee038a4a500ff971fd
attn_pregate-7	7	1	2048x1x1x1	8192	pos1/attn_pregate-7.f32	f7ff48ceb6de918877d1bcf25a803f3486ed25df2c5bc9a0891a90cfbfdf695d
attn_gated-7	7	1	2048x1x1x1	8192	pos1/attn_gated-7.f32	43b3565ae16c90f80f6470b046f65eb0467660ac7df420f3ed724f5fa7e89359
attn_output-7	7	1	1024x1x1x1	4096	pos1/attn_output-7.f32	5fbb0d7140cda86039fda8c5fe72240f1f106417278abe5470d746e11d0437e3
attn_residual-7	7	1	1024x1x1x1	4096	pos1/attn_residual-7.f32	3f5bb212ebab5a42ed2bbd3ed58cf9e896794701124cfe05955fda567ee4c568
attn_post_norm-7	7	1	1024x1x1x1	4096	pos1/attn_post_norm-7.f32	c5035021f125ebfb5db1983cb70af54ab5b4e18868cf2b1b940c3a32ba2f6a9b
ffn_out-7	7	1	1024x1x1x1	4096	pos1/ffn_out-7.f32	e6c7025971c0693c055c06d6c968cc0b4ab2c270ba57a8f0245b90ef600a6752
l_out-7	7	1	1024x1x1x1	4096	pos1/l_out-7.f32	720ef16027ee18754fe97cdb48901f28c76a639664106a3df2c2e7fdaca8b710
attn_norm-8	8	1	1024x1x1x1	4096	pos1/attn_norm-8.f32	eaf4538d0dad633f747b0d6804d1afd5e9b6071bef1e432f4fceda45b8ab3e8c
conv_output_silu-8	8	1	6144x1x1x1	24576	pos1/conv_output_silu-8.f32	df8e35f2b776835572cf2dddc809240fef98bbf796882334bf3cc14e8dbd13b4
q_conv_predelta-8	8	1	128x16x1x1	8192	pos1/q_conv_predelta-8.f32	0ded6078e0c5bf32281cc9123317a55c28b9191489f99163ac41384ed0e5bb6d
k_conv_predelta-8	8	1	128x16x1x1	8192	pos1/k_conv_predelta-8.f32	7330c0b26cd87d2187b0a639a32e8a7d3ca3cd98f59788be7f058711ffbc86b4
v_conv_predelta-8	8	1	128x16x1x1	8192	pos1/v_conv_predelta-8.f32	5b16a890da29cb0cfd7a399bf6a1958f2c9281d24dd0f91d8bfa91e80de5900f
a_softplus-8	8	1	16x1x1x1	64	pos1/a_softplus-8.f32	176cfc6446b5120e2196344f4696f4c8fcf6de72af7f1fa4f42220d28ca75aa3
gate-8	8	1	16x1x1x1	64	pos1/gate-8.f32	fd12e5cacfbbe56a168155c7a91542347588f5f1da1a955345024542dedd562f
beta_sigmoid-8	8	1	1x16x1x1	64	pos1/beta_sigmoid-8.f32	1202b242f8743147e4352a1e8277f536051f216c962e09a87ec51b6657087de9
state_predelta-8	8	1	128x128x16x1	1048576	pos1/state_predelta-8.f32	3f6c329d5fd8c2c8eea90128af7e094733ea3e927b40985b02860dfcd16393db
new_state-8	8	1	128x128x16x1	1048576	pos1/new_state-8.f32	9c8154db0b5d11f36b96833730d0b600c6ebf9be47bcf57faa3608e33374766a
attn_output-8	8	1	128x16x1x1	8192	pos1/attn_output-8.f32	2965c236acda8cd209a66577804bfbc62a898eea59924fbd215d0af3ba75f86e
z-8	8	1	2048x1x1x1	8192	pos1/z-8.f32	1771fed647eaafdc441dd65459986e206489e60dbc2850d99a65984d10177623
final_output-8	8	1	2048x1x1x1	8192	pos1/final_output-8.f32	6e2f6c111e3443fc2e52c5a56ec13e3ac7eff6e84021dff20115263adaf30715
linear_attn_out-8	8	1	1024x1x1x1	4096	pos1/linear_attn_out-8.f32	f85e7c5258bdfc9435de84027da5ba159c68401237dcaa41d4f071d0a7975225
attn_residual-8	8	1	1024x1x1x1	4096	pos1/attn_residual-8.f32	ade691b3c045b91293c28a462525d6485159e54b0fc4536a399598ac29086c00
attn_post_norm-8	8	1	1024x1x1x1	4096	pos1/attn_post_norm-8.f32	ac08d0231f382a5ced106855944cb2a1be640f83a26a54719ddb0e8c482f455b
ffn_out-8	8	1	1024x1x1x1	4096	pos1/ffn_out-8.f32	74fb8c9071fddc472c266238fd31d686ffc24b0c110bb1667416fea84711b4fa
l_out-8	8	1	1024x1x1x1	4096	pos1/l_out-8.f32	2813ea0371ee44a85e3794c56ddd860c9a7688fc3f267250d8df94b45fad8748
attn_norm-9	9	1	1024x1x1x1	4096	pos1/attn_norm-9.f32	758e060317150c78a584e7e49182e50fbf2df64b649865564d13364a4a5b8f5b
conv_output_silu-9	9	1	6144x1x1x1	24576	pos1/conv_output_silu-9.f32	9a1b8437d930754efdc3cd1ed2b8809b40e0403fc1c1a2249fbb2fd167c5353e
q_conv_predelta-9	9	1	128x16x1x1	8192	pos1/q_conv_predelta-9.f32	6a676ee4d4a714826267a03252a2fdb58909aeee4670a47b336045c825083e4a
k_conv_predelta-9	9	1	128x16x1x1	8192	pos1/k_conv_predelta-9.f32	c0e231a5b4cc48e30deee1d9df1bec3319cc5c8c7aa8eb490d47d214719a70d9
v_conv_predelta-9	9	1	128x16x1x1	8192	pos1/v_conv_predelta-9.f32	7a1417cf090806c55d83c5f29acaa7e309515ef358453085ac939ab6d2864006
a_softplus-9	9	1	16x1x1x1	64	pos1/a_softplus-9.f32	41caf991587a5845e16c051ba13ee41523953edb46aba412a7b6e368b994a1ee
gate-9	9	1	16x1x1x1	64	pos1/gate-9.f32	171c4d5cf5cb09205bfcbaf1a8fbcda6bbe0fd8bb922c159ca45f64ead2e9696
beta_sigmoid-9	9	1	1x16x1x1	64	pos1/beta_sigmoid-9.f32	49940a5d3dff520778f39568f7c309dfe016e6bcb6bfcaf6911f88d3efc96be5
state_predelta-9	9	1	128x128x16x1	1048576	pos1/state_predelta-9.f32	5121c4f89f76fee3efb9708e47c8955a923dfa67d5054ccd64669267ca6cfa7b
new_state-9	9	1	128x128x16x1	1048576	pos1/new_state-9.f32	762a8b46c3d7754328a2c382e168876789178dd5814da68d87a4ffec0fcc990c
attn_output-9	9	1	128x16x1x1	8192	pos1/attn_output-9.f32	3b6e2d59e73e99a7510675ed574eaea106227eabdbdf8fbd838964c98ebff53b
z-9	9	1	2048x1x1x1	8192	pos1/z-9.f32	0878b388de2f70e4246e65b13397b90ed8e3457cdd938315eff367d4f887b5fe
final_output-9	9	1	2048x1x1x1	8192	pos1/final_output-9.f32	0541b4e6ef46897703b826eaebf944ddefb0f517914430344994802cce99e92f
linear_attn_out-9	9	1	1024x1x1x1	4096	pos1/linear_attn_out-9.f32	5d4635c482db530bfaacd1424a14c66b0140e6e3043b8f95500eca3bdfb7fb96
attn_residual-9	9	1	1024x1x1x1	4096	pos1/attn_residual-9.f32	2447b1b9e411ae739cd4e14bcc265bfa759712de96ff950a5c540d540961bf3e
attn_post_norm-9	9	1	1024x1x1x1	4096	pos1/attn_post_norm-9.f32	f7226367503849ba141a3ea1e14d220d31ba7efe72527fe64a2c765f7773472d
ffn_out-9	9	1	1024x1x1x1	4096	pos1/ffn_out-9.f32	af0208742f0ce2e1a793917bbebc602ba4baefb9a8f35cd4940b64e6de784165
l_out-9	9	1	1024x1x1x1	4096	pos1/l_out-9.f32	fc3b43cab7ba5c8ef8b4206311e9de517294f03a48f5996e150e98be8086683b
attn_norm-10	10	1	1024x1x1x1	4096	pos1/attn_norm-10.f32	0b63a1215ae77a2b92db9f386a5cd632bc7c7624a5c3fd4d2bd81152989ef035
conv_output_silu-10	10	1	6144x1x1x1	24576	pos1/conv_output_silu-10.f32	2b592f5d4d325d283e39304fe58980d59758996d5ccc3f56b4d16a07b5d292db
q_conv_predelta-10	10	1	128x16x1x1	8192	pos1/q_conv_predelta-10.f32	5d32b095be5ff4ed5f42c469ab4a7f9f561d977cd769f0950758d323a0a73fe4
k_conv_predelta-10	10	1	128x16x1x1	8192	pos1/k_conv_predelta-10.f32	02def258a3d5e92c137353d64cedb43412313838d14a9fa9e5d5acf1ccc622a6
v_conv_predelta-10	10	1	128x16x1x1	8192	pos1/v_conv_predelta-10.f32	d90d9aea149a69380877a36a738b9e75a441f88348f5d3a782c4697ae3d8c4e7
a_softplus-10	10	1	16x1x1x1	64	pos1/a_softplus-10.f32	c8f3c4a7e08cac44e957326b6866b222243f1bda4c6d6d9f69c1ab0213e88954
gate-10	10	1	16x1x1x1	64	pos1/gate-10.f32	a04e4a69f4a682905cb7ff0f3b09830a9d8600a246d1d3d7e9c05ff177f34deb
beta_sigmoid-10	10	1	1x16x1x1	64	pos1/beta_sigmoid-10.f32	2d07a58128be75cc64ab56c2c361c77d4dcd0e119862a5fb41243c4d3a49e931
state_predelta-10	10	1	128x128x16x1	1048576	pos1/state_predelta-10.f32	7bdeab381394bda883f4413ba97754d8affa5f18aad57c5035fdb503d4943100
new_state-10	10	1	128x128x16x1	1048576	pos1/new_state-10.f32	2e12f2012ec2a7b81599ea7f748c02b84aa329beaaca88fcee6855b3e2676ba5
attn_output-10	10	1	128x16x1x1	8192	pos1/attn_output-10.f32	259afc7bce41fb569ed74ec118d26bda74a5ed1b4abc1d29639ca7e9d9c6f065
z-10	10	1	2048x1x1x1	8192	pos1/z-10.f32	24cdfe02b9e57d81d27e780bc3d9046207420e12424fd1a4b7fddaed3020faf6
final_output-10	10	1	2048x1x1x1	8192	pos1/final_output-10.f32	e5842def834dad04fd12d7a4efc8ebf921a5140f65005287567983ccc9ccbb9b
linear_attn_out-10	10	1	1024x1x1x1	4096	pos1/linear_attn_out-10.f32	ef02b5a69fe3cef6e307d3f951d33c49f689c00b2a722c075488722be9db0c89
attn_residual-10	10	1	1024x1x1x1	4096	pos1/attn_residual-10.f32	68f1c12d4e75b4828c4ac90414b3a96b8ca47a4bfd7739d144f548e82a7f4ba9
attn_post_norm-10	10	1	1024x1x1x1	4096	pos1/attn_post_norm-10.f32	345f8cb79ce2c5870b2775fab3bebb48a67c913aec35ac1690693f69f0a710db
ffn_out-10	10	1	1024x1x1x1	4096	pos1/ffn_out-10.f32	5e1417bdaf3641aba8ba45113cfa7d809cb919930e33ffc9857325124c019c69
l_out-10	10	1	1024x1x1x1	4096	pos1/l_out-10.f32	780095fce1218e61d8fdb3493c9763a58a65d7571d38a038ee8e3b04b615cbec
attn_norm-11	11	1	1024x1x1x1	4096	pos1/attn_norm-11.f32	30e3da7ba2cc4c0ad0b35a021a8dad8f63d278c852991ac229637cfaa7ab9e2d
attn_pregate-11	11	1	2048x1x1x1	8192	pos1/attn_pregate-11.f32	dea1453f6a429a6607ba3d0153a290582f58da5ca49c9be269c1f4661da82d4a
attn_gated-11	11	1	2048x1x1x1	8192	pos1/attn_gated-11.f32	7e020a3a89271191e43e5029d3ef8ecd5036fea60d7951c605b5257311f5beb1
attn_output-11	11	1	1024x1x1x1	4096	pos1/attn_output-11.f32	1a1f2dc3fcc85c6ed5cccc3ae5047f2c638a56d43f9b85440ca64fa2b078f989
attn_residual-11	11	1	1024x1x1x1	4096	pos1/attn_residual-11.f32	c98ce4ba753b19bac6774f9c17f706cd9af1d92dc8e881e588e2c5a56b7046f3
attn_post_norm-11	11	1	1024x1x1x1	4096	pos1/attn_post_norm-11.f32	dd5b696ec22be3596a6ad3cf71335acc30cf022c951d082489bb90917582c52e
ffn_out-11	11	1	1024x1x1x1	4096	pos1/ffn_out-11.f32	09e93bee35372a0138288bed17c7c3ef6ad90ecbf0565920a612770630bcbf1d
l_out-11	11	1	1024x1x1x1	4096	pos1/l_out-11.f32	18bcfb621c8a79de269642743e5d351df05e82d970e0c6fb8ec1b7beaba6f746
attn_norm-12	12	1	1024x1x1x1	4096	pos1/attn_norm-12.f32	29aa2972828c3d8ee7be974c135245d3f79acda6c8b4c0889f515601b1d2ff51
conv_output_silu-12	12	1	6144x1x1x1	24576	pos1/conv_output_silu-12.f32	be69b5b9b445ea3379020dc880113064b04289b50101bf7d589a8b93d1cd33c3
q_conv_predelta-12	12	1	128x16x1x1	8192	pos1/q_conv_predelta-12.f32	52488e4a99984bd556af262683520a15d3eb1880a0bcef8d7a42821e8285ac55
k_conv_predelta-12	12	1	128x16x1x1	8192	pos1/k_conv_predelta-12.f32	a13b8e05545b78fc1b197ed4b8cccde23869b3aef0e76b2163d444fc516fe096
v_conv_predelta-12	12	1	128x16x1x1	8192	pos1/v_conv_predelta-12.f32	747c36ed06f6d35bf62515a6f74351832855622a5835962499a6aa8844ae847b
a_softplus-12	12	1	16x1x1x1	64	pos1/a_softplus-12.f32	48b998986b5276211154ea51e63ae63a1ac324b709178d050c94095d63121e35
gate-12	12	1	16x1x1x1	64	pos1/gate-12.f32	cf8921afc1366292f28ec32fb5575d26ec350af8086dee1259b74dbc62bcbe3c
beta_sigmoid-12	12	1	1x16x1x1	64	pos1/beta_sigmoid-12.f32	b11318be8319c883702a317e25115909578532bc8267df2704e696f226e7b5f7
state_predelta-12	12	1	128x128x16x1	1048576	pos1/state_predelta-12.f32	8250bf39ac1038cde29c6827cef4121fa2fc57a25447f9535129340c4c6d78fc
new_state-12	12	1	128x128x16x1	1048576	pos1/new_state-12.f32	33a9902a87d023ed481e0e3cadd486c9b4a95be0263f5bc39f9a46d33d558bff
attn_output-12	12	1	128x16x1x1	8192	pos1/attn_output-12.f32	02a49b2ef278511839eec14aaf012f53a1bf35aac079a7c2de4619caa51841ba
z-12	12	1	2048x1x1x1	8192	pos1/z-12.f32	cdc250a28e1d5238bbb1bb25a29c85ed23199ba6e485b492fa422d4f7743fbb2
final_output-12	12	1	2048x1x1x1	8192	pos1/final_output-12.f32	f3ae8ddcdacc7d8be14317184f7aee4bd609059873e126f99caf2a11430ce4ed
linear_attn_out-12	12	1	1024x1x1x1	4096	pos1/linear_attn_out-12.f32	dbd5e74d38542cc84dce6b3dda12dca6d7d4876eb8201dd5e789b9d72eab7669
attn_residual-12	12	1	1024x1x1x1	4096	pos1/attn_residual-12.f32	9893ab78d3878519c2a0c46c9139bea3ffb093864f892bddaefec718f8d2724d
attn_post_norm-12	12	1	1024x1x1x1	4096	pos1/attn_post_norm-12.f32	1bcd87b821e76423cd793e33a2b0825125933bbb66752fd1cbff798c09024062
ffn_out-12	12	1	1024x1x1x1	4096	pos1/ffn_out-12.f32	0a4ecd3662335f76b943f426b4e961e550a9b8cad5e5a9d503cba3efa9ca50ac
l_out-12	12	1	1024x1x1x1	4096	pos1/l_out-12.f32	7d5b3acdc084244be30fe4236bd8b4ec838c1cb44b800102e50e983d593b9d61
attn_norm-13	13	1	1024x1x1x1	4096	pos1/attn_norm-13.f32	a1fc38565b3a6fc7143e2bba358bef8bb18dc366fe6399561531a917e22090c0
conv_output_silu-13	13	1	6144x1x1x1	24576	pos1/conv_output_silu-13.f32	9ae756836cd56ad6b7316f4571960969696a9d04caef4818fa19475ac25912d8
q_conv_predelta-13	13	1	128x16x1x1	8192	pos1/q_conv_predelta-13.f32	f11506de539d18a08401aa326f9f31d5b52e87b7ce7636901ac4a74de0193eda
k_conv_predelta-13	13	1	128x16x1x1	8192	pos1/k_conv_predelta-13.f32	b70d72e4ad55c319423cc5ec0fc25dcefe846249a0ccbd086a19f792deadab83
v_conv_predelta-13	13	1	128x16x1x1	8192	pos1/v_conv_predelta-13.f32	ea725d6888970316c59d06b9cb2705da1abf9d145376dfb95342383bf7a4a23e
a_softplus-13	13	1	16x1x1x1	64	pos1/a_softplus-13.f32	b5398ef40536b843b51bd7ad2d8866a0bdf4e2546097071565fe6a2c67796cfc
gate-13	13	1	16x1x1x1	64	pos1/gate-13.f32	3a0b25348781dc249537e5d63250bb7afafbcb88194b7ed536229b9c8ad736c0
beta_sigmoid-13	13	1	1x16x1x1	64	pos1/beta_sigmoid-13.f32	c26b2c0bd28ec4c00187d035fd5b7218beb533717568f488ece1befda91d3df0
state_predelta-13	13	1	128x128x16x1	1048576	pos1/state_predelta-13.f32	aa15cb845881687aba34b4c749bce79dc1103ddcc97e2a95a51b258308ca18b3
new_state-13	13	1	128x128x16x1	1048576	pos1/new_state-13.f32	29d3ec5533a51fbc6d146f821dc8b52aba423bf346dd043a40b7ff878736c3f7
attn_output-13	13	1	128x16x1x1	8192	pos1/attn_output-13.f32	ff5bc6c8b214a1e5c4f7da69cb662851ebe1e78f408254dcc66eac6a288b2645
z-13	13	1	2048x1x1x1	8192	pos1/z-13.f32	515c26721bd95951492b2f5c3b4158e9b6579d5d9d9d6cc54f09a8556224e0ee
final_output-13	13	1	2048x1x1x1	8192	pos1/final_output-13.f32	9536b68177731e70c3e77c215a664748c90b2c14e8a1c226ff38433793849ce1
linear_attn_out-13	13	1	1024x1x1x1	4096	pos1/linear_attn_out-13.f32	89796881c67299817b4fc3d3d9ea432d3cad9e3b227ab540a4f5ffe14d0b8e7b
attn_residual-13	13	1	1024x1x1x1	4096	pos1/attn_residual-13.f32	7372d5f9a01b3acedd253147ff5ded0b5313ee56f88d6392e10cb60989656e97
attn_post_norm-13	13	1	1024x1x1x1	4096	pos1/attn_post_norm-13.f32	883f5b02c2a4df069afed6b7e5f4b675f1e1ccafd4db05adbd6b3430e5ecc6d8
ffn_out-13	13	1	1024x1x1x1	4096	pos1/ffn_out-13.f32	70c5ea13f0e5ab7838673bf16e37148a3cd53ae74fa722dfbe3b0b796e1aeb08
l_out-13	13	1	1024x1x1x1	4096	pos1/l_out-13.f32	974ce9e09500341a3f780b2c052fd439337f5641618131453c943d31f3bbdd96
attn_norm-14	14	1	1024x1x1x1	4096	pos1/attn_norm-14.f32	c66c4b9b81d5802ae41a76d7e38df2417eedc90ce0c900b7d45bf830fffc22dd
conv_output_silu-14	14	1	6144x1x1x1	24576	pos1/conv_output_silu-14.f32	1aa0044456eb11140eba6c546214c93260de1b546b1b35906f62b17884aab42e
q_conv_predelta-14	14	1	128x16x1x1	8192	pos1/q_conv_predelta-14.f32	c84f3b4c6bdd2343dbc50a97b0c1cdbf1d06a7fb8cb5b53fcd3402827b1168e8
k_conv_predelta-14	14	1	128x16x1x1	8192	pos1/k_conv_predelta-14.f32	7517dc3f382044e238901ca031a1a4f9dbc7f973d8201fbe21b237fc305fc6aa
v_conv_predelta-14	14	1	128x16x1x1	8192	pos1/v_conv_predelta-14.f32	15d6e11053ce1ac77df03649355d1d23d6866fdede4c59f484c6310fe68924c2
a_softplus-14	14	1	16x1x1x1	64	pos1/a_softplus-14.f32	eeb83f54edde54adb8012aa8a3b5b6d1fef719ffd30392ae992321684c065e2c
gate-14	14	1	16x1x1x1	64	pos1/gate-14.f32	a4be56a4af8551793ee2b7148572f7d0cb4c958b2d14d50f38ca68c3f0d267be
beta_sigmoid-14	14	1	1x16x1x1	64	pos1/beta_sigmoid-14.f32	773644139e33367becaa13b9619cd96e3a741cb9e27d52d2016b73505f1f7185
state_predelta-14	14	1	128x128x16x1	1048576	pos1/state_predelta-14.f32	0f44720994c908852dda0abbc236cf86155a74667434b939de355231126702f9
new_state-14	14	1	128x128x16x1	1048576	pos1/new_state-14.f32	bd86374da32f78559f084d08843128fd914e9693a4b810feadc61ed8626356d1
attn_output-14	14	1	128x16x1x1	8192	pos1/attn_output-14.f32	187d29a6344576ae17ef9b276be3b1d9912542d06434943858518fde627b256d
z-14	14	1	2048x1x1x1	8192	pos1/z-14.f32	4a5c84ad17844bd97dcacac0aeea7b0c6ea9fbf90b4bd6a645b2b8fef88f4107
final_output-14	14	1	2048x1x1x1	8192	pos1/final_output-14.f32	e9b0c799dfb9ceb2dedc7f76738328eb805609992a7ebc1c95e4b8d420e2f7b0
linear_attn_out-14	14	1	1024x1x1x1	4096	pos1/linear_attn_out-14.f32	edd824f2cf6184b7fc3f7170d7524b61bf65e69616057440c4c01fd2c98cd3ad
attn_residual-14	14	1	1024x1x1x1	4096	pos1/attn_residual-14.f32	0481cc1ab7e706d7a3232db02478035d992a092266675329f7448c1e1534ada7
attn_post_norm-14	14	1	1024x1x1x1	4096	pos1/attn_post_norm-14.f32	81a5e5a275b507f82f7be5f4c817c8edfb78ca10f31d06b9c0c85ac58dce7b21
ffn_out-14	14	1	1024x1x1x1	4096	pos1/ffn_out-14.f32	3f671c42c9d5280214c0d58b0a70b8aeffe2a12648add6a78c0fc424949faab7
l_out-14	14	1	1024x1x1x1	4096	pos1/l_out-14.f32	f1bbb24deff85788fc8a3ec0e4e5b1be8776ccb4486fc88a21176881bcab0999
attn_norm-15	15	1	1024x1x1x1	4096	pos1/attn_norm-15.f32	c556205b391fece1e26ee02499cd3f0a6161e422a33f29e7e37035723aa4d849
attn_pregate-15	15	1	2048x1x1x1	8192	pos1/attn_pregate-15.f32	fbb55ffdcef76bf83f6692fdc33ee12180427e69162b783d2c9818af34d4f84a
attn_gated-15	15	1	2048x1x1x1	8192	pos1/attn_gated-15.f32	61238fdb88681fbdbdef5ef7a93636024f5df5eba0c520d4590577cc9cfe2c5f
attn_output-15	15	1	1024x1x1x1	4096	pos1/attn_output-15.f32	1e216c92b4ca949a18cec8cdcf7858cc1bb84afdc11dbc55906b724bfa798ccc
attn_residual-15	15	1	1024x1x1x1	4096	pos1/attn_residual-15.f32	22c256f1f30d5a49b5a4c1580eaa448aa90422481a884d27fd947e55222732a1
attn_post_norm-15	15	1	1024x1x1x1	4096	pos1/attn_post_norm-15.f32	68b1c3b4c452f35b5b5dc848569482aefec4b60063d473ad5c849e9313b3f52f
ffn_out-15	15	1	1024x1x1x1	4096	pos1/ffn_out-15.f32	5c64cee079ea66e7b800de849a78670fda2485be9e4f3082aa00e9e3f64b2387
l_out-15	15	1	1024x1x1x1	4096	pos1/l_out-15.f32	008fea147350ed77a10ec60b18151be11cd4f3de5cfe97429397a8a784aa94ea
attn_norm-16	16	1	1024x1x1x1	4096	pos1/attn_norm-16.f32	f9c98c8ddef3a0a90b1a89525f5095690c6a0f83e04f1b4826705d803051fce0
conv_output_silu-16	16	1	6144x1x1x1	24576	pos1/conv_output_silu-16.f32	52337510e1dc6ef537e6504b279d9cd7ded6a1d348c6c681007644fcfb791e38
q_conv_predelta-16	16	1	128x16x1x1	8192	pos1/q_conv_predelta-16.f32	8aa99b042cac9cd052e8a362d8feb29f7491cf3eeacd527731076889188dbed2
k_conv_predelta-16	16	1	128x16x1x1	8192	pos1/k_conv_predelta-16.f32	10ac5f1e6517b7c14d201b94cae916cfe15ac6c3de0e5375c5ef40f990face4a
v_conv_predelta-16	16	1	128x16x1x1	8192	pos1/v_conv_predelta-16.f32	0b4716ffff4369d430846003cca3604d4e1a79a11eb58b34d24a565a3bd06d8b
a_softplus-16	16	1	16x1x1x1	64	pos1/a_softplus-16.f32	6d365532843fffdf9e736e3d7af80f6abf89d436052b6d3cc14850427222c449
gate-16	16	1	16x1x1x1	64	pos1/gate-16.f32	dba36311c343d7d9dc1bb2bd6da30dc1bf4d3babb4d905fc00d308e8f3812d9f
beta_sigmoid-16	16	1	1x16x1x1	64	pos1/beta_sigmoid-16.f32	423632428c9ca7e4f934619b9aed5da3c690da25f1e9b71a1b68264686da0292
state_predelta-16	16	1	128x128x16x1	1048576	pos1/state_predelta-16.f32	07514b3db91c9bc6e8e240cb5491eae89dc416291637e10cc2e220b5b4d44d4e
new_state-16	16	1	128x128x16x1	1048576	pos1/new_state-16.f32	7b30bac223e5b329f1bcbf7a626f2d886780c32a041471b7bfde402757b9a4dd
attn_output-16	16	1	128x16x1x1	8192	pos1/attn_output-16.f32	627672e9aa1c89be5e7a16915dcc5f721204b11a8bb1e43633c7174b15374d28
z-16	16	1	2048x1x1x1	8192	pos1/z-16.f32	154f1b53f9ba3f3550d29de7d34ee704e7526087a1b5d6ed1f210033f303dcb2
final_output-16	16	1	2048x1x1x1	8192	pos1/final_output-16.f32	0af63a144ded88202ad357133258f90630896d322766cf80c3063d4365918887
linear_attn_out-16	16	1	1024x1x1x1	4096	pos1/linear_attn_out-16.f32	66389f36cdca810f2b8bbe909f522365b84f714523254788ab6bb49ba1e92787
attn_residual-16	16	1	1024x1x1x1	4096	pos1/attn_residual-16.f32	9014c20f29bae85b696a2bd04f05735601c85590b0537b8a1f2a81c28513def0
attn_post_norm-16	16	1	1024x1x1x1	4096	pos1/attn_post_norm-16.f32	0654800cf49c3e6ac2469ff659dc5fa487d0e2768b9a3648591de469e5f6aed2
ffn_out-16	16	1	1024x1x1x1	4096	pos1/ffn_out-16.f32	d91a61dc33576578a04acb6ae43141c1412b87a281d406354a0dd714b5f9ceb7
l_out-16	16	1	1024x1x1x1	4096	pos1/l_out-16.f32	adfbf0a450ddd920547a0af68999d16dbbdafbecb6cce6926bcee81d3eb62ce4
attn_norm-17	17	1	1024x1x1x1	4096	pos1/attn_norm-17.f32	49f75d980b7892baaf87df6cdb95a4a5357948adb47ad9fecb6c635a324b5b12
conv_output_silu-17	17	1	6144x1x1x1	24576	pos1/conv_output_silu-17.f32	f59a02e922d66bb40a0740c7c5e6ebcc98b0502a0eec4de52ecbd1038ccb5705
q_conv_predelta-17	17	1	128x16x1x1	8192	pos1/q_conv_predelta-17.f32	f0cf82476360f949e4212f15ef5412ca99f2c090e8d4073ae2487d79042988c6
k_conv_predelta-17	17	1	128x16x1x1	8192	pos1/k_conv_predelta-17.f32	61714b7ecdd98343a1d9081f43fb85dc38342878c0a36f2f5e5e6651fb39ae2c
v_conv_predelta-17	17	1	128x16x1x1	8192	pos1/v_conv_predelta-17.f32	b84e503996eb303e4f6d7a02acfd8b7d18d74c6ba860c535073290cf6a4b2529
a_softplus-17	17	1	16x1x1x1	64	pos1/a_softplus-17.f32	491b05897f7e1095f77e9beca8fb2f24861e95e9208832ac9756c4b58075a20b
gate-17	17	1	16x1x1x1	64	pos1/gate-17.f32	4b6fb671f75dd256dab0c98c1de1fb14180e0deec3030cfc01f3aa4f1903604d
beta_sigmoid-17	17	1	1x16x1x1	64	pos1/beta_sigmoid-17.f32	9ab60119e7ac34eef3e918c707a79b3204d5a59a0173eb131e16a3173d5f6109
state_predelta-17	17	1	128x128x16x1	1048576	pos1/state_predelta-17.f32	bbade56c8c4e763486493ac7203e6e68262b4a0899ba21cccebcdd599b4967b1
new_state-17	17	1	128x128x16x1	1048576	pos1/new_state-17.f32	5dd128b2873eae36e5f067174312a8ad384accc6ffbfcf850b542865c7793de8
attn_output-17	17	1	128x16x1x1	8192	pos1/attn_output-17.f32	e269869c805139ab42d0a248d5c0662febbb4a2db99e4dbb9696e654258d5b6d
z-17	17	1	2048x1x1x1	8192	pos1/z-17.f32	54fbd5c950ab5a81eb9ca52cee4c0a728811264b775101ad02ea5823de92eae4
final_output-17	17	1	2048x1x1x1	8192	pos1/final_output-17.f32	731a10a69c37cd67a3ae6cdee3bd1b6f6a2c1a1587172a1085c2b0fc8729e3e4
linear_attn_out-17	17	1	1024x1x1x1	4096	pos1/linear_attn_out-17.f32	1fc56b64bbe8c30342435b2d49c8f4f5a82233e8a5030a96c2fbed4b4ccdade6
attn_residual-17	17	1	1024x1x1x1	4096	pos1/attn_residual-17.f32	34cdffea9a073e7499ec9284591d3d6e1b1a3d00eab58f28d6896ad58846782a
attn_post_norm-17	17	1	1024x1x1x1	4096	pos1/attn_post_norm-17.f32	90d51f51956283b69681870c0bd15b86f67f3a3432f1d93a25f4d936e7c4c93b
ffn_out-17	17	1	1024x1x1x1	4096	pos1/ffn_out-17.f32	6638b84eaef22bf98b54e9cc88bd1af37896ca019211ae4f201ad7485a173190
l_out-17	17	1	1024x1x1x1	4096	pos1/l_out-17.f32	af3d7ebe094827a00a5e374be21a9572e86c48f2079555fbc64f12d06def2658
attn_norm-18	18	1	1024x1x1x1	4096	pos1/attn_norm-18.f32	17f2bdb55fa9d2307e0f43f679723fca2041f069c86fb074f1ba3e48d829f96d
conv_output_silu-18	18	1	6144x1x1x1	24576	pos1/conv_output_silu-18.f32	cd52cf963a0734608aaf5967c8f144492ae8ca39d89157800dab57d10bec3d1d
q_conv_predelta-18	18	1	128x16x1x1	8192	pos1/q_conv_predelta-18.f32	65bd5ac80b14db2015a866ceeee05e554942d62cded06dbed23695007870ccb6
k_conv_predelta-18	18	1	128x16x1x1	8192	pos1/k_conv_predelta-18.f32	471d1cc8aed7aa93eb0d0e50b70e12a47fa0072a45abf2ba630c1c29a8098b73
v_conv_predelta-18	18	1	128x16x1x1	8192	pos1/v_conv_predelta-18.f32	9b8508a0bba34f88eb03f73a81d213880f7d2513fe549c641b756da04e6e169e
a_softplus-18	18	1	16x1x1x1	64	pos1/a_softplus-18.f32	0cd70713345e359b885663635c62d6110fb0f7a9628a3f8c0cf580a121d7ccf6
gate-18	18	1	16x1x1x1	64	pos1/gate-18.f32	99150c4a95fcef424a3d36bbe571d6630c69e46494dce43110686a7a146def78
beta_sigmoid-18	18	1	1x16x1x1	64	pos1/beta_sigmoid-18.f32	04f610db9564da7361541a6742474a037cd656ee4caff6ceda6f1f06141374cc
state_predelta-18	18	1	128x128x16x1	1048576	pos1/state_predelta-18.f32	39d5320005aa8c29f9626b11581424b16ac51f3483f218a7074badb44027ba3d
new_state-18	18	1	128x128x16x1	1048576	pos1/new_state-18.f32	985fe648c3439b355663646ef17b4961aa61e4803d85a5c8e092cd549a39a681
attn_output-18	18	1	128x16x1x1	8192	pos1/attn_output-18.f32	47522363aaf268b988b38f7fa15c6998bf1a8378f5fd7893f07e9a41f8cccd51
z-18	18	1	2048x1x1x1	8192	pos1/z-18.f32	c280fbdb3a4205ff12a3228c83c1205f518d8ba8167804feeac5465ad850ca84
final_output-18	18	1	2048x1x1x1	8192	pos1/final_output-18.f32	9e26aae5603dcea02d5dde087593aca62658458fdd505c3308c083193c17226f
linear_attn_out-18	18	1	1024x1x1x1	4096	pos1/linear_attn_out-18.f32	aa91c7eead6016c2f74ccc93ba87faca06b6eb536b7f7b496e183ccc4aa7330c
attn_residual-18	18	1	1024x1x1x1	4096	pos1/attn_residual-18.f32	89d0dee4180db658e9265c53ece28711c0e6be70fa00310b7b59ab9b800a5403
attn_post_norm-18	18	1	1024x1x1x1	4096	pos1/attn_post_norm-18.f32	ea049bce25aadea2502951ed345633c850f6587bcda5767cc4b67fd3f5f65c5a
ffn_out-18	18	1	1024x1x1x1	4096	pos1/ffn_out-18.f32	4890091a1d37f1cd7245eada9d9d9271e85d05f75d17566c07e9dfbdfc295e6f
l_out-18	18	1	1024x1x1x1	4096	pos1/l_out-18.f32	3f5ca25f4efc8d7bc53e071cb0b2bd89b0a4a0f0faf09b97141a9ec3f9917623
attn_norm-19	19	1	1024x1x1x1	4096	pos1/attn_norm-19.f32	3f26e3a2edfb3e13e31850298c40044447ed3cbf299a583d179318a03e9d3def
attn_pregate-19	19	1	2048x1x1x1	8192	pos1/attn_pregate-19.f32	bdfbd8245c029f7476bc8157f1550fffa49018425aa0802773c24b89f105dbf0
attn_gated-19	19	1	2048x1x1x1	8192	pos1/attn_gated-19.f32	c725ce78584ef44fef50c67d311ba432c978853f0490a957f0ce8740c0fc8c31
attn_output-19	19	1	1024x1x1x1	4096	pos1/attn_output-19.f32	7eeec1dffc1860634665012300c3d8f4a731bb239b5ef94014240aaa6e22b24f
attn_residual-19	19	1	1024x1x1x1	4096	pos1/attn_residual-19.f32	cc1666d1ea133d4c9edfbeb84bd26e72323eef02e3564d18787efa405bee6e86
attn_post_norm-19	19	1	1024x1x1x1	4096	pos1/attn_post_norm-19.f32	1845cf751fd79d60dbb9958d7a5138615c1fdf07af41ed4f08bff292404ab08b
ffn_out-19	19	1	1024x1x1x1	4096	pos1/ffn_out-19.f32	047c54c68ba7c546c283cb9b3d107bc2c81985d0157f2a243a7db1aa7337066c
l_out-19	19	1	1024x1x1x1	4096	pos1/l_out-19.f32	9dab42d2e6880d87dcba3f25efc0572303afe4a9de4e51a345dbf769c2a37b95
attn_norm-20	20	1	1024x1x1x1	4096	pos1/attn_norm-20.f32	1579a3e228204839f993b9244ac699fa1698467aa8ab4fcac0d99268f8af3791
conv_output_silu-20	20	1	6144x1x1x1	24576	pos1/conv_output_silu-20.f32	68f1e0ec421825d0d59908c01e12b0c0fefea6242cb5956aa3f1ab4be7080b69
q_conv_predelta-20	20	1	128x16x1x1	8192	pos1/q_conv_predelta-20.f32	39d086e60a86778c59523ec108caa609b421b94c58b2da9613b7eea63a30093e
k_conv_predelta-20	20	1	128x16x1x1	8192	pos1/k_conv_predelta-20.f32	8595632a8609e563238bc316414b34f41e549f682d6e14af61b394790c399430
v_conv_predelta-20	20	1	128x16x1x1	8192	pos1/v_conv_predelta-20.f32	82243c85253e1fe1a5f6de314ec55d5fae99a62b57792c5f5cbb9923b21ade6f
a_softplus-20	20	1	16x1x1x1	64	pos1/a_softplus-20.f32	49ff4088a0e701cdacabf241f8d3ec3c2df1d5d09b18e2f1a059e97e0c179f3e
gate-20	20	1	16x1x1x1	64	pos1/gate-20.f32	94aa332812f87f5ff6be897fe5c9460f92e2dc1e1ec29016b9669b3913d78392
beta_sigmoid-20	20	1	1x16x1x1	64	pos1/beta_sigmoid-20.f32	6a0be95119074921729950e6b450a8465f158e70b0b8ffc2152470919288c9ea
state_predelta-20	20	1	128x128x16x1	1048576	pos1/state_predelta-20.f32	764b63c5b6c5f3b0d38e1791c2d3fc27fbec60007249340bde29400131d71e9a
new_state-20	20	1	128x128x16x1	1048576	pos1/new_state-20.f32	4cba03563fd1bbdec0189e4310573fdfb38a605351cc4f9521b247085b76857d
attn_output-20	20	1	128x16x1x1	8192	pos1/attn_output-20.f32	1e3e1ce11f364c409f0f5ea2ce6c347b2f31d9ffb0ed8249e61c37b1bfc9dda7
z-20	20	1	2048x1x1x1	8192	pos1/z-20.f32	039640e6cf97d48084c8160ba6767e3779fc5ccb017cdf42be1e53ac752f2cfc
final_output-20	20	1	2048x1x1x1	8192	pos1/final_output-20.f32	ede30e9500e89d944c265f6f97eab09843800d2695df4b9bdab930b8693f07a3
linear_attn_out-20	20	1	1024x1x1x1	4096	pos1/linear_attn_out-20.f32	1a4a02d654f25435ecd2ebbc29e4bed97e406477503f1858033a9451cf028d15
attn_residual-20	20	1	1024x1x1x1	4096	pos1/attn_residual-20.f32	928f674ac9baf052c1e4c6ce9b011511bb1163e578f7037bb0b7c28e1226c1ab
attn_post_norm-20	20	1	1024x1x1x1	4096	pos1/attn_post_norm-20.f32	238a1e3a176f17ff0f9595bbc96e21540eab2ee997b6c6bc74a08a5cdc097595
ffn_out-20	20	1	1024x1x1x1	4096	pos1/ffn_out-20.f32	8ec9d9df234d5564f21e554cc307539a296f2c0df243753f6a0a825fb70c3c80
l_out-20	20	1	1024x1x1x1	4096	pos1/l_out-20.f32	a40c991a2864d544038320bfa971c17de87ce821ae5e4b41791e452c0ed16344
attn_norm-21	21	1	1024x1x1x1	4096	pos1/attn_norm-21.f32	5f0b28328be09e2728d458ff7b93de73d6e6446a47faa9a51df3d59ae269cc68
conv_output_silu-21	21	1	6144x1x1x1	24576	pos1/conv_output_silu-21.f32	b13ae447eb65973c24f5a6843b1019de9a59fd4f7a2df92daec1c29e7d6dd216
q_conv_predelta-21	21	1	128x16x1x1	8192	pos1/q_conv_predelta-21.f32	063892ff813dfb716b237009959c9ea0d305366b945bc815471cba83edbc3166
k_conv_predelta-21	21	1	128x16x1x1	8192	pos1/k_conv_predelta-21.f32	564797a851688e5a54d3df01663ec07194e85cdc1260fab7ad5e3045385a04fb
v_conv_predelta-21	21	1	128x16x1x1	8192	pos1/v_conv_predelta-21.f32	2c20d0c8788ac2d6f7061b152e34f98f537913095b567f57d56cfcae96d5420d
a_softplus-21	21	1	16x1x1x1	64	pos1/a_softplus-21.f32	7d3336c72317210a573559e38d75c89ad4a3186422eb41dcf386abcca95b561d
gate-21	21	1	16x1x1x1	64	pos1/gate-21.f32	8045dc2e95a3005e7d526239fba9a1c569d98fc0920be5d7ddb4940949487a7b
beta_sigmoid-21	21	1	1x16x1x1	64	pos1/beta_sigmoid-21.f32	964474ee3c7347e11602bd79d73eec55fd63a96d03272d08cb67e8207e45ee52
state_predelta-21	21	1	128x128x16x1	1048576	pos1/state_predelta-21.f32	1cb1afddccc4caf861fdf89f82fcc3eb8c1ddbc23fb633914ba1bb5fcc28890a
new_state-21	21	1	128x128x16x1	1048576	pos1/new_state-21.f32	372db5c3e4da561cc357a7e5ed0cfbebac25891d3333e24fc07805cde6a418b7
attn_output-21	21	1	128x16x1x1	8192	pos1/attn_output-21.f32	d10a4b95ec1f8cdaa820dcbc190c375202fd21404d3160b9874e4a92898e0bdf
z-21	21	1	2048x1x1x1	8192	pos1/z-21.f32	d4f11f099a5b00de0f0be64713c184ebda9c48117c6c744ec03723b87ec1cc92
final_output-21	21	1	2048x1x1x1	8192	pos1/final_output-21.f32	33d6eae79a05e3a092840ab50aa9df83a8e70e5ec2f64fd2936f387606e6db55
linear_attn_out-21	21	1	1024x1x1x1	4096	pos1/linear_attn_out-21.f32	dd3bd958a93db0ea975d7fc9d06c25923081d10162a1f1022e180c00753a7275
attn_residual-21	21	1	1024x1x1x1	4096	pos1/attn_residual-21.f32	4abbb25e50be9f6677971e125b73bc9e38c0ddf28889d4e61a3cae08639bc8b5
attn_post_norm-21	21	1	1024x1x1x1	4096	pos1/attn_post_norm-21.f32	64e7082a69f4c962368560827ac8868a32a89c7aa97e0f8c742b85cb376a0a7f
ffn_out-21	21	1	1024x1x1x1	4096	pos1/ffn_out-21.f32	f7d11d01ad8a0235ae732c9bbbbbbfa8cc49c5299eac408402691958746c9946
l_out-21	21	1	1024x1x1x1	4096	pos1/l_out-21.f32	ad50b4c267a36c248adef19beb0f3c9d84691722e0d86496fcd39dca22777652
attn_norm-22	22	1	1024x1x1x1	4096	pos1/attn_norm-22.f32	a7bc03964c67d25ae50aa65f210b59be85c89228343c4d84c83c0491d0cc51ea
conv_output_silu-22	22	1	6144x1x1x1	24576	pos1/conv_output_silu-22.f32	57d208788c58ec35486d25e30cfda1f16ea333e9b6dbbfcf21faded7fdade067
q_conv_predelta-22	22	1	128x16x1x1	8192	pos1/q_conv_predelta-22.f32	9ce16bc0b1e508f316a6d7fc576940fb1ae829745bc2c5e883879c3b46dc20bd
k_conv_predelta-22	22	1	128x16x1x1	8192	pos1/k_conv_predelta-22.f32	9be7ca94b08af3593d0fddc70adfa073b848aeb295276fb8ffd9f1c9128213be
v_conv_predelta-22	22	1	128x16x1x1	8192	pos1/v_conv_predelta-22.f32	56b91c76531288a657808e989a96aa3cfd3b6808823160f94853547d89855f21
a_softplus-22	22	1	16x1x1x1	64	pos1/a_softplus-22.f32	7891bc094f7df6d2247d3036573e9e56fec17772045e7c326c50290a39c84b16
gate-22	22	1	16x1x1x1	64	pos1/gate-22.f32	e78333e109951f3f84a6ef222c6295ff9b27412a5261841788991acf5c99de9a
beta_sigmoid-22	22	1	1x16x1x1	64	pos1/beta_sigmoid-22.f32	678e97414edfb4fdda5bec8db872fa2acdbd99c6a7f175f0926170089dd2ae76
state_predelta-22	22	1	128x128x16x1	1048576	pos1/state_predelta-22.f32	1ad4386bccc75197c822017b69d111dba60c5b513d5e4223f09550aa6255408f
new_state-22	22	1	128x128x16x1	1048576	pos1/new_state-22.f32	1742b891d9d3c93a9e1ce53e55a9073bd24c5b0b6f481ddd3b03ee7ef5473064
attn_output-22	22	1	128x16x1x1	8192	pos1/attn_output-22.f32	1cac958bdd7f21ccaa1b3bd36e64b373e4ae3e4f20234158043f21a7b5ebf286
z-22	22	1	2048x1x1x1	8192	pos1/z-22.f32	9fbc8d181e7b0589ea45629ba0d59b4bdb8a091849b7ad26aac14c90af7ca773
final_output-22	22	1	2048x1x1x1	8192	pos1/final_output-22.f32	e1fa01321211a9df9c597067c6872363de6a71fea26c446e707e0f05476e9914
linear_attn_out-22	22	1	1024x1x1x1	4096	pos1/linear_attn_out-22.f32	bf24be9f8ab1fc77639fbb9933918dfd5f36b516f338876a41d748bd8e5f7533
attn_residual-22	22	1	1024x1x1x1	4096	pos1/attn_residual-22.f32	4cf3192b3d562832e0b81a030d84408022e11abf3ef08ae75ebe27caee9b437a
attn_post_norm-22	22	1	1024x1x1x1	4096	pos1/attn_post_norm-22.f32	c3cfef2864d6e4b09379d787247a6b9bfe425d7c8745edfab3c4a92d247cf84e
ffn_out-22	22	1	1024x1x1x1	4096	pos1/ffn_out-22.f32	ee5109e6d85b69e24300087ce928308a2182538142a5b49f7c6866019a990438
l_out-22	22	1	1024x1x1x1	4096	pos1/l_out-22.f32	c87310b9c80f51f5388512e3409a80d1573837c543b83d22483c654e8d444891
attn_norm-23	23	1	1024x1x1x1	4096	pos1/attn_norm-23.f32	bfb389989b5eb5e9095786748387fe44908a9fe835433b7cbf6507ba9b2f8e7a
attn_pregate-23	23	1	2048x1x1x1	8192	pos1/attn_pregate-23.f32	59ecd11319c0e12fb14551e6a6e2dfd4b6d6d9ff94b96213019fa61c3bb55838
attn_gated-23	23	1	2048x1x1x1	8192	pos1/attn_gated-23.f32	4cd96b13275a89c73b2cb350090b5e2cc3801f01164cd105c0cbb379136513ba
attn_output-23	23	1	1024x1x1x1	4096	pos1/attn_output-23.f32	e50698c3988f5e9e0f809d50b800701674406e9b62291525ff7ffcca59d17405
attn_residual-23	23	1	1024x1x1x1	4096	pos1/attn_residual-23.f32	05d59438be2aa4cc45c2c64c95a6c4346f26c25678dfa9d248381de4bc5a9436
attn_post_norm-23	23	1	1024x1x1x1	4096	pos1/attn_post_norm-23.f32	42629c72d4cb618409b7905770bff024a0990ab232415de0ae020fa8b5900d5a
ffn_out-23	23	1	1024x1x1x1	4096	pos1/ffn_out-23.f32	96748bbcf36f6d5843abe1adb9ea00b448144d95c4db5c15c8586c841d851544
l_out-23	23	1	1024x1x1x1	4096	pos1/l_out-23.f32	929bc1b0dfc439cf35771e127e4389fba5e5a98177cab841ba637fa791f54705
result_norm	-1	1	1024x1x1x1	4096	pos1/result_norm.f32	2033f59f331ca467fbad481c4ae909cba4d7ab1eb120498c3c8723cdb608d73c
result_output	-1	1	248320x1x1x1	993280	pos1/result_output.f32	795a5b20b90df322a79f46fe67ab1e87c9aac0e25d2adc36c75b4f7f7d726f0a
model.input_embed	-1	2	1024x1x1x1	4096	pos2/model.input_embed.f32	22ba0638f8f48fed37cbac68b016766320ff53ab3bc682d8402bff200162b931
attn_norm-0	0	2	1024x1x1x1	4096	pos2/attn_norm-0.f32	6777ef978843ec18377a6bc4ba0759c69bca776d2f73cebd25ad60bf8be09657
conv_output_silu-0	0	2	6144x1x1x1	24576	pos2/conv_output_silu-0.f32	dfd3368fb8aabce2ed6b718ec71a0efc156034c24359a6c0e4d57ea5ed7db0fd
q_conv_predelta-0	0	2	128x16x1x1	8192	pos2/q_conv_predelta-0.f32	ab9cbe80fac264731aafff46596e923f4d7691a84e305fd5f4331a1c412ddbcf
k_conv_predelta-0	0	2	128x16x1x1	8192	pos2/k_conv_predelta-0.f32	7e66361feec4a528ce9fb1d35d8a041ad402ce5f972349b3a4fc1163c5ebdaf1
v_conv_predelta-0	0	2	128x16x1x1	8192	pos2/v_conv_predelta-0.f32	ee8e5972ddd72b4d6ed8c4d2057f7cf74ec36401d7af06a39aef88ae24ccac0a
a_softplus-0	0	2	16x1x1x1	64	pos2/a_softplus-0.f32	f9366eb5facd642357ba2d1f8f7c33cb63235a7f60db8ddbce4f97a992ac123b
gate-0	0	2	16x1x1x1	64	pos2/gate-0.f32	cc6a17b6567474b5af821baa469933bbc34d35078e4c742d1307558d0a65249a
beta_sigmoid-0	0	2	1x16x1x1	64	pos2/beta_sigmoid-0.f32	0f6bd4f533d1511a7d5adce2d842110e91b7c7266dd05d9288edcdd69a357546
state_predelta-0	0	2	128x128x16x1	1048576	pos2/state_predelta-0.f32	417ef097c4eb41e1d6b8f37b80045e0463816ad93f2f1e15118414b7bbac8faa
new_state-0	0	2	128x128x16x1	1048576	pos2/new_state-0.f32	3f2706d0e5ec52f69c1b8cbaed0165272efe0ebd9bcf89245ccc43dd44d61a2b
attn_output-0	0	2	128x16x1x1	8192	pos2/attn_output-0.f32	8a020528f5fde81d6bd46aacaf2b9bdeceda72a03b76adbd3b087c9263cd2a0c
z-0	0	2	2048x1x1x1	8192	pos2/z-0.f32	6b54c79ddb44ab660df43c1204fd3c295f53a32382df7e3bdc776de64d372530
final_output-0	0	2	2048x1x1x1	8192	pos2/final_output-0.f32	221cf18fdb8602ee2ec09d67445dc467ce0c07a67415172ff959e805984c0119
linear_attn_out-0	0	2	1024x1x1x1	4096	pos2/linear_attn_out-0.f32	bd1f24a7afdf9ad4bef764da053a87f8994d900e81664858c3723860e790048f
attn_residual-0	0	2	1024x1x1x1	4096	pos2/attn_residual-0.f32	1804be643edbc024906a4d9bfaa8c8cf1ac80ba62631fa7eaab46453e7b0117a
attn_post_norm-0	0	2	1024x1x1x1	4096	pos2/attn_post_norm-0.f32	bcb4ad1652edb920855bd992aeeb5a57b584949c1d3985a0af77128721edce34
ffn_out-0	0	2	1024x1x1x1	4096	pos2/ffn_out-0.f32	b644d272abec79a4e9ced9e414e70f027a9b9875c89d93cae11af2f603725e35
l_out-0	0	2	1024x1x1x1	4096	pos2/l_out-0.f32	b208eb210d500f5199bc548e93c7b4340818877f01fa7079b900a0441b30060e
attn_norm-1	1	2	1024x1x1x1	4096	pos2/attn_norm-1.f32	035a91e619d30a50153e94dd4a27d59c624f4e95d12fefbd0ce6e3562a81513d
conv_output_silu-1	1	2	6144x1x1x1	24576	pos2/conv_output_silu-1.f32	9ea54635fd7bd8b353bcebce240d3baa896976ac107136ebb8705231a6b65989
q_conv_predelta-1	1	2	128x16x1x1	8192	pos2/q_conv_predelta-1.f32	8712cdc7653ca3866a4cd01ea4e357f9b0a1d01891da2ce99087611e4e50880a
k_conv_predelta-1	1	2	128x16x1x1	8192	pos2/k_conv_predelta-1.f32	c89d5a5f3e39d92a1d69978782310b2cfdc94efe0f521c7a4fc83bcc977ba7a1
v_conv_predelta-1	1	2	128x16x1x1	8192	pos2/v_conv_predelta-1.f32	b73e77cf58f623c5f0e2377a89bd0a0424847d6d67e1b51b3d8c09eee247e5df
a_softplus-1	1	2	16x1x1x1	64	pos2/a_softplus-1.f32	14451b3f71cb268e9f118bdc71087e79a8cf47ea6708ccdf76966be3316fc01b
gate-1	1	2	16x1x1x1	64	pos2/gate-1.f32	1b46a6fc9b665df6e275c75bea8990da6a529105a6e0a69f8a6de595cf6fcda9
beta_sigmoid-1	1	2	1x16x1x1	64	pos2/beta_sigmoid-1.f32	2e2a11a2153ef6d0bfb9b6189163a49cc4dda37338a302870bd4d695b4b5c479
state_predelta-1	1	2	128x128x16x1	1048576	pos2/state_predelta-1.f32	c9104034fc93a725605c5e65ed36c481457428876c57c6f49893d690a331ac88
new_state-1	1	2	128x128x16x1	1048576	pos2/new_state-1.f32	d417ad3357204364d6d49aee412ae7d733725d52bee4f72a452d08ee3f31188b
attn_output-1	1	2	128x16x1x1	8192	pos2/attn_output-1.f32	96519d3b06a9904593dcd5f9d5ffb735d2bd2234ac87e85a9297be2dc0135a57
z-1	1	2	2048x1x1x1	8192	pos2/z-1.f32	041375f3d24dd8acae482cbcd824aad3e138994c4571beefa8414dfacddde547
final_output-1	1	2	2048x1x1x1	8192	pos2/final_output-1.f32	e1bfd8ab193124b82989de26efcb838d5f82eedf25cf2e9e6181f496e76c9178
linear_attn_out-1	1	2	1024x1x1x1	4096	pos2/linear_attn_out-1.f32	e9a276615d2024cf203369d6d6800e43204448020b3b7c20102cde306e064ab1
attn_residual-1	1	2	1024x1x1x1	4096	pos2/attn_residual-1.f32	67e51335b381dfc6ba5c6ee99ebb3bdd9de7af431a5a8c5a6e0e127d899d41d2
attn_post_norm-1	1	2	1024x1x1x1	4096	pos2/attn_post_norm-1.f32	2d6379dd501c943579b90de3113ce2a68e0d121ec242aa7ebf206085ec1315ad
ffn_out-1	1	2	1024x1x1x1	4096	pos2/ffn_out-1.f32	b699f2b3c7005708a60a46209062d6b663f1b5c9a3d386d9d59f05862e7f868d
l_out-1	1	2	1024x1x1x1	4096	pos2/l_out-1.f32	8f213d74a32d4d553d285063718827c2f3e03bae8af776efbd229205097ba6cc
attn_norm-2	2	2	1024x1x1x1	4096	pos2/attn_norm-2.f32	cd7adbc96d71fd80ce77b8098fe32e7182226914e5967aece3a0258a9cb5d53d
conv_output_silu-2	2	2	6144x1x1x1	24576	pos2/conv_output_silu-2.f32	abbd3e535bc08d957a0bb2fdd1bcf822dcf71d3474fecd987aacdacbc26ed392
q_conv_predelta-2	2	2	128x16x1x1	8192	pos2/q_conv_predelta-2.f32	37954ccd42391e3e38998dd63a21a45e997679fa25e983efc40733abcabf38c6
k_conv_predelta-2	2	2	128x16x1x1	8192	pos2/k_conv_predelta-2.f32	17562f1284fe52b9e611f7c7e5a18fffa44d2100a38511648a3fe5b570a3b594
v_conv_predelta-2	2	2	128x16x1x1	8192	pos2/v_conv_predelta-2.f32	d93b5f20bce1bf8a676081af33b36867d191532d5cabc93f337fac1a3cc5eba8
a_softplus-2	2	2	16x1x1x1	64	pos2/a_softplus-2.f32	1f435b5b8b9ad904ecc5374ad67beb59701dac334d0c9374770acf0d1c20d3a9
gate-2	2	2	16x1x1x1	64	pos2/gate-2.f32	144641d8dc0cd216fefd38bd7920f80fdd1c91dc3218b51eba4f92d67daed884
beta_sigmoid-2	2	2	1x16x1x1	64	pos2/beta_sigmoid-2.f32	08939b7ee93432e5481343db5314e596edf6b314f749728e5101ce689e5a7330
state_predelta-2	2	2	128x128x16x1	1048576	pos2/state_predelta-2.f32	cb9a6a32d44871ec5ff3998bbef52c5ab5f6da60fa669ffbfcd0da621a841be6
new_state-2	2	2	128x128x16x1	1048576	pos2/new_state-2.f32	214e2649f10842d76f11afbb928d19900f76a8b3fc494a0936d13b23816d127c
attn_output-2	2	2	128x16x1x1	8192	pos2/attn_output-2.f32	aee7027eb1b945f4f16db56af0d103f360ca21985e9690bd1c77f1b89ff95c13
z-2	2	2	2048x1x1x1	8192	pos2/z-2.f32	f3a483a480d725bb9aaeb24e79d33094ebfe297028574636724f6c6bab80eef5
final_output-2	2	2	2048x1x1x1	8192	pos2/final_output-2.f32	b6c990aae9933c17e277e256b5f1b906a945c686e1c807a3ef97e05fda7d7672
linear_attn_out-2	2	2	1024x1x1x1	4096	pos2/linear_attn_out-2.f32	309fce73f6953bfd08953d27a5a860739cc453498bf556cfa23cc2e74f08bc69
attn_residual-2	2	2	1024x1x1x1	4096	pos2/attn_residual-2.f32	6b2356112592a4a70410e41a0d921b4f812e8e61df49b2ebe74740aa10cd7fda
attn_post_norm-2	2	2	1024x1x1x1	4096	pos2/attn_post_norm-2.f32	b792e402877265384b746dad843b053abe3a90a81637e7b898f7b2fb8b4e3374
ffn_out-2	2	2	1024x1x1x1	4096	pos2/ffn_out-2.f32	6d512000d664279689d8562f295d7d6c36e0ed3ab42efa9d43053f23fa943605
l_out-2	2	2	1024x1x1x1	4096	pos2/l_out-2.f32	03f45fb343dbf0ec44cc77b783c20d68015078c8a8c0dd5a9169d4af0e6d191e
attn_norm-3	3	2	1024x1x1x1	4096	pos2/attn_norm-3.f32	40acabe92ebb5cb56632285586f4cb4713fdd9b9398af56fe7ffcd4604e62c92
attn_pregate-3	3	2	2048x1x1x1	8192	pos2/attn_pregate-3.f32	0d0b5da4d8c5b016df45aff9e13c7e5c72310a9ac0eac5d1700d7a145fb6af65
attn_gated-3	3	2	2048x1x1x1	8192	pos2/attn_gated-3.f32	6f853e5e7fb1e8e8a1db5cd1bb112ea233cafcd549655107d7dc1c0d0c054738
attn_output-3	3	2	1024x1x1x1	4096	pos2/attn_output-3.f32	92a2a76c3a5299745d685e93cbae94d4bdc68224afc64bc8875c1123cbb98feb
attn_residual-3	3	2	1024x1x1x1	4096	pos2/attn_residual-3.f32	42a595d414f51177fd768b7bd1fb5afab18c69502f1ae0390f4e589447612a13
attn_post_norm-3	3	2	1024x1x1x1	4096	pos2/attn_post_norm-3.f32	67763c33cd264e4bdaab6563c0b69c8ce2098c2c2128dc824806312bf5f5b307
ffn_out-3	3	2	1024x1x1x1	4096	pos2/ffn_out-3.f32	f38123193479135a5de0a3474411a89c85ecd15a45c2894464e51efc3a2bcf29
l_out-3	3	2	1024x1x1x1	4096	pos2/l_out-3.f32	292c58bc7d18c2be7f3cbc1aed5b612b01137fc28f653f5c0135ab0d89caca10
attn_norm-4	4	2	1024x1x1x1	4096	pos2/attn_norm-4.f32	a45e21d08331ced57e9075dc02cd6abe998e5659ad2d81fdba196022a937d142
conv_output_silu-4	4	2	6144x1x1x1	24576	pos2/conv_output_silu-4.f32	d1bc2874dd43c04abc2ce67cdaafa4a4f272858fe12c37733c97c0f70fd9f2c1
q_conv_predelta-4	4	2	128x16x1x1	8192	pos2/q_conv_predelta-4.f32	7957fe335b356d7a3a39f39f8e9fa6480fdfcfc0dd1281b17c2906701de1d6d2
k_conv_predelta-4	4	2	128x16x1x1	8192	pos2/k_conv_predelta-4.f32	e83af6e1c78a88813852e2f5fffec92c5f3591e38228ea6e29a073c7f9300e5e
v_conv_predelta-4	4	2	128x16x1x1	8192	pos2/v_conv_predelta-4.f32	c3943d0dc17a06ff829fd293861cd128321e1d651ab58284d41c65365c9ba4ae
a_softplus-4	4	2	16x1x1x1	64	pos2/a_softplus-4.f32	bdafb997751176d0aa1b027aa7336d48e0bb5383a98231baac093be4d3d8aab4
gate-4	4	2	16x1x1x1	64	pos2/gate-4.f32	fd7e62fb80663bd9a259a5661d162b5c68110f3fc620bf7725c063c119acdf22
beta_sigmoid-4	4	2	1x16x1x1	64	pos2/beta_sigmoid-4.f32	40ab8ad08274aa66c2ca3b96c6ee31c7b1a335800a1af63ee8af5f3c3c6fc4f8
state_predelta-4	4	2	128x128x16x1	1048576	pos2/state_predelta-4.f32	f4ebe842f98373c79143b5a6ba4818e6855434645707414dcce34d2c7ea77f4d
new_state-4	4	2	128x128x16x1	1048576	pos2/new_state-4.f32	46d3f49b165df101289d808345c2f46d50f5f2bcb866398f7f4bb1c760a35ae0
attn_output-4	4	2	128x16x1x1	8192	pos2/attn_output-4.f32	46e7c8918ae0767e8d7146870ec851039ea62a2697516c2af562fe4461480f8e
z-4	4	2	2048x1x1x1	8192	pos2/z-4.f32	fcc6249134e2f6972685b30017e17d510d5ee289507ed55f1734b30b30669e52
final_output-4	4	2	2048x1x1x1	8192	pos2/final_output-4.f32	bef44e0dc974221118922bfccee86abd68c590649f3d3bd7ad0f6e9b6e3477da
linear_attn_out-4	4	2	1024x1x1x1	4096	pos2/linear_attn_out-4.f32	e62b5e47998454a2f40d5e73e04431371184f811345da830325e9997cb554259
attn_residual-4	4	2	1024x1x1x1	4096	pos2/attn_residual-4.f32	ed7c931bc00941c43f492398db792d04a35fd040a093993c2f4a96a7bb268843
attn_post_norm-4	4	2	1024x1x1x1	4096	pos2/attn_post_norm-4.f32	dda6bb0ec2d523337f26ae0221990c3b051b09946275a332acc5d6a6ca1e0041
ffn_out-4	4	2	1024x1x1x1	4096	pos2/ffn_out-4.f32	bdefd037ef147e12148cb671ed79924ff610dd45dcf67e1a01d0feda284b8d18
l_out-4	4	2	1024x1x1x1	4096	pos2/l_out-4.f32	f7cd51addce35dff3548b4ebe9e5226e8a7fc5a62689013cf1af89a709fc59ce
attn_norm-5	5	2	1024x1x1x1	4096	pos2/attn_norm-5.f32	98c89c23369015eb84bf188c6a047badf3f23423652d77c91aedddab7de9c1c9
conv_output_silu-5	5	2	6144x1x1x1	24576	pos2/conv_output_silu-5.f32	3726930f60a7606810517e17bbde29ac186c04c088db8c09e6ac9e9c9ee41391
q_conv_predelta-5	5	2	128x16x1x1	8192	pos2/q_conv_predelta-5.f32	4154188db37bed7a780600497b7245cb75d17ae62351e649ae0984ca3b78a85c
k_conv_predelta-5	5	2	128x16x1x1	8192	pos2/k_conv_predelta-5.f32	27ace726ba20d9ae6c5fa10b59ca4d79cceabcbe0bf4ed19269d5900e4f8903f
v_conv_predelta-5	5	2	128x16x1x1	8192	pos2/v_conv_predelta-5.f32	7ab498f1cc8c9634eb9408de4221965751fe7631dbaa0695d9b3e4aeb94447d6
a_softplus-5	5	2	16x1x1x1	64	pos2/a_softplus-5.f32	91fd6d349cb519c59a3b3c4fdb3d11635400e20b94c666e3969479f5241926e4
gate-5	5	2	16x1x1x1	64	pos2/gate-5.f32	7eca14df4242813cf6b1f0e23e6dee5979f9ab9f8647d3d27d51964794658a86
beta_sigmoid-5	5	2	1x16x1x1	64	pos2/beta_sigmoid-5.f32	5c83776ab1fecbce1ebf62d90b14beb3a6d0d7c3498e2cc37e86835aad4c41d4
state_predelta-5	5	2	128x128x16x1	1048576	pos2/state_predelta-5.f32	b6d4f5b93260629196fcc3c571205151437f7d3ebf48c606caf96945d115d009
new_state-5	5	2	128x128x16x1	1048576	pos2/new_state-5.f32	e085c5c7eab03d2379193b0c92a65ffb0def788bb1ae4c451cdc49187cd990b9
attn_output-5	5	2	128x16x1x1	8192	pos2/attn_output-5.f32	36aca5e41574c657b83d94999cdf50690c30621da4ff513e6c336923c04581fc
z-5	5	2	2048x1x1x1	8192	pos2/z-5.f32	9f9831643bcd115c237496e6e0cc8cd5ec42bbd6c4933213c81605d9bab4a240
final_output-5	5	2	2048x1x1x1	8192	pos2/final_output-5.f32	893b97435bc3ab5d18b4cbedcf88140ff505fa7836185b37ebad9715421bbba4
linear_attn_out-5	5	2	1024x1x1x1	4096	pos2/linear_attn_out-5.f32	9f826a8447e524eb36f5a71f03cb9ea4d07916f6f3cd1c158e47363d79a20237
attn_residual-5	5	2	1024x1x1x1	4096	pos2/attn_residual-5.f32	b26e77654c7c293b2ba5d9721e45479e142389ecd2325894b3f97849ac56c0ca
attn_post_norm-5	5	2	1024x1x1x1	4096	pos2/attn_post_norm-5.f32	5f0cd82311d0805ce35b372eb78944406b10a78f90fc60f81d39acf907a34828
ffn_out-5	5	2	1024x1x1x1	4096	pos2/ffn_out-5.f32	24dec2ee9b3a81501d7d1d47a8f26b2cc14f96cb97f946eb556c6a43986e2944
l_out-5	5	2	1024x1x1x1	4096	pos2/l_out-5.f32	d149ceaab8071482ba0b9330759e1925f6526b2cdd4dd1c644113953a2c1b81e
attn_norm-6	6	2	1024x1x1x1	4096	pos2/attn_norm-6.f32	64908e336aa7ed841cba6cad67fd65ff2ff64dd65b20bf6e57321da472bd1749
conv_output_silu-6	6	2	6144x1x1x1	24576	pos2/conv_output_silu-6.f32	0cf7a08c41f3fc825b1e58c8b5a58fbe1fd94953a35afa83fad7fa5f7fe1365a
q_conv_predelta-6	6	2	128x16x1x1	8192	pos2/q_conv_predelta-6.f32	1e76e1d33d43357592a05d0efb48a3474e0e7028cc9b738b64e184a64e028acd
k_conv_predelta-6	6	2	128x16x1x1	8192	pos2/k_conv_predelta-6.f32	285010e29df00a4ee84ad2277a86cc31847bef29118402a262840dbe504e8574
v_conv_predelta-6	6	2	128x16x1x1	8192	pos2/v_conv_predelta-6.f32	0485ed123f468f8d54a7bab8900030f27bc9630eb2ffa15a203f17c1b72aef5e
a_softplus-6	6	2	16x1x1x1	64	pos2/a_softplus-6.f32	39912ead737025b10031b4f373d91a3ea6ede3126ebd7ad3f0dc0428da8e2053
gate-6	6	2	16x1x1x1	64	pos2/gate-6.f32	4bab67a5dab66196678a6bc86546348a32c23ae4c80bd5a57e10704b6a24abdf
beta_sigmoid-6	6	2	1x16x1x1	64	pos2/beta_sigmoid-6.f32	32887342e9af8ed4e4a1b7c2564a03c42c69d04fc4358fd13d8579725ba5b212
state_predelta-6	6	2	128x128x16x1	1048576	pos2/state_predelta-6.f32	55346ce83b48656820f4106f11a0da58d357833d4612efc565f5549033f386fe
new_state-6	6	2	128x128x16x1	1048576	pos2/new_state-6.f32	ccc10707a71199bf923843d57513edf4c4acaf551b79e885aee6070536076e97
attn_output-6	6	2	128x16x1x1	8192	pos2/attn_output-6.f32	590e24864aea9c367b40a5d1a3972aab9bbd833cb2b4217a364288aff0e247df
z-6	6	2	2048x1x1x1	8192	pos2/z-6.f32	fc45cc5b7e1d0ed16015e9a466ab6bbb30a67965ffca28cda7323dcf3f223b51
final_output-6	6	2	2048x1x1x1	8192	pos2/final_output-6.f32	781563106c0abb31e3a0c9dbe1ad0bc8fc2bdd6fc1feb186f7ce16d3aeff8e8b
linear_attn_out-6	6	2	1024x1x1x1	4096	pos2/linear_attn_out-6.f32	60c688f4452b57f7bf237c11a174773ee04c4b125aae6d45604b686ef12ec919
attn_residual-6	6	2	1024x1x1x1	4096	pos2/attn_residual-6.f32	a2aeb91fd41c4a3f5cb050641e74a235d4a1fe459482d24997e1598a45f07d05
attn_post_norm-6	6	2	1024x1x1x1	4096	pos2/attn_post_norm-6.f32	8bfdcbce1c73cb05995fc35482b5ab9eecff98e7d97048d160ab1b1c240f28ef
ffn_out-6	6	2	1024x1x1x1	4096	pos2/ffn_out-6.f32	a0735bf8d5a82c250c1f70bed417ade40d20597cfa78ad982420be9a04a8f4e6
l_out-6	6	2	1024x1x1x1	4096	pos2/l_out-6.f32	845138298613326ac885bc9829d27ed70603944e6fb2a83eda874c94d504b9a1
attn_norm-7	7	2	1024x1x1x1	4096	pos2/attn_norm-7.f32	324f83a6988cfee78e663dfaf937d35303ff89948e8f76d6ac77898f5f98f038
attn_pregate-7	7	2	2048x1x1x1	8192	pos2/attn_pregate-7.f32	73c3da578ccf6e0a24b4f1e094d4a4bf11a77fba00495aaf7f72677b02eb63bf
attn_gated-7	7	2	2048x1x1x1	8192	pos2/attn_gated-7.f32	168ef87972b2e2ef482bbea35d96e6eadb62222a8ac47f401ab503c38c18695f
attn_output-7	7	2	1024x1x1x1	4096	pos2/attn_output-7.f32	e913207714bff90ac233548b61e95b3398770e8471bd46ec079361890b5a0b49
attn_residual-7	7	2	1024x1x1x1	4096	pos2/attn_residual-7.f32	5c4f7019ef7a4f46cc69a27ee82e3f5f4e1dedb1e34524dc10fb5097bd2576ad
attn_post_norm-7	7	2	1024x1x1x1	4096	pos2/attn_post_norm-7.f32	ce4a89d9359235383edd2728ee18b771df2a6b98ce168378f58f6c5aec022b89
ffn_out-7	7	2	1024x1x1x1	4096	pos2/ffn_out-7.f32	28d63f13309f5b34a3ffc32b5833e6984076c034b02c26f1f9ad1f99add97b06
l_out-7	7	2	1024x1x1x1	4096	pos2/l_out-7.f32	15f6580e89bbbf9010036819948150001a00a1ca9e56036ee940950ab4d48908
attn_norm-8	8	2	1024x1x1x1	4096	pos2/attn_norm-8.f32	c1692c78d613dc7b192eea7d997c5c62b8f95b15e749b4970d7230259783ab5a
conv_output_silu-8	8	2	6144x1x1x1	24576	pos2/conv_output_silu-8.f32	cc61868691a1d989b7ae33073f6118b0987cc35aec2c901122f380e4a04a6b2a
q_conv_predelta-8	8	2	128x16x1x1	8192	pos2/q_conv_predelta-8.f32	c5a694297dd101611624d29fc5c4720355c1bf1c20147c5c37444485c10d3162
k_conv_predelta-8	8	2	128x16x1x1	8192	pos2/k_conv_predelta-8.f32	4cbc191476652617e03b678f8e48ffb5e9aa371760e556ba03bd40007d83d58b
v_conv_predelta-8	8	2	128x16x1x1	8192	pos2/v_conv_predelta-8.f32	4edb4b6c820ab302632f1de41aae42189d41ba6bcb8b31d0c87d053942b81739
a_softplus-8	8	2	16x1x1x1	64	pos2/a_softplus-8.f32	16badbccac620297e43e43954ce8f5ce7724245b9eff5f73567bdfe3476c1560
gate-8	8	2	16x1x1x1	64	pos2/gate-8.f32	b77b8d391e615847272babedf21981dae762000310b790b5a1c86c46efcc2546
beta_sigmoid-8	8	2	1x16x1x1	64	pos2/beta_sigmoid-8.f32	b9ddf2985e9d1f83c07e191761768d32c50b1880e2574d39d60d61b1ff3bed02
state_predelta-8	8	2	128x128x16x1	1048576	pos2/state_predelta-8.f32	9c8154db0b5d11f36b96833730d0b600c6ebf9be47bcf57faa3608e33374766a
new_state-8	8	2	128x128x16x1	1048576	pos2/new_state-8.f32	ad5c0e4d188e207bf4b5b9574fcf4604162b94c834889e1022d77bbfb38a98a6
attn_output-8	8	2	128x16x1x1	8192	pos2/attn_output-8.f32	ac66f9453921b08b110dfdeea5eb49be89f55dff11d2c9d8653222797d985879
z-8	8	2	2048x1x1x1	8192	pos2/z-8.f32	50a04df0ee924409245301c44a595232f1a02821a7a8a002a1a6149cb8121f25
final_output-8	8	2	2048x1x1x1	8192	pos2/final_output-8.f32	cadf32787da1b6fae52ccc935df75d98948f792a0bdb6b24d61f2364b1fe5c72
linear_attn_out-8	8	2	1024x1x1x1	4096	pos2/linear_attn_out-8.f32	fd663a5fd9e0303a1977971507994d91c7950e5e2cf048dc52437a96cff28d64
attn_residual-8	8	2	1024x1x1x1	4096	pos2/attn_residual-8.f32	d9ded6efd6c3f5b1b9c069488d807b16b1a6125f1612fe24f3d6dff5f28fe487
attn_post_norm-8	8	2	1024x1x1x1	4096	pos2/attn_post_norm-8.f32	b3bda473fa71a0049bb9a6cb02a37d2730ca761e8168ea6bf36d6a84fd8915d0
ffn_out-8	8	2	1024x1x1x1	4096	pos2/ffn_out-8.f32	e57e660129830cf42441836fe9bb5f6e7b958d9e7c0b9eb0d6daa139c42872c9
l_out-8	8	2	1024x1x1x1	4096	pos2/l_out-8.f32	3828a3142d979563337146f6c26c092e24c83b1f8a3191cf0bf92382d75268b3
attn_norm-9	9	2	1024x1x1x1	4096	pos2/attn_norm-9.f32	2b9fadcfdee5ffe616f87aff42ec60d3b4bfa7b34f0f3aacf691abea46eb3217
conv_output_silu-9	9	2	6144x1x1x1	24576	pos2/conv_output_silu-9.f32	1510ef932750d3be55c424d03c77aaf5e4bd23e9157a27f4bdcc239ae53cf18f
q_conv_predelta-9	9	2	128x16x1x1	8192	pos2/q_conv_predelta-9.f32	70d53b23fd8e74753978247a75561b087847716867f4dff87ed57676100b63e9
k_conv_predelta-9	9	2	128x16x1x1	8192	pos2/k_conv_predelta-9.f32	a59111de5b291d30fea76e3d8713523f3203770ad11e253915d6c8b84dfcc089
v_conv_predelta-9	9	2	128x16x1x1	8192	pos2/v_conv_predelta-9.f32	f75b42ed4069b4f3d37484419114fd6c4010d1fc0a2f1bfd3d1569f2ec2a6fc2
a_softplus-9	9	2	16x1x1x1	64	pos2/a_softplus-9.f32	b3a5de71dfed8466a1c7f85cbcd19c03d496cf4648cf9ab2bc92e3ada961f961
gate-9	9	2	16x1x1x1	64	pos2/gate-9.f32	420625747d5ed02a121c0efba777ec1369d8704882ea17b03ec9e24482a37d96
beta_sigmoid-9	9	2	1x16x1x1	64	pos2/beta_sigmoid-9.f32	73b64cd9e7bfe10621bffe93fbcc10cc1e1a950c990d99bf46d6cee3ead6be9a
state_predelta-9	9	2	128x128x16x1	1048576	pos2/state_predelta-9.f32	762a8b46c3d7754328a2c382e168876789178dd5814da68d87a4ffec0fcc990c
new_state-9	9	2	128x128x16x1	1048576	pos2/new_state-9.f32	d0620b9ee79c96b84031261d16a374086c42cdc540f91a2d7920e8b2839251b3
attn_output-9	9	2	128x16x1x1	8192	pos2/attn_output-9.f32	8b8afd88d661d781102a02ef9c2550532d055b674c996ee6af073c7956b29d18
z-9	9	2	2048x1x1x1	8192	pos2/z-9.f32	5cb9e1dfa4a7cf44b436dae1d2083c5de211c5116c07748903ba916d2b5f54bb
final_output-9	9	2	2048x1x1x1	8192	pos2/final_output-9.f32	3eb222dd8e30af76bb53e952c8d22f7e99f4f8a9de8cfe380bf0a727a58a04a4
linear_attn_out-9	9	2	1024x1x1x1	4096	pos2/linear_attn_out-9.f32	4bd7c98b01d1e3e50733f08059422b5d273335f675f9d5d3787943ca2bee9b61
attn_residual-9	9	2	1024x1x1x1	4096	pos2/attn_residual-9.f32	3cfb98a6f1fdb4a83643f34a8b1b81172ec4f9c2a2948c40a4c207db5ba117e9
attn_post_norm-9	9	2	1024x1x1x1	4096	pos2/attn_post_norm-9.f32	da1e9475fc899972ef9c1839f6ce9e5cb8d23031a3c3e96f13cb15cd28f9cd95
ffn_out-9	9	2	1024x1x1x1	4096	pos2/ffn_out-9.f32	d92788aff4fd4a69b1da913fb42f0c473d6d53000fe03e2ed24297eaa3797aba
l_out-9	9	2	1024x1x1x1	4096	pos2/l_out-9.f32	06ac897c0aa9809a609e2bee9bdda42a6df18049044e4155b1d0724e0a09ca96
attn_norm-10	10	2	1024x1x1x1	4096	pos2/attn_norm-10.f32	4cc78ddb695140e138f5c2c086ac619b6ef6b4539a94c7300628ad3afb7ff747
conv_output_silu-10	10	2	6144x1x1x1	24576	pos2/conv_output_silu-10.f32	cabe78280436497f5180887449e7398ae222a3685818c7f1429ab036a86c9691
q_conv_predelta-10	10	2	128x16x1x1	8192	pos2/q_conv_predelta-10.f32	0c0c4523d998d2f3821728a236b197e161872ebc57e784e69126550fc8e62c0c
k_conv_predelta-10	10	2	128x16x1x1	8192	pos2/k_conv_predelta-10.f32	0bf1bbbe0a830d1ea6e1c06e4c6ce42f8cfd4c03dc1145bc6c1e97dfc2176d4d
v_conv_predelta-10	10	2	128x16x1x1	8192	pos2/v_conv_predelta-10.f32	debd4235dcd8fa016b606a06793779dc0a7f445ec1ca750be3a78f9764264ada
a_softplus-10	10	2	16x1x1x1	64	pos2/a_softplus-10.f32	d596980d9b53b5444d211f2f54e1f447c00d799e7dd5cf4465d383fd931ac8f4
gate-10	10	2	16x1x1x1	64	pos2/gate-10.f32	b94913fe23726577f2d5a77e5df7312329a4570ded4d6d0e496578b748f178e3
beta_sigmoid-10	10	2	1x16x1x1	64	pos2/beta_sigmoid-10.f32	9cb8477503375bf562ca191acb9eb1d802c932fa13c79a5c488f5dd9481487c1
state_predelta-10	10	2	128x128x16x1	1048576	pos2/state_predelta-10.f32	2e12f2012ec2a7b81599ea7f748c02b84aa329beaaca88fcee6855b3e2676ba5
new_state-10	10	2	128x128x16x1	1048576	pos2/new_state-10.f32	7bbd05dc1e54674d33d1c545837525854672c77cc2836ea4bb5ec7a3d4da3c0c
attn_output-10	10	2	128x16x1x1	8192	pos2/attn_output-10.f32	0a940469f5f82526f9372abd2522ba8403c41be3e885b842764bfe1e1a910a91
z-10	10	2	2048x1x1x1	8192	pos2/z-10.f32	c650c9189a74174d3922c03d214fd501acdebc78a79ebde913dadbaf5d4bb75f
final_output-10	10	2	2048x1x1x1	8192	pos2/final_output-10.f32	0e3ff7a2340bbbcb9618c4cc6ee38627d22345f645dfe7de1065ad4847025744
linear_attn_out-10	10	2	1024x1x1x1	4096	pos2/linear_attn_out-10.f32	ad0e6d0fd24112e207cbf276f3a638e2ec4e7877e34a461359775d3b527ee217
attn_residual-10	10	2	1024x1x1x1	4096	pos2/attn_residual-10.f32	92a8b611e1d98f2f85c4c91b8f24b30bac46a62162f7fa14c6665b2db0f2b06e
attn_post_norm-10	10	2	1024x1x1x1	4096	pos2/attn_post_norm-10.f32	af38222904376c3a40f7e3d75123da09bbc2ff2bcb40c401e5d622eb6903dd14
ffn_out-10	10	2	1024x1x1x1	4096	pos2/ffn_out-10.f32	daa1ef28a76c6cf20ef8c13339879f96e3093cb4c5eedb7c4bf8c608e493bc8b
l_out-10	10	2	1024x1x1x1	4096	pos2/l_out-10.f32	a449010b7ddb49612fe0fe8ea44f0cb0bfac4d2e0f2bbee162187225baae4ccb
attn_norm-11	11	2	1024x1x1x1	4096	pos2/attn_norm-11.f32	3053b5f1e4dd1aa37ee616027663d2eb52b7869c017f545961e68e9946834ba7
attn_pregate-11	11	2	2048x1x1x1	8192	pos2/attn_pregate-11.f32	748470a340d4e748245951e8862ae14441f493e7f59d5a8ecdb98018ede37d36
attn_gated-11	11	2	2048x1x1x1	8192	pos2/attn_gated-11.f32	c0f7aa34b09a7ab065b9b7ea677a937eb57539385f6782c27bc3133ba5f94687
attn_output-11	11	2	1024x1x1x1	4096	pos2/attn_output-11.f32	4e601dd4b2002ec8523ce6218813ffd0416f818f2f16b9006424ddd6b8b77b3d
attn_residual-11	11	2	1024x1x1x1	4096	pos2/attn_residual-11.f32	cb7e8dc3e05d2eb5eec206bf2d2fe34a702c97f5a5632bcc8b21481ec38e3da6
attn_post_norm-11	11	2	1024x1x1x1	4096	pos2/attn_post_norm-11.f32	f139b7301c882c3ff90f5a8703d985f7c7a0c5d415c4ed4450d531e6454414ee
ffn_out-11	11	2	1024x1x1x1	4096	pos2/ffn_out-11.f32	f2c9da1c386209183515acaa241ed8a6c7d15a1e53698e652fee4b2ed5c70282
l_out-11	11	2	1024x1x1x1	4096	pos2/l_out-11.f32	5f0451caa3f32544ace0fa4b6047d11017daaa9a7760f63d7b5a5f3b22922e04
attn_norm-12	12	2	1024x1x1x1	4096	pos2/attn_norm-12.f32	821dfd045bb0396aa0704e4f38d7e7c863da45aefbdc20a837a44839ccd2e0a6
conv_output_silu-12	12	2	6144x1x1x1	24576	pos2/conv_output_silu-12.f32	d85763aa3a39342ac6a77c3b04246d8302569947154d44b02ddbb9fd007568fb
q_conv_predelta-12	12	2	128x16x1x1	8192	pos2/q_conv_predelta-12.f32	c819e12086dd56766591cfee02c85ce8200af2bb7e3d56908a7eb200b419e729
k_conv_predelta-12	12	2	128x16x1x1	8192	pos2/k_conv_predelta-12.f32	eb33bc7084be67b6230638ccf1eb72dd5414dbc15f4b578298d1a07e98cff928
v_conv_predelta-12	12	2	128x16x1x1	8192	pos2/v_conv_predelta-12.f32	4f3e525e0deb34e3d8838f0e8096b11c1ccc350ad01bd846d392a701848a34e4
a_softplus-12	12	2	16x1x1x1	64	pos2/a_softplus-12.f32	7a23bb11023adf4ce6ac18eae22ab61ecb73faf8cca2f56be1680b7d05daa498
gate-12	12	2	16x1x1x1	64	pos2/gate-12.f32	4237a60154a8b9f3b71b36c81fc5d2a3e3cdb2f9d4d3d6b7175d3a292c3333d5
beta_sigmoid-12	12	2	1x16x1x1	64	pos2/beta_sigmoid-12.f32	fa4513da57b48018faa4bfb39c967a97e61a06fe99f6383eb3c60f6b49af295e
state_predelta-12	12	2	128x128x16x1	1048576	pos2/state_predelta-12.f32	33a9902a87d023ed481e0e3cadd486c9b4a95be0263f5bc39f9a46d33d558bff
new_state-12	12	2	128x128x16x1	1048576	pos2/new_state-12.f32	7de803b34ba2a249cc0a1857b2d30fa6bf484b1eea4367f009d6b11041e47079
attn_output-12	12	2	128x16x1x1	8192	pos2/attn_output-12.f32	7a690062e8f12effe70b99fce7099967169a41701fe0cc23b8cec97bc945de78
z-12	12	2	2048x1x1x1	8192	pos2/z-12.f32	b15dff79be931f51aef83ffe694165abd80109d4149c95b3dc6e83d1b25816be
final_output-12	12	2	2048x1x1x1	8192	pos2/final_output-12.f32	ad2b122f116336cf78e0ee5e195221321f766e7a443edad8f66922e236006973
linear_attn_out-12	12	2	1024x1x1x1	4096	pos2/linear_attn_out-12.f32	62f7de19535531057819e8bc28614595aacec7f83075b36ae12fefda1d352ebe
attn_residual-12	12	2	1024x1x1x1	4096	pos2/attn_residual-12.f32	ae3e18e62d02ec557a6f91cabc551ae7277498452bd54f70060574ff145e9f94
attn_post_norm-12	12	2	1024x1x1x1	4096	pos2/attn_post_norm-12.f32	6fdb3a50aaaccdf7f8603f846f870a03a9b412f574971b9d6086489924856957
ffn_out-12	12	2	1024x1x1x1	4096	pos2/ffn_out-12.f32	065bcb7007227e38b79d8c940f52b7d5b3b23b53409faae7794793c6d01b38ce
l_out-12	12	2	1024x1x1x1	4096	pos2/l_out-12.f32	a56ead1011d8eaa8b554b48234cbdba941b4ed1086bdbb3f594bdd8268786ac6
attn_norm-13	13	2	1024x1x1x1	4096	pos2/attn_norm-13.f32	c2807e14377385e47832d39167ba7c3e21fb6ae9f7f31cfcb063a1d2fad95fb8
conv_output_silu-13	13	2	6144x1x1x1	24576	pos2/conv_output_silu-13.f32	fcde1dd3c227ebc9e480ec87fa88daace65ded6d26c4201dabc59f4dfa1c031f
q_conv_predelta-13	13	2	128x16x1x1	8192	pos2/q_conv_predelta-13.f32	4cebc6e06f9bcb5ff653229c983de54d7233e2e6f637acd430b426f1f1fee82a
k_conv_predelta-13	13	2	128x16x1x1	8192	pos2/k_conv_predelta-13.f32	c16f9374e21e9ec26d6ae677ee9deb58936883174e18feffc351d344ad8ceecc
v_conv_predelta-13	13	2	128x16x1x1	8192	pos2/v_conv_predelta-13.f32	14c447de271410b3298a41b72cfb2cbcff5c487ae09c5581ee2534bd9d1c765b
a_softplus-13	13	2	16x1x1x1	64	pos2/a_softplus-13.f32	e8f66dad6a79c4cf0dd908616e14a1715572b83e187e128fa5fad7394bdcb7e2
gate-13	13	2	16x1x1x1	64	pos2/gate-13.f32	364cc2d7d8c4e2bc7e8a0d90d6bb407235149870e5806d8543fbda2af5f8429d
beta_sigmoid-13	13	2	1x16x1x1	64	pos2/beta_sigmoid-13.f32	84108e8051401cd8b532724d76f537888943b6ff650a2f05dc84be53bed87981
state_predelta-13	13	2	128x128x16x1	1048576	pos2/state_predelta-13.f32	29d3ec5533a51fbc6d146f821dc8b52aba423bf346dd043a40b7ff878736c3f7
new_state-13	13	2	128x128x16x1	1048576	pos2/new_state-13.f32	d7b27f295345b4df4cd62f859f05843ed7b4b8602534a15f737b40bc09d7df5d
attn_output-13	13	2	128x16x1x1	8192	pos2/attn_output-13.f32	db65f11a5499a8efe63687149f59586bbc9f0b1b9cc34f0f754cf53fca34047c
z-13	13	2	2048x1x1x1	8192	pos2/z-13.f32	df97b96764288c24a3fe9c54d10423a7f5028c310b87c79c265e4659af70e83f
final_output-13	13	2	2048x1x1x1	8192	pos2/final_output-13.f32	a7e5918bf7832514085d42c1f2bb6e1dfaa5445df72453937c4d4d1df9562ca6
linear_attn_out-13	13	2	1024x1x1x1	4096	pos2/linear_attn_out-13.f32	02ca78dc4273229f0ae5c65a8023c57c871f0a3a55203a62d3fb066bbeeec981
attn_residual-13	13	2	1024x1x1x1	4096	pos2/attn_residual-13.f32	b2d7ce8cffcb36243c6aa21cdd827992a6980a7d832d7239272a596b3c29a36e
attn_post_norm-13	13	2	1024x1x1x1	4096	pos2/attn_post_norm-13.f32	11e6257aebf5435e35b8f68f7260e8d67047ffd04ae4dcc01e35c593a864f289
ffn_out-13	13	2	1024x1x1x1	4096	pos2/ffn_out-13.f32	50c18fcf1a9b01f892394c047320974fb70b5348a42e1dc5b8bade1c84bcd8fd
l_out-13	13	2	1024x1x1x1	4096	pos2/l_out-13.f32	0ab57f643ae3d16ed8a53e37ddfc817215e0f77e44dff2af69a15e43e7f2f623
attn_norm-14	14	2	1024x1x1x1	4096	pos2/attn_norm-14.f32	0faa9e17f7e1626e4530f6b7089262f61c8579bef330c14b42efbb6f0cf7f3fd
conv_output_silu-14	14	2	6144x1x1x1	24576	pos2/conv_output_silu-14.f32	d2bb4907ef7a332ad4bcde36f63206f86083f2f561e19f50b873c53c28f654d2
q_conv_predelta-14	14	2	128x16x1x1	8192	pos2/q_conv_predelta-14.f32	ec180d582aed5300eeea310862047b7c3622584d335444b446e8f298d2914e3f
k_conv_predelta-14	14	2	128x16x1x1	8192	pos2/k_conv_predelta-14.f32	c61ceabf34e6ef0cedf99fc47a3061ddd81243479efefc7d62b195169a827343
v_conv_predelta-14	14	2	128x16x1x1	8192	pos2/v_conv_predelta-14.f32	90027792ab389599468d1c8c1332c06a1708049ea0933d8e408571703392ce17
a_softplus-14	14	2	16x1x1x1	64	pos2/a_softplus-14.f32	05eb88a05390946c1b67eceb1610b6b5e50c630eea9a468e42f80c228ced729b
gate-14	14	2	16x1x1x1	64	pos2/gate-14.f32	842039d233f18d8871e53311a3aeab25f4fdc155b24443dee5780ca0733dc59e
beta_sigmoid-14	14	2	1x16x1x1	64	pos2/beta_sigmoid-14.f32	5afbb14e1b3c9ba415953e48ef7b22100027fdf0c26acfa67dcd3be0f8cdcfa7
state_predelta-14	14	2	128x128x16x1	1048576	pos2/state_predelta-14.f32	bd86374da32f78559f084d08843128fd914e9693a4b810feadc61ed8626356d1
new_state-14	14	2	128x128x16x1	1048576	pos2/new_state-14.f32	8bb72a658af07046ad27e8001dfde0830a477beab079382ce571877a173298b0
attn_output-14	14	2	128x16x1x1	8192	pos2/attn_output-14.f32	9c16fd1a95d141f9fda9eb112e12cac5d0b94f1e40c36b7930da44162ef9fb09
z-14	14	2	2048x1x1x1	8192	pos2/z-14.f32	45c9f546e784b222e99a547a44bbd50c5b2e037bc39dac5f3d84d4e075a8a6e9
final_output-14	14	2	2048x1x1x1	8192	pos2/final_output-14.f32	921606c826434268296786edb2d3e4b272ca261e2e9bfa0de2202ce36531868b
linear_attn_out-14	14	2	1024x1x1x1	4096	pos2/linear_attn_out-14.f32	6d247436056238f0a0208218f586292dcb52529daa7bb1e2781ca76d005158f5
attn_residual-14	14	2	1024x1x1x1	4096	pos2/attn_residual-14.f32	435ef73b3a03757959fdb03bbe8648a8fcae2c40b7aebfe9cbf18e3935f6437a
attn_post_norm-14	14	2	1024x1x1x1	4096	pos2/attn_post_norm-14.f32	f88e32f71a21b24537b421aaa05fb56e4b7cb70dac735749f9bb2004aec9bce7
ffn_out-14	14	2	1024x1x1x1	4096	pos2/ffn_out-14.f32	3972f974ffc2eec78f308c6b32c9750d55c10aae1123c8e728e60e98316346bb
l_out-14	14	2	1024x1x1x1	4096	pos2/l_out-14.f32	619aaf65b44db324244a7eb790e7c1da8f8c26e3889f47b068c70231cba5ed5e
attn_norm-15	15	2	1024x1x1x1	4096	pos2/attn_norm-15.f32	10874da9a9fef52eede707dba0e3204e1065f5906734a341e1252075174571a2
attn_pregate-15	15	2	2048x1x1x1	8192	pos2/attn_pregate-15.f32	9d652b1c1461e9e4371047193c5901144e10455a5741a604ffcf0c418cc8d504
attn_gated-15	15	2	2048x1x1x1	8192	pos2/attn_gated-15.f32	8cc4ad0464495da8356f28b585ecde75048df37429f6bba793008778a929987a
attn_output-15	15	2	1024x1x1x1	4096	pos2/attn_output-15.f32	208dd25ca91229f6047b81f8679f6aec52f7cc8da3449b31a1017bc7271fc691
attn_residual-15	15	2	1024x1x1x1	4096	pos2/attn_residual-15.f32	0c7c4c9d4828c3e9f44315f3009ae8471ff273bfea5c1fb59ed548f538b84eb8
attn_post_norm-15	15	2	1024x1x1x1	4096	pos2/attn_post_norm-15.f32	c7f0f36eaebfce9606ba79c2db3b4590888b7bda4ad02c7cd443cfa756478080
ffn_out-15	15	2	1024x1x1x1	4096	pos2/ffn_out-15.f32	055dcb265fd8417241e12c47157a78cb6b328937acdba6a3fdd7de1fd007d571
l_out-15	15	2	1024x1x1x1	4096	pos2/l_out-15.f32	f80303163fa62a975b272a3418b22dbb28dfd505e79daf63c4a1b6a3cb558760
attn_norm-16	16	2	1024x1x1x1	4096	pos2/attn_norm-16.f32	e56196def8e8156415dfadbd388b59dc9ef4e4c83dd9fd136594cc73365d04e4
conv_output_silu-16	16	2	6144x1x1x1	24576	pos2/conv_output_silu-16.f32	b19993227bc6f2cc9aea9e7cc07aed1bbedd5bb2b055dbe449f69a13942c4b4c
q_conv_predelta-16	16	2	128x16x1x1	8192	pos2/q_conv_predelta-16.f32	578d484e491b1a5c1435af74e8c379124487f83c96e3552c8f82a09b8220a031
k_conv_predelta-16	16	2	128x16x1x1	8192	pos2/k_conv_predelta-16.f32	f8b33f0025d3c50c0e02fb35ee426d58883f3538db8bba3cba5df81536a17354
v_conv_predelta-16	16	2	128x16x1x1	8192	pos2/v_conv_predelta-16.f32	1c42575e71b49a31abe80d874f9a02c5bab9da468b83dc24a72bccfe78e15eae
a_softplus-16	16	2	16x1x1x1	64	pos2/a_softplus-16.f32	ed4d31fb6d9661640726905d47534c74bba0826bd67dbec28885d9d102104e5b
gate-16	16	2	16x1x1x1	64	pos2/gate-16.f32	759f8a2dcf185e069a6e5a5048732065a468b994059798d164abb2428d430e83
beta_sigmoid-16	16	2	1x16x1x1	64	pos2/beta_sigmoid-16.f32	3bdfab6b8a59b6b7a148521f154ff51dc73969427a74d3be452f5bf10a85b829
state_predelta-16	16	2	128x128x16x1	1048576	pos2/state_predelta-16.f32	7b30bac223e5b329f1bcbf7a626f2d886780c32a041471b7bfde402757b9a4dd
new_state-16	16	2	128x128x16x1	1048576	pos2/new_state-16.f32	ececca34fe9399d381d479d1ed972356ba3581772f15fdea6093885c1ff6d981
attn_output-16	16	2	128x16x1x1	8192	pos2/attn_output-16.f32	678c2bc53f6a73e00cec464c8cb16555ebbf688b8dca198c96d1dd888afa6f3d
z-16	16	2	2048x1x1x1	8192	pos2/z-16.f32	faf0d2110bbc21574b876c2173e3d1c1509c92aacaaae6cc32a9d924b36f2e9b
final_output-16	16	2	2048x1x1x1	8192	pos2/final_output-16.f32	5c6d48831e7bcd8717030eac0fedfbc2bdc39c0b35713661120210f3955d12f4
linear_attn_out-16	16	2	1024x1x1x1	4096	pos2/linear_attn_out-16.f32	82928c182b448a89d490f06fb086a3279c330e926d43b250bb43de9523663d78
attn_residual-16	16	2	1024x1x1x1	4096	pos2/attn_residual-16.f32	707380ab0737fe3b474549d0c12948a8e601cde8039677c91e4d6140fcf94e11
attn_post_norm-16	16	2	1024x1x1x1	4096	pos2/attn_post_norm-16.f32	0df9f648989b66a08df0d9b88c2c1de0f218116ccf4bff4dcbb86b40482cf0f4
ffn_out-16	16	2	1024x1x1x1	4096	pos2/ffn_out-16.f32	7a0e8e853477711e16619f27007a591a824be017f22595eecaa5a21c23f1f37e
l_out-16	16	2	1024x1x1x1	4096	pos2/l_out-16.f32	51d8c536a0b5208e17ecf1869b7bef205c78e74bd66931179a5b5ea2f4e3de68
attn_norm-17	17	2	1024x1x1x1	4096	pos2/attn_norm-17.f32	dcd878d9e79c3a94c33b472cd85b382a25d7e65bc220e82fcdbb3b17d6ee6d7c
conv_output_silu-17	17	2	6144x1x1x1	24576	pos2/conv_output_silu-17.f32	d85116e67dd783f52f1ad66ba3d330e958495b945800b27fbec99d809af297e0
q_conv_predelta-17	17	2	128x16x1x1	8192	pos2/q_conv_predelta-17.f32	d9902ce30e067d7699803c8d052ef6923974117ae1455d1d27baed27ec47ae99
k_conv_predelta-17	17	2	128x16x1x1	8192	pos2/k_conv_predelta-17.f32	a84e44439e9a8488cf6b747befffb17c37ae8aa27b4b6952a2802221f3a4fe34
v_conv_predelta-17	17	2	128x16x1x1	8192	pos2/v_conv_predelta-17.f32	badb2196f3bafd7a05a316de7ff3a4e7976969d33a8d46f1a39e204aa1055844
a_softplus-17	17	2	16x1x1x1	64	pos2/a_softplus-17.f32	2c93d5e50250524e01287d60cf7a0e0cc70dad37c56fee19400c683919d78f3b
gate-17	17	2	16x1x1x1	64	pos2/gate-17.f32	541c1e7ba354e8121db2721ea3a5bb2565d4817a3ac8cefd09afe20e149d6909
beta_sigmoid-17	17	2	1x16x1x1	64	pos2/beta_sigmoid-17.f32	0a514ba2998ff6edc4430793f580327185d425fa3eb86cc30553fa8d6e4eefee
state_predelta-17	17	2	128x128x16x1	1048576	pos2/state_predelta-17.f32	5dd128b2873eae36e5f067174312a8ad384accc6ffbfcf850b542865c7793de8
new_state-17	17	2	128x128x16x1	1048576	pos2/new_state-17.f32	3a048b28d19473433ba461982f8b6560c3ea524f80655bf818ef9ba650dc9f91
attn_output-17	17	2	128x16x1x1	8192	pos2/attn_output-17.f32	2798f4a91b63b1a8d3526ee003e9e3ceedacf0b7d093db9a92b2ea03b877e1fe
z-17	17	2	2048x1x1x1	8192	pos2/z-17.f32	fcb026ff1ffbc91ba63e826516867cbdd8829296c7f905f386f7ea4f53c95fdc
final_output-17	17	2	2048x1x1x1	8192	pos2/final_output-17.f32	ed42abb1b5f93e3e008520c800820106503df2289df88bb59bccc0bd0ffdee4b
linear_attn_out-17	17	2	1024x1x1x1	4096	pos2/linear_attn_out-17.f32	676bf50d7d561c5e03d83c979a2054942c53bf33c6e25fe824d182c070859b63
attn_residual-17	17	2	1024x1x1x1	4096	pos2/attn_residual-17.f32	da8d3ce31598d41efed4f745e6cdb95026594fe3d50c6a795bf0ccbf0ca5418e
attn_post_norm-17	17	2	1024x1x1x1	4096	pos2/attn_post_norm-17.f32	b97516d63b2759ea35b97a9fa750b324e6010d74b041fa634df5559c87a16cd1
ffn_out-17	17	2	1024x1x1x1	4096	pos2/ffn_out-17.f32	5b8104da844a33d5655b1c913c30a27e509d3a0b5d19c14d8d5a010246475b67
l_out-17	17	2	1024x1x1x1	4096	pos2/l_out-17.f32	36c552e33fab6390b21b94070f42209960caa1597158c1474503ff64331940b2
attn_norm-18	18	2	1024x1x1x1	4096	pos2/attn_norm-18.f32	1d80bde672e1c6e52cc2cb2feb10d16c9bc9bfd6d396df08a512f01447db12ad
conv_output_silu-18	18	2	6144x1x1x1	24576	pos2/conv_output_silu-18.f32	3831e73ef2b43d6f00405f762975fbc1d375ef9682d206211cd05b88a2e05076
q_conv_predelta-18	18	2	128x16x1x1	8192	pos2/q_conv_predelta-18.f32	0be6a661274829933270d59c2245b62145db9927e912d5e3bf250c9e7385bfff
k_conv_predelta-18	18	2	128x16x1x1	8192	pos2/k_conv_predelta-18.f32	eeb3c1616352131fe4cf641ddaa2331693c35ff3dd5d015cf0df78ead7a3a0a4
v_conv_predelta-18	18	2	128x16x1x1	8192	pos2/v_conv_predelta-18.f32	ebda798faaa901c1d6a6b455887823e59dfde291f621b987f039f9b1a96f0aa5
a_softplus-18	18	2	16x1x1x1	64	pos2/a_softplus-18.f32	f4b14707f3607624c47d587d72072c855592e3f53d567d8bdfc66eac63176465
gate-18	18	2	16x1x1x1	64	pos2/gate-18.f32	6007124716d431048f6cea6a79fe216fbda7dcb1a8943096031512c7a5d044cf
beta_sigmoid-18	18	2	1x16x1x1	64	pos2/beta_sigmoid-18.f32	2c9cd265eaa2ae1c3ef6e0669c218bfbc9e17d93ad9e0528f280ae96047022f0
state_predelta-18	18	2	128x128x16x1	1048576	pos2/state_predelta-18.f32	985fe648c3439b355663646ef17b4961aa61e4803d85a5c8e092cd549a39a681
new_state-18	18	2	128x128x16x1	1048576	pos2/new_state-18.f32	f51fc06344bb2187aaa112244f2efe9323b109c0ef27d3e5ec437ffb8d133e13
attn_output-18	18	2	128x16x1x1	8192	pos2/attn_output-18.f32	3c8768e5f2ec70e127f93cb7e14e592788503f838a78cc5b796a50b372ca31bf
z-18	18	2	2048x1x1x1	8192	pos2/z-18.f32	d9800a4a78331a053557291b389f3f8eee43b2e945496427612b46c99972f74c
final_output-18	18	2	2048x1x1x1	8192	pos2/final_output-18.f32	0ccedde075144dcec0a392194aeef96d2cb7dcb047201265e1e54af4e9f0d2ee
linear_attn_out-18	18	2	1024x1x1x1	4096	pos2/linear_attn_out-18.f32	eddd3d9c33d42c677e271adca647a3b46e830df0b3273d539ffb8e003eb4421a
attn_residual-18	18	2	1024x1x1x1	4096	pos2/attn_residual-18.f32	cdd0b68ac4e8a5839f1c5332124b4946120bc80396de3c1a2ce635397db248b8
attn_post_norm-18	18	2	1024x1x1x1	4096	pos2/attn_post_norm-18.f32	575170a3595c0369a8f536fdbcc08a00ba805b5d925b38a30da6118970bf74b9
ffn_out-18	18	2	1024x1x1x1	4096	pos2/ffn_out-18.f32	18f5a4a638f2854a1a709fdd429e65d9e9de74c418c615a206db4c135a645153
l_out-18	18	2	1024x1x1x1	4096	pos2/l_out-18.f32	6c443f7df06490175106b20a732e649fedd89d37573b15aaa82221f4d4fc6b50
attn_norm-19	19	2	1024x1x1x1	4096	pos2/attn_norm-19.f32	c822821bcf2161c22664a3df0ea560c17590cb2c711c36f2a49c5bcfbdb1927e
attn_pregate-19	19	2	2048x1x1x1	8192	pos2/attn_pregate-19.f32	4fa3f543bc55dfa36f8dcad8344daba49cabebfc582745c4f4f86de27f030592
attn_gated-19	19	2	2048x1x1x1	8192	pos2/attn_gated-19.f32	8613bc787aaa15dcd63960645f9399639f873dc35c246ef9df107ca349568151
attn_output-19	19	2	1024x1x1x1	4096	pos2/attn_output-19.f32	34f5359a0cc45bd6a5d0d998e76b14e2386e080c1a89bff9d967a798cfbe1012
attn_residual-19	19	2	1024x1x1x1	4096	pos2/attn_residual-19.f32	c34964b8bf92a2c5df3c0915acb0346d853f436c66844cb4309297d4a1b8c725
attn_post_norm-19	19	2	1024x1x1x1	4096	pos2/attn_post_norm-19.f32	0a0604732e8291e9b0bade99ab7656dddd195d85242b2e587d99eb534dd12506
ffn_out-19	19	2	1024x1x1x1	4096	pos2/ffn_out-19.f32	4293716ed4ae1589f538d011fa3d0d4a413c41ddbbfa0f3f19f1ea464058f13d
l_out-19	19	2	1024x1x1x1	4096	pos2/l_out-19.f32	6608a64076913566013b9f38ff6cfd6ae9ec1700347483adb69f68b534934d4c
attn_norm-20	20	2	1024x1x1x1	4096	pos2/attn_norm-20.f32	da35c166c1634a1af734060348216b4c4bc14ede346eecca714b12ebbf3695f1
conv_output_silu-20	20	2	6144x1x1x1	24576	pos2/conv_output_silu-20.f32	95cb8797f0e687cf00279eecd91fd292bf3cbfd9e88380d1943d2447ce8d3f41
q_conv_predelta-20	20	2	128x16x1x1	8192	pos2/q_conv_predelta-20.f32	44ccf99c4caf596c180ad76d8280e25398cf3b148024b20efe7bbe70c71d1641
k_conv_predelta-20	20	2	128x16x1x1	8192	pos2/k_conv_predelta-20.f32	e730b9464d3b97d49d708a30f5ee715991329a4dc613c49251352d15addb6bdd
v_conv_predelta-20	20	2	128x16x1x1	8192	pos2/v_conv_predelta-20.f32	8420e85552f4df4c6a82482287c00ba30d6210d484a4b338264832635f7023e6
a_softplus-20	20	2	16x1x1x1	64	pos2/a_softplus-20.f32	b3d7c9c8f2c682d418bffc9359798e17224d98c22c6631d16bf74ca96fbecb19
gate-20	20	2	16x1x1x1	64	pos2/gate-20.f32	d088a689a4601d5131e4246927fcfc14cf2d051f4ee16056d7e30648d6afd392
beta_sigmoid-20	20	2	1x16x1x1	64	pos2/beta_sigmoid-20.f32	6346c99d7a9f2aa4bc3fc0db67b5c7d0dbdd211f7b527499390f387477658f5e
state_predelta-20	20	2	128x128x16x1	1048576	pos2/state_predelta-20.f32	4cba03563fd1bbdec0189e4310573fdfb38a605351cc4f9521b247085b76857d
new_state-20	20	2	128x128x16x1	1048576	pos2/new_state-20.f32	e12786edcac5d6b97c4676e14bd52f0869c265561c7538d6d5021a8d242e1fba
attn_output-20	20	2	128x16x1x1	8192	pos2/attn_output-20.f32	de3c24f989f1af2b2f40150b5f55495a81b6b1fb445c78fe45bbe55c6165bdc7
z-20	20	2	2048x1x1x1	8192	pos2/z-20.f32	643f5380ae51713297f06724934050319c443b5b837aabde0bf7966f716d251b
final_output-20	20	2	2048x1x1x1	8192	pos2/final_output-20.f32	a5e7528504058ef47792e83aed73966abcb47833975920cdfa42c8cb1f17c194
linear_attn_out-20	20	2	1024x1x1x1	4096	pos2/linear_attn_out-20.f32	ff41135c6b45bb57fb230cb417812614e03ecf394f7a97c5a4259d8c5918adeb
attn_residual-20	20	2	1024x1x1x1	4096	pos2/attn_residual-20.f32	f55d549138fba788fb8353c4ba3e90730df3bd4ee6237182c8674dfd321ff3a0
attn_post_norm-20	20	2	1024x1x1x1	4096	pos2/attn_post_norm-20.f32	f3d2ce08dddfe55efb712608a792a79401e4b97e82c47f1cb68d48588902fd84
ffn_out-20	20	2	1024x1x1x1	4096	pos2/ffn_out-20.f32	a45f5556972e9722c7fcdd35f5b03698a4881c0942dcc8ee3fe07bb0af0e99b4
l_out-20	20	2	1024x1x1x1	4096	pos2/l_out-20.f32	a70e6fa65db65ed3b8b5addc9e0b97deb4a917f44dc9be579fa2c9888c711317
attn_norm-21	21	2	1024x1x1x1	4096	pos2/attn_norm-21.f32	fbcc290e6d1da13eeb22a4c6b4bdd04ddea8f0b486aa99f565fce8f17b9e8286
conv_output_silu-21	21	2	6144x1x1x1	24576	pos2/conv_output_silu-21.f32	740932071d5f273eeff0f2dde681b8c80d408f0363f570f87bcd7224f2ef10f2
q_conv_predelta-21	21	2	128x16x1x1	8192	pos2/q_conv_predelta-21.f32	a98edb00b7f35288569456fb9bb60af5c02df794b0590a14ff299b6f2d6bf106
k_conv_predelta-21	21	2	128x16x1x1	8192	pos2/k_conv_predelta-21.f32	0d1441fc0a2c3a9fa431364a4bb0151eab3d484c678adc3587e8264e5f311a98
v_conv_predelta-21	21	2	128x16x1x1	8192	pos2/v_conv_predelta-21.f32	4261876c17920dcc4c6edb849bcebc58469fc1cda1c984e769705d2b448472c0
a_softplus-21	21	2	16x1x1x1	64	pos2/a_softplus-21.f32	15e567b6d71fb4f7ca0b00428fbfc9bbdafbaeffabc311a26e1d0bc12ccec462
gate-21	21	2	16x1x1x1	64	pos2/gate-21.f32	339ebfc403e085770f84a8555484b3ce5140887b3b2f028a0d7ac7138427f331
beta_sigmoid-21	21	2	1x16x1x1	64	pos2/beta_sigmoid-21.f32	0937600311fcb1da8aba1355bb89d127c3ca0309ebd4f1cfa99916aa3ebed399
state_predelta-21	21	2	128x128x16x1	1048576	pos2/state_predelta-21.f32	372db5c3e4da561cc357a7e5ed0cfbebac25891d3333e24fc07805cde6a418b7
new_state-21	21	2	128x128x16x1	1048576	pos2/new_state-21.f32	036f68f8697e73349caf65894758acf694cbb02013e0478a123ce5e0c6cba29a
attn_output-21	21	2	128x16x1x1	8192	pos2/attn_output-21.f32	9f7292a10e86763b598cd76c881f59d039cbcab7bb72db551288924096e351c5
z-21	21	2	2048x1x1x1	8192	pos2/z-21.f32	a41d5bba704ec4493ba9c916e3c6f18a28f323a4bbd852819fc64a4245659a86
final_output-21	21	2	2048x1x1x1	8192	pos2/final_output-21.f32	0db34c828c274938e860fd2a03bd248c5059a4d0e512a4ac16bff928a752145d
linear_attn_out-21	21	2	1024x1x1x1	4096	pos2/linear_attn_out-21.f32	caf3dce138b37bf33d9fe10e38a82b4b9a88bf60fa6312cad024e8cce279b3e5
attn_residual-21	21	2	1024x1x1x1	4096	pos2/attn_residual-21.f32	bcbc50072bfd5e690e5423562848706bb68d9f2c707b30f2acf43f81916dfa0d
attn_post_norm-21	21	2	1024x1x1x1	4096	pos2/attn_post_norm-21.f32	5feb758f5dbe02f02acf0062e95d4102658a18ab46ec0a45174e69f010b3e1fc
ffn_out-21	21	2	1024x1x1x1	4096	pos2/ffn_out-21.f32	a5b735a01cbc5ae51e97dd7bf676ce79ed530e8eae787d963a64c13222a5bc11
l_out-21	21	2	1024x1x1x1	4096	pos2/l_out-21.f32	0cce7d34f142e8dae92bba41e47265b5f70eafba6c513e88c97d07fb51cb8a1b
attn_norm-22	22	2	1024x1x1x1	4096	pos2/attn_norm-22.f32	d53116ac4a230d861b26a2f34849a98a3a8f16f117a03fad549ebf2a19ab104b
conv_output_silu-22	22	2	6144x1x1x1	24576	pos2/conv_output_silu-22.f32	ea987de29526f5e725b259ff6d3e1989b111ff26778dff51f10b8000f23589fd
q_conv_predelta-22	22	2	128x16x1x1	8192	pos2/q_conv_predelta-22.f32	63c622b6dd3bfec6776e820c208b205cac4e6428d56208fb4f4183f678f1d91e
k_conv_predelta-22	22	2	128x16x1x1	8192	pos2/k_conv_predelta-22.f32	2fd9dd7e639311d8f1f8c0ef1fdc7a17b5c3a7d8d549498ce4c85fdb5712c364
v_conv_predelta-22	22	2	128x16x1x1	8192	pos2/v_conv_predelta-22.f32	dfdb85e771dffbfc7a4b729b32cb365cf4b6834beb77c692ff01d10c217c888b
a_softplus-22	22	2	16x1x1x1	64	pos2/a_softplus-22.f32	87ac3f428ef17979b915b2fffcfa5b7fafa6f542835ce8dbf710f9fc45f47743
gate-22	22	2	16x1x1x1	64	pos2/gate-22.f32	b789913a3fbad30d34f61977b5aa57596acf2ce532dd73fca211fb38edf58267
beta_sigmoid-22	22	2	1x16x1x1	64	pos2/beta_sigmoid-22.f32	ce198d6d5c306209c6dd9c63104e9c96cef78cbbbc0ee81fd84ee6e0d56489cf
state_predelta-22	22	2	128x128x16x1	1048576	pos2/state_predelta-22.f32	1742b891d9d3c93a9e1ce53e55a9073bd24c5b0b6f481ddd3b03ee7ef5473064
new_state-22	22	2	128x128x16x1	1048576	pos2/new_state-22.f32	cfd2f96164ad8efc2cb9e1cc01c31230ac606b9d15277f7e45935ffa56a714a0
attn_output-22	22	2	128x16x1x1	8192	pos2/attn_output-22.f32	4fc7121dc9d5570f6e5188a81c2f26dea26cacdb47390239f4d0eef5f75079e1
z-22	22	2	2048x1x1x1	8192	pos2/z-22.f32	874b72d547f7e994d77c948c117ea9bf764f5fa1ff01f3db8df8c06cca5c8b4c
final_output-22	22	2	2048x1x1x1	8192	pos2/final_output-22.f32	3345f4d7d543b941e5f0f85839caa15b82a22fea4dc22afa99b820dd429e3723
linear_attn_out-22	22	2	1024x1x1x1	4096	pos2/linear_attn_out-22.f32	e3b942e7b2338abffb9c065c3d06c946f6cc7f7f9763a6385480c460195658c8
attn_residual-22	22	2	1024x1x1x1	4096	pos2/attn_residual-22.f32	3725e321af8895260ffdf6d6cc6081937371e7ec80944c162c652a50fc2fa2bb
attn_post_norm-22	22	2	1024x1x1x1	4096	pos2/attn_post_norm-22.f32	91737062c9099be834b57323402e366a3f9ad6a5293ee1f3a6ffeb28ec4f5974
ffn_out-22	22	2	1024x1x1x1	4096	pos2/ffn_out-22.f32	f101b364ea016496615ba940cb03ae420bac4d7bb8a92ceb196a460436b6c6c0
l_out-22	22	2	1024x1x1x1	4096	pos2/l_out-22.f32	35876d3a52bdb0392af22edf34ac4c0be979fa1e64a27c16b917a5143784a9ea
attn_norm-23	23	2	1024x1x1x1	4096	pos2/attn_norm-23.f32	74dc7fb3c4caaff547c3c39427ff1855fd348f765b28fb71487759eee5af49f7
attn_pregate-23	23	2	2048x1x1x1	8192	pos2/attn_pregate-23.f32	6340cfb4b44aeb6036c649941e465172e7b6f3dc4a2a5d16160a1d5a5e43a820
attn_gated-23	23	2	2048x1x1x1	8192	pos2/attn_gated-23.f32	32573484f47c3badee405b6e881629704de7ba1e2a92ed77cb3f56ff556346bf
attn_output-23	23	2	1024x1x1x1	4096	pos2/attn_output-23.f32	928dadb0cee71f292dbe20e0bf9eda449bec1dc6c075900d4e631be48fc2a40c
attn_residual-23	23	2	1024x1x1x1	4096	pos2/attn_residual-23.f32	76042abb58d537af9149808cb3dca6d0e6707d21ec0895619536a826591ec64e
attn_post_norm-23	23	2	1024x1x1x1	4096	pos2/attn_post_norm-23.f32	b451defc207c76acb1dc4aef0badc74110fe93299e9c73e19b4af4af2acc4aeb
ffn_out-23	23	2	1024x1x1x1	4096	pos2/ffn_out-23.f32	c60f0ebdbb128e79bcac5d68c993ac78bd75a9734a08fa50da35c3fa0adbed90
l_out-23	23	2	1024x1x1x1	4096	pos2/l_out-23.f32	5f95953f4907e7b687fa6cb9068709d9a7e88918b2c16198e38264650ca1264f
result_norm	-1	2	1024x1x1x1	4096	pos2/result_norm.f32	fd12f97a30167c3975dd5ab68cfd0395d59dda22794b55e127def03985fe7408
result_output	-1	2	248320x1x1x1	993280	pos2/result_output.f32	b6186734e6b4076b630867d7efd22f276922de648727c271b764a346ffdd0f81
model.input_embed	-1	3	1024x1x1x1	4096	pos3/model.input_embed.f32	58800e60994aaed001f2732a140e2002cc59d01c60217736438fd8dc8c27a97c
attn_norm-0	0	3	1024x1x1x1	4096	pos3/attn_norm-0.f32	8f4cc81054982617133fbbdee73abd58e024e10f1b90d5311c3bda59bb6058db
conv_output_silu-0	0	3	6144x1x1x1	24576	pos3/conv_output_silu-0.f32	a1888fad0becd93f53e360706bc85ab0f965c2485a83de3144a554ffaf492417
q_conv_predelta-0	0	3	128x16x1x1	8192	pos3/q_conv_predelta-0.f32	e1bdbc902ad2fa8658988244eb76cafc646b6900bd9b1049cf5feafd8f118f54
k_conv_predelta-0	0	3	128x16x1x1	8192	pos3/k_conv_predelta-0.f32	7decf650ca3efd65fea5ca9e6a3cbaee5fcd189a172d578b6ea1f1eda2b68dd5
v_conv_predelta-0	0	3	128x16x1x1	8192	pos3/v_conv_predelta-0.f32	4007d3baef0f748f2c771f2e61261ce02a356edb9535bd6f94a347312bfaba5f
a_softplus-0	0	3	16x1x1x1	64	pos3/a_softplus-0.f32	0cbed55517ce76ca515bfd4a00b0c72540fbdeb2702d9ba830be65c5e4bce6dc
gate-0	0	3	16x1x1x1	64	pos3/gate-0.f32	100637a33f2c75b3fd2b5b32f482bf877ebdfcb356792686251a3f25489a2260
beta_sigmoid-0	0	3	1x16x1x1	64	pos3/beta_sigmoid-0.f32	cb5dbd517f9d9205c20bd13258a700f674bc27716d417fbbf9dd30587be76336
state_predelta-0	0	3	128x128x16x1	1048576	pos3/state_predelta-0.f32	3f2706d0e5ec52f69c1b8cbaed0165272efe0ebd9bcf89245ccc43dd44d61a2b
new_state-0	0	3	128x128x16x1	1048576	pos3/new_state-0.f32	bcee3e689a160007fea843d6e9176c40fcc5a617630c8a1ee4aa7f875cee7bef
attn_output-0	0	3	128x16x1x1	8192	pos3/attn_output-0.f32	493393c723ea0dfb0800384c8a9e3dc8775803ba37a0375d64aeead0c9f141a1
z-0	0	3	2048x1x1x1	8192	pos3/z-0.f32	02947a44786b125cc9c9fbcc80a8c9cc16460005a752d6cb898111d6ca63beda
final_output-0	0	3	2048x1x1x1	8192	pos3/final_output-0.f32	ba712e77abe6706d4faa8fb3c4b78ce976152e25e876744239c04ae5747427a9
linear_attn_out-0	0	3	1024x1x1x1	4096	pos3/linear_attn_out-0.f32	a03b4155a0ef15b782becf0dd51220c4257505ac2b3865f834ceaa8ae3628cd5
attn_residual-0	0	3	1024x1x1x1	4096	pos3/attn_residual-0.f32	1c7120c786d49c4ade9bfa5dbb3f3494b63df5bc6787afefafc826d7f4e565ef
attn_post_norm-0	0	3	1024x1x1x1	4096	pos3/attn_post_norm-0.f32	18e61d978b27416d6d59970a5c1f4b68f6355b7638e1f609ec08f26eb24d4b38
ffn_out-0	0	3	1024x1x1x1	4096	pos3/ffn_out-0.f32	10d667082b3f29c53fab2ce5f8ccb6d79626b0b4bb9909962b061eb91c9fb255
l_out-0	0	3	1024x1x1x1	4096	pos3/l_out-0.f32	d2c8cc726cccb4251800dba6adb0d43fb4dfef87dc17585581253964ca6520e2
attn_norm-1	1	3	1024x1x1x1	4096	pos3/attn_norm-1.f32	20e1fc1c068e098b3383a90ce4d6b563c2d99066ef074a00adb68711e8a48c1a
conv_output_silu-1	1	3	6144x1x1x1	24576	pos3/conv_output_silu-1.f32	269aaff93aea62b87c5416b33b15e288acc31652eee38e2c2da89a7df06a9d24
q_conv_predelta-1	1	3	128x16x1x1	8192	pos3/q_conv_predelta-1.f32	d7580f0277e1a6ae577b541711c1bf2426e52a49d4e691b1a868aad0a7e1a6a0
k_conv_predelta-1	1	3	128x16x1x1	8192	pos3/k_conv_predelta-1.f32	6a4208e0a767758cb6d2a0fde869feec12c32bc1ef6610ec9ee2da62e1b12456
v_conv_predelta-1	1	3	128x16x1x1	8192	pos3/v_conv_predelta-1.f32	f4808e4904a3d8f32f6ccfca79c411abac36533d86607af8cc86762659a37e88
a_softplus-1	1	3	16x1x1x1	64	pos3/a_softplus-1.f32	99f759f32aed71b17791641275ec0b68b6a801a8ca334a3d71dd795eec7aa9a3
gate-1	1	3	16x1x1x1	64	pos3/gate-1.f32	a7f9f3751e061833ee3edef2f0d566f33c67dd424a7d34b0bb3ad4e5c54fbc95
beta_sigmoid-1	1	3	1x16x1x1	64	pos3/beta_sigmoid-1.f32	a23e1d782e4ea463c1c7b6185e829a4893b8de44590da9ec6399e06f896f9d0d
state_predelta-1	1	3	128x128x16x1	1048576	pos3/state_predelta-1.f32	d417ad3357204364d6d49aee412ae7d733725d52bee4f72a452d08ee3f31188b
new_state-1	1	3	128x128x16x1	1048576	pos3/new_state-1.f32	5c95bfe2ee5585427a9113d895aa23e11ad2eb5fd8af5350fd53d6371e4155db
attn_output-1	1	3	128x16x1x1	8192	pos3/attn_output-1.f32	63093eef603e3b1a3690c0bb38172f4a41c301eb6d97c64a2df64e56e67c00f9
z-1	1	3	2048x1x1x1	8192	pos3/z-1.f32	c6541bf8a34fc37ffc777f53f156953302a7fabda2b508883eeb18239139576a
final_output-1	1	3	2048x1x1x1	8192	pos3/final_output-1.f32	20dd9e3fe54a6a144b9fb4d8754e0daa7a1435f4e45b4630724f971f89ad0f31
linear_attn_out-1	1	3	1024x1x1x1	4096	pos3/linear_attn_out-1.f32	8b35ebc815f28877156ad51d9b782a6b66e5c28b6c66fe5c4bd0176e5cc069ba
attn_residual-1	1	3	1024x1x1x1	4096	pos3/attn_residual-1.f32	8ccc307b365c47a646c7bed02273b9d67526f455607515986b534b1582231466
attn_post_norm-1	1	3	1024x1x1x1	4096	pos3/attn_post_norm-1.f32	87680b101a6113e6bf9d9485acbcd874f27301112693ed033e22e54abe12857b
ffn_out-1	1	3	1024x1x1x1	4096	pos3/ffn_out-1.f32	2c5a27a2878791da2a9b67f6f7ae3c60539300c0e1f18220cb763a7764ca869b
l_out-1	1	3	1024x1x1x1	4096	pos3/l_out-1.f32	22541e4b6abaf331fb6f6f74a8faba36316a20a7f1c73a35a71647188e2f717d
attn_norm-2	2	3	1024x1x1x1	4096	pos3/attn_norm-2.f32	0bf0f023a1f1e679b8b7b20acd091a1432d6fda81d384dc0e07bddec0aacab16
conv_output_silu-2	2	3	6144x1x1x1	24576	pos3/conv_output_silu-2.f32	ae0f875ebbece8f8cd603ca030462e5994230fac49b8e0f7e050906902d78abc
q_conv_predelta-2	2	3	128x16x1x1	8192	pos3/q_conv_predelta-2.f32	569cfcb4ad4eba8e6f047c92e08c36e8d86fe322eed8bb6b1c6bf6928461cd24
k_conv_predelta-2	2	3	128x16x1x1	8192	pos3/k_conv_predelta-2.f32	060ef2f751ab954ded55ef7601d56251b209f9b94265d9b9f365d29dff6aa30c
v_conv_predelta-2	2	3	128x16x1x1	8192	pos3/v_conv_predelta-2.f32	12fbc9acdc7af26f454b518de0950e9b3b8f170a28e0ffbff785294c2ce5b3da
a_softplus-2	2	3	16x1x1x1	64	pos3/a_softplus-2.f32	fba290cca84b0a19d0df26437ad8e5e8f44606d781a29fd2a32fedd8494f2dea
gate-2	2	3	16x1x1x1	64	pos3/gate-2.f32	530e08416548a2b930a3bd1a3d5b6322c80903145aa30e361ec6a471c03888a2
beta_sigmoid-2	2	3	1x16x1x1	64	pos3/beta_sigmoid-2.f32	c5b925791e7871c8d5b8e1a59c3f95aab4d7d8116814aa9ca5b90751e6ea54ec
state_predelta-2	2	3	128x128x16x1	1048576	pos3/state_predelta-2.f32	214e2649f10842d76f11afbb928d19900f76a8b3fc494a0936d13b23816d127c
new_state-2	2	3	128x128x16x1	1048576	pos3/new_state-2.f32	2f18405fc8394ddc7f604bc20b0deb2b9f975dec3384fafd788c223ce93fe651
attn_output-2	2	3	128x16x1x1	8192	pos3/attn_output-2.f32	4fa3ae118ee051e4fa4f0063ba051c7cf6391bd27cc8cc7fdd545e03e9bc540d
z-2	2	3	2048x1x1x1	8192	pos3/z-2.f32	b67318c6f8a7c9fbe6319029656f6ce0324af179b0a4386b7c72d72b9d11a0f5
final_output-2	2	3	2048x1x1x1	8192	pos3/final_output-2.f32	fdae425d8e9f7022e5b22923a8478e425715c901fe947183b2b9b50d24f9ebcd
linear_attn_out-2	2	3	1024x1x1x1	4096	pos3/linear_attn_out-2.f32	da198f3eb5b9c5fa32dbd0b5660d6c8d72a5b809bb1f21396c1f0d95613d3c0f
attn_residual-2	2	3	1024x1x1x1	4096	pos3/attn_residual-2.f32	ddd1288a0dbe3f57b2f4eeca39f79472fc065e139c9ba6ca453bccba219a738d
attn_post_norm-2	2	3	1024x1x1x1	4096	pos3/attn_post_norm-2.f32	e9de06e2de94f4085470cfa10522878f9ed755bb02e7cba7b12b2ffe0f2f6f3d
ffn_out-2	2	3	1024x1x1x1	4096	pos3/ffn_out-2.f32	ef65d5cb458cc479496c9ddd942a3b6637ea7ac84a8bda70366b71751beace3c
l_out-2	2	3	1024x1x1x1	4096	pos3/l_out-2.f32	b29c842ce20765299f40a2f30b7d3269b720a38282f0d53cab418cf060c5f650
attn_norm-3	3	3	1024x1x1x1	4096	pos3/attn_norm-3.f32	02fbf59f1c444cacb141a0233cafcbaf2949fab33817713f10b1c20e7d1ec18c
attn_pregate-3	3	3	2048x1x1x1	8192	pos3/attn_pregate-3.f32	a6874a5afa5cdf136c993e0b7c59b8a23bbb49577190f0695ba352540b485d00
attn_gated-3	3	3	2048x1x1x1	8192	pos3/attn_gated-3.f32	4330dadba14d97d90b9435e6bb634972a2b80c165f8383b1190156595c2d31da
attn_output-3	3	3	1024x1x1x1	4096	pos3/attn_output-3.f32	95934718411d3f8abbfd558b47cd559a66aaaf897b8f7b904a71176b18d0172c
attn_residual-3	3	3	1024x1x1x1	4096	pos3/attn_residual-3.f32	bf5aab76ee11e0cf4c120debc31ba4de9c3c247c1abd6382e704a6961e8c8783
attn_post_norm-3	3	3	1024x1x1x1	4096	pos3/attn_post_norm-3.f32	c15e96877de0f093cf71fbead8e1b31b8e1e95dd29aa144a5d2d33ebea2369d6
ffn_out-3	3	3	1024x1x1x1	4096	pos3/ffn_out-3.f32	1fb56c301194a442de265e2ac423cdc465dd8be39aa49a8b54d5e9c1bba70189
l_out-3	3	3	1024x1x1x1	4096	pos3/l_out-3.f32	1d1eecfd8c0306bd7fcd48f9fafd7b89b36d0dfe537ad1c9ac5bb7b64b40a110
attn_norm-4	4	3	1024x1x1x1	4096	pos3/attn_norm-4.f32	12afd0715874c61b3b6dbb262b7d133af6343d0f5d738af45132f7e07d7dc660
conv_output_silu-4	4	3	6144x1x1x1	24576	pos3/conv_output_silu-4.f32	4cd4ef032e5e3884590891d1e0d1f0fde8f81885f6c9a00ceced3a0f39cd0e47
q_conv_predelta-4	4	3	128x16x1x1	8192	pos3/q_conv_predelta-4.f32	14bd785a835513676bf7f09c41767c5853acd9ee969251dd134dcd183cfd3b24
k_conv_predelta-4	4	3	128x16x1x1	8192	pos3/k_conv_predelta-4.f32	e439971b73211ea9590f02974d9660ab56e6e86f4b86e65f1d582174b4ff9028
v_conv_predelta-4	4	3	128x16x1x1	8192	pos3/v_conv_predelta-4.f32	0d371c3fa4903b3410414a32a6896f23e6da5903e5b40ce6dbd742073787b470
a_softplus-4	4	3	16x1x1x1	64	pos3/a_softplus-4.f32	f2919672ff87c2d8d5b81e1f7a1079d29c3b73cf4aea74b498b41682923f1b00
gate-4	4	3	16x1x1x1	64	pos3/gate-4.f32	d076f19ca66debf07202a4be76f4d614f87921c8b3e0af5fc9ae633bf53c16df
beta_sigmoid-4	4	3	1x16x1x1	64	pos3/beta_sigmoid-4.f32	63083d2d981bec1c04ce43eb40414fe16c09db5b94176d05d5389b473f568ba1
state_predelta-4	4	3	128x128x16x1	1048576	pos3/state_predelta-4.f32	46d3f49b165df101289d808345c2f46d50f5f2bcb866398f7f4bb1c760a35ae0
new_state-4	4	3	128x128x16x1	1048576	pos3/new_state-4.f32	b65d3a97647cb1bd70f1169b8e9edc3113f4386da9ab0c24079bed5ff6d96598
attn_output-4	4	3	128x16x1x1	8192	pos3/attn_output-4.f32	12a0efc13e2639b9db2f2cd47557dc1a837a58a12bab09df759fdf693ec745ca
z-4	4	3	2048x1x1x1	8192	pos3/z-4.f32	275ab01fa0758109f3b9e5a72cc8210648ee0c99a6d0b55776cb347591db619a
final_output-4	4	3	2048x1x1x1	8192	pos3/final_output-4.f32	06bb0b2cd20714c0f204b6960dba082ec1eb5461c961b2910bd1b67644c15b3a
linear_attn_out-4	4	3	1024x1x1x1	4096	pos3/linear_attn_out-4.f32	a5746b7d6178fc2bc2e33f6cb7e65313ffa2a6106ed49251715b7d909bf41dce
attn_residual-4	4	3	1024x1x1x1	4096	pos3/attn_residual-4.f32	abcd14a86ed97de4b2bbcccefaf5b8b8423bb35b40048a4ac8d651ace2d7eca3
attn_post_norm-4	4	3	1024x1x1x1	4096	pos3/attn_post_norm-4.f32	47dcca27db69784c843b84cae00965a7b0124a734de51b13c7c6c607930ef5fe
ffn_out-4	4	3	1024x1x1x1	4096	pos3/ffn_out-4.f32	1f2160d430c64e57d53278c3569e2fa8359eef1884b89905fffa444c8f84aa0c
l_out-4	4	3	1024x1x1x1	4096	pos3/l_out-4.f32	dc6300b9be31248a418c22213c22097b99efcb9d1ee711ae6bf922385884b78d
attn_norm-5	5	3	1024x1x1x1	4096	pos3/attn_norm-5.f32	841c326f62cd612efd2d42c52e2d37e1e84ef7f1ba85bbf2b2f8d2e14c1db651
conv_output_silu-5	5	3	6144x1x1x1	24576	pos3/conv_output_silu-5.f32	d488799b96b7166b67716eb0e3a4ad59ed92d1feb0521ec20ec786e1e7d1c937
q_conv_predelta-5	5	3	128x16x1x1	8192	pos3/q_conv_predelta-5.f32	df43cd3e8e0985c3ef9ab7a9905a141b7322346f098cf2b779cb1a69a2659d35
k_conv_predelta-5	5	3	128x16x1x1	8192	pos3/k_conv_predelta-5.f32	682977ecf7c20ee9bbee60f16d7a6bfd83433dca648360fc3cb4ca47c8aaa2fb
v_conv_predelta-5	5	3	128x16x1x1	8192	pos3/v_conv_predelta-5.f32	cc71d7f32aefbaef7448aaeffa9739ac6df7ccf446ef16fac635db21d5ff0be8
a_softplus-5	5	3	16x1x1x1	64	pos3/a_softplus-5.f32	598a35e5b669df3b8b861c5f89000f7c61e7b85a2082e363e31e1066c83ae42e
gate-5	5	3	16x1x1x1	64	pos3/gate-5.f32	28f3efb40e63660542912e4e5f97196b4d702b9bbaf7505091bd54797c0ecd49
beta_sigmoid-5	5	3	1x16x1x1	64	pos3/beta_sigmoid-5.f32	ce1e5ce9d365bc3f10a2494018fb629753d56960d48d4e3ff88967b65125176c
state_predelta-5	5	3	128x128x16x1	1048576	pos3/state_predelta-5.f32	e085c5c7eab03d2379193b0c92a65ffb0def788bb1ae4c451cdc49187cd990b9
new_state-5	5	3	128x128x16x1	1048576	pos3/new_state-5.f32	18d6da299d7585977ce3408dbebf971a79882da4096711d245908ebb22b12463
attn_output-5	5	3	128x16x1x1	8192	pos3/attn_output-5.f32	5fd65e40a4e1a4892ab61c6d1e277921772a2465c6e9ec5865acd98bbf3262c5
z-5	5	3	2048x1x1x1	8192	pos3/z-5.f32	5309a58589c3ebc289829b1c082a3cbdec0ee378af34db8667205d7cabe019bf
final_output-5	5	3	2048x1x1x1	8192	pos3/final_output-5.f32	e0fafdadcbb1e5ab09b5d813985bd86608a4933f403ffd6e3834115b76385465
linear_attn_out-5	5	3	1024x1x1x1	4096	pos3/linear_attn_out-5.f32	0ea525f71217f1dc89d93b4372241995c65e94be40064b41276d2428ac10e229
attn_residual-5	5	3	1024x1x1x1	4096	pos3/attn_residual-5.f32	cc49163ccbc1abe74e1977838e87901ce755f73b326eb6fc6d335d65e016627e
attn_post_norm-5	5	3	1024x1x1x1	4096	pos3/attn_post_norm-5.f32	2261bda14ac2ffbd5761d67d9dc5fa17d53c47a2e9cbf3f647647e21a435e270
ffn_out-5	5	3	1024x1x1x1	4096	pos3/ffn_out-5.f32	b45df596b1b4fd1b290a08d21805b98e9229652a0e65ddfe673b8bdde06cd7db
l_out-5	5	3	1024x1x1x1	4096	pos3/l_out-5.f32	054065ee96a8249a83c865d588045b345b2b16bb30a7dfdf324fd96c1d39993a
attn_norm-6	6	3	1024x1x1x1	4096	pos3/attn_norm-6.f32	948d9d57d83eef7e348c32c1ba3369ee4618fc9e14d609643e9c277927946dca
conv_output_silu-6	6	3	6144x1x1x1	24576	pos3/conv_output_silu-6.f32	98c5385541581a9c33e80f4fa5ebec35830b9d23d99fbd13ee999faa388a2784
q_conv_predelta-6	6	3	128x16x1x1	8192	pos3/q_conv_predelta-6.f32	f6e46d35aed36ca3fcce9d3196b3f47cecfb0244c6d5d3a282c8b317fae6c7d7
k_conv_predelta-6	6	3	128x16x1x1	8192	pos3/k_conv_predelta-6.f32	6ca1b3bbb5bb30e174d70d688511ff7d6a19cf343b7f6998c8b9cb45b762a9e2
v_conv_predelta-6	6	3	128x16x1x1	8192	pos3/v_conv_predelta-6.f32	15c51af7750857fccd63340da5e48cc52ac20632d4b9a34c523d9ef2ea963667
a_softplus-6	6	3	16x1x1x1	64	pos3/a_softplus-6.f32	82d7bf1cd8fdcc66a181b415edea35d5c36b48ca676df31e80cf6293b833a60f
gate-6	6	3	16x1x1x1	64	pos3/gate-6.f32	2f8201803984092d0d7cfe518ef4c9669cd91cb7235db4d875a9573129a43e68
beta_sigmoid-6	6	3	1x16x1x1	64	pos3/beta_sigmoid-6.f32	5b38a3640a6302ccf18ff63f714401f8d6efd0e0beec311289feaa7a9e02a6c1
state_predelta-6	6	3	128x128x16x1	1048576	pos3/state_predelta-6.f32	ccc10707a71199bf923843d57513edf4c4acaf551b79e885aee6070536076e97
new_state-6	6	3	128x128x16x1	1048576	pos3/new_state-6.f32	ae9930cd58625aae191b85baeb5d2e8143fafa26d1beb0dc1e639d97d5247866
attn_output-6	6	3	128x16x1x1	8192	pos3/attn_output-6.f32	f2706de57ed6b270e460ef5238427a4f9e8cef6516594cb07316fdf5576b179a
z-6	6	3	2048x1x1x1	8192	pos3/z-6.f32	11140ccea6c6438589b997b0cebaa75e0a3dba6ddd6d3a5a8afb6e5f1b939749
final_output-6	6	3	2048x1x1x1	8192	pos3/final_output-6.f32	9d0874d54a3a570526c272c933f5f620978b6f00beb64f170d838f8bbde035a0
linear_attn_out-6	6	3	1024x1x1x1	4096	pos3/linear_attn_out-6.f32	280944e325c123a7e0ae5bd642c4a49bd50fec109499e42147f759f6171c339d
attn_residual-6	6	3	1024x1x1x1	4096	pos3/attn_residual-6.f32	3d975a4ba83035aacc915d60ee9990b8ec0468954ac2a4ed9deb9a17097792e8
attn_post_norm-6	6	3	1024x1x1x1	4096	pos3/attn_post_norm-6.f32	f6cc3f5491aff8d652e0c3f8c6ca9354d0eccf582e4994739cb4e5d46b1c76d7
ffn_out-6	6	3	1024x1x1x1	4096	pos3/ffn_out-6.f32	8f7b38386934e9f83c6bb81bcf5de6b75ad5fa009390a6bd9d40b964cd3f0f4c
l_out-6	6	3	1024x1x1x1	4096	pos3/l_out-6.f32	6017a0e0adeead5fdb9dbe9f1647ab3fba6d93070c813edc02eb2ca9b6cee712
attn_norm-7	7	3	1024x1x1x1	4096	pos3/attn_norm-7.f32	6681ffca5fa11aa32f20887fc51e1f66e3724a9e4f8d7611f8b33699587ab81b
attn_pregate-7	7	3	2048x1x1x1	8192	pos3/attn_pregate-7.f32	5080f4afd0707389f9cfe5c7f40b183c71eb22b485b1e095fd5c3f1b7ade79e2
attn_gated-7	7	3	2048x1x1x1	8192	pos3/attn_gated-7.f32	af995334751c082d4a3d052f22f584cfbe61283b9f107b89bb3b6eec83550f24
attn_output-7	7	3	1024x1x1x1	4096	pos3/attn_output-7.f32	c928a8fcaf82ee300c8e1ef6f0afc0fc7247ac24b9d58c22b9d2c8e1d43e6627
attn_residual-7	7	3	1024x1x1x1	4096	pos3/attn_residual-7.f32	c8f1364f4ea63a76c66d63094cc4a8dc8e861a4d3dbc512f530a7763685eb996
attn_post_norm-7	7	3	1024x1x1x1	4096	pos3/attn_post_norm-7.f32	51022531a539100840f1d778c6f18784d19edbd566c82b28fbd1cd17c1a69359
ffn_out-7	7	3	1024x1x1x1	4096	pos3/ffn_out-7.f32	7b2e16daf1ca67b3c85afa51ae16bb2b0189b7820df3824c2c3d3cc08afde2d6
l_out-7	7	3	1024x1x1x1	4096	pos3/l_out-7.f32	7fdacdcf4817ada83e47b270ab74eee3a6adb5f793fb785f8194d05f5efc798d
attn_norm-8	8	3	1024x1x1x1	4096	pos3/attn_norm-8.f32	530b52cedececaedd625ba4072b0022750f391aab2545458a58c3b9144e62b25
conv_output_silu-8	8	3	6144x1x1x1	24576	pos3/conv_output_silu-8.f32	ac83529a6dc1875d0356e0850a61b9758146ce0c028c64a1ce7cff3042ec3e72
q_conv_predelta-8	8	3	128x16x1x1	8192	pos3/q_conv_predelta-8.f32	12a9d299e9d07c90a6ce2f4ae440e338d48b45f37e7b0f30cc6c41a8ddee84a6
k_conv_predelta-8	8	3	128x16x1x1	8192	pos3/k_conv_predelta-8.f32	582abe54c6799bc4fec0bfa03712cd205699291bc24da9a7e4ddbc36de872a90
v_conv_predelta-8	8	3	128x16x1x1	8192	pos3/v_conv_predelta-8.f32	8329a9ea975bf0249c39371d79ab7eb243d2733b42bba78581dc63a74a2e49cd
a_softplus-8	8	3	16x1x1x1	64	pos3/a_softplus-8.f32	77ed18094311d6dcb21e999b6cfa7c06e38e9d854cfe471916e5b11b19bb7397
gate-8	8	3	16x1x1x1	64	pos3/gate-8.f32	3c3201c76fde2bec5ee8cbfcae7a7f8033141edd93ed7976e4192337ffd0de61
beta_sigmoid-8	8	3	1x16x1x1	64	pos3/beta_sigmoid-8.f32	96c2d0427f7a3fad20d753a70627a8fe8e85238eebb35e42ea5cc4f96cfc7330
state_predelta-8	8	3	128x128x16x1	1048576	pos3/state_predelta-8.f32	ad5c0e4d188e207bf4b5b9574fcf4604162b94c834889e1022d77bbfb38a98a6
new_state-8	8	3	128x128x16x1	1048576	pos3/new_state-8.f32	d934a873b35c8c54f042de38faf8a5cc0c3f340155441f57e157bafba4ec8413
attn_output-8	8	3	128x16x1x1	8192	pos3/attn_output-8.f32	e395efb6378f99f8bb3b7df4d67691b95e1779b2e166a83a2225f18d6466acf0
z-8	8	3	2048x1x1x1	8192	pos3/z-8.f32	9701548764605ab487776b3e5947271763773e82098bcaf7c25166b736835def
final_output-8	8	3	2048x1x1x1	8192	pos3/final_output-8.f32	7d4ce323d0fbae749685326493cdb7dbe4d0863358bc0beee23334b55277d184
linear_attn_out-8	8	3	1024x1x1x1	4096	pos3/linear_attn_out-8.f32	1b032a6273c4133caca01ebd09ee3cd48d9584fed0be05a742a03ab502b4a17b
attn_residual-8	8	3	1024x1x1x1	4096	pos3/attn_residual-8.f32	c439c156b81a8f1315696239a0dd99e94af04a9633a88c1f77cdc2f7354166fe
attn_post_norm-8	8	3	1024x1x1x1	4096	pos3/attn_post_norm-8.f32	b4aceba9f39041a7a5c204d73d79fa2eb32f6013ff39481d9437ca879e17f715
ffn_out-8	8	3	1024x1x1x1	4096	pos3/ffn_out-8.f32	2f917ed3583bc395eeaf7b9173517c7d3dc94472a8f8fdeb4273f6ffd63179c8
l_out-8	8	3	1024x1x1x1	4096	pos3/l_out-8.f32	ba44cbbe9088df8ae1cbc26a7f4123d1c85517e06d4930604e4c88ecd0dffa14
attn_norm-9	9	3	1024x1x1x1	4096	pos3/attn_norm-9.f32	e51a56df24d654e67f3b88497a1bb152a84ef166603168d6a7213dac689d8315
conv_output_silu-9	9	3	6144x1x1x1	24576	pos3/conv_output_silu-9.f32	7264d28070de353729ae60fbace9c81056b85e14c749127430e34e85894ae8ef
q_conv_predelta-9	9	3	128x16x1x1	8192	pos3/q_conv_predelta-9.f32	565d3d864abef5e12107f5d2e9aa07744b808ff029466df6478ea3ea6216bad1
k_conv_predelta-9	9	3	128x16x1x1	8192	pos3/k_conv_predelta-9.f32	8c636f3291c7ea8aed88ebe4c62cbc38e1d211ee725c209baa244838ed74b194
v_conv_predelta-9	9	3	128x16x1x1	8192	pos3/v_conv_predelta-9.f32	142770231ed59a986a1b4e816a0d945c8e0940c034332e8eeb0323d7fb06c435
a_softplus-9	9	3	16x1x1x1	64	pos3/a_softplus-9.f32	d54e862d3d39fc70f19dee02f05749ea35cc4af9ecfcc5c5894dc2e45afd402c
gate-9	9	3	16x1x1x1	64	pos3/gate-9.f32	d75df75cdeb2c791ef5dc84ae5b9a2ef85f7de9c15850c420012316613d5ac7f
beta_sigmoid-9	9	3	1x16x1x1	64	pos3/beta_sigmoid-9.f32	086cf1c36a610f4475d53b5b1e3704e53df443cf18a71faaf12646cbffd7df83
state_predelta-9	9	3	128x128x16x1	1048576	pos3/state_predelta-9.f32	d0620b9ee79c96b84031261d16a374086c42cdc540f91a2d7920e8b2839251b3
new_state-9	9	3	128x128x16x1	1048576	pos3/new_state-9.f32	72312d58ce708b83ca20ec5cb1b32e6cc2a2a13c526167aaa1f941374e379022
attn_output-9	9	3	128x16x1x1	8192	pos3/attn_output-9.f32	e353522be30d33270870d6a664bbeb017209e9899ab121d7b33bd16de7977b7e
z-9	9	3	2048x1x1x1	8192	pos3/z-9.f32	07c0b1a2874ec517c54c17fd5c58a231127908a06f6e8af1d3c3f53292b8fb66
final_output-9	9	3	2048x1x1x1	8192	pos3/final_output-9.f32	52d589d4c46efbcdcd9dce4dd59c9fd32f22c2f1e7fe3ab2e6b72fcca0d8ca0e
linear_attn_out-9	9	3	1024x1x1x1	4096	pos3/linear_attn_out-9.f32	e55b4d326233452166d469a5a6685167eb02ece55009d904ad506ff3334f5a47
attn_residual-9	9	3	1024x1x1x1	4096	pos3/attn_residual-9.f32	a24f673558bb58ad7221644342143b5beeb04223f1c2a723e840524cc02ba9fc
attn_post_norm-9	9	3	1024x1x1x1	4096	pos3/attn_post_norm-9.f32	81b5801f99b81f8f63c3312b4b62c66646289ca5cd11d2158bf0405f2be5057a
ffn_out-9	9	3	1024x1x1x1	4096	pos3/ffn_out-9.f32	e39efa3d1459a4913a522ea8f3e31532209a1d16631143a5237053a70fc26306
l_out-9	9	3	1024x1x1x1	4096	pos3/l_out-9.f32	d6fa881962270487149960deac9fdbf27e613d7685fc52867bc3fb027225f310
attn_norm-10	10	3	1024x1x1x1	4096	pos3/attn_norm-10.f32	4ec6ad9d2fb52f1d0a50a60349dc3d26b195ecc306f56e1272b09623e5d5585c
conv_output_silu-10	10	3	6144x1x1x1	24576	pos3/conv_output_silu-10.f32	9ea20cf1ae20c1f0d0ee25927e0c962d3968a1b610cab4b6e0d5dba543caf82c
q_conv_predelta-10	10	3	128x16x1x1	8192	pos3/q_conv_predelta-10.f32	0f984c285e099ba1e063f5be614aff0ab16fbf582790283ed292d26105763bd5
k_conv_predelta-10	10	3	128x16x1x1	8192	pos3/k_conv_predelta-10.f32	a5dd3aca9ac100ad1533c2b38eefda615ec6e907b3207a5fdb1e1d31226cf6e1
v_conv_predelta-10	10	3	128x16x1x1	8192	pos3/v_conv_predelta-10.f32	c6347b49b5671bffb6908f0042798d72e6349f5feb33c535c61aef771e792356
a_softplus-10	10	3	16x1x1x1	64	pos3/a_softplus-10.f32	ba0180fea5d44bb8cab6fba189fe8817f707ef2057754c78a977cb95894a7b5b
gate-10	10	3	16x1x1x1	64	pos3/gate-10.f32	eb260d5a24fa0e48f630f94900bf164bcd771723caa47dbc38ca20fc9d263d7d
beta_sigmoid-10	10	3	1x16x1x1	64	pos3/beta_sigmoid-10.f32	6f2dd0e78f3d03a0c8ea4ab152e3c02390d21978ca00ac47b80816900e3225ff
state_predelta-10	10	3	128x128x16x1	1048576	pos3/state_predelta-10.f32	7bbd05dc1e54674d33d1c545837525854672c77cc2836ea4bb5ec7a3d4da3c0c
new_state-10	10	3	128x128x16x1	1048576	pos3/new_state-10.f32	793a0838ede4d93c31da70f8d459f86e119a7ea3849dea9c34acc204f145a1a3
attn_output-10	10	3	128x16x1x1	8192	pos3/attn_output-10.f32	f3e8971427542f1baf3707fde7dbecbb24c0697d6aefe69ad947343f27129283
z-10	10	3	2048x1x1x1	8192	pos3/z-10.f32	8c865aa73b3759a809fc479cbe7e327e920819e070c69a8d9eaa585c098872d9
final_output-10	10	3	2048x1x1x1	8192	pos3/final_output-10.f32	e0e81293742bcf59777f9b2ecddcd47a8f819eddc7d73def97c25e33784e9c61
linear_attn_out-10	10	3	1024x1x1x1	4096	pos3/linear_attn_out-10.f32	11f79a5e4ab7c796f8b3258595f9f70813a35960f081249b7dff366a0b153cec
attn_residual-10	10	3	1024x1x1x1	4096	pos3/attn_residual-10.f32	78a4c2482428f7db95918c4d80dd0513ee22b0de5d9ed3d60bb6ae12054a6328
attn_post_norm-10	10	3	1024x1x1x1	4096	pos3/attn_post_norm-10.f32	debc4579963e72211f3b09af429b2e95aeced51e6cf7d52f6cfb90de7ed8669a
ffn_out-10	10	3	1024x1x1x1	4096	pos3/ffn_out-10.f32	009194b737870cc306c9f189ac7bb0111e1d98e9fa7a36b8ed22a0400a498855
l_out-10	10	3	1024x1x1x1	4096	pos3/l_out-10.f32	bea3da6ad1b7730814e563dbbcceb9980b7553ebb13f338da045cb33742cd9f2
attn_norm-11	11	3	1024x1x1x1	4096	pos3/attn_norm-11.f32	499e315be54015a2d1c46bd1e143cbad4522ff9f18e393cd6e4efb1727f073fb
attn_pregate-11	11	3	2048x1x1x1	8192	pos3/attn_pregate-11.f32	ed1c8aac4b37931087b3509366935c66b05c11352cef81a5cd363d57b0ac764a
attn_gated-11	11	3	2048x1x1x1	8192	pos3/attn_gated-11.f32	8ec05ffcc296f7198d2cc7bec601b3a71ab561ee5f5ccf6ae400ed3e7f2365f9
attn_output-11	11	3	1024x1x1x1	4096	pos3/attn_output-11.f32	405a7c6483bdd3074908cfddb5b62aa55161b2419180f99fa2a747931f7ec78c
attn_residual-11	11	3	1024x1x1x1	4096	pos3/attn_residual-11.f32	cd98b3274b2b1018964838f3d8e11575cbd31953b8f2bfb5818664d58146ad7f
attn_post_norm-11	11	3	1024x1x1x1	4096	pos3/attn_post_norm-11.f32	515539c7a43b2b170b9b034c7d23e13a68152ae887b1e0c287554ebd131b8a0c
ffn_out-11	11	3	1024x1x1x1	4096	pos3/ffn_out-11.f32	ea94dd23c4268d235a5e4b1f849f939bd5837f213b516a880242841e5603d8e6
l_out-11	11	3	1024x1x1x1	4096	pos3/l_out-11.f32	e795982281223a95da7a5857919812696b616841805961ff78102c62426b1921
attn_norm-12	12	3	1024x1x1x1	4096	pos3/attn_norm-12.f32	bcbd3cc023991637e71bd8507b538126cabec4810f013570e1bd6313df0391f1
conv_output_silu-12	12	3	6144x1x1x1	24576	pos3/conv_output_silu-12.f32	40238dd3481d24c553d4fe60683aa841418f0b7e9e1024d5ba09989dec69d895
q_conv_predelta-12	12	3	128x16x1x1	8192	pos3/q_conv_predelta-12.f32	61b03215db2d28c9cb3f8085f3eda05e7448caa0cc11929abb6f9d2bbc5537e4
k_conv_predelta-12	12	3	128x16x1x1	8192	pos3/k_conv_predelta-12.f32	5dd88ea2b1a2a4f50298bf5e185e9062838309a82c88c9919fdb819b45406e20
v_conv_predelta-12	12	3	128x16x1x1	8192	pos3/v_conv_predelta-12.f32	444af7d7a89e036f226471a2f4b10929a4d8d00387157a63e15736c685720dcf
a_softplus-12	12	3	16x1x1x1	64	pos3/a_softplus-12.f32	4e69f1791357611fafd18906ba96e69e2cfbf2aec84d096014d1448fd6e99d81
gate-12	12	3	16x1x1x1	64	pos3/gate-12.f32	043a406ab3e7c6c26c073ef89a889cea4c011e14301c18b68e36f8904a7559ac
beta_sigmoid-12	12	3	1x16x1x1	64	pos3/beta_sigmoid-12.f32	c66b9cfbd1cdfc1c33746d827cf9a68f5f289d266dcf9316d131191d332d7f71
state_predelta-12	12	3	128x128x16x1	1048576	pos3/state_predelta-12.f32	7de803b34ba2a249cc0a1857b2d30fa6bf484b1eea4367f009d6b11041e47079
new_state-12	12	3	128x128x16x1	1048576	pos3/new_state-12.f32	1ec6708ba9b3332c027cacd14e1866868349b7cc9f4d4ef6ae3862b9de2cdef3
attn_output-12	12	3	128x16x1x1	8192	pos3/attn_output-12.f32	8881fb37a192648581ea1873b588768ff6ee610a9d346acddf5bd80bcf1fee5f
z-12	12	3	2048x1x1x1	8192	pos3/z-12.f32	f2a8f2a451d8c721818996ae427b54704f42b57fa6f160f8368f9172604a86ff
final_output-12	12	3	2048x1x1x1	8192	pos3/final_output-12.f32	97dc8405c1a77fd3923b41aa050bce0c677e3112185ad0094c27536ac95c6520
linear_attn_out-12	12	3	1024x1x1x1	4096	pos3/linear_attn_out-12.f32	48a0258c95832aeaee3d327a8c58440444b133f76d85aa4bb38a18d51d4d8f54
attn_residual-12	12	3	1024x1x1x1	4096	pos3/attn_residual-12.f32	1b55f71dcf092aac9a915cd94804605163a54bd1cf4c47bcc89cc9f4a64bc96b
attn_post_norm-12	12	3	1024x1x1x1	4096	pos3/attn_post_norm-12.f32	ba5057703adff70414be4fa1046df3c2a465436cf4ae6946610ab111554b64cf
ffn_out-12	12	3	1024x1x1x1	4096	pos3/ffn_out-12.f32	51828ad4f9460083fdbba131c3ad91115fcc35059825db5ea1f15a0e5a2c8c3a
l_out-12	12	3	1024x1x1x1	4096	pos3/l_out-12.f32	0d07c7b65f17842e8709e17441f2f44d9d158f2d6d88b6f2132156bc0e7061e8
attn_norm-13	13	3	1024x1x1x1	4096	pos3/attn_norm-13.f32	285a29cf4eb8ee80594099a9360e289a29e2a519e72054a36ab147f9014be5c5
conv_output_silu-13	13	3	6144x1x1x1	24576	pos3/conv_output_silu-13.f32	cdb40ba6e7c5e5f3e4e082cb79ec89a72fc4622db154a2b1517693c4762e0a2e
q_conv_predelta-13	13	3	128x16x1x1	8192	pos3/q_conv_predelta-13.f32	63016d87bb501a724c1096b1e4f2b2350669a67d7aadb2bc7b8430a3643e3edf
k_conv_predelta-13	13	3	128x16x1x1	8192	pos3/k_conv_predelta-13.f32	cccd5dc4fb2eb6f413e3b7716557cb42b15ff276b594c7913ec5fed0c798a745
v_conv_predelta-13	13	3	128x16x1x1	8192	pos3/v_conv_predelta-13.f32	6c552e01f572e1e53e6333ab8867d6e158e86c1f80a39762a59595e9cc4ee22d
a_softplus-13	13	3	16x1x1x1	64	pos3/a_softplus-13.f32	ae0d7927a81f3f48553d2a7bc2ec79edf7c9e333b826a612cd7f6bf3281f64b7
gate-13	13	3	16x1x1x1	64	pos3/gate-13.f32	1f9bc54ccfedd5e632431368dc6667aac1e8e0a5d7c19cd1c9d8bc24ed7de300
beta_sigmoid-13	13	3	1x16x1x1	64	pos3/beta_sigmoid-13.f32	9e9ab68e56e28d26b152132cb3885355d9b66cc52284f9a67367f868280c3d6a
state_predelta-13	13	3	128x128x16x1	1048576	pos3/state_predelta-13.f32	d7b27f295345b4df4cd62f859f05843ed7b4b8602534a15f737b40bc09d7df5d
new_state-13	13	3	128x128x16x1	1048576	pos3/new_state-13.f32	3a92b4b3f6e51ed903492412ef2756ae0d236985d0406bd62a17363e74202b85
attn_output-13	13	3	128x16x1x1	8192	pos3/attn_output-13.f32	80fc0236634bdef23e712f8cf77d21b524f094a1cb15df92958cb45a7cec0ace
z-13	13	3	2048x1x1x1	8192	pos3/z-13.f32	9a5a4ce6a3862b21939c47b74b99e7be48ea04e7105d4cd0aaa239ce9b9c97b1
final_output-13	13	3	2048x1x1x1	8192	pos3/final_output-13.f32	65bddf38983b77354ee9474ff9c974c393ab3c855d46a71bb3df2a0121488a96
linear_attn_out-13	13	3	1024x1x1x1	4096	pos3/linear_attn_out-13.f32	fd14f166f7710b73ec958b3b72ebf778875fae0def63618eaf8f5759297ade19
attn_residual-13	13	3	1024x1x1x1	4096	pos3/attn_residual-13.f32	73d87d332b6af05c1125ccd326ef477f3ccfcdc1cb36c27ad3af360d429d3b2b
attn_post_norm-13	13	3	1024x1x1x1	4096	pos3/attn_post_norm-13.f32	ccdfe46be712ffad92aff468339400e7cc3f3033bce16121f18a1c4398f9cc96
ffn_out-13	13	3	1024x1x1x1	4096	pos3/ffn_out-13.f32	f9c88d36f664a9537bbdb29e76de5198b7edc9923cddc972ba7953c5bfd90495
l_out-13	13	3	1024x1x1x1	4096	pos3/l_out-13.f32	ced69c6a9a2883346bdae7935ebd16cfbf0976d7edea49d2085c514d29a664c3
attn_norm-14	14	3	1024x1x1x1	4096	pos3/attn_norm-14.f32	728aa218ab4b736763f87980f40a8c8eb24e0881a4372fad54ffff39e5fdd4f2
conv_output_silu-14	14	3	6144x1x1x1	24576	pos3/conv_output_silu-14.f32	6c627323e2f7d4135889de72531a27c834c811a75ade4076927d8a27457d69e7
q_conv_predelta-14	14	3	128x16x1x1	8192	pos3/q_conv_predelta-14.f32	9252baf1093ca72d4ccac4ea1b34774b68b49906218ae70c217e3ac95ce7a294
k_conv_predelta-14	14	3	128x16x1x1	8192	pos3/k_conv_predelta-14.f32	212139c4484b9200ae3b67b0874cbb0ea060b3c0254b11372778b07d683cec31
v_conv_predelta-14	14	3	128x16x1x1	8192	pos3/v_conv_predelta-14.f32	c49864d73038935ed2afc0d988faf80a87a43587d3a0243abb6c918a2299025a
a_softplus-14	14	3	16x1x1x1	64	pos3/a_softplus-14.f32	2edd17bec85cc2c688d58ea221555d8d951ab76625762531fa2e1b1fa6f1de8e
gate-14	14	3	16x1x1x1	64	pos3/gate-14.f32	f51030c543543fa7bf4d0eddfbcb7ffb2253cfe8383e05be5ece1dec8804da2e
beta_sigmoid-14	14	3	1x16x1x1	64	pos3/beta_sigmoid-14.f32	ce5c50f1b2f545e426bf00ed7cb75b9a91aca41777fef3ef510836211c640941
state_predelta-14	14	3	128x128x16x1	1048576	pos3/state_predelta-14.f32	8bb72a658af07046ad27e8001dfde0830a477beab079382ce571877a173298b0
new_state-14	14	3	128x128x16x1	1048576	pos3/new_state-14.f32	ebb8fd6ea1b0fd6d07d27dd7027b7f5c3cd597689941f939c6b965635dd3671f
attn_output-14	14	3	128x16x1x1	8192	pos3/attn_output-14.f32	c7d329cc5578bed75eae9c7a356b32cf8c92535cb2e8dbdcbcc86dad870317e1
z-14	14	3	2048x1x1x1	8192	pos3/z-14.f32	a396a5889f99ea16c0f8166e7e20886812484fd597a9cc458aecf77a1767eb71
final_output-14	14	3	2048x1x1x1	8192	pos3/final_output-14.f32	748c9fc200bfd66f564c4704e7301e4807c23034b74a9613a96936c6db8e6a84
linear_attn_out-14	14	3	1024x1x1x1	4096	pos3/linear_attn_out-14.f32	ea1a300320b9acd8d18d74d61ae44e674cc50bd1069545b47a30b1e80b3ba09c
attn_residual-14	14	3	1024x1x1x1	4096	pos3/attn_residual-14.f32	792c7d587800b055f3031e8f9e64cf35022020f787c1d616a6f13f13308a64ba
attn_post_norm-14	14	3	1024x1x1x1	4096	pos3/attn_post_norm-14.f32	a612519fab5d3627c30496b60fe0aa77954e5d2a3d66a874dc6e6f8248602fb4
ffn_out-14	14	3	1024x1x1x1	4096	pos3/ffn_out-14.f32	37b2b88aa956fba0ec181b82d7ba3609e4031d382486d33e35c1f904731490f4
l_out-14	14	3	1024x1x1x1	4096	pos3/l_out-14.f32	843594ccf56d2d6211a8f4e767a6c56e5d806062b433584e911a507179044dba
attn_norm-15	15	3	1024x1x1x1	4096	pos3/attn_norm-15.f32	874c7f16d1af5607aa565d8db0358d889f01c4e52f5a4c9d2caa368d42c0ab5f
attn_pregate-15	15	3	2048x1x1x1	8192	pos3/attn_pregate-15.f32	9c6457125330d9df64e327c3a2cc7c3a2bb1f2b926b483f4e91d9d50d15d08a6
attn_gated-15	15	3	2048x1x1x1	8192	pos3/attn_gated-15.f32	43b8d9f4bd6ee8b144b5566efe82e7abdb26945023076ef83fe1e5f585cd0063
attn_output-15	15	3	1024x1x1x1	4096	pos3/attn_output-15.f32	17fe7c6a05370d7bdd81e5fb72d676cd86b5c506bdb8c1ba53fed07d3a23bbd8
attn_residual-15	15	3	1024x1x1x1	4096	pos3/attn_residual-15.f32	3ef8f39d4be759ccd57a4c987eb12a55db29345780371d775213258a1f45ad19
attn_post_norm-15	15	3	1024x1x1x1	4096	pos3/attn_post_norm-15.f32	52e092494585a98b01ebefdc61692dd0ba4a21c59276560ebed853145f467371
ffn_out-15	15	3	1024x1x1x1	4096	pos3/ffn_out-15.f32	e685cc6f043482ccca9fe349130f46a9609b8ea6bc9a541cb03b9ce7b7510e06
l_out-15	15	3	1024x1x1x1	4096	pos3/l_out-15.f32	0918eb1f4c2cd49c1d124c7a2fa504438e8dfb18caeada039d089e3b3f041e7e
attn_norm-16	16	3	1024x1x1x1	4096	pos3/attn_norm-16.f32	868e27d17da966e7b3912dd5ab7de0764466c6622d2d933067566c3df4766c42
conv_output_silu-16	16	3	6144x1x1x1	24576	pos3/conv_output_silu-16.f32	473ccc5e67b42dc3aa32b5390b211c9bdd9703044d82fb046c89d58ba035ddb7
q_conv_predelta-16	16	3	128x16x1x1	8192	pos3/q_conv_predelta-16.f32	9888282945a104382bec905a4d25c96274e8105c3abceb6bd3bfc9853a92db3d
k_conv_predelta-16	16	3	128x16x1x1	8192	pos3/k_conv_predelta-16.f32	069e9083c37d2438e9290dce49dc903c17e35bdf813cd1cfa73fb103a5b64b6a
v_conv_predelta-16	16	3	128x16x1x1	8192	pos3/v_conv_predelta-16.f32	16179ede29d286f28b3f5798d26acad5df9d98c9ee2a836be1a4dccf17df4a64
a_softplus-16	16	3	16x1x1x1	64	pos3/a_softplus-16.f32	33891a5c1db2275bcbabbc87c5fa3673ac0dac8cc6cea93f7e0316a7f875a4fa
gate-16	16	3	16x1x1x1	64	pos3/gate-16.f32	7f67397791c33bf1c582941e0336a1cae69ab42357743b01ebded603f0f5c617
beta_sigmoid-16	16	3	1x16x1x1	64	pos3/beta_sigmoid-16.f32	070b0d481d30ab74b13af31f97d878721bb8823b7c565b6448cee3c091ee846d
state_predelta-16	16	3	128x128x16x1	1048576	pos3/state_predelta-16.f32	ececca34fe9399d381d479d1ed972356ba3581772f15fdea6093885c1ff6d981
new_state-16	16	3	128x128x16x1	1048576	pos3/new_state-16.f32	fb07dbfe3e3790b52a9ee7a99f36fc75d39b4d605bb928c068000cd9b0d361f1
attn_output-16	16	3	128x16x1x1	8192	pos3/attn_output-16.f32	b25abd4dea644b7b7773f0ec60d7239a2594ba892cb03d84dc89a30c5b7065f9
z-16	16	3	2048x1x1x1	8192	pos3/z-16.f32	64becbc34444811bcd0936649fb6530ae9748e9601d7ee51d6c9b1caf38fc3af
final_output-16	16	3	2048x1x1x1	8192	pos3/final_output-16.f32	d73d63119808fc976c8c71e60a729822f38f92a182a0a5348b46a1fa722881a2
linear_attn_out-16	16	3	1024x1x1x1	4096	pos3/linear_attn_out-16.f32	7be8c4608fa5265350ff89d516e64787f201550a40b0aa54bcc4040cc634be53
attn_residual-16	16	3	1024x1x1x1	4096	pos3/attn_residual-16.f32	dd64fc760cec58c54104249c1cf26d3b1cdde6eda6e6346879daf2c87d89cf5c
attn_post_norm-16	16	3	1024x1x1x1	4096	pos3/attn_post_norm-16.f32	150c2acd14fd98bb8804cb86bead6985a813d1950fffcb573869ce67f2327dbb
ffn_out-16	16	3	1024x1x1x1	4096	pos3/ffn_out-16.f32	b40fe09c464731df2d97672f8b858b8c56e222b48fdb1af0cddf60d7328cdd4f
l_out-16	16	3	1024x1x1x1	4096	pos3/l_out-16.f32	ef9146289a7af834dc319082bfda0f66d2a6099dc392b6d05f5401aea6dd85a5
attn_norm-17	17	3	1024x1x1x1	4096	pos3/attn_norm-17.f32	12a5c11f199e84155dbc629261eef383e4e2f345d6fd67ae44d45ee152af3253
conv_output_silu-17	17	3	6144x1x1x1	24576	pos3/conv_output_silu-17.f32	14f2dd51c1ffb0fbbcd0518cf1248be569b80706556fbc3ad417dd24c88cb1f4
q_conv_predelta-17	17	3	128x16x1x1	8192	pos3/q_conv_predelta-17.f32	cfd20de6456c9865ccb349072baec8be164354b4cbb9d8bddc91a2b3049c7568
k_conv_predelta-17	17	3	128x16x1x1	8192	pos3/k_conv_predelta-17.f32	ee0d280f5f4c186ddbef3ed2d350d62ebce7b6fead20eb4f6c9c5d3346dbb87e
v_conv_predelta-17	17	3	128x16x1x1	8192	pos3/v_conv_predelta-17.f32	30d7fa522ccab3fc4d90e38fa345047767a78a162b3715cd86fa65865333ff19
a_softplus-17	17	3	16x1x1x1	64	pos3/a_softplus-17.f32	22ea372c4e35d6a11abc40cdc4e0e2491b57acb0ad99976705013e1cf671a362
gate-17	17	3	16x1x1x1	64	pos3/gate-17.f32	68c0c5887117aba3764ca27ed719cb25641f0df4818fd5ebc33d6cfcc56758df
beta_sigmoid-17	17	3	1x16x1x1	64	pos3/beta_sigmoid-17.f32	f4f6a1079a5f70b2a57f017a6db55c1c76340450416a882297584c56f76f67c7
state_predelta-17	17	3	128x128x16x1	1048576	pos3/state_predelta-17.f32	3a048b28d19473433ba461982f8b6560c3ea524f80655bf818ef9ba650dc9f91
new_state-17	17	3	128x128x16x1	1048576	pos3/new_state-17.f32	85e02b2f84cd2bc02942615ea28d375be77348a0838e3d544300ba0c7f9cddc9
attn_output-17	17	3	128x16x1x1	8192	pos3/attn_output-17.f32	5b11a7580311f7eb93acc12da40fc03af4d24b9fa00c721b989588db3698b5de
z-17	17	3	2048x1x1x1	8192	pos3/z-17.f32	168bef5af34eabfbdaad60b6d8e91467cf36759ec514c961613067b2d5b3979c
final_output-17	17	3	2048x1x1x1	8192	pos3/final_output-17.f32	c74606dfcf25dc4b943ab7e72a2ae132e6dda9b3db82c07093b1a37f7ddf1168
linear_attn_out-17	17	3	1024x1x1x1	4096	pos3/linear_attn_out-17.f32	fb17d1d6ccdd480cb82402f244542a5b88f8385afbe37cf3c2db8f02a48cee48
attn_residual-17	17	3	1024x1x1x1	4096	pos3/attn_residual-17.f32	8c31575780065d2168f1f7b25ef1ed7b0a65415f512e041472569023a54f1477
attn_post_norm-17	17	3	1024x1x1x1	4096	pos3/attn_post_norm-17.f32	022d130e9753522ac0752cb85707cc9dc02d746f2aff764c513c257c92ec67bf
ffn_out-17	17	3	1024x1x1x1	4096	pos3/ffn_out-17.f32	d7d970a1d01d7cc1804e4429b4eaf0db4312b3da0aef05905f55c9e4134188cd
l_out-17	17	3	1024x1x1x1	4096	pos3/l_out-17.f32	b749db6bac2a65b501c46cc450b53a6a6b5abaecf1103b006e6ea222300f298a
attn_norm-18	18	3	1024x1x1x1	4096	pos3/attn_norm-18.f32	2ba02db4c5b0ffa87a83cfd25b38cadc223f2c5458730dc2caf1859e66399dbc
conv_output_silu-18	18	3	6144x1x1x1	24576	pos3/conv_output_silu-18.f32	9249a14adc8524cea0c6430f5fd251763d7914d98d0d1710846fa4c73da6e75a
q_conv_predelta-18	18	3	128x16x1x1	8192	pos3/q_conv_predelta-18.f32	a48665622e80f42ab5fa9a06c53a39241dd38ea04d8a96944201f69ee253e777
k_conv_predelta-18	18	3	128x16x1x1	8192	pos3/k_conv_predelta-18.f32	29534bfd563f8666387296353988337db5ad78a50a6131673450a11af4e94c47
v_conv_predelta-18	18	3	128x16x1x1	8192	pos3/v_conv_predelta-18.f32	f7040bbb19c17a14e0fb867390342e367ee451189c3ccc03b2a95fd57a421f3f
a_softplus-18	18	3	16x1x1x1	64	pos3/a_softplus-18.f32	df6faab0e7351b179255b8b4d5231b0481ffdfc7e1784004b2f8ff332c9506f2
gate-18	18	3	16x1x1x1	64	pos3/gate-18.f32	6629c485e6e2b419dac2b25712d40f2353c61fbbdb0dc71fe46ebf0c2d0e58cc
beta_sigmoid-18	18	3	1x16x1x1	64	pos3/beta_sigmoid-18.f32	5eb044d8ca0493cf9eadb7d3ce913413bb542ca2c306692236263d3b960c47e5
state_predelta-18	18	3	128x128x16x1	1048576	pos3/state_predelta-18.f32	f51fc06344bb2187aaa112244f2efe9323b109c0ef27d3e5ec437ffb8d133e13
new_state-18	18	3	128x128x16x1	1048576	pos3/new_state-18.f32	7658eb3435a5f4e04e0273e4da7f816e2b7a0bc7bfd78c2eb2bfdf51c32140e9
attn_output-18	18	3	128x16x1x1	8192	pos3/attn_output-18.f32	79fb5aaf2f486c0810d21eba1c637d48d88c365a82c54c43169269bfb1ec0868
z-18	18	3	2048x1x1x1	8192	pos3/z-18.f32	88bb511b0dacad1ec214cebb7490472767823e459ded5e3643b6d95cb34c585d
final_output-18	18	3	2048x1x1x1	8192	pos3/final_output-18.f32	44f2c3ec567528d46b518866cf80cd75dc3c810bd293958b2bd49e4db88e4eb9
linear_attn_out-18	18	3	1024x1x1x1	4096	pos3/linear_attn_out-18.f32	fce3e5ea57f76b3779e65511572f85448c627ef894797bd5e2ff22fa8255c2f7
attn_residual-18	18	3	1024x1x1x1	4096	pos3/attn_residual-18.f32	ad574396fe3b9f40410f162c06c30db5d6f5ee4c9beac1925162051c63085285
attn_post_norm-18	18	3	1024x1x1x1	4096	pos3/attn_post_norm-18.f32	ef00be7b8e74a7a118dbb0bcf79eec0a8aae9b1883f7066ab53bf6aa052f1aa6
ffn_out-18	18	3	1024x1x1x1	4096	pos3/ffn_out-18.f32	829861ce39df62fd0792f2665f9ab062f0da394d17d5fbbca780daffd2f834d3
l_out-18	18	3	1024x1x1x1	4096	pos3/l_out-18.f32	ca0fd13cd33c0630290e51bb8c6266407e91cc3d030dceb09502f6cb1a9db679
attn_norm-19	19	3	1024x1x1x1	4096	pos3/attn_norm-19.f32	538b28ffabcfed43e80738dd8cd213d3f9613c72864482349e2114ed0df1078d
attn_pregate-19	19	3	2048x1x1x1	8192	pos3/attn_pregate-19.f32	593a5b9bcf78ea909392c52b83dbc5dc4aa3084910b6ec243d4a7cff8bc43c41
attn_gated-19	19	3	2048x1x1x1	8192	pos3/attn_gated-19.f32	1a8f960f1ff08b0bd710635f723707d63de72b60ed800ac7ab09e4c1be0c8493
attn_output-19	19	3	1024x1x1x1	4096	pos3/attn_output-19.f32	2b5362dc72024724aba33bcb0bfacea49e30d143dd8ce92b2526e233e48b73c7
attn_residual-19	19	3	1024x1x1x1	4096	pos3/attn_residual-19.f32	8820bafe5cdc9c3263ac90b13abcef679df2a3224fb9e7f467a04de34e0410a0
attn_post_norm-19	19	3	1024x1x1x1	4096	pos3/attn_post_norm-19.f32	ed5ecf0993efd5397d438fd9cdf4f3edbcfc648164c17521d5b83dc86ba66a30
ffn_out-19	19	3	1024x1x1x1	4096	pos3/ffn_out-19.f32	a299636249a52355984dd33bc8312e391ea0d9124c1690d023c5dccdb620482d
l_out-19	19	3	1024x1x1x1	4096	pos3/l_out-19.f32	b1484897192cd0212e0e51f43cc291797106fdc90cd589b4bf136e50a5fd3171
attn_norm-20	20	3	1024x1x1x1	4096	pos3/attn_norm-20.f32	db0ae28582a2446e16308b4319274919711fdc88f1057642116ff54c46671591
conv_output_silu-20	20	3	6144x1x1x1	24576	pos3/conv_output_silu-20.f32	8091eb045cc9eaf7cf461d6bed3a8033dda8b50957dc17f5b3b0e774a4aa5155
q_conv_predelta-20	20	3	128x16x1x1	8192	pos3/q_conv_predelta-20.f32	87cc70f31d981561b6059ad3e003b8eaa7dbb269fe1556b119d942572b863b95
k_conv_predelta-20	20	3	128x16x1x1	8192	pos3/k_conv_predelta-20.f32	a98945346ccaac68b327b20cb37b9a1583ae019d503c8b59fe65a54cbf2f5606
v_conv_predelta-20	20	3	128x16x1x1	8192	pos3/v_conv_predelta-20.f32	f33abe66f5f2d6da9419d5f475ec87cc3685d413839d66f82a6255624e45ac9d
a_softplus-20	20	3	16x1x1x1	64	pos3/a_softplus-20.f32	a3229d1fbc34cbb1ca875e6108d3664fb2472f0e9a173874b9e02feeb38db41b
gate-20	20	3	16x1x1x1	64	pos3/gate-20.f32	6333abd3f431f39d6f8d25de3f06710f8468369d237f7c354fa0db2bd607eaab
beta_sigmoid-20	20	3	1x16x1x1	64	pos3/beta_sigmoid-20.f32	bfbd8455c1e91f8555b8b4ad508772362c26d71a1833c399fe531597ef78a552
state_predelta-20	20	3	128x128x16x1	1048576	pos3/state_predelta-20.f32	e12786edcac5d6b97c4676e14bd52f0869c265561c7538d6d5021a8d242e1fba
new_state-20	20	3	128x128x16x1	1048576	pos3/new_state-20.f32	b771a1ffaba1423a83e1cc2df7f74faf5975fa046c34406a62e12583659a951b
attn_output-20	20	3	128x16x1x1	8192	pos3/attn_output-20.f32	a0eec603b9e57f64404d9b1da513fe1f6b413cce13f8d6eea3adf8842c9437b0
z-20	20	3	2048x1x1x1	8192	pos3/z-20.f32	fc564037058b52ee6b98187eaaed6c7ab652864a24fa58eda8fa149aad0d5c0f
final_output-20	20	3	2048x1x1x1	8192	pos3/final_output-20.f32	bd792253bd9e577ce554940b5efd248920cfcaf311718105be51102de823e306
linear_attn_out-20	20	3	1024x1x1x1	4096	pos3/linear_attn_out-20.f32	4c7bc9404788ed31b85cd119d73904e1d982ea8980a06e8fe58df141bf496d19
attn_residual-20	20	3	1024x1x1x1	4096	pos3/attn_residual-20.f32	5d9332fbbe8e896d6d7d380b813088efeb8384889e933d6eac47ca5ca8db9039
attn_post_norm-20	20	3	1024x1x1x1	4096	pos3/attn_post_norm-20.f32	78af9c4eb9fcf1af16c2137d32c3ece862ea72dfa56e1209e6a2c9d3149e1598
ffn_out-20	20	3	1024x1x1x1	4096	pos3/ffn_out-20.f32	3483177627ef808a3749bd354a139986db40f612b510379fb45e66a1b54d7bbf
l_out-20	20	3	1024x1x1x1	4096	pos3/l_out-20.f32	96dec4744163619e06542c2a06b989e4779c4c78d7ea6e93d6d332d8e70afbb6
attn_norm-21	21	3	1024x1x1x1	4096	pos3/attn_norm-21.f32	3ac2817de8846d0bad5708c4ee29f83b3d033b98cde9931c647b167958d20d21
conv_output_silu-21	21	3	6144x1x1x1	24576	pos3/conv_output_silu-21.f32	e1711af7da0372e7df3fd202f440edc476dbac7547a9cd48710683829b8003a9
q_conv_predelta-21	21	3	128x16x1x1	8192	pos3/q_conv_predelta-21.f32	7c64bf05d6781694940442ca406c9baca03093c945ec3d78788d4d2ef132d282
k_conv_predelta-21	21	3	128x16x1x1	8192	pos3/k_conv_predelta-21.f32	ab0c3800375d86cbb1a9ba76153e176c20df707e5262c092fd6eee265e9b278c
v_conv_predelta-21	21	3	128x16x1x1	8192	pos3/v_conv_predelta-21.f32	6159b71787050ce2862772aff0fc0862535e99114ce8079ab07babe99914261f
a_softplus-21	21	3	16x1x1x1	64	pos3/a_softplus-21.f32	10ee7ea70d98ae6abd56cdbff0b846a61dc029a1e681f51ce1aaf6938672c7e8
gate-21	21	3	16x1x1x1	64	pos3/gate-21.f32	c2d5a1c4030b72d87003729c282f63a7b179b409c39c1448e176360f73cc3b75
beta_sigmoid-21	21	3	1x16x1x1	64	pos3/beta_sigmoid-21.f32	a53ff611bb8d10d73371c66ec8e0935d882b440fab7f557412f63387405ffdb9
state_predelta-21	21	3	128x128x16x1	1048576	pos3/state_predelta-21.f32	036f68f8697e73349caf65894758acf694cbb02013e0478a123ce5e0c6cba29a
new_state-21	21	3	128x128x16x1	1048576	pos3/new_state-21.f32	1eb92be4be72c92ff4561ebfd7ce667390ba5410737a027117cdad347363a16e
attn_output-21	21	3	128x16x1x1	8192	pos3/attn_output-21.f32	f65147e77057ca7709eaf3a788feb46ccb2889f426859d49b8b69fa705de2edf
z-21	21	3	2048x1x1x1	8192	pos3/z-21.f32	f4dec067fb5bdf19b2e6e0365de0a3a9f660441cdb35c6701bbde43d28597907
final_output-21	21	3	2048x1x1x1	8192	pos3/final_output-21.f32	f68e6d611b17676efa383ba621ceb0538c8e64f982caacbbb4d80b69a704c727
linear_attn_out-21	21	3	1024x1x1x1	4096	pos3/linear_attn_out-21.f32	50e419d0a928c7784cf2e2e5e647753e06f9dd91a7f5a0753bcf992649279c7b
attn_residual-21	21	3	1024x1x1x1	4096	pos3/attn_residual-21.f32	3c7bbad2fdf047592b54d56f48c08df97baa09b918d2d8f46e0f87095543e762
attn_post_norm-21	21	3	1024x1x1x1	4096	pos3/attn_post_norm-21.f32	d490fb32184373a5edc93d1dd6788d6053e1107fe1e471864d3927b0bceeb67c
ffn_out-21	21	3	1024x1x1x1	4096	pos3/ffn_out-21.f32	c3ef0c8a7f8628c1a50921f0eb2026deb2b3cf78e6c67502dc25d06cb0af4831
l_out-21	21	3	1024x1x1x1	4096	pos3/l_out-21.f32	416f9b947aad1a4a0e3b0241b7f8d62a70845436e3347431287aa6fe6201a1c0
attn_norm-22	22	3	1024x1x1x1	4096	pos3/attn_norm-22.f32	0ba9fb147874b6c062bebe454dabb8ac79e05a36225628f285a07749f852e132
conv_output_silu-22	22	3	6144x1x1x1	24576	pos3/conv_output_silu-22.f32	5527cff5a6cfbab8b43d8bf3bc16c98c123b020f273d4c5a9fb68fee29766911
q_conv_predelta-22	22	3	128x16x1x1	8192	pos3/q_conv_predelta-22.f32	21b1ebe6b22a89ec6287fb7fcd328f0af5fe37d1722cdd5e2d41a9e17f2930ed
k_conv_predelta-22	22	3	128x16x1x1	8192	pos3/k_conv_predelta-22.f32	5b9d5970a896140fb3c0549d978520d82c37353be44ecebe63ba4154aa71bda1
v_conv_predelta-22	22	3	128x16x1x1	8192	pos3/v_conv_predelta-22.f32	7e5b0d102c5a518760f165ec48da308dd635196ba7343263cdeeb22a0ff7f340
a_softplus-22	22	3	16x1x1x1	64	pos3/a_softplus-22.f32	b4e29a25aa0b05d70278646b3f6922306fc3d5849042eda8b854515de145cfa7
gate-22	22	3	16x1x1x1	64	pos3/gate-22.f32	cc420f0fde891d907e2eef389b3e379fdd37600cff5242031602261034904e80
beta_sigmoid-22	22	3	1x16x1x1	64	pos3/beta_sigmoid-22.f32	55b01027bd3dab96035c87deba74c68bb44dc997d2dcc44aaa2c7f3ab3447256
state_predelta-22	22	3	128x128x16x1	1048576	pos3/state_predelta-22.f32	cfd2f96164ad8efc2cb9e1cc01c31230ac606b9d15277f7e45935ffa56a714a0
new_state-22	22	3	128x128x16x1	1048576	pos3/new_state-22.f32	da6164fedf8abb90984edbac1add26dcba609780860f68cde32ebd310a923d43
attn_output-22	22	3	128x16x1x1	8192	pos3/attn_output-22.f32	738a08de7133bc4cb099b9f410ae31ea2493777c5f22bb8a5882fc833540cb00
z-22	22	3	2048x1x1x1	8192	pos3/z-22.f32	586add5abde32a00acc7ac6a07fdcfdff7291b1f834a5f205c96a0285248513e
final_output-22	22	3	2048x1x1x1	8192	pos3/final_output-22.f32	ae9a8888b7dc6d32044a8e42f38d187fa198d128bf1c2a25edab9bf05278dc82
linear_attn_out-22	22	3	1024x1x1x1	4096	pos3/linear_attn_out-22.f32	34cdf8e8d8ca3b5aedb948107e329658f3dd78c4b28700f72813ceab405113ad
attn_residual-22	22	3	1024x1x1x1	4096	pos3/attn_residual-22.f32	993411a2050920d6d8e965dc4095f3c47d252baf616e947921e6a9f41def7800
attn_post_norm-22	22	3	1024x1x1x1	4096	pos3/attn_post_norm-22.f32	da25abf119d228e7e28a2e7d66591656e21c4440a7107212ae2f48fea123f939
ffn_out-22	22	3	1024x1x1x1	4096	pos3/ffn_out-22.f32	f869fd5f3465d887e6d727c3cdcf4d2be8d05992e9b55fd3fd33b60a1d44f892
l_out-22	22	3	1024x1x1x1	4096	pos3/l_out-22.f32	fd8133efe032fe6ecd8f0996c8d52f6649431933f88535009dc30f77aacf0969
attn_norm-23	23	3	1024x1x1x1	4096	pos3/attn_norm-23.f32	150eb3541585ecd64600fe1fa9543780805829f078b0c6cc4fd58a1a508147b2
attn_pregate-23	23	3	2048x1x1x1	8192	pos3/attn_pregate-23.f32	cfe96a65075059e12e76c858ee0961bd0c0a61b0786f3de4740facd02de919b5
attn_gated-23	23	3	2048x1x1x1	8192	pos3/attn_gated-23.f32	bfa64f9d626725805c2c20e5150340bb241226c8635376e5ea1ff04215b1a71b
attn_output-23	23	3	1024x1x1x1	4096	pos3/attn_output-23.f32	0ab2ca7765a5e55aeeadf0f6ee7595316db86261d29ac5e1d6923cd9b3601157
attn_residual-23	23	3	1024x1x1x1	4096	pos3/attn_residual-23.f32	d7407b1a07054dfbc734ced48321fcecca84ae2e3d4e65813b441edab6ac934c
attn_post_norm-23	23	3	1024x1x1x1	4096	pos3/attn_post_norm-23.f32	aba01c54155fbf20da260805c7894cb921d11480c78ce83a19fdaedb802b72ac
ffn_out-23	23	3	1024x1x1x1	4096	pos3/ffn_out-23.f32	02724eebed7c9c67d756f4ea83e1ab9b98ada26cfc211c3321e4cd0fda9f4181
l_out-23	23	3	1024x1x1x1	4096	pos3/l_out-23.f32	fb034cb5e5b6f6958c98603b90c489e0ee95cf8bfc5c22f68d5d650f0da45b11
result_norm	-1	3	1024x1x1x1	4096	pos3/result_norm.f32	7280b7efbf80bb8ff1e8c166c608d02ac04e3cc8e6820bee9de52735ca5b64e4
result_output	-1	3	248320x1x1x1	993280	pos3/result_output.f32	4c57596deec1564934a9270d5970015dd75c3a0b8196206af4c8048317b26d27
