label	pos	idx	tensor	layer	n	bit_equal	rel_l2	max_abs	llama_first4	apr_first4
p4	0	0	model.input_embed	-1	1024	1024	0.000000e+00	0.000000e+00	0.00861465931,0.012060523,0.0206751823,-0.0241210461	0.00861465931,0.012060523,0.0206751823,-0.0241210461
p4	0	1	attn_norm-0	0	1024	1024	0.000000e+00	0.000000e+00	0.804404795,0.729148924,1.48186445,-1.96639264	0.804404795,0.729148924,1.48186445,-1.96639264
p4	0	2	conv_output_silu-0	0	6144	6144	0.000000e+00	0.000000e+00	0.0151475985,-0.000458114344,0.00156917621,0.422838897	0.0151475985,-0.000458114344,0.00156917621,0.422838897
p4	0	3	q_conv_predelta-0	0	2048	2048	0.000000e+00	0.000000e+00	0.0284802243,-0.000861337816,0.00295033492,0.795013547	0.0284802243,-0.000861337816,0.00295033492,0.795013547
p4	0	4	k_conv_predelta-0	0	2048	2048	0.000000e+00	0.000000e+00	0.00106224918,0.0860972703,0.0977004319,0.000354820921	0.00106224918,0.0860972703,0.0977004319,0.000354820921
p4	0	5	v_conv_predelta-0	0	2048	2048	0.000000e+00	0.000000e+00	-0.000635103323,0.000963137485,0.000886906986,-0.00808946602	-0.000635103323,0.000963137485,0.000886906986,-0.00808946602
p4	0	6	a_softplus-0	0	16	16	0.000000e+00	0.000000e+00	3.65524697,0.000606591289,0.00199131458,6.23334169	3.65524697,0.000606591289,0.00199131458,6.23334169
p4	0	7	gate-0	0	16	16	0.000000e+00	0.000000e+00	-4.73024082,-7.95674569e-05,-0.000237828615,-3.53780437	-4.73024082,-7.95674569e-05,-0.000237828615,-3.53780437
p4	0	8	beta_sigmoid-0	0	16	16	0.000000e+00	0.000000e+00	0.583097696,0.541695356,0.753251016,0.97367245	0.583097696,0.541695356,0.753251016,0.97367245
p4	0	9	state_predelta-0	0	262144	262144	0.000000e+00	0.000000e+00	0,0,0,0	0,0,0,0
p4	0	10	new_state-0	0	262144	262144	0.000000e+00	0.000000e+00	-3.93379878e-07,-3.18841703e-05,-3.61811362e-05,-1.31399872e-07	-3.93379878e-07,-3.18841703e-05,-3.61811362e-05,-1.31399872e-07
p4	0	11	attn_output-0	0	2048	545	1.456808e-07	1.862645e-09	1.0349617e-07,-1.56952453e-07,-1.44529963e-07,1.31825584e-06	1.03496141e-07,-1.5695251e-07,-1.44529992e-07,1.31825561e-06
p4	0	12	z-0	0	2048	2048	0.000000e+00	0.000000e+00	-0.479235053,0.140865922,0.34920913,-0.287062287	-0.479235053,0.140865922,0.34920913,-0.287062287
p4	0	13	final_output-0	0	2048	648	1.826352e-07	3.576279e-07	-1.82688527e-05,-1.17163036e-05,-2.74584763e-05,-0.000149958025	-1.82688473e-05,-1.17163081e-05,-2.74584818e-05,-0.000149957996
p4	0	14	linear_attn_out-0	0	1024	56	1.003118e-06	1.192093e-07	-0.249426872,0.0656647384,0.0067916438,0.00469857454	-0.249426991,0.0656647608,0.00679166615,0.00469859689
p4	0	15	attn_residual-0	0	1024	59	9.637521e-07	1.192093e-07	-0.240812212,0.0777252614,0.0274668261,-0.0194224715	-0.240812331,0.0777252838,0.0274668485,-0.0194224492
p4	0	16	attn_post_norm-0	0	1024	60	1.020063e-06	3.695488e-06	-4.77791166,2.8288064,1.02864087,-0.712736189	-4.77791405,2.82880688,1.02864182,-0.712735415
p4	0	17	ffn_out-0	0	1024	71	3.781938e-07	5.960464e-08	0.0804717094,0.0927953497,0.038045492,-0.0299790148	0.0804717317,0.0927953646,0.0380454957,-0.0299790259
p4	0	18	l_out-0	0	1024	56	6.139067e-07	1.229346e-07	-0.160340503,0.170520604,0.0655123144,-0.0494014844	-0.160340607,0.170520648,0.0655123442,-0.049401477
p4	0	19	attn_norm-1	1	1024	56	5.755986e-07	2.861023e-06	-3.2413497,4.46672249,1.64145851,-1.32714915	-3.24135113,4.46672249,1.64145887,-1.32714856
p4	0	20	conv_output_silu-1	1	6144	588	3.648899e-07	5.364418e-07	-0.00559159182,0.00330801494,-0.158168972,-0.231207356	-0.00559159275,0.00330802193,-0.158169001,-0.231207356
p4	0	21	q_conv_predelta-1	1	2048	184	3.774999e-07	2.980232e-07	-0.00647618389,0.00383134396,-0.183191359,-0.267784446	-0.00647618435,0.00383135234,-0.183191404,-0.267784446
p4	0	22	k_conv_predelta-1	1	2048	186	3.825502e-07	3.129244e-07	0.00134338893,-0.102888741,-0.00675734598,0.00253094058	0.00134339277,-0.102888696,-0.00675734831,0.00253094197
p4	0	23	v_conv_predelta-1	1	2048	165	2.582824e-07	3.576279e-07	0.0199732278,0.00705860229,0.00145066355,0.000400472927	0.0199732464,0.00705859577,0.00145066285,0.000400473102
p4	0	24	a_softplus-1	1	16	16	0.000000e+00	0.000000e+00	1.37391865,1.2592541,3.16072679,1.58036625	1.37391865,1.2592541,3.16072679,1.58036625
p4	0	25	gate-1	1	16	16	0.000000e+00	0.000000e+00	-0.246330038,-1.35825825,-3.62025404,-0.478233665	-0.246330038,-1.35825825,-3.62025404,-0.478233665
p4	0	26	beta_sigmoid-1	1	16	16	0.000000e+00	0.000000e+00	0.958108187,0.886677265,0.90557152,0.720539868	0.958108187,0.886677265,0.90557152,0.720539868
p4	0	27	state_predelta-1	1	262144	262144	0.000000e+00	0.000000e+00	0,0,0,0	0,0,0,0
p4	0	28	new_state-1	1	262144	9051	3.507121e-07	1.341105e-07	2.57077791e-05,-0.00196893164,-0.000129312044,4.84333759e-05	2.57078773e-05,-0.0019689328,-0.000129312204,4.84334487e-05
p4	0	29	attn_output-1	1	2048	71	3.763438e-07	1.490116e-08	0.0001789854,6.32540032e-05,1.29997807e-05,3.58874445e-06	0.000178985516,6.32539377e-05,1.29997734e-05,3.58874399e-06
p4	0	30	z-1	1	2048	171	3.413762e-07	2.384186e-06	-4.22766209,-4.17285156,-1.04000878,0.475897104	-4.22766161,-4.17285109,-1.04000878,0.475896716
p4	0	31	final_output-1	1	2048	44	6.378420e-07	2.145767e-06	-0.00939458981,-0.0034512803,-0.00333428569,0.00109658926	-0.00939460006,-0.00345127797,-0.0033342836,0.00109658809
p4	0	32	linear_attn_out-1	1	1024	42	7.500408e-07	1.192093e-07	-0.466196597,-0.016215289,0.00400138274,-0.0173398815	-0.466196477,-0.0162153039,0.0040013846,-0.0173398927
p4	0	33	attn_residual-1	1	1024	51	6.023456e-07	1.490116e-07	-0.626537085,0.154305309,0.0695136935,-0.0667413622	-0.626537085,0.154305339,0.0695137307,-0.0667413697
p4	0	34	attn_post_norm-1	1	1024	49	5.788254e-07	2.384186e-06	-6.69380999,2.59694147,1.18188632,-1.19800532	-6.69380856,2.59694147,1.18188679,-1.1980052
p4	0	35	ffn_out-1	1	1024	41	5.618151e-07	2.682209e-07	0.456281126,0.000233195722,0.0123432875,0.0125877168	0.456280857,0.000233190134,0.0123432958,0.0125877196
p4	0	36	l_out-1	1	1024	42	6.459071e-07	2.682209e-07	-0.170255959,0.154538512,0.0818569809,-0.0541536435	-0.170256227,0.154538527,0.0818570256,-0.054153651
p4	0	37	attn_norm-2	2	1024	43	6.247184e-07	4.768372e-06	-3.13030457,3.48062372,1.78014708,-1.2352432	-3.13030934,3.48062372,1.78014791,-1.2352432
p4	0	38	conv_output_silu-2	2	6144	475	3.429095e-07	6.556511e-07	-0.0495844781,0.0192501824,0.0923690274,-0.00149168645	-0.0495844819,0.0192501862,0.0923690498,-0.00149168947
p4	0	39	q_conv_predelta-2	2	2048	270	2.771726e-07	2.980232e-07	-0.0850164965,0.0330059566,0.158373982,-0.00255761389	-0.0850164965,0.0330059566,0.158373997,-0.00255761901
p4	0	40	k_conv_predelta-2	2	2048	259	2.632910e-07	1.937151e-07	-0.080690816,0.00101453857,0.00064051128,-0.427813381	-0.0806908533,0.00101453986,0.000640511338,-0.427813381
p4	0	41	v_conv_predelta-2	2	2048	146	2.944341e-07	5.960464e-07	0.00318125635,-0.00973074045,0.00126899395,-0.00738393655	0.00318125589,-0.00973074045,0.00126899453,-0.00738394074
p4	0	42	a_softplus-2	2	16	16	0.000000e+00	0.000000e+00	2.95589399,0.863819838,1.42934632,2.38217902	2.95589399,0.863819838,1.42934632,2.38217902
p4	0	43	gate-2	2	16	16	0.000000e+00	0.000000e+00	-2.65353036,-0.243651569,-0.425827771,-1.55618036	-2.65353036,-0.243651569,-0.425827771,-1.55618036
p4	0	44	beta_sigmoid-2	2	16	16	0.000000e+00	0.000000e+00	0.843373001,0.96635437,0.672357023,0.742931783	0.843373001,0.96635437,0.672357023,0.742931783
p4	0	45	state_predelta-2	2	262144	262144	0.000000e+00	0.000000e+00	0,0,0,0	0,0,0,0
p4	0	46	new_state-2	2	262144	11602	4.286199e-07	7.152557e-07	-0.000216492306,2.72199259e-06,1.71848262e-06,-0.00114781724	-0.000216492364,2.72199554e-06,1.71848251e-06,-0.00114781701
p4	0	47	attn_output-2	2	2048	84	1.976756e-07	1.117587e-08	3.80199822e-06,-1.16294495e-05,1.51660629e-06,-8.82472432e-06	3.80199958e-06,-1.16294505e-05,1.51660777e-06,-8.82473068e-06
p4	0	48	z-2	2	2048	142	3.220354e-07	2.384186e-06	-0.0567511916,0.066301465,-1.2156136,1.05728281	-0.0567511916,0.0663012266,-1.2156136,1.05728316
p4	0	49	final_output-2	2	2048	64	3.956921e-07	7.152557e-07	-0.000106956257,-0.000264043949,-0.000384755142,-0.00675244676	-0.000106956293,-0.000264042988,-0.000384755549,-0.00675245561
p4	0	50	linear_attn_out-2	2	1024	46	5.307345e-07	4.768372e-07	-1.09250832,0.00295895012,-0.0191954393,-0.0211988762	-1.09250879,0.00295896875,-0.0191954356,-0.0211988818
p4	0	51	attn_residual-2	2	1024	43	6.339174e-07	8.344650e-07	-1.26276422,0.157497466,0.0626615435,-0.0753525198	-1.26276505,0.157497495,0.0626615882,-0.0753525347
p4	0	52	attn_post_norm-2	2	1024	54	6.010366e-07	4.768372e-06	-11.9678469,2.34431219,0.946789086,-1.13497794	-11.9678516,2.34431195,0.946789503,-1.13497782
p4	0	53	ffn_out-2	2	1024	40	4.720198e-07	5.960464e-08	0.0979637504,0.00773434481,-0.0161840878,-0.0237000175	0.0979637876,0.00773435365,-0.0161841083,-0.0237000287
p4	0	54	l_out-2	2	1024	46	6.783033e-07	8.344650e-07	-1.16480041,0.165231809,0.0464774556,-0.0990525335	-1.16480124,0.165231854,0.0464774817,-0.0990525633
p4	0	55	attn_norm-3	3	1024	54	6.006640e-07	7.629395e-06	-18.5056858,3.13385105,0.796793044,-1.79083502	-18.5056934,3.13385081,0.796793282,-1.79083502
p4	0	56	attn_pregate-3	3	2048	164	2.686015e-07	5.960464e-07	0.208644763,-0.168411896,0.277770221,0.0260311589	0.208644718,-0.168411762,0.27777046,0.0260313824
p4	0	57	attn_gated-3	3	2048	105	3.588231e-07	4.768372e-07	0.00828528777,-0.0068817935,0.0136747127,0.000880656764	0.00828527659,-0.00688178604,0.0136747165,0.000880663516
p4	0	58	attn_output-3	3	1024	52	8.439926e-07	7.450581e-08	-0.132133871,0.00677717663,0.00432735309,-0.0235974491	-0.132133901,0.00677720644,0.00432732701,-0.0235974416
p4	0	59	attn_residual-3	3	1024	43	7.001314e-07	8.344650e-07	-1.29693425,0.172008991,0.0508048087,-0.122649983	-1.29693508,0.172009066,0.0508048087,-0.122650005
p4	0	60	attn_post_norm-3	3	1024	39	6.942565e-07	4.768372e-06	-12.834938,2.54925442,0.775582612,-1.88860881	-12.8349428,2.54925466,0.775582373,-1.88860869
p4	0	61	ffn_out-3	3	1024	87	3.804021e-07	3.576279e-07	1.09847665,-0.0151844015,-0.0394638143,-0.042871058	1.09847701,-0.0151844332,-0.0394638181,-0.0428710282
p4	0	62	l_out-3	3	1024	46	5.921168e-07	4.768372e-07	-0.198457599,0.156824589,0.0113409944,-0.165521041	-0.198458076,0.156824633,0.0113409907,-0.165521026
p4	0	63	attn_norm-4	4	1024	65	5.303166e-07	4.768372e-06	-2.26533675,2.36103892,0.159129754,-2.55473661	-2.26534152,2.36103892,0.159129649,-2.55473566
p4	0	64	conv_output_silu-4	4	6144	1195	8.546501e-08	5.960464e-07	0.00287973788,-0.0302877408,0.0316320397,-0.116305888	0.00287970086,-0.0302877482,0.0316320658,-0.116305836
p4	0	65	q_conv_predelta-4	4	2048	278	2.907017e-07	2.421439e-07	0.00248446385,-0.0261304323,0.0272902139,-0.100341685	0.00248443149,-0.0261304379,0.0272902306,-0.100341633
p4	0	66	k_conv_predelta-4	4	2048	319	2.954776e-07	2.384186e-07	0.00165889808,-0.218412086,0.0329773836,-0.0131385354	0.00165889272,-0.218412042,0.0329773948,-0.0131385447
p4	0	67	v_conv_predelta-4	4	2048	438	4.052716e-08	5.960464e-07	0.00944972131,-6.14294113e-05,-0.000586590788,-7.20890821e-05	0.00944972131,-6.14294549e-05,-0.000586590671,-7.20891403e-05
p4	0	68	a_softplus-4	4	16	16	0.000000e+00	0.000000e+00	0.108713917,1.59407103,0.0646035001,1.05245447	0.108713917,1.59407103,0.0646035001,1.05245447
p4	0	69	gate-4	4	16	16	0.000000e+00	0.000000e+00	-0.0453187041,-1.54880333,-0.0203283932,-0.552442372	-0.0453187041,-1.54880333,-0.0203283932,-0.552442372
p4	0	70	beta_sigmoid-4	4	16	16	0.000000e+00	0.000000e+00	0.677617431,0.862892807,0.954500675,0.704203188	0.677617431,0.862892807,0.954500675,0.704203188
p4	0	71	state_predelta-4	4	262144	262144	0.000000e+00	0.000000e+00	0,0,0,0	0,0,0,0
p4	0	72	new_state-4	4	262144	19992	1.480470e-07	1.907349e-06	1.06224152e-05,-0.00139855721,0.000211163948,-8.41299261e-05	1.06223806e-05,-0.00139855687,0.000211164006,-8.41299916e-05
p4	0	73	attn_output-4	4	2048	157	1.805466e-07	5.960464e-08	2.19308513e-05,-1.42564986e-07,-1.361356e-06,-1.67303881e-07	2.19308495e-05,-1.42565071e-07,-1.361356e-06,-1.67304052e-07
p4	0	74	z-4	4	2048	331	2.039197e-07	1.907349e-06	1.49524474,-1.18054867,-0.0483585,0.564092755	1.4952457,-1.18054867,-0.0483588576,0.564093351
p4	0	75	final_output-4	4	2048	105	4.817961e-07	5.066395e-07	0.0235361159,4.1788775e-05,2.69551183e-05,-5.71055389e-05	0.0235361289,4.17888004e-05,2.69553111e-05,-5.71056771e-05
p4	0	76	linear_attn_out-4	4	1024	33	7.142367e-07	4.097819e-08	-0.0683432594,0.0219870172,0.00173766306,0.0160019454	-0.0683432519,0.0219869968,0.00173766539,0.0160019435
p4	0	77	attn_residual-4	4	1024	39	6.131049e-07	4.768372e-07	-0.266800851,0.17881161,0.0130786579,-0.149519101	-0.266801327,0.178811625,0.013078656,-0.149519086
p4	0	78	attn_post_norm-4	4	1024	47	5.603125e-07	3.099442e-06	-2.08026028,2.0374229,0.146558255,-1.76420021	-2.08026338,2.03742242,0.14655818,-1.7641995
p4	0	79	ffn_out-4	4	1024	85	3.587103e-07	2.700835e-08	0.0737441182,0.00332881627,0.0170618519,0.0159145016	0.0737441108,0.00332881068,0.0170618612,0.0159145109
p4	0	80	l_out-4	4	1024	48	6.366054e-07	4.768372e-07	-0.193056732,0.182140425,0.0301405098,-0.133604601	-0.193057209,0.18214044,0.0301405173,-0.133604571
p4	0	81	attn_norm-5	5	1024	63	5.682697e-07	4.768372e-06	-2.11806178,2.69112134,0.414175779,-2.06605744	-2.11806655,2.69112086,0.414175719,-2.06605649
p4	0	82	conv_output_silu-5	5	6144	1214	1.841725e-07	2.384186e-07	-0.0831810236,-0.101966873,-0.0301261842,-0.219639778	-0.0831811354,-0.101966873,-0.030126188,-0.219639763
p4	0	83	q_conv_predelta-5	5	2048	275	3.229912e-07	2.682209e-07	-0.0788058043,-0.0966035351,-0.0285415854,-0.208086997	-0.0788059011,-0.0966035277,-0.0285415854,-0.208086953
p4	0	84	k_conv_predelta-5	5	2048	381	2.895858e-07	2.980232e-07	0.000349653012,-0.00161127909,0.277311355,-0.00678436272	0.000349652459,-0.0016112806,0.277311325,-0.00678436225
p4	0	85	v_conv_predelta-5	5	2048	397	8.216166e-08	2.384186e-07	1.50620808e-05,0.000382675091,-0.00291267945,-8.66503178e-05	1.50620108e-05,0.000382674334,-0.00291267945,-8.66502378e-05
p4	0	86	a_softplus-5	5	16	16	0.000000e+00	0.000000e+00	0.0821074769,0.565568089,1.22268176,0.0116748894	0.0821074769,0.565568089,1.22268176,0.0116748894
p4	0	87	gate-5	5	16	16	0.000000e+00	0.000000e+00	-0.0627085567,-0.0686111972,-0.311567008,-0.00488586631	-0.0627085567,-0.0686111972,-0.311567008,-0.00488586631
p4	0	88	beta_sigmoid-5	5	16	16	0.000000e+00	0.000000e+00	0.918922782,0.990156412,0.825428128,0.980775595	0.918922782,0.990156412,0.825428128,0.980775595
p4	0	89	state_predelta-5	5	262144	262144	0.000000e+00	0.000000e+00	0,0,0,0	0,0,0,0
p4	0	90	new_state-5	5	262144	20936	1.788338e-07	3.576279e-07	4.83950879e-09,-2.23015366e-08,3.8382359e-06,-9.39016118e-08	4.8394786e-09,-2.23014531e-08,3.83821771e-06,-9.39011713e-08
p4	0	91	attn_output-5	5	2048	153	3.322222e-07	1.676381e-08	-2.50157477e-08,-6.3556314e-07,4.83750273e-06,1.43912558e-07	-2.50156624e-08,-6.35562401e-07,4.83750773e-06,1.43912615e-07
p4	0	92	z-5	5	2048	312	2.229037e-07	1.430511e-06	0.903356671,1.13450646,-0.201255262,-0.255754113	0.903356731,1.13450634,-0.201254904,-0.255753994
p4	0	93	final_output-5	5	2048	88	4.874218e-07	5.960464e-07	-1.54382869e-05,-0.000504605356,-0.000429096312,-1.55785237e-05	-1.5438236e-05,-0.000504604715,-0.000429096079,-1.55785256e-05
p4	0	94	linear_attn_out-5	5	1024	76	9.821843e-07	5.960464e-08	-0.0322286785,-0.0211507585,0.00222104043,-0.00874574482	-0.0322287381,-0.0211507473,0.00222102553,-0.00874578021
p4	0	95	attn_residual-5	5	1024	49	6.636016e-07	5.364418e-07	-0.225285411,0.160989672,0.0323615521,-0.142350346	-0.225285947,0.160989687,0.0323615447,-0.142350346
p4	0	96	attn_post_norm-5	5	1024	44	6.161539e-07	3.695488e-06	-1.706182,1.83272791,0.349925697,-1.70525146	-1.7061857,1.83272779,0.349925578,-1.70525098
p4	0	97	ffn_out-5	5	1024	63	3.609078e-07	3.725290e-08	0.01606372,-0.0110914949,0.0312921517,0.0320992321	0.0160637014,-0.0110914996,0.0312921591,0.032099247
p4	0	98	l_out-5	5	1024	33	6.876366e-07	5.513430e-07	-0.209221691,0.149898171,0.0636537075,-0.110251114	-0.209222242,0.149898186,0.0636537075,-0.110251099
p4	0	99	attn_norm-6	6	1024	45	6.153964e-07	5.483627e-06	-2.28993845,2.12594175,0.872888446,-1.65638471	-2.28994393,2.12594128,0.872888148,-1.65638399
p4	0	100	conv_output_silu-6	6	6144	1213	3.197975e-07	2.980232e-07	-0.0118301194,0.135970637,0.0484864824,-0.0683801174	-0.0118301501,0.135970607,0.0484864824,-0.0683801174
p4	0	101	q_conv_predelta-6	6	2048	242	3.426701e-07	3.241003e-07	-0.00705961697,0.081140399,0.0289342795,-0.0408057943	-0.00705963373,0.0811403617,0.0289342739,-0.0408057868
p4	0	102	k_conv_predelta-6	6	2048	276	3.359660e-07	4.023314e-07	-0.00746137556,0.00954085775,-0.0139252432,0.0320438333	-0.00746137695,0.00954085961,-0.0139252422,0.0320438333
p4	0	103	v_conv_predelta-6	6	2048	407	2.523680e-07	2.384186e-07	-3.39224971e-05,0.000103051352,2.41575635e-05,1.5774116e-05	-3.39224971e-05,0.000103051381,2.41575635e-05,1.57742033e-05
p4	0	104	a_softplus-6	6	16	16	0.000000e+00	0.000000e+00	0.167408228,0.274803162,1.78523827,0.162356123	0.167408228,0.274803162,1.78523827,0.162356123
p4	0	105	gate-6	6	16	16	0.000000e+00	0.000000e+00	-0.0304873027,-0.204216361,-0.544466913,-0.0900124907	-0.0304873027,-0.204216361,-0.544466913,-0.0900124907
p4	0	106	beta_sigmoid-6	6	16	16	0.000000e+00	0.000000e+00	0.930817902,0.597514987,0.90008986,0.868772566	0.930817902,0.597514987,0.90008986,0.868772566
p4	0	107	state_predelta-6	6	262144	262144	0.000000e+00	0.000000e+00	0,0,0,0	0,0,0,0
p4	0	108	new_state-6	6	262144	13861	5.602123e-07	3.054738e-07	2.35597909e-07,-3.0125895e-07,4.39698823e-07,-1.01180535e-06	2.35597952e-07,-3.01259007e-07,4.39698795e-07,-1.01180535e-06
p4	0	109	attn_output-6	6	2048	141	2.964498e-07	5.587935e-09	-1.67303156e-07,5.08241385e-07,1.19143259e-07,7.77967344e-08	-1.67303156e-07,5.08241499e-07,1.19143188e-07,7.77971607e-08
p4	0	110	z-6	6	2048	342	2.559989e-07	1.907349e-06	0.0973483324,0.36149919,1.4299202,1.59676278	0.0973479748,0.361499429,1.42992043,1.5967629
p4	0	111	final_output-6	6	2048	63	2.854105e-07	1.144409e-05	-7.25507607e-06,0.000105724757,0.000132665256,0.000107459586	-7.25504879e-06,0.000105724859,0.000132665213,0.000107460175
p4	0	112	linear_attn_out-6	6	1024	124	4.411786e-07	9.536743e-07	-0.582322001,0.0124833938,-0.433831096,-0.214487329	-0.582321584,0.0124834022,-0.433831245,-0.214487195
p4	0	113	attn_residual-6	6	1024	49	4.244730e-07	1.430511e-06	-0.791543722,0.16238156,-0.370177388,-0.324738443	-0.791543841,0.162381589,-0.370177537,-0.324738294
p4	0	114	attn_post_norm-6	6	1024	77	3.247202e-07	1.430511e-06	-1.80246925,0.45295161,-1.01932216,-0.926774085	-1.80246902,0.45295158,-1.01932228,-0.926773369
p4	0	115	ffn_out-6	6	1024	101	3.994499e-07	5.587935e-08	0.163929909,-0.000286351889,-0.00994288363,0.0604319461	0.163929909,-0.00028635934,-0.00994287245,0.0604319461
p4	0	116	l_out-6	6	1024	53	4.297135e-07	1.430511e-06	-0.627613783,0.162095204,-0.380120277,-0.264306486	-0.627613902,0.162095234,-0.380120397,-0.264306337
p4	0	117	attn_norm-7	7	1024	74	3.133164e-07	1.311302e-06	-1.60707176,0.441070318,-1.06813657,-0.862777591	-1.60707152,0.441070288,-1.06813669,-0.862776875
p4	0	118	attn_pregate-7	7	2048	444	7.412485e-08	1.907349e-06	-0.0924450308,0.150094211,-0.753982186,0.134367302	-0.0924450457,0.150094286,-0.753982246,0.134367302
p4	0	119	attn_gated-7	7	2048	293	7.354916e-08	4.768372e-07	-0.0413280539,0.0662133768,-0.592255533,0.077137202	-0.0413280651,0.0662134066,-0.592255652,0.077137202
p4	0	120	attn_output-7	7	1024	155	2.298586e-07	1.788139e-07	0.606915355,-0.0231537148,0.304088593,-0.027007591	0.606915295,-0.0231537167,0.304088622,-0.0270075798
p4	0	121	attn_residual-7	7	1024	46	6.731351e-07	1.192093e-06	-0.0206984282,0.138941497,-0.0760316849,-0.291314065	-0.020698607,0.138941512,-0.0760317743,-0.291313916
p4	0	122	attn_post_norm-7	7	1024	59	5.724909e-07	2.920628e-06	-0.0588460676,0.575226009,-0.303528786,-1.25493038	-0.0588465482,0.57522583,-0.303529024,-1.25492918
p4	0	123	ffn_out-7	7	1024	148	2.004961e-07	6.705523e-08	-0.172659919,-0.0191443264,0.0117164608,0.0939309373	-0.172659889,-0.0191443283,0.0117164589,0.0939309224
p4	0	124	l_out-7	7	1024	36	7.900751e-07	1.192093e-06	-0.193358347,0.11979717,-0.0643152222,-0.197383136	-0.193358496,0.119797185,-0.0643153191,-0.197382987
p4	0	125	attn_norm-8	8	1024	33	6.537554e-07	4.172325e-06	-0.993710637,0.728334188,-0.354833603,-1.28954124	-0.993710995,0.72833395,-0.35483399,-1.28953969
p4	0	126	conv_output_silu-8	8	6144	1327	2.388883e-07	4.768372e-07	0.0841539279,-0.00981122814,-0.00118449458,-0.0881424546	0.0841539353,-0.00981122907,-0.00118449458,-0.0881424546
p4	0	127	q_conv_predelta-8	8	2048	270	2.594879e-07	1.788139e-07	0.0690161139,-0.00804636069,-0.000971424859,-0.0722871721	0.0690161213,-0.00804636162,-0.000971424859,-0.0722871721
p4	0	128	k_conv_predelta-8	8	2048	222	4.464631e-07	1.117587e-06	0.0737940818,0.0169603098,0.183163315,0.00758593809	0.0737940744,0.0169603173,0.183163285,0.00758593995
p4	0	129	v_conv_predelta-8	8	2048	474	1.535930e-07	4.768372e-07	0.00152003579,0.00144625211,0.00211885944,-0.00100592338	0.00152003579,0.00144625211,0.00211885944,-0.00100592419
p4	0	130	a_softplus-8	8	16	16	0.000000e+00	0.000000e+00	2.47310996,0.160218522,0.124911927,0.54169935	2.47310996,0.160218522,0.124911927,0.54169935
p4	0	131	gate-8	8	16	16	0.000000e+00	0.000000e+00	-0.868143201,-0.0455461517,-0.0372134931,-0.0817843676	-0.868143201,-0.0455461517,-0.0372134931,-0.0817843676
p4	0	132	beta_sigmoid-8	8	16	16	0.000000e+00	0.000000e+00	0.975863099,0.88569361,0.985879123,0.978078187	0.975863099,0.88569361,0.985879123,0.978078187
p4	0	133	state_predelta-8	8	262144	262144	0.000000e+00	0.000000e+00	0,0,0,0	0,0,0,0
p4	0	134	new_state-8	8	262144	15208	2.930952e-07	3.576279e-07	0.000109462213,2.51580204e-05,0.000271694706,1.12525768e-05	0.000109462206,2.51580332e-05,0.000271694676,1.12525795e-05
p4	0	135	attn_output-8	8	2048	99	1.725348e-07	7.450581e-09	2.3342338e-05,2.2209284e-05,3.25381407e-05,-1.54474019e-05	2.33423434e-05,2.22092931e-05,3.25381443e-05,-1.54474183e-05
p4	0	136	z-8	8	2048	411	1.890955e-07	1.430511e-06	-0.0985240042,-0.378494978,1.00863421,0.209284782	-0.0985240042,-0.378494978,1.00863421,0.209284902
p4	0	137	final_output-8	8	2048	72	7.417261e-07	4.172325e-07	-0.00100727752,-0.00222537294,0.0241030548,-0.00134871097	-0.00100727775,-0.00222537364,0.0241030566,-0.00134871318
p4	0	138	linear_attn_out-8	8	1024	71	7.816251e-07	7.078052e-08	0.0256817117,0.0148785124,-0.0138804037,-0.00545597449	0.025681641,0.0148785068,-0.0138804074,-0.0054559689
p4	0	139	attn_residual-8	8	1024	29	7.882101e-07	1.192093e-06	-0.167676628,0.134675682,-0.0781956241,-0.202839106	-0.167676851,0.134675696,-0.0781957284,-0.202838957
p4	0	140	attn_post_norm-8	8	1024	37	6.622752e-07	3.516674e-06	-0.535484135,0.623748779,-0.34974134,-1.03016961	-0.535484672,0.6237486,-0.349741668,-1.03016841
p4	0	141	ffn_out-8	8	1024	64	2.935634e-07	5.960464e-08	0.326063335,0.000709315762,0.0220186822,0.032424558	0.326063395,0.000709319022,0.0220186897,0.0324245654
p4	0	142	l_out-8	8	1024	29	8.003162e-07	1.192093e-06	0.158386707,0.135384992,-0.0561769418,-0.170414552	0.158386543,0.135385022,-0.0561770387,-0.170414388
p4	0	143	attn_norm-9	9	1024	43	6.788436e-07	4.470348e-06	0.740649283,0.770065725,-0.314756483,-1.14752734	0.74064821,0.770065606,-0.3147569,-1.14752579
p4	0	144	conv_output_silu-9	9	6144	1162	3.139919e-07	4.768372e-07	0.00550174899,-0.123704694,-0.244472265,-0.0464881621	0.00550173968,-0.123704724,-0.24447228,-0.0464881621
p4	0	145	q_conv_predelta-9	9	2048	214	3.332644e-07	2.682209e-07	0.00470067002,-0.105692744,-0.208876029,-0.0397192799	0.00470066164,-0.105692759,-0.208876029,-0.0397192761
p4	0	146	k_conv_predelta-9	9	2048	214	2.431182e-07	4.172325e-07	-0.0560228713,0.0774714798,-0.0181958005,-7.76348388e-05	-0.0560228713,0.0774714947,-0.0181957893,-7.76349989e-05
p4	0	147	v_conv_predelta-9	9	2048	367	2.305741e-07	4.768372e-07	0.000319806626,-0.000680625555,3.6262114e-05,0.00185624999	0.000319806626,-0.000680626079,3.62622814e-05,0.00185624976
p4	0	148	a_softplus-9	9	16	16	0.000000e+00	0.000000e+00	0.26292178,1.06156111,0.0651986226,5.6563592	0.26292178,1.06156111,0.0651986226,5.6563592
p4	0	149	gate-9	9	16	16	0.000000e+00	0.000000e+00	-0.106645778,-0.144793466,-0.0221827142,-1.04632127	-0.106645778,-0.144793466,-0.0221827142,-1.04632127
p4	0	150	beta_sigmoid-9	9	16	16	0.000000e+00	0.000000e+00	0.997082651,0.999519944,8.06275366e-08,0.939084828	0.997082651,0.999519944,8.06275366e-08,0.939084828
p4	0	151	state_predelta-9	9	262144	262144	0.000000e+00	0.000000e+00	0,0,0,0	0,0,0,0
p4	0	152	new_state-9	9	262144	12505	3.138079e-07	3.576279e-07	-1.78642167e-05,2.47036132e-05,-5.80216101e-06,-2.47557033e-08	-1.78642167e-05,2.47036187e-05,-5.80215783e-06,-2.47557548e-08
p4	0	153	attn_output-9	9	2048	72	4.578148e-07	3.259629e-09	-1.98226502e-08,4.21874589e-08,-2.24764918e-09,-1.15056743e-07	-1.98229824e-08,4.21880166e-08,-2.24768004e-09,-1.15058114e-07
p4	0	154	z-9	9	2048	363	2.305735e-07	1.430511e-06	-0.0287249088,-0.567698479,0.461937904,-0.103290439	-0.0287246704,-0.567698836,0.461937964,-0.103290141
p4	0	155	final_output-9	9	2048	45	5.846262e-07	4.172325e-07	3.06782766e-07,-8.98787221e-06,-6.83604071e-07,5.57806288e-06	3.0678541e-07,-8.98799408e-06,-6.83613564e-07,5.57811427e-06
p4	0	156	linear_attn_out-9	9	1024	43	7.656429e-07	1.490116e-07	-0.17082867,-0.00940968283,-0.0110364091,-0.008922345	-0.170828819,-0.00940969307,-0.0110364165,-0.00892234594
p4	0	157	attn_residual-9	9	1024	34	8.062687e-07	1.192093e-06	-0.012441963,0.125975311,-0.067213349,-0.179336891	-0.0124422759,0.125975326,-0.0672134534,-0.179336727
p4	0	158	attn_post_norm-9	9	1024	28	6.846283e-07	3.516674e-06	-0.0407423787,0.577739775,-0.297623903,-0.930139422	-0.0407433882,0.577739596,-0.29762423,-0.930138171
p4	0	159	ffn_out-9	9	1024	66	5.049361e-07	4.097819e-08	0.0277954005,-0.0092399912,0.00719979731,0.00458307005	0.0277954414,-0.00923998188,0.00719979405,0.00458307005
p4	0	160	l_out-9	9	1024	33	8.196111e-07	1.192093e-06	0.0153534375,0.116735317,-0.0600135513,-0.174753815	0.0153531656,0.116735347,-0.0600136593,-0.174753651
p4	0	161	attn_norm-10	10	1024	45	7.003413e-07	4.112720e-06	0.079258278,0.627852082,-0.345092624,-1.08345413	0.0792568326,0.627851844,-0.345093042,-1.08345246
p4	0	162	conv_output_silu-10	10	6144	1576	2.890672e-07	3.576279e-07	0.00398805318,0.00613736687,0.0104613258,-0.0788519904	0.00398805132,0.0061373692,0.0104613295,-0.0788520053
p4	0	163	q_conv_predelta-10	10	2048	357	2.986208e-07	2.086163e-07	0.0154101113,0.0237152074,0.0404232778,-0.304689497	0.0154101029,0.0237152148,0.0404232964,-0.304689556
p4	0	164	k_conv_predelta-10	10	2048	304	4.244709e-07	7.301569e-07	0.0670372993,0.0606693588,0.0561091378,0.105654202	0.0670373514,0.0606695041,0.0561091378,0.105654247
p4	0	165	v_conv_predelta-10	10	2048	525	1.991941e-07	4.470348e-08	0.003558442,0.00115808565,-0.00426465645,-0.00371701038	0.003558442,0.00115808728,-0.0042646504,-0.00371700805
p4	0	166	a_softplus-10	10	16	16	0.000000e+00	0.000000e+00	1.04042971,0.0136279445,6.66927052,4.61354113	1.04042971,0.0136279445,6.66927052,4.61354113
p4	0	167	gate-10	10	16	16	0.000000e+00	0.000000e+00	-0.796168566,-0.0790384859,-2.06604362,-0.944649041	-0.796168566,-0.0790384859,-2.06604362,-0.944649041
p4	0	168	beta_sigmoid-10	10	16	16	0.000000e+00	0.000000e+00	0.948028266,0.968971789,0.883738935,0.994519174	0.948028266,0.968971789,0.883738935,0.994519174
p4	0	169	state_predelta-10	10	262144	262144	0.000000e+00	0.000000e+00	0,0,0,0	0,0,0,0
p4	0	170	new_state-10	10	262144	15826	4.048706e-07	6.519258e-08	0.000226150572,0.000204668308,0.000189284387,0.000356424833	0.000226150747,0.000204668802,0.000189284387,0.000356424978
p4	0	171	attn_output-10	10	2048	141	3.271539e-07	1.455192e-09	4.44583275e-05,1.44688465e-05,-5.32816011e-05,-4.64394398e-05	4.44583493e-05,1.44688684e-05,-5.32815393e-05,-4.64394143e-05
p4	0	172	z-10	10	2048	501	1.579991e-07	9.536743e-07	1.0535661,1.12115407,1.2693212,1.3052913	1.0535661,1.12115407,1.26932132,1.3052913
p4	0	173	final_output-10	10	2048	104	5.386053e-07	4.768372e-07	0.0311578419,0.0130473105,-0.0513571352,-0.0486933477	0.0311578568,0.013047331,-0.051357083,-0.0486933216
p4	0	174	linear_attn_out-10	10	1024	66	5.191619e-07	8.940697e-08	-0.410839736,-0.0224290341,-0.0298555642,-0.00652544945	-0.410839647,-0.0224290304,-0.0298555605,-0.00652544387
p4	0	175	attn_residual-10	10	1024	38	7.914580e-07	1.192093e-06	-0.395486295,0.0943062827,-0.0898691118,-0.181279272	-0.395486474,0.09430632,-0.0898692161,-0.181279093
p4	0	176	attn_post_norm-10	10	1024	39	6.705962e-07	3.576279e-06	-1.45170832,0.427321106,-0.40590778,-0.874918401	-1.45170844,0.427321106,-0.405908108,-0.874917269
p4	0	177	ffn_out-10	10	1024	39	5.398366e-07	8.940697e-08	-0.178529993,-0.00293818302,0.013532619,-0.0334991999	-0.178530082,-0.00293817371,0.0135326274,-0.0334992073
p4	0	178	l_out-10	10	1024	27	7.716226e-07	1.192093e-06	-0.574016273,0.0913681015,-0.0763364956,-0.214778468	-0.574016571,0.0913681462,-0.0763365924,-0.214778304
p4	0	179	attn_norm-11	11	1024	43	6.212974e-07	3.516674e-06	-2.31128788,0.383719921,-0.342371851,-1.06219804	-2.31128788,0.383719951,-0.34237209,-1.06219673
p4	0	180	attn_pregate-11	11	2048	300	8.690086e-08	1.907349e-06	0.317912698,0.16163069,0.155247793,-0.142066777	0.317912817,0.161630645,0.155247748,-0.142066792
p4	0	181	attn_gated-11	11	2048	228	2.245309e-07	5.960464e-07	0.28658092,0.0567942187,0.0867285281,-0.0431167968	0.28658101,0.0567942001,0.0867284834,-0.0431168005
p4	0	182	attn_output-11	11	1024	89	3.788548e-07	1.862645e-07	0.479531884,0.00335177034,0.147265539,0.150307998	0.479531825,0.00335174054,0.147265553,0.150307924
p4	0	183	attn_residual-11	11	1024	35	1.167655e-06	1.192093e-06	-0.0944843888,0.0947198719,0.070929043,-0.06447047	-0.0944847465,0.0947198868,0.070928961,-0.0644703805
p4	0	184	attn_post_norm-11	11	1024	16	1.025655e-06	5.006790e-06	-0.466582626,0.663585544,0.474170983,-0.464029014	-0.466584116,0.663585246,0.474170119,-0.46402809
p4	0	185	ffn_out-11	11	1024	24	5.965692e-07	2.384186e-07	0.120049164,-0.00567574846,0.0186890736,0.00477894116	0.120049223,-0.00567576475,0.0186890848,0.00477894396
p4	0	186	l_out-11	11	1024	31	1.413736e-06	9.536743e-07	0.0255647749,0.0890441239,0.0896181166,-0.0596915297	0.0255644768,0.0890441239,0.0896180421,-0.0596914366
p4	0	187	attn_norm-12	12	1024	15	1.319887e-06	8.821487e-06	0.249392107,0.980053127,1.02764142,-0.731207788	0.249389052,0.980052471,1.02763999,-0.731206179
p4	0	188	conv_output_silu-12	12	6144	384	4.750796e-07	1.907349e-06	-0.0227191634,-0.104206994,0.0182637479,0.0374702476	-0.0227191858,-0.104207039,0.0182637684,0.0374702588
p4	0	189	q_conv_predelta-12	12	2048	206	2.995375e-07	2.086163e-07	-0.0131268846,-0.0602096654,0.0105525944,0.021649899	-0.013126893,-0.0602096654,0.0105526019,0.0216498971
p4	0	190	k_conv_predelta-12	12	2048	214	2.997052e-07	3.874302e-07	-0.00951877609,0.00133787072,-0.000693053938,-0.00612819334	-0.00951877702,0.00133787107,-0.000693053647,-0.00612819428
p4	0	191	v_conv_predelta-12	12	2048	112	4.420545e-07	1.907349e-06	-0.00112512219,0.00126778742,0.00015907544,-0.000305970258	-0.00112512265,0.00126778765,0.00015907544,-0.000305970461
p4	0	192	a_softplus-12	12	16	16	0.000000e+00	0.000000e+00	0.300565183,2.517241,3.04856205,0.643720806	0.300565183,2.517241,3.04856205,0.643720806
p4	0	193	gate-12	12	16	16	0.000000e+00	0.000000e+00	-0.0605883189,-1.48560143,-0.316334516,-0.182993859	-0.0605883189,-1.48560143,-0.316334516,-0.182993859
p4	0	194	beta_sigmoid-12	12	16	16	0.000000e+00	0.000000e+00	0.979334116,0.858416557,0.961678028,0.859583199	0.979334116,0.858416557,0.961678028,0.859583199
p4	0	195	state_predelta-12	12	262144	262144	0.000000e+00	0.000000e+00	0,0,0,0	0,0,0,0
p4	0	196	new_state-12	12	262144	8138	5.414672e-07	1.430511e-06	1.04884593e-05,-1.4741604e-06,7.63655748e-07,6.75247566e-06	1.04884648e-05,-1.47416131e-06,7.63655748e-07,6.75247975e-06
p4	0	197	attn_output-12	12	2048	81	2.394136e-07	1.303852e-08	-9.93948379e-06,1.1199807e-05,1.40529426e-06,-2.70298301e-06	-9.9394847e-06,1.11998061e-05,1.4052938e-06,-2.7029846e-06
p4	0	198	z-12	12	2048	97	4.590436e-07	3.814697e-06	0.488871098,-0.216558158,1.38514912,-0.248447031	0.488871217,-0.216558516,1.38514984,-0.248446941
p4	0	199	final_output-12	12	2048	52	6.752570e-07	4.768372e-07	-0.00265131937,-0.000999837182,0.001135397,0.000267912488	-0.00265132054,-0.000999838696,0.00113539712,0.000267912546
p4	0	200	linear_attn_out-12	12	1024	98	8.250994e-07	5.587935e-08	-0.0328301042,0.0153150856,0.00322440825,0.0075121969	-0.0328301117,0.015315095,0.00322442129,0.00751219504
p4	0	201	attn_residual-12	12	1024	23	1.471731e-06	9.536743e-07	-0.00726532936,0.10435921,0.0928425267,-0.0521793328	-0.00726563483,0.104359217,0.0928424597,-0.0521792397
p4	0	202	attn_post_norm-12	12	1024	18	1.383487e-06	7.063150e-06	-0.0470381156,1.04541743,0.850800574,-0.512201428	-0.0470400676,1.04541695,0.850799441,-0.512200236
p4	0	203	ffn_out-12	12	1024	18	8.707797e-07	1.490116e-07	-0.0610569641,-0.0224509127,-0.000427138526,-0.0120192822	-0.0610570163,-0.0224509351,-0.000427125255,-0.0120193027
p4	0	204	l_out-12	12	1024	18	1.629374e-06	8.940697e-07	-0.0683222935,0.0819083005,0.0924153849,-0.0641986132	-0.0683226511,0.0819082856,0.0924153328,-0.0641985387
p4	0	205	attn_norm-13	13	1024	16	1.594651e-06	1.007318e-05	-0.765304863,1.04001784,1.19534755,-0.925244272	-0.76530838,1.04001701,1.195346,-0.925242603
p4	0	206	conv_output_silu-13	13	6144	453	5.684777e-07	1.072884e-06	-0.0101590352,0.108969547,0.0324024186,-0.00662516477	-0.0101589961,0.108969636,0.0324024335,-0.00662516803
p4	0	207	q_conv_predelta-13	13	2048	205	3.315828e-07	2.086163e-07	-0.00806564279,0.0865150541,0.0257255062,-0.00525996927	-0.00806560833,0.0865150839,0.0257255081,-0.00525996974
p4	0	208	k_conv_predelta-13	13	2048	181	3.204776e-07	3.576279e-07	-0.00376070268,-0.000983730424,0.00640820153,-0.660265505	-0.00376070268,-0.000983730657,0.00640820246,-0.660265446
p4	0	209	v_conv_predelta-13	13	2048	192	4.521702e-07	1.266599e-07	1.57384329e-05,0.000257036503,0.000123704085,7.88076941e-05	1.57383183e-05,0.000257036678,0.000123704449,7.88080361e-05
p4	0	210	a_softplus-13	13	16	16	0.000000e+00	0.000000e+00	2.25577807,0.61869359,1.61380255,2.79336405	2.25577807,0.61869359,1.61380255,2.79336405
p4	0	211	gate-13	13	16	16	0.000000e+00	0.000000e+00	-0.607134461,-0.71211201,-0.811470866,-0.668685853	-0.607134461,-0.71211201,-0.811470866,-0.668685853
p4	0	212	beta_sigmoid-13	13	16	16	0.000000e+00	0.000000e+00	0.94828707,0.862775028,0.659687579,0.978647351	0.94828707,0.862775028,0.659687579,0.978647351
p4	0	213	state_predelta-13	13	262144	262144	0.000000e+00	0.000000e+00	0,0,0,0	0,0,0,0
p4	0	214	new_state-13	13	262144	7164	5.162494e-07	5.960464e-08	-5.61268045e-08,-1.46817367e-08,9.56395425e-08,-9.85416682e-06	-5.61263924e-08,-1.46816328e-08,9.56388533e-08,-9.85409406e-06
p4	0	215	attn_output-13	13	2048	65	8.461650e-07	7.275958e-10	-7.76941178e-09,-1.26888295e-07,-6.10675812e-08,-3.89040977e-08	-7.76935938e-09,-1.26888395e-07,-6.10677944e-08,-3.8904286e-08
p4	0	216	z-13	13	2048	113	5.628746e-07	3.814697e-06	0.895652413,0.490358293,0.291368127,2.10842395	0.895653248,0.490358353,0.291368246,2.10842514
p4	0	217	final_output-13	13	2048	32	1.599318e-06	1.043081e-06	-5.23780818e-06,-4.12077752e-05,-1.0807611e-05,-7.58230672e-05	-5.23777862e-06,-4.12078189e-05,-1.0807652e-05,-7.58234964e-05
p4	0	218	linear_attn_out-13	13	1024	12	1.630080e-06	6.332994e-08	0.0288389921,-0.00534927985,-0.00153762102,-0.0123206824	0.0288390443,-0.00534928497,-0.00153762521,-0.012320688
p4	0	219	attn_residual-13	13	1024	15	1.669216e-06	8.344650e-07	-0.0394833013,0.0765590221,0.0908777639,-0.0765192956	-0.0394836068,0.0765589997,0.0908777043,-0.0765192285
p4	0	220	attn_post_norm-13	13	1024	18	1.622326e-06	7.450581e-06	-0.313681304,0.919875145,1.00772834,-0.845645487	-0.313683569,0.91987437,1.00772715,-0.845644355
p4	0	221	ffn_out-13	13	1024	31	9.106165e-07	1.713634e-07	-0.0895211101,0.0189485308,0.0230872333,-0.00262228586	-0.0895212814,0.018948542,0.023087278,-0.0026222812
p4	0	222	l_out-13	13	1024	20	1.660244e-06	8.344650e-07	-0.129004419,0.0955075547,0.113964997,-0.0791415796	-0.129004896,0.0955075398,0.113964982,-0.0791415125
p4	0	223	attn_norm-14	14	1024	15	1.580306e-06	8.702278e-06	-1.46559036,1.22495997,1.3566848,-1.09380758	-1.46559501,1.22495914,1.35668373,-1.09380603
p4	0	224	conv_output_silu-14	14	6144	445	5.891189e-07	1.907349e-06	-0.205845341,-0.0156004308,-0.138333037,-0.213234365	-0.205845311,-0.0156004541,-0.138333097,-0.21323435
p4	0	225	q_conv_predelta-14	14	2048	137	5.256475e-07	3.874302e-07	-0.0760359243,-0.00576254539,-0.0510979742,-0.0787653103	-0.0760358721,-0.00576255098,-0.0510979705,-0.0787652582
p4	0	226	k_conv_predelta-14	14	2048	158	4.350061e-07	3.576279e-07	-0.00283959345,0.0249523688,0.000460279931,-2.88317551e-05	-0.0028395995,0.0249523781,0.000460279058,-2.88309548e-05
p4	0	227	v_conv_predelta-14	14	2048	174	6.082534e-07	2.086163e-07	-0.000188239006,-0.000758873124,0.000272025296,-0.00259504514	-0.000188239006,-0.000758874405,0.000272023433,-0.00259505073
p4	0	228	a_softplus-14	14	16	16	0.000000e+00	0.000000e+00	0.371566474,1.53729486,0.768167675,0.0278056711	0.371566474,1.53729486,0.768167675,0.0278056711
p4	0	229	gate-14	14	16	16	0.000000e+00	0.000000e+00	-0.116918571,-0.256907731,-0.510711491,-0.083663471	-0.116918571,-0.256907731,-0.510711491,-0.083663471
p4	0	230	beta_sigmoid-14	14	16	16	0.000000e+00	0.000000e+00	0.955226183,0.984059811,0.890013814,0.929672539	0.955226183,0.984059811,0.890013814,0.929672539
p4	0	231	state_predelta-14	14	262144	262144	0.000000e+00	0.000000e+00	0,0,0,0	0,0,0,0
p4	0	232	new_state-14	14	262144	6427	7.440826e-07	1.490116e-07	5.10589643e-07,-4.48670608e-06,-8.27633144e-08,5.18426191e-09	5.10590723e-07,-4.48670789e-06,-8.27631581e-08,5.18411802e-09
p4	0	233	attn_output-14	14	2048	69	8.343961e-07	7.916242e-09	-5.88776281e-08,-2.37361235e-07,8.5084416e-08,-8.11681389e-07	-5.88775464e-08,-2.3736132e-07,8.5083748e-08,-8.11682128e-07
p4	0	234	z-14	14	2048	104	4.890232e-07	3.814697e-06	0.179047704,-0.743002355,0.519366384,0.991110086	0.179047942,-0.743002892,0.519366741,0.991110206
p4	0	235	final_output-14	14	2048	42	1.055567e-06	1.430511e-06	-6.03308263e-06,5.68333708e-05,2.784553e-05,-0.000536564563	-6.03308308e-06,5.68334181e-05,2.78453372e-05,-0.000536565087
p4	0	236	linear_attn_out-14	14	1024	32	9.792935e-07	1.341105e-07	0.0223053917,-0.012047451,0.00294186175,-0.0148281641	0.0223055258,-0.0120474417,0.00294185989,-0.0148281604
p4	0	237	attn_residual-14	14	1024	14	1.698084e-06	8.940697e-07	-0.106699027,0.0834601074,0.116906859,-0.0939697474	-0.10669937,0.0834601,0.116906844,-0.0939696729
p4	0	238	attn_post_norm-14	14	1024	19	1.593073e-06	7.331371e-06	-0.917725921,1.0067687,1.3233155,-1.0322423	-0.917728245,1.00676799,1.32331443,-1.03224087
p4	0	239	ffn_out-14	14	1024	3	7.288883e-07	2.861023e-06	-1.07878923,-0.162841201,-0.107965946,-0.187188208	-1.07878995,-0.162841305,-0.107966006,-0.187188312
p4	0	240	l_out-14	14	1024	22	7.778377e-07	3.337860e-06	-1.18548822,-0.0793810934,0.00894091278,-0.28115797	-1.1854893,-0.0793812051,0.00894083828,-0.28115797
p4	0	241	attn_norm-15	15	1024	81	2.830488e-07	1.668930e-06	-1.9908638,-0.149000958,0.0167458281,-0.523603678	-1.99086428,-0.149001047,0.0167456754,-0.52360332
p4	0	242	attn_pregate-15	15	2048	732	4.498554e-08	4.768372e-07	-0.207333148,0.220410615,0.0850597024,0.0746375322	-0.207332969,0.220410615,0.0850598216,0.0746372938
p4	0	243	attn_gated-15	15	2048	482	3.661592e-08	4.768372e-07	-0.0406258963,0.0546765104,0.0106401769,0.0260693859	-0.0406258591,0.0546764955,0.0106401918,0.0260693021
p4	0	244	attn_output-15	15	1024	1024	0.000000e+00	0.000000e+00	1.05939174,0.114625879,0.124200605,0.333968431	1.05939174,0.114625879,0.124200605,0.333968431
p4	0	245	attn_residual-15	15	1024	23	3.727112e-06	3.337860e-06	-0.126096487,0.0352447852,0.133141518,0.0528104603	-0.12609756,0.0352446735,0.133141443,0.0528104603
p4	0	246	attn_post_norm-15	15	1024	6	3.072984e-06	2.217293e-05	-0.863718212,0.381733745,1.37526548,0.506178916	-0.863723576,0.381731689,1.37526166,0.506177783
p4	0	247	ffn_out-15	15	1024	12	2.536242e-06	5.066395e-07	0.0819580406,0.00984012708,-0.00527200475,0.0193425678	0.0819585472,0.00984008983,-0.00527198613,0.0193425566
p4	0	248	l_out-15	15	1024	7	3.608122e-06	3.218651e-06	-0.0441384465,0.0450849123,0.127869517,0.0721530318	-0.0441390127,0.0450847633,0.127869457,0.0721530169
p4	0	249	attn_norm-16	16	1024	12	2.976916e-06	2.884865e-05	-0.420596331,0.617905617,1.45974338,0.922806859	-0.420600891,0.617902339,1.45973969,0.922804773
p4	0	250	conv_output_silu-16	16	6144	221	1.149238e-06	4.053116e-06	0.0330873653,0.0797003433,0.161502317,-0.245250002	0.0330881663,0.079700537,0.161503166,-0.245250031
p4	0	251	q_conv_predelta-16	16	2048	65	1.615750e-06	1.445413e-06	0.00564333051,0.0135935685,0.0275455881,-0.0418294668	0.00564346183,0.0135935899,0.0275457073,-0.0418294333
p4	0	252	k_conv_predelta-16	16	2048	66	1.445569e-06	2.473593e-06	0.0637207329,-0.0155602051,-0.00431533949,0.0682044178	0.0637207478,-0.0155602274,-0.00431537395,0.0682043955
p4	0	253	v_conv_predelta-16	16	2048	72	9.454491e-07	4.053116e-06	-0.00717367046,0.000262971502,0.116132341,-0.00048389312	-0.00717366207,0.000262971909,0.116132341,-0.000483890239
p4	0	254	a_softplus-16	16	16	16	0.000000e+00	0.000000e+00	0.448827356,1.52503705,0.508258998,2.00885415	0.448827356,1.52503705,0.508258998,2.00885415
p4	0	255	gate-16	16	16	16	0.000000e+00	0.000000e+00	-0.0911848098,-0.618582308,-0.0607028827,-0.434445202	-0.0911848098,-0.618582308,-0.0607028827,-0.434445202
p4	0	256	beta_sigmoid-16	16	16	16	0.000000e+00	0.000000e+00	0.992546856,0.92931366,0.993063748,0.985437751	0.992546856,0.92931366,0.993063748,0.985437751
p4	0	257	state_predelta-16	16	262144	262144	0.000000e+00	0.000000e+00	0,0,0,0	0,0,0,0
p4	0	258	new_state-16	16	262144	3054	1.874274e-06	9.119511e-06	-0.000453704619,0.000110791836,3.07260998e-05,-0.000485629367	-0.000453704211,0.000110791865,3.07263072e-05,-0.00048562864
p4	0	259	attn_output-16	16	2048	38	1.096492e-06	2.142042e-08	-7.52336491e-05,2.75790535e-06,0.0012179343,-5.07481354e-06	-7.52335982e-05,2.75791012e-06,0.00121793454,-5.0747858e-06
p4	0	260	z-16	16	2048	54	1.248529e-06	7.152557e-06	0.00579607487,0.171598077,-1.33328199,0.224167854	0.00579583645,0.171598017,-1.33328092,0.224167526
p4	0	261	final_output-16	16	2048	16	1.940083e-06	2.145767e-06	-0.000170976578,0.000207762379,-0.305926889,-0.00050222635	-0.000170969332,0.000207762583,-0.305926859,-0.000502222683
p4	0	262	linear_attn_out-16	16	1024	29	1.812318e-06	4.619360e-07	-0.141620919,0.0101328865,0.0407453105,-0.0199644268	-0.141621381,0.0101328939,0.0407453403,-0.019964397
p4	0	263	attn_residual-16	16	1024	6	3.600661e-06	3.218651e-06	-0.185759366,0.0552177988,0.168614835,0.0521886051	-0.185760394,0.0552176572,0.168614805,0.05218862
p4	0	264	attn_post_norm-16	16	1024	11	3.219342e-06	2.396107e-05	-1.22631383,0.613758147,1.83448386,0.474393964	-1.22631812,0.613755286,1.83447981,0.474393129
p4	0	265	ffn_out-16	16	1024	16	1.698540e-06	1.862645e-07	0.0525972322,-0.00274102716,0.0105987983,0.0508981273	0.0525973588,-0.00274103973,0.0105987918,0.0508983061
p4	0	266	l_out-16	16	1024	11	3.540374e-06	3.337860e-06	-0.133162141,0.0524767712,0.179213628,0.103086732	-0.133163035,0.0524766184,0.179213598,0.103086926
p4	0	267	attn_norm-17	17	1024	12	3.002747e-06	3.129244e-05	-1.36029518,0.720695019,2.3008523,1.28849339	-1.36030185,0.720691621,2.30084801,1.28849351
p4	0	268	conv_output_silu-17	17	6144	359	9.135330e-07	3.814697e-06	-0.246370107,-0.190535277,-0.127059102,0.000431360677	-0.246370077,-0.190535292,-0.127059147,0.000431387365
p4	0	269	q_conv_predelta-17	17	2048	90	1.322391e-06	9.536743e-07	-0.0945899263,-0.073153019,-0.0487823412,0.000165614139	-0.0945899487,-0.0731530488,-0.0487823747,0.000165624442
p4	0	270	k_conv_predelta-17	17	2048	89	1.163005e-06	2.047047e-06	0.0185735095,-0.115010075,-0.0230448879,-0.0108387005	0.0185735244,-0.115010232,-0.0230448842,-0.0108387396
p4	0	271	v_conv_predelta-17	17	2048	102	5.508824e-07	1.430511e-06	-0.00984986871,-0.203549266,0.0496629179,-0.0293378662	-0.00984987244,-0.203549519,0.0496629886,-0.0293379761
p4	0	272	a_softplus-17	17	16	16	0.000000e+00	0.000000e+00	2.67984772,0.228325143,3.6571908,3.08820295	2.67984772,0.228325143,3.6571908,3.08820295
p4	0	273	gate-17	17	16	16	0.000000e+00	0.000000e+00	-0.631566167,-0.0590986572,-0.924682617,-1.07562494	-0.631566167,-0.0590986572,-0.924682617,-1.07562494
p4	0	274	beta_sigmoid-17	17	16	16	0.000000e+00	0.000000e+00	0.943912089,0.994383693,0.985736072,0.963858068	0.943912089,0.994383693,0.985736072,0.963858068
p4	0	275	state_predelta-17	17	262144	262144	0.000000e+00	0.000000e+00	0,0,0,0	0,0,0,0
p4	0	276	new_state-17	17	262144	3795	1.121067e-06	1.907349e-06	-0.000172685541,0.0010692958,0.000214257772,0.000100771846	-0.000172685744,0.00106929766,0.000214257831,0.000100772246
p4	0	277	attn_output-17	17	2048	49	1.489756e-06	7.823110e-08	-1.78147802e-05,-0.000368145644,8.98219077e-05,-5.30613834e-05	-1.78148202e-05,-0.000368146488,8.98221551e-05,-5.30616635e-05
p4	0	278	z-17	17	2048	59	1.093179e-06	6.794930e-06	-0.121163137,-1.12228036,-1.33336186,-0.72130394	-0.12116342,-1.12227917,-1.33336473,-0.721303582
p4	0	279	final_output-17	17	2048	12	2.068133e-06	2.026558e-06	0.000772866944,0.0855706856,-0.0145863844,0.00939947553	0.000772870262,0.0855708644,-0.0145864198,0.00939952303
p4	0	280	linear_attn_out-17	17	1024	42	1.018803e-06	8.940697e-08	-0.163770691,0.0278424863,0.0490866378,-0.0507380925	-0.163770705,0.0278425049,0.0490866192,-0.050738126
p4	0	281	attn_residual-17	17	1024	10	3.481366e-06	3.337860e-06	-0.296932817,0.0803192556,0.228300273,0.0523486398	-0.29693374,0.0803191215,0.228300214,0.0523488
p4	0	282	attn_post_norm-17	17	1024	14	3.185309e-06	2.473593e-05	-1.82366204,0.865086973,2.37259316,0.47830227	-1.82366431,0.865083933,2.37258816,0.478302866
p4	0	283	ffn_out-17	17	1024	32	1.138758e-06	1.452863e-07	-0.0203327909,-0.0357995667,-0.0180682763,0.0393719412	-0.0203327574,-0.0357995406,-0.018068267,0.0393719822
p4	0	284	l_out-17	17	1024	8	3.412382e-06	3.337860e-06	-0.3172656,0.0445196889,0.21023199,0.0917205811	-0.317266494,0.0445195809,0.210231945,0.0917207822
p4	0	285	attn_norm-18	18	1024	12	2.933103e-06	3.045797e-05	-3.20808506,0.592361331,2.69205666,1.14209783	-3.20808911,0.592359006,2.69205189,1.14209855
p4	0	286	conv_output_silu-18	18	6144	267	9.601842e-07	5.722046e-06	-0.259165525,-0.235831425,-0.0348478816,-0.27643773	-0.259165406,-0.235831484,-0.0348478183,-0.2764377
p4	0	287	q_conv_predelta-18	18	2048	61	1.146756e-06	8.568168e-07	-0.0711625665,-0.06475541,-0.00956865121,-0.0759052262	-0.0711625144,-0.06475541,-0.00956863165,-0.0759051964
p4	0	288	k_conv_predelta-18	18	2048	75	9.751221e-07	9.834766e-07	-0.035975568,-0.0690212771,-0.0391864404,0.00115958636	-0.0359755866,-0.0690212697,-0.039186433,0.00115958636
p4	0	289	v_conv_predelta-18	18	2048	96	8.348940e-07	4.768372e-06	0.0800255463,0.0129866963,-0.00863330532,-0.102182172	0.080025658,0.0129867177,-0.00863327086,-0.102182299
p4	0	290	a_softplus-18	18	16	1	1.913722e-04	1.099706e-03	0.0686918274,7.81408358,1.70992863,4.97774601	0.068564944,7.81408358,1.70889914,4.97715998
p4	0	291	gate-18	18	16	1	2.140856e-04	3.067255e-04	-0.0286350138,-1.57517314,-0.509418249,-1.33974218	-0.0285821203,-1.57517314,-0.509111524,-1.33958447
p4	0	292	beta_sigmoid-18	18	16	1	8.102432e-06	2.849102e-05	0.995706618,0.985102296,0.97120285,0.980772376	0.99570775,0.985093713,0.971174359,0.980768144
p4	0	293	state_predelta-18	18	262144	262144	0.000000e+00	0.000000e+00	0,0,0,0	0,0,0,0
p4	0	294	new_state-18	18	262144	1730	1.639217e-05	1.587868e-04	-0.0028666039,-0.00549975084,-0.00312245241,9.23981206e-05	-0.00286661275,-0.00549976481,-0.0031224601,9.23983607e-05
p4	0	295	attn_output-18	18	2048	12	4.613265e-06	1.899898e-07	0.00122041185,0.000198050751,-0.000131660316,-0.00155830663	0.001220415,0.000198051275,-0.000131659937,-0.00155830989
p4	0	296	z-18	18	2048	71	1.146596e-06	1.049042e-05	-3.5866909,-0.431511343,-0.967489421,-0.690627575	-3.58669448,-0.431511611,-0.967488706,-0.690628648
p4	0	297	final_output-18	18	2048	11	3.186404e-06	1.472235e-05	-0.0441655777,-0.0147427823,0.0140354233,0.136824593	-0.0441655181,-0.0147428093,0.0140353609,0.136824787
p4	0	298	linear_attn_out-18	18	1024	0	6.839001e-04	2.068281e-04	-0.664128184,0.0661906004,-0.023998633,0.0630492344	-0.663921356,0.0661789551,-0.0240153931,0.0630276427
p4	0	299	attn_residual-18	18	1024	0	3.460386e-04	2.059937e-04	-0.981393814,0.110710293,0.186233357,0.154769808	-0.98118782,0.110698536,0.186216548,0.154748425
p4	0	300	attn_post_norm-18	18	1024	0	3.711322e-04	1.623273e-03	-5.32412481,0.933564603,1.59651399,1.13698852	-5.3229866,0.933461845,1.59636354,1.13682699
p4	0	301	ffn_out-18	18	1024	0	8.441558e-03	3.317237e-03	-1.29461813,-0.0389828011,-0.135147244,0.299685627	-1.29130089,-0.0395434387,-0.134733826,0.299851775
p4	0	302	l_out-18	18	1024	0	3.297187e-03	3.523350e-03	-2.27601194,0.0717274919,0.0510861129,0.454455435	-2.27248859,0.0711551011,0.0514827222,0.454600215
p4	0	303	attn_norm-19	19	1024	1	3.023524e-03	1.707172e-02	-11.6471682,0.408253014,0.299696803,2.63613391	-11.6300964,0.405028522,0.302048415,2.6371913
p4	0	304	attn_pregate-19	19	2048	0	8.388746e-03	1.861951e-02	-0.442429662,-0.26149404,-0.52533859,-0.224258721	-0.446782708,-0.270109594,-0.515827417,-0.22289528
p4	0	305	attn_gated-19	19	2048	0	5.932331e-03	1.047111e-02	-0.015875604,-0.017425485,-0.0297681391,-0.0145734912	-0.0158390775,-0.0177981798,-0.0291029084,-0.0143983159
p4	0	306	attn_output-19	19	1024	0	2.234894e-02	7.626534e-03	1.68914711,0.0228888243,0.0175865591,-0.144197255	1.69677365,0.024202466,0.0177572966,-0.147643864
p4	0	307	attn_residual-19	19	1024	0	9.731567e-03	1.114988e-02	-0.586864829,0.0946163163,0.0686726719,0.31025818	-0.575714946,0.0953575671,0.0692400187,0.306956351
p4	0	308	attn_post_norm-19	19	1024	0	1.027553e-02	6.122375e-02	-3.28125143,0.783034503,0.519613862,1.95107484	-3.22002769,0.789442837,0.524088502,1.93098092
p4	0	309	ffn_out-19	19	1024	0	2.841895e-02	4.412726e-03	0.0485323519,-0.00629166886,-0.0727806389,-0.027778849	0.0529450774,-0.00702098757,-0.0740301833,-0.0293906853
p4	0	310	l_out-19	19	1024	0	1.260708e-02	1.556259e-02	-0.538332462,0.0883246511,-0.00410796702,0.282479346	-0.522769868,0.0883365795,-0.00479016453,0.277565658
p4	0	311	attn_norm-20	20	1024	0	1.181603e-02	1.064146e-01	-3.74036741,0.862093568,-0.0373663194,2.30085468	-3.63395286,0.862617195,-0.0435922071,2.26189923
p4	0	312	conv_output_silu-20	20	6144	0	1.280420e-02	4.539803e-02	0.147016689,-0.107801974,-0.052446533,0.08597105	0.147407413,-0.107342899,-0.0466111824,0.0840846747
p4	0	313	q_conv_predelta-20	20	2048	0	1.895179e-02	2.387202e-02	0.0641428679,-0.0470336266,-0.0228822399,0.0375088714	0.0647551939,-0.0471550897,-0.0204760116,0.0369378924
p4	0	314	k_conv_predelta-20	20	2048	0	1.401626e-02	1.003743e-02	0.00146838906,-0.00665641762,0.028214762,-0.0320083089	0.00157010381,-0.00691056252,0.0281027909,-0.0316793583
p4	0	315	v_conv_predelta-20	20	2048	0	7.077683e-03	2.976373e-02	0.0139005957,0.0249239244,0.0105910534,-0.00927954726	0.0146487337,0.0237465613,0.0101266066,-0.00747611606
p4	0	316	a_softplus-20	20	16	0	4.348706e-03	2.075624e-02	1.04142618,2.2906878,0.58190161,5.29066563	1.05090642,2.29685521,0.58728236,5.30730629
p4	0	317	gate-20	20	16	0	4.734760e-03	1.015532e-02	-0.232373595,-0.398061842,-0.105972156,-1.51580107	-0.234488919,-0.399133593,-0.106952064,-1.52056873
p4	0	318	beta_sigmoid-20	20	16	0	2.397505e-04	6.153584e-04	0.997398615,0.996779621,0.993665874,0.968834281	0.997454941,0.996806264,0.993792474,0.969220221
p4	0	319	state_predelta-20	20	262144	262144	0.000000e+00	0.000000e+00	0,0,0,0	0,0,0,0
p4	0	320	new_state-20	20	262144	1	1.584603e-02	5.651015e-02	2.03583859e-05,-9.22874679e-05,0.000391181733,-0.000443777128	2.29414964e-05,-0.000100973353,0.000410622568,-0.000462881406
p4	0	321	attn_output-20	20	2048	0	1.597664e-02	3.687202e-04	0.000179103954,0.000321135361,0.000136461735,-0.000119563469	0.000191725601,0.000310799747,0.000132539077,-9.7848897e-05
p4	0	322	z-20	20	2048	0	1.544032e-02	1.061294e-01	0.0509408712,-0.165492535,0.704283476,-0.00994151831	0.0525640845,-0.157721996,0.704011917,0.00830811262
p4	0	323	final_output-20	20	2048	0	2.984054e-02	1.606050e-01	0.00178861571,-0.00986231491,0.0237725433,0.00020360238	0.0019510407,-0.00901398715,0.0227724873,-0.000138663687
p4	0	324	linear_attn_out-20	20	1024	0	4.134561e-02	9.898946e-03	0.0498993546,-0.0262342244,-0.0687540248,0.0271160267	0.0442322902,-0.0221940726,-0.070288524,0.0182844792
p4	0	325	attn_residual-20	20	1024	0	2.136284e-02	1.374525e-02	-0.488433123,0.0620904267,-0.0728619918,0.309595376	-0.478537589,0.0661425069,-0.0750786886,0.295850128
p4	0	326	attn_post_norm-20	20	1024	0	2.236454e-02	1.012658e-01	-2.29276681,0.510736525,-0.606532097,2.00844622	-2.24540472,0.543847024,-0.624731302,1.9184978
p4	0	327	ffn_out-20	20	1024	0	4.676045e-02	8.265883e-03	0.174188644,0.0712438822,0.0326304883,0.0265233703	0.177130386,0.0722395927,0.033321768,0.0272879824
p4	0	328	l_out-20	20	1024	0	2.492385e-02	1.652534e-02	-0.314244479,0.133334309,-0.0402315035,0.336118758	-0.301407218,0.138382107,-0.0417569205,0.323138118
p4	0	329	attn_norm-21	21	1024	0	2.393742e-02	1.550013e-01	-1.96476614,1.27995157,-0.352327377,2.73835969	-1.88372087,1.32785678,-0.365534365,2.6315136
p4	0	330	conv_output_silu-21	21	6144	0	2.125340e-02	1.055756e-01	-0.250014693,-0.193475887,0.03266716,-0.260980308	-0.254707038,-0.181094602,0.0160260685,-0.259135246
p4	0	331	q_conv_predelta-21	21	2048	0	2.636731e-02	2.837142e-02	-0.109523401,-0.0847555697,0.0143104326,-0.114327088	-0.112450786,-0.0799515769,0.00707536004,-0.114405796
p4	0	332	k_conv_predelta-21	21	2048	0	2.157811e-02	1.813316e-02	-0.0444022454,0.0394084714,-0.0601643845,-0.00832765084	-0.0437406115,0.0381872095,-0.05967905,-0.00840772502
p4	0	333	v_conv_predelta-21	21	2048	0	1.785628e-02	3.615747e-02	-0.0271373633,0.0530353114,0.155394152,-0.00491593825	-0.0284870397,0.0561742485,0.155227542,-0.00261043222
p4	0	334	a_softplus-21	21	16	0	5.572458e-03	4.265261e-02	2.87157059,5.32262278,0.110977821,1.8409301	2.849576,5.29560995,0.110177986,1.82987499
p4	0	335	gate-21	21	16	0	6.253695e-03	1.139045e-02	-0.848834634,-1.37768388,-0.0414693803,-0.872997344	-0.842333019,-1.37069201,-0.0411705039,-0.867754817
p4	0	336	beta_sigmoid-21	21	16	0	1.040013e-03	2.318084e-03	0.972937644,0.880907178,0.978548169,0.982748687	0.972513735,0.880972505,0.978913128,0.982833743
p4	0	337	state_predelta-21	21	262144	262144	0.000000e+00	0.000000e+00	0,0,0,0	0,0,0,0
p4	0	338	new_state-21	21	262144	0	2.618695e-02	2.264589e-02	0.00117235072,-0.00104050036,0.00158851792,0.000219874637	0.00121179153,-0.00105793984,0.00165335066,0.000232927938
p4	0	339	attn_output-21	21	2048	0	2.059807e-02	4.962739e-04	-0.000137517432,0.0002687542,0.00078745326,-2.49113073e-05	-0.000152527689,0.000300772837,0.000831132056,-1.39769909e-05
p4	0	340	z-21	21	2048	0	2.663531e-02	1.228801e-01	-1.90541792,1.04469883,0.258241057,1.11325204	-1.85224783,1.14337945,0.275127292,1.09189069
p4	0	341	final_output-21	21	2048	0	4.506435e-02	1.011812e-01	0.0260251816,0.131517112,0.0794030353,-0.0179519206	0.0290990006,0.163520008,0.0890686586,-0.00973094162
p4	0	342	linear_attn_out-21	21	1024	0	6.135531e-02	1.514509e-02	0.0406674594,-0.00757458061,0.156890273,-0.109338418	0.0381717309,-0.0106684864,0.153499022,-0.110619761
p4	0	343	attn_residual-21	21	1024	0	3.067057e-02	1.929611e-02	-0.273577034,0.125759721,0.11665877,0.22678034	-0.26323548,0.127713621,0.111742102,0.212518364
p4	0	344	attn_post_norm-21	21	1024	0	3.159450e-02	1.396357e-01	-1.18931973,0.945061624,0.865104139,1.34448504	-1.1434108,0.958947182,0.827954888,1.25888455
p4	0	345	ffn_out-21	21	1024	0	5.827143e-02	1.369988e-02	-0.27255857,-0.00601583347,-0.0246489123,-0.0990874618	-0.269262493,-0.00387377851,-0.0245652236,-0.104128085
p4	0	346	l_out-21	21	1024	0	3.447517e-02	2.504325e-02	-0.546135604,0.119743884,0.0920098573,0.127692878	-0.532498002,0.12383984,0.0871768743,0.108390279
p4	0	347	attn_norm-22	22	1024	0	3.296412e-02	1.750506e-01	-2.98842764,0.940029979,0.664593756,0.92112118	-2.91135192,0.971366644,0.62915498,0.781222761
p4	0	348	conv_output_silu-22	22	6144	0	3.307672e-02	6.188059e-02	-0.156384513,-0.2709409,-0.00690966612,0.024832312	-0.155659333,-0.27280727,-0.00498257298,0.0254232418
p4	0	349	q_conv_predelta-22	22	2048	0	3.774781e-02	1.986603e-02	-0.0676290616,-0.117169395,-0.00298811076,0.0107388254	-0.0672543421,-0.117869399,-0.00215277588,0.0109843928
p4	0	350	k_conv_predelta-22	22	2048	0	2.541417e-02	1.800846e-02	-0.00259187235,-0.00159800239,-0.045984488,0.168800324	-0.00397901656,-0.001713434,-0.0465650484,0.17082797
p4	0	351	v_conv_predelta-22	22	2048	0	2.869477e-02	6.188059e-02	-0.00905043352,-0.00608356064,0.00271560345,-0.0255741756	-0.0092660049,-0.00518708769,0.0025758089,-0.0240428541
p4	0	352	a_softplus-22	22	16	0	1.057324e-02	9.448195e-02	3.81490397,2.31649804,4.2882781,1.26323795	3.79164481,2.3474884,4.19379616,1.30157292
p4	0	353	gate-22	22	16	0	1.440678e-02	6.196284e-02	-0.705686271,-0.525020242,-2.81232142,-0.237355381	-0.70138377,-0.532044053,-2.75035858,-0.244558305
p4	0	354	beta_sigmoid-22	22	16	0	8.607837e-04	1.399577e-03	0.838188231,0.95578146,0.962606251,0.933629215	0.838959992,0.956126332,0.963083088,0.932577133
p4	0	355	state_predelta-22	22	262144	262144	0.000000e+00	0.000000e+00	0,0,0,0	0,0,0,0
p4	0	356	new_state-22	22	262144	0	3.455858e-02	5.105624e-02	1.96618585e-05,1.21223929e-05,0.000348836795,-0.00128051371	3.09321076e-05,1.33199055e-05,0.00036198771,-0.00132798369
p4	0	357	attn_output-22	22	2048	0	2.763112e-02	3.174115e-04	-0.000168996557,-0.000113596856,5.07078075e-05,-0.000477540365	-0.000174125278,-9.74749273e-05,4.84041775e-05,-0.000451809407
p4	0	358	z-22	22	2048	0	2.537862e-02	1.471536e-01	1.36390185,-0.348752856,-3.84848905,0.274149477	1.34805381,-0.349988699,-3.78822494,0.245423079
p4	0	359	final_output-22	22	2048	0	5.704256e-02	2.375551e-01	-0.194650203,0.0157072134,-0.00406475924,-0.0668852106	-0.197189957,0.0134889865,-0.00404324662,-0.0558345765
p4	0	360	linear_attn_out-22	22	1024	0	5.669304e-02	3.337002e-02	0.668566048,0.0219578594,0.055725053,-0.233680263	0.687305868,0.018117547,0.0454953909,-0.249241382
p4	0	361	attn_residual-22	22	1024	0	3.539889e-02	3.486373e-02	0.122430444,0.141701743,0.14773491,-0.105987385	0.154807866,0.141957387,0.132672265,-0.14085111
p4	0	362	attn_post_norm-22	22	1024	0	3.594491e-02	1.726758e-01	0.531265616,0.887149155,0.90844965,-0.535841823	0.668379843,0.884275258,0.811719358,-0.708517671
p4	0	363	ffn_out-22	22	1024	0	6.082745e-02	5.568939e-02	-0.516201794,-0.0124575794,-0.0585438013,0.113391042	-0.571891189,-0.0121860877,-0.0470645092,0.125589669
p4	0	364	l_out-22	22	1024	0	3.720110e-02	3.331327e-02	-0.39377135,0.129244164,0.0891911089,0.00740365684	-0.417083323,0.129771292,0.0856077522,-0.0152614415
p4	0	365	attn_norm-23	23	1024	0	3.272576e-02	1.521819e-01	-1.66305923,0.698933065,0.498409897,0.0337710679	-1.75007308,0.697225153,0.475278258,-0.0691614076
p4	0	366	attn_pregate-23	23	2048	0	1.578084e-02	1.388144e-01	-6.03453684,0.179828286,-0.276322961,0.202475742	-6.08245325,0.195099592,-0.315596551,0.193095252
p4	0	367	attn_gated-23	23	2048	0	2.454033e-02	2.004399e-01	-0.421105623,0.0300319418,-0.0412420109,0.0462870225	-0.409348875,0.0313635059,-0.0446098223,0.0432910845
p4	0	368	attn_output-23	23	1024	0	3.911391e-02	3.779495e-02	1.83899868,-0.198934555,0.0388420038,-0.410612404	1.8434999,-0.195124283,0.0379776582,-0.3930825
p4	0	369	attn_residual-23	23	1024	0	4.037945e-02	5.806160e-02	1.44522738,-0.0696903914,0.128033116,-0.403208733	1.42641664,-0.0653529912,0.12358541,-0.408343941
p4	0	370	attn_post_norm-23	23	1024	0	4.052745e-02	1.769009e-01	4.61837149,-0.269208014,0.455029845,-1.34049392	4.55113411,-0.252058387,0.438536108,-1.35544407
p4	0	371	ffn_out-23	23	1024	0	6.198723e-02	5.392075e-02	-1.89053619,-0.0180596691,-0.160261571,1.02514231	-1.86449659,-0.0259506628,-0.135318011,1.07906306
p4	0	372	l_out-23	23	1024	0	4.635111e-02	4.878557e-02	-0.445308805,-0.0877500623,-0.0322284549,0.621933579	-0.438079953,-0.091303654,-0.0117326006,0.670719147
p4	0	373	result_norm	-1	1024	0	6.124964e-02	6.071475e-01	-0.298120469,-0.989405453,-0.352785766,7.59684038	-0.293098181,-1.02883148,-0.128349766,8.18764305
p4	0	374	result_output	-1	248320	0	4.906878e-02	6.172882e-01	1.73985863,3.45914364,6.23938513,2.74840593	1.9627068,3.4996202,6.52857161,2.73447251
p4	1	375	model.input_embed	-1	1024	1024	0.000000e+00	0.000000e+00	0.0149679184,-0.0224518776,-0.028439045,-0.00898075104	0.0149679184,-0.0224518776,-0.028439045,-0.00898075104
p4	1	376	attn_norm-0	0	1024	1024	0.000000e+00	0.000000e+00	1.32417631,-1.28602874,-1.93117678,-0.693640828	1.32417631,-1.28602874,-1.93117678,-0.693640828
p4	1	377	conv_output_silu-0	0	6144	6144	0.000000e+00	0.000000e+00	-0.0199038032,0.0064121047,-0.0311781056,-0.0159844179	-0.0199038032,0.0064121047,-0.0311781056,-0.0159844179
p4	1	378	q_conv_predelta-0	0	2048	2048	0.000000e+00	0.000000e+00	-0.0248693507,0.00801177882,-0.038956333,-0.019972166	-0.0248693507,0.00801177882,-0.038956333,-0.019972166
p4	1	379	k_conv_predelta-0	0	2048	2048	0.000000e+00	0.000000e+00	-0.0252393503,-0.0798191354,0.0527554564,0.00172415131	-0.0252393503,-0.0798191354,0.0527554564,0.00172415131
p4	1	380	v_conv_predelta-0	0	2048	2048	0.000000e+00	0.000000e+00	0.014797858,-0.016501734,-0.00478981249,0.0645483956	0.014797858,-0.016501734,-0.00478981249,0.0645483956
p4	1	381	a_softplus-0	0	16	16	0.000000e+00	0.000000e+00	3.03038049,0.000870683114,0.000659129291,5.90454483	3.03038049,0.000870683114,0.000659129291,5.90454483
p4	1	382	gate-0	0	16	16	0.000000e+00	0.000000e+00	-3.92160368,-0.000114208764,-7.87217723e-05,-3.351192	-3.92160368,-0.000114208764,-7.87217723e-05,-3.351192
p4	1	383	beta_sigmoid-0	0	16	16	0.000000e+00	0.000000e+00	0.607916415,0.470774174,0.704183161,0.988907754	0.607916415,0.470774174,0.704183161,0.988907754
p4	1	384	state_predelta-0	0	262144	262144	0.000000e+00	0.000000e+00	-3.93379878e-07,-3.18841703e-05,-3.61811362e-05,-1.31399872e-07	-3.93379878e-07,-3.18841703e-05,-3.61811362e-05,-1.31399872e-07
p4	1	385	new_state-0	0	262144	234727	2.772809e-08	1.490116e-08	-0.000227077442,-0.000718736555,0.000473905733,1.55089856e-05	-0.000227077442,-0.000718736555,0.000473905733,1.55089856e-05
p4	1	386	attn_output-0	0	2048	505	2.137412e-07	5.587935e-09	5.01796712e-05,-5.59660912e-05,-1.62651668e-05,0.000219062742	5.01796712e-05,-5.59660839e-05,-1.62651686e-05,0.000219062713
p4	1	387	z-0	0	2048	2048	0.000000e+00	0.000000e+00	0.308605969,0.96531105,0.185285449,1.01937342	0.308605969,0.96531105,0.185285449,1.01937342
p4	1	388	final_output-0	0	2048	482	1.625238e-07	3.576279e-07	0.00843618624,-0.0380078144,-0.00149816787,0.148804232	0.00843618624,-0.0380078107,-0.00149816799,0.148804218
p4	1	389	linear_attn_out-0	0	1024	99	1.433519e-06	3.278255e-07	-0.199616343,-0.0281739309,-0.0345434844,0.018316783	-0.199616015,-0.0281739458,-0.0345434919,0.0183167756
p4	1	390	attn_residual-0	0	1024	99	1.366289e-06	3.278255e-07	-0.184648424,-0.0506258085,-0.0629825294,0.00933603197	-0.184648097,-0.0506258234,-0.0629825369,0.00933602452
p4	1	391	attn_post_norm-0	0	1024	101	1.402296e-06	6.437302e-06	-3.67594171,-1.84874225,-2.36667609,0.343755782	-3.67593527,-1.84874284,-2.36667633,0.343755543
p4	1	392	ffn_out-0	0	1024	52	4.555445e-07	5.215406e-08	0.193778262,0.0346853212,0.0315507576,0.00766588934	0.193778247,0.0346853286,0.0315507576,0.00766587723
p4	1	393	l_out-0	0	1024	33	1.174675e-06	3.129244e-07	0.00912983716,-0.0159404874,-0.0314317718,0.0170019213	0.00913015008,-0.0159404948,-0.0314317793,0.0170019008
p4	1	394	attn_norm-1	1	1024	30	1.181231e-06	9.536743e-06	0.278393745,-0.629836023,-1.18792653,0.688956082	0.278403282,-0.62983638,-1.18792701,0.688955247
p4	1	395	conv_output_silu-1	1	6144	524	3.311580e-07	7.152557e-07	-0.0123663433,-0.00484091649,-0.00115763175,-0.197024271	-0.0123663461,-0.00484091369,-0.00115763175,-0.197024196
p4	1	396	q_conv_predelta-1	1	2048	172	4.359264e-07	6.854534e-07	-0.0135818627,-0.00531674223,-0.0012714183,-0.216390282	-0.0135818664,-0.00531673944,-0.00127141841,-0.216390222
p4	1	397	k_conv_predelta-1	1	2048	178	4.478907e-07	4.768372e-07	-0.0216047838,0.35182938,0.0271503646,0.00589399552	-0.0216048546,0.351829231,0.0271503832,0.00589400157
p4	1	398	v_conv_predelta-1	1	2048	147	2.200019e-07	7.152557e-07	0.180203855,0.0471171476,0.0328047685,0.00462351087	0.180204004,0.0471170768,0.0328047574,0.0046235132
p4	1	399	a_softplus-1	1	16	16	0.000000e+00	0.000000e+00	1.21980286,0.923421979,1.36834764,1.8996551	1.21980286,0.923421979,1.36834764,1.8996551
p4	1	400	gate-1	1	16	16	0.000000e+00	0.000000e+00	-0.218698591,-0.996022582,-1.56728697,-0.57485348	-0.218698591,-0.996022582,-1.56728697,-0.57485348
p4	1	401	beta_sigmoid-1	1	16	16	0.000000e+00	0.000000e+00	0.960202098,0.558266521,0.929064095,0.813479125	0.960202098,0.558266521,0.929064095,0.813479125
p4	1	402	state_predelta-1	1	262144	9051	3.507121e-07	1.341105e-07	2.57077791e-05,-0.00196893164,-0.000129312044,4.84333759e-05	2.57078773e-05,-0.0019689328,-0.000129312204,4.84334487e-05
p4	1	403	new_state-1	1	262144	9092	3.406735e-07	2.980232e-07	-0.00371669489,0.0592798479,0.00459275721,0.0010585055	-0.00371671002,0.0592798665,0.00459276419,0.00105850748
p4	1	404	attn_output-1	1	2048	86	2.309656e-07	7.450581e-09	0.00115293986,0.000311128504,0.000198371155,2.89911477e-05	0.00115294114,0.000311128184,0.000198371199,2.89911713e-05
p4	1	405	z-1	1	2048	172	3.370581e-07	1.907349e-06	-5.51347637,-5.06877661,-1.23876822,-0.26649946	-5.51347637,-5.06877565,-1.23876762,-0.266499311
p4	1	406	final_output-1	1	2048	61	6.080858e-07	7.152557e-07	-0.0219599623,-0.00846144464,-0.0519324206,-0.00347533799	-0.0219599865,-0.00846144184,-0.051932428,-0.00347533962
p4	1	407	linear_attn_out-1	1	1024	61	5.121945e-07	6.332994e-08	-0.189839453,0.0111419726,0.00722718239,-0.0245501325	-0.189839453,0.0111419894,0.00722716004,-0.0245501604
p4	1	408	attn_residual-1	1	1024	34	9.565708e-07	3.129244e-07	-0.180709615,-0.00479851477,-0.0242045894,-0.00754821114	-0.180709302,-0.00479850546,-0.0242046192,-0.00754825957
p4	1	409	attn_post_norm-1	1	1024	28	9.713894e-07	4.291534e-06	-2.6129384,-0.10929729,-0.556960523,-0.183370307	-2.61293411,-0.109297089,-0.556961238,-0.183371499
p4	1	410	ffn_out-1	1	1024	66	3.174292e-07	5.960464e-08	0.157300696,-0.047730498,-0.0155556239,-0.0236858055	0.157300681,-0.0477305017,-0.0155556276,-0.0236858055
p4	1	411	l_out-1	1	1024	37	8.031135e-07	2.980232e-07	-0.0234089196,-0.0525290146,-0.0397602133,-0.0312340166	-0.0234086215,-0.0525290072,-0.0397602469,-0.0312340651
p4	1	412	attn_norm-2	2	1024	44	8.027736e-07	6.020069e-06	-0.47219187,-1.29799342,-0.948640764,-0.781637788	-0.47218585,-1.29799306,-0.94864136,-0.781638861
p4	1	413	conv_output_silu-2	2	6144	516	3.408975e-07	1.311302e-06	-0.0365573391,-0.0503447317,0.044044327,-0.0108081354	-0.0365573205,-0.0503447428,0.0440443195,-0.0108081382
p4	1	414	q_conv_predelta-2	2	2048	221	2.644610e-07	2.384186e-07	-0.0329564251,-0.0453857556,0.0397059433,-0.00974352937	-0.0329564065,-0.0453857593,0.0397059321,-0.00974353123
p4	1	415	k_conv_predelta-2	2	2048	245	2.660346e-07	2.086163e-07	0.108680375,-0.00498832855,-0.0505181551,-0.29146862	0.10868039,-0.00498831971,-0.0505181588,-0.291468561
p4	1	416	v_conv_predelta-2	2	2048	138	3.073644e-07	9.536743e-07	-0.014431064,0.0547203273,-0.00170639309,-0.0402423479	-0.0144310622,0.0547203273,-0.00170639448,-0.040242359
p4	1	417	a_softplus-2	2	16	16	0.000000e+00	0.000000e+00	2.8431015,1.36383569,1.30202472,2.24770069	2.8431015,1.36383569,1.30202472,2.24770069
p4	1	418	gate-2	2	16	16	0.000000e+00	0.000000e+00	-2.55227566,-0.384687513,-0.387896389,-1.46833122	-2.55227566,-0.384687513,-0.387896389,-1.46833122
p4	1	419	beta_sigmoid-2	2	16	16	0.000000e+00	0.000000e+00	0.630513132,0.628855109,0.755060017,0.485650599	0.630513132,0.628855109,0.755060017,0.485650599
p4	1	420	state_predelta-2	2	262144	11602	4.286199e-07	7.152557e-07	-0.000216492306,2.72199259e-06,1.71848262e-06,-0.00114781724	-0.000216492364,2.72199554e-06,1.71848251e-06,-0.00114781701
p4	1	421	new_state-2	2	262144	12716	4.043612e-07	7.152557e-07	-0.00100830896,4.57183851e-05,0.000460988813,0.00256952038	-0.00100830907,4.57182978e-05,0.000460988813,0.00256951968
p4	1	422	attn_output-2	2	2048	132	1.849166e-07	7.450581e-09	-1.09788843e-05,4.20515535e-05,-1.1368827e-06,-3.35524965e-05	-1.09788753e-05,4.2051528e-05,-1.13688282e-06,-3.35524892e-05
p4	1	423	z-2	2	2048	267	2.573330e-07	2.384186e-06	-0.9134866,0.72074759,-1.29080939,0.804110527	-0.913486719,0.720747948,-1.29080987,0.804110825
p4	1	424	final_output-2	2	2048	96	2.840422e-07	2.980232e-07	0.00293014199,0.0135200256,0.00028891585,-0.0181790199	0.00293013966,0.0135200256,0.000288915879,-0.0181790236
p4	1	425	linear_attn_out-2	2	1024	46	7.231047e-07	7.264316e-08	-0.675268531,-0.00871129427,-0.0347110704,0.0100360475	-0.67526859,-0.00871129613,-0.0347110927,0.0100360103
p4	1	426	attn_residual-2	2	1024	33	7.684446e-07	2.384186e-07	-0.698677421,-0.061240308,-0.07447128,-0.0211979691	-0.698677182,-0.0612403043,-0.0744713396,-0.0211980548
p4	1	427	attn_post_norm-2	2	1024	44	8.066152e-07	3.635883e-06	-7.78646851,-1.07188785,-1.32315588,-0.375451595	-7.78646564,-1.07188773,-1.32315707,-0.375453115
p4	1	428	ffn_out-2	2	1024	51	4.547256e-07	1.788139e-07	0.645714819,0.0341557413,-0.0235942807,0.0312327966	0.645714641,0.0341557562,-0.0235942863,0.0312328339
p4	1	429	l_out-2	2	1024	33	8.796768e-07	1.825392e-07	-0.0529626012,-0.0270845667,-0.0980655625,0.0100348275	-0.0529625416,-0.027084548,-0.0980656296,0.0100347791
p4	1	430	attn_norm-3	3	1024	37	8.605336e-07	4.053116e-06	-1.05158556,-0.641989946,-2.10107398,0.226736575	-1.05158436,-0.64198947,-2.10107541,0.226735458
p4	1	431	attn_pregate-3	3	2048	110	8.888476e-07	3.576279e-06	0.52759099,0.148446709,0.553494394,0.487122476	0.527590871,0.148446739,0.553494453,0.487122506
p4	1	432	attn_gated-3	3	2048	60	6.504654e-07	4.321337e-07	0.025179293,0.00533352327,0.0123073524,0.0157002378	0.025179293,0.00533352932,0.0123073617,0.0157002416
p4	1	433	attn_output-3	3	1024	64	6.895814e-07	5.960464e-08	-0.201376766,0.0022623688,0.00337197818,0.00480500981	-0.201376706,0.00226238184,0.00337195583,0.00480500981
p4	1	434	attn_residual-3	3	1024	34	9.016754e-07	1.974404e-07	-0.254339367,-0.0248221979,-0.0946935862,0.0148398373	-0.254339248,-0.0248221662,-0.0946936756,0.0148397889
p4	1	435	attn_post_norm-3	3	1024	41	9.408359e-07	3.993511e-06	-3.21992683,-0.470607579,-1.84927046,0.292321205	-3.2199254,-0.470606953,-1.84927225,0.292320251
p4	1	436	ffn_out-3	3	1024	64	5.680562e-07	7.450581e-08	0.0427396707,0.0279871486,-0.00871040858,0.000846320763	0.0427396148,0.0279871318,-0.00871036015,0.000846326351
p4	1	437	l_out-3	3	1024	39	9.557028e-07	2.328306e-07	-0.211599693,0.00316495076,-0.103403993,0.0156861581	-0.211599633,0.00316496566,-0.103404038,0.0156861152
p4	1	438	attn_norm-4	4	1024	40	9.643926e-07	5.364418e-06	-3.82632756,0.0754845515,-2.29847431,0.383540839	-3.82632661,0.0754849091,-2.29847527,0.383539796
p4	1	439	conv_output_silu-4	4	6144	967	1.714226e-07	2.861023e-06	0.000587411167,0.0109631121,0.045718506,0.105462074	0.000587458257,0.0109631242,0.0457185544,0.105462037
p4	1	440	q_conv_predelta-4	4	2048	256	3.341397e-07	3.576279e-07	0.000343093154,0.00640329812,0.0267031118,0.0615979359	0.000343120686,0.00640330603,0.0267031435,0.0615979247
p4	1	441	k_conv_predelta-4	4	2048	264	3.776114e-07	2.533197e-07	0.00174729712,-0.123287298,0.0816952661,-0.02369087	0.00174728059,-0.123287253,0.081695281,-0.0236908905
p4	1	442	v_conv_predelta-4	4	2048	353	1.457590e-07	2.861023e-06	-0.0746139511,0.0047498066,-0.0113794142,0.00491644628	-0.0746139511,0.00474980939,-0.0113794124,0.00491645047
p4	1	443	a_softplus-4	4	16	16	0.000000e+00	0.000000e+00	1.03665602,3.40762901,0.482902646,2.08573985	1.03665602,3.40762901,0.482902646,2.08573985
p4	1	444	gate-4	4	16	16	0.000000e+00	0.000000e+00	-0.432142526,-3.31086063,-0.151952058,-1.09482265	-0.432142526,-3.31086063,-0.151952058,-1.09482265
p4	1	445	beta_sigmoid-4	4	16	16	0.000000e+00	0.000000e+00	0.822889924,0.799731076,0.742226541,0.833974183	0.822889924,0.799731076,0.742226541,0.833974183
p4	1	446	state_predelta-4	4	262144	19992	1.480470e-07	1.907349e-06	1.06224152e-05,-0.00139855721,0.000211163948,-8.41299261e-05	1.06223806e-05,-0.00139855687,0.000211164006,-8.41299916e-05
p4	1	447	new_state-4	4	262144	18546	1.687295e-07	1.907349e-06	-0.000104293904,0.00693754852,-0.00506160082,0.00145295623	-0.000104292878,0.00693754619,-0.00506160175,0.00145295751
p4	1	448	attn_output-4	4	2048	152	3.000494e-07	1.192093e-07	-0.000161205942,1.04954997e-05,-2.54617953e-05,1.08600443e-05	-0.000161205957,1.04955125e-05,-2.54617862e-05,1.0860057e-05
p4	1	449	z-4	4	2048	213	2.616045e-07	2.145767e-06	-2.74739432,-0.0949299037,-2.77174592,0.00597223639	-2.74739432,-0.0949299932,-2.77174616,0.00597181916
p4	1	450	final_output-4	4	2048	82	6.421490e-07	4.768372e-07	0.0234101247,-0.000500837923,0.00348205445,3.08380477e-05	0.0234101266,-0.000500838971,0.00348205259,3.08359231e-05
p4	1	451	linear_attn_out-4	4	1024	64	7.343863e-07	5.215406e-08	-0.0593607873,-0.013973536,0.0171791427,-0.0261786133	-0.0593608394,-0.0139735397,0.0171791837,-0.0261786245
p4	1	452	attn_residual-4	4	1024	36	9.974881e-07	2.160668e-07	-0.27096048,-0.0108085852,-0.086224854,-0.0104924552	-0.27096048,-0.010808574,-0.086224854,-0.0104925092
p4	1	453	attn_post_norm-4	4	1024	41	1.042063e-06	4.291534e-06	-3.46363497,-0.201906398,-1.58407331,-0.202966362	-3.46363497,-0.201906189,-1.58407331,-0.20296739
p4	1	454	ffn_out-4	4	1024	58	5.483738e-07	7.450581e-08	0.0160754547,0.0191459209,-0.059567228,0.0555495508	0.0160754379,0.0191459171,-0.0595671982,0.0555495471
p4	1	455	l_out-4	4	1024	29	1.059296e-06	2.309680e-07	-0.254885018,0.00833733566,-0.145792082,0.0450570956	-0.254885048,0.00833734311,-0.145792052,0.045057036
p4	1	456	attn_norm-5	5	1024	34	1.079963e-06	5.364418e-06	-4.59209251,0.202286452,-3.28988433,1.14418638	-4.59209347,0.202286661,-3.28988409,1.14418507
p4	1	457	conv_output_silu-5	5	6144	962	1.889212e-07	8.344650e-07	0.0379801504,-0.228316441,0.0204900634,-0.0846322104	0.0379802175,-0.228316441,0.0204900634,-0.0846321508
p4	1	458	q_conv_predelta-5	5	2048	249	2.841077e-07	3.576279e-07	0.0236276686,-0.14203696,0.0127469851,-0.0526501797	0.0236277077,-0.142036945,0.0127469832,-0.0526501387
p4	1	459	k_conv_predelta-5	5	2048	372	3.369122e-07	3.725290e-07	-0.000526882242,0.00977554917,-0.243288606,0.0296877045	-0.000526885211,0.00977556035,-0.243288547,0.0296877027
p4	1	460	v_conv_predelta-5	5	2048	322	9.300392e-08	4.768372e-07	0.00320252194,-0.00307353493,-0.00722864177,0.00626552803	0.00320250588,-0.00307352515,-0.00722864363,0.00626552245
p4	1	461	a_softplus-5	5	16	16	0.000000e+00	0.000000e+00	0.93706429,0.308218271,2.86698341,0.0459498167	0.93706429,0.308218271,2.86698341,0.0459498167
p4	1	462	gate-5	5	16	16	0.000000e+00	0.000000e+00	-0.715671062,-0.0373911187,-0.730572283,-0.0192297027	-0.715671062,-0.0373911187,-0.730572283,-0.0192297027
p4	1	463	beta_sigmoid-5	5	16	16	0.000000e+00	0.000000e+00	0.887998581,0.759987533,0.86653024,0.851734102	0.887998581,0.759987533,0.86653024,0.851734102
p4	1	464	state_predelta-5	5	262144	20936	1.788338e-07	3.576279e-07	4.83950879e-09,-2.23015366e-08,3.8382359e-06,-9.39016118e-08	4.8394786e-09,-2.23014531e-08,3.83821771e-06,-9.39011713e-08
p4	1	465	new_state-5	5	262144	19915	1.972715e-07	4.768372e-07	-1.49473738e-06,2.77657127e-05,-0.000689413107,8.43098678e-05	-1.49473829e-06,2.77656054e-05,-0.00068940944,8.43094385e-05
p4	1	466	attn_output-5	5	2048	121	2.304630e-07	1.117587e-08	8.30572117e-06,-7.40730138e-06,-2.28349327e-05,1.60847285e-05	8.30567933e-06,-7.40727501e-06,-2.28349327e-05,1.60847121e-05
p4	1	467	z-5	5	2048	234	2.331652e-07	1.907349e-06	0.80908525,1.04677963,-0.128341973,1.24412954	0.809084892,1.04677951,-0.128341615,1.24412966
p4	1	468	final_output-5	5	2048	92	4.799784e-07	8.046627e-07	0.00444044685,-0.00528024929,0.00133667293,0.014988129	0.00444042264,-0.00528022926,0.00133666943,0.0149881141
p4	1	469	linear_attn_out-5	5	1024	69	5.680717e-07	3.352761e-08	-0.0843600854,0.0187377408,0.0153673925,-0.0101954415	-0.0843600929,0.018737739,0.015367399,-0.0101954276
p4	1	470	attn_residual-5	5	1024	24	1.046961e-06	2.309680e-07	-0.339245111,0.0270750765,-0.130424693,0.034861654	-0.339245141,0.0270750821,-0.130424649,0.0348616093
p4	1	471	attn_post_norm-5	5	1024	34	1.118328e-06	4.768372e-06	-4.1366725,0.496266484,-2.2706573,0.672392964	-4.13667297,0.496266574,-2.27065659,0.67239207
p4	1	472	ffn_out-5	5	1024	53	5.974574e-07	7.450581e-08	0.155253381,-0.00194318406,-0.000647896435,0.0152157396	0.15525341,-0.00194317894,-0.000647907611,0.0152157098
p4	1	473	l_out-5	5	1024	29	1.165289e-06	2.533197e-07	-0.18399173,0.0251318924,-0.131072596,0.0500773937	-0.18399173,0.0251319036,-0.131072551,0.0500773191
p4	1	474	attn_norm-6	6	1024	28	1.198215e-06	5.841255e-06	-3.36489177,0.5955742,-3.00332689,1.25711679	-3.36489224,0.595574558,-3.00332618,1.25711513
p4	1	475	conv_output_silu-6	6	6144	664	2.448062e-07	9.536743e-07	-0.0951460302,-0.200174272,-0.000844490191,-0.164374128	-0.0951460227,-0.200174257,-0.000844481809,-0.164374128
p4	1	476	q_conv_predelta-6	6	2048	212	3.076829e-07	2.682209e-07	-0.0207286645,-0.0436102822,-0.000183981974,-0.0358108096	-0.0207286645,-0.0436102822,-0.000183980155,-0.0358108096
p4	1	477	k_conv_predelta-6	6	2048	242	3.856655e-07	3.874302e-07	-0.0307146069,0.0288406033,-0.0705605224,0.0849796534	-0.0307146125,0.0288406145,-0.0705605,0.0849796534
p4	1	478	v_conv_predelta-6	6	2048	227	2.796320e-07	9.536743e-07	-0.00213690777,0.00818572287,-0.0014474499,-0.000764081429	-0.00213690777,0.00818572473,-0.0014474499,-0.000764085853
p4	1	479	a_softplus-6	6	16	16	0.000000e+00	0.000000e+00	1.80975068,1.03618443,1.49459875,1.07676077	1.80975068,1.03618443,1.49459875,1.07676077
p4	1	480	gate-6	6	16	16	0.000000e+00	0.000000e+00	-0.329580069,-0.770026863,-0.455826879,-0.596971154	-0.329580069,-0.770026863,-0.455826879,-0.596971154
p4	1	481	beta_sigmoid-6	6	16	16	0.000000e+00	0.000000e+00	0.847949862,0.892963409,0.741965711,0.858062148	0.847949862,0.892963409,0.741965711,0.858062148
p4	1	482	state_predelta-6	6	262144	13861	5.602123e-07	3.054738e-07	2.35597909e-07,-3.0125895e-07,4.39698823e-07,-1.01180535e-06	2.35597952e-07,-3.01259007e-07,4.39698795e-07,-1.01180535e-06
p4	1	483	new_state-6	6	262144	11785	3.560836e-07	5.960464e-07	5.58014435e-05,-5.24543684e-05,0.000128119354,-0.000154647554	5.58014508e-05,-5.24543866e-05,0.000128119311,-0.000154647554
p4	1	484	attn_output-6	6	2048	103	5.117380e-07	1.117587e-08	-3.87144792e-06,1.48224053e-05,-2.60882939e-06,-1.3762849e-06	-3.87144746e-06,1.48224144e-05,-2.60883007e-06,-1.37629252e-06
p4	1	485	z-6	6	2048	216	2.283277e-07	1.907349e-06	-0.29036513,0.227172375,1.07621217,0.46406132	-0.290365249,0.227171972,1.07621241,0.464061618
p4	1	486	final_output-6	6	2048	60	7.252371e-07	4.768372e-07	0.000408393156,0.00182832847,-0.002019312,-0.000407635351	0.000408393214,0.00182832626,-0.00201931316,-0.000407637941
p4	1	487	linear_attn_out-6	6	1024	83	8.661864e-07	7.450581e-08	-0.150667384,-0.0108148158,-0.00443965942,-0.0170018803	-0.150667459,-0.0108148158,-0.00443964638,-0.0170018747
p4	1	488	attn_residual-6	6	1024	25	1.183878e-06	2.533197e-07	-0.3346591,0.0143170767,-0.135512263,0.0330755115	-0.334659189,0.0143170878,-0.135512203,0.0330754444
p4	1	489	attn_post_norm-6	6	1024	32	1.250085e-06	5.125999e-06	-5.20899868,0.272978276,-2.55057907,0.645216346	-5.20900059,0.272978544,-2.55057836,0.645215094
p4	1	490	ffn_out-6	6	1024	43	5.788715e-07	8.940697e-08	0.300223321,0.00873512775,0.0127342623,0.0507861823	0.300223351,0.00873511378,0.0127342278,0.0507861823
p4	1	491	l_out-6	6	1024	31	1.153257e-06	2.831221e-07	-0.0344357789,0.0230522044,-0.122777998,0.0838616937	-0.0344358385,0.0230522007,-0.122777976,0.0838616267
p4	1	492	attn_norm-7	7	1024	35	1.141924e-06	5.096197e-06	-0.551059365,0.392008841,-2.15611553,1.71080446	-0.551060379,0.392008781,-2.15611506,1.71080303
p4	1	493	attn_pregate-7	7	2048	121	1.041750e-06	1.621246e-05	0.0905457512,-0.0450840816,1.46657312,0.0346097685	0.0905456543,-0.0450841933,1.466573,0.0346098915
p4	1	494	attn_gated-7	7	2048	57	5.031847e-07	8.549541e-07	0.015803881,-0.00945126917,0.340599209,0.00732286228	0.0158038605,-0.0094512878,0.34059909,0.00732288742
p4	1	495	attn_output-7	7	1024	40	7.168891e-07	8.940697e-08	-0.242517084,-0.0071831774,0.00475651398,-0.0624224693	-0.242517173,-0.00718318019,0.00475653075,-0.0624224469
p4	1	496	attn_residual-7	7	1024	32	1.380183e-06	2.980232e-07	-0.276952863,0.015869027,-0.118021488,0.0214392245	-0.276953012,0.0158690214,-0.118021443,0.0214391798
p4	1	497	attn_post_norm-7	7	1024	35	1.500761e-06	6.437302e-06	-3.79644823,0.316773146,-2.27173615,0.445306242	-3.7964499,0.316773057,-2.27173519,0.445305318
p4	1	498	ffn_out-7	7	1024	52	6.538291e-07	6.332994e-08	0.0634147972,0.000148977153,0.0282531232,0.00451913103	0.0634147525,0.000148965046,0.0282531269,0.00451912731
p4	1	499	l_out-7	7	1024	27	1.444874e-06	3.185123e-07	-0.213538066,0.0160180032,-0.089768365,0.0259583555	-0.213538259,0.0160179865,-0.0897683203,0.0259583071
p4	1	500	attn_norm-8	8	1024	24	1.555294e-06	8.651987e-06	-4.61259699,0.409322619,-2.08164907,0.71281296	-4.6126008,0.409322172,-2.08164763,0.71281153
p4	1	501	conv_output_silu-8	8	6144	654	3.127554e-07	2.384186e-06	0.00343544385,-0.0159491654,0.122787699,-0.0465391949	0.00343546667,-0.0159491617,0.122787736,-0.0465391949
p4	1	502	q_conv_predelta-8	8	2048	183	3.304439e-07	2.682209e-07	0.00128662854,-0.00597321708,0.045985952,-0.0174296703	0.00128663681,-0.00597321475,0.0459859557,-0.0174296666
p4	1	503	k_conv_predelta-8	8	2048	271	3.339028e-07	2.533197e-07	0.0413170643,-0.101086572,0.0565089248,-0.0373708755	0.0413170531,-0.101086602,0.0565089248,-0.0373708904
p4	1	504	v_conv_predelta-8	8	2048	213	3.026749e-07	2.384186e-06	0.0946211964,0.00123451266,-0.000519858673,-0.0064030583	0.0946211964,0.00123451313,-0.000519853551,-0.00640305504
p4	1	505	a_softplus-8	8	16	16	0.000000e+00	0.000000e+00	0.688179791,0.812565625,0.109976277,0.967059016	0.688179791,0.812565625,0.109976277,0.967059016
p4	1	506	gate-8	8	16	16	0.000000e+00	0.000000e+00	-0.241573825,-0.230992258,-0.0327638946,-0.146004066	-0.241573825,-0.230992258,-0.0327638946,-0.146004066
p4	1	507	beta_sigmoid-8	8	16	16	0.000000e+00	0.000000e+00	0.794898987,0.716275513,0.777524531,0.831059456	0.794898987,0.716275513,0.777524531,0.831059456
p4	1	508	state_predelta-8	8	262144	15208	2.930952e-07	3.576279e-07	0.000109462213,2.51580204e-05,0.000271694706,1.12525768e-05	0.000109462206,2.51580332e-05,0.000271694676,1.12525795e-05
p4	1	509	new_state-8	8	262144	13455	3.540434e-07	8.344650e-07	0.00319909491,-0.00759682897,0.00447117444,-0.00280695222	0.00319909398,-0.0075968313,0.00447117444,-0.00280695339
p4	1	510	attn_output-8	8	2048	119	4.291868e-07	4.097819e-08	-4.34993854e-05,2.44868056e-06,4.73704631e-06,1.03406876e-06	-4.34993708e-05,2.4486817e-06,4.73704631e-06,1.03405989e-06
p4	1	511	z-8	8	2048	171	2.196070e-07	1.907349e-06	0.129189953,0.852301598,0.84894979,0.0237883329	0.129189968,0.852301776,0.848949552,0.0237878859
p4	1	512	final_output-8	8	2048	75	4.702302e-07	5.960464e-07	-0.00275981124,0.000954264135,0.00282700756,9.41754752e-06	-0.00275981077,0.000954264891,0.00282700663,9.41728831e-06
p4	1	513	linear_attn_out-8	8	1024	71	5.256454e-07	2.980232e-08	-0.15149346,-0.0106574269,0.0286827851,0.0128699066	-0.151493475,-0.0106574316,0.0286827963,0.0128698954
p4	1	514	attn_residual-8	8	1024	19	1.467402e-06	3.124587e-07	-0.36503154,0.00536057632,-0.0610855818,0.0388282612	-0.365031719,0.0053605549,-0.0610855222,0.0388282016
p4	1	515	attn_post_norm-8	8	1024	24	1.632727e-06	6.727874e-06	-4.97838831,0.106026947,-1.16677594,0.842149556	-4.97839069,0.106026523,-1.16677487,0.842148304
p4	1	516	ffn_out-8	8	1024	67	3.260170e-07	3.725290e-08	0.0220897403,0.0282460954,0.0327258036,-0.0175250992	0.022089757,0.028246101,0.0327257998,-0.0175251104
p4	1	517	l_out-8	8	1024	28	1.442407e-06	3.017485e-07	-0.342941791,0.0336066708,-0.0283597782,0.021303162	-0.34294197,0.0336066559,-0.0283597223,0.0213030912
p4	1	518	attn_norm-9	9	1024	17	1.567025e-06	7.957220e-06	-6.59553385,0.786173582,-0.653514326,0.589978397	-6.59553671,0.786173224,-0.653512955,0.58997637
p4	1	519	conv_output_silu-9	9	6144	607	2.309299e-07	9.536743e-07	0.0206494033,-0.0545470715,-0.276268095,0.113040417	0.0206493884,-0.0545470603,-0.276268095,0.113040343
p4	1	520	q_conv_predelta-9	9	2048	232	2.809015e-07	2.831221e-07	0.0154161407,-0.0407229848,-0.206252337,0.0843921229	0.0154161314,-0.0407229811,-0.206252366,0.0843920782
p4	1	521	k_conv_predelta-9	9	2048	211	3.147854e-07	2.905726e-07	-0.0963886604,-0.0715103671,-0.0530415662,0.00573689397	-0.0963886604,-0.0715103745,-0.0530415513,0.00573690562
p4	1	522	v_conv_predelta-9	9	2048	194	1.738027e-07	4.768372e-07	0.00970649906,-0.00355433184,0.00226925011,-0.0190204214	0.00970649906,-0.00355433789,0.00226925942,-0.0190204196
p4	1	523	a_softplus-9	9	16	16	0.000000e+00	0.000000e+00	0.552089632,0.0283197351,0.564460397,0.597851753	0.552089632,0.0283197351,0.564460397,0.597851753
p4	1	524	gate-9	9	16	16	0.000000e+00	0.000000e+00	-0.223937437,-0.00386271952,-0.192047983,-0.110591456	-0.223937437,-0.00386271952,-0.192047983,-0.110591456
p4	1	525	beta_sigmoid-9	9	16	16	0.000000e+00	0.000000e+00	0.90986383,0.650321066,0.678205192,0.382183999	0.90986383,0.650321066,0.678205192,0.382183999
p4	1	526	state_predelta-9	9	262144	12505	3.138079e-07	3.576279e-07	-1.78642167e-05,2.47036132e-05,-5.80216101e-06,-2.47557033e-08	-1.78642167e-05,2.47036187e-05,-5.80215783e-06,-2.47557548e-08
p4	1	527	new_state-9	9	262144	11299	2.933232e-07	5.960464e-07	-0.000868412142,-0.000613930053,-0.000474657078,5.08167432e-05	-0.000868412142,-0.000613930053,-0.000474656961,5.0816845e-05
p4	1	528	attn_output-9	9	2048	95	5.418342e-07	6.519258e-09	4.28209423e-05,-1.62228644e-05,9.97388634e-06,-8.15189705e-05	4.28209751e-05,-1.62228953e-05,9.97393272e-06,-8.15190215e-05
p4	1	529	z-9	9	2048	229	1.812253e-07	1.609325e-06	-0.293116748,0.737656653,-0.284891874,0.444851398	-0.293116599,0.737656832,-0.284891903,0.444851428
p4	1	530	final_output-9	9	2048	55	4.728167e-07	3.278255e-07	-0.00578282122,-0.00828345492,-0.00129122904,-0.0215765908	-0.00578282401,-0.00828347169,-0.00129123533,-0.0215766057
p4	1	531	linear_attn_out-9	9	1024	55	6.136364e-07	2.374873e-08	0.050242763,-0.0168769211,0.00722694583,-0.0313370675	0.0502427742,-0.0168769285,0.00722694583,-0.0313370824
p4	1	532	attn_residual-9	9	1024	27	1.492206e-06	2.998859e-07	-0.292699039,0.0167297497,-0.0211328324,-0.0100339055	-0.292699188,0.0167297274,-0.0211327765,-0.0100339912
p4	1	533	attn_post_norm-9	9	1024	28	1.655975e-06	6.556511e-06	-4.05196953,0.324357331,-0.395601004,-0.22000666	-4.05197096,0.324356854,-0.395599902,-0.220008522
p4	1	534	ffn_out-9	9	1024	61	5.345838e-07	5.215406e-08	-0.0451534241,0.0062840702,0.00112024788,0.00748808496	-0.0451534763,0.00628407579,0.00112024322,0.00748808216
p4	1	535	l_out-9	9	1024	30	1.456821e-06	3.166497e-07	-0.337852478,0.023013819,-0.0200125836,-0.00254582055	-0.337852657,0.0230138041,-0.0200125333,-0.00254590902
p4	1	536	attn_norm-10	10	1024	25	1.584440e-06	7.927418e-06	-6.99214077,0.49623546,-0.461353183,-0.0632784218	-6.99214315,0.496235043,-0.461351961,-0.0632806122
p4	1	537	conv_output_silu-10	10	6144	516	4.547163e-07	1.430511e-06	-0.000906724948,-0.00313336053,-0.00686200615,-0.0691637024	-0.000906726927,-0.00313336658,-0.006862015,-0.069163762
p4	1	538	q_conv_predelta-10	10	2048	104	5.403030e-07	4.768372e-07	-0.0030443999,-0.0105205029,-0.023039721,-0.232222542	-0.00304440479,-0.0105205178,-0.0230397396,-0.232222617
p4	1	539	k_conv_predelta-10	10	2048	206	4.956683e-07	3.278255e-07	-0.0592389591,0.118530758,0.212100759,0.0141299693	-0.0592390709,0.118530653,0.212100521,0.0141299823
p4	1	540	v_conv_predelta-10	10	2048	192	2.162893e-07	1.788139e-07	0.0175546836,0.00169300346,-0.00910061318,0.00602991506	0.0175547022,0.00169301871,-0.0091006225,0.00602991879
p4	1	541	a_softplus-10	10	16	16	0.000000e+00	0.000000e+00	0.984134614,0.0163167976,3.95597577,1.03778517	0.984134614,0.0163167976,3.95597577,1.03778517
p4	1	542	gate-10	10	16	16	0.000000e+00	0.000000e+00	-0.753089845,-0.0946331248,-1.22550416,-0.212492466	-0.753089845,-0.0946331248,-1.22550416,-0.212492466
p4	1	543	beta_sigmoid-10	10	16	16	0.000000e+00	0.000000e+00	0.868023276,0.762460828,0.93000108,0.725994527	0.868023276,0.762460828,0.93000108,0.725994527
p4	1	544	state_predelta-10	10	262144	15826	4.048706e-07	6.519258e-08	0.000226150572,0.000204668308,0.000189284387,0.000356424833	0.000226150747,0.000204668802,0.000189284387,0.000356424978
p4	1	545	new_state-10	10	262144	9509	5.032363e-07	4.172325e-07	-0.000777986657,0.00186613528,0.00325596263,0.000378815021	-0.00077798916,0.00186613586,0.00325596239,0.000378815515
p4	1	546	attn_output-10	10	2048	76	9.281012e-07	4.423782e-09	-1.06160167e-06,-5.50795949e-06,1.66025475e-05,3.23997556e-05	-1.06156119e-06,-5.50795357e-06,1.66024874e-05,3.23997447e-05
p4	1	547	z-10	10	2048	106	4.069401e-07	2.384186e-06	1.05859542,0.727446735,0.453520805,0.637982666	1.0585959,0.727446854,0.453521192,0.637983203
p4	1	548	final_output-10	10	2048	34	1.397150e-06	7.450581e-07	-0.00074884604,-0.00288222614,0.00448068976,0.0138153965	-0.000748817925,-0.00288222358,0.00448067859,0.0138154067
p4	1	549	linear_attn_out-10	10	1024	34	1.233029e-06	1.192093e-07	-0.0608991757,-0.00457542203,-0.00193786994,-0.00417177193	-0.0608992949,-0.00457543042,-0.00193787273,-0.00417177379
p4	1	550	attn_residual-10	10	1024	29	1.500993e-06	3.464520e-07	-0.398751646,0.018438397,-0.0219504535,-0.00671759248	-0.398751944,0.0184383728,-0.0219504051,-0.00671768282
p4	1	551	attn_post_norm-10	10	1024	18	1.641064e-06	6.915070e-06	-6.11436844,0.34901017,-0.414153814,-0.135436058	-6.11437225,0.349009693,-0.414152831,-0.135437861
p4	1	552	ffn_out-10	10	1024	14	1.252516e-06	1.192093e-07	0.153124437,-0.0159473512,0.0175187849,-0.0211585127	0.153124526,-0.0159473401,0.0175187737,-0.021158563
p4	1	553	l_out-10	10	1024	19	1.496879e-06	3.529713e-07	-0.24562721,0.00249104574,-0.00443166867,-0.0278761052	-0.245627418,0.0024910327,-0.00443163142,-0.0278762467
p4	1	554	attn_norm-11	11	1024	21	1.529332e-06	7.063150e-06	-4.01831532,0.0425049141,-0.0807552561,-0.560124457	-4.0183177,0.0425046794,-0.0807545483,-0.560127079
p4	1	555	attn_pregate-11	11	2048	82	9.463783e-07	1.811981e-05	0.0943846554,0.085355252,0.138614058,0.0896293744	0.0943849683,0.0853553712,0.138614133,0.0896291584
p4	1	556	attn_gated-11	11	2048	67	6.983311e-07	4.619360e-07	0.00418743584,0.00521155214,0.00902927946,0.00126564514	0.00418744981,0.00521155819,0.00902928226,0.00126564142
p4	1	557	attn_output-11	11	1024	77	1.435478e-06	6.705523e-08	-0.00115527958,-0.00561782345,-0.0203117169,-0.0187108554	-0.00115524232,-0.00561781414,-0.0203117114,-0.0187108554
p4	1	558	attn_residual-11	11	1024	15	1.533296e-06	3.306195e-07	-0.246782482,-0.00312677771,-0.0247433856,-0.0465869606	-0.24678266,-0.00312678143,-0.0247433428,-0.0465871021
p4	1	559	attn_post_norm-11	11	1024	19	1.647999e-06	6.467104e-06	-3.346452,-0.0601526275,-0.454225779,-0.920768499	-3.34645438,-0.0601526909,-0.454224944,-0.920771182
p4	1	560	ffn_out-11	11	1024	34	8.490193e-07	8.940697e-08	0.0487173088,0.0438800454,0.0201121271,0.0631525889	0.0487173982,0.043880038,0.0201121327,0.0631526336
p4	1	561	l_out-11	11	1024	20	1.521994e-06	3.390014e-07	-0.198065177,0.0407532677,-0.00463125855,0.0165656283	-0.198065266,0.0407532565,-0.00463121012,0.0165655315
p4	1	562	attn_norm-12	12	1024	26	1.607571e-06	8.106232e-06	-4.03403854,0.936478853,-0.110875599,0.423669457	-4.03403902,0.936478257,-0.110874407,0.423666805
p4	1	563	conv_output_silu-12	12	6144	9	5.575549e-04	4.195452e-03	0.00451606885,0.0664394274,0.0191037375,-0.0993347839	0.00455777394,0.0664358363,0.0190635212,-0.0996156186
p4	1	564	q_conv_predelta-12	12	2048	0	9.340441e-04	9.457842e-04	0.00143666007,0.0211358313,0.00607731612,-0.031600561	0.00144952396,0.0211288109,0.00606283545,-0.0316810869
p4	1	565	k_conv_predelta-12	12	2048	1	5.416058e-04	3.986508e-04	0.0148611804,0.000446979393,0.0016313598,0.00401338935	0.0148648191,0.000445004116,0.00163185806,0.00401275279
p4	1	566	v_conv_predelta-12	12	2048	4	9.004491e-05	4.396439e-04	-0.00661794934,0.00409766287,0.00179680274,-0.0035937049	-0.00661806343,0.00409736251,0.00179566653,-0.0035943531
p4	1	567	a_softplus-12	12	16	16	0.000000e+00	0.000000e+00	0.226865485,1.32892585,0.176437929,0.197552815	0.226865485,1.32892585,0.176437929,0.197552815
p4	1	568	gate-12	12	16	16	0.000000e+00	0.000000e+00	-0.0457318388,-0.784292817,-0.0183081105,-0.0561593659	-0.0457318388,-0.784292817,-0.0183081105,-0.0561593659
p4	1	569	beta_sigmoid-12	12	16	16	0.000000e+00	0.000000e+00	0.767889261,0.714011669,0.67612201,0.569046736	0.767889261,0.714011669,0.67612201,0.569046736
p4	1	570	state_predelta-12	12	262144	8138	5.414672e-07	1.430511e-06	1.04884593e-05,-1.4741604e-06,7.63655748e-07,6.75247566e-06	1.04884648e-05,-1.47416131e-06,7.63655748e-07,6.75247975e-06
p4	1	571	new_state-12	12	262144	29	1.675476e-04	2.740845e-04	-6.46196931e-05,-3.65318692e-06,-7.46387786e-06,-1.37063562e-05	-6.46388144e-05,-3.64329298e-06,-7.46647447e-06,-1.37033858e-05
p4	1	572	attn_output-12	12	2048	0	2.819416e-04	3.449246e-05	-1.70556341e-05,1.32115756e-05,3.95110737e-06,-7.84585245e-06	-1.70605381e-05,1.32133982e-05,3.95049256e-06,-7.84986241e-06
p4	1	573	z-12	12	2048	0	7.203814e-04	7.706642e-03	-0.529264152,-0.283289045,-1.12343514,-0.497582674	-0.529759884,-0.283407897,-1.12453985,-0.498768359
p4	1	574	final_output-12	12	2048	0	2.273224e-03	2.410471e-03	0.00297117908,-0.00149896776,-0.00080120808,0.00135554955	0.00297382195,-0.001499668,-0.000801184797,0.00135844119
p4	1	575	linear_attn_out-12	12	1024	0	1.094826e-02	7.353127e-04	-0.068680495,-0.00641502813,0.00438673701,0.0122893415	-0.0694158077,-0.00642988458,0.00430494919,0.0122273695
p4	1	576	attn_residual-12	12	1024	0	1.896944e-03	7.354021e-04	-0.266745687,0.0343382396,-0.000244521536,0.0288549699	-0.267481089,0.0343233719,-0.000326260924,0.028792901
p4	1	577	attn_post_norm-12	12	1024	0	2.000529e-03	9.661436e-03	-3.44971085,0.687112212,-0.00447598519,0.565787792	-3.45937228,0.686844647,-0.00597249111,0.564595401
p4	1	578	ffn_out-12	12	1024	0	1.673290e-02	1.381610e-03	0.0741366446,-0.0106940549,0.0063728774,-0.0103472574	0.0735705867,-0.0107766539,0.00573575217,-0.0101670669
p4	1	579	l_out-12	12	1024	0	6.805485e-03	1.464363e-03	-0.192609042,0.0236441847,0.00612835586,0.0185077116	-0.193910509,0.0235467181,0.00540949125,0.0186258331
p4	1	580	attn_norm-13	13	1024	0	7.316047e-03	3.757584e-02	-3.79919505,0.52866447,0.139584363,0.469706297	-3.82442021,0.526423812,0.12319655,0.472648978
p4	1	581	conv_output_silu-13	13	6144	1	4.712884e-03	1.666307e-02	-0.0376738869,-0.043833632,0.0160736162,-0.00984717347	-0.039904613,-0.0426200889,0.0161376987,-0.0100152288
p4	1	582	q_conv_predelta-13	13	2048	0	7.055821e-03	4.664108e-03	-0.0179764703,-0.0209156517,0.00766968587,-0.00469867652	-0.019016929,-0.0203110166,0.00769057637,-0.00477285404
p4	1	583	k_conv_predelta-13	13	2048	0	4.285199e-03	5.876556e-03	-0.0807593837,0.0252663605,0.0548276491,-0.132087022	-0.0806834325,0.0252372473,0.0546618551,-0.135532856
p4	1	584	v_conv_predelta-13	13	2048	1	1.528143e-03	2.113145e-03	-0.000525646203,-0.00783577934,0.00287325913,-0.000547885429	-0.000525596784,-0.00782698393,0.00286921114,-0.00054452935
p4	1	585	a_softplus-13	13	16	0	4.256459e-03	1.864934e-02	1.18727851,0.66599077,1.90289319,0.598098695	1.18929482,0.664902747,1.90669203,0.589605987
p4	1	586	gate-13	13	16	0	3.604863e-03	3.309160e-03	-0.319551677,-0.76655072,-0.956834793,-0.14317508	-0.320094377,-0.765298426,-0.958744943,-0.14114207
p4	1	587	beta_sigmoid-13	13	16	0	1.464966e-03	2.322614e-03	0.703353047,0.823563039,0.591835082,0.827780128	0.705035388,0.823035419,0.590704024,0.827849507
p4	1	588	state_predelta-13	13	262144	7164	5.162494e-07	5.960464e-08	-5.61268045e-08,-1.46817367e-08,9.56395425e-08,-9.85416682e-06	-5.61263924e-08,-1.46816328e-08,9.56388533e-08,-9.85409406e-06
p4	1	589	new_state-13	13	262144	2	3.841051e-03	1.768619e-03	3.0004443e-05,-9.41060534e-06,-2.0328258e-05,4.19820281e-05	3.00467e-05,-9.42181759e-06,-2.031437e-05,4.33863424e-05
p4	1	590	attn_output-13	13	2048	0	6.982139e-03	1.192687e-05	-1.16791352e-06,-1.74211254e-05,6.28016505e-06,-1.2482169e-06	-1.18103947e-06,-1.75990735e-05,6.34102344e-06,-1.25525548e-06
p4	1	591	z-13	13	2048	0	6.747071e-03	4.414248e-02	-0.816451132,-0.473782897,-0.490579367,0.178900927	-0.812113643,-0.471180141,-0.492160857,0.181188315
p4	1	592	final_output-13	13	2048	0	1.449287e-02	4.076883e-03	0.000309425581,0.00337769534,-0.00124006963,-0.000125902836	0.000312168762,0.00339879794,-0.00125485484,-0.000128361498
p4	1	593	linear_attn_out-13	13	1024	0	2.500351e-02	6.095180e-04	-0.101133168,-0.00114090554,-0.000927187502,0.00361985527	-0.101239845,-0.00105893798,-0.00101210596,0.0037693684
p4	1	594	attn_residual-13	13	1024	0	7.301198e-03	1.519412e-03	-0.29374221,0.0225032791,0.00520116836,0.0221275669	-0.29515034,0.0224877801,0.00439738529,0.022395201
p4	1	595	attn_post_norm-13	13	1024	0	7.723943e-03	3.100109e-02	-4.00033808,0.463482648,0.0988648534,0.41918546	-4.0186801,0.463067204,0.08356902,0.424167395
p4	1	596	ffn_out-13	13	1024	0	2.554345e-02	2.751403e-03	0.067415677,-0.0108788908,-0.000958580524,0.0224665478	0.0672295541,-0.0111319665,-0.00172642898,0.022361435
p4	1	597	l_out-13	13	1024	0	1.286820e-02	2.798662e-03	-0.226326525,0.0116243884,0.00424258783,0.0445941165	-0.227920786,0.0113558136,0.00267095631,0.044756636
p4	1	598	attn_norm-14	14	1024	0	1.354054e-02	7.186666e-02	-4.37901831,0.253914535,0.0860144868,1.04965615	-4.40700245,0.24788703,0.0541159883,1.05279791
p4	1	599	conv_output_silu-14	14	6144	0	8.077956e-03	2.634126e-02	0.0362493396,0.0528562218,-0.134193033,0.0437499881	0.0486163497,0.0535117239,-0.130686253,0.0486421436
p4	1	600	q_conv_predelta-14	14	2048	0	1.275896e-02	8.351464e-03	0.0080963783,0.011805567,-0.0299723409,0.00977166649	0.0108721619,0.0119669233,-0.0292256046,0.0108779306
p4	1	601	k_conv_predelta-14	14	2048	0	1.075425e-02	1.627119e-02	0.0100039812,0.222604483,-0.00540699717,0.00211524405	0.0100615751,0.222298384,-0.00540052494,0.00211096136
p4	1	602	v_conv_predelta-14	14	2048	0	2.573347e-03	5.146980e-03	0.0026573264,0.0201985091,-0.00405033724,0.0167690217	0.002707551,0.0201854538,-0.00408558547,0.0168738272
p4	1	603	a_softplus-14	14	16	0	8.401224e-03	1.572043e-02	0.668612838,0.152038202,0.819377661,0.00988091808	0.652892411,0.145591855,0.815330744,0.00972710364
p4	1	604	gate-14	14	16	0	9.593647e-03	6.328762e-03	-0.210388348,-0.025408132,-0.544758141,-0.0297303349	-0.205441698,-0.0243308395,-0.542067587,-0.029267529
p4	1	605	beta_sigmoid-14	14	16	0	2.694158e-03	4.844606e-03	0.671366692,0.467843652,0.654538751,0.815959215	0.669947147,0.465928376,0.656104803,0.814686418
p4	1	606	state_predelta-14	14	262144	6427	7.440826e-07	1.490116e-07	5.10589643e-07,-4.48670608e-06,-8.27633144e-08,5.18426191e-09	5.10590723e-07,-4.48670789e-06,-8.27631581e-08,5.18411802e-09
p4	1	607	new_state-14	14	262144	2	1.128249e-02	2.236778e-02	1.8177243e-05,0.0003916313,-9.66797325e-06,3.76012531e-06	1.85753597e-05,0.000397560856,-9.81450739e-06,3.81418135e-06
p4	1	608	attn_output-14	14	2048	0	7.196572e-03	6.257580e-05	3.35705494e-07,2.85505985e-06,-5.18409706e-07,1.48321294e-06	3.45992504e-07,2.86879276e-06,-5.27484929e-07,1.51793529e-06
p4	1	609	z-14	14	2048	0	1.033000e-02	7.294118e-02	-0.365319252,-0.462030739,0.0694033206,0.0376412272	-0.383590698,-0.486602485,0.0888125896,0.0320492983
p4	1	610	final_output-14	14	2048	0	2.073296e-02	1.834953e-02	-5.27398261e-05,-0.000509191537,-1.86878515e-05,2.59836652e-05	-5.6459332e-05,-0.000530745077,-2.45603114e-05,2.25791191e-05
p4	1	611	linear_attn_out-14	14	1024	0	3.842331e-02	4.810987e-03	0.0112612713,-0.00995367579,0.0136400219,0.0111100245	0.00645028427,-0.0093035223,0.0134166051,0.011902282
p4	1	612	attn_residual-14	14	1024	0	1.533678e-02	6.405249e-03	-0.215065256,0.00167071261,0.0178826097,0.0557041392	-0.221470505,0.0020522913,0.0160875618,0.0566589162
p4	1	613	attn_post_norm-14	14	1024	0	1.517379e-02	8.654928e-02	-3.08790231,0.0336428918,0.337905347,1.02146101	-3.17445159,0.0412562825,0.303468704,1.03719914
p4	1	614	ffn_out-14	14	1024	0	3.060856e-02	4.149493e-03	0.203384191,-0.00871150754,-0.00962442439,0.0276728459	0.205729395,-0.00644425722,-0.00903161056,0.0280041415
p4	1	615	l_out-14	14	1024	0	1.906581e-02	4.136279e-03	-0.011681065,-0.00704079494,0.00825818535,0.0833769888	-0.0157411098,-0.00439196592,0.00705595128,0.0846630558
p4	1	616	attn_norm-15	15	1024	0	1.891731e-02	7.365155e-02	-0.164347455,-0.11072097,0.129582271,1.30087245	-0.2212504,-0.0689978078,0.110607535,1.31962526
p4	1	617	attn_pregate-15	15	2048	0	3.328410e-02	1.327868e+00	-0.0885833427,0.101695597,0.0175428726,0.108653322	-0.0841037929,0.089418143,0.00934191793,0.100743756
p4	1	618	attn_gated-15	15	2048	0	2.301071e-02	2.200305e-02	-0.00316519942,0.0073257084,0.000247296237,0.00824784115	-0.00298206392,0.0064305556,0.000127144347,0.00777447643
p4	1	619	attn_output-15	15	1024	0	4.854672e-02	3.606245e-03	-0.148249418,0.000675223768,-0.0228603557,0.0231972486	-0.150514886,0.00113043934,-0.0238706023,0.0224994868
p4	1	620	attn_residual-15	15	1024	0	2.380040e-02	6.325513e-03	-0.159930483,-0.00636557117,-0.0146021703,0.106574237	-0.166255996,-0.00326152658,-0.016814651,0.107162543
p4	1	621	attn_post_norm-15	15	1024	0	2.400894e-02	9.810671e-02	-1.86856985,-0.11760129,-0.257276118,1.74238992	-1.94224524,-0.0602482334,-0.296222895,1.75180113
p4	1	622	ffn_out-15	15	1024	0	3.984353e-02	1.060344e-02	0.126822188,0.0851223767,0.0361182541,0.0330342166	0.131712407,0.0861079469,0.0389173329,0.036934536
p4	1	623	l_out-15	15	1024	0	2.791709e-02	9.476811e-03	-0.033108294,0.0787568092,0.0215160847,0.139608458	-0.0345435888,0.082846418,0.0221026819,0.144097075
p4	1	624	attn_norm-16	16	1024	0	2.845790e-02	1.602982e-01	-0.415762812,1.42245793,0.323692858,2.35303473	-0.433436215,1.49511266,0.332249045,2.42672539
p4	1	625	conv_output_silu-16	16	6144	2	1.411856e-02	1.162033e-01	-0.226872355,0.00492378604,-0.0168743804,-0.250245482	-0.226444989,0.00207342301,-0.0161979608,-0.249467522
p4	1	626	q_conv_predelta-16	16	2048	0	1.982474e-02	1.735667e-02	-0.0215077046,0.000466779398,-0.00159970648,-0.0237234998	-0.0212357882,0.00019444355,-0.00151902868,-0.0233948175
p4	1	627	k_conv_predelta-16	16	2048	0	1.656626e-02	1.270244e-02	0.105642729,-0.0568856373,0.0182325803,-0.0226752833	0.105542481,-0.0569032133,0.0183663666,-0.0232008062
p4	1	628	v_conv_predelta-16	16	2048	1	9.358906e-03	3.014195e-02	-0.200873002,0.012783967,0.549689054,0.00525254244	-0.200772613,0.0127811069,0.551023901,0.00528659998
p4	1	629	a_softplus-16	16	16	0	1.278420e-02	4.006386e-02	0.192185536,1.78237832,1.15002906,1.51872754	0.187652901,1.81606412,1.16356027,1.55180383
p4	1	630	gate-16	16	16	0	1.383536e-02	1.733863e-02	-0.0390448608,-0.722964525,-0.137351394,-0.328447878	-0.0381239988,-0.736628115,-0.138967454,-0.335601121
p4	1	631	beta_sigmoid-16	16	16	0	3.700020e-03	7.189602e-03	0.674779534,0.713853955,0.926736653,0.864367783	0.671956301,0.710631609,0.927212059,0.864671946
p4	1	632	state_predelta-16	16	262144	3054	1.874274e-06	9.119511e-06	-0.000453704619,0.000110791836,3.07260998e-05,-0.000485629367	-0.000453704211,0.000110791865,3.07263072e-05,-0.00048562864
p4	1	633	new_state-16	16	262144	2	1.097609e-02	2.163124e-02	-0.0145352287,0.00769840926,-0.00240373937,0.00255917106	-0.014455949,0.0076651061,-0.00241002906,0.0026143021
p4	1	634	attn_output-16	16	2048	0	1.074694e-02	8.246824e-04	-0.00147024263,9.32388066e-05,0.0041880426,3.72985669e-05	-0.00146659312,9.30243114e-05,0.00419360586,3.74417286e-05
p4	1	635	z-16	16	2048	0	1.940357e-02	1.097424e-01	-0.640003264,-0.517994881,-0.593826771,-0.305016696	-0.637073755,-0.548709512,-0.626440763,-0.316863477
p4	1	636	final_output-16	16	2048	0	1.839584e-02	5.731249e-02	0.11802531,-0.00677573355,-0.371243358,-0.00178161508	0.117349751,-0.00701959571,-0.383728206,-0.00184417947
p4	1	637	linear_attn_out-16	16	1024	0	3.621548e-02	6.767500e-03	0.0593788773,-0.0261118673,-0.148710012,-0.0219630972	0.0526113771,-0.0248718373,-0.147020519,-0.0226875469
p4	1	638	attn_residual-16	16	1024	0	2.879512e-02	1.116813e-02	0.0262705833,0.052644942,-0.127193928,0.117645361	0.0180677883,0.0579745807,-0.124917835,0.121409528
p4	1	639	attn_post_norm-16	16	1024	0	2.906511e-02	1.494961e-01	0.201207533,0.67888844,-1.60549188,1.24068594	0.138805404,0.74990499,-1.58158696,1.28430068
p4	1	640	ffn_out-16	16	1024	0	4.478956e-02	9.295776e-03	-0.128050208,0.00185482204,0.0433999076,-0.0145861134	-0.13639079,0.00433257222,0.0390506014,-0.0156222284
p4	1	641	l_out-16	16	1024	0	3.314573e-02	1.654337e-02	-0.101779625,0.054499764,-0.0837940201,0.103059247	-0.118322998,0.0623071529,-0.0858672336,0.1057873
p4	1	642	attn_norm-17	17	1024	0	3.328931e-02	2.108843e-01	-1.18153346,0.85057348,-1.22254133,1.46385884	-1.37406182,0.972763002,-1.25322747,1.50313389
p4	1	643	conv_output_silu-17	17	6144	1	1.106468e-02	7.875729e-02	-0.250075936,-0.0858383626,-0.278226346,0.0359625071	-0.24627547,-0.0804608837,-0.278326184,0.0378795639
p4	1	644	q_conv_predelta-17	17	2048	0	2.413238e-02	2.378513e-02	-0.0574828647,-0.019730946,-0.0639535636,0.00826640055	-0.0565884449,-0.0184880625,-0.0639529601,0.00870385394
p4	1	645	k_conv_predelta-17	17	2048	0	1.578257e-02	1.385267e-02	0.0139436573,-0.0778619573,-0.0293681473,-0.0351151451	0.0142098712,-0.0776177198,-0.0288421996,-0.0341965072
p4	1	646	v_conv_predelta-17	17	2048	0	9.053730e-03	4.083928e-02	-0.273166299,-0.270327449,0.0567918643,-0.278417379	-0.273177385,-0.271813154,0.0577335246,-0.27845633
p4	1	647	a_softplus-17	17	16	0	7.506723e-03	5.246162e-02	3.72741866,0.191052213,3.67422533,2.03363633	3.67495704,0.186675072,3.66534781,2.02414179
p4	1	648	gate-17	17	16	0	7.730260e-03	1.236373e-02	-0.878449738,-0.0494511016,-0.928989649,-0.708318114	-0.866086006,-0.0483181402,-0.926745057,-0.705011129
p4	1	649	beta_sigmoid-17	17	16	0	3.515720e-03	7.459462e-03	0.835772812,0.686996877,0.975402653,0.752683222	0.83487469,0.687932849,0.975572467,0.745223761
p4	1	650	state_predelta-17	17	262144	3795	1.121067e-06	1.907349e-06	-0.000172685541,0.0010692958,0.000214257772,0.000100771846	-0.000172685744,0.00106929766,0.000214257831,0.000100772246
p4	1	651	new_state-17	17	262144	1	1.196352e-02	4.106903e-02	-0.00324089639,0.0181409232,0.00676389271,0.00802294351	-0.00329907401,0.0180733483,0.00663892413,0.00780692324
p4	1	652	attn_output-17	17	2048	0	9.860948e-03	1.937747e-03	-0.000702351448,-0.000727290753,0.000153941044,-0.0007190631	-0.000688304135,-0.000710685912,0.000151807486,-0.000704176549
p4	1	653	z-17	17	2048	0	2.301392e-02	1.455439e-01	0.372738987,-0.712786436,-0.794414461,-1.48566008	0.367786229,-0.720309556,-0.827187181,-1.44930243
p4	1	654	final_output-17	17	2048	0	3.382363e-02	5.102521e-02	-0.0939011574,0.114300586,-0.0176594593,0.117648512	-0.0914617032,0.113347813,-0.0178916361,0.116843082
p4	1	655	linear_attn_out-17	17	1024	0	5.255698e-02	9.498611e-03	-0.193723574,-0.0412215889,0.0527837947,-0.0548305959	-0.184224963,-0.0400003977,0.0532721505,-0.0533543527
p4	1	656	attn_residual-17	17	1024	0	3.390287e-02	1.455296e-02	-0.295503199,0.0132781751,-0.0310102254,0.0482286513	-0.302547961,0.0223067552,-0.0325950831,0.0524329469
p4	1	657	attn_post_norm-17	17	1024	0	3.448002e-02	1.794610e-01	-2.02790189,0.159800112,-0.360097706,0.49238044	-2.07831883,0.268725157,-0.378879189,0.535837531
p4	1	658	ffn_out-17	17	1024	0	5.258340e-02	1.248842e-02	-0.0309203602,-0.0251450092,0.00149492919,0.0208172537	-0.0345251411,-0.0248298682,0.0018437095,0.0181072541
p4	1	659	l_out-17	17	1024	0	3.808981e-02	1.646401e-02	-0.326423556,-0.011866834,-0.0295152962,0.0690459013	-0.337073088,-0.00252311304,-0.0307513736,0.0705402046
p4	1	660	attn_norm-18	18	1024	0	3.810049e-02	2.277954e-01	-3.54195786,-0.169437066,-0.405575335,0.922599852	-3.66499043,-0.0360991657,-0.423424304,0.94449383
p4	1	661	conv_output_silu-18	18	6144	2	1.331280e-02	8.275253e-02	-0.261836022,-0.059716884,-0.251557797,-0.269120127	-0.261965454,-0.0670863092,-0.250781387,-0.268888265
p4	1	662	q_conv_predelta-18	18	2048	0	2.566227e-02	1.884612e-02	-0.0759143308,-0.0173137635,-0.0729343519,-0.0780262128	-0.0761966407,-0.0195130743,-0.0729435831,-0.0782102495
p4	1	663	k_conv_predelta-18	18	2048	0	2.191212e-02	2.481189e-02	0.0199963413,-0.0446320958,-0.0427802391,-0.00689674215	0.0199407581,-0.0447175354,-0.0429077595,-0.00689753052
p4	1	664	v_conv_predelta-18	18	2048	2	1.013872e-02	6.614840e-02	0.191947535,-0.270627379,-0.0255185571,-0.19449386	0.190958142,-0.270636886,-0.0262302291,-0.19429943
p4	1	665	a_softplus-18	18	16	0	8.526898e-03	5.312252e-02	0.00279940362,5.55898046,0.00905219,3.82046533	0.0027721806,5.59991741,0.00895295106,3.87358785
p4	1	666	gate-18	18	16	0	9.237091e-03	1.429772e-02	-0.001166965,-1.12058651,-0.00269680889,-1.02826428	-0.00115561683,-1.12883866,-0.00266724383,-1.04256201
p4	1	667	beta_sigmoid-18	18	16	0	2.107550e-03	4.361510e-03	0.820128024,0.881893754,0.312327713,0.963789821	0.823718309,0.879991055,0.311546683,0.964164376
p4	1	668	state_predelta-18	18	262144	1730	1.639217e-05	1.587868e-04	-0.0028666039,-0.00549975084,-0.00312245241,9.23981206e-05	-0.00286661275,-0.00549976481,-0.0031224601,9.23983607e-05
p4	1	669	new_state-18	18	262144	0	1.354554e-02	4.626554e-02	-0.000448596431,-0.0108828992,-0.00828475133,-0.000740527874	-0.000464454293,-0.0108728744,-0.00828060228,-0.000737472437
p4	1	670	attn_output-18	18	2048	0	2.038610e-02	1.343630e-03	0.0047715106,-0.00519326329,-0.000609894283,-0.0050920276	0.00479686726,-0.00525543978,-0.000630105846,-0.00513416389
p4	1	671	z-18	18	2048	0	2.501097e-02	2.030890e-01	-2.37172723,-0.0662625432,-1.03026748,-0.442959994	-2.4963901,-0.0307390988,-1.0506916,-0.473680019
p4	1	672	final_output-18	18	2048	0	4.819504e-02	8.043560e-02	-0.0617052652,0.0124329906,0.0112811876,0.0572904646	-0.0575840771,0.00587858399,0.011579481,0.0599533208
p4	1	673	linear_attn_out-18	18	1024	0	5.459195e-02	1.063581e-02	-0.0520831794,0.0797433555,0.112290226,-0.0743008107	-0.0477865934,0.0827672035,0.111564368,-0.0704396963
p4	1	674	attn_residual-18	18	1024	0	4.091794e-02	1.828857e-02	-0.37850672,0.0678765178,0.0827749297,-0.0052549094	-0.384859681,0.0802440941,0.0808129907,0.000100508332
p4	1	675	attn_post_norm-18	18	1024	0	4.159413e-02	1.979445e-01	-2.58941293,0.72176981,0.894822478,-0.0486808158	-2.6393714,0.855386972,0.875769079,0.000933394185
p4	1	676	ffn_out-18	18	1024	0	5.643598e-02	1.267559e-02	-0.571595311,0.0105085876,-0.0962307081,0.03577796	-0.57279253,0.0151364515,-0.0917688608,0.0340866372
p4	1	677	l_out-18	18	1024	0	4.149293e-02	2.003551e-02	-0.950102031,0.0783851072,-0.0134557784,0.0305230506	-0.957652211,0.0953805447,-0.0109558702,0.0341871455
p4	1	678	attn_norm-19	19	1024	0	4.023634e-02	1.577933e-01	-6.51279879,0.597625196,-0.105740093,0.237167791	-6.57702303,0.728583455,-0.0862584934,0.266142815
p4	1	679	attn_pregate-19	19	2048	0	3.128805e-02	1.267152e-01	-0.0171688348,-0.564522624,-0.0434040427,-0.157473952	-0.0360614955,-0.585785627,-0.0426116288,-0.17960915
p4	1	680	attn_gated-19	19	2048	0	2.976580e-02	2.725434e-02	-0.000456974842,-0.0431993492,-0.0013574172,-0.0104929721	-0.000976618612,-0.044294972,-0.00132007094,-0.0120343259
p4	1	681	attn_output-19	19	1024	0	5.733003e-02	9.833673e-03	0.518569589,0.00938898325,0.00104814209,0.0301470533	0.524651766,0.0106445625,0.00310778432,0.0275141671
p4	1	682	attn_residual-19	19	1024	0	4.446604e-02	2.096611e-02	-0.431532443,0.0877740905,-0.0124076363,0.0606701039	-0.433000445,0.106025107,-0.00784808584,0.0617013127
p4	1	683	attn_post_norm-19	19	1024	0	4.517480e-02	2.080454e-01	-2.94130445,0.885536134,-0.114448711,0.465104461	-2.95726728,1.07182622,-0.0725372881,0.473964602
p4	1	684	ffn_out-19	19	1024	0	6.492742e-02	1.492320e-02	-0.166125357,-0.0434850343,-0.12234737,0.104365967	-0.174022943,-0.0497248173,-0.122492597,0.103612185
p4	1	685	l_out-19	19	1024	0	4.818155e-02	2.589639e-02	-0.5976578,0.0442890562,-0.134755,0.165036067	-0.607023358,0.0563002899,-0.13034068,0.165313497
p4	1	686	attn_norm-20	20	1024	0	4.788453e-02	2.761281e-01	-4.77548075,0.497129709,-1.40961051,1.54590285	-4.86381865,0.633711159,-1.36723018,1.5528127
p4	1	687	conv_output_silu-20	20	6144	0	2.852060e-02	1.210263e-01	-0.0353061147,-0.114729524,-0.233037218,-0.0257545747	-0.0330274366,-0.112307914,-0.230649307,-0.0366151519
p4	1	688	q_conv_predelta-20	20	2048	0	3.360250e-02	2.773890e-02	-0.0134400828,-0.0436744243,-0.0887109563,-0.00980407	-0.0125295492,-0.0426060185,-0.0875009447,-0.0138906129
p4	1	689	k_conv_predelta-20	20	2048	0	3.052711e-02	2.299038e-02	-0.00649574678,-0.0256030541,-0.0280315317,-0.0222887844	-0.00728570903,-0.0251778625,-0.0266491119,-0.0214691609
p4	1	690	v_conv_predelta-20	20	2048	0	2.180311e-02	7.235014e-02	-0.0324604586,-0.0243834071,0.0106973443,-0.0982159376	-0.0303583052,-0.0248678494,0.0109606413,-0.0988016874
p4	1	691	a_softplus-20	20	16	0	1.473236e-02	6.167912e-02	0.168683365,2.38533854,0.0500976145,3.31928158	0.159630507,2.38538885,0.0478284881,3.2809639
p4	1	692	gate-20	20	16	0	1.645681e-02	2.844524e-02	-0.0376383476,-0.414509684,-0.00912345294,-0.95099014	-0.0356183834,-0.414518416,-0.00871021487,-0.940011919
p4	1	693	beta_sigmoid-20	20	16	0	4.046068e-03	8.957088e-03	0.987541139,0.996859312,0.952535093,0.961070001	0.987682283,0.99685055,0.954464793,0.961652696
p4	1	694	state_predelta-20	20	262144	1	1.584603e-02	5.651015e-02	2.03583859e-05,-9.22874679e-05,0.000391181733,-0.000443777128	2.29414964e-05,-0.000100973353,0.000410622568,-0.000462881406
p4	1	695	new_state-20	20	262144	2	2.176232e-02	6.270999e-02	0.000277495943,0.000927595829,0.00148962007,0.000457509072	0.000299055915,0.000859526801,0.00140914088,0.000369321147
p4	1	696	attn_output-20	20	2048	0	2.319648e-02	3.406599e-03	-0.0014714353,-0.00105699676,0.000535517465,-0.0046233763	-0.00139490538,-0.00110414671,0.000554120343,-0.00472041592
p4	1	697	z-20	20	2048	0	3.237792e-02	2.190084e-01	-0.66277498,0.393157482,0.83030206,-0.364499301	-0.63928932,0.376746058,0.790884316,-0.356628746
p4	1	698	final_output-20	20	2048	0	5.581655e-02	9.013510e-02	0.0424100347,-0.0335651152,0.0382790864,0.079525739	0.0387778021,-0.0328634605,0.0367008522,0.078584753
p4	1	699	linear_attn_out-20	20	1024	0	6.883309e-02	1.599057e-02	-0.042904146,-0.0564147346,0.0569685102,-0.0294200405	-0.0277707726,-0.0540577173,0.0584643409,-0.0415389538
p4	1	700	attn_residual-20	20	1024	0	5.136087e-02	2.633612e-02	-0.640561938,-0.0121256784,-0.0777864903,0.135616034	-0.634794116,0.00224257261,-0.0718763396,0.123774543
p4	1	701	attn_post_norm-20	20	1024	0	5.204723e-02	2.347574e-01	-3.38723564,-0.112358987,-0.729434788,0.991074562	-3.36621904,0.0208388381,-0.675917149,0.907092929
p4	1	702	ffn_out-20	20	1024	0	7.723837e-02	1.870473e-02	0.389315665,0.0325814486,-0.0654742271,0.0164420102	0.370716304,0.0307202488,-0.0748793483,0.0179427508
p4	1	703	l_out-20	20	1024	0	5.879818e-02	3.964284e-02	-0.251246274,0.0204557702,-0.143260717,0.15205805	-0.264077812,0.0329628214,-0.146755695,0.1417173
p4	1	704	attn_norm-21	21	1024	0	5.837745e-02	3.902738e-01	-1.73002958,0.21626094,-1.38171315,1.36432493	-1.816715,0.348167032,-1.41412151,1.27037597
p4	1	705	conv_output_silu-21	21	6144	0	2.834182e-02	2.094831e-01	-0.268097788,0.533432305,-0.244088665,-0.278121859	-0.266151667,0.588093936,-0.243804082,-0.278355956
p4	1	706	q_conv_predelta-21	21	2048	0	4.108811e-02	4.377709e-02	-0.0762943104,0.151802257,-0.0694618747,-0.0791469216	-0.0746729523,0.164998814,-0.0684029907,-0.0780970529
p4	1	707	k_conv_predelta-21	21	2048	0	3.504965e-02	2.741452e-02	0.0177563839,0.0144747002,0.0667189658,-0.0247696023	0.0157566871,0.0163456146,0.067649819,-0.0239962991
p4	1	708	v_conv_predelta-21	21	2048	0	2.986659e-02	1.108879e-01	0.0260161925,-0.0738826543,0.027799597,-0.0155444993	0.0261479244,-0.0722180009,0.0222069267,-0.017885739
p4	1	709	a_softplus-21	21	16	0	1.376909e-02	1.170115e-01	2.16365457,6.00799322,0.177830949,3.20149255	2.04664302,5.94017887,0.166998357,3.20855927
p4	1	710	gate-21	21	16	0	1.527418e-02	3.458858e-02	-0.639575064,-1.55508208,-0.0664505735,-1.51819694	-0.604986489,-1.53752935,-0.0624027252,-1.52154803
p4	1	711	beta_sigmoid-21	21	16	0	3.424613e-03	6.087005e-03	0.952838719,0.957006097,0.882086933,0.989039063	0.949468374,0.959743798,0.875999928,0.988750994
p4	1	712	state_predelta-21	21	262144	0	2.618695e-02	2.264589e-02	0.00117235072,-0.00104050036,0.00158851792,0.000219874637	0.00121179153,-0.00105793984,0.00165335066,0.000232927938
p4	1	713	new_state-21	21	262144	0	3.555354e-02	7.080078e-02	0.00117180427,-9.77834861e-05,0.00291723665,-0.000655946205	0.00116342958,-5.72779099e-05,0.00305683236,-0.000636843557
p4	1	714	attn_output-21	21	2048	0	2.844894e-02	2.518460e-03	0.00015308916,-0.000449430227,0.00027619701,-0.000104374674	0.0001497708,-0.000429304899,0.000251991325,-0.000117815114
p4	1	715	z-21	21	2048	0	4.623036e-02	2.413195e-01	0.770283341,0.941594183,-0.15684396,-1.23384786	0.924837589,0.836025178,-0.187284708,-1.14988375
p4	1	716	final_output-21	21	2048	0	7.810302e-02	1.621557e-01	0.0568104945,-0.177138224,-0.0126961097,0.0229484867	0.0698088408,-0.145498037,-0.0135875121,0.0257139262
p4	1	717	linear_attn_out-21	21	1024	0	9.164407e-02	2.297458e-02	0.101661116,0.0313037485,0.00178652257,-0.0467889458	0.0907443315,0.0300759301,-0.000541619956,-0.0338151008
p4	1	718	attn_residual-21	21	1024	0	6.572906e-02	3.802529e-02	-0.149585158,0.0517595187,-0.141474187,0.105269104	-0.173333481,0.0630387515,-0.147297323,0.107902199
p4	1	719	attn_post_norm-21	21	1024	0	6.580510e-02	3.085654e-01	-0.721248865,0.431406289,-1.16360581,0.692196131	-0.833438277,0.523960114,-1.20814157,0.707543075
p4	1	720	ffn_out-21	21	1024	0	8.595857e-02	2.770475e-02	0.0612355731,0.0345058106,0.0574016646,0.141551822	0.0537582561,0.034253899,0.0471911505,0.14620918
p4	1	721	l_out-21	21	1024	0	7.164038e-02	4.100774e-02	-0.0883495808,0.0862653255,-0.0840725228,0.246820927	-0.119575225,0.0972926468,-0.100106172,0.254111379
p4	1	722	attn_norm-22	22	1024	0	7.089640e-02	3.316758e-01	-0.522104979,0.731367588,-0.655823648,1.92284	-0.705436766,0.823460937,-0.779574037,1.97628152
p4	1	723	conv_output_silu-22	22	6144	0	3.898997e-02	1.378350e-01	-0.0697763413,-0.182375982,0.090371266,0.0568780117	-0.0685381815,-0.181905225,0.0928021073,0.0597644635
p4	1	724	q_conv_predelta-22	22	2048	0	4.521670e-02	3.677408e-02	-0.0251392592,-0.0657070428,0.0325592682,0.0204922054	-0.0246578529,-0.0654436946,0.03338724,0.0215013474
p4	1	725	k_conv_predelta-22	22	2048	0	4.921026e-02	7.618561e-02	0.0146780629,-0.0069857589,0.156838909,0.0403231159	0.0204718914,-0.00613998622,0.158332109,0.0388694257
p4	1	726	v_conv_predelta-22	22	2048	0	2.980600e-02	5.156259e-02	0.0236222558,0.00334634585,0.00936577655,-0.00642362377	0.0245170742,0.00218096026,0.0082954159,-0.00861502159
p4	1	727	a_softplus-22	22	16	0	1.101058e-02	6.366301e-02	1.3665359,3.1935463,3.61657214,0.449688822	1.30362797,3.16567898,3.61607385,0.452950269
p4	1	728	gate-22	22	16	0	7.514200e-03	2.166021e-02	-0.252783746,-0.723797917,-2.37180591,-0.0844940245	-0.241146937,-0.717481971,-2.37147903,-0.0851068348
p4	1	729	beta_sigmoid-22	22	16	0	1.234383e-02	3.158379e-02	0.675603092,0.93033576,0.954292953,0.591947138	0.67845118,0.922522306,0.952016234,0.560363352
p4	1	730	state_predelta-22	22	262144	0	3.455858e-02	5.105624e-02	1.96618585e-05,1.21223929e-05,0.000348836795,-0.00128051371	3.09321076e-05,1.33199055e-05,0.00036198771,-0.00132798369
p4	1	731	new_state-22	22	262144	0	4.149957e-02	4.787821e-02	0.000262434536,-0.000108218759,0.00291193509,-0.000315490412	0.000383665669,-9.73148926e-05,0.00306376908,-0.000361121667
p4	1	732	attn_output-22	22	2048	0	2.682815e-02	6.821300e-04	8.24500676e-05,-8.54206064e-06,5.923969e-05,-0.000140494827	9.95718437e-05,-8.25487041e-06,5.60908447e-05,-0.000142063829
p4	1	733	z-22	22	2048	0	4.454175e-02	2.845827e-01	0.757918656,1.26367211,-4.73082829,-0.0292114392	0.739821732,1.21099198,-4.78582239,-0.0038138777
p4	1	734	final_output-22	22	2048	0	8.153169e-02	1.520869e-01	0.0484962426,-0.00866942108,-0.00262853294,0.00195450429	0.0567575283,-0.00792296324,-0.00238078623,0.000260989444
p4	1	735	linear_attn_out-22	22	1024	0	9.600164e-02	2.502434e-02	0.154114962,-0.00797390286,-0.0347981006,-0.163582146	0.155162394,-0.011365857,-0.0446387827,-0.173559263
p4	1	736	attn_residual-22	22	1024	0	7.224372e-02	4.547095e-02	0.0657653809,0.0782914236,-0.118870623,0.0832387805	0.0355871692,0.0859267861,-0.144744962,0.080552116
p4	1	737	attn_post_norm-22	22	1024	0	7.231936e-02	3.234774e-01	0.318150192,0.546447217,-0.814900994,0.469159693	0.171338916,0.596884489,-0.987555385,0.45185557
p4	1	738	ffn_out-22	22	1024	0	8.119014e-02	2.466399e-02	-0.773885369,-0.0230498072,-0.0728940591,0.182099581	-0.753383577,-0.0273960978,-0.0813740492,0.184358492
p4	1	739	l_out-22	22	1024	0	7.253628e-02	6.182009e-02	-0.708119988,0.0552416146,-0.191764683,0.265338361	-0.717796385,0.0585306883,-0.226119012,0.264910609
p4	1	740	attn_norm-23	23	1024	0	7.139768e-02	3.124248e-01	-3.16146874,0.315798074,-1.13279724,1.27943146	-3.19801307,0.333905548,-1.3329612,1.27471542
p4	1	741	attn_pregate-23	23	2048	0	2.287255e-02	7.911301e-01	-6.31631756,-0.0749161392,-0.405030072,0.0232571885	-6.24291706,-0.0160057545,-0.43217954,-0.0242221951
p4	1	742	attn_gated-23	23	2048	0	4.553444e-02	1.485946e-01	-0.379436702,-0.0140625313,-0.0674690828,0.00560778426	-0.390312403,-0.00302908127,-0.0699894875,-0.00615589414
p4	1	743	attn_output-23	23	1024	0	5.974142e-02	3.680933e-02	0.572911024,-0.0929155201,-0.0119276941,0.107175887	0.59077239,-0.0940123424,-0.00813950598,0.111331224
p4	1	744	attn_residual-23	23	1024	0	7.931264e-02	5.834327e-02	-0.135208964,-0.0376739055,-0.203692377,0.372514248	-0.127023995,-0.0354816541,-0.234258518,0.376241833
p4	1	745	attn_post_norm-23	23	1024	0	7.901576e-02	3.270454e-01	-0.625665605,-0.210736528,-1.04827797,1.79333711	-0.586542964,-0.198052496,-1.20302415,1.80743802
p4	1	746	ffn_out-23	23	1024	0	9.974182e-02	1.184148e-01	-0.207013339,-0.0272767916,-0.115659617,-0.0819570795	-0.325428158,-0.00909137726,-0.110656783,-0.0382695831
p4	1	747	l_out-23	23	1024	0	8.568230e-02	1.102298e-01	-0.342222303,-0.0649506971,-0.319352001,0.290557176	-0.452452153,-0.0445730314,-0.344915301,0.337972254
p4	1	748	result_norm	-1	1024	0	8.443588e-02	1.350817e+00	-0.287202179,-0.918035805,-4.38217926,4.44907284	-0.378632963,-0.628223658,-4.71953535,5.16042233
p4	1	749	result_output	-1	248320	0	7.035929e-02	1.080529e+00	4.88982105,5.59596395,7.5546093,2.06305313	5.08707333,5.8498168,7.78921604,2.21246338
p4	2	750	model.input_embed	-1	1024	1024	0.000000e+00	0.000000e+00	0.0146448612,-0.0175738335,-0.0312423706,0.024408102	0.0146448612,-0.0175738335,-0.0312423706,0.024408102
p4	2	751	attn_norm-0	0	1024	1024	0.000000e+00	0.000000e+00	1.29330158,-1.00483465,-2.1177814,1.88185501	1.29330158,-1.00483465,-2.1177814,1.88185501
p4	2	752	conv_output_silu-0	0	6144	6144	0.000000e+00	0.000000e+00	-0.00736192241,0.000527896977,-0.00319354748,-0.277904302	-0.00736192241,0.000527896977,-0.00319354748,-0.277904302
p4	2	753	q_conv_predelta-0	0	2048	2048	0.000000e+00	0.000000e+00	-0.00870267767,0.000624037697,-0.00377515727,-0.328516334	-0.00870267767,0.000624037697,-0.00377515727,-0.328516334
p4	2	754	k_conv_predelta-0	0	2048	2048	0.000000e+00	0.000000e+00	-0.0242358707,-0.0255167447,-0.0529923737,0.00397556415	-0.0242358707,-0.0255167447,-0.0529923737,0.00397556415
p4	2	755	v_conv_predelta-0	0	2048	2048	0.000000e+00	0.000000e+00	-0.0266879387,0.00295418175,0.00922870077,-0.00507568289	-0.0266879387,0.00295418175,0.00922870077,-0.00507568289
p4	2	756	a_softplus-0	0	16	16	0.000000e+00	0.000000e+00	5.45917463,5.97220715e-05,4.10071552e-05,5.77334023	5.45917463,5.97220715e-05,4.10071552e-05,5.77334023
p4	2	757	gate-0	0	16	16	0.000000e+00	0.000000e+00	-7.06469679,-7.83383075e-06,-4.89760623e-06,-3.27672529	-7.06469679,-7.83383075e-06,-4.89760623e-06,-3.27672529
p4	2	758	beta_sigmoid-0	0	16	16	0.000000e+00	0.000000e+00	0.419071883,0.505235493,0.658482194,0.997189343	0.419071883,0.505235493,0.658482194,0.997189343
p4	2	759	state_predelta-0	0	262144	234727	2.772809e-08	1.490116e-08	-0.000227077442,-0.000718736555,0.000473905733,1.55089856e-05	-0.000227077442,-0.000718736555,0.000473905733,1.55089856e-05
p4	2	760	new_state-0	0	262144	216993	3.196267e-08	2.980232e-08	0.000270864082,0.000284769339,0.000593080942,-4.44501384e-05	0.000270864082,0.000284769339,0.000593080942,-4.44501384e-05
p4	2	761	attn_output-0	0	2048	521	1.281605e-07	3.725290e-09	-1.09099019e-05,1.25032614e-06,3.77172864e-06,-2.25226472e-06	-1.09098992e-05,1.25032636e-06,3.77173092e-06,-2.25226472e-06
p4	2	762	z-0	0	2048	2048	0.000000e+00	0.000000e+00	-0.211147919,1.16224277,0.118394732,-1.16109598	-0.211147919,1.16224277,0.118394732,-1.16109598
p4	2	763	final_output-0	0	2048	520	1.690446e-07	4.768372e-07	0.000992439804,0.00109589868,0.000219341367,0.000576294144	0.000992439571,0.00109589892,0.000219341528,0.000576294144
p4	2	764	linear_attn_out-0	0	1024	40	9.141616e-07	1.043081e-07	-0.569723129,0.0173203051,-0.0036073029,-0.0111208521	-0.569723189,0.0173203424,-0.00360734761,-0.0111207962
p4	2	765	attn_residual-0	0	1024	46	9.176907e-07	1.043081e-07	-0.555078268,-0.000253528357,-0.0348496735,0.01328725	-0.555078328,-0.000253491104,-0.0348497182,0.0132873058
p4	2	766	attn_post_norm-0	0	1024	49	1.076456e-06	3.337860e-06	-10.3263655,-0.00865169428,-1.22373569,0.457186103	-10.3263655,-0.00865042303,-1.22373736,0.45718801
p4	2	767	ffn_out-0	0	1024	0	6.444687e-04	5.567633e-05	0.11410664,0.00147140212,0.0517498851,0.0101103634	0.114109159,0.00149021391,0.051741235,0.0101188533
p4	2	768	l_out-0	0	1024	1	3.955004e-04	5.568750e-05	-0.440971613,0.00121787377,0.0169002116,0.0233976133	-0.440969169,0.0012367228,0.0168915167,0.0234061591
p4	2	769	attn_norm-1	1	1024	0	4.194705e-04	2.156436e-03	-14.0991964,0.0504563041,0.669730663,0.994151056	-14.0992041,0.051237531,0.669390202,0.994520247
p4	2	770	conv_output_silu-1	1	6144	1	1.199367e-03	2.459593e-03	0.000754745561,0.0112860193,-0.0767942518,-0.256346166	0.000774916785,0.0112743331,-0.0769418925,-0.256479204
p4	2	771	q_conv_predelta-1	1	2048	0	1.891351e-03	2.580218e-03	0.000825167459,0.0123390667,-0.0839595795,-0.280264676	0.000847880496,0.0123358881,-0.0841865018,-0.280628473
p4	2	772	k_conv_predelta-1	1	2048	1	9.954693e-04	8.401871e-04	-0.151810557,0.267190456,0.0324466638,-0.0100454073	-0.151808366,0.267193824,0.0324433893,-0.0100391312
p4	2	773	v_conv_predelta-1	1	2048	0	4.819210e-04	7.643700e-04	0.0826812461,-0.199749693,0.00618921407,-0.000436914619	0.082637541,-0.19973366,0.00619130302,-0.000437534181
p4	2	774	a_softplus-1	1	16	0	2.328142e-03	3.408551e-03	0.031938158,0.547971189,0.964391351,1.52653933	0.0321124904,0.549903274,0.967629492,1.52782965
p4	2	775	gate-1	1	16	0	3.357862e-03	3.708959e-03	-0.00572619587,-0.591053367,-1.10460091,-0.461945117	-0.00575745199,-0.593137383,-1.10830986,-0.462335587
p4	2	776	beta_sigmoid-1	1	16	0	4.093507e-04	7.878244e-04	0.955069661,0.653619409,0.303909153,0.687873721	0.954995394,0.653275728,0.303723752,0.687892973
p4	2	777	state_predelta-1	1	262144	9092	3.406735e-07	2.980232e-07	-0.00371669489,0.0592798479,0.00459275721,0.0010585055	-0.00371671002,0.0592798665,0.00459276419,0.00105850748
p4	2	778	new_state-1	1	262144	14	7.972462e-04	9.196550e-04	-0.00684722699,0.0644885376,0.0052401619,0.000843907939	-0.00684225094,0.0644782782,0.00523892557,0.000844326743
p4	2	779	attn_output-1	1	2048	0	8.560889e-04	1.309952e-05	0.00162343599,-0.000979073346,0.0002306237,2.49180921e-05	0.00162514905,-0.00097855425,0.000230979917,2.49631357e-05
p4	2	780	z-1	1	2048	0	1.641009e-03	8.608580e-03	-4.57112598,-5.79239702,-0.153953493,-0.344445765	-4.5719347,-5.79108238,-0.158396482,-0.347458959
p4	2	781	final_output-1	1	2048	0	1.808290e-03	1.702204e-03	-0.0608462691,0.0137800993,-0.0143499868,-0.00343575026	-0.0608625785,0.0137854768,-0.0147491489,-0.00346538424
p4	2	782	linear_attn_out-1	1	1024	1	9.071215e-03	5.343407e-04	-0.282230616,-0.00302366912,0.0237395167,0.0154010206	-0.282207012,-0.00340555608,0.0241856351,0.0154202357
p4	2	783	attn_residual-1	1	1024	0	3.994623e-03	5.256720e-04	-0.723202229,-0.00180579536,0.0406397283,0.038798634	-0.723176181,-0.00216883328,0.0410771519,0.0388263948
p4	2	784	attn_post_norm-1	1	1024	0	4.564594e-03	1.439956e-02	-11.8394833,-0.0465689227,1.05877221,1.0671525	-11.8420877,-0.0559454784,1.07044232,1.0681895
p4	2	785	ffn_out-1	1	1024	0	2.545867e-02	5.608350e-03	0.126982659,0.0017410703,0.0259835739,0.0225349143	0.132591009,0.00228230469,0.0261528939,0.021667175
p4	2	786	l_out-1	1	1024	0	1.403881e-02	5.634367e-03	-0.59621954,-6.47250563e-05,0.0666233003,0.0613335483	-0.590585172,0.000113471411,0.0672300458,0.0604935698
p4	2	787	attn_norm-2	2	1024	0	1.432454e-02	1.139259e-01	-16.2136707,-0.00215617334,2.14297557,2.06925368	-16.0997448,0.0037893001,2.16778278,2.04590845
p4	2	788	conv_output_silu-2	2	6144	0	1.158226e-02	2.969531e-02	0.0290282983,-0.0435350984,-0.0272603706,-0.0034311472	0.02959981,-0.0442727767,-0.025561966,-0.00333094108
p4	2	789	q_conv_predelta-2	2	2048	0	1.835739e-02	2.581768e-02	0.0192410462,-0.0288566984,-0.0180691984,-0.00227429322	0.0194900837,-0.0291515421,-0.0168313533,-0.00219326816
p4	2	790	k_conv_predelta-2	2	2048	0	1.193068e-02	9.795904e-03	0.0112831658,-0.077574335,-0.0100146458,-0.175012082	0.0139829572,-0.0773584247,-0.00997900683,-0.171924457
p4	2	791	v_conv_predelta-2	2	2048	0	4.639727e-03	5.052254e-03	0.0111495405,-0.0217262246,-0.00473933388,-0.0457938723	0.0112903267,-0.0215171985,-0.00461387448,-0.0459810756
p4	2	792	a_softplus-2	2	16	0	1.806152e-02	2.005565e-02	0.324832141,0.0373852327,0.0678739175,0.265272915	0.330570489,0.03901181,0.069368057,0.27265352
p4	2	793	gate-2	2	16	0	1.873018e-02	8.659601e-03	-0.291604489,-0.0105449893,-0.0202208515,-0.173291981	-0.29675585,-0.0110037858,-0.0206659827,-0.178113431
p4	2	794	beta_sigmoid-2	2	16	0	3.144470e-03	4.784405e-03	0.262896419,0.675542355,0.908065856,0.396714151	0.261701882,0.679348767,0.9082793,0.396363914
p4	2	795	state_predelta-2	2	262144	12716	4.043612e-07	7.152557e-07	-0.00100830896,4.57183851e-05,0.000460988813,0.00256952038	-0.00100830907,4.57182978e-05,0.000460988813,0.00256951968
p4	2	796	new_state-2	2	262144	2	4.456872e-03	4.093315e-03	-0.000723901379,-0.000167770035,0.000318320177,0.0014640427	-0.000712577486,-0.000169740961,0.000316339341,0.0014569771
p4	2	797	attn_output-2	2	2048	0	2.373514e-03	1.019016e-04	4.17143809e-07,-5.80546021e-06,1.33832009e-06,1.67552807e-05	5.27551776e-07,-6.06499543e-06,1.23703546e-06,1.60608652e-05
p4	2	798	z-2	2	2048	0	1.273977e-02	1.199037e-01	-0.129029632,-0.221824884,0.000503242016,0.0698781013	-0.126941562,-0.220937729,0.00799065828,0.0930166841
p4	2	799	final_output-2	2	2048	0	1.344335e-02	1.173979e-02	-2.57307856e-05,0.000380302867,3.07843663e-07,0.000591723016	-3.20503605e-05,0.000395913958,4.53507391e-06,0.000763447548
p4	2	800	linear_attn_out-2	2	1024	0	3.653017e-02	5.866855e-03	-0.287902385,-0.00235810876,-0.0107225571,0.0102320518	-0.29376924,-0.00308118761,-0.0102503942,0.0105530219
p4	2	801	attn_residual-2	2	1024	0	1.785979e-02	3.598075e-03	-0.884121895,-0.00242283382,0.0559007451,0.0715655982	-0.884354413,-0.00296771619,0.0569796525,0.0710465908
p4	2	802	attn_post_norm-2	2	1024	0	2.025499e-02	8.012784e-02	-12.3125095,-0.0529914983,1.24111044,1.58392501	-12.3098593,-0.0648779646,1.26445949,1.57168639
p4	2	803	ffn_out-2	2	1024	0	3.570093e-02	4.997484e-03	0.53694129,0.000252663158,0.00051677553,-0.0237415731	0.534755766,-0.000221025199,0.00025414722,-0.0273154266
p4	2	804	l_out-2	2	1024	0	2.715082e-02	4.917920e-03	-0.347180605,-0.00217017066,0.0564175211,0.0478240252	-0.349598646,-0.00318874139,0.0572337992,0.0437311642
p4	2	805	attn_norm-3	3	1024	0	2.673974e-02	1.298602e-01	-9.03249264,-0.0674026608,1.58385587,1.41590667	-9.11936188,-0.099299036,1.61100471,1.29814172
p4	2	806	attn_pregate-3	3	2048	0	2.085943e-02	5.464636e-02	0.249600902,-0.0437856503,0.374916703,0.137522116	0.247276932,-0.0518140644,0.369638085,0.140796736
p4	2	807	attn_gated-3	3	2048	0	2.752780e-02	2.779880e-02	0.0203364212,-0.00325910677,0.0417813547,0.0132462336	0.0202049669,-0.00384504045,0.0419607684,0.0128964856
p4	2	808	attn_output-3	3	1024	0	5.193446e-02	5.463962e-03	-0.308658093,0.0152899213,-0.0117371427,0.00418997975	-0.312764406,0.0178400893,-0.0117185544,0.0045747254
p4	2	809	attn_residual-3	3	1024	0	3.326280e-02	7.555386e-03	-0.655838728,0.0131197507,0.0446803793,0.0520140044	-0.662363052,0.0146513479,0.0455152467,0.0483058915
p4	2	810	attn_post_norm-3	3	1024	0	3.693729e-02	1.824923e-01	-9.78358555,0.293097943,1.02817082,1.2073133	-9.87652874,0.327168941,1.0469178,1.12074566
p4	2	811	ffn_out-3	3	1024	0	6.701306e-02	6.259907e-03	-0.0230578482,0.00889368728,0.014295429,-0.0158676431	-0.0233669728,0.00987137109,0.0158138722,-0.0122138411
p4	2	812	l_out-3	3	1024	0	3.964891e-02	6.833494e-03	-0.678896546,0.022013437,0.0589758083,0.0361463614	-0.68573004,0.024522718,0.0613291189,0.0360920504
p4	2	813	attn_norm-4	4	1024	0	4.171198e-02	1.836392e-01	-15.7536421,0.673735142,1.68223441,1.13414824	-15.8804598,0.749035656,1.74586976,1.13018453
p4	2	814	conv_output_silu-4	4	6144	1	1.130658e-02	5.347145e-02	0.179566458,0.00419321889,-0.0165612213,0.00295572635	0.168948874,0.00343591697,-0.0192858763,0.00483290758
p4	2	815	q_conv_predelta-4	4	2048	0	3.171098e-02	3.222409e-02	0.144490153,0.00337412022,-0.0133261709,0.00237835804	0.135395661,0.0027535446,-0.015455706,0.00387309305
p4	2	816	k_conv_predelta-4	4	2048	0	1.704356e-02	1.782694e-02	-0.0122678922,-0.00481785554,0.0704249442,-0.00733254384	-0.012193636,-0.00548927905,0.0702684522,-0.00780070899
p4	2	817	v_conv_predelta-4	4	2048	1	3.771434e-03	3.525829e-02	0.128320903,0.00748387305,0.00135920197,0.0158732925	0.128685638,0.00748194428,0.00148201233,0.0158870183
p4	2	818	a_softplus-4	4	16	0	2.930488e-02	7.435942e-02	0.442889154,1.61719203,0.0485270284,1.57385647	0.471102148,1.69155145,0.0482260436,1.59781671
p4	2	819	gate-4	4	16	0	2.955949e-02	7.224774e-02	-0.184623659,-1.57126772,-0.015269706,-0.826130688	-0.196384594,-1.64351547,-0.015174997,-0.838707626
p4	2	820	beta_sigmoid-4	4	16	0	4.816649e-03	7.244051e-03	0.734472513,0.903905451,0.654153109,0.748869002	0.734149456,0.898554444,0.646909058,0.750348091
p4	2	821	state_predelta-4	4	262144	18546	1.687295e-07	1.907349e-06	-0.000104293904,0.00693754852,-0.00506160082,0.00145295623	-0.000104292878,0.00693754619,-0.00506160175,0.00145295751
p4	2	822	new_state-4	4	262144	0	2.645952e-03	2.394295e-02	-0.00148247345,0.00521985255,0.00380419428,0.00037376309	-0.0014730515,0.00507600186,0.00383582944,0.000306348957
p4	2	823	attn_output-4	4	2048	0	2.678267e-02	5.954340e-03	0.00016805678,2.43578997e-05,-1.47841865e-05,4.34904214e-05	0.000153992805,2.29015441e-05,-1.40208713e-05,4.07675616e-05
p4	2	824	z-4	4	2048	0	2.443488e-02	1.752574e-01	-0.492414534,0.692986608,-0.343007445,-0.0730923265	-0.376816034,0.667823434,-0.329663515,-0.0807632953
p4	2	825	final_output-4	4	2048	0	5.306633e-02	3.732780e-02	-0.0272556655,0.0117509328,0.00174553203,-0.00143656542	-0.0205341596,0.0105746621,0.00160605053,-0.00148444856
p4	2	826	linear_attn_out-4	4	1024	0	7.178085e-02	1.384702e-02	-0.127001241,-0.00847594813,0.00245629367,0.0223390609	-0.113154225,-0.00965978578,0.00211982708,0.0229893178
p4	2	827	attn_residual-4	4	1024	0	3.939908e-02	7.013500e-03	-0.805897772,0.0135374889,0.0614321008,0.0584854223	-0.798884273,0.0148629323,0.0634489432,0.0590813681
p4	2	828	attn_post_norm-4	4	1024	0	4.548574e-02	1.585205e-01	-12.0453644,0.295687616,1.31962943,1.32284319	-11.9813099,0.325746626,1.36760736,1.34088552
p4	2	829	ffn_out-4	4	1024	0	7.472057e-02	6.691322e-03	-0.0101391897,-0.0220173504,-0.00978918746,-0.0296616852	-0.0146781169,-0.022258671,-0.0085160248,-0.0298164859
p4	2	830	l_out-4	4	1024	0	3.895400e-02	7.847555e-03	-0.81603694,-0.00847986154,0.0516429134,0.0288237371	-0.813562393,-0.00739573874,0.0549329184,0.0292648822
p4	2	831	attn_norm-5	5	1024	0	4.241283e-02	2.383802e-01	-17.9184494,-0.250756741,1.42030537,0.892089009	-17.899292,-0.219128951,1.51376343,0.907525897
p4	2	832	conv_output_silu-5	5	6144	0	1.660468e-02	3.036952e-02	0.119516663,-0.0180646125,0.0220067538,-0.163793743	0.126000255,-0.0232030898,0.0232001524,-0.167845234
p4	2	833	q_conv_predelta-5	5	2048	0	3.132333e-02	2.357841e-02	0.0768497884,-0.0116156321,0.0141504481,-0.105320156	0.0804711655,-0.0148188565,0.0148169808,-0.107195832
p4	2	834	k_conv_predelta-5	5	2048	0	1.840468e-02	1.530115e-02	-0.0113886008,-0.00239177304,-0.275179833,0.0471387431	-0.0113758463,-0.00234007835,-0.275683403,0.0473604277
p4	2	835	v_conv_predelta-5	5	2048	0	5.045095e-03	1.041302e-02	-0.0517397262,-0.0158953108,0.0228105877,0.00105127099	-0.0517378524,-0.0158333387,0.0229533836,0.00104970089
p4	2	836	a_softplus-5	5	16	0	1.821352e-02	1.247594e-02	0.150004312,0.0464086607,0.103089914,0.0111760097	0.145006105,0.0438851938,0.103184968,0.0106659112
p4	2	837	gate-5	5	16	0	2.584996e-02	1.154399e-02	-0.114563912,-0.00563000934,-0.0262696445,-0.004677088	-0.110746592,-0.00532387802,-0.0262938663,-0.00446361536
p4	2	838	beta_sigmoid-5	5	16	0	5.545952e-03	1.122373e-02	0.975458562,0.67536658,0.886795163,0.677951396	0.975631773,0.669852853,0.886301398,0.670609117
p4	2	839	state_predelta-5	5	262144	19915	1.972715e-07	4.768372e-07	-1.49473738e-06,2.77657127e-05,-0.000689413107,8.43098678e-05	-1.49473829e-06,2.77656054e-05,-0.00068940944,8.43094385e-05
p4	2	840	new_state-5	5	262144	3	3.966719e-03	7.884562e-03	0.000586853654,0.000148288018,0.0135974139,-0.00235938886	0.000586343871,0.00014574443,0.0136248069,-0.00237119244
p4	2	841	attn_output-5	5	2048	0	2.917356e-02	1.588784e-03	-0.000235042884,-8.02426002e-05,8.82149179e-05,1.78783666e-05	-0.000231703118,-7.90431513e-05,8.71155353e-05,1.79937397e-05
p4	2	842	z-5	5	2048	0	2.941451e-02	1.998083e-01	1.34627819,1.35624397,0.137592167,1.75746822	1.3824352,1.37979567,0.120029747,1.77585781
p4	2	843	final_output-5	5	2048	0	5.400676e-02	4.660143e-02	-0.230522528,-0.0765380934,0.00607682392,0.0248558577	-0.235201687,-0.0771126822,0.00519509194,0.0253597461
p4	2	844	linear_attn_out-5	5	1024	0	5.774575e-02	4.465685e-03	-0.117525734,0.00539549254,0.00317811035,0.0349283144	-0.116270423,0.004928587,0.00215195306,0.0363422632
p4	2	845	attn_residual-5	5	1024	0	3.849870e-02	7.562283e-03	-0.933562696,-0.003084369,0.0548210219,0.0637520552	-0.929832816,-0.00246715173,0.0570848733,0.0656071454
p4	2	846	attn_post_norm-5	5	1024	0	4.614760e-02	1.481301e-01	-12.7750578,-0.0634444132,1.07107699,1.37991118	-12.7475433,-0.0508423001,1.11736965,1.42269027
p4	2	847	ffn_out-5	5	1024	0	7.960759e-02	6.079838e-03	0.143192843,0.0133825447,0.00733657647,-0.0147227701	0.137113005,0.0144219948,0.00750600267,-0.01470304
p4	2	848	l_out-5	5	1024	0	3.866975e-02	8.065296e-03	-0.790369868,0.0102981757,0.0621575974,0.0490292832	-0.792719841,0.0119548431,0.0645908788,0.0509041063
p4	2	849	attn_norm-6	6	1024	0	4.211172e-02	2.191382e-01	-16.6706181,0.281461865,1.64260626,1.41950846	-16.7070236,0.326483458,1.70556593,1.47262883
p4	2	850	conv_output_silu-6	6	6144	1	2.121397e-02	3.745091e-02	0.0268836692,-0.109166548,0.010444738,-0.199841782	0.0291784573,-0.115751363,0.0112554273,-0.198671833
p4	2	851	q_conv_predelta-6	6	2048	0	3.355932e-02	2.300653e-02	0.016475305,-0.0669012964,0.00640092138,-0.122470424	0.0178705379,-0.0708926767,0.00689346017,-0.121677868
p4	2	852	k_conv_predelta-6	6	2048	0	1.982900e-02	2.911150e-02	-0.0185271036,0.00400366588,-0.0266050603,0.0559843257	-0.0185583849,0.0040435167,-0.0264020506,0.0561101101
p4	2	853	v_conv_predelta-6	6	2048	1	5.522682e-03	8.009838e-03	-0.00635687308,0.00382383866,-0.00223655091,-0.00205801963	-0.00638662605,0.00382004096,-0.00223860517,-0.0020588506
p4	2	854	a_softplus-6	6	16	0	7.505448e-03	2.137333e-02	0.549684227,0.0872110352,0.873370886,0.159713417	0.549797654,0.0876062363,0.851997554,0.164434761
p4	2	855	gate-6	6	16	0	1.262752e-02	6.518513e-03	-0.100104935,-0.0648097396,-0.266363084,-0.0885473415	-0.100125588,-0.0651034266,-0.259844571,-0.0911649168
p4	2	856	beta_sigmoid-6	6	16	0	7.433314e-03	1.412386e-02	0.923564374,0.96645242,0.740914285,0.949472427	0.920257688,0.966113031,0.729195178,0.948541939
p4	2	857	state_predelta-6	6	262144	11785	3.560836e-07	5.960464e-07	5.58014435e-05,-5.24543684e-05,0.000128119354,-0.000154647554	5.58014508e-05,-5.24543866e-05,0.000128119311,-0.000154647554
p4	2	858	new_state-6	6	262144	1	8.401726e-03	8.388698e-03	0.000141244222,-6.70703594e-05,0.000246244599,-0.000414165319	0.000141576864,-6.73039249e-05,0.000245504372,-0.000415324146
p4	2	859	attn_output-6	6	2048	0	1.607702e-02	1.430921e-04	-4.31563676e-05,4.17210322e-05,-1.67432154e-05,-1.41184955e-05	-4.36584378e-05,4.16772455e-05,-1.6847016e-05,-1.42252111e-05
p4	2	860	z-6	6	2048	0	2.267374e-02	1.399382e-01	0.764813185,0.615757227,1.15117931,1.08153975	0.704454064,0.58731246,1.18675065,1.08206534
p4	2	861	final_output-6	6	2048	0	3.732537e-02	2.157322e-02	-0.0183359962,0.01560333,-0.0135410763,-0.0113664679	-0.0167406891,0.0147059914,-0.0141534479,-0.0114501473
p4	2	862	linear_attn_out-6	6	1024	0	4.209140e-02	4.984098e-03	0.114264369,0.00926351454,-0.0160053931,-0.0108964518	0.113516554,0.00925834011,-0.0145225609,-0.00881711021
p4	2	863	attn_residual-6	6	1024	0	3.599345e-02	7.414252e-03	-0.676105499,0.0195616893,0.0461522043,0.0381328315	-0.679203272,0.0212131832,0.0500683188,0.0420869961
p4	2	864	attn_post_norm-6	6	1024	0	3.843158e-02	1.448720e-01	-10.0837774,0.357385814,0.832357466,0.712779224	-10.1155529,0.387006104,0.901698709,0.785570145
p4	2	865	ffn_out-6	6	1024	0	6.358366e-02	6.466791e-03	0.183767825,0.0136220856,-0.0280249976,0.0370744355	0.189944834,0.0131532177,-0.0290554352,0.0360256098
p4	2	866	l_out-6	6	1024	0	3.728114e-02	8.354928e-03	-0.492337674,0.0331837758,0.0181272067,0.0752072632	-0.489258438,0.034366399,0.0210128836,0.0781126022
p4	2	867	attn_norm-7	7	1024	0	3.652716e-02	1.576391e-01	-8.16299725,0.584665179,0.32982263,1.58962464	-8.11938286,0.606057167,0.382677853,1.65254796
p4	2	868	attn_pregate-7	7	2048	1	2.172507e-02	1.306934e-01	0.130815998,-0.151437744,0.922815919,-0.224278092	0.152222559,-0.13615641,0.914822876,-0.231652275
p4	2	869	attn_gated-7	7	2048	0	3.696615e-02	3.179407e-02	0.0266409144,-0.0392240472,0.279590189,-0.0364061669	0.0304776467,-0.0352266021,0.277532786,-0.0371323228
p4	2	870	attn_output-7	7	1024	0	5.710861e-02	4.901990e-03	-0.0750476941,-0.000687003136,0.00784670562,-0.0601437986	-0.0742845163,-0.00140923262,0.00833771378,-0.0586370379
p4	2	871	attn_residual-7	7	1024	0	3.919387e-02	7.768888e-03	-0.567385375,0.0324967727,0.0259739123,0.0150634646	-0.563542962,0.0329571664,0.0293505974,0.0194755644
p4	2	872	attn_post_norm-7	7	1024	0	4.304326e-02	1.584367e-01	-7.27478313,0.606748402,0.467632294,0.29264757	-7.24514771,0.617016196,0.52986145,0.379392147
p4	2	873	ffn_out-7	7	1024	0	7.012990e-02	8.570358e-03	-0.217620313,0.0290186368,0.0162972622,-0.0350139998	-0.216301531,0.0292040948,0.0146462312,-0.0356607027
p4	2	874	l_out-7	7	1024	0	4.195967e-02	7.793948e-03	-0.785005689,0.0615154095,0.0422711745,-0.0199505351	-0.779844522,0.0621612594,0.0439968295,-0.0161851384
p4	2	875	attn_norm-8	8	1024	0	4.548511e-02	1.881830e-01	-15.8336172,1.46783888,0.915304482,-0.511552274	-15.7117109,1.48157084,0.951592028,-0.414533913
p4	2	876	conv_output_silu-8	8	6144	0	1.016878e-02	3.751218e-02	0.0114461072,-0.00995551888,0.00154008577,-0.0134663703	0.0134776039,-0.0102438582,0.00645699399,-0.0075218915
p4	2	877	q_conv_predelta-8	8	2048	0	3.231994e-02	1.907037e-02	0.00681158435,-0.00592453498,0.000916505931,-0.00801384449	0.00808046386,-0.00614167936,0.00387127418,-0.00450973073
p4	2	878	k_conv_predelta-8	8	2048	0	2.208326e-02	1.896150e-02	0.0220129713,0.0825768039,0.0772805363,-0.0107841687	0.0200934187,0.0829621553,0.0768829361,-0.0108082928
p4	2	879	v_conv_predelta-8	8	2048	0	1.684565e-03	9.631298e-03	-0.0772742182,-0.0154847037,-0.0238032807,0.0538599826	-0.0772054121,-0.0156883355,-0.0237635784,0.0541692115
p4	2	880	a_softplus-8	8	16	0	3.889575e-02	5.237710e-02	0.280390203,0.0896735191,0.0067262426,0.0508012548	0.294435769,0.100984044,0.00697191386,0.0537617095
p4	2	881	gate-8	8	16	0	3.115246e-02	1.896974e-02	-0.0984262154,-0.0254919585,-0.00200386764,-0.00766984234	-0.103356674,-0.0287072603,-0.00207705749,-0.00811680406
p4	2	882	beta_sigmoid-8	8	16	0	5.488019e-03	8.737624e-03	0.787186444,0.583560526,0.446135253,0.680851579	0.784258842,0.590547264,0.447533906,0.686210155
p4	2	883	state_predelta-8	8	262144	13455	3.540434e-07	8.344650e-07	0.00319909491,-0.00759682897,0.00447117444,-0.00280695222	0.00319909398,-0.0075968313,0.00447117444,-0.00280695339
p4	2	884	new_state-8	8	262144	2	5.718522e-03	1.995873e-02	0.00140919338,-0.0124742277,-0.001178951,-0.00181387074	0.00151275774,-0.0125164408,-0.00121829286,-0.00179321505
p4	2	885	attn_output-8	8	2048	0	1.289874e-02	1.170374e-03	-0.000110476198,-1.36163326e-05,-2.0674388e-05,6.19146085e-05	-0.00011542179,-1.48002127e-05,-2.2060085e-05,6.58067875e-05
p4	2	886	z-8	8	2048	0	2.054732e-02	1.366954e-01	-0.274884403,1.03046012,0.462452769,-0.11809057	-0.282459915,1.05784869,0.466650963,-0.136401802
p4	2	887	final_output-8	8	2048	0	3.566841e-02	2.229595e-02	0.0120839067,-0.0067375889,-0.00588240661,-0.00260043913	0.0129155433,-0.00757100945,-0.00634322688,-0.00316120405
p4	2	888	linear_attn_out-8	8	1024	0	6.310481e-02	4.244509e-03	0.168411642,-0.0495535061,0.0209092498,0.00407937542	0.166940391,-0.0478691645,0.0208637994,0.00377456471
p4	2	889	attn_residual-8	8	1024	0	4.173192e-02	7.660730e-03	-0.616594076,0.0119619034,0.0631804243,-0.0158711597	-0.612904131,0.0142920949,0.0648606271,-0.0124105737
p4	2	890	attn_post_norm-8	8	1024	0	4.662169e-02	1.516065e-01	-7.98927212,0.224778399,1.14651787,-0.327038944	-7.92394733,0.267973185,1.17441225,-0.25516659
p4	2	891	ffn_out-8	8	1024	0	7.085994e-02	5.526494e-03	0.0188042708,0.00215061475,-0.0104096401,0.0169384032	0.0187465362,0.000981626101,-0.010346611,0.0170867294
p4	2	892	l_out-8	8	1024	0	4.347056e-02	8.278832e-03	-0.597789824,0.0141125182,0.052770786,0.00106724352	-0.594157577,0.015273721,0.054514017,0.00467615575
p4	2	893	attn_norm-9	9	1024	0	4.663267e-02	1.897200e-01	-11.6484776,0.334494174,1.23207438,0.0299465414	-11.5431366,0.360936224,1.26897514,0.130819857
p4	2	894	conv_output_silu-9	9	6144	0	1.954150e-02	4.702163e-02	0.0235578883,-0.162181526,-0.247162268,0.136633828	0.0228312686,-0.167190507,-0.247028723,0.135595962
p4	2	895	q_conv_predelta-9	9	2048	0	2.652484e-02	2.202199e-02	0.0165912118,-0.114220254,-0.174070001,0.0962276682	0.0161734596,-0.118436202,-0.174992859,0.0960549191
p4	2	896	k_conv_predelta-9	9	2048	0	1.676945e-02	1.881488e-02	-0.104457244,-0.0233511794,-0.17461662,-0.00713434909	-0.104984835,-0.0231078751,-0.17492725,-0.00714192633
p4	2	897	v_conv_predelta-9	9	2048	0	9.575985e-03	2.489626e-02	-0.00235851156,0.0197247081,0.0126298731,-0.0195243359	-0.00234714895,0.0195224285,0.0126499366,-0.0194822941
p4	2	898	a_softplus-9	9	16	0	1.658258e-02	2.257693e-02	0.0106503423,0.00269799726,0.146946445,0.111496188	0.0113275973,0.00316286064,0.152151242,0.113752961
p4	2	899	gate-9	9	16	0	1.527410e-02	5.599201e-03	-0.00431996956,-0.000367998029,-0.049996011,-0.0206247214	-0.0045946762,-0.000431403867,-0.0517668538,-0.021042183
p4	2	900	beta_sigmoid-9	9	16	0	1.170506e-02	1.483399e-02	0.941923201,0.308716387,0.575491548,0.244720683	0.943159521,0.318974793,0.572350621,0.243289381
p4	2	901	state_predelta-9	9	262144	11299	2.933232e-07	5.960464e-07	-0.000868412142,-0.000613930053,-0.000474657078,5.08167432e-05	-0.000868412142,-0.000613930053,-0.000474656961,5.0816845e-05
p4	2	902	new_state-9	9	262144	1	8.991061e-03	1.179028e-02	-0.000356518314,-0.000497687724,0.00037684181,8.53039674e-05	-0.00035574584,-0.000499150599,0.000375097909,8.51888326e-05
p4	2	903	attn_output-9	9	2048	0	2.072666e-02	8.613523e-05	1.31793684e-06,8.56285405e-05,6.06768226e-05,-0.000111885238	1.86634531e-06,8.37113184e-05,6.03044391e-05,-0.000111662674
p4	2	904	z-9	9	2048	0	1.873157e-02	1.208575e-01	-0.254867196,0.264769107,-0.489326179,0.554365695	-0.279406518,0.260477841,-0.493953586,0.541201949
p4	2	905	final_output-9	9	2048	0	4.161074e-02	1.345634e-02	-0.000158980183,0.0131941913,-0.0120077943,-0.0386629924	-0.000243392235,0.0126654785,-0.0120118614,-0.0374868512
p4	2	906	linear_attn_out-9	9	1024	0	5.264952e-02	2.640312e-03	0.0356797688,0.0110964449,-0.00651529711,-0.00335563649	0.0341978967,0.0108285267,-0.00603952585,-0.00305744074
p4	2	907	attn_residual-9	9	1024	0	4.354248e-02	9.583645e-03	-0.562110066,0.0252089631,0.0462554879,-0.00228839298	-0.55995965,0.0261022486,0.0484744906,0.001618715
p4	2	908	attn_post_norm-9	9	1024	0	4.852189e-02	1.832348e-01	-7.64634037,0.480260223,0.850844741,-0.0493041836	-7.59619379,0.495914221,0.889216125,0.0347800814
p4	2	909	ffn_out-9	9	1024	0	8.062450e-02	6.177224e-03	-0.12377093,-0.00331624225,-0.00263236463,-0.0175874289	-0.129948154,-0.00276545435,-0.00285257027,-0.0154472068
p4	2	910	l_out-9	9	1024	0	4.435768e-02	8.876756e-03	-0.685881019,0.0218927208,0.0436231233,-0.0198758226	-0.689907789,0.0233367942,0.0456219204,-0.0138284918
p4	2	911	attn_norm-10	10	1024	0	4.700033e-02	2.183943e-01	-14.332119,0.476625651,1.01537311,-0.498805851	-14.3371162,0.505275249,1.05606747,-0.345136106
p4	2	912	conv_output_silu-10	10	6144	0	2.255749e-02	5.535579e-02	-0.0027794065,-0.00585737964,-0.0065138014,-0.0338060968	-0.00291890767,-0.00586494245,-0.00691430783,-0.0331441723
p4	2	913	q_conv_predelta-10	10	2048	0	2.693048e-02	1.972469e-02	-0.00796053372,-0.0167761948,-0.0186562613,-0.0968244672	-0.00845420919,-0.0169869885,-0.020026328,-0.0959974751
p4	2	914	k_conv_predelta-10	10	2048	0	2.163340e-02	1.671427e-02	-0.0100482227,0.0662622228,0.233072132,0.00383541035	-0.0135319214,0.0712292492,0.235435531,0.00429059006
p4	2	915	v_conv_predelta-10	10	2048	0	1.014381e-02	5.039819e-03	0.00928807165,0.00585906859,-0.00456026196,0.000693610404	0.00995287765,0.00569861196,-0.00546583673,-5.14803614e-05
p4	2	916	a_softplus-10	10	16	0	5.285117e-03	1.993060e-02	0.0540232025,0.000914393924,3.73865986,0.0773754641	0.053917598,0.000945716805,3.71872926,0.0772821233
p4	2	917	gate-10	10	16	0	5.231566e-03	6.174207e-03	-0.0413402058,-0.00530324364,-1.15818274,-0.015843071	-0.0412593931,-0.00548490835,-1.15200853,-0.0158239584
p4	2	918	beta_sigmoid-10	10	16	0	3.932334e-03	6.805599e-03	0.764728785,0.570638955,0.956331193,0.764530838	0.763851643,0.57524097,0.956205666,0.76436156
p4	2	919	state_predelta-10	10	262144	9509	5.032363e-07	4.172325e-07	-0.000777986657,0.00186613528,0.00325596263,0.000378815021	-0.00077798916,0.00186613586,0.00325596239,0.000378815515
p4	2	920	new_state-10	10	262144	1	1.115547e-02	3.207804e-03	-0.00074633176,0.00178958266,0.00312066101,0.000363417348	-0.000754464942,0.0018324065,0.00326218712,0.000366015709
p4	2	921	attn_output-10	10	2048	0	1.976002e-02	7.512548e-05	-2.55779669e-05,1.06667458e-05,2.48605647e-05,4.71072099e-06	-2.13629773e-05,1.12515654e-05,2.06471977e-05,2.05066385e-06
p4	2	922	z-10	10	2048	1	1.809583e-02	1.077726e-01	2.31479931,0.503755093,0.776431322,0.964372337	2.31384921,0.51496768,0.763985097,0.966061056
p4	2	923	final_output-10	10	2048	0	5.594073e-02	2.017783e-02	-0.0483505726,0.00357257342,0.012862538,0.00335885584	-0.040361546,0.00386844343,0.0104696928,0.00146536704
p4	2	924	linear_attn_out-10	10	1024	0	6.684868e-02	1.069474e-02	0.11572367,0.0052132206,0.00322291045,-0.00328697963	0.126418412,0.00589745259,0.00380795263,-0.00496008899
p4	2	925	attn_residual-10	10	1024	0	4.316953e-02	8.098841e-03	-0.570157349,0.0271059424,0.0468460321,-0.0231628027	-0.563489377,0.0292342473,0.0494298711,-0.0187885799
p4	2	926	attn_post_norm-10	10	1024	0	4.674450e-02	1.540667e-01	-9.02415085,0.529592633,0.91233319,-0.482030213	-8.90220356,0.570124269,0.960882545,-0.390280873
p4	2	927	ffn_out-10	10	1024	0	6.627670e-02	6.580681e-03	0.149418831,-0.00630713115,0.00743097113,0.0111440923	0.14283815,-0.00791318342,0.00758532295,0.00990165211
p4	2	928	l_out-10	10	1024	0	4.478979e-02	8.062534e-03	-0.420738518,0.0207988117,0.0542770028,-0.0120187104	-0.420651227,0.0213210639,0.0570151955,-0.00888692774
p4	2	929	attn_norm-11	11	1024	0	4.523210e-02	1.942575e-01	-7.76579285,0.400407284,1.11590028,-0.272468507	-7.74565125,0.409481764,1.16939807,-0.200989008
p4	2	930	attn_pregate-11	11	2048	0	3.164490e-02	9.513555e-01	0.24328813,0.111819759,0.145025834,-0.0890625194	0.240373299,0.109536663,0.141821593,-0.0862076432
p4	2	931	attn_gated-11	11	2048	0	3.455740e-02	2.763990e-02	0.0111996774,0.00645518256,0.00864079222,-0.00458597159	0.0114880558,0.00649674516,0.00852814876,-0.0044302484
p4	2	932	attn_output-11	11	1024	0	7.640896e-02	4.078276e-03	-0.0864105076,-0.000324540772,-0.00306666084,-0.0276822746	-0.0836936235,-0.00029568281,-0.00200391933,-0.0259995274
p4	2	933	attn_residual-11	11	1024	0	4.611207e-02	8.149941e-03	-0.507149041,0.02047427,0.0512103438,-0.039700985	-0.504344821,0.021025382,0.0550112762,-0.034886457
p4	2	934	attn_post_norm-11	11	1024	0	5.024348e-02	1.651155e-01	-7.45052719,0.426724017,1.01847744,-0.850096941	-7.39309788,0.437250286,1.09167397,-0.745369434
p4	2	935	ffn_out-11	11	1024	0	7.658718e-02	1.663359e-02	-0.191261679,0.00711782416,-0.0198731683,0.0399247035	-0.174628094,0.00631862786,-0.0177299548,0.0370178856
p4	2	936	l_out-11	11	1024	0	4.685558e-02	1.943785e-02	-0.698410749,0.0275920946,0.0313371755,0.000223718584	-0.6789729,0.0273440108,0.0372813195,0.00213142857
p4	2	937	attn_norm-12	12	1024	0	4.959369e-02	3.924961e-01	-14.9838123,0.667881966,0.790271521,0.0060269949	-14.5913162,0.662991345,0.941755891,0.0575175174
p4	2	938	conv_output_silu-12	12	6144	0	2.147602e-02	6.622183e-02	0.0165292583,0.0857984051,0.00193813932,-0.0628496334	0.0159396119,0.0873438865,-0.00159589865,-0.0543864854
p4	2	939	q_conv_predelta-12	12	2048	0	2.905946e-02	2.760544e-02	0.00765481871,0.0397338606,0.000897566264,-0.0291061178	0.00755572459,0.0414029136,-0.000756490917,-0.0257803835
p4	2	940	k_conv_predelta-12	12	2048	0	1.548180e-02	1.719473e-02	0.0269389041,-0.00693112705,0.00928566046,0.0185660124	0.0269713588,-0.00690507237,0.00925185997,0.0185436718
p4	2	941	v_conv_predelta-12	12	2048	0	5.837206e-03	1.288352e-02	-0.0202664584,0.012946046,0.00913448073,-0.0147927813	-0.0202933196,0.0129473442,0.0091380896,-0.0147937695
p4	2	942	a_softplus-12	12	16	0	1.458110e-02	5.891472e-03	0.00201153965,0.105921522,0.00329368701,0.00484127225	0.00203580922,0.102405019,0.00327871577,0.0052325679
p4	2	943	gate-12	12	16	0	5.574106e-03	2.075337e-03	-0.000405488769,-0.062511757,-0.000341769948,-0.00137625367	-0.000410381064,-0.0604364201,-0.000340216473,-0.00148748932
p4	2	944	beta_sigmoid-12	12	16	0	8.830555e-03	1.365346e-02	0.785927534,0.943372607,0.416788667,0.422652572	0.782634377,0.943498671,0.417135745,0.426254004
p4	2	945	state_predelta-12	12	262144	29	1.675476e-04	2.740845e-04	-6.46196931e-05,-3.65318692e-06,-7.46387786e-06,-1.37063562e-05	-6.46388144e-05,-3.64329298e-06,-7.46647447e-06,-1.37033858e-05
p4	2	946	new_state-12	12	262144	1	3.812322e-03	1.040107e-02	-0.000456828275,9.72666094e-05,-0.000142661564,-0.000284024922	-0.000456208771,9.66127773e-05,-0.000141790937,-0.000282932888
p4	2	947	attn_output-12	12	2048	0	2.606004e-03	2.217218e-04	-6.19776911e-05,4.10973917e-05,2.44267867e-05,-4.10899738e-05	-6.13362208e-05,4.07451262e-05,2.40367899e-05,-4.0472707e-05
p4	2	948	z-12	12	2048	0	2.152279e-02	2.037134e-01	-0.59115392,-0.150652796,-0.541525126,-0.408674687	-0.549159229,-0.160698354,-0.484671116,-0.394991904
p4	2	949	final_output-12	12	2048	0	3.939469e-02	3.276695e-02	0.0101066325,-0.00232649501,-0.00312014087,0.00536685297	0.00953379925,-0.00244442513,-0.00284438091,0.00514572533
p4	2	950	linear_attn_out-12	12	1024	0	7.028499e-02	2.918359e-03	0.0803230405,-0.0104939239,0.0206487123,-0.00938664842	0.0777933821,-0.0113946637,0.0208589137,-0.00865375064
p4	2	951	attn_residual-12	12	1024	0	4.742482e-02	1.690817e-02	-0.618087709,0.0170981698,0.0519858897,-0.00916292984	-0.60117954,0.0159493461,0.0581402332,-0.00652232207
p4	2	952	attn_post_norm-12	12	1024	0	5.107944e-02	2.209539e-01	-8.44555092,0.361486316,1.00542474,-0.189827845	-8.22459698,0.337611854,1.1258316,-0.135288343
p4	2	953	ffn_out-12	12	1024	0	8.163674e-02	6.194290e-03	0.0715295821,-0.00958773866,-0.00342456624,0.0100697353	0.0729143769,-0.0100213252,-0.00491087511,0.00834080391
p4	2	954	l_out-12	12	1024	0	5.167079e-02	1.829296e-02	-0.546558142,0.00751043111,0.0485613234,0.000906805508	-0.528265178,0.00592802092,0.053229358,0.00181848183
p4	2	955	attn_norm-13	13	1024	0	5.541103e-02	3.746204e-01	-11.6887207,0.182069153,1.19922042,0.024951892	-11.3141003,0.143919155,1.31642795,0.050111305
p4	2	956	conv_output_silu-13	13	6144	0	2.215413e-02	8.369493e-02	-0.105130233,-0.115855984,0.0191043187,-0.0323795937	-0.110835679,-0.116211534,0.018128885,-0.0323163755
p4	2	957	q_conv_predelta-13	13	2048	0	3.432102e-02	2.142975e-02	-0.0583638735,-0.0643183589,0.0106059127,-0.0179757867	-0.0621441416,-0.065158315,0.0101646334,-0.0181193762
p4	2	958	k_conv_predelta-13	13	2048	0	1.971307e-02	1.379059e-02	-0.00490562851,0.019693749,-0.0833955184,-0.302124232	-0.00465536118,0.0199718866,-0.0844102576,-0.302915037
p4	2	959	v_conv_predelta-13	13	2048	0	1.101182e-02	8.201241e-03	-0.00292080664,0.00279587414,0.00280566234,-0.00235394505	-0.00293169543,0.00252851611,0.00265439902,-0.00233828113
p4	2	960	a_softplus-13	13	16	0	2.086335e-02	2.885842e-02	0.102285787,0.403594464,0.980053723,0.110541806	0.100872293,0.419795781,1.00656652,0.109040745
p4	2	961	gate-13	13	16	0	3.503474e-02	1.864761e-02	-0.0275298469,-0.464534402,-0.492801964,-0.0264619086	-0.0271494091,-0.483182013,-0.506133437,-0.0261025783
p4	2	962	beta_sigmoid-13	13	16	0	1.523188e-02	3.110665e-02	0.872726977,0.946857452,0.668776155,0.914213002	0.881729305,0.949844539,0.673233092,0.919427097
p4	2	963	state_predelta-13	13	262144	2	3.841051e-03	1.768619e-03	3.0004443e-05,-9.41060534e-06,-2.0328258e-05,4.19820281e-05	3.00467e-05,-9.42181759e-06,-2.031437e-05,4.33863424e-05
p4	2	964	new_state-13	13	262144	0	1.679104e-02	1.162016e-02	4.08341803e-05,-5.59021064e-05,0.000178179631,0.00075799413	4.04459752e-05,-5.72357676e-05,0.000183379772,0.000771249412
p4	2	965	attn_output-13	13	2048	0	2.158133e-02	6.640190e-05	-1.56770966e-05,8.6619275e-06,1.67140879e-05,-1.27712665e-05	-1.60978161e-05,8.12869257e-06,1.61042572e-05,-1.29651653e-05
p4	2	966	z-13	13	2048	0	3.043457e-02	2.449918e-01	-0.011212796,0.556319118,0.0989540964,0.722174108	-0.0176770389,0.535775423,0.0630731732,0.766486108
p4	2	967	final_output-13	13	2048	0	5.051260e-02	2.323535e-02	9.20579478e-05,0.00324986293,0.000915157667,-0.00639425125	0.000148515799,0.00291464664,0.000552353507,-0.00698751071
p4	2	968	linear_attn_out-13	13	1024	0	6.080668e-02	4.657239e-03	-0.0758028924,-0.0175244808,0.0221194383,-0.00163601991	-0.0804601312,-0.0153257372,0.0212987419,-0.00173259899
p4	2	969	attn_residual-13	13	1024	0	5.019132e-02	1.363575e-02	-0.622361064,-0.0100140497,0.0706807598,-0.0007292144	-0.608725309,-0.00939771626,0.0745280981,8.58828425e-05
p4	2	970	attn_post_norm-13	13	1024	0	5.358674e-02	2.258333e-01	-8.74206829,-0.212734967,1.38574612,-0.0142485034	-8.55356884,-0.199712679,1.46169472,0.0016787058
p4	2	971	ffn_out-13	13	1024	0	8.534654e-02	8.377101e-03	0.0384963676,0.0245229304,0.0302531756,0.0350153893	0.0390745401,0.0256465226,0.0284586456,0.0345111601
p4	2	972	l_out-13	13	1024	0	5.087586e-02	1.421392e-02	-0.583864689,0.0145088807,0.100933939,0.0342861749	-0.569650769,0.0162488073,0.102986746,0.0345970429
p4	2	973	attn_norm-14	14	1024	0	5.312697e-02	2.848902e-01	-11.4661684,0.321674138,2.07702994,0.819130898	-11.1812782,0.360064596,2.11818337,0.826132953
p4	2	974	conv_output_silu-14	14	6144	0	1.975833e-02	5.213964e-02	0.18725732,0.0115184309,-0.16743733,-0.112737738	0.200198576,0.0119479969,-0.172143728,-0.128617108
p4	2	975	q_conv_predelta-14	14	2048	0	3.204442e-02	2.996364e-02	0.0548346676,0.00337294862,-0.0490307659,-0.0330130532	0.0592515506,0.00353617547,-0.0509483255,-0.0380660184
p4	2	976	k_conv_predelta-14	14	2048	0	2.856977e-02	1.831110e-02	-0.00133542519,-0.043479085,0.0147685567,-0.0163401086	-0.00167927728,-0.0444289409,0.0146117508,-0.0161875188
p4	2	977	v_conv_predelta-14	14	2048	0	1.077332e-02	2.171076e-02	-0.00040607003,0.013618106,0.0168217681,-0.015629366	-0.0011820771,0.0139737409,0.0174579676,-0.0158714782
p4	2	978	a_softplus-14	14	16	0	1.523376e-02	1.399684e-02	0.117821924,0.0480806269,0.202856496,0.00173561077	0.121206053,0.0474913716,0.208947673,0.00178106863
p4	2	979	gate-14	14	16	0	1.753791e-02	5.611211e-03	-0.0370743126,-0.00803507864,-0.134867877,-0.00522221625	-0.0381391756,-0.00793660432,-0.138917565,-0.00535899261
p4	2	980	beta_sigmoid-14	14	16	0	7.649853e-03	1.432133e-02	0.565374494,0.440191776,0.90384531,0.756937325	0.579695821,0.447641879,0.906104147,0.75958848
p4	2	981	state_predelta-14	14	262144	2	1.128249e-02	2.236778e-02	1.8177243e-05,0.0003916313,-9.66797325e-06,3.76012531e-06	1.85753597e-05,0.000397560856,-9.81450739e-06,3.81418135e-06
p4	2	982	new_state-14	14	262144	1	1.740542e-02	2.180129e-02	1.83667162e-05,0.000405086175,-1.87278492e-05,1.40365428e-05	1.97391619e-05,0.00043186525,-2.56220173e-05,2.15905584e-05
p4	2	983	attn_output-14	14	2048	0	1.098985e-02	8.244898e-05	9.9034412e-07,1.12558319e-05,2.21310597e-06,3.47403193e-06	8.538928e-07,1.05262616e-05,1.6605253e-06,3.99522241e-06
p4	2	984	z-14	14	2048	0	2.635454e-02	1.604631e-01	-1.27327323,-1.03229558,0.0758982301,0.692075133	-1.31308556,-0.98566395,0.0792489648,0.747181177
p4	2	985	final_output-14	14	2048	0	4.775952e-02	5.193642e-02	-0.000286853319,-0.00302009005,8.6723463e-05,0.00145058928	-0.000247438787,-0.00279298495,6.81126548e-05,0.00183547463
p4	2	986	linear_attn_out-14	14	1024	0	4.991458e-02	4.459049e-03	0.156393379,0.0148842111,0.0160435345,0.00126658566	0.156653702,0.0158049613,0.0193763096,-0.00274547003
p4	2	987	attn_residual-14	14	1024	0	4.790317e-02	1.447424e-02	-0.42747131,0.0293930918,0.116977476,0.0355527624	-0.412997067,0.0320537686,0.122363053,0.0318515748
p4	2	988	attn_post_norm-14	14	1024	0	4.827806e-02	2.238742e-01	-5.88912058,0.567919791,2.12088251,0.625544012	-5.68237591,0.618529379,2.21566534,0.559699535
p4	2	989	ffn_out-14	14	1024	0	6.550049e-02	7.499343e-03	0.1624524,-0.0946649015,-0.0192567762,-0.0196772646	0.16506736,-0.0939465016,-0.0184901133,-0.0153817628
p4	2	990	l_out-14	14	1024	0	4.666638e-02	1.708920e-02	-0.26501891,-0.0652718097,0.0977206975,0.0158754978	-0.247929707,-0.061892733,0.10387294,0.016469812
p4	2	991	attn_norm-15	15	1024	0	4.528757e-02	2.268729e-01	-3.49177742,-0.961220443,1.43594134,0.231955707	-3.27507997,-0.913819909,1.53029871,0.241262585
p4	2	992	attn_pregate-15	15	2048	0	4.270656e-02	1.674373e+00	-0.0314089395,0.0655925125,-0.0501714572,0.0967820212	-0.0600587577,0.075262405,-0.0330273435,0.0821980983
p4	2	993	attn_gated-15	15	2048	0	3.413147e-02	4.400766e-02	-0.00178475783,0.00797235593,-0.000566755829,0.0236773044	-0.00338507607,0.00915484317,-0.000334423006,0.0196271352
p4	2	994	attn_output-15	15	1024	0	6.238351e-02	6.028362e-03	-0.168152869,0.00174214318,-0.0238927379,0.00865536183	-0.166205853,0.00286830589,-0.0270235911,0.00820503384
p4	2	995	attn_residual-15	15	1024	0	4.786994e-02	1.903620e-02	-0.433171779,-0.0635296702,0.0738279596,0.0245308597	-0.414135575,-0.0590244271,0.0768493488,0.0246748459
p4	2	996	attn_post_norm-15	15	1024	0	4.857655e-02	2.339676e-01	-4.77176237,-1.10660303,1.22643209,0.378134608	-4.57541466,-1.03113675,1.28035986,0.381467342
p4	2	997	ffn_out-15	15	1024	0	6.755978e-02	1.134590e-02	-0.218314514,-0.00250424445,-0.0423772819,0.0601055548	-0.219649449,-0.00171837956,-0.0418857187,0.0562581271
p4	2	998	l_out-15	15	1024	0	4.768730e-02	1.770127e-02	-0.651486278,-0.0660339147,0.0314506777,0.0846364126	-0.633785009,-0.0607428066,0.0349636301,0.0809329748
p4	2	999	attn_norm-16	16	1024	0	4.957566e-02	2.986669e-01	-8.73271275,-1.27307332,0.505050659,1.52268088	-8.50989437,-1.17305803,0.562418699,1.45853031
p4	2	1000	conv_output_silu-16	16	6144	0	2.143748e-02	1.211748e-01	-0.257070005,0.133789331,-0.128052205,-0.156325147	-0.25705117,0.129507318,-0.137281671,-0.158553332
p4	2	1001	q_conv_predelta-16	16	2048	0	2.957687e-02	2.282101e-02	-0.0193960294,0.0100944554,-0.00966158696,-0.0117947916	-0.019569654,0.00985956751,-0.0104514388,-0.0120708793
p4	2	1002	k_conv_predelta-16	16	2048	0	3.104425e-02	3.106228e-02	0.044448223,0.118444182,-0.047170803,-0.0965851471	0.0432655066,0.117982395,-0.0484604836,-0.0959732383
p4	2	1003	v_conv_predelta-16	16	2048	0	1.858338e-02	7.355778e-02	-0.158634007,-0.0176261831,0.441918641,0.0923589543	-0.153684214,-0.0177516732,0.443642586,0.0915965512
p4	2	1004	a_softplus-16	16	16	0	3.933736e-02	3.500012e-02	0.00145782018,0.180394515,0.00734012946,0.245699793	0.00151257508,0.184286818,0.00739917811,0.230538592
p4	2	1005	gate-16	16	16	0	3.822966e-02	1.787631e-02	-0.000296174141,-0.0731712431,-0.000876653474,-0.0531363077	-0.000307298265,-0.0747500286,-0.000883705798,-0.0498574674
p4	2	1006	beta_sigmoid-16	16	16	0	9.508318e-03	1.444393e-02	0.805077136,0.887800813,0.783681571,0.782883763	0.815804064,0.890216589,0.786470294,0.784167409
p4	2	1007	state_predelta-16	16	262144	2	1.097609e-02	2.163124e-02	-0.0145352287,0.00769840926,-0.00240373937,0.00255917106	-0.014455949,0.0076651061,-0.00241002906,0.0026143021
p4	2	1008	new_state-16	16	262144	1	1.473632e-02	2.115116e-02	-0.0168244801,0.0015843343,3.10160685e-05,0.00754226837	-0.0165405944,0.00196593627,-6.93600159e-05,0.00724759512
p4	2	1009	attn_output-16	16	2048	0	1.157331e-02	8.672308e-04	-0.00156013819,-0.000101508107,0.00439517479,0.000678808836	-0.00151755137,-0.000104687286,0.00438853679,0.00067913247
p4	2	1010	z-16	16	2048	0	2.653781e-02	2.066247e-01	0.117566749,0.255422056,0.194048524,0.335650623	0.0551766306,0.277241796,0.254671276,0.32507515
p4	2	1011	final_output-16	16	2048	0	4.341142e-02	1.217577e-01	-0.0347917974,-0.00541523146,0.193549022,0.0483615436	-0.0154114431,-0.00611786498,0.260481149,0.0466403179
p4	2	1012	linear_attn_out-16	16	1024	0	6.022397e-02	8.518822e-03	-0.116830692,-0.00285965577,-0.0359233655,0.0260574073	-0.125247389,0.00330723077,-0.0332749262,0.0246898308
p4	2	1013	attn_residual-16	16	1024	0	4.675087e-02	1.846710e-02	-0.768316984,-0.0688935667,-0.00447268784,0.11069382	-0.759032369,-0.0574355759,0.00168870389,0.105622806
p4	2	1014	attn_post_norm-16	16	1024	0	4.878813e-02	2.343718e-01	-6.34453297,-0.957866848,-0.0608688407,1.25862157	-6.29348946,-0.801824749,0.0230755452,1.20587277
p4	2	1015	ffn_out-16	16	1024	0	5.050885e-02	1.268226e-02	0.0906277895,-0.0317195505,0.108013719,-0.0184072256	0.0810275078,-0.0336232036,0.11273253,-0.0163708106
p4	2	1016	l_out-16	16	1024	0	4.278568e-02	1.718850e-02	-0.677689195,-0.100613117,0.103541031,0.0922865942	-0.678004861,-0.0910587758,0.114421234,0.0892519951
p4	2	1017	attn_norm-17	17	1024	0	4.378271e-02	2.481294e-01	-7.3685708,-1.47075152,1.41491556,1.22777379	-7.38601112,-1.33361661,1.56656754,1.18965805
p4	2	1018	conv_output_silu-17	17	6144	0	1.884213e-02	2.341957e-01	-0.183725893,-0.135530204,-0.271109819,-0.0312607326	-0.179297715,-0.134072691,-0.272099674,-0.0287469737
p4	2	1019	q_conv_predelta-17	17	2048	0	2.869794e-02	2.643245e-02	-0.0296716504,-0.0218880679,-0.0437841155,-0.00504859444	-0.0293337181,-0.0219347514,-0.0445164368,-0.0047031031
p4	2	1020	k_conv_predelta-17	17	2048	0	2.813523e-02	2.534994e-02	-0.0269460995,-0.0839269608,-0.00844116136,-0.0343623608	-0.0261864327,-0.082745783,-0.00688387966,-0.0280949324
p4	2	1021	v_conv_predelta-17	17	2048	0	1.989191e-02	6.756020e-02	-0.27805689,-0.229758814,-0.0168499555,-0.209899157	-0.278199852,-0.231253639,-0.0152820405,-0.210778981
p4	2	1022	a_softplus-17	17	16	0	6.049272e-02	3.616059e-02	0.00214965385,0.00295428722,0.140294492,0.4304097	0.00228620297,0.00294977054,0.124313094,0.406275004
p4	2	1023	gate-17	17	16	0	5.386505e-02	8.406147e-03	-0.000506614102,-0.000764674507,-0.0354720019,-0.149912238	-0.000538794964,-0.000763505406,-0.0314312726,-0.141506091
p4	2	1024	beta_sigmoid-17	17	16	0	5.854366e-03	1.289096e-02	0.918038726,0.680204451,0.793744922,0.958940268	0.918610811,0.688260138,0.787701011,0.959903479
p4	2	1025	state_predelta-17	17	262144	1	1.196352e-02	4.106903e-02	-0.00324089639,0.0181409232,0.00676389271,0.00802294351	-0.00329907401,0.0180733483,0.00663892413,0.00780692324
p4	2	1026	new_state-17	17	262144	0	1.867501e-02	4.509103e-02	0.00101308851,0.031376183,0.00809255987,0.0134415785	0.000839712331,0.0311360322,0.00772288395,0.0122412378
p4	2	1027	attn_output-17	17	2048	0	1.386819e-02	1.799911e-03	-0.000845873496,-0.000640196609,-3.54436343e-05,-0.000665540923	-0.000854950398,-0.000650816131,-3.35907134e-05,-0.000672265014
p4	2	1028	z-17	17	2048	0	2.746567e-02	2.092056e-01	0.570047498,0.219860822,-0.514260232,-1.13524842	0.585333645,0.222954392,-0.52497232,-1.17346716
p4	2	1029	final_output-17	17	2048	0	5.716047e-02	1.233746e-01	-0.163150176,-0.0457597561,0.00276724738,0.0958671644	-0.169682667,-0.0470793135,0.00265033543,0.096901767
p4	2	1030	linear_attn_out-17	17	1024	0	7.447002e-02	1.052346e-02	-0.10068132,0.00350487977,0.0369194075,-0.0292504411	-0.111204781,0.000296566635,0.0355803594,-0.0296199583
p4	2	1031	attn_residual-17	17	1024	0	4.300811e-02	1.683730e-02	-0.7783705,-0.0971082374,0.140460432,0.0630361512	-0.789209664,-0.0907622129,0.150001585,0.0596320368
p4	2	1032	attn_post_norm-17	17	1024	0	4.459189e-02	1.781446e-01	-4.9206748,-1.07658494,1.50252938,0.592841923	-4.98924685,-1.00624025,1.60460877,0.5608325
p4	2	1033	ffn_out-17	17	1024	0	5.778998e-02	1.142791e-02	0.212986931,0.0217025429,-0.0480871536,0.0155089488	0.217668846,0.0249404088,-0.0464740731,0.0189582724
p4	2	1034	l_out-17	17	1024	0	4.208205e-02	1.759678e-02	-0.565383554,-0.0754056945,0.0923732817,0.078545101	-0.571540833,-0.0658218041,0.103527516,0.0785903111
p4	2	1035	attn_norm-18	18	1024	0	4.223806e-02	2.410989e-01	-5.864501,-1.02920926,1.21337986,1.00327647	-5.93766212,-0.899807632,1.36202955,1.0054276
p4	2	1036	conv_output_silu-18	18	6144	0	1.817976e-02	1.835356e-01	-0.158320308,0.0121451374,-0.157668203,-0.277193427	-0.159405828,0.02111632,-0.159077004,-0.278077245
p4	2	1037	q_conv_predelta-18	18	2048	0	2.895991e-02	2.874219e-02	-0.0433090478,0.00332234288,-0.0431306623,-0.0758271813	-0.0442110226,0.00585658709,-0.0441198237,-0.0771244094
p4	2	1038	k_conv_predelta-18	18	2048	0	2.753294e-02	2.322490e-02	-0.0963767469,-0.104793742,-0.0266777743,0.0583896674	-0.0960173383,-0.104716964,-0.0277293064,0.0566794649
p4	2	1039	v_conv_predelta-18	18	2048	0	1.722981e-02	6.028938e-02	0.0837393552,-0.203468069,-0.00434926758,-0.180537939	0.0822368115,-0.202106714,-0.00622181688,-0.180007517
p4	2	1040	a_softplus-18	18	16	0	2.732801e-02	8.310699e-02	0.000565726426,3.1443162,0.0022816835,1.27555454	0.000569300668,3.08644247,0.00236386596,1.23410583
p4	2	1041	gate-18	18	16	0	3.197920e-02	2.698088e-02	-0.000235829852,-0.633835316,-0.000679754245,-0.343310863	-0.000237319822,-0.622169077,-0.000704237842,-0.332155079
p4	2	1042	beta_sigmoid-18	18	16	0	4.588001e-03	9.294212e-03	0.801172316,0.924152315,0.0992730558,0.935258448	0.805045605,0.924456835,0.100917384,0.934963107
p4	2	1043	state_predelta-18	18	262144	0	1.354554e-02	4.626554e-02	-0.000448596431,-0.0108828992,-0.00828475133,-0.000740527874	-0.000464454293,-0.0108728744,-0.00828060228,-0.000737472437
p4	2	1044	new_state-18	18	262144	0	1.736219e-02	5.624010e-02	0.000462969707,-0.00988927111,-0.0080304984,-0.00129255978	0.000575623475,-0.00973610114,-0.00797829963,-0.00135119492
p4	2	1045	attn_output-18	18	2048	0	1.583122e-02	1.564115e-03	0.00466427393,-0.00723294029,-0.000465872727,-0.00684036966	0.00461245608,-0.00719697122,-0.00050958927,-0.00684001995
p4	2	1046	z-18	18	2048	0	2.576070e-02	2.165499e-01	-3.14824533,-0.532201409,-0.580797553,-0.323776245	-3.26844978,-0.517745733,-0.589177847,-0.310538054
p4	2	1047	final_output-18	18	2048	0	5.569959e-02	5.946261e-02	-0.0320558362,0.0883727819,0.00550074596,0.0501336269	-0.0292993039,0.0862664506,0.00606683688,0.0484180115
p4	2	1048	linear_attn_out-18	18	1024	0	6.354362e-02	6.677687e-03	-0.420760721,0.0294807348,0.0182042159,-0.0465713926	-0.422068357,0.0271092281,0.018061351,-0.0437987745
p4	2	1049	attn_residual-18	18	1024	0	4.269419e-02	1.921126e-02	-0.986144304,-0.0459249616,0.110577494,0.0319737084	-0.99360919,-0.038712576,0.121588871,0.0347915366
p4	2	1050	attn_post_norm-18	18	1024	0	4.439388e-02	1.901734e-01	-6.65957594,-0.482065886,1.18000317,0.292391032	-6.71849966,-0.406874269,1.29915464,0.318562925
p4	2	1051	ffn_out-18	18	1024	0	5.153209e-02	1.567048e-02	-0.829962969,0.0339473225,0.0286975913,0.119641349	-0.81429249,0.0315597542,0.0263383277,0.10892804
p4	2	1052	l_out-18	18	1024	0	4.063137e-02	2.411900e-02	-1.81610727,-0.011977639,0.139275089,0.151615053	-1.80790162,-0.00715282187,0.147927195,0.143719584
p4	2	1053	attn_norm-19	19	1024	0	3.981757e-02	2.065154e-01	-11.762393,-0.0862826332,1.0340966,1.11308134	-11.7356167,-0.0516424105,1.10081065,1.05749285
p4	2	1054	attn_pregate-19	19	2048	0	4.395198e-02	3.457313e-01	-0.333137512,-0.372268617,-0.218195781,-0.131501794	-0.360492319,-0.372302562,-0.247437939,-0.144627139
p4	2	1055	attn_gated-19	19	2048	0	2.726266e-02	4.162067e-02	-0.00694091665,-0.0218462031,-0.00848646276,-0.00334807695	-0.00733334431,-0.0212501064,-0.00927325524,-0.00362602947
p4	2	1056	attn_output-19	19	1024	0	5.388821e-02	1.515716e-02	0.673494816,-0.00378252566,0.0164225399,-2.2649765e-06	0.658337653,-0.004583776,0.0142803937,0.00431102514
p4	2	1057	attn_residual-19	19	1024	0	4.506342e-02	2.422103e-02	-1.14261246,-0.0157601647,0.155697629,0.151612788	-1.14956403,-0.0117365979,0.162207589,0.148030609
p4	2	1058	attn_post_norm-19	19	1024	0	4.653764e-02	2.325711e-01	-7.82451582,-0.15974699,1.44289875,1.16773307	-7.88483429,-0.119155765,1.5056566,1.14198446
p4	2	1059	ffn_out-19	19	1024	0	6.902032e-02	1.971447e-02	-0.292188704,0.00224122033,-0.0678165704,0.105522968	-0.272474229,-0.00192998722,-0.0622951463,0.103670806
p4	2	1060	l_out-19	19	1024	0	4.646744e-02	2.537369e-02	-1.4348011,-0.0135189444,0.0878810585,0.257135749	-1.42203832,-0.0136665851,0.0999124423,0.251701415
p4	2	1061	attn_norm-20	20	1024	0	4.655900e-02	2.864019e-01	-10.8947887,-0.144204453,0.873598933,2.288908	-10.8080654,-0.145916849,0.994136214,2.24264789
p4	2	1062	conv_output_silu-20	20	6144	0	3.359227e-02	2.095180e-01	-0.178561196,0.0350067988,-0.173987508,0.193949625	-0.175531045,0.0500878952,-0.178427532,0.202745184
p4	2	1063	q_conv_predelta-20	20	2048	0	3.571817e-02	2.801886e-02	-0.0641743764,0.012581341,-0.0625305995,0.0697049275	-0.0640780628,0.0182847176,-0.0651354343,0.0740126595
p4	2	1064	k_conv_predelta-20	20	2048	0	3.816990e-02	4.308474e-02	-0.0817484334,-0.0310386214,-0.0300516989,-0.0542672165	-0.0865276977,-0.032454107,-0.0317358188,-0.0567934513
p4	2	1065	v_conv_predelta-20	20	2048	0	2.482080e-02	7.623559e-02	0.0032701015,-0.0153684327,0.0509036109,0.0406811498	0.00455836114,-0.0182746314,0.0517544672,0.0433714576
p4	2	1066	a_softplus-20	20	16	0	3.444344e-02	7.087922e-02	0.00592321809,0.181699127,0.0140582519,0.76026392	0.00602382375,0.178546667,0.0137384776,0.689384699
p4	2	1067	gate-20	20	16	0	2.937997e-02	2.324063e-02	-0.0013216486,-0.0315745734,-0.00256019784,-0.217819273	-0.00134409685,-0.0310267583,-0.00250196271,-0.197512031
p4	2	1068	beta_sigmoid-20	20	16	0	4.957099e-03	1.259068e-02	0.921120942,0.971959949,0.87218219,0.96760267	0.916044891,0.969751775,0.872655153,0.966140628
p4	2	1069	state_predelta-20	20	262144	2	2.176232e-02	6.270999e-02	0.000277495943,0.000927595829,0.00148962007,0.000457509072	0.000299055915,0.000859526801,0.00140914088,0.000369321147
p4	2	1070	new_state-20	20	262144	0	2.488121e-02	6.347710e-02	-0.00171321887,0.000170666084,0.000755976886,-0.000864351867	-0.00169211789,0.000111689675,0.000677091361,-0.000937841134
p4	2	1071	attn_output-20	20	2048	0	3.493023e-02	5.428568e-03	-5.06228644e-05,-0.000685015926,0.00187285512,0.000978329917	-2.3256564e-06,-0.000752081338,0.0018186029,0.000967297761
p4	2	1072	z-20	20	2048	0	3.037776e-02	2.640672e-01	-0.731115937,-2.68452883,0.572075725,0.00885352492	-0.773202777,-2.66292715,0.590859294,0.0214806348
p4	2	1073	final_output-20	20	2048	0	6.310228e-02	2.989354e-01	0.00169556076,0.0175263472,0.0933543891,0.000552236277	8.32340374e-05,0.0202500876,0.0980005413,0.00138597703
p4	2	1074	linear_attn_out-20	20	1024	0	8.928663e-02	3.533658e-02	-0.344452977,-0.0186563358,-0.0493179113,0.0500355661	-0.379789561,-0.0164648667,-0.051683113,0.0452265441
p4	2	1075	attn_residual-20	20	1024	0	4.920527e-02	2.862421e-02	-1.77925408,-0.0321752802,0.0385631472,0.307171315	-1.80182791,-0.0301314518,0.0482293293,0.296927959
p4	2	1076	attn_post_norm-20	20	1024	0	5.180865e-02	2.476245e-01	-9.09474754,-0.288199008,0.349561155,2.16992283	-9.20869732,-0.269850016,0.437113404,2.09723449
p4	2	1077	ffn_out-20	20	1024	0	7.409183e-02	1.847727e-02	-0.126082137,-0.0365991481,-0.0259036943,0.0335515141	-0.129038289,-0.0293175597,-0.02958115,0.041896455
p4	2	1078	l_out-20	20	1024	0	5.205735e-02	3.175484e-02	-1.90533626,-0.0687744319,0.0126594529,0.340722829	-1.93086624,-0.0594490096,0.0186481792,0.338824421
p4	2	1079	attn_norm-21	21	1024	0	5.327268e-02	3.167508e-01	-12.3816395,-0.686186135,0.115228087,2.88510919	-12.5306883,-0.59234637,0.169510275,2.86518025
p4	2	1080	conv_output_silu-21	21	6144	0	2.920730e-02	3.784962e-01	-0.212749526,0.63354671,-0.27516818,-0.250099838	-0.186696053,0.602495313,-0.273024321,-0.249508545
p4	2	1081	q_conv_predelta-21	21	2048	0	3.600815e-02	2.381983e-02	-0.0553581677,0.164851055,-0.0715997145,-0.0650768429	-0.0494040437,0.159434035,-0.0722484812,-0.0660256669
p4	2	1082	k_conv_predelta-21	21	2048	0	3.778810e-02	2.273434e-02	-0.00267437403,0.0465406179,0.0167743992,0.00289345859	-0.00349415583,0.0466575138,0.0167569853,0.0065817493
p4	2	1083	v_conv_predelta-21	21	2048	0	4.492824e-02	2.264513e-01	0.0201799162,-0.0856925324,-0.0984350592,-0.0145923505	0.0150150638,-0.0832011402,-0.101594947,-0.0139893442
p4	2	1084	a_softplus-21	21	16	0	5.864530e-02	9.772468e-02	0.459413618,0.738572121,0.00384128466,0.269700885	0.443635195,0.716272652,0.00364579936,0.261797458
p4	2	1085	gate-21	21	16	0	5.415512e-02	1.865108e-02	-0.135802403,-0.191168696,-0.00143538322,-0.127896309	-0.13113831,-0.185396805,-0.00136233564,-0.124148376
p4	2	1086	beta_sigmoid-21	21	16	0	2.412144e-03	5.744934e-03	0.801975846,0.918049753,0.83482182,0.98197192	0.796230912,0.91448468,0.836244762,0.981849492
p4	2	1087	state_predelta-21	21	262144	0	3.555354e-02	7.080078e-02	0.00117180427,-9.77834861e-05,0.00291723665,-0.000655946205	0.00116342958,-5.72779099e-05,0.00305683236,-0.000636843557
p4	2	1088	new_state-21	21	262144	0	4.386263e-02	6.780827e-02	0.00100701733,0.000192818494,0.00264705648,-0.000555355975	0.00101479527,2.51354577e-05,0.00270820712,-0.00054794061
p4	2	1089	attn_output-21	21	2048	0	5.341940e-02	6.049000e-03	0.000123454651,-0.00046162447,-0.000390437257,-8.0163627e-05	0.000107128653,-0.000452176522,-0.000396656222,-8.22588481e-05
p4	2	1090	z-21	21	2048	0	3.839398e-02	2.522445e-01	-0.839715242,0.210238338,-0.197909236,0.882265627	-0.773020983,0.161657393,-0.159859806,0.827830434
p4	2	1091	final_output-21	21	2048	0	8.588719e-02	3.046777e-01	-0.0236473046,-0.0334739238,0.023766797,-0.042421367	-0.0197933074,-0.024677055,0.0199233089,-0.0402099118
p4	2	1092	linear_attn_out-21	21	1024	0	1.000476e-01	1.919200e-02	0.0177391618,-0.0394026265,0.0112468023,0.0850604028	0.013120167,-0.0424951836,0.0127945915,0.091151379
p4	2	1093	attn_residual-21	21	1024	0	5.582491e-02	3.393844e-02	-1.88759708,-0.108177058,0.0239062551,0.425783217	-1.91774607,-0.101944193,0.0314427689,0.429975808
p4	2	1094	attn_post_norm-21	21	1024	0	5.800820e-02	2.626331e-01	-8.75546741,-0.867370903,0.189153165,2.69333363	-8.8912344,-0.817020714,0.248670205,2.7186079
p4	2	1095	ffn_out-21	21	1024	0	7.727590e-02	2.672881e-02	-0.115171105,0.0207687616,-0.0781398341,0.0901453421	-0.114388809,0.019088354,-0.0645270646,0.0836579427
p4	2	1096	l_out-21	21	1024	0	5.847438e-02	4.777253e-02	-2.00276828,-0.0874082968,-0.0542335808,0.515928566	-2.03213477,-0.0828558356,-0.0330842957,0.513633728
p4	2	1097	attn_norm-22	22	1024	0	5.902010e-02	3.345861e-01	-10.625103,-0.665274978,-0.379795939,3.60827661	-10.7683535,-0.629891872,-0.231418639,3.5880475
p4	2	1098	conv_output_silu-22	22	6144	0	2.978496e-02	1.008811e-01	-0.239682272,-0.0886932313,0.0405592509,0.075236544	-0.24237828,-0.0839812234,0.0410315283,0.0678701401
p4	2	1099	q_conv_predelta-22	22	2048	0	3.095987e-02	1.902336e-02	-0.0594965704,-0.0220164098,0.0100680636,0.0186760426	-0.0612475611,-0.0212215595,0.0103684254,0.0171503853
p4	2	1100	k_conv_predelta-22	22	2048	0	4.708906e-02	2.641927e-02	-0.0187776741,0.0294118151,-0.0427569598,0.0226224232	-0.017270701,0.0270685125,-0.0433855765,0.0168409832
p4	2	1101	v_conv_predelta-22	22	2048	0	3.777805e-02	4.291689e-02	-0.00901905075,0.00827084668,0.000182548101,-0.00229629083	-0.00967202149,0.00703274226,-0.00200491422,-0.00285436935
p4	2	1102	a_softplus-22	22	16	0	2.914767e-02	1.097033e-01	0.687445521,0.66922909,3.39769077,0.0843455866	0.609338522,0.637310386,3.33253789,0.0804264843
p4	2	1103	gate-22	22	16	0	2.600634e-02	5.061975e-02	-0.127164632,-0.151676729,-2.22826004,-0.0158480667	-0.112716295,-0.144442543,-2.18553162,-0.0151116885
p4	2	1104	beta_sigmoid-22	22	16	0	3.807488e-03	1.074502e-02	0.919650137,0.943893254,0.961062133,0.882989228	0.916439593,0.942014158,0.962085605,0.883535802
p4	2	1105	state_predelta-22	22	262144	0	4.149957e-02	4.787821e-02	0.000262434536,-0.000108218759,0.00291193509,-0.000315490412	0.000383665669,-9.73148926e-05,0.00306376908,-0.000361121667
p4	2	1106	new_state-22	22	262144	0	4.291591e-02	4.710492e-02	0.000476289308,-0.000479345588,0.00312252296,-0.000573213154	0.000586502836,-0.000468948361,0.00334946672,-0.000560297456
p4	2	1107	attn_output-22	22	2048	0	2.471003e-02	6.537139e-04	1.25311681e-05,6.52442977e-05,2.50835838e-05,-1.6901824e-05	1.88663398e-05,5.47805976e-05,1.02090407e-05,-2.613998e-05
p4	2	1108	z-22	22	2048	0	3.155411e-02	2.451062e-01	1.8245331,0.367562503,-3.20136285,0.146918982	1.84552813,0.432523608,-3.10096645,0.169322476
p4	2	1109	final_output-22	22	2048	0	8.977604e-02	4.762474e-01	0.0219129939,0.0142542645,-0.00329079945,-0.00125790189	0.0334534273,0.0144493533,-0.00142787152,-0.00226441002
p4	2	1110	linear_attn_out-22	22	1024	0	9.264067e-02	3.323597e-02	0.234855101,0.0269584991,0.0863086432,-0.00717773894	0.211240456,0.0293715559,0.0917418227,-0.0255005602
p4	2	1111	attn_residual-22	22	1024	0	6.192746e-02	5.562103e-02	-1.76791322,-0.0604497977,0.0320750624,0.508750856	-1.82089436,-0.0534842797,0.058657527,0.488133162
p4	2	1112	attn_post_norm-22	22	1024	0	6.300950e-02	3.406518e-01	-7.93817711,-0.391610086,0.204090506,2.66149163	-8.15318775,-0.345515877,0.372187614,2.54648519
p4	2	1113	ffn_out-22	22	1024	0	7.567328e-02	4.861167e-02	-0.459934294,-0.0659925565,0.0343848467,-0.0999331772	-0.411322623,-0.0625903606,0.0238796677,-0.117382161
p4	2	1114	l_out-22	22	1024	0	6.545799e-02	6.496638e-02	-2.22784758,-0.126442358,0.0664599091,0.408817679	-2.23221707,-0.116074637,0.0825371966,0.370750993
p4	2	1115	attn_norm-23	23	1024	0	6.376118e-02	3.046548e-01	-9.18971729,-0.667836785,0.362725377,1.8212992	-9.18552399,-0.611597776,0.449385166,1.64772511
p4	2	1116	attn_pregate-23	23	2048	0	2.515910e-02	9.245105e-01	-6.1595974,0.287014127,-0.346431851,-0.0680830032	-6.13935661,0.246288702,-0.383534819,-0.102004826
p4	2	1117	attn_gated-23	23	2048	0	4.803887e-02	2.303542e-01	-0.63594836,0.0214133523,-0.0248221103,-0.00527445972	-0.591227531,0.0191646423,-0.0281702802,-0.0079434095
p4	2	1118	attn_output-23	23	1024	0	7.233444e-02	9.139228e-02	0.704748988,0.132042468,0.00400836766,0.14824158	0.613356709,0.133574516,-0.00179065764,0.177636802
p4	2	1119	attn_residual-23	23	1024	0	7.425056e-02	9.576178e-02	-1.52309859,0.0056001097,0.0704682767,0.557059288	-1.61886036,0.017499879,0.0807465389,0.548387766
p4	2	1120	attn_post_norm-23	23	1024	0	7.439199e-02	4.235014e-01	-6.74083662,0.0299602002,0.346852064,2.56489396	-7.15028048,0.0934353247,0.396645457,2.51990223
p4	2	1121	ffn_out-23	23	1024	0	9.336937e-02	1.197184e-01	1.42226779,0.438157439,-0.289768249,0.720436454	1.37177408,0.435509473,-0.268864453,0.840154886
p4	2	1122	l_out-23	23	1024	0	8.497519e-02	1.462555e-01	-0.100830793,0.443757534,-0.219299972,1.27749574	-0.247086287,0.453009367,-0.188117921,1.38854265
p4	2	1123	result_norm	-1	1024	0	8.156705e-02	1.782825e+00	-0.0806096122,5.97497082,-2.86664104,18.6342373	-0.19584772,6.0474658,-2.43804169,20.0811043
p4	2	1124	result_output	-1	248320	1	7.893069e-02	1.445398e+00	9.08821678,5.07140589,8.78228188,3.49695897	9.59693718,5.03364849,8.98404884,3.48217535
p4	3	1125	model.input_embed	-1	1024	1024	0.000000e+00	0.000000e+00	0.0132803321,-0.00204312801,-0.0122587681,0.0255391002	0.0132803321,-0.00204312801,-0.0122587681,0.0255391002
p4	3	1126	attn_norm-0	0	1024	1024	0.000000e+00	0.000000e+00	1.5558511,-0.154977351,-1.10237288,2.61217475	1.5558511,-0.154977351,-1.10237288,2.61217475
p4	3	1127	conv_output_silu-0	0	6144	6144	0.000000e+00	0.000000e+00	-0.00173317746,0.0157731082,-0.0130554149,-0.0155840311	-0.00173317746,0.0157731082,-0.0130554149,-0.0155840311
p4	3	1128	q_conv_predelta-0	0	2048	2048	0.000000e+00	0.000000e+00	-0.00360168656,0.0327778235,-0.027130235,-0.0323849097	-0.00360168656,0.0327778235,-0.027130235,-0.0323849097
p4	3	1129	k_conv_predelta-0	0	2048	2048	0.000000e+00	0.000000e+00	-0.075024724,0.0650910065,0.00634285575,0.00972129125	-0.075024724,0.0650910065,0.00634285575,0.00972129125
p4	3	1130	v_conv_predelta-0	0	2048	2048	0.000000e+00	0.000000e+00	0.00743849762,-0.00143130473,-0.0149791995,0.0210651662	0.00743849762,-0.00143130473,-0.0149791995,0.0210651662
p4	3	1131	a_softplus-0	0	16	16	0.000000e+00	0.000000e+00	4.62693262,0.00961801503,0.0230633877,5.78750658	4.62693262,0.00961801503,0.0230633877,5.78750658
p4	3	1132	gate-0	0	16	16	0.000000e+00	0.000000e+00	-5.98769569,-0.00126160902,-0.00275452901,-3.28476572	-5.98769569,-0.00126160902,-0.00275452901,-3.28476572
p4	3	1133	beta_sigmoid-0	0	16	16	0.000000e+00	0.000000e+00	0.774540186,0.362739265,0.698212206,0.997367084	0.774540186,0.362739265,0.698212206,0.997367084
p4	3	1134	state_predelta-0	0	262144	216993	3.196267e-08	2.980232e-08	0.000270864082,0.000284769339,0.000593080942,-4.44501384e-05	0.000270864082,0.000284769339,0.000593080942,-4.44501384e-05
p4	3	1135	new_state-0	0	262144	213054	3.172136e-08	2.980232e-08	-0.000430970977,0.000375212199,3.79815792e-05,5.58193788e-05	-0.000430970977,0.000375212199,3.79815792e-05,5.58193788e-05
p4	3	1136	attn_output-0	0	2048	486	2.996888e-07	1.862645e-08	1.10316932e-05,-2.1286296e-06,-2.23369243e-05,3.14337449e-05	1.10316823e-05,-2.1286296e-06,-2.23369243e-05,3.14337558e-05
p4	3	1137	z-0	0	2048	2048	0.000000e+00	0.000000e+00	0.388505101,-1.41854525,0.805943251,-0.0319661349	0.388505101,-1.41854525,0.805943251,-0.0319661349
p4	3	1138	final_output-0	0	2048	495	1.767845e-07	3.576279e-07	0.00245561614,0.000581721193,-0.0115246484,-0.000456167822	0.00245561404,0.000581721193,-0.0115246484,-0.000456167967
p4	3	1139	linear_attn_out-0	0	1024	58	5.463380e-07	7.823110e-08	-0.672615767,-0.0215012804,-0.0450527668,-0.0392424576	-0.672615707,-0.0215013232,-0.0450527519,-0.0392424725
p4	3	1140	attn_residual-0	0	1024	70	5.463731e-07	7.450581e-08	-0.659335434,-0.0235444084,-0.0573115349,-0.0137033574	-0.659335375,-0.0235444512,-0.05731152,-0.0137033723
p4	3	1141	attn_post_norm-0	0	1024	85	6.166798e-07	2.026558e-06	-10.2213392,-0.669530809,-1.67702353,-0.392910004	-10.2213383,-0.669532001,-1.67702305,-0.392910421
p4	3	1142	ffn_out-0	0	1024	121	2.543965e-07	2.980232e-08	0.256292999,-0.0103787575,0.0220440775,0.021410279	0.256292969,-0.0103787649,0.0220440812,0.0214102808
p4	3	1143	l_out-0	0	1024	56	5.672117e-07	8.102506e-08	-0.403042436,-0.033923164,-0.0352674574,0.00770692155	-0.403042406,-0.0339232162,-0.0352674387,0.00770690851
p4	3	1144	attn_norm-1	1	1024	83	5.844741e-07	2.862536e-06	-11.6759176,-1.27340353,-1.26630604,0.296700478	-11.6759157,-1.27340543,-1.26630545,0.296700001
p4	3	1145	conv_output_silu-1	1	6144	0	1.410022e-03	2.682589e-03	-0.00389524852,0.00450199842,-0.0183636937,-0.275922656	-0.00389614375,0.00449869549,-0.0184035897,-0.27594173
p4	3	1146	q_conv_predelta-1	1	2048	0	1.047116e-03	1.017809e-03	-0.00240004621,0.00277389353,-0.0113147376,-0.170008957	-0.00240112701,0.00277246931,-0.0113418195,-0.170058191
p4	3	1147	k_conv_predelta-1	1	2048	0	1.936248e-03	1.286186e-03	-0.0996762589,-0.0498878546,0.0287723411,0.00484109996	-0.0997918621,-0.0498850085,0.0287977532,0.00488535082
p4	3	1148	v_conv_predelta-1	1	2048	0	1.047791e-03	2.339602e-03	0.153323218,-0.0611149743,-0.000993433874,0.00798586849	0.152957156,-0.0608186126,-0.000948909088,0.00797849149
p4	3	1149	a_softplus-1	1	16	16	0.000000e+00	0.000000e+00	0.0268594995,0.572213709,1.06260955,0.582225502	0.0268594995,0.572213709,1.06260955,0.582225502
p4	3	1150	gate-1	1	16	16	0.000000e+00	0.000000e+00	-0.00481564272,-0.617201865,-1.21709871,-0.176186904	-0.00481564272,-0.617201865,-1.21709871,-0.176186904
p4	3	1151	beta_sigmoid-1	1	16	16	0.000000e+00	0.000000e+00	0.233194217,0.883247256,0.955107272,0.864252567	0.233194217,0.883247256,0.955107272,0.864252567
p4	3	1152	state_predelta-1	1	262144	14	7.972462e-04	9.196550e-04	-0.00684722699,0.0644885376,0.0052401619,0.000843907939	-0.00684225094,0.0644782782,0.00523892557,0.000844326743
p4	3	1153	new_state-1	1	262144	6	1.456851e-03	1.641467e-03	-0.0102653401,0.0624515004,0.00621114857,0.00100746308	-0.0102586411,0.0624442659,0.00620913878,0.0010091305
p4	3	1154	attn_output-1	1	2048	0	8.345501e-04	9.509735e-06	0.00125787279,-0.000781866082,0.00015300719,2.46491327e-05	0.00125782378,-0.000781512354,0.000153148037,2.4651119e-05
p4	3	1155	z-1	1	2048	263	2.222080e-07	1.907349e-06	-4.77189922,-6.17483187,-1.64922643,0.0820682645	-4.77189875,-6.17483139,-1.64922738,0.0820680261
p4	3	1156	final_output-1	1	2048	0	1.333033e-03	1.184911e-03	-0.0422935858,0.00839890726,-0.0373467989,0.00106556178	-0.0422906168,0.00839484669,-0.0373799875,0.00106561068
p4	3	1157	linear_attn_out-1	1	1024	0	6.224062e-03	5.601048e-04	-0.106518567,0.0144725889,0.035366863,0.0194927156	-0.107078671,0.014218092,0.0352288261,0.0192588493
p4	3	1158	attn_residual-1	1	1024	0	2.907391e-03	5.601048e-04	-0.509561002,-0.0194505751,9.94056463e-05,0.0271996371	-0.510121107,-0.0197051242,-3.86126339e-05,0.0269657578
p4	3	1159	attn_post_norm-1	1	1024	0	3.141213e-03	1.325250e-02	-7.97492456,-0.479531914,0.00247582654,0.715205014	-7.9822278,-0.485718518,-0.000961521524,0.708925366
p4	3	1160	ffn_out-1	1	1024	0	1.897278e-02	2.225883e-03	0.361533701,0.0479648598,-0.00157867279,-0.0171391033	0.362682164,0.048079595,-0.000950925983,-0.0166512579
p4	3	1161	l_out-1	1	1024	0	1.236356e-02	2.097704e-03	-0.148027301,0.0285142846,-0.00147926714,0.0100605339	-0.147438943,0.0283744708,-0.000989538617,0.0103145
p4	3	1162	attn_norm-2	2	1024	0	1.249499e-02	6.450486e-02	-3.96714807,0.936127841,-0.0468920358,0.334501565	-3.95221758,0.931735218,-0.0313745365,0.343018353
p4	3	1163	conv_output_silu-2	2	6144	0	2.118600e-02	6.834923e-02	0.0299309976,-0.00653864816,0.123462096,0.00180222327	0.0299132857,-0.00658333814,0.12331634,0.00192239194
p4	3	1164	q_conv_predelta-2	2	2048	0	1.621205e-02	2.365531e-02	0.0446793772,-0.00976054184,0.184297562,0.0026902617	0.0446444266,-0.00982537866,0.184044898,0.00286909589
p4	3	1165	k_conv_predelta-2	2	2048	0	2.320901e-02	3.744669e-02	-0.0930610374,0.00830275845,0.063160494,-0.252294272	-0.0934182331,0.00770107983,0.063729465,-0.253702343
p4	3	1166	v_conv_predelta-2	2	2048	0	2.082951e-02	3.147823e-02	-0.0136338416,0.0377703682,-0.0199777205,-0.0250044726	-0.0140500218,0.0366571657,-0.0204860959,-0.0257579852
p4	3	1167	a_softplus-2	2	16	0	8.845573e-03	1.400477e-02	1.27330816,0.622782946,0.15191327,0.987670958	1.27104318,0.636787713,0.157122716,0.991486669
p4	3	1168	gate-2	2	16	0	5.242852e-03	4.534423e-03	-1.14305925,-0.175663993,-0.0452576727,-0.64520514	-1.1410259,-0.179614216,-0.0468096621,-0.647697806
p4	3	1169	beta_sigmoid-2	2	16	0	2.523654e-03	4.096627e-03	0.932127655,0.616050482,0.751882315,0.84200418	0.933201194,0.61816144,0.753593087,0.842826128
p4	3	1170	state_predelta-2	2	262144	2	4.456872e-03	4.093315e-03	-0.000723901379,-0.000167770035,0.000318320177,0.0014640427	-0.000712577486,-0.000169740961,0.000316339341,0.0014569771
p4	3	1171	new_state-2	2	262144	3	1.321571e-02	1.142906e-02	0.000853388919,-0.000150222695,-0.000634351745,0.00340613001	0.000899218139,-0.000147126877,-0.000667684653,0.00352583779
p4	3	1172	attn_output-2	2	2048	0	3.814423e-03	1.711324e-04	-7.68495302e-05,0.000214572487,-9.23776461e-05,-0.000110428526	-7.93631771e-05,0.000210455619,-9.56316508e-05,-0.000114914008
p4	3	1173	z-2	2	2048	0	9.232833e-03	8.714581e-02	-1.05675101,0.464830399,1.01623011,0.908680975	-1.05807781,0.452537328,1.0555737,0.915251791
p4	3	1174	final_output-2	2	2048	0	1.504067e-02	1.106561e-02	0.0206558406,0.0392458029,-0.0607863478,-0.0674001798	0.0213157777,0.0372593366,-0.0659745336,-0.0707070827
p4	3	1175	linear_attn_out-2	2	1024	0	3.211554e-02	3.486454e-03	-0.530821264,-0.0243851244,-0.000345610082,0.0132676549	-0.527334809,-0.0237567388,-0.000323299319,0.0106337145
p4	3	1176	attn_residual-2	2	1024	0	1.756606e-02	4.074812e-03	-0.678848565,0.0041291602,-0.00182487722,0.0233281888	-0.674773753,0.00461773202,-0.00131283794,0.0209482145
p4	3	1177	attn_post_norm-2	2	1024	0	1.908354e-02	7.633448e-02	-9.8039093,0.0936561376,-0.0420163609,0.535430729	-9.74497128,0.104736783,-0.0302267801,0.480800897
p4	3	1178	ffn_out-2	2	1024	0	3.436149e-02	4.888997e-03	0.678884625,-0.00423469068,-0.0101740193,0.0286044478	0.683112502,-0.00290383119,-0.010375456,0.0310059041
p4	3	1179	l_out-2	2	1024	0	2.897581e-02	8.302689e-03	3.60608101e-05,-0.000105530489,-0.0119988965,0.0519326366	0.00833874941,0.00171390083,-0.0116882939,0.0519541204
p4	3	1180	attn_norm-3	3	1024	0	2.770233e-02	1.931393e-01	0.000841443369,-0.00293966848,-0.302120537,1.37900591	0.193980739,0.0475964285,-0.293398798,1.3753525
p4	3	1181	attn_pregate-3	3	2048	0	2.425804e-02	6.606114e-02	0.136373267,-0.424735278,0.667899668,0.326454699	0.129718244,-0.430221438,0.643292844,0.336610645
p4	3	1182	attn_gated-3	3	2048	0	2.259750e-02	1.523310e-02	0.00816533994,-0.0775795802,0.0734150708,0.00817868579	0.00786486082,-0.076942049,0.0709823519,0.00797580648
p4	3	1183	attn_output-3	3	1024	0	4.373620e-02	3.659913e-03	-0.0873893425,0.0422674716,-0.0310739502,-0.0269364007	-0.0844783783,0.0427566804,-0.0300697275,-0.027306838
p4	3	1184	attn_residual-3	3	1024	0	3.367934e-02	1.121365e-02	-0.0873532817,0.0421619415,-0.0430728458,0.024996236	-0.0761396289,0.0444705822,-0.0417580232,0.0246472824
p4	3	1185	attn_post_norm-3	3	1024	0	3.478817e-02	1.628851e-01	-1.26388359,0.913554966,-0.961344123,0.562731504	-1.10099852,0.963019431,-0.931458175,0.554553926
p4	3	1186	ffn_out-3	3	1024	0	5.556959e-02	7.085774e-03	0.00607848167,0.00239705294,-0.0373698026,0.01497648	0.00198483467,0.000335682184,-0.0363429412,0.0123541076
p4	3	1187	l_out-3	3	1024	0	4.299149e-02	9.213425e-03	-0.0812748,0.0445589945,-0.0804426521,0.0399727151	-0.0741547942,0.0448062643,-0.0781009644,0.03700139
p4	3	1188	attn_norm-4	4	1024	0	4.250871e-02	2.448328e-01	-1.74835873,1.26425302,-2.12714076,1.16269588	-1.5866617,1.26446807,-2.05417156,1.07051075
p4	3	1189	conv_output_silu-4	4	6144	0	2.156959e-02	8.039713e-02	-0.143355682,0.0366021618,-0.0754430816,0.0769901499	-0.147053659,0.0365021303,-0.0766722038,0.0800640509
p4	3	1190	q_conv_predelta-4	4	2048	0	3.086696e-02	2.995493e-02	-0.0566071644,0.0144531736,-0.0297903698,0.0304012634	-0.0572164953,0.0142024616,-0.0298320688,0.0311517883
p4	3	1191	k_conv_predelta-4	4	2048	0	3.437479e-02	3.462022e-02	0.0253902748,0.198521227,0.03504619,-0.0155000603	0.0254078265,0.206024125,0.034147948,-0.0165167898
p4	3	1192	v_conv_predelta-4	4	2048	0	1.340122e-02	8.039713e-02	-0.0822538808,0.00498243701,0.0204917081,-0.0127181523	-0.0838806704,0.00513694948,0.0230625626,-0.0136511913
p4	3	1193	a_softplus-4	4	16	0	1.313420e-02	2.804041e-02	0.2338662,2.36748672,0.121898241,1.65845191	0.245695218,2.39552712,0.11765492,1.67837119
p4	3	1194	gate-4	4	16	0	1.220801e-02	2.724433e-02	-0.0974899307,-2.30025578,-0.0383569822,-0.870535553	-0.102421001,-2.3275001,-0.0370217599,-0.880991399
p4	3	1195	beta_sigmoid-4	4	16	0	8.224980e-03	1.230371e-02	0.719025075,0.93453598,0.592011273,0.820545673	0.716451585,0.931830227,0.584111452,0.817073226
p4	3	1196	state_predelta-4	4	262144	0	2.645952e-03	2.394295e-02	-0.00148247345,0.00521985255,0.00380419428,0.00037376309	-0.0014730515,0.00507600186,0.00383582944,0.000306348957
p4	3	1197	new_state-4	4	262144	0	4.648797e-03	1.954174e-02	-0.00351713784,-0.0122503107,0.000452307519,0.00166521617	-0.00352402916,-0.0132116918,0.000513177365,0.00170301984
p4	3	1198	attn_output-4	4	2048	0	4.650897e-03	1.367860e-03	-2.25730582e-05,1.64421508e-05,2.01844396e-05,2.29164266e-06	-2.64888367e-05,1.62482447e-05,2.37982313e-05,4.71218812e-07
p4	3	1199	z-4	4	2048	0	2.355867e-02	2.370422e-01	-3.05916238,-0.133056298,-1.4359045,1.14936244	-2.99950719,-0.124562293,-1.35170674,1.19803357
p4	3	1200	final_output-4	4	2048	0	4.364985e-02	2.309477e-02	0.00270291814,-0.00107252738,-0.00464539276,0.00188711437	0.00329293078,-0.00099698198,-0.00551722059,0.000409256434
p4	3	1201	linear_attn_out-4	4	1024	0	6.397461e-02	3.808480e-03	0.029854022,0.000698337331,-0.0127149411,-0.0190760419	0.0309937373,0.000307902694,-0.0124843474,-0.0207655318
p4	3	1202	attn_residual-4	4	1024	0	4.566054e-02	8.649621e-03	-0.051420778,0.0452573299,-0.0931575894,0.0208966732	-0.0431610569,0.045114167,-0.0905853137,0.0162358582
p4	3	1203	attn_post_norm-4	4	1024	0	4.797613e-02	2.092263e-01	-0.77078259,0.991373301,-2.00691104,0.474013984	-0.644998491,0.985223174,-1.94554389,0.367166102
p4	3	1204	ffn_out-4	4	1024	0	7.374823e-02	9.784978e-03	-0.0944930762,0.0077316016,0.0342368037,0.00815490633	-0.0902056247,0.00733552873,0.0330245197,0.00572565198
p4	3	1205	l_out-4	4	1024	0	5.264693e-02	1.254718e-02	-0.145913854,0.0529889315,-0.0589207858,0.0290515795	-0.133366674,0.0524496958,-0.0575607941,0.0219615102
p4	3	1206	attn_norm-5	5	1024	0	5.313297e-02	2.576172e-01	-3.05793524,1.49551284,-1.5466094,0.858161032	-2.800318,1.48311996,-1.51379561,0.649964392
p4	3	1207	conv_output_silu-5	5	6144	0	2.813572e-02	6.281531e-02	0.519956589,-0.0723773986,0.0149008343,-0.234413236	0.53064239,-0.0882488489,0.0147247175,-0.236959338
p4	3	1208	q_conv_predelta-5	5	2048	0	3.504606e-02	2.880830e-02	0.296048969,-0.0412096977,0.00848412514,-0.133468449	0.300223768,-0.0499289222,0.00833086483,-0.134065479
p4	3	1209	k_conv_predelta-5	5	2048	0	3.939263e-02	3.935479e-02	-0.00961288344,0.00262597157,-0.0596308075,0.00399572449	-0.0091912169,0.0024998528,-0.0644753352,0.00346019561
p4	3	1210	v_conv_predelta-5	5	2048	0	1.322986e-02	2.167463e-02	0.00580879254,-0.01092254,-0.00688434392,-0.00643718941	0.00629112078,-0.0117021548,-0.006137277,-0.0063133887
p4	3	1211	a_softplus-5	5	16	0	2.304044e-02	1.581684e-02	0.084052451,0.0286183152,0.150635526,0.0106210914	0.0822492391,0.0267673526,0.140670195,0.0102845235
p4	3	1212	gate-5	5	16	0	1.697608e-02	1.113051e-02	-0.0641940013,-0.0034717957,-0.0383853428,-0.00444485852	-0.062816821,-0.00324724824,-0.0358459502,-0.00430400716
p4	3	1213	beta_sigmoid-5	5	16	0	8.407641e-03	1.370233e-02	0.390759051,0.5846591,0.852390885,0.660683751	0.392998576,0.577910423,0.848202825,0.658473969
p4	3	1214	state_predelta-5	5	262144	3	3.966719e-03	7.884562e-03	0.000586853654,0.000148288018,0.0135974139,-0.00235938886	0.000586343871,0.00014574443,0.0136248069,-0.00237119244
p4	3	1215	new_state-5	5	262144	3	9.030289e-03	1.264703e-02	0.000500674942,0.000152641835,0.0124437306,-0.00219203485	0.000502717739,0.000149906133,0.0124590648,-0.0022087805
p4	3	1216	attn_output-5	5	2048	0	1.889257e-02	7.888526e-04	-0.000127844571,-4.48977589e-05,4.49968575e-05,1.12428324e-05	-0.00012903157,-4.53106659e-05,4.59279181e-05,1.11359377e-05
p4	3	1217	z-5	5	2048	0	3.373418e-02	2.451348e-01	1.89564037,0.954654038,0.756935716,1.35907102	1.80238438,0.899902105,0.761582494,1.31283069
p4	3	1218	final_output-5	5	2048	0	5.845819e-02	6.419832e-02	-0.199251994,-0.0281966422,0.0223759878,0.011614738	-0.188761115,-0.026405545,0.0230086781,0.0110042356
p4	3	1219	linear_attn_out-5	5	1024	0	7.555534e-02	5.679170e-03	-0.147970825,-0.0201471001,0.0204322245,0.0100272484	-0.143563092,-0.0184781365,0.0211763829,0.0120876115
p4	3	1220	attn_residual-5	5	1024	0	5.621209e-02	1.695493e-02	-0.293884695,0.0328418314,-0.0384885594,0.0390788279	-0.276929766,0.0339715593,-0.0363844112,0.0340491235
p4	3	1221	attn_post_norm-5	5	1024	0	5.962034e-02	2.270660e-01	-3.97254848,0.667309403,-0.742810547,0.835547864	-3.76104784,0.693525434,-0.70551908,0.731446743
p4	3	1222	ffn_out-5	5	1024	0	9.022830e-02	1.075725e-02	-0.0928582773,-0.0279314592,0.0050880136,-0.0137947854	-0.0959906206,-0.0276436582,0.0096005192,-0.0143700466
p4	3	1223	l_out-5	5	1024	0	6.082279e-02	1.437366e-02	-0.386742979,0.0049103722,-0.0334005468,0.0252840426	-0.372920394,0.00632790104,-0.026783891,0.019679077
p4	3	1224	attn_norm-6	6	1024	0	6.266573e-02	3.668296e-01	-7.45117521,0.122589901,-0.806257665,0.668667138	-7.18324661,0.157943681,-0.646392405,0.520319998
p4	3	1225	conv_output_silu-6	6	6144	0	4.183900e-02	1.068701e-01	-0.0287112631,-0.00586638646,0.000839619839,-0.22000286	-0.0229899678,-0.0194451082,0.00354462978,-0.215436295
p4	3	1226	q_conv_predelta-6	6	2048	0	4.115918e-02	2.946216e-02	-0.01090826,-0.00222881394,0.000318996463,-0.083585605	-0.00881227013,-0.00745349284,0.00135868986,-0.0825787559
p4	3	1227	k_conv_predelta-6	6	2048	0	4.450920e-02	2.531686e-02	-0.0162797235,-0.000572482648,0.166362569,0.0405304544	-0.0165932421,-0.000424402038,0.168390021,0.0407018326
p4	3	1228	v_conv_predelta-6	6	2048	0	3.745750e-02	3.486937e-02	-0.00175156258,-0.000727265025,-0.000854038983,0.00172718451	-0.00355034531,-0.0010335315,-0.000737353927,0.00176705699
p4	3	1229	a_softplus-6	6	16	0	1.128685e-02	1.887774e-02	0.460044265,0.127194613,0.494532168,0.0634104013	0.464647561,0.131655052,0.478726268,0.0592648797
p4	3	1230	gate-6	6	16	0	1.554187e-02	1.006514e-02	-0.0837802812,-0.0945230052,-0.150823802,-0.0351556093	-0.0846186057,-0.0978377238,-0.146003276,-0.0328572728
p4	3	1231	beta_sigmoid-6	6	16	0	1.422053e-02	1.587838e-02	0.753421605,0.46912694,0.638049126,0.520264208	0.74967432,0.457513541,0.64153713,0.5135656
p4	3	1232	state_predelta-6	6	262144	1	8.401726e-03	8.388698e-03	0.000141244222,-6.70703594e-05,0.000246244599,-0.000414165319	0.000141576864,-6.73039249e-05,0.000245504372,-0.000415324146
p4	3	1233	new_state-6	6	262144	0	1.728224e-02	1.361104e-02	0.00011742919,-6.21184226e-05,0.000353821262,-0.000349850248	0.000140704418,-6.15715762e-05,0.000117865289,-0.000407662912
p4	3	1234	attn_output-6	6	2048	0	1.751716e-02	2.771043e-04	-2.52864102e-05,2.48349479e-05,-1.06948864e-05,-3.60027684e-06	-2.98624636e-05,2.49007353e-05,-1.07687947e-05,-3.82470262e-06
p4	3	1235	z-6	6	2048	0	3.067325e-02	2.074258e-01	0.148541912,1.31328046,0.600165248,0.286361575	0.144540355,1.29638326,0.610923171,0.259521663
p4	3	1236	final_output-6	6	2048	0	5.628559e-02	5.021387e-02	-0.00169065257,0.0247538332,-0.00394558022,-0.000604210712	-0.00193764863,0.0243920926,-0.00405615522,-0.000574538019
p4	3	1237	linear_attn_out-6	6	1024	0	6.460541e-02	1.157106e-02	-0.0154235214,0.00780499354,-0.0151779801,0.0156489145	-0.026994586,0.00649334071,-0.0147512089,0.0169886984
p4	3	1238	attn_residual-6	6	1024	0	5.724712e-02	1.232137e-02	-0.402166486,0.0127153657,-0.0485785268,0.0409329571	-0.39991498,0.0128212422,-0.0415351018,0.0366677754
p4	3	1239	attn_post_norm-6	6	1024	0	6.013783e-02	2.488623e-01	-6.07451725,0.235264763,-0.887276232,0.774865329	-6.02983952,0.236804724,-0.757289588,0.69289887
p4	3	1240	ffn_out-6	6	1024	0	8.963964e-02	1.049217e-02	0.0170332789,0.0424744934,-0.0196299572,0.0453511067	0.0191003308,0.0391902626,-0.0207626503,0.0466990434
p4	3	1241	l_out-6	6	1024	0	5.924584e-02	1.186866e-02	-0.385133207,0.0551898591,-0.0682084858,0.0862840638	-0.380814642,0.0520115048,-0.062297754,0.0833668187
p4	3	1242	attn_norm-7	7	1024	0	5.737196e-02	2.169941e-01	-6.34149027,0.965682864,-1.23248529,1.81116986	-6.27331257,0.910495043,-1.12620807,1.75075245
p4	3	1243	attn_pregate-7	7	2048	0	4.296839e-02	4.043102e-01	0.0329504199,-0.0795913786,0.787916243,-0.275401443	0.0429255627,-0.0660112798,0.800596476,-0.265564919
p4	3	1244	attn_gated-7	7	2048	0	5.334973e-02	4.387948e-02	0.00439241715,-0.0146544985,0.0446171239,-0.0217335355	0.0057332241,-0.0119743636,0.0472153164,-0.0210237149
p4	3	1245	attn_output-7	7	1024	0	7.042533e-02	5.957954e-03	-0.0336334333,-0.0122967605,0.0161797125,-0.0532872304	-0.0345598608,-0.0123363091,0.0143677201,-0.0554842912
p4	3	1246	attn_residual-7	7	1024	0	6.459462e-02	1.374134e-02	-0.418766648,0.0428930968,-0.0520287752,0.0329968333	-0.415374517,0.0396751948,-0.047930032,0.0278825276
p4	3	1247	attn_post_norm-7	7	1024	0	6.954147e-02	2.642393e-01	-5.17738771,0.7722404,-0.903248847,0.618143022	-5.14681005,0.715885937,-0.833933055,0.523490191
p4	3	1248	ffn_out-7	7	1024	0	1.014148e-01	1.345891e-02	-0.0543759912,0.0130198095,0.0417966545,-0.0422114991	-0.0409170836,0.0141750099,0.0392798185,-0.0377731584
p4	3	1249	l_out-7	7	1024	0	6.922206e-02	1.685101e-02	-0.473142624,0.0559129044,-0.0102321208,-0.00921466574	-0.456291616,0.0538502038,-0.00865021348,-0.00989063084
p4	3	1250	attn_norm-8	8	1024	0	7.343570e-02	3.296418e-01	-9.45312119,1.3215462,-0.219463721,-0.234040439	-9.16264248,1.27924216,-0.186474308,-0.252481997
p4	3	1251	conv_output_silu-8	8	6144	0	3.742787e-02	7.144654e-02	-0.00854395982,0.00233012857,-0.161164075,-0.0645563528	-0.0131117227,0.0015140085,-0.159805581,-0.0611450896
p4	3	1252	q_conv_predelta-8	8	2048	0	5.320524e-02	4.267308e-02	-0.00708136009,0.00193124474,-0.133575156,-0.053505253	-0.0108345523,0.00125106401,-0.132051453,-0.050525751
p4	3	1253	k_conv_predelta-8	8	2048	0	4.360031e-02	3.034814e-02	-0.0215913169,0.158850253,0.073610194,-0.0182679631	-0.026128035,0.146150947,0.0738869086,-0.0174378678
p4	3	1254	v_conv_predelta-8	8	2048	0	2.107158e-02	2.549428e-02	-0.183358505,-0.0238138847,-0.0171886757,0.0166835003	-0.180709198,-0.02341998,-0.017520573,0.015623454
p4	3	1255	a_softplus-8	8	16	0	3.727604e-02	3.221858e-02	0.194626063,0.0626490712,0.0149371037,0.0249569081	0.20919846,0.0688713342,0.0170439035,0.0266699716
p4	3	1256	gate-8	8	16	0	3.373828e-02	1.166880e-02	-0.06832017,-0.0178095773,-0.00445002969,-0.00376792951	-0.0734355599,-0.0195784122,-0.0050776829,-0.00402656337
p4	3	1257	beta_sigmoid-8	8	16	0	1.201170e-02	1.322621e-02	0.732733369,0.272603393,0.264939576,0.318679214	0.728091359,0.272923827,0.273538321,0.318160057
p4	3	1258	state_predelta-8	8	262144	2	5.718522e-03	1.995873e-02	0.00140919338,-0.0124742277,-0.001178951,-0.00181387074	0.00151275774,-0.0125164408,-0.00121829286,-0.00179321505
p4	3	1259	new_state-8	8	262144	1	9.773859e-03	1.824379e-02	0.00365494587,-0.0288574155,-0.00907469541,0.000284736161	0.00415061042,-0.0269845687,-0.00889445096,0.000165740959
p4	3	1260	attn_output-8	8	2048	0	5.861230e-02	4.905447e-03	-0.000558504486,-6.10808493e-05,-5.48243952e-05,9.3171584e-05	-0.000549025426,-6.10060015e-05,-5.54146682e-05,8.95416233e-05
p4	3	1261	z-8	8	2048	0	3.244198e-02	2.157285e-01	-0.197495744,0.386555701,0.218177438,0.281128287	-0.204316884,0.309755385,0.195646673,0.269996464
p4	3	1262	final_output-8	8	2048	0	7.057006e-02	4.725438e-02	0.0455293246,-0.00910009444,-0.00660483865,0.0112081561	0.046120882,-0.00705408258,-0.00592531171,0.0102935806
p4	3	1263	linear_attn_out-8	8	1024	0	9.351229e-02	4.154530e-03	-0.123315781,-0.022431897,-0.00954003725,0.020242244	-0.125165462,-0.0222898871,-0.0102585806,0.0200861692
p4	3	1264	attn_residual-8	8	1024	0	6.740046e-02	1.500136e-02	-0.596458435,0.0334810093,-0.0197721571,0.0110275783	-0.581457078,0.0315603167,-0.018908795,0.0101955384
p4	3	1265	attn_post_norm-8	8	1024	0	7.496688e-02	2.585220e-01	-7.38414621,0.601125419,-0.342818767,0.217111692	-7.22277546,0.568557262,-0.328958184,0.201409295
p4	3	1266	ffn_out-8	8	1024	0	1.026969e-01	8.507581e-03	-0.134438708,-0.0352751538,0.0126882186,0.00708177593	-0.130569488,-0.0358182006,0.015592875,0.00357866287
p4	3	1267	l_out-8	8	1024	0	6.459378e-02	1.887053e-02	-0.730897129,-0.00179414451,-0.00708393846,0.0181093551	-0.712026596,-0.00425788388,-0.00331592001,0.0137742013
p4	3	1268	attn_norm-9	9	1024	0	6.864258e-02	3.182201e-01	-12.6938343,-0.0379015878,-0.147412419,0.452899694	-12.3756142,-0.0900176764,-0.0690553412,0.344746172
p4	3	1269	conv_output_silu-9	9	6144	0	3.731178e-02	6.058520e-02	-0.0267589986,-0.229154676,-0.241708457,0.0928821787	-0.0277535692,-0.231565326,-0.240779385,0.0957470089
p4	3	1270	q_conv_predelta-9	9	2048	0	4.817464e-02	6.492863e-02	-0.0160645954,-0.137571573,-0.145108148,0.055761233	-0.0167276263,-0.139569029,-0.145122513,0.0577086248
p4	3	1271	k_conv_predelta-9	9	2048	0	4.347354e-02	4.472211e-02	-0.0213594735,0.00237161689,-0.114991911,-0.0208196957	-0.0238575004,0.00139269745,-0.113430746,-0.0226745978
p4	3	1272	v_conv_predelta-9	9	2048	0	2.423550e-02	2.904606e-02	-0.000899735955,0.0396505743,0.00641453592,-0.00364806014	-0.00058585644,0.0377219692,0.00754842814,-0.00413826993
p4	3	1273	a_softplus-9	9	16	0	2.412728e-02	3.686643e-02	0.00761061208,0.0181835592,0.113639541,0.21298942	0.00713301729,0.0215926506,0.125403658,0.243253723
p4	3	1274	gate-9	9	16	0	4.740943e-02	1.098315e-02	-0.00308700046,-0.00248017814,-0.0386639088,-0.0393990837	-0.00289327954,-0.00294516701,-0.0426664464,-0.0449974164
p4	3	1275	beta_sigmoid-9	9	16	0	1.857616e-02	1.789600e-02	0.578285217,0.15076156,0.380839467,0.298632979	0.582965136,0.160813078,0.380957782,0.316528976
p4	3	1276	state_predelta-9	9	262144	1	8.991061e-03	1.179028e-02	-0.000356518314,-0.000497687724,0.00037684181,8.53039674e-05	-0.00035574584,-0.000499150599,0.000375097909,8.51888326e-05
p4	3	1277	new_state-9	9	262144	2	1.475734e-02	1.313818e-02	-0.000372945506,-0.000494207721,0.000281326124,6.79578807e-05	-0.000377971039,-0.000496351102,0.000263457681,6.28426642e-05
p4	3	1278	attn_output-9	9	2048	0	2.239031e-02	8.673137e-05	4.52660061e-06,0.000139688796,5.05200369e-05,-8.26113537e-05	4.9732289e-06,0.000133946727,5.25572541e-05,-8.19123525e-05
p4	3	1279	z-9	9	2048	0	3.250288e-02	3.134708e-01	0.263531953,-0.235569835,1.20936811,0.692186296	0.218137205,-0.295449913,1.19595289,0.712700427
p4	3	1280	final_output-9	9	2048	0	6.963605e-02	2.296446e-02	0.000731351727,-0.014941006,0.0500814542,-0.0374062024	0.000651983544,-0.0173707865,0.0513664261,-0.0384514257
p4	3	1281	linear_attn_out-9	9	1024	0	8.879640e-02	6.077969e-03	0.00901418552,-0.000307232724,0.00770410802,-0.00421001576	0.00293621607,-0.000558109896,0.00793315191,-0.00223919796
p4	3	1282	attn_residual-9	9	1024	0	6.460632e-02	1.499888e-02	-0.721882939,-0.00210137712,0.000620169565,0.0138993394	-0.709090352,-0.00481599383,0.0046172319,0.0115350038
p4	3	1283	attn_post_norm-9	9	1024	0	7.165624e-02	2.501971e-01	-8.702075,-0.0354772061,0.0101093054,0.265381813	-8.55102539,-0.0813376978,0.0752927363,0.220320702
p4	3	1284	ffn_out-9	9	1024	0	1.136661e-01	1.358417e-02	-0.0267636105,0.00398166291,-0.00295837759,-0.0367748812	-0.0131794363,0.00325440103,-0.00228267582,-0.0420347676
p4	3	1285	l_out-9	9	1024	0	6.656617e-02	2.637678e-02	-0.748646557,0.0018802858,-0.00233820803,-0.0228755418	-0.722269773,-0.0015615928,0.00233455608,-0.0304997638
p4	3	1286	attn_norm-10	10	1024	0	6.971195e-02	4.669342e-01	-13.9943886,0.0366198868,-0.0486863889,-0.5135625	-13.5274544,-0.0304719657,0.0487044081,-0.686053395
p4	3	1287	conv_output_silu-10	10	6144	0	2.808171e-02	6.820631e-02	0.00873577036,-0.0062705907,0.00385468733,-0.0265601855	0.0102806883,-0.00650450448,0.00366092846,-0.0285084844
p4	3	1288	q_conv_predelta-10	10	2048	0	4.012281e-02	3.566834e-02	0.0229762811,-0.0164925177,0.0101383599,-0.0698569492	0.0269823931,-0.0170715321,0.0096083656,-0.0748225376
p4	3	1289	k_conv_predelta-10	10	2048	0	5.478941e-02	5.036893e-02	-0.0624434538,-0.0673733354,0.144851446,0.0216088593	-0.0537693985,-0.0714309961,0.132920727,0.0211147573
p4	3	1290	v_conv_predelta-10	10	2048	0	4.970709e-02	1.679100e-02	0.00482540252,0.0188953262,-0.00724295899,0.0105802165	0.00364627619,0.0161986556,-0.00632592104,0.010025871
p4	3	1291	a_softplus-10	10	16	0	2.356082e-02	5.711824e-02	0.188942179,0.00314788753,3.50547361,0.233615756	0.195489794,0.00358355907,3.52313399,0.265535563
p4	3	1292	gate-10	10	16	0	2.011363e-02	1.264941e-02	-0.144584328,-0.0182569176,-1.08594501,-0.0478341654	-0.149594754,-0.0207836982,-1.091416,-0.0543699302
p4	3	1293	beta_sigmoid-10	10	16	0	1.470600e-02	1.672906e-02	0.747367501,0.32730642,0.941047668,0.531429648	0.764096558,0.332283467,0.938837647,0.541734636
p4	3	1294	state_predelta-10	10	262144	1	1.115547e-02	3.207804e-03	-0.00074633176,0.00178958266,0.00312066101,0.000363417348	-0.000754464942,0.0018324065,0.00326218712,0.000366015709
p4	3	1295	new_state-10	10	262144	0	2.965984e-02	1.006594e-02	-0.000551647216,0.0016503256,0.00248201168,0.00028189132	-0.000509227917,0.00176433567,0.00246182969,0.000260022876
p4	3	1296	attn_output-10	10	2048	0	2.883523e-02	8.444255e-05	-1.0656423e-05,5.10551945e-05,-3.23421455e-06,2.92987042e-05	-1.4698996e-05,4.40743206e-05,-9.00446992e-07,2.75306975e-05
p4	3	1297	z-10	10	2048	0	2.680987e-02	2.677463e-01	1.12919497,0.96384275,0.862779081,0.888759613	1.08905315,0.911046863,0.856560469,0.903153121
p4	3	1298	final_output-10	10	2048	0	7.530588e-02	2.715132e-02	-0.00815654453,0.0379812643,-0.00190852559,0.0188375432	-0.0107424576,0.0305324793,-0.000526511343,0.0180612355
p4	3	1299	linear_attn_out-10	10	1024	0	8.178407e-02	1.408449e-02	0.114823341,0.017804753,-0.00239211088,-0.0241387747	0.100738853,0.0178107787,-0.0021754005,-0.0210626554
p4	3	1300	attn_residual-10	10	1024	0	6.332087e-02	1.451340e-02	-0.633823216,0.0196850393,-0.00473031867,-0.0470143184	-0.62153089,0.0162491854,0.000159155577,-0.051562421
p4	3	1301	attn_post_norm-10	10	1024	0	6.773954e-02	2.499492e-01	-8.88348007,0.340578347,-0.0815782547,-0.866396427	-8.71758556,0.281339616,0.0027467832,-0.950907588
p4	3	1302	ffn_out-10	10	1024	0	9.893502e-02	9.197146e-03	0.280993551,-0.0232501328,0.0290138479,0.0186430104	0.271796405,-0.0247172751,0.0268384814,0.0246551018
p4	3	1303	l_out-10	10	1024	0	6.590407e-02	1.337869e-02	-0.352829665,-0.0035650935,0.0242835283,-0.028371308	-0.349734485,-0.00846808963,0.026997637,-0.0269073192
p4	3	1304	attn_norm-11	11	1024	0	6.418753e-02	2.592692e-01	-5.66728449,-0.0597270094,0.434467852,-0.559724331	-5.60118771,-0.141454577,0.481618732,-0.529293954
p4	3	1305	attn_pregate-11	11	2048	0	4.542121e-02	3.793194e-01	0.140084401,0.0799232721,0.115506113,0.0502538756	0.141281471,0.0836468861,0.111657977,0.0522473268
p4	3	1306	attn_gated-11	11	2048	0	6.990476e-02	3.673705e-02	0.00674809422,0.00430648448,0.00397357717,0.00367288222	0.00651183818,0.00438856985,0.00401028339,0.00356494775
p4	3	1307	attn_output-11	11	1024	0	9.368459e-02	5.616911e-03	-0.0873716325,-0.00619298033,-0.00588288158,-0.00750404224	-0.0857388526,-0.004686445,-0.00641208887,-0.0066406019
p4	3	1308	attn_residual-11	11	1024	0	6.909912e-02	1.396774e-02	-0.440201283,-0.00975807384,0.0184006467,-0.0358753502	-0.435473323,-0.0131545346,0.0205855481,-0.033547923
p4	3	1309	attn_post_norm-11	11	1024	0	7.376776e-02	2.496173e-01	-5.70292759,-0.179348588,0.32271713,-0.677420735	-5.64126444,-0.241756245,0.361010402,-0.633426666
p4	3	1310	ffn_out-11	11	1024	0	1.068833e-01	9.332736e-03	-0.142223775,-0.0148431258,0.0048823338,0.0129533038	-0.145272583,-0.0167354234,0.00305117853,0.016721243
p4	3	1311	l_out-11	11	1024	0	6.898574e-02	1.612542e-02	-0.582425058,-0.0246011987,0.0232829805,-0.0229220465	-0.580745935,-0.029889958,0.0236367267,-0.0168266799
p4	3	1312	attn_norm-12	12	1024	0	7.163471e-02	3.731788e-01	-11.1174603,-0.529816389,0.522407234,-0.549422264	-11.1221714,-0.645850897,0.532103062,-0.404658943
p4	3	1313	conv_output_silu-12	12	6144	0	3.750791e-02	9.520835e-02	-0.00410658028,0.0925699994,0.0525575206,0.0110354936	-0.00475364737,0.0890345424,0.0516824797,0.025496779
p4	3	1314	q_conv_predelta-12	12	2048	0	5.113551e-02	5.001913e-02	-0.0018433925,0.0415535159,0.0235924143,0.004953695	-0.00214646477,0.0402027108,0.0233367383,0.0115128299
p4	3	1315	k_conv_predelta-12	12	2048	0	3.908846e-02	3.247125e-02	-0.0892762467,-0.0292038638,-0.0353872143,-0.005388238	-0.0886187702,-0.0292257518,-0.0348252244,-0.00535379862
p4	3	1316	v_conv_predelta-12	12	2048	0	2.256693e-02	4.806510e-02	-0.0132619757,0.0100183031,0.0201403778,-0.0111748837	-0.0134035368,0.010008717,0.0201700088,-0.0111478986
p4	3	1317	a_softplus-12	12	16	0	1.353631e-01	5.102575e-02	0.0104819005,0.0470826067,0.0162215624,0.011449228	0.0108964667,0.0471850708,0.0190137643,0.0136344116
p4	3	1318	gate-12	12	16	0	7.900776e-02	1.281205e-02	-0.00211295509,-0.0277867652,-0.00168323307,-0.00325473165	-0.00219652383,-0.0278472379,-0.00197296636,-0.00387592521
p4	3	1319	beta_sigmoid-12	12	16	0	1.596378e-02	1.534030e-02	0.595619082,0.670716286,0.203792378,0.354279459	0.596417844,0.678791344,0.216737583,0.349421322
p4	3	1320	state_predelta-12	12	262144	1	3.812322e-03	1.040107e-02	-0.000456828275,9.72666094e-05,-0.000142661564,-0.000284024922	-0.000456208771,9.66127773e-05,-0.000141790937,-0.000282932888
p4	3	1321	new_state-12	12	262144	1	8.193531e-03	1.381713e-02	9.77280724e-05,0.000278151245,7.70717452e-05,-0.000250013545	0.000102373393,0.000280286564,7.76373054e-05,-0.000248626486
p4	3	1322	attn_output-12	12	2048	0	1.556002e-02	1.534946e-03	-7.15688802e-05,5.1170271e-05,6.97914002e-05,-5.37003325e-05	-7.17623989e-05,5.09760066e-05,6.96036441e-05,-5.34555911e-05
p4	3	1323	z-12	12	2048	0	3.381500e-02	2.920322e-01	-0.419642776,-0.13793686,-0.742968857,-0.0183618441	-0.473070443,-0.112808928,-0.757054567,-0.0534877405
p4	3	1324	final_output-12	12	2048	0	9.400527e-02	7.647532e-02	0.00959017687,-0.00277758413,-0.0111492174,0.00040676081	0.0105047608,-0.00229596789,-0.0112348069,0.00115989335
p4	3	1325	linear_attn_out-12	12	1024	0	1.076431e-01	1.782656e-02	-0.0952597633,0.00786060095,0.0144119728,0.00947603211	-0.113086328,0.00678238412,0.0137151051,0.00986593775
p4	3	1326	attn_residual-12	12	1024	0	6.905128e-02	1.614743e-02	-0.677684844,-0.0167405978,0.0376949534,-0.0134460144	-0.693832278,-0.0231075734,0.0373518318,-0.00696074218
p4	3	1327	attn_post_norm-12	12	1024	0	7.356323e-02	2.858025e-01	-7.89355659,-0.301703423,0.621461689,-0.237457663	-8.09427071,-0.417101651,0.616767287,-0.123119384
p4	3	1328	ffn_out-12	12	1024	0	1.108450e-01	8.194409e-03	-0.100530222,-0.0120444205,-0.0203823205,0.00146593526	-0.0959871262,-0.0158079248,-0.0192960557,-4.1375868e-05
p4	3	1329	l_out-12	12	1024	0	7.028980e-02	1.747789e-02	-0.778215051,-0.0287850183,0.0173126329,-0.0119800791	-0.789819419,-0.0389155,0.0180557761,-0.00700211804
p4	3	1330	attn_norm-13	13	1024	0	7.487768e-02	3.835849e-01	-13.838192,-0.580212533,0.355484545,-0.274093121	-14.0453825,-0.784457207,0.370765924,-0.160211593
p4	3	1331	conv_output_silu-13	13	6144	0	3.571896e-02	9.813416e-02	0.195080668,-0.0831419975,0.0269465204,-0.0500287525	0.177437976,-0.0921913087,0.0269800834,-0.0493376665
p4	3	1332	q_conv_predelta-13	13	2048	0	4.871278e-02	3.549775e-02	0.127800226,-0.0544675514,0.0176530629,-0.0327745751	0.114893265,-0.0596950054,0.0174699351,-0.0319467448
p4	3	1333	k_conv_predelta-13	13	2048	0	4.672013e-02	2.984409e-02	-0.0108406991,0.00697696954,-0.0143264476,0.197678238	-0.00959213544,0.00692307763,-0.005152856,0.206158265
p4	3	1334	v_conv_predelta-13	13	2048	0	4.482419e-02	4.605067e-02	-0.00616611168,-0.0120148528,-0.0060177967,0.000816115469	-0.00579762133,-0.0121805221,-0.00732159289,0.000155159942
p4	3	1335	a_softplus-13	13	16	0	8.696127e-02	1.190510e-01	0.0957626626,0.0962114483,0.381994963,0.0961001366	0.101033933,0.0979466662,0.404733688,0.108058229
p4	3	1336	gate-13	13	16	0	7.268198e-02	1.315007e-02	-0.0257741716,-0.110738702,-0.192079127,-0.0230048075	-0.0271929149,-0.112735927,-0.203512877,-0.0258673802
p4	3	1337	beta_sigmoid-13	13	16	0	1.724979e-02	1.695040e-02	0.460119963,0.640065789,0.545661867,0.477387637	0.474770129,0.63522768,0.54220134,0.486913621
p4	3	1338	state_predelta-13	13	262144	0	1.679104e-02	1.162016e-02	4.08341803e-05,-5.59021064e-05,0.000178179631,0.00075799413	4.04459752e-05,-5.72357676e-05,0.000183379772,0.000771249412
p4	3	1339	new_state-13	13	262144	2	3.064194e-02	1.720680e-02	6.38332203e-05,-6.99503507e-05,0.000205413206,0.000300377316	5.97328108e-05,-7.04036211e-05,0.000189404018,0.000312718825
p4	3	1340	attn_output-13	13	2048	0	3.406541e-02	1.214051e-04	-1.88594349e-05,-2.96582289e-06,1.25403349e-05,-1.14827108e-05	-1.93422675e-05,-5.93102459e-06,1.0338088e-05,-1.19140059e-05
p4	3	1341	z-13	13	2048	0	4.043385e-02	3.667188e-01	0.398309857,1.24885631,0.0451260731,1.04671788	0.424478501,1.20638978,0.0353307948,1.11974251
p4	3	1342	final_output-13	13	2048	0	6.535010e-02	2.794576e-02	-0.00473086582,-0.00305217854,0.000304916088,-0.00915726647	-0.00522405189,-0.00583867077,0.000195828849,-0.0103517184
p4	3	1343	linear_attn_out-13	13	1024	0	6.844409e-02	5.922645e-03	-0.0927067325,-0.0290448852,0.0144648729,-0.0350684412	-0.0965346992,-0.029506525,0.0122617865,-0.0374938324
p4	3	1344	attn_residual-13	13	1024	0	6.755087e-02	1.931206e-02	-0.870921791,-0.0578299016,0.0317775048,-0.0470485203	-0.886354089,-0.0684220269,0.0303175636,-0.0444959514
p4	3	1345	attn_post_norm-13	13	1024	0	7.182441e-02	3.135753e-01	-9.98736858,-1.00295556,0.508630455,-0.750516236	-10.1640072,-1.18661809,0.485246778,-0.709774494
p4	3	1346	ffn_out-13	13	1024	0	1.032440e-01	1.530673e-02	0.015498355,-0.00187523663,-0.00173121318,0.0568127297	0.0308050811,-0.00199083611,0.000453330576,0.0573714189
p4	3	1347	l_out-13	13	1024	0	7.009450e-02	1.705413e-02	-0.85542345,-0.0597051382,0.0300462916,0.00976420939	-0.855548978,-0.0704128593,0.0307708941,0.0128754675
p4	3	1348	attn_norm-14	14	1024	0	7.195669e-02	3.386942e-01	-13.9901524,-1.10237455,0.51491034,0.194270357	-13.9999104,-1.30079401,0.527618408,0.256313562
p4	3	1349	conv_output_silu-14	14	6144	0	2.709847e-02	8.450854e-02	0.0264385492,0.0229870938,-0.227357164,-0.0911750793	0.036357481,0.0195277333,-0.227810174,-0.0983550996
p4	3	1350	q_conv_predelta-14	14	2048	0	4.259239e-02	3.017992e-02	0.00783591717,0.00681296736,-0.0673846304,-0.0270226784	0.0108426595,0.00582363131,-0.0679383725,-0.0293318145
p4	3	1351	k_conv_predelta-14	14	2048	0	6.187561e-02	1.138744e-01	0.0108952839,-0.015098705,-0.0274648257,0.0186346807	0.010328819,-0.013111975,-0.0236219261,0.0164957382
p4	3	1352	v_conv_predelta-14	14	2048	0	3.049078e-02	6.478801e-02	0.01189717,-0.0263820924,-0.0197860003,-0.0194225479	0.0130731277,-0.0265957341,-0.0219622534,-0.0203829817
p4	3	1353	a_softplus-14	14	16	0	1.069273e-01	7.776949e-02	0.136637598,0.0326696895,0.0207794141,0.00211265869	0.144865036,0.0377772041,0.0212050229,0.0023839646
p4	3	1354	gate-14	14	16	0	1.212910e-01	2.447125e-02	-0.0429949276,-0.00545965275,-0.0138150649,-0.00635670219	-0.0455838032,-0.00631320383,-0.0140980277,-0.00717302458
p4	3	1355	beta_sigmoid-14	14	16	0	1.155570e-02	1.510954e-02	0.421832919,0.176531911,0.340805978,0.480828106	0.423075974,0.177526295,0.339764446,0.483798653
p4	3	1356	state_predelta-14	14	262144	1	1.740542e-02	2.180129e-02	1.83667162e-05,0.000405086175,-1.87278492e-05,1.40365428e-05	1.97391619e-05,0.00043186525,-2.56220173e-05,2.15905584e-05
p4	3	1357	new_state-14	14	262144	0	2.548167e-02	1.714016e-02	7.15706628e-05,0.000313237368,-0.000154004621,0.000105764862	7.62714917e-05,0.000339739257,-0.000155780872,0.000112318725
p4	3	1358	attn_output-14	14	2048	0	2.056183e-02	2.360065e-04	3.55964744e-06,4.28560361e-06,6.12817473e-07,-6.53029747e-06	3.52073062e-06,6.19653792e-06,5.93009133e-07,-5.62348305e-06
p4	3	1359	z-14	14	2048	0	3.099048e-02	2.861485e-01	-0.0799927711,-0.726379871,0.157318413,1.00699139	-0.0750310719,-0.69349277,0.182004541,1.08066249
p4	3	1360	final_output-14	14	2048	0	6.629109e-02	8.820724e-02	-0.000142568897,-0.00100708043,5.18644956e-05,-0.00437255669	-0.000132256697,-0.0014174633,5.85689595e-05,-0.0041083009
p4	3	1361	linear_attn_out-14	14	1024	0	6.335416e-02	1.020361e-02	0.357124269,-0.0233218223,-7.41332769e-07,-0.0248614829	0.35335952,-0.0207247213,-0.000392284244,-0.0265289098
p4	3	1362	attn_residual-14	14	1024	0	6.797639e-02	1.990344e-02	-0.498299181,-0.0830269605,0.0300455503,-0.0150972735	-0.502189457,-0.0911375806,0.0303786099,-0.0136534423
p4	3	1363	attn_post_norm-14	14	1024	0	6.843862e-02	2.752005e-01	-5.42840862,-1.26852727,0.430758029,-0.210049644	-5.45963478,-1.38960636,0.434645087,-0.189574212
p4	3	1364	ffn_out-14	14	1024	0	8.336180e-02	1.151739e-02	0.318695486,-0.00495662261,0.00803561136,-0.0216550548	0.307486176,-0.010037804,0.00320072728,-0.0180531815
p4	3	1365	l_out-14	14	1024	0	6.987539e-02	2.343015e-02	-0.179603696,-0.0879835859,0.0380811617,-0.0367523283	-0.194703281,-0.101175383,0.0335793383,-0.0317066237
p4	3	1366	attn_norm-15	15	1024	0	6.733854e-02	2.803367e-01	-1.912588,-1.04721403,0.452268958,-0.434009254	-2.06397438,-1.19876349,0.396993637,-0.372725397
p4	3	1367	attn_pregate-15	15	2048	0	3.534938e-02	5.732026e-01	-0.409077466,0.272222996,0.24994123,0.19463174	-0.424681902,0.289221168,0.265272707,0.129988402
p4	3	1368	attn_gated-15	15	2048	0	4.745668e-02	6.710064e-02	-0.0601847023,0.0153891323,0.00770645775,0.0499350503	-0.0622800514,0.0163978171,0.00866433606,0.0331833772
p4	3	1369	attn_output-15	15	1024	0	8.112386e-02	1.120122e-02	-0.200618744,0.0045510903,-0.0301013738,-0.00308421254	-0.201814413,0.00826106966,-0.028108187,0.000816613436
p4	3	1370	attn_residual-15	15	1024	0	7.405889e-02	2.561112e-02	-0.38022244,-0.0834324956,0.00797978789,-0.0398365408	-0.396517694,-0.0929143131,0.00547115132,-0.0308900103
p4	3	1371	attn_post_norm-15	15	1024	0	7.442048e-02	3.169158e-01	-3.25254059,-1.12853968,0.102939084,-0.476849824	-3.38062978,-1.25260532,0.0703424886,-0.368525982
p4	3	1372	ffn_out-15	15	1024	0	8.795165e-02	1.976384e-02	-0.250940114,-0.0188127328,-0.019253511,-0.0461595058	-0.236738145,-0.0207481142,-0.0160413496,-0.0533182658
p4	3	1373	l_out-15	15	1024	0	7.155513e-02	2.607128e-02	-0.631162524,-0.102245227,-0.0112737231,-0.0859960467	-0.633255839,-0.113662429,-0.0105701983,-0.0842082798
p4	3	1374	attn_norm-16	16	1024	0	7.239440e-02	3.697313e-01	-6.76266575,-1.57565892,-0.14471218,-1.236696	-6.76520538,-1.74647009,-0.135283843,-1.20743644
p4	3	1375	conv_output_silu-16	16	6144	0	3.095653e-02	1.239332e-01	-0.230397135,-0.117311105,-0.141157091,-0.220008999	-0.224823773,-0.114253052,-0.143483534,-0.221259683
p4	3	1376	q_conv_predelta-16	16	2048	0	4.731524e-02	4.136436e-02	-0.0191225857,-0.00973663013,-0.011715808,-0.0182603858	-0.0187333021,-0.00952006504,-0.0119556766,-0.0184363257
p4	3	1377	k_conv_predelta-16	16	2048	0	5.008519e-02	3.581339e-02	0.12346679,0.0250758044,-0.0983275026,-0.122924171	0.123336658,0.0262584426,-0.100656755,-0.125213996
p4	3	1378	v_conv_predelta-16	16	2048	0	2.954513e-02	1.239332e-01	-0.24374631,-0.00341776526,0.260012478,0.0415715799	-0.242309749,-0.00298035308,0.257488579,0.0411115028
p4	3	1379	a_softplus-16	16	16	0	9.753606e-02	8.095312e-02	0.0130073167,0.0707827806,0.00693426793,0.110636152	0.0124548273,0.0739525929,0.00874676369,0.124285825
p4	3	1380	gate-16	16	16	0	9.190240e-02	2.802426e-02	-0.00264259684,-0.028710762,-0.000828180229,-0.0239267461	-0.00253035175,-0.0299964957,-0.00104465196,-0.0268786959
p4	3	1381	beta_sigmoid-16	16	16	0	3.259728e-02	4.096082e-02	0.247689992,0.415752888,0.707980692,0.649441779	0.250918329,0.420655191,0.726710737,0.661242068
p4	3	1382	state_predelta-16	16	262144	1	1.473632e-02	2.115116e-02	-0.0168244801,0.0015843343,3.10160685e-05,0.00754226837	-0.0165405944,0.00196593627,-6.93600159e-05,0.00724759512
p4	3	1383	new_state-16	16	262144	0	2.163281e-02	4.822701e-02	-0.0214923099,0.000623110391,0.00378369959,0.0122138849	-0.0212499704,0.000949439709,0.00380831677,0.0120527754
p4	3	1384	attn_output-16	16	2048	0	2.648737e-02	2.444096e-03	-0.0015939814,-9.71779446e-05,0.00410380214,0.000646252825	-0.00154398847,-9.70992987e-05,0.00404255558,0.000634206343
p4	3	1385	z-16	16	2048	0	3.768486e-02	2.976872e-01	-0.0484610349,0.662021637,-2.46910834,0.873574972	-0.054701373,0.6622172,-2.48674083,0.893368959
p4	3	1386	final_output-16	16	2048	0	6.399411e-02	9.185061e-02	0.0138412239,-0.0161231887,-0.335467368,0.148589939	0.0152072739,-0.0162463933,-0.330100298,0.151203826
p4	3	1387	linear_attn_out-16	16	1024	0	7.036633e-02	1.412997e-02	-0.190320998,0.0514223576,-0.0344848149,0.0405699275	-0.204450965,0.0494560041,-0.0357267968,0.0389239416
p4	3	1388	attn_residual-16	16	1024	0	6.743961e-02	2.881512e-02	-0.821483493,-0.0508228689,-0.0457585379,-0.0454261191	-0.837706804,-0.0642064214,-0.0462969951,-0.0452843383
p4	3	1389	attn_post_norm-16	16	1024	0	6.868056e-02	3.117290e-01	-5.54131985,-0.577219248,-0.508690655,-0.421922386	-5.62817669,-0.726308942,-0.512620211,-0.418924987
p4	3	1390	ffn_out-16	16	1024	0	9.327392e-02	1.889651e-02	-0.204100743,-0.0248252079,0.0369427651,0.0238359235	-0.185204238,-0.0224611275,0.0399426036,0.0260414556
p4	3	1391	l_out-16	16	1024	0	6.625397e-02	2.756563e-02	-1.02558422,-0.0756480768,-0.00881577283,-0.0215901956	-1.02291107,-0.0866675526,-0.00635439157,-0.0192428827
p4	3	1392	attn_norm-17	17	1024	0	6.716593e-02	3.534665e-01	-10.3493891,-1.02629745,-0.111807026,-0.266579628	-10.2945557,-1.17262268,-0.080372788,-0.236955538
p4	3	1393	conv_output_silu-17	17	6144	0	2.031862e-02	1.665859e-01	-0.0906808823,-0.22199975,-0.273955256,-0.023899531	-0.0904323906,-0.219337672,-0.274139851,-0.0240291655
p4	3	1394	q_conv_predelta-17	17	2048	0	3.772464e-02	3.989397e-02	-0.013770977,-0.0337133184,-0.0416033827,-0.00362942973	-0.0137559185,-0.0333640538,-0.041700162,-0.00365514215
p4	3	1395	k_conv_predelta-17	17	2048	0	3.984909e-02	3.047255e-02	-0.0409241319,-0.0992915109,-0.0527614839,-0.00870005693	-0.0413248539,-0.0994613171,-0.0532075651,-0.0141555155
p4	3	1396	v_conv_predelta-17	17	2048	0	2.938670e-02	9.737539e-02	-0.19486472,-0.207975402,-0.00809322018,-0.210423097	-0.192096636,-0.213149861,-0.0102074472,-0.196633384
p4	3	1397	a_softplus-17	17	16	0	6.573302e-02	5.397952e-02	0.00217344426,0.00339182513,0.411902696,0.227842689	0.00212312699,0.00415355433,0.465882212,0.249154806
p4	3	1398	gate-17	17	16	0	7.151721e-02	1.364816e-02	-0.000512220839,-0.000877924846,-0.104145311,-0.0793578923	-0.000500362483,-0.00107508746,-0.117793471,-0.0867809355
p4	3	1399	beta_sigmoid-17	17	16	0	2.300772e-02	3.131863e-02	0.629892766,0.0953524485,0.853295505,0.456853747	0.629684687,0.097553052,0.855579317,0.457953751
p4	3	1400	state_predelta-17	17	262144	0	1.867501e-02	4.509103e-02	0.00101308851,0.031376183,0.00809255987,0.0134415785	0.000839712331,0.0311360322,0.00772288395,0.0122412378
p4	3	1401	new_state-17	17	262144	0	2.363418e-02	3.840584e-02	0.00260852766,0.0352322832,0.0101460069,0.0137739796	0.00240828656,0.0348967388,0.00973916985,0.0127725611
p4	3	1402	attn_output-17	17	2048	0	2.368313e-02	2.235845e-03	-0.00096956105,-0.000857470557,-1.79690705e-05,-0.000805763179	-0.000944208819,-0.000840927067,-1.97793452e-05,-0.000778347894
p4	3	1403	z-17	17	2048	0	3.707963e-02	3.064842e-01	0.89687264,-0.382962495,0.233401537,-3.89656973	0.899750352,-0.403572232,0.22171247,-3.8340075
p4	3	1404	final_output-17	17	2048	0	5.154211e-02	1.044395e-01	-0.316287786,0.0754238889,-0.000918050529,0.0315251462	-0.31540516,0.0785252601,-0.000973933085,0.032489799
p4	3	1405	linear_attn_out-17	17	1024	0	6.256788e-02	1.187825e-02	-0.468365788,0.00383386016,0.0321602151,-0.0629031956	-0.479466081,0.000253478065,0.0309728198,-0.0656543672
p4	3	1406	attn_residual-17	17	1024	0	6.107026e-02	2.875060e-02	-1.49395001,-0.0718142167,0.0233444422,-0.0844933912	-1.50237715,-0.0864140764,0.0246184282,-0.0848972499
p4	3	1407	attn_post_norm-17	17	1024	0	6.389781e-02	2.727429e-01	-8.12371635,-0.684830546,0.21479933,-0.683521748	-8.13533878,-0.820606828,0.225573286,-0.683913469
p4	3	1408	ffn_out-17	17	1024	0	7.717305e-02	1.759842e-02	0.0324539281,-0.0103920996,-0.0187682919,0.0250855051	0.0500523485,-0.00661949813,-0.0171914324,0.0320518613
p4	3	1409	l_out-17	17	1024	0	6.176420e-02	2.853304e-02	-1.46149611,-0.0822063163,0.00457615033,-0.0594078861	-1.45232475,-0.0930335745,0.00742699578,-0.0528453887
p4	3	1410	attn_norm-18	18	1024	0	6.234850e-02	3.209148e-01	-12.757123,-0.944217324,0.0505845472,-0.638576269	-12.6532679,-1.06657243,0.0819435194,-0.566969454
p4	3	1411	conv_output_silu-18	18	6144	0	2.240172e-02	1.845264e-01	-0.147098988,-0.109212764,-0.17276524,-0.265896767	-0.137577012,-0.1184185,-0.170726061,-0.263300717
p4	3	1412	q_conv_predelta-18	18	2048	0	3.732825e-02	3.711319e-02	-0.0345477089,-0.0256497394,-0.0405756906,-0.062448591	-0.0324175805,-0.027903216,-0.0402285643,-0.0620421357
p4	3	1413	k_conv_predelta-18	18	2048	0	3.536622e-02	3.269219e-02	0.062407732,-0.0867104977,-0.0673184544,0.011914365	0.061035689,-0.0880281031,-0.0700672567,0.0121609457
p4	3	1414	v_conv_predelta-18	18	2048	0	2.390965e-02	1.699870e-01	0.00233104592,-0.277188599,-0.00607312657,-0.177392453	-0.000329179311,-0.277255148,-0.00772677129,-0.175773457
p4	3	1415	a_softplus-18	18	16	0	7.542972e-02	1.097840e-01	0.01407988,1.0902648,0.0185640529,1.1779536	0.0155023085,1.2000488,0.0225123484,1.20934618
p4	3	1416	gate-18	18	16	0	6.742361e-02	2.213041e-02	-0.00586936716,-0.219776988,-0.00553056272,-0.317041904	-0.00646232348,-0.241907403,-0.00670683011,-0.325491101
p4	3	1417	beta_sigmoid-18	18	16	0	1.269423e-02	1.693231e-02	0.42616263,0.952838182,0.259386629,0.877272427	0.434276044,0.952724397,0.273960054,0.882701218
p4	3	1418	state_predelta-18	18	262144	0	1.736219e-02	5.624010e-02	0.000462969707,-0.00988927111,-0.0080304984,-0.00129255978	0.000575623475,-0.00973610114,-0.00797829963,-0.00135119492
p4	3	1419	new_state-18	18	262144	0	2.179591e-02	5.470058e-02	-0.00173619366,-0.00677960273,-0.00561421504,-0.00170432415	-0.00164900511,-0.00647028536,-0.0053773527,-0.00178499462
p4	3	1420	attn_output-18	18	2048	0	3.717230e-02	7.711548e-03	0.00272620865,-0.00682339445,-0.000283737609,-0.00538811088	0.00261965278,-0.00680365833,-0.000323802407,-0.00533065293
p4	3	1421	z-18	18	2048	0	3.489100e-02	2.989178e-01	-0.833138227,-0.777053237,-1.43277836,-0.445734859	-0.979834437,-0.756198466,-1.42517197,-0.442250729
p4	3	1422	final_output-18	18	2048	0	7.086876e-02	9.400979e-02	-0.0448451973,0.127312407,0.00545367086,0.0621229857	-0.0458392911,0.125822306,0.00625433447,0.06136005
p4	3	1423	linear_attn_out-18	18	1024	0	6.423581e-02	1.528120e-02	-0.685205817,0.0618845671,0.0065577589,-0.083779715	-0.700487018,0.0620293655,0.00573096424,-0.0812450871
p4	3	1424	attn_residual-18	18	1024	0	5.905024e-02	3.013462e-02	-2.14670181,-0.0203217492,0.0111339092,-0.143187597	-2.15281177,-0.0310042091,0.01315796,-0.134090483
p4	3	1425	attn_post_norm-18	18	1024	0	6.318029e-02	2.693065e-01	-11.6855268,-0.171944857,0.0957711339,-1.05547249	-11.6781301,-0.261420339,0.112788849,-0.984986126
p4	3	1426	ffn_out-18	18	1024	0	8.720724e-02	1.491434e-02	-0.193714052,0.0354371518,0.027389463,0.124611795	-0.205122247,0.0411374234,0.0224796012,0.137105048
p4	3	1427	l_out-18	18	1024	0	6.028688e-02	3.388015e-02	-2.34041595,0.0151154026,0.0385233723,-0.0185758024	-2.357934,0.0101332143,0.0356375612,0.00301456451
p4	3	1428	attn_norm-19	19	1024	0	5.999643e-02	2.543556e-01	-13.3509531,0.0959040374,0.2519283,-0.120114982	-13.4103918,0.0640995502,0.232354566,0.0194341149
p4	3	1429	attn_pregate-19	19	2048	0	3.546344e-02	2.069819e-01	-0.229361326,-0.391345978,-0.110182561,-0.0298546106	-0.257100016,-0.406885803,-0.117425106,-0.0466926657
p4	3	1430	attn_gated-19	19	2048	0	3.204978e-02	4.135442e-02	-0.0181552414,-0.0402191319,-0.0105866008,-0.00251663942	-0.019979747,-0.040996559,-0.0112320017,-0.00388048682
p4	3	1431	attn_output-19	19	1024	0	8.621772e-02	9.672403e-03	-0.217424095,-0.00217679143,-0.0799513012,0.261747926	-0.212503314,-0.00401693583,-0.0774612874,0.260869026
p4	3	1432	attn_residual-19	19	1024	0	6.114181e-02	3.464292e-02	-2.55784011,0.0129386112,-0.041427929,0.243172124	-2.57043743,0.00611627847,-0.0418237261,0.263883591
p4	3	1433	attn_post_norm-19	19	1024	0	6.526149e-02	2.580957e-01	-13.9670286,0.104575925,-0.30613941,1.4934603	-13.9943485,0.0492885783,-0.308151096,1.61587322
p4	3	1434	ffn_out-19	19	1024	0	9.299044e-02	1.759468e-02	0.000859115273,0.0139739476,-0.104726404,0.0854768679	0.00790739059,0.0147062922,-0.102324724,0.0796117038
p4	3	1435	l_out-19	19	1024	0	6.270229e-02	3.469779e-02	-2.55698109,0.0269125588,-0.146154329,0.328648984	-2.56253004,0.0208225697,-0.144148454,0.343495309
p4	3	1436	attn_norm-20	20	1024	0	6.491478e-02	3.114642e-01	-16.6570301,0.246282637,-1.24644017,2.50981164	-16.655098,0.190117165,-1.22652924,2.61720538
p4	3	1437	conv_output_silu-20	20	6144	0	3.081937e-02	1.537607e-01	-0.111925326,-0.277806073,-0.246970087,-0.216079831	-0.109663561,-0.277670383,-0.251789331,-0.210188061
p4	3	1438	q_conv_predelta-20	20	2048	0	3.599810e-02	3.911437e-02	-0.0376101993,-0.093351014,-0.0829892084,-0.0726091787	-0.0372060053,-0.0942063704,-0.085425593,-0.0713113621
p4	3	1439	k_conv_predelta-20	20	2048	0	3.904740e-02	3.073382e-02	-0.0774203762,0.0083990097,0.0455386043,-0.0509988517	-0.0766021907,0.00592266396,0.0404093377,-0.0505630784
p4	3	1440	v_conv_predelta-20	20	2048	0	2.928563e-02	1.316568e-01	-0.00975018181,0.009221741,0.100469455,-0.0196376294	-0.00838237628,0.00794193707,0.101816028,-0.0166095309
p4	3	1441	a_softplus-20	20	16	0	7.561918e-02	1.003701e-01	0.1161246,0.568237901,0.0993474647,0.291678905	0.140269831,0.66860801,0.126093268,0.326607704
p4	3	1442	gate-20	20	16	0	5.434879e-02	3.766501e-02	-0.0259109009,-0.0987449437,-0.0180925168,-0.0835674107	-0.0312984325,-0.116186649,-0.0229632892,-0.0935746729
p4	3	1443	beta_sigmoid-20	20	16	0	1.695544e-02	2.869937e-02	0.842811227,0.917242289,0.690688312,0.577222228	0.855336547,0.922744036,0.708600521,0.58960712
p4	3	1444	state_predelta-20	20	262144	0	2.488121e-02	6.347710e-02	-0.00171321887,0.000170666084,0.000755976886,-0.000864351867	-0.00169211789,0.000111689675,0.000677091361,-0.000937841134
p4	3	1445	new_state-20	20	262144	0	2.864776e-02	5.851430e-02	-0.000708692882,6.20779247e-05,0.000171554449,-0.000209401478	-0.000668613764,3.3145021e-05,0.000143812038,-0.000267771306
p4	3	1446	attn_output-20	20	2048	0	2.531490e-02	4.410207e-03	-0.0003866099,0.000102202641,0.00305094733,-0.000686382235	-0.000342640473,5.60748413e-05,0.00307934126,-0.000606774236
p4	3	1447	z-20	20	2048	0	3.586195e-02	2.681143e-01	-1.11114061,-3.15302849,0.997904956,0.235684872	-1.04435086,-3.10762548,1.0011313,0.247585297
p4	3	1448	final_output-20	20	2048	0	3.215579e-02	9.825322e-02	0.0130526144,-0.00171391829,0.263864875,-0.00998415705	0.011584809,-0.000981289777,0.271076232,-0.0094481539
p4	3	1449	linear_attn_out-20	20	1024	0	6.066382e-02	2.905583e-02	-0.764017105,0.0150087634,-0.0152758798,0.0964381099	-0.793072939,0.00860802922,-0.011119443,0.0985794067
p4	3	1450	attn_residual-20	20	1024	0	5.963334e-02	3.522469e-02	-3.32099819,0.0419213213,-0.16143021,0.425087094	-3.35560298,0.029430598,-0.155267894,0.442074716
p4	3	1451	attn_post_norm-20	20	1024	0	6.537462e-02	2.507471e-01	-13.8517485,0.306399763,-1.1940397,2.45033145	-13.905055,0.213706985,-1.14099002,2.53168011
p4	3	1452	ffn_out-20	20	1024	0	8.009496e-02	2.145118e-02	0.161165446,-0.00649962714,-0.0399112441,0.0482211486	0.182616621,-0.012068334,-0.0435987897,0.0460808948
p4	3	1453	l_out-20	20	1024	0	6.071640e-02	4.358275e-02	-3.15983272,0.0354216956,-0.20134145,0.473308235	-3.17298627,0.0173622631,-0.19886668,0.488155603
p4	3	1454	attn_norm-21	21	1024	0	6.423315e-02	3.675990e-01	-17.6459141,0.30370912,-1.57488978,3.44412303	-17.620903,0.148038521,-1.54688811,3.53242373
p4	3	1455	conv_output_silu-21	21	6144	0	2.075766e-02	2.671413e-01	-0.2756733,0.493179351,-0.2774252,-0.192500934	-0.276910961,0.486921221,-0.276555479,-0.192812815
p4	3	1456	q_conv_predelta-21	21	2048	0	3.184069e-02	2.734952e-02	-0.0547041595,0.0978657007,-0.0550517999,-0.03819957	-0.0537608862,0.0945333391,-0.0536918715,-0.0374336503
p4	3	1457	k_conv_predelta-21	21	2048	0	3.736713e-02	2.426529e-02	0.00703524798,-0.00238263654,0.0207235292,0.0233621076	0.00595839787,-0.00173198257,0.0199454445,0.0246915892
p4	3	1458	v_conv_predelta-21	21	2048	0	3.028881e-02	8.614358e-02	0.056773454,-0.0103487168,0.117251307,-0.0629787892	0.0649936348,-0.0121822869,0.112553343,-0.0640728027
p4	3	1459	a_softplus-21	21	16	0	9.367991e-02	2.026013e-01	0.616259813,0.710596025,0.0295198858,0.945779443	0.706723273,0.750502229,0.0380643643,0.94557333
p4	3	1460	gate-21	21	16	0	8.220469e-02	3.897041e-02	-0.182166055,-0.183927491,-0.0110307755,-0.448503137	-0.208906993,-0.194256634,-0.0142236138,-0.448405385
p4	3	1461	beta_sigmoid-21	21	16	0	9.897605e-03	1.165605e-02	0.615592062,0.856994629,0.430596769,0.879591405	0.625759244,0.853183627,0.430850863,0.888305664
p4	3	1462	state_predelta-21	21	262144	0	4.386263e-02	6.780827e-02	0.00100701733,0.000192818494,0.00264705648,-0.000555355975	0.00101479527,2.51354577e-05,0.00270820712,-0.00054794061
p4	3	1463	new_state-21	21	262144	0	4.054858e-02	6.089556e-02	0.00103175279,9.55327851e-05,0.0027730919,0.000176175003	0.00102775893,-3.89839406e-05,0.0028814557,0.000401907688
p4	3	1464	attn_output-21	21	2048	0	3.219367e-02	5.024958e-03	9.63854254e-05,-0.000138368399,2.27500786e-05,-9.07085778e-05	0.000100116762,-0.000142804434,-2.21726123e-06,-9.19266604e-05
p4	3	1465	z-21	21	2048	0	4.178681e-02	2.464476e-01	1.60771596,0.335637093,0.829926729,0.616167307	1.67613506,0.418350995,0.787212849,0.518756032
p4	3	1466	final_output-21	21	2048	0	7.109893e-02	9.198183e-02	0.10574919,-0.0183144864,0.00971782859,-0.0333331935	0.115749538,-0.0243563764,-0.000886268215,-0.0274443757
p4	3	1467	linear_attn_out-21	21	1024	0	8.646007e-02	2.688619e-02	-0.41858843,-0.0622465909,0.0275337361,-0.0145191327	-0.445474625,-0.0601409711,0.033711534,-0.00494171679
p4	3	1468	attn_residual-21	21	1024	0	5.990858e-02	4.003978e-02	-3.57842112,-0.0268248953,-0.17380771,0.45878911	-3.61846089,-0.042778708,-0.165155143,0.483213902
p4	3	1469	attn_post_norm-21	21	1024	0	6.513248e-02	2.654938e-01	-14.0080938,-0.181520313,-1.16061616,2.44924498	-14.0745792,-0.287633091,-1.09581101,2.56320047
p4	3	1470	ffn_out-21	21	1024	0	6.773256e-02	2.641767e-02	-0.281086087,0.0334474817,-0.180427015,0.0507762544	-0.254668415,0.0404570848,-0.169825822,0.0427730978
p4	3	1471	l_out-21	21	1024	0	5.943439e-02	4.350625e-02	-3.85950708,0.0066225864,-0.354234725,0.509565353	-3.87312937,-0.00232162327,-0.334980965,0.525987029
p4	3	1472	attn_norm-22	22	1024	0	6.229859e-02	2.655953e-01	-17.7684898,0.0437413752,-2.15272951,3.09261894	-17.7735996,-0.0152844982,-2.02914524,3.18197107
p4	3	1473	conv_output_silu-22	22	6144	0	2.598094e-02	1.488922e-01	0.00372069585,-0.063785851,0.022926433,-0.0511525981	-0.00770756416,-0.0610399917,0.0216369946,-0.0496313907
p4	3	1474	q_conv_predelta-22	22	2048	0	3.060281e-02	2.676403e-02	0.000799156202,-0.0137003558,0.00492429361,-0.0109869	-0.00163913867,-0.0129811447,0.00460145809,-0.0105549209
p4	3	1475	k_conv_predelta-22	22	2048	0	4.174080e-02	2.520788e-02	-0.0205901358,0.233415797,-0.0693651065,-0.12536712	-0.0175685808,0.226360902,-0.0639500767,-0.122884825
p4	3	1476	v_conv_predelta-22	22	2048	0	2.776540e-02	5.069846e-02	-0.000715955277,0.00879437663,-0.00425853906,-0.017033631	-0.00131392491,0.00810572784,-0.00480017252,-0.0154164089
p4	3	1477	a_softplus-22	22	16	0	3.409188e-02	1.335452e-01	0.395868868,0.956509531,3.34080815,0.516281724	0.462613076,1.09005475,3.28949594,0.61546725
p4	3	1478	gate-22	22	16	0	1.965367e-02	3.365135e-02	-0.0732283816,-0.2167871,-2.1909554,-0.0970064625	-0.0855748206,-0.247054309,-2.15730405,-0.115642868
p4	3	1479	beta_sigmoid-22	22	16	0	9.824295e-03	1.328576e-02	0.445816815,0.764082909,0.9623909,0.64600271	0.455789357,0.763912201,0.960306764,0.659288466
p4	3	1480	state_predelta-22	22	262144	0	4.291591e-02	4.710492e-02	0.000476289308,-0.000479345588,0.00312252296,-0.000573213154	0.000586502836,-0.000468948361,0.00334946672,-0.000560297456
p4	3	1481	new_state-22	22	262144	0	3.824837e-02	3.649208e-02	0.00042703643,-0.000268409553,0.00284941075,-0.000627851696	0.000528182485,-0.000298834464,0.00303756469,-0.000585814938
p4	3	1482	attn_output-22	22	2048	0	2.003206e-02	7.980578e-04	4.84711454e-05,4.98014415e-05,1.46839766e-05,-5.6273122e-05	4.77116046e-05,4.41235825e-05,5.01150862e-06,-5.85319394e-05
p4	3	1483	z-22	22	2048	0	3.050052e-02	2.884641e-01	2.20971203,-0.489020765,-1.91251206,-1.09514332	2.15106606,-0.454167485,-1.87423134,-1.09616697
p4	3	1484	final_output-22	22	2048	0	5.448301e-02	2.128730e-01	0.109286897,-0.00947417133,-0.0038523823,0.0148334261	0.103996821,-0.00795716792,-0.00133076659,0.0154164797
p4	3	1485	linear_attn_out-22	22	1024	0	8.871537e-02	4.925987e-02	0.227222919,-0.0583894923,0.0353688747,0.265745908	0.177963048,-0.0605404675,0.0360634774,0.290490359
p4	3	1486	attn_residual-22	22	1024	0	6.067241e-02	6.288218e-02	-3.63228416,-0.0517669059,-0.318865836,0.775311232	-3.69516635,-0.0628620908,-0.298917472,0.816477418
p4	3	1487	attn_post_norm-22	22	1024	0	6.389269e-02	2.736827e-01	-14.3098946,-0.29424426,-1.78016424,3.55871153	-14.487175,-0.3555803,-1.66072023,3.72952914
p4	3	1488	ffn_out-22	22	1024	0	6.857917e-02	3.512491e-02	-0.212913245,-0.0713865384,0.0810194835,0.0859859139	-0.177788332,-0.0697415769,0.0741669536,0.0905582532
p4	3	1489	l_out-22	22	1024	0	6.150870e-02	5.377575e-02	-3.84519744,-0.123153448,-0.237846345,0.861297131	-3.87295461,-0.132603675,-0.224750519,0.907035649
p4	3	1490	attn_norm-23	23	1024	0	6.204267e-02	2.717306e-01	-14.8620071,-0.609489858,-1.21634507,3.59539652	-14.9183006,-0.654023826,-1.14545786,3.77342939
p4	3	1491	attn_pregate-23	23	2048	0	1.596990e-02	2.785025e-01	-6.35686731,-0.0380665064,-0.520269156,-0.0867115632	-6.38998032,-0.0739060491,-0.519569635,-0.0966907442
p4	3	1492	attn_gated-23	23	2048	0	4.052734e-02	1.279726e-01	-0.55688107,-0.00436314568,-0.0578083806,-0.0184241589	-0.562148869,-0.00802954566,-0.05642597,-0.0199592728
p4	3	1493	attn_output-23	23	1024	0	6.550892e-02	6.016834e-02	-0.0848311931,0.0708257779,-0.0238217562,0.346576869	-0.144999534,0.0787883401,-0.0222306401,0.364175856
p4	3	1494	attn_residual-23	23	1024	0	6.369051e-02	8.792567e-02	-3.93002868,-0.0523276702,-0.261668086,1.20787406	-4.01795435,-0.053815335,-0.246981159,1.2712115
p4	3	1495	attn_post_norm-23	23	1024	0	6.576306e-02	2.725792e-01	-15.1891832,-0.244473889,-1.12474573,4.85671473	-15.4617624,-0.250335515,-1.05701876,5.08925343
p4	3	1496	ffn_out-23	23	1024	0	5.647546e-02	1.185066e-01	1.18235731,0.591896772,0.172491416,1.40960562	1.06385076,0.613818347,0.186105028,1.42980254
p4	3	1497	l_out-23	23	1024	0	6.973049e-02	2.064321e-01	-2.74767137,0.53956908,-0.0891766697,2.6174798	-2.95410347,0.560003042,-0.0608761311,2.70101404
p4	3	1498	result_norm	-1	1024	0	7.075513e-02	1.109464e+00	-1.92296076,6.35988235,-1.02046466,33.4231567	-2.04003263,6.51325607,-0.687384069,34.0327225
p4	3	1499	result_output	-1	248320	0	7.144859e-02	8.068049e-01	7.98747683,5.4302268,9.50121212,2.93149662	8.27217102,5.12479925,9.31032753,2.76017547
