label	pos	idx	tensor	layer	n	bit_equal	rel_l2	max_abs	llama_first4	apr_first4
orig	4	0	model.input_embed	-1	1024	1024	0.000000e+00	0.000000e+00	0.0102546215,-0.020509243,-0.0364608765,-0.0148122311	0.0102546215,-0.020509243,-0.0364608765,-0.0148122311
orig	4	1	attn_norm-0	0	1024	1024	0.000000e+00	0.000000e+00	1.12772536,-1.4603163,-3.07775044,-1.42213809	1.12772536,-1.4603163,-3.07775044,-1.42213809
orig	4	2	conv_output_silu-0	0	6144	6144	0.000000e+00	0.000000e+00	-0.00236968277,0.0145317502,0.037611559,-0.113674656	-0.00236968277,0.0145317502,0.037611559,-0.113674656
orig	4	3	q_conv_predelta-0	0	2048	2048	0.000000e+00	0.000000e+00	-0.00612217188,0.0375433713,0.0971710011,-0.293683112	-0.00612217188,0.0375433713,0.0971710011,-0.293683112
orig	4	4	k_conv_predelta-0	0	2048	2048	0.000000e+00	0.000000e+00	0.0881717354,-0.112645395,-0.0111633986,0.00594236702	0.0881717354,-0.112645395,-0.0111633986,0.00594236702
orig	4	5	v_conv_predelta-0	0	2048	2048	0.000000e+00	0.000000e+00	-0.0088395467,-0.00937544927,-0.000724908372,0.0194534138	-0.0088395467,-0.00937544927,-0.000724908372,0.0194534138
orig	4	6	a_softplus-0	0	16	16	0.000000e+00	0.000000e+00	2.8895278,0.0011778092,0.0072390642,5.7669363	2.8895278,0.0011778092,0.0072390642,5.7669363
orig	4	7	gate-0	0	16	16	0.000000e+00	0.000000e+00	-3.73932672,-0.000154494934,-0.000864582951,-3.2730906	-3.73932672,-0.000154494934,-0.000864582951,-3.2730906
orig	4	8	beta_sigmoid-0	0	16	16	0.000000e+00	0.000000e+00	0.168792516,0.352823824,0.637644529,0.993865788	0.168792516,0.352823824,0.637644529,0.993865788
orig	4	9	state_predelta-0	0	262144	199489	4.188674e-08	5.960464e-08	-6.82867976e-05,-3.24258035e-05,-4.12315967e-05,1.54033896e-05	-6.82867976e-05,-3.24258035e-05,-4.12315967e-05,1.54033896e-05
orig	4	10	new_state-0	0	262144	183378	5.788574e-08	1.192093e-07	-0.000133248468,0.000167389502,1.56849619e-05,-8.50479591e-06	-0.000133248468,0.000167389502,1.56849619e-05,-8.50479591e-06
orig	4	11	attn_output-0	0	2048	486	1.443035e-07	7.450581e-09	-1.26600625e-07,-2.74729956e-07,-3.70372987e-07,6.62368791e-07	-1.26600952e-07,-2.74729786e-07,-3.70372987e-07,6.62368393e-07
orig	4	12	z-0	0	2048	2048	0.000000e+00	0.000000e+00	-2.63187838,-1.32995009,0.215324283,-1.38594782	-2.63187838,-1.32995009,0.215324283,-1.38594782
orig	4	13	final_output-0	0	2048	449	1.316252e-07	2.384186e-07	2.15380605e-05,7.56787122e-05,-4.0961022e-05,-0.000169753082	2.15381187e-05,7.56786612e-05,-4.0961022e-05,-0.000169752981
orig	4	14	linear_attn_out-0	0	1024	110	3.216363e-07	5.960464e-08	-0.751326323,0.00795625523,0.00532823801,0.0494123474	-0.751326263,0.00795627013,0.00532826036,0.0494123548
orig	4	15	attn_residual-0	0	1024	119	3.178608e-07	5.960464e-08	-0.741071701,-0.0125529878,-0.0311326385,0.0346001163	-0.741071641,-0.0125529729,-0.0311326161,0.0346001238
orig	4	16	attn_post_norm-0	0	1024	132	3.649214e-07	1.192093e-06	-10.037034,-0.311870039,-0.795896888,0.866737127	-10.0370331,-0.311869681,-0.795896292,0.866737366
orig	4	17	ffn_out-0	0	1024	117	2.554209e-07	7.450581e-08	0.209194347,-0.0197349563,-0.0383122563,0.00140387053	0.209194273,-0.0197349545,-0.0383122489,0.00140386913
orig	4	18	l_out-0	0	1024	84	3.430923e-07	5.960464e-08	-0.531877339,-0.0322879441,-0.0694448948,0.0360039882	-0.531877398,-0.0322879255,-0.069444865,0.036003992
orig	4	19	attn_norm-1	1	1024	116	3.601903e-07	2.861023e-06	-13.5813999,-1.06832397,-2.19784832,1.22174561	-13.5814028,-1.06832325,-2.19784737,1.22174561
orig	4	20	conv_output_silu-1	1	6144	698	2.861189e-07	7.152557e-07	-0.0161510985,-0.0189677346,-0.0915577188,-0.278463036	-0.0161511041,-0.0189677328,-0.0915577188,-0.278463066
orig	4	21	q_conv_predelta-1	1	2048	251	2.592292e-07	3.948808e-07	-0.0122945383,-0.014438618,-0.0696955621,-0.211971626	-0.012294542,-0.014438617,-0.0696955621,-0.211971655
orig	4	22	k_conv_predelta-1	1	2048	200	3.252904e-07	3.278255e-07	-0.0484246612,-0.0128006553,-0.0187205952,0.0529469103	-0.0484246463,-0.0128006944,-0.0187205896,0.0529469214
orig	4	23	v_conv_predelta-1	1	2048	200	2.752023e-07	7.152557e-07	-0.00493195653,-0.0728338063,0.000355264201,0.00933027919	-0.00493202498,-0.0728338212,0.000355255237,0.00933028571
orig	4	24	a_softplus-1	1	16	16	0.000000e+00	0.000000e+00	0.193796068,2.98604155,2.04173899,2.52086115	0.193796068,2.98604155,2.04173899,2.52086115
orig	4	25	gate-1	1	16	16	0.000000e+00	0.000000e+00	-0.0347457193,-3.22080803,-2.33858037,-0.762836218	-0.0347457193,-3.22080803,-2.33858037,-0.762836218
orig	4	26	beta_sigmoid-1	1	16	16	0.000000e+00	0.000000e+00	0.491131455,0.119351991,0.28783673,0.524800003	0.491131455,0.119351991,0.28783673,0.524800003
orig	4	27	state_predelta-1	1	262144	13081	3.224517e-07	2.682209e-07	-0.00985844154,-0.00123640848,-0.00100470567,0.00163891213	-0.00985843875,-0.00123640837,-0.00100470497,0.00163891201
orig	4	28	new_state-1	1	262144	13831	2.921306e-07	3.576279e-07	-0.00892203394,-0.00103564677,-0.000738536357,0.000927183137	-0.00892202929,-0.00103564584,-0.000738535193,0.000927181216
orig	4	29	attn_output-1	1	2048	101	3.369755e-07	6.519258e-09	-6.20602586e-05,-0.00081135449,-1.64601062e-07,1.55402086e-05	-6.20603678e-05,-0.000811354548,-1.64615543e-07,1.55402195e-05
orig	4	30	z-1	1	2048	359	2.002935e-07	2.384186e-06	-4.3530407,-4.63395166,-1.10070157,0.706582785	-4.3530407,-4.63395262,-1.10070133,0.706583023
orig	4	31	final_output-1	1	2048	79	3.125076e-07	4.768372e-07	0.00297944155,0.0313395672,4.29326356e-05,0.0076949806	0.0029794469,0.0313395448,4.29364118e-05,0.00769498805
orig	4	32	linear_attn_out-1	1	1024	234	6.688007e-07	1.788139e-07	-0.586553931,-0.00353957713,-0.000670775771,0.00136896968	-0.586553752,-0.00353959203,-0.000670775771,0.00136896968
orig	4	33	attn_residual-1	1	1024	69	3.875740e-07	2.384186e-07	-1.11843133,-0.0358275212,-0.0701156706,0.0373729579	-1.11843109,-0.0358275175,-0.0701156408,0.0373729616
orig	4	34	attn_post_norm-1	1	1024	80	4.456475e-07	2.861023e-06	-14.1939182,-0.716249645,-1.4160769,0.796870053	-14.1939154,-0.716249585,-1.4160763,0.796870172
orig	4	35	ffn_out-1	1	1024	88	3.244814e-07	1.788139e-07	0.458868086,0.0479389727,-0.0443562195,0.000785784912	0.458867908,0.0479389615,-0.0443562083,0.000785792654
orig	4	36	l_out-1	1	1024	71	4.209226e-07	8.940697e-08	-0.659563243,0.0121114515,-0.11447189,0.0381587446	-0.659563184,0.012111444,-0.114471853,0.0381587557
orig	4	37	attn_norm-2	2	1024	88	4.379343e-07	2.861023e-06	-16.3472633,0.367723078,-3.35585642,1.17333817	-16.3472614,0.367722839,-3.35585546,1.17333865
orig	4	38	conv_output_silu-2	2	6144	853	1.963300e-07	4.768372e-07	-0.0182222892,-0.00719097117,0.00225068023,0.00483348221	-0.0182222985,-0.00719096744,0.0022506828,0.00483347848
orig	4	39	q_conv_predelta-2	2	2048	357	2.109595e-07	2.384186e-07	-0.0168745145,-0.00665910495,0.00208421308,0.00447598286	-0.0168745238,-0.00665910263,0.00208421564,0.00447598007
orig	4	40	k_conv_predelta-2	2	2048	254	2.855894e-07	2.086163e-07	0.00728583382,0.00752355671,-0.0176894534,-0.158648908	0.00728582963,0.00752351712,-0.0176894534,-0.158648908
orig	4	41	v_conv_predelta-2	2	2048	216	2.121441e-07	3.576279e-07	0.017702559,0.0138805471,-0.0412701108,-0.0360118076	0.0177025739,0.0138805378,-0.0412701108,-0.0360118076
orig	4	42	a_softplus-2	2	16	16	0.000000e+00	0.000000e+00	3.99106884,0.335518777,1.30631661,2.98336649	3.99106884,0.335518777,1.30631661,2.98336649
orig	4	43	gate-2	2	16	16	0.000000e+00	0.000000e+00	-3.58281541,-0.0946374163,-0.389175028,-1.94891167	-3.58281541,-0.0946374163,-0.389175028,-1.94891167
orig	4	44	beta_sigmoid-2	2	16	16	0.000000e+00	0.000000e+00	0.121656559,0.639844298,0.674891651,0.323643923	0.121656559,0.639844298,0.674891651,0.323643923
orig	4	45	state_predelta-2	2	262144	15810	3.719301e-07	7.748604e-07	0.00126030785,-0.000555749692,-0.000899400504,-0.00638069818	0.00126030855,-0.000555750215,-0.000899400446,-0.00638069399
orig	4	46	new_state-2	2	262144	15466	3.267003e-07	4.768372e-07	5.05692005e-05,5.9456579e-07,-6.27211848e-05,-0.000515662716	5.05692224e-05,5.94480298e-07,-6.27212139e-05,-0.00051566289
orig	4	47	attn_output-2	2	2048	157	3.026864e-07	1.862645e-08	6.66723236e-06,7.30484044e-06,-1.16061292e-05,-1.27414751e-05	6.6672369e-06,7.3048368e-06,-1.16061292e-05,-1.27414751e-05
orig	4	48	z-2	2	2048	500	1.249776e-07	1.192093e-06	1.02912486,0.0577385426,0.195348918,-0.442377776	1.02912474,0.0577385426,0.195349038,-0.442377687
orig	4	49	final_output-2	2	2048	109	2.189664e-07	1.788139e-07	0.00516532967,0.000144041507,-0.00113676523,0.00215311651	0.00516533293,0.000144041434,-0.00113676605,0.00215311628
orig	4	50	linear_attn_out-2	2	1024	66	4.423425e-07	5.960464e-08	-0.630560637,0.0177338943,0.0117432754,-0.021132255	-0.630560637,0.017733898,0.0117432876,-0.0211322345
orig	4	51	attn_residual-2	2	1024	61	3.814427e-07	1.192093e-07	-1.29012394,0.0298453458,-0.102728613,0.0170264896	-1.29012382,0.029845342,-0.102728568,0.0170265213
orig	4	52	attn_post_norm-2	2	1024	58	4.470781e-07	1.668930e-06	-15.637125,0.568133295,-1.98506749,0.327979356	-15.637125,0.568133295,-1.98506689,0.327979982
orig	4	53	ffn_out-2	2	1024	56	3.403317e-07	1.788139e-07	0.741962016,0.0183550995,-0.0977825746,0.0248851515	0.741961837,0.0183550976,-0.0977825597,0.0248851515
orig	4	54	l_out-2	2	1024	60	4.542972e-07	1.192093e-07	-0.548161924,0.0482004434,-0.200511187,0.0419116393	-0.548161983,0.0482004397,-0.200511128,0.0419116728
orig	4	55	attn_norm-3	3	1024	73	4.288623e-07	2.861023e-06	-11.1648569,1.17199647,-4.4068923,0.971438468	-11.1648598,1.17199659,-4.40689135,0.971439302
orig	4	56	attn_pregate-3	3	2048	101	8.934234e-07	4.291534e-06	0.184655949,0.134550259,0.31392774,-0.561600745	0.184655249,0.13454999,0.313928545,-0.561601043
orig	4	57	attn_gated-3	3	2048	66	1.266759e-06	2.563000e-06	0.0035539649,0.00601127371,0.014910941,-0.0354234688	0.00355394999,0.006011263,0.0149109792,-0.0354234874
orig	4	58	attn_output-3	3	1024	11	2.605865e-06	2.309680e-07	0.0137948282,-0.00249676034,0.0302124154,0.00790394749	0.0137947369,-0.0024966721,0.0302124675,0.0079039447
orig	4	59	attn_residual-3	3	1024	36	1.055221e-06	2.905726e-07	-0.534367085,0.045703683,-0.17029877,0.0498155877	-0.534367263,0.0457037687,-0.170298666,0.0498156175
orig	4	60	attn_post_norm-3	3	1024	24	1.136287e-06	5.662441e-06	-6.78621674,0.869211435,-3.33616066,0.984355509	-6.78621721,0.869212925,-3.33615828,0.984355986
orig	4	61	ffn_out-3	3	1024	26	9.961323e-07	1.266599e-07	-0.0649669021,0.0259725787,0.00737767294,-0.0302664563	-0.0649668574,0.0259725414,0.00737766735,-0.0302664451
orig	4	62	l_out-3	3	1024	30	1.216604e-06	3.427267e-07	-0.599334002,0.0716762617,-0.162921101,0.0195491314	-0.599334121,0.0716763139,-0.162920997,0.0195491724
orig	4	63	attn_norm-4	4	1024	36	1.269223e-06	8.821487e-06	-11.4993401,1.81385827,-3.84252381,0.507176816	-11.4993429,1.81385982,-3.84252167,0.507177889
orig	4	64	conv_output_silu-4	4	6144	779	3.334526e-07	2.384186e-06	-0.0510673113,0.0122016929,-0.0807816312,-0.0152436616	-0.0510672927,0.0122017022,-0.0807816237,-0.0152436709
orig	4	65	q_conv_predelta-4	4	2048	260	2.823493e-07	2.384186e-07	-0.0306856316,0.00733182626,-0.0485405512,-0.00915970188	-0.0306856185,0.00733183138,-0.0485405475,-0.00915970746
orig	4	66	k_conv_predelta-4	4	2048	185	3.331031e-07	1.937151e-07	0.00411438756,0.0925879851,-0.0225723796,0.00565116853	0.00411438663,0.0925880596,-0.022572374,0.00565116899
orig	4	67	v_conv_predelta-4	4	2048	193	3.031102e-07	1.072884e-06	0.099472113,0.0235356912,-0.0142260836,0.0107238479	0.0994720459,0.0235356782,-0.0142260808,0.0107238349
orig	4	68	a_softplus-4	4	16	16	0.000000e+00	0.000000e+00	0.749274969,2.34229732,0.0260233581,2.43088937	0.749274969,2.34229732,0.0260233581,2.43088937
orig	4	69	gate-4	4	16	16	0.000000e+00	0.000000e+00	-0.312344283,-2.27578187,-0.00818861276,-1.27599454	-0.312344283,-2.27578187,-0.00818861276,-1.27599454
orig	4	70	beta_sigmoid-4	4	16	16	0.000000e+00	0.000000e+00	0.720565319,0.741650999,0.697300196,0.514279425	0.720565319,0.741650999,0.697300196,0.514279425
orig	4	71	state_predelta-4	4	262144	17893	1.897384e-07	1.907349e-06	-0.000950800721,-0.0120751886,0.000801351154,9.15651763e-05	-0.000950800721,-0.0120751914,0.000801352202,9.15652272e-05
orig	4	72	new_state-4	4	262144	17932	2.051906e-07	1.907349e-06	-0.000316144986,-0.00029381644,-0.00149610383,0.000588364899	-0.000316145277,-0.00029381644,-0.0014961015,0.000588364608
orig	4	73	attn_output-4	4	2048	114	4.360360e-07	1.490116e-07	0.000201725168,5.76582352e-05,-3.65819615e-05,2.2972381e-05	0.000201725023,5.76582133e-05,-3.6581976e-05,2.29723555e-05
orig	4	74	z-4	4	2048	302	2.025470e-07	1.490116e-06	-4.83081627,0.659484565,1.17201138,-0.0672706962	-4.83081532,0.659484744,1.17201161,-0.0672708154
orig	4	75	final_output-4	4	2048	83	5.645101e-07	7.152557e-07	-0.00650241738,0.0254069977,-0.0263507534,-0.000679962395	-0.00650241738,0.0254069958,-0.026350772,-0.000679962803
orig	4	76	linear_attn_out-4	4	1024	44	6.533233e-07	5.960464e-08	-0.25443548,-0.00642214529,-0.0287405979,-0.00196900964	-0.25443548,-0.00642216206,-0.0287406109,-0.00196900312
orig	4	77	attn_residual-4	4	1024	29	1.151606e-06	3.278255e-07	-0.853769481,0.0652541146,-0.191661701,0.0175801218	-0.8537696,0.0652541518,-0.191661611,0.0175801702
orig	4	78	attn_post_norm-4	4	1024	35	1.291676e-06	6.228685e-06	-10.2974119,1.15013921,-3.32230449,0.320870697	-10.2974129,1.15013969,-3.32230282,0.320871562
orig	4	79	ffn_out-4	4	1024	0	7.307945e-04	9.808317e-05	0.3047252,-0.0176364537,-0.0492991209,-0.00596015528	0.30476886,-0.0176672302,-0.0493033156,-0.00598156825
orig	4	80	l_out-4	4	1024	0	3.990407e-04	9.807572e-05	-0.549044251,0.047617659,-0.240960822,0.0116199665	-0.54900074,0.0475869216,-0.240964919,0.0115986019
orig	4	81	attn_norm-5	5	1024	0	4.193620e-04	2.408266e-03	-10.3426886,1.20800114,-5.68529415,0.308530599	-10.3419275,1.2072283,-5.68542242,0.3079651
orig	4	82	conv_output_silu-5	5	6144	2	1.205813e-03	6.762743e-03	-0.0827591196,-0.0196915641,-0.0253059603,0.15845567	-0.0831064731,-0.0200475287,-0.0252178721,0.159236044
orig	4	83	q_conv_predelta-5	5	2048	0	2.392549e-03	1.339100e-03	-0.0460894853,-0.0109664537,-0.0140931737,0.0882457495	-0.0463203974,-0.0111737326,-0.0140554868,0.0887521356
orig	4	84	k_conv_predelta-5	5	2048	0	1.435515e-03	1.589917e-03	-0.00660782307,-0.025107896,-0.127598807,-0.0199604854	-0.00660298998,-0.0251026917,-0.127687305,-0.0199559201
orig	4	85	v_conv_predelta-5	5	2048	0	4.468068e-04	1.158237e-03	-0.0251435507,0.0147376927,-0.0292862076,0.00115634233	-0.0251433123,0.0147402985,-0.0292659365,0.00115682941
orig	4	86	a_softplus-5	5	16	0	8.396297e-04	1.625538e-03	0.804339647,0.14548704,0.350041896,0.00338493451	0.803284407,0.146052405,0.349170417,0.00339622097
orig	4	87	gate-5	5	16	0	4.544479e-04	8.059144e-04	-0.614304304,-0.0176495798,-0.0891986042,-0.0014165733	-0.61349839,-0.017718168,-0.0889765248,-0.00142129662
orig	4	88	beta_sigmoid-5	5	16	0	4.813088e-04	6.620884e-04	0.700660706,0.752185762,0.713857114,0.477051497	0.700325191,0.751922548,0.714076042,0.476984113
orig	4	89	state_predelta-5	5	262144	20682	2.249818e-07	7.152557e-07	-0.000127735228,0.00013516139,0.000480597257,0.000236279331	-0.000127735169,0.000135161419,0.000480597024,0.000236279258
orig	4	90	new_state-5	5	262144	17	2.956936e-04	5.380958e-04	4.21783407e-05,0.000495977874,0.00240895967,0.000463994598	4.19781281e-05,0.000495709188,0.00240943884,0.000463829958
orig	4	91	attn_output-5	5	2048	0	8.225731e-04	7.207692e-05	-3.60109407e-05,1.87835522e-05,-3.28355782e-05,5.73220063e-07	-3.6125839e-05,1.88180784e-05,-3.2919168e-05,5.77638048e-07
orig	4	92	z-5	5	2048	0	2.120551e-03	1.395106e-02	0.826976299,2.01861644,0.114294291,0.186598167	0.823962092,2.01670456,0.113573223,0.183277935
orig	4	93	final_output-5	5	2048	0	4.686828e-03	2.512749e-03	-0.0197372902,0.0307188518,-0.00192852074,5.62606729e-05	-0.0197092518,0.0307381228,-0.00192050741,5.55995721e-05
orig	4	94	linear_attn_out-5	5	1024	0	1.235230e-02	1.335710e-03	-0.331744403,0.000755710527,0.019219039,0.0126093263	-0.330408692,0.000790157355,0.0189695153,0.0123404711
orig	4	95	attn_residual-5	5	1024	0	3.968346e-03	1.379251e-03	-0.880788684,0.0483733714,-0.221741781,0.0242292918	-0.879409432,0.048377078,-0.221995398,0.0239390731
orig	4	96	attn_post_norm-5	5	1024	0	4.564754e-03	1.526701e-02	-10.1316977,0.836420238,-3.6417675,0.440847903	-10.1177969,0.836646795,-3.64664102,0.435652047
orig	4	97	ffn_out-5	5	1024	0	2.338271e-02	2.955535e-03	0.257973552,0.00718222745,-0.0298569333,-0.0111127244	0.255816787,0.00612122938,-0.029883191,-0.00897567067
orig	4	98	l_out-5	5	1024	0	1.087723e-02	2.833798e-03	-0.622815132,0.0555555969,-0.251598716,0.0131165674	-0.623592615,0.0544983074,-0.251878589,0.0149634024
orig	4	99	attn_norm-6	6	1024	0	1.165044e-02	6.559440e-02	-11.0059214,1.2721343,-5.57049227,0.318162203	-11.0139713,1.24727988,-5.5738101,0.362772584
orig	4	100	conv_output_silu-6	6	6144	0	7.266596e-03	1.310870e-02	0.0243653264,-0.155336857,-0.00751747936,0.0564884767	0.0197589453,-0.155988693,-0.0072644921,0.0512052998
orig	4	101	q_conv_predelta-6	6	2048	0	1.267195e-02	9.632733e-03	0.0138389897,-0.0882280469,-0.00426976942,0.0320842601	0.0112387668,-0.088725403,-0.0041319984,0.0291252583
orig	4	102	k_conv_predelta-6	6	2048	0	6.419427e-03	6.969986e-03	0.0478875265,-0.0389394872,-0.00917188358,0.01491684	0.0479209274,-0.03894547,-0.00973363779,0.0150986379
orig	4	103	v_conv_predelta-6	6	2048	0	2.188145e-03	4.550636e-03	-0.0058688703,-0.00042405905,-0.0118916882,0.0120661808	-0.00586965354,-0.000426728919,-0.0118925851,0.0120619023
orig	4	104	a_softplus-6	6	16	0	3.104553e-03	1.004279e-02	0.559966564,0.312118292,0.802556515,0.318915188	0.549923778,0.314030021,0.80324167,0.320113569
orig	4	105	gate-6	6	16	0	4.172715e-03	5.319387e-03	-0.10197749,-0.231946617,-0.244765922,-0.176811025	-0.100148559,-0.233367294,-0.244974881,-0.177475423
orig	4	106	beta_sigmoid-6	6	16	0	3.830650e-03	4.949033e-03	0.763787508,0.421970397,0.664702892,0.617087901	0.761783123,0.417021364,0.664670289,0.61262238
orig	4	107	state_predelta-6	6	262144	695	2.263233e-05	2.634525e-05	-3.68546862e-05,-0.000149208441,0.000444528821,0.000673719391	-3.6856818e-05,-0.000149212152,0.000444544479,0.000673746981
orig	4	108	new_state-6	6	262144	4	3.479980e-03	7.637896e-03	-0.000362753926,0.000133165988,0.000464535435,0.000505772477	-0.00036171297,0.000131873283,0.000468878541,0.000506080512
orig	4	109	attn_output-6	6	2048	0	4.643254e-03	5.983189e-05	2.49079476e-05,2.0271591e-05,-4.03859412e-05,-2.92599707e-05	2.54202751e-05,2.07370267e-05,-4.11417022e-05,-2.99726962e-05
orig	4	110	z-6	6	2048	0	8.664556e-03	6.484270e-02	0.860642195,0.390603006,0.971126556,1.47297132	0.872691929,0.392123938,0.979135215,1.47098422
orig	4	111	final_output-6	6	2048	0	1.640579e-02	1.532125e-02	0.0121170161,0.00436475687,-0.0259898733,-0.0345278233	0.0125617879,0.00447712606,-0.0267055761,-0.0352452137
orig	4	112	linear_attn_out-6	6	1024	0	3.556296e-02	2.329286e-03	-0.0802936256,-0.00194645114,0.00127357943,0.00433299132	-0.0817602053,-0.00204406679,0.00144347316,0.0039883852
orig	4	113	attn_residual-6	6	1024	0	1.366087e-02	3.551476e-03	-0.703108788,0.0536091477,-0.250325143,0.0174495578	-0.705352843,0.0524542406,-0.250435114,0.0189517885
orig	4	114	attn_post_norm-6	6	1024	0	1.502077e-02	6.791413e-02	-9.87879276,0.922661483,-4.25299072,0.307264954	-9.90480423,0.90228188,-4.25249004,0.333531529
orig	4	115	ffn_out-6	6	1024	0	3.483992e-02	6.164357e-03	-0.0974444002,-0.0121675376,-0.041842889,0.0642348528	-0.0912800431,-0.0110978149,-0.0416989625,0.0641065687
orig	4	116	l_out-6	6	1024	0	1.655237e-02	4.041344e-03	-0.800553203,0.0414416119,-0.292168021,0.0816844106	-0.796632886,0.0413564257,-0.292134076,0.0830583572
orig	4	117	attn_norm-7	7	1024	0	1.657427e-02	6.276441e-02	-11.3875322,0.62642765,-4.56073761,1.4812448	-11.349081,0.626095116,-4.56717491,1.50846076
orig	4	118	attn_pregate-7	7	2048	0	1.406393e-02	7.909918e-02	0.200198933,0.15833874,-0.492000252,-0.15264754	0.199255109,0.165275916,-0.479843616,-0.164664194
orig	4	119	attn_gated-7	7	2048	0	1.966384e-02	1.372677e-02	0.0538970828,0.0494506918,-0.0353617817,-0.0130293304	0.0535156503,0.0518143438,-0.0338735804,-0.0138852522
orig	4	120	attn_output-7	7	1024	0	4.555489e-02	3.804281e-03	-0.0252091512,-0.00749003142,0.0473912023,-0.0195435714	-0.0287843496,-0.00707473513,0.0479617044,-0.0206703097
orig	4	121	attn_residual-7	7	1024	0	2.183793e-02	6.988410e-03	-0.825762331,0.0339515805,-0.244776815,0.0621408373	-0.825417221,0.0342816897,-0.244172364,0.0623880476
orig	4	122	attn_post_norm-7	7	1024	0	2.517749e-02	1.247873e-01	-9.09312439,0.544433117,-3.78489256,1.03684366	-9.0912056,0.549840391,-3.77632761,1.04118395
orig	4	123	ffn_out-7	7	1024	0	4.840006e-02	4.526421e-03	0.106654994,0.0138699589,0.0155600077,-0.0162146911	0.106735051,0.013118891,0.0151738236,-0.0150609333
orig	4	124	l_out-7	7	1024	0	2.184609e-02	5.222507e-03	-0.71910733,0.0478215404,-0.229216814,0.0459261462	-0.71868217,0.0474005789,-0.228998542,0.0473271161
orig	4	125	attn_norm-8	8	1024	0	2.429293e-02	1.095612e-01	-12.9361944,1.01770878,-4.42663002,1.05027008	-12.9251432,1.0084846,-4.42125082,1.0820235
orig	4	126	conv_output_silu-8	8	6144	1	1.443272e-02	2.850512e-02	0.0302516893,0.0183127876,-0.239864081,-0.0282045342	0.0309811924,0.0183124468,-0.241509765,-0.0288881194
orig	4	127	q_conv_predelta-8	8	2048	0	2.280462e-02	1.400131e-02	0.0238934662,0.0144638522,-0.189450055,-0.0222765766	0.0245759897,0.0145264436,-0.19157888,-0.0229156502
orig	4	128	k_conv_predelta-8	8	2048	0	1.196250e-02	1.226099e-02	0.0782232061,-0.198079124,0.0752646029,0.013752602	0.0772589371,-0.197738022,0.0751655176,0.0137109347
orig	4	129	v_conv_predelta-8	8	2048	0	4.753078e-03	8.037120e-03	-0.16913192,-0.0144332377,-0.0245302152,-0.00103501568	-0.169104934,-0.0144715682,-0.0244242586,-0.000934832671
orig	4	130	a_softplus-8	8	16	0	1.927936e-02	2.326506e-02	0.310172409,0.12658821,0.0840505883,0.0275938269	0.320625573,0.13122493,0.0871729031,0.0277645122
orig	4	131	gate-8	8	16	0	1.634732e-02	8.892894e-03	-0.108880751,-0.0359858908,-0.0250401702,-0.00416604476	-0.112550154,-0.0373039953,-0.025970364,-0.00419181446
orig	4	132	beta_sigmoid-8	8	16	0	5.323867e-03	7.328331e-03	0.858758867,0.347772211,0.654733121,0.387892216	0.863100708,0.351344824,0.660394251,0.3890661
orig	4	133	state_predelta-8	8	262144	11	2.419999e-03	1.176095e-02	-0.00458578998,0.00779674947,-0.0061149383,0.000308795163	-0.00457796082,0.00778021617,-0.00610673986,0.000307038572
orig	4	134	new_state-8	8	262144	0	3.545461e-03	1.154733e-02	-0.0143890921,0.0330145806,-0.0153718106,-0.00152977591	-0.0142739471,0.0330153629,-0.0153640639,-0.00153284741
orig	4	135	attn_output-8	8	2048	0	4.810874e-03	2.813414e-04	-0.000911105366,-6.660894e-05,-9.86733648e-05,-1.51093418e-05	-0.000914304517,-6.72198003e-05,-9.88479005e-05,-1.43134839e-05
orig	4	136	z-8	8	2048	0	1.285005e-02	9.700441e-02	0.203998148,1.87105227,1.02306104,1.02273118	0.21338506,1.87630236,1.03058922,1.02582359
orig	4	137	final_output-8	8	2048	0	6.773243e-02	1.099036e-01	-0.0886382982,-0.0660976395,-0.069938004,-0.00807005074	-0.093393527,-0.0669082925,-0.0706863999,-0.00767098414
orig	4	138	linear_attn_out-8	8	1024	0	4.485353e-02	2.842466e-03	-0.0745010599,0.00167609099,0.0130285537,-0.0156289078	-0.0738896951,0.00131634064,0.0136239994,-0.0153507795
orig	4	139	attn_residual-8	8	1024	0	2.192292e-02	5.542655e-03	-0.793608367,0.0494976304,-0.216188267,0.0302972384	-0.792571843,0.0487169176,-0.215374544,0.0319763348
orig	4	140	attn_post_norm-8	8	1024	0	2.560655e-02	9.472793e-02	-8.57028675,0.775211036,-3.26972818,0.520325482	-8.55462646,0.76258564,-3.25572109,0.54887569
orig	4	141	ffn_out-8	8	1024	0	4.773778e-02	3.674217e-03	0.173887804,0.00365186995,-0.0329642594,0.0265341327	0.171954393,0.00356702413,-0.0341544449,0.026352331
orig	4	142	l_out-8	8	1024	0	2.278229e-02	5.770355e-03	-0.619720578,0.053149499,-0.249152526,0.056831371	-0.620617449,0.0522839427,-0.249528989,0.0583286658
orig	4	143	attn_norm-9	9	1024	0	2.534128e-02	1.289930e-01	-10.1547155,1.05933774,-4.89170074,1.34098065	-10.1550999,1.04061949,-4.89219713,1.37437344
orig	4	144	conv_output_silu-9	9	6144	0	1.715648e-02	3.593138e-02	-0.0704009682,-0.146390632,-0.23212643,-0.0655087084	-0.0707043409,-0.144808829,-0.231486768,-0.0677085146
orig	4	145	q_conv_predelta-9	9	2048	0	2.545335e-02	2.370037e-02	-0.0471710786,-0.0980867818,-0.155532718,-0.0438930988	-0.0471847616,-0.0966386124,-0.154483408,-0.045185484
orig	4	146	k_conv_predelta-9	9	2048	0	1.468484e-02	2.384749e-02	0.256976128,-0.0149084171,0.000882348861,-0.0200696159	0.255004734,-0.0149311032,0.000285711692,-0.020022206
orig	4	147	v_conv_predelta-9	9	2048	0	1.431700e-02	3.593138e-02	-0.00492988946,-0.00350322179,0.00606615609,-0.00817974005	-0.00477384357,-0.0035441725,0.00601645745,-0.00820779242
orig	4	148	a_softplus-9	9	16	0	9.816505e-03	1.525831e-02	0.00247838674,0.0628864244,0.294723183,0.755158484	0.00246768445,0.062843658,0.290955842,0.755237341
orig	4	149	gate-9	9	16	0	9.424232e-03	3.301471e-03	-0.00100527797,-0.00857750326,-0.100274518,-0.13969028	-0.00100093696,-0.00857166946,-0.0989927426,-0.139704868
orig	4	150	beta_sigmoid-9	9	16	0	6.420171e-03	6.931394e-03	0.312398255,0.626804471,0.307639688,0.367532045	0.312717557,0.62430495,0.306755364,0.36302036
orig	4	151	state_predelta-9	9	262144	3	3.308816e-03	3.315695e-03	-0.0010253886,-0.00101206673,-0.000801916525,3.97209442e-06	-0.00102311058,-0.00101274916,-0.000802406808,5.16071304e-06
orig	4	152	new_state-9	9	262144	0	6.034956e-03	5.910009e-03	-0.00155002368,-0.00098055345,-0.000802915718,4.50221123e-05	-0.00153319817,-0.000981809222,-0.000802176655,4.52864733e-05
orig	4	153	attn_output-9	9	2048	0	1.148468e-02	1.211870e-04	3.35984914e-05,-1.59458214e-05,4.96046414e-05,-5.52418242e-05	3.34768665e-05,-1.59578394e-05,4.91337232e-05,-5.47547388e-05
orig	4	154	z-9	9	2048	0	1.486258e-02	1.465166e-01	0.891977906,-0.0687059313,2.89249468,1.28944719	0.889722705,-0.0637085885,2.89046168,1.27559352
orig	4	155	final_output-9	9	2048	0	2.940367e-02	2.059232e-02	0.0226963907,0.000535910542,0.142491832,-0.0539880767	0.0225515738,0.000498796988,0.141083091,-0.0527999327
orig	4	156	linear_attn_out-9	9	1024	0	4.097354e-02	4.647687e-03	-0.148481607,-0.00441323407,-0.002503125,-0.010379727	-0.14383392,-0.0046379054,-0.00207464769,-0.0104522398
orig	4	157	attn_residual-9	9	1024	0	2.243485e-02	5.669639e-03	-0.768202186,0.0487362668,-0.251655638,0.0464516431	-0.764451385,0.0476460382,-0.251603633,0.0478764251
orig	4	158	attn_post_norm-9	9	1024	0	2.592879e-02	9.010744e-02	-8.30132675,0.737587512,-3.67733669,0.795049131	-8.25884724,0.720917761,-3.67571044,0.81924206
orig	4	159	ffn_out-9	9	1024	0	5.173725e-02	5.197182e-03	0.107300758,-0.0381070189,-0.0124160387,-0.0205375757	0.102103576,-0.037786983,-0.0127570685,-0.0200438667
orig	4	160	l_out-9	9	1024	0	2.274918e-02	6.114283e-03	-0.660901427,0.0106292479,-0.264071673,0.0259140674	-0.662347794,0.00985905528,-0.264360696,0.0278325584
orig	4	161	attn_norm-10	10	1024	0	2.505582e-02	1.380529e-01	-11.4903669,0.19253771,-5.1140666,0.541100144	-11.5037594,0.178404197,-5.11443806,0.580566108
orig	4	162	conv_output_silu-10	10	6144	0	2.092254e-02	2.974544e-02	-0.000967504282,-0.00256691943,0.014867262,-0.00505928881	-0.00124312507,-0.00251659285,0.0147765018,-0.00407398539
orig	4	163	q_conv_predelta-10	10	2048	0	1.955384e-02	9.896740e-03	-0.00205186335,-0.00544387009,0.0315301828,-0.0107296361	-0.0026536386,-0.00537204836,0.0315426812,-0.0086965384
orig	4	164	k_conv_predelta-10	10	2048	0	2.099702e-02	1.718626e-02	-0.0760845691,-0.0827406719,0.0275302045,0.0193809085	-0.0793660879,-0.082367897,0.0257512704,0.0194416922
orig	4	165	v_conv_predelta-10	10	2048	0	1.775730e-02	1.912606e-02	-0.00650106603,-0.00650232984,0.00338606746,0.00755481282	-0.00628765533,-0.00691412343,0.00358175091,0.00723569188
orig	4	166	a_softplus-10	10	16	0	8.200860e-03	2.195978e-02	0.428261548,0.00755619025,3.76766443,0.340928376	0.430461228,0.00734533602,3.74570465,0.334908605
orig	4	167	gate-10	10	16	0	7.165880e-03	6.802917e-03	-0.327718824,-0.0438239127,-1.16716802,-0.0698070377	-0.329402089,-0.0426010117,-1.1603651,-0.0685744584
orig	4	168	beta_sigmoid-10	10	16	0	6.596071e-03	1.011103e-02	0.778142333,0.470827103,0.916586637,0.751774788	0.775338352,0.468495041,0.918193877,0.751259387
orig	4	169	state_predelta-10	10	262144	1	9.021945e-03	2.920225e-03	-0.000317882397,0.000359722675,0.000334608456,0.000231571918	-0.000313798781,0.000414671114,0.000355098484,0.00023421587
orig	4	170	new_state-10	10	262144	1	1.457855e-02	5.957238e-03	0.000282755995,0.000815789681,5.59151958e-05,3.64898879e-05	0.000287552015,0.000830993231,8.89001967e-05,4.2748783e-05
orig	4	171	attn_output-10	10	2048	0	1.159004e-02	5.102390e-05	-7.76835532e-06,-4.87633497e-06,-3.64766242e-06,1.52788798e-05	-6.93604261e-06,-6.09888548e-06,-3.65853521e-06,1.50286596e-05
orig	4	172	z-10	10	2048	0	1.036875e-02	9.717083e-02	2.24462891,1.38689506,1.68722594,1.57156527	2.24657631,1.40435421,1.68633664,1.56883252
orig	4	173	final_output-10	10	2048	0	2.646914e-02	8.466173e-03	-0.0141555807,-0.00577489147,-0.00505588669,0.02031615	-0.012652236,-0.00733902631,-0.00506757246,0.0199392717
orig	4	174	linear_attn_out-10	10	1024	0	3.864038e-02	2.692014e-03	0.0137901455,0.0172665883,0.00214477628,-0.00789309852	0.0164821595,0.0174191482,0.00246434286,-0.00850195065
orig	4	175	attn_residual-10	10	1024	0	2.181383e-02	5.468644e-03	-0.647111297,0.0278958362,-0.261926889,0.0180209689	-0.645865619,0.0272782035,-0.261896342,0.0193306077
orig	4	176	attn_post_norm-10	10	1024	0	2.420401e-02	8.599901e-02	-8.0780468,0.42986545,-4.02324486,0.295785576	-8.05899334,0.42016533,-4.02102804,0.317143381
orig	4	177	ffn_out-10	10	1024	0	4.659659e-02	3.807020e-03	-0.0675271153,-0.00574480835,-0.0388801023,0.0163876731	-0.0670777261,-0.00746019371,-0.0396771207,0.0163603611
orig	4	178	l_out-10	10	1024	0	2.190520e-02	6.236713e-03	-0.714638412,0.0221510269,-0.300806999,0.0344086438	-0.712943316,0.0198180098,-0.301573455,0.0356909707
orig	4	179	attn_norm-11	11	1024	0	2.232302e-02	9.818381e-02	-9.82052326,0.317491472,-4.60439062,0.580765367	-9.79531765,0.28399682,-4.61522198,0.602291524
orig	4	180	attn_pregate-11	11	2048	0	3.157533e-02	5.051379e-01	0.472721368,0.142173052,0.183702901,-0.202766955	0.468546867,0.139227241,0.17651403,-0.20787926
orig	4	181	attn_gated-11	11	2048	0	3.242046e-02	1.349023e-02	0.0522407964,0.0208271351,0.0131983953,-0.0111008622	0.0532329306,0.0200364925,0.012790502,-0.0116676474
orig	4	182	attn_output-11	11	1024	0	7.083608e-02	4.015155e-03	-0.00913181901,-0.00362234376,-0.00983697176,0.0127838627	-0.00511666387,-0.00328508206,-0.00988657959,0.0126891751
orig	4	183	attn_residual-11	11	1024	0	2.601507e-02	6.545074e-03	-0.723770261,0.0185286831,-0.310643971,0.0471925065	-0.718059957,0.0165329278,-0.311460048,0.0483801439
orig	4	184	attn_post_norm-11	11	1024	0	2.899713e-02	9.935391e-02	-8.10823536,0.294481128,-4.71119356,0.770574272	-8.04397869,0.262752742,-4.72340202,0.789938271
orig	4	185	ffn_out-11	11	1024	0	6.262724e-02	6.677583e-03	-0.0270160623,0.00396447908,0.00733451359,0.00515086483	-0.0336936451,0.00260405731,0.00761014922,0.00352543313
orig	4	186	l_out-11	11	1024	0	2.618002e-02	7.994376e-03	-0.750786304,0.0224931613,-0.30330947,0.0523433723	-0.751753628,0.0191369858,-0.303849906,0.0519055761
orig	4	187	attn_norm-12	12	1024	0	2.850466e-02	1.684978e-01	-12.926796,0.436946929,-6.13854742,1.13167989	-12.9293995,0.37134701,-6.14280844,1.12099624
orig	4	188	conv_output_silu-12	12	6144	0	2.166304e-02	4.310769e-02	-0.00683739036,0.0234277435,0.0517109819,0.00833981857	-0.00786983874,0.0213835258,0.0512600318,0.00891431142
orig	4	189	q_conv_predelta-12	12	2048	0	2.648122e-02	2.364397e-02	-0.00551320985,0.0188905504,0.0416962467,0.00672466634	-0.00636788411,0.0173024908,0.0414770804,0.00721302023
orig	4	190	k_conv_predelta-12	12	2048	0	1.990887e-02	1.561180e-02	0.00730657298,-0.0131570324,0.00152276608,0.024497347	0.00889901165,-0.01289442,0.00129434012,0.0243256241
orig	4	191	v_conv_predelta-12	12	2048	0	1.367893e-02	3.265214e-02	-0.000514232903,0.0016151414,-0.00463061268,-0.00469230674	-0.000703556638,0.00212712493,-0.00470635481,-0.00473425305
orig	4	192	a_softplus-12	12	16	0	1.931034e-02	2.377367e-02	0.00169264991,0.377067804,0.144890606,0.00618756842	0.00174405985,0.363788456,0.143952399,0.00638220226
orig	4	193	gate-12	12	16	0	1.349564e-02	7.837087e-03	-0.000341206556,-0.222534299,-0.0150345974,-0.0017589723	-0.000351569848,-0.214697212,-0.0149372434,-0.00181430182
orig	4	194	beta_sigmoid-12	12	16	0	1.421826e-02	1.236480e-02	0.230297998,0.620742023,0.557342887,0.31305933	0.231662259,0.616035402,0.547069967,0.313055605
orig	4	195	state_predelta-12	12	262144	0	3.046915e-03	5.033731e-03	-0.000214014042,4.700106e-05,4.09660533e-05,-6.92317408e-05	-0.000213740961,4.72963802e-05,4.09855056e-05,-6.96635252e-05
orig	4	196	new_state-12	12	262144	1	4.975857e-03	9.495437e-03	-0.000212534316,4.44519465e-05,4.124525e-05,-6.44917382e-05	-0.000212265761,4.52510976e-05,4.11747351e-05,-6.58119316e-05
orig	4	197	attn_output-12	12	2048	0	3.506970e-03	3.638119e-04	-1.73056305e-05,2.05194519e-05,-4.29649845e-06,-2.99424264e-05	-1.72482087e-05,2.15354266e-05,-4.90241928e-06,-3.01302989e-05
orig	4	198	z-12	12	2048	0	1.521230e-02	1.316609e-01	-0.246789426,0.400548935,0.152265117,0.106709242	-0.250676036,0.384946257,0.129034534,0.0670851171
orig	4	199	final_output-12	12	2048	0	5.426827e-02	7.505673e-02	0.00144775491,0.00399330212,-0.000225351163,-0.00134500919	0.0014602798,0.00399650075,-0.000215237276,-0.000833646278
orig	4	200	linear_attn_out-12	12	1024	0	4.772235e-02	2.225474e-03	-0.129508406,-0.00082457473,0.00962510239,-0.00296485284	-0.128621906,-0.00121101434,0.0102280751,-0.00288487459
orig	4	201	attn_residual-12	12	1024	0	2.529512e-02	7.278785e-03	-0.880294681,0.0216685869,-0.293684363,0.049378518	-0.880375504,0.0179259721,-0.293621838,0.0490207002
orig	4	202	attn_post_norm-12	12	1024	0	2.806496e-02	1.091875e-01	-9.16214371,0.348950595,-4.32649374,0.779210389	-9.15281773,0.288359255,-4.32077265,0.772705555
orig	4	203	ffn_out-12	12	1024	0	5.402287e-02	1.012178e-02	0.021061752,-0.0241828412,-0.00204125419,0.00596809573	0.0109399753,-0.0249136481,-0.00224741176,0.00844007917
orig	4	204	l_out-12	12	1024	0	2.514103e-02	1.020265e-02	-0.859232903,-0.0025142543,-0.295725614,0.0553466156	-0.869435549,-0.00698767602,-0.295869261,0.0574607775
orig	4	205	attn_norm-13	13	1024	0	2.737009e-02	1.292171e-01	-13.5772753,-0.0450351685,-5.39595747,1.12525642	-13.7064924,-0.124871269,-5.38600349,1.1655184
orig	4	206	conv_output_silu-13	13	6144	1	1.999379e-02	4.935730e-02	0.156611532,0.0254866946,0.0330478996,-0.0133431507	0.158182546,0.0347424522,0.0323038027,-0.0141761238
orig	4	207	q_conv_predelta-13	13	2048	0	2.347749e-02	2.139398e-02	0.139735833,0.0227403715,0.0294868164,-0.0119053572	0.139527217,0.0306450855,0.0284940396,-0.0125042573
orig	4	208	k_conv_predelta-13	13	2048	0	2.356846e-02	1.493441e-02	0.00673228921,0.0422708131,0.175285235,-0.0125787118	0.00527377613,0.0426778942,0.177489817,-0.0102716265
orig	4	209	v_conv_predelta-13	13	2048	1	1.380953e-02	1.818651e-02	0.00383657147,0.0105381804,-0.00960256159,0.0122185415	0.0041437638,0.0103484271,-0.0090411948,0.0124613913
orig	4	210	a_softplus-13	13	16	0	1.467633e-02	4.169059e-02	0.15306133,0.874892831,1.17768896,0.178548262	0.147626713,0.85673207,1.13608277,0.178192213
orig	4	211	gate-13	13	16	0	2.283422e-02	2.092087e-02	-0.0411958992,-1.00699556,-0.592179179,-0.0427415445	-0.0397331901,-0.986092627,-0.571258307,-0.0426563136
orig	4	212	beta_sigmoid-13	13	16	0	1.142917e-02	1.171058e-02	0.59615761,0.912662745,0.358912259,0.817405403	0.587509274,0.912162125,0.35968104,0.812310338
orig	4	213	state_predelta-13	13	262144	3	1.115464e-02	7.961988e-03	4.71109197e-05,-1.2320822e-05,-0.000467551668,2.14254396e-05	4.83629883e-05,-1.38396344e-05,-0.000470363244,1.84537312e-05
orig	4	214	new_state-13	13	262144	0	1.696584e-02	9.321392e-03	6.26634937e-05,9.77664167e-05,5.75723243e-06,-1.20504446e-05	6.09384551e-05,0.000103711864,3.45932203e-05,-1.04274168e-05
orig	4	215	attn_output-13	13	2048	0	1.463329e-02	8.812826e-05	8.7701701e-06,1.54228292e-05,-2.1220867e-05,3.4503566e-05	9.48800334e-06,1.58908915e-05,-2.07145185e-05,3.49862348e-05
orig	4	216	z-13	13	2048	0	1.561587e-02	1.252799e-01	0.893524528,1.50852418,-0.0365058184,1.76362348	0.872876167,1.50552464,-0.0203169286,1.79399323
orig	4	217	final_output-13	13	2048	0	2.890601e-02	1.585983e-02	0.00576074794,0.0198813546,0.000394399103,0.0526243486	0.00605549989,0.0204461161,0.000216167435,0.0545533597
orig	4	218	linear_attn_out-13	13	1024	0	4.110365e-02	2.965197e-03	-0.231309533,-0.000102805905,0.0146876974,0.000934027368	-0.23427473,-0.000286212191,0.0154222194,0.00201802514
orig	4	219	attn_residual-13	13	1024	0	2.428644e-02	1.316786e-02	-1.09054244,-0.00261706021,-0.281037927,0.0562806427	-1.10371029,-0.00727388822,-0.280447036,0.0594788045
orig	4	220	attn_post_norm-13	13	1024	0	2.612535e-02	9.898567e-02	-11.0674438,-0.0401675925,-3.9808917,0.794522226	-11.1664295,-0.111296937,-3.96023321,0.837073684
orig	4	221	ffn_out-13	13	1024	0	5.069615e-02	5.022971e-03	0.0864614248,-0.0107597578,-0.031785056,0.0374573842	0.08255703,-0.00943630375,-0.0330221243,0.0381991044
orig	4	222	l_out-13	13	1024	0	2.553690e-02	1.707220e-02	-1.00408101,-0.013376818,-0.312822998,0.0937380269	-1.02115321,-0.016710192,-0.313469172,0.0976779088
orig	4	223	attn_norm-14	14	1024	0	2.659164e-02	1.942816e-01	-14.3198509,-0.21537672,-4.67485189,1.62634909	-14.5141325,-0.268137634,-4.66868353,1.6889807
orig	4	224	conv_output_silu-14	14	6144	0	1.327101e-02	3.740978e-02	0.0716173351,-0.0375209413,-0.222192407,0.000521378184	0.0797677189,-0.037076164,-0.225085303,-0.00168111653
orig	4	225	q_conv_predelta-14	14	2048	0	1.878964e-02	1.233001e-02	0.0209426414,-0.0109720314,-0.0649744347,0.000152463588	0.0232260879,-0.0107955215,-0.0655384287,-0.000489493192
orig	4	226	k_conv_predelta-14	14	2048	0	2.481018e-02	2.006803e-02	0.00490681501,-0.128231093,0.00811886508,-0.0418508388	0.00543451542,-0.131037414,0.00976485107,-0.0424654894
orig	4	227	v_conv_predelta-14	14	2048	0	1.283081e-02	3.740978e-02	0.0225694999,-0.000673101458,-0.0288224258,-0.00732508861	0.0223520584,-0.000304251647,-0.0279341415,-0.00863746554
orig	4	228	a_softplus-14	14	16	0	1.278940e-02	2.254999e-02	0.342483461,0.175658792,0.918789685,0.0129633071	0.343225479,0.175893575,0.903968692,0.0125965681
orig	4	229	gate-14	14	16	0	1.582232e-02	1.040509e-02	-0.107767195,-0.0293555278,-0.610851645,-0.0390048251	-0.108000681,-0.0293947645,-0.600997984,-0.0379013568
orig	4	230	beta_sigmoid-14	14	16	0	2.789498e-03	4.486263e-03	0.689314067,0.69707793,0.645305574,0.51042825	0.68675828,0.698394239,0.64547801,0.5093925
orig	4	231	state_predelta-14	14	262144	2	1.014442e-02	7.790029e-03	-0.000398445176,0.000337038888,-2.55610357e-05,0.000316757127	-0.000405751722,0.000338188489,-2.12353625e-05,0.000323057873
orig	4	232	new_state-14	14	262144	2	1.525743e-02	1.240587e-02	-0.000291334582,-0.00143274944,8.69232026e-05,-0.00028197249	-0.000292247365,-0.00143168971,0.000110249151,-0.000272361765
orig	4	233	attn_output-14	14	2048	0	9.929324e-03	1.226098e-04	2.0431055e-06,6.69665678e-06,4.93662492e-06,-6.86121211e-07	1.64879771e-06,6.73977956e-06,4.14053284e-06,-2.0050301e-07
orig	4	234	z-14	14	2048	0	1.483268e-02	1.181149e-01	0.358371496,1.22940409,0.674825728,0.250541568	0.364561617,1.24430299,0.722693086,0.21541819
orig	4	235	final_output-14	14	2048	0	3.172818e-02	3.053008e-02	0.000451238244,0.00634498568,0.00221026898,-8.80803564e-05	0.000371395523,0.00648512691,0.00201720535,-2.17907473e-05
orig	4	236	linear_attn_out-14	14	1024	0	3.996019e-02	7.368580e-03	0.115961991,0.00163815729,0.0264647119,-0.0118934214	0.123330571,0.00311867706,0.0252540018,-0.011091236
orig	4	237	attn_residual-14	14	1024	0	2.467241e-02	9.703577e-03	-0.888119042,-0.0117386607,-0.286358297,0.0818446055	-0.897822618,-0.0135915149,-0.28821516,0.0865866691
orig	4	238	attn_post_norm-14	14	1024	0	2.482900e-02	1.028261e-01	-8.67345142,-0.160782054,-3.68045402,1.02082634	-8.74522877,-0.185672149,-3.6946075,1.0771414
orig	4	239	ffn_out-14	14	1024	0	3.768223e-02	8.112080e-03	-0.0668911934,-0.0528089255,-0.0615366884,0.0100329975	-0.0669689029,-0.0548095666,-0.0631753802,0.00891900435
orig	4	240	l_out-14	14	1024	0	2.290229e-02	9.781301e-03	-0.955010235,-0.0645475835,-0.347894996,0.091877602	-0.964791536,-0.0684010834,-0.351390541,0.0955056697
orig	4	241	attn_norm-15	15	1024	0	2.254929e-02	8.700752e-02	-8.11424351,-0.612981856,-3.29661798,0.865680516	-8.20109272,-0.649873555,-3.3312614,0.90027535
orig	4	242	attn_pregate-15	15	2048	0	1.172793e-02	5.374546e-01	-0.288501352,0.148832574,-0.065359503,-0.151919082	-0.287683308,0.150561899,-0.0656600744,-0.162749484
orig	4	243	attn_gated-15	15	2048	0	1.741584e-02	2.497751e-02	-0.0382122621,0.0175783075,-0.00817719009,-0.0573821403	-0.0378785618,0.0171869993,-0.00828101765,-0.0613310933
orig	4	244	attn_output-15	15	1024	0	3.771145e-02	3.445968e-03	-0.198877245,0.0205116868,-0.0762160942,0.0407223701	-0.196335077,0.0216238946,-0.0767814964,0.0404537022
orig	4	245	attn_residual-15	15	1024	0	2.370602e-02	8.770555e-03	-1.15388751,-0.0440358967,-0.424111098,0.13259998	-1.16112661,-0.0467771888,-0.428172052,0.135959372
orig	4	246	attn_post_norm-15	15	1024	0	2.452544e-02	9.148699e-02	-8.21440506,-0.495696753,-4.55298519,1.32090354	-8.26927471,-0.526766956,-4.5984354,1.35491478
orig	4	247	ffn_out-15	15	1024	0	3.706603e-02	9.459116e-03	0.205079049,-0.0592279769,0.0564432852,0.108119696	0.200750589,-0.0592207909,0.0573619157,0.110089228
orig	4	248	l_out-15	15	1024	0	2.550192e-02	1.173142e-02	-0.948808432,-0.10326387,-0.367667824,0.240719676	-0.960376024,-0.10599798,-0.370810151,0.246048599
orig	4	249	attn_norm-16	16	1024	0	2.601479e-02	1.298926e-01	-8.21650124,-1.28617251,-3.81438923,2.79787111	-8.33145523,-1.32257283,-3.85382676,2.86489177
orig	4	250	conv_output_silu-16	16	6144	0	1.714825e-02	6.445599e-02	-0.190718606,-0.0920523927,0.158042416,-0.278453201	-0.193178803,-0.0945545435,0.153385326,-0.278454989
orig	4	251	q_conv_predelta-16	16	2048	0	1.799080e-02	1.417014e-02	-0.0211351607,-0.0102011133,0.0175140332,-0.0308577828	-0.0212871265,-0.0104193343,0.0169021282,-0.0306840427
orig	4	252	k_conv_predelta-16	16	2048	0	2.430055e-02	1.852719e-02	0.186784506,-0.00924231671,-0.0223410465,-0.0974714309	0.183752894,-0.00899176672,-0.0224434435,-0.095748879
orig	4	253	v_conv_predelta-16	16	2048	0	1.448542e-02	6.445599e-02	-0.191318661,0.0395527706,0.390138179,0.0406877585	-0.196632236,0.0394712463,0.391162992,0.0376783274
orig	4	254	a_softplus-16	16	16	0	6.637958e-03	3.468275e-02	0.00379710784,0.991264999,0.06110112,0.995266318	0.00381290261,0.989022315,0.0597343929,1.00934994
orig	4	255	gate-16	16	16	0	7.730147e-03	1.771414e-02	-0.000771429273,-0.402074814,-0.0072974884,-0.215241447	-0.000774638145,-0.401165158,-0.00713425595,-0.218287244
orig	4	256	beta_sigmoid-16	16	16	0	5.797246e-03	6.966382e-03	0.471676499,0.461919725,0.587144315,0.725561202	0.477375925,0.464164436,0.587795734,0.7311427
orig	4	257	state_predelta-16	16	262144	0	2.156854e-02	6.094968e-02	-0.0202229656,0.000307766255,-0.00376681611,0.00777046755	-0.0202682652,-0.000376319047,-0.00401372835,0.00783913676
orig	4	258	new_state-16	16	262144	0	2.123482e-02	6.137991e-02	-0.0279663391,0.000691451831,-0.00283587165,0.0118134078	-0.0284418128,2.47047865e-05,-0.00301039265,0.0121002682
orig	4	259	attn_output-16	16	2048	0	1.185874e-02	6.326791e-04	-0.000977052376,0.000130581015,0.0036443721,8.07310498e-05	-0.000985575723,0.000130337634,0.0035992479,7.70689658e-05
orig	4	260	z-16	16	2048	0	1.498929e-02	1.308663e-01	-0.0230796933,0.816447735,-3.72319174,0.271173358	-0.0453631878,0.811318159,-3.68755841,0.262447774
orig	4	261	final_output-16	16	2048	0	2.889188e-02	3.301686e-02	0.00519681349,0.0356598198,-0.17235674,0.00588354981	0.0102278888,0.0354545899,-0.175254628,0.00543695223
orig	4	262	linear_attn_out-16	16	1024	0	4.413554e-02	4.001940e-03	-0.385607868,0.0137968371,-0.0210257862,-0.071160242	-0.386116982,0.0129973162,-0.0192266665,-0.0699451193
orig	4	263	attn_residual-16	16	1024	0	2.505170e-02	1.207674e-02	-1.33441627,-0.0894670337,-0.388693601,0.169559434	-1.34649301,-0.0930006653,-0.390036821,0.176103473
orig	4	264	attn_post_norm-16	16	1024	0	2.612055e-02	1.063070e-01	-7.60675955,-0.858694494,-3.65159845,1.33089221	-7.68390274,-0.893575072,-3.66817975,1.38375187
orig	4	265	ffn_out-16	16	1024	0	4.248425e-02	6.225966e-03	0.0636901557,0.0184013173,0.0117272362,0.0597991645	0.068242684,0.0186025314,0.0101019219,0.054199703
orig	4	266	l_out-16	16	1024	0	2.492970e-02	1.107693e-02	-1.27072608,-0.0710657164,-0.376966357,0.229358599	-1.27825034,-0.0743981302,-0.379934907,0.230303168
orig	4	267	attn_norm-17	17	1024	0	2.565580e-02	1.309344e-01	-10.968852,-0.82471019,-4.08956528,2.42243004	-11.0406857,-0.863921225,-4.12434149,2.4339242
orig	4	268	conv_output_silu-17	17	6144	0	9.797288e-03	1.251183e-01	-0.235388577,-0.159793019,-0.270326853,0.0455609858	-0.234368891,-0.164230302,-0.271359503,0.0450194925
orig	4	269	q_conv_predelta-17	17	2048	0	1.326983e-02	1.116230e-02	-0.0254981499,-0.0173093621,-0.0292827897,0.00493533211	-0.0253965501,-0.0177962333,-0.0294049066,0.00487837708
orig	4	270	k_conv_predelta-17	17	2048	0	2.125110e-02	2.047858e-02	-0.0124767181,-0.0842392445,-0.0523021147,-0.0778296441	-0.0116298916,-0.0843411684,-0.0522000529,-0.0778853893
orig	4	271	v_conv_predelta-17	17	2048	0	1.199850e-02	3.616190e-02	-0.0890964866,-0.0394651964,-0.00182650681,-0.192259774	-0.0915828422,-0.0451637208,0.000806121214,-0.187357441
orig	4	272	a_softplus-17	17	16	0	1.098604e-02	3.595924e-02	0.399664849,0.00565180415,2.21092725,1.4501822	0.383719146,0.00586431939,2.24688649,1.47211182
orig	4	273	gate-17	17	16	0	1.565879e-02	1.847559e-02	-0.0941899791,-0.00146288774,-0.559009969,-0.50510031	-0.090432018,-0.00151789421,-0.568101883,-0.512738407
orig	4	274	beta_sigmoid-17	17	16	0	6.684454e-03	1.198065e-02	0.80275023,0.215747803,0.970486879,0.74491924	0.802473068,0.217812866,0.971205771,0.750016391
orig	4	275	state_predelta-17	17	262144	1	1.862055e-02	4.565465e-02	0.00020097103,0.0145599339,0.00856642239,0.0146100521	0.000372259092,0.01433919,0.00834257994,0.0144767668
orig	4	276	new_state-17	17	262144	1	1.827194e-02	4.141068e-02	0.000135209935,0.0129291108,0.00759644574,0.0129992263	0.000334992714,0.0130625349,0.00759845134,0.0131910359
orig	4	277	attn_output-17	17	2048	0	1.257941e-02	1.392618e-03	-0.000226176999,-0.000221651542,3.65171836e-05,-0.000402844744	-0.000227633849,-0.000230664737,4.19962307e-05,-0.000388232351
orig	4	278	z-17	17	2048	0	1.535209e-02	1.416235e-01	0.333160132,-0.409212887,-0.0691475868,-0.701289296	0.341266453,-0.430357873,-0.0592547059,-0.695892811
orig	4	279	final_output-17	17	2048	0	2.717679e-02	3.778303e-02	-0.0281769391,0.0257089138,-0.000599307648,0.0592183843	-0.0292457249,0.0278744623,-0.00059566088,0.0570287965
orig	4	280	linear_attn_out-17	17	1024	0	3.759021e-02	4.827920e-03	-0.686543286,-0.00502737053,0.0290099531,0.00344557874	-0.691064239,-0.00439954037,0.0278474241,0.00626894087
orig	4	281	attn_residual-17	17	1024	0	2.437655e-02	1.447389e-02	-1.95726943,-0.0760930851,-0.347956419,0.232804179	-1.96931458,-0.0787976682,-0.352087498,0.236572117
orig	4	282	attn_post_norm-17	17	1024	0	2.627828e-02	1.298083e-01	-9.47481918,-0.645980656,-2.85020375,1.67657125	-9.53535461,-0.669097006,-2.88471603,1.70410442
orig	4	283	ffn_out-17	17	1024	0	3.915796e-02	8.529976e-03	0.0890913606,-0.0816043094,0.0559403636,0.0962014496	0.0863940567,-0.0783381984,0.0545754805,0.0965987444
orig	4	284	l_out-17	17	1024	0	2.524490e-02	1.891007e-02	-1.86817813,-0.157697394,-0.292016059,0.329005629	-1.8829205,-0.157135874,-0.297512025,0.333170861
orig	4	285	attn_norm-18	18	1024	0	2.537035e-02	1.938266e-01	-14.2080679,-1.57816696,-2.8124578,3.08129811	-14.3581076,-1.57671165,-2.87297773,3.12857008
orig	4	286	conv_output_silu-18	18	6144	0	9.194574e-03	5.501151e-02	-0.0903200656,-0.264304787,-0.0717390701,-0.263104141	-0.0912205726,-0.266732156,-0.0704899356,-0.262833953
orig	4	287	q_conv_predelta-18	18	2048	0	1.612402e-02	1.892240e-02	-0.0296305306,-0.0867082104,-0.0235348213,-0.0863143206	-0.030008344,-0.0877454504,-0.0231886972,-0.0864630863
orig	4	288	k_conv_predelta-18	18	2048	0	1.535106e-02	9.672806e-03	-0.076920189,-0.0483227558,-0.0175089054,-0.0525984541	-0.0764095709,-0.0477353968,-0.0180105977,-0.0537237823
orig	4	289	v_conv_predelta-18	18	2048	0	1.250412e-02	5.425417e-02	0.0407732725,-0.0491667911,-0.0446538888,-0.109363765	0.0413222685,-0.047215227,-0.0440266579,-0.109321356
orig	4	290	a_softplus-18	18	16	0	1.011567e-02	6.003094e-02	0.00122079207,4.5988884,0.0446843058,4.04218054	0.00121793454,4.61758757,0.0439526178,4.07413387
orig	4	291	gate-18	18	16	0	1.121151e-02	1.948917e-02	-0.000508901838,-0.927049875,-0.0133122522,-1.08793819	-0.000507710618,-0.930819273,-0.0130942687,-1.09653831
orig	4	292	beta_sigmoid-18	18	16	0	2.024739e-03	4.741430e-03	0.591523111,0.767798543,0.329761952,0.907394588	0.589962542,0.769808769,0.325020522,0.909329772
orig	4	293	state_predelta-18	18	262144	0	1.827804e-02	7.738546e-02	-0.00109764014,-0.00866611581,-0.00483606476,-0.000242479698	-0.00110184588,-0.00857898314,-0.00484214164,-6.66892738e-05
orig	4	294	new_state-18	18	262144	0	1.776670e-02	6.329408e-02	-0.00104293576,-0.00862769131,-0.00482127909,-0.00020533106	-0.0011217827,-0.00858743303,-0.00484451512,-8.10662532e-05
orig	4	295	attn_output-18	18	2048	0	9.830025e-03	1.163252e-03	0.00349196605,-0.00668387301,-0.00117802131,-0.00527757872	0.00346981431,-0.0067317565,-0.00122839003,-0.00528948708
orig	4	296	z-18	18	2048	0	1.390035e-02	1.451988e-01	-0.227029234,-0.732321978,-0.31025511,-1.37412059	-0.216660738,-0.71772027,-0.30359295,-1.37217331
orig	4	297	final_output-18	18	2048	0	2.952171e-02	7.005334e-02	-0.0164518468,0.0870010108,0.00773062464,0.0696837455	-0.0156190637,0.0863287225,0.00788211636,0.0695303902
orig	4	298	linear_attn_out-18	18	1024	0	3.734440e-02	8.825332e-03	-0.447457403,-0.0329644904,0.0698433667,-0.0947624445	-0.456282735,-0.0321513489,0.0699856132,-0.0922544748
orig	4	299	attn_residual-18	18	1024	0	2.517060e-02	2.356791e-02	-2.31563544,-0.190661877,-0.222172692,0.234243184	-2.33920336,-0.189287215,-0.227526411,0.240916386
orig	4	300	attn_post_norm-18	18	1024	0	2.656698e-02	1.693817e-01	-11.0428677,-1.4132762,-1.6742208,1.51266789	-11.1894112,-1.40738213,-1.7198137,1.56052423
orig	4	301	ffn_out-18	18	1024	0	3.701006e-02	7.966906e-03	-0.447470129,0.00793058425,-0.058880724,0.0781595111	-0.447197467,0.00903015118,-0.0595916808,0.0760615245
orig	4	302	l_out-18	18	1024	0	2.468348e-02	2.329516e-02	-2.76310563,-0.182731301,-0.281053424,0.312402695	-2.78640079,-0.180257067,-0.287118077,0.316977918
orig	4	303	attn_norm-19	19	1024	0	2.419581e-02	1.331406e-01	-13.4630432,-0.990276873,-1.56988573,1.72540426	-13.5961838,-0.9782812,-1.60608101,1.75320554
orig	4	304	attn_pregate-19	19	2048	0	2.488972e-02	1.186008e-01	0.0368847102,0.202110738,-0.0480976701,0.00556468964	0.0298669897,0.201581895,-0.0716594458,0.022838708
orig	4	305	attn_gated-19	19	2048	0	1.501935e-02	3.112936e-02	0.00121381332,0.00864826236,-0.00279879407,0.000236693697	0.000969828106,0.00841598958,-0.0040435167,0.000957266893
orig	4	306	attn_output-19	19	1024	0	5.929563e-02	1.469219e-02	0.208882093,-0.0175799429,-0.0834666193,0.203299791	0.194189906,-0.0181572735,-0.0884374678,0.205103666
orig	4	307	attn_residual-19	19	1024	0	2.769420e-02	3.798723e-02	-2.55422354,-0.200311244,-0.364520043,0.515702486	-2.59221077,-0.198414341,-0.375555545,0.522081614
orig	4	308	attn_post_norm-19	19	1024	0	2.906901e-02	1.907454e-01	-12.4150944,-1.44115222,-2.39777207,2.81928897	-12.6058397,-1.42819655,-2.47155929,2.855546
orig	4	309	ffn_out-19	19	1024	0	4.502534e-02	1.175394e-02	0.370969117,-0.0423567779,0.00892015174,0.103833571	0.371889383,-0.0426424481,0.00393067673,0.10930752
orig	4	310	l_out-19	19	1024	0	3.002840e-02	3.706694e-02	-2.18325448,-0.242668018,-0.35559988,0.619536042	-2.22032142,-0.241056785,-0.371624857,0.631389141
orig	4	311	attn_norm-20	20	1024	0	3.020636e-02	2.216949e-01	-12.4941158,-1.95084369,-2.66411185,4.15629673	-12.7158108,-1.93935061,-2.78626657,4.23900652
orig	4	312	conv_output_silu-20	20	6144	0	1.496001e-02	6.747013e-02	0.1907022,-0.253445446,-0.200321153,-0.0609322116	0.195798874,-0.253219575,-0.200902358,-0.0615990646
orig	4	313	q_conv_predelta-20	20	2048	0	1.829381e-02	1.988935e-02	0.0542880856,-0.0721495003,-0.0570263565,-0.0173458569	0.0556429178,-0.0719609633,-0.0570932478,-0.0175054725
orig	4	314	k_conv_predelta-20	20	2048	0	2.063827e-02	1.545611e-02	-0.0356551409,-0.0152336117,0.0177385863,-0.0755571723	-0.036187619,-0.0152594345,0.0170833655,-0.0748899281
orig	4	315	v_conv_predelta-20	20	2048	0	1.457431e-02	6.747013e-02	-0.110737681,0.0471736044,-0.0412567295,0.0572348982	-0.110183425,0.0482371077,-0.0413989164,0.0556392595
orig	4	316	a_softplus-20	20	16	0	7.952459e-03	3.941894e-02	0.448670745,0.300236791,0.126845405,3.29386258	0.424298614,0.288982034,0.124610767,3.26249313
orig	4	317	gate-20	20	16	0	5.604424e-03	1.733565e-02	-0.100111976,-0.0521733314,-0.0231002644,-0.943707466	-0.0946738198,-0.0502175465,-0.0226933062,-0.93471998
orig	4	318	beta_sigmoid-20	20	16	0	3.649465e-03	7.320881e-03	0.904265523,0.965570688,0.910592616,0.742662251	0.903294206,0.96476984,0.911978602,0.746794462
orig	4	319	state_predelta-20	20	262144	0	2.123374e-02	4.625419e-02	-0.00134726544,-0.00279285107,-0.0010885722,-0.0019531427	-0.00104100467,-0.00271782512,-0.00117592188,-0.00188141619
orig	4	320	new_state-20	20	262144	1	2.050868e-02	4.587734e-02	0.00298640132,-0.000730075408,-0.00307703577,0.00714445906	0.0032518832,-0.000701769022,-0.00305188517,0.00697801914
orig	4	321	attn_output-20	20	2048	0	1.100231e-02	1.704082e-03	-0.00346588995,0.00180240301,-0.00145654532,0.00179885072	-0.0034102127,0.00182139641,-0.00146483711,0.00175465213
orig	4	322	z-20	20	2048	0	1.464029e-02	1.218848e-01	-0.167930096,-0.750593781,-0.191670045,1.59100616	-0.1730818,-0.786523461,-0.189788744,1.61339653
orig	4	323	final_output-20	20	2048	0	3.076031e-02	9.370065e-02	0.0287991483,-0.0495809577,0.0131839337,0.231245562	0.0291436836,-0.051262822,0.0131511278,0.229751393
orig	4	324	linear_attn_out-20	20	1024	0	3.657762e-02	1.024020e-02	-1.36336851,-0.0573470891,-0.00870027486,0.360146344	-1.35312831,-0.05287797,-0.00903155375,0.357108831
orig	4	325	attn_residual-20	20	1024	0	2.779780e-02	2.682662e-02	-3.54662299,-0.300015092,-0.364300162,0.979682386	-3.57344961,-0.293934762,-0.380656421,0.988497972
orig	4	326	attn_post_norm-20	20	1024	0	3.039693e-02	1.436155e-01	-12.7441721,-1.88910961,-2.32142115,4.86511183	-12.852643,-1.8525641,-2.42792869,4.91350651
orig	4	327	ffn_out-20	20	1024	0	4.610618e-02	9.076491e-03	0.386644453,-0.0485297106,-0.0730680078,0.0479469597	0.380282551,-0.0503344387,-0.0769796968,0.0482132733
orig	4	328	l_out-20	20	1024	0	2.969831e-02	3.318834e-02	-3.15997863,-0.348544806,-0.437368155,1.02762938	-3.19316697,-0.344269216,-0.457636118,1.03671122
orig	4	329	attn_norm-21	21	1024	0	3.085604e-02	1.691923e-01	-15.466898,-2.6193049,-2.99849343,6.55405569	-15.6286182,-2.58705425,-3.13730073,6.61167097
orig	4	330	conv_output_silu-21	21	6144	0	1.040267e-02	8.501625e-02	-0.0945494696,-0.0371630788,-0.26971525,-0.0957267731	-0.0908278823,-0.0365540683,-0.269773692,-0.0967677757
orig	4	331	q_conv_predelta-21	21	2048	0	1.392039e-02	1.277121e-02	-0.0173962172,-0.00683765812,-0.0496250801,-0.0176128298	-0.0168085154,-0.00676465919,-0.0499240458,-0.0179077461
orig	4	332	k_conv_predelta-21	21	2048	0	2.082767e-02	1.703779e-02	-0.0103376657,-0.0197884161,-0.0235132948,-0.044431407	-0.0110429525,-0.020257948,-0.0223028716,-0.0452891849
orig	4	333	v_conv_predelta-21	21	2048	0	1.281035e-02	3.470543e-02	-0.0055007115,-0.0150050512,-0.116569683,0.00364996889	-0.00240907841,-0.0163640641,-0.112402998,0.000966493099
orig	4	334	a_softplus-21	21	16	0	1.341235e-02	4.577756e-02	0.457394928,3.0025301,0.0455790348,1.45600903	0.447150826,2.96342754,0.0421122462,1.42945206
orig	4	335	gate-21	21	16	0	1.432674e-02	1.259375e-02	-0.135205686,-0.777161479,-0.0170316398,-0.690461874	-0.132177532,-0.767040312,-0.0157361962,-0.677868128
orig	4	336	beta_sigmoid-21	21	16	0	5.762926e-03	1.039223e-02	0.705976605,0.955593288,0.516176283,0.911329865	0.702194035,0.953635812,0.510097325,0.909550309
orig	4	337	state_predelta-21	21	262144	1	2.430616e-02	3.630300e-02	-0.0006177795,-0.00226448057,0.00375266117,-0.0035452717	-0.000652876101,-0.00227956381,0.00398402475,-0.00382291875
orig	4	338	new_state-21	21	262144	1	2.205534e-02	3.640602e-02	-0.000268557167,-0.00145917316,0.00389469974,-0.00193175115	-0.000293566234,-0.00148646836,0.00405316427,-0.00220751134
orig	4	339	attn_output-21	21	2048	0	8.179061e-03	6.738007e-04	-1.14202712e-05,3.54086137e-06,-8.55124817e-05,-8.27264466e-06	-1.80793518e-06,5.5256578e-07,-8.530372e-05,-1.5609452e-05
orig	4	340	z-21	21	2048	0	1.808598e-02	1.573312e-01	-2.0583117,-1.85421371,-0.554563522,-2.59414148	-2.07614613,-1.87196088,-0.475917608,-2.55027533
orig	4	341	final_output-21	21	2048	0	4.128852e-02	5.438149e-02	0.00222396594,-0.000613218814,0.0130449412,0.00139782368	0.000349341804,-9.5082396e-05,0.0117243202,0.00269918609
orig	4	342	linear_attn_out-21	21	1024	0	4.648591e-02	6.836668e-03	-0.834378123,-0.0122459158,0.0794630945,0.195012838	-0.829711556,-0.0127632171,0.0802843943,0.18817617
orig	4	343	attn_residual-21	21	1024	0	2.847599e-02	2.852201e-02	-3.99435663,-0.36079073,-0.35790506,1.22264218	-4.02287865,-0.357032418,-0.377351731,1.22488737
orig	4	344	attn_post_norm-21	21	1024	0	3.136364e-02	1.476617e-01	-13.5781784,-2.12006736,-2.07536507,5.66794538	-13.6715136,-2.09742737,-2.18755007,5.67685032
orig	4	345	ffn_out-21	21	1024	0	4.766585e-02	1.354134e-02	0.268877029,-0.012216771,-0.0783274472,0.021952007	0.28241837,-0.0167175047,-0.0789134502,0.021897912
orig	4	346	l_out-21	21	1024	0	2.971846e-02	3.154418e-02	-3.7254796,-0.373007506,-0.436232507,1.24459422	-3.7404604,-0.373749912,-0.456265181,1.24678528
orig	4	347	attn_norm-22	22	1024	0	3.060862e-02	1.815364e-01	-15.9024,-2.28425288,-2.45797896,7.00351524	-15.9734297,-2.28981447,-2.57199478,7.01895761
orig	4	348	conv_output_silu-22	22	6144	0	1.290811e-02	1.161780e-01	0.0511710048,-0.0129358871,0.0452132486,-0.0393068604	0.0293255933,-0.0131711261,0.048279535,-0.0415482074
orig	4	349	q_conv_predelta-22	22	2048	0	1.418355e-02	1.354208e-02	0.0116074272,-0.00293432549,0.0102559943,-0.00891621225	0.00662643695,-0.0029761591,0.0109092863,-0.00938826986
orig	4	350	k_conv_predelta-22	22	2048	0	2.373959e-02	1.961964e-02	0.021461945,-0.128192082,-0.109970398,-0.0996854082	0.0232826136,-0.126626104,-0.105983093,-0.0969106257
orig	4	351	v_conv_predelta-22	22	2048	0	1.670228e-02	2.851724e-02	0.00441153906,-0.0181777086,0.0110670365,-0.0219279751	0.00386807951,-0.0187347811,0.0129192229,-0.0221173614
orig	4	352	a_softplus-22	22	16	0	1.070382e-02	7.427025e-02	2.49551082,4.72951174,4.31037569,0.218319222	2.44744587,4.65524149,4.29210424,0.218569964
orig	4	353	gate-22	22	16	0	8.357678e-03	2.871609e-02	-0.461623102,-1.07191527,-2.82681346,-0.0410209671	-0.452731967,-1.05508232,-2.81483078,-0.0410680808
orig	4	354	beta_sigmoid-22	22	16	0	2.245167e-03	3.552675e-03	0.603150606,0.884743035,0.952572525,0.578673005	0.604524076,0.883897483,0.952699959,0.578334272
orig	4	355	state_predelta-22	22	262144	0	2.617165e-02	2.505729e-02	0.000208134603,4.3005879e-05,0.000201893912,-3.98758566e-05	0.000235801563,-3.6626996e-05,0.000188435835,5.06098149e-05
orig	4	356	new_state-22	22	262144	0	2.272473e-02	2.419276e-02	0.0001885565,-0.000315611309,-0.000166755664,-0.000291636941	0.000198848022,-0.000289265416,-0.000102790436,-0.000171375956
orig	4	357	attn_output-22	22	2048	0	1.574329e-02	5.701743e-04	4.54151041e-06,-8.9648318e-05,0.00014627786,-0.000156325637	2.84900489e-06,-9.39157399e-05,0.000149189058,-0.000156492184
orig	4	358	z-22	22	2048	0	1.784425e-02	1.481683e-01	1.71651924,-0.787588954,-1.7377255,-0.303674877	1.75451064,-0.798427939,-1.75467634,-0.246995777
orig	4	359	final_output-22	22	2048	0	4.140839e-02	1.643690e-01	0.00750495447,0.0226619486,-0.0406540595,0.019416891	0.00483710924,0.023875542,-0.0412452891,0.0163184404
orig	4	360	linear_attn_out-22	22	1024	0	5.108056e-02	1.522011e-02	-0.795028448,-0.0205417536,-0.0347787477,0.0528181344	-0.779808342,-0.0218527839,-0.0324948244,0.0562814623
orig	4	361	attn_residual-22	22	1024	0	2.898458e-02	3.144317e-02	-4.52050781,-0.393549263,-0.471011251,1.2974124	-4.52026892,-0.395602703,-0.488759995,1.30306673
orig	4	362	attn_post_norm-22	22	1024	0	3.146636e-02	1.616901e-01	-16.0110817,-2.01109099,-2.36406922,5.35391665	-16.0263596,-2.02362037,-2.45562339,5.38266611
orig	4	363	ffn_out-22	22	1024	0	4.537065e-02	2.411121e-02	-0.145454466,-0.0112539679,0.082274802,-0.0675094351	-0.169565678,-0.00486351177,0.0762305707,-0.0704969093
orig	4	364	l_out-22	22	1024	0	3.004412e-02	3.727552e-02	-4.66596222,-0.404803216,-0.388736457,1.22990298	-4.68983459,-0.400466204,-0.412529409,1.23256981
orig	4	365	attn_norm-23	23	1024	0	3.005989e-02	1.438707e-01	-16.2453289,-1.80464733,-1.79078758,4.62480164	-16.3353271,-1.78606486,-1.90119541,4.63678312
orig	4	366	attn_pregate-23	23	2048	0	8.642254e-03	1.217418e-01	-7.22501183,0.167170435,-0.484225214,0.117631659	-7.21435261,0.176842317,-0.48597011,0.079062894
orig	4	367	attn_gated-23	23	2048	0	2.376003e-02	1.352463e-01	-1.35562956,0.0151921641,-0.05001387,0.0100568179	-1.31540203,0.0160013642,-0.0497392863,0.00665494474
orig	4	368	attn_output-23	23	1024	0	3.984528e-02	1.908883e-02	-0.30271703,-0.00186799094,-0.0164715908,0.164626896	-0.283628196,0.00322992727,-0.0104521848,0.161794096
orig	4	369	attn_residual-23	23	1024	0	3.364739e-02	4.337466e-02	-4.96867943,-0.406671196,-0.405208051,1.39452982	-4.97346258,-0.397236288,-0.42298159,1.39436388
orig	4	370	attn_post_norm-23	23	1024	0	3.541203e-02	1.734451e-01	-17.7513161,-1.75628674,-1.61002469,5.18321991	-17.7808971,-1.71674657,-1.68182659,5.18624735
orig	4	371	ffn_out-23	23	1024	0	2.508743e-02	8.130908e-02	2.71523881,0.698509872,0.9516958,0.129282594	2.79654789,0.685602129,0.955129921,0.137560576
orig	4	372	l_out-23	23	1024	0	3.421378e-02	7.652593e-02	-2.25344062,0.291838676,0.546487749,1.52381241	-2.17691469,0.288365841,0.532148361,1.53192449
orig	4	373	result_norm	-1	1024	0	3.699411e-02	8.309002e-01	-1.35778403,2.96158242,5.3840127,16.752306	-1.31070578,2.92417932,5.23886967,16.8290539
orig	4	374	result_output	-1	248320	0	3.375496e-02	4.480343e-01	12.9184694,10.3695164,4.48706627,9.8991127	13.0435476,10.541853,4.72704363,9.84431553
orig	28	375	model.input_embed	-1	1024	1024	0.000000e+00	0.000000e+00	-0.00443530083,-0.0236549377,0.0192196369,0.0280902386	-0.00443530083,-0.0236549377,0.0192196369,0.0280902386
orig	28	376	attn_norm-0	0	1024	1024	0.000000e+00	0.000000e+00	-0.355813235,-1.22866762,1.183496,1.96739697	-0.355813235,-1.22866762,1.183496,1.96739697
orig	28	377	conv_output_silu-0	0	6144	6144	0.000000e+00	0.000000e+00	-0.0379437357,-0.0100741265,-0.00457119057,-0.0573598966	-0.0379437357,-0.0100741265,-0.00457119057,-0.0573598966
orig	28	378	q_conv_predelta-0	0	2048	2048	0.000000e+00	0.000000e+00	-0.0646868423,-0.0171744656,-0.00779300882,-0.0977876931	-0.0646868423,-0.0171744656,-0.00779300882,-0.0977876931
orig	28	379	k_conv_predelta-0	0	2048	2048	0.000000e+00	0.000000e+00	0.0591997094,-0.127992496,-0.0746471658,0.00174158427	0.0591997094,-0.127992496,-0.0746471658,0.00174158427
orig	28	380	v_conv_predelta-0	0	2048	2048	0.000000e+00	0.000000e+00	0.0766799599,-0.0106751742,-0.00472295424,-0.036742989	0.0766799599,-0.0106751742,-0.00472295424,-0.036742989
orig	28	381	a_softplus-0	0	16	16	0.000000e+00	0.000000e+00	3.9730978,0.000217890847,0.00040475282,3.75231338	3.9730978,0.000217890847,0.00040475282,3.75231338
orig	28	382	gate-0	0	16	16	0.000000e+00	0.000000e+00	-5.14157057,-2.85810584e-05,-4.8340833e-05,-2.12966847	-5.14157057,-2.85810584e-05,-4.8340833e-05,-2.12966847
orig	28	383	beta_sigmoid-0	0	16	16	0.000000e+00	0.000000e+00	0.444926709,0.52553463,0.460861266,0.997994304	0.444926709,0.52553463,0.460861266,0.997994304
orig	28	384	state_predelta-0	0	262144	103206	1.237298e-07	2.384186e-07	-1.9852705e-06,4.34703088e-06,3.50095343e-06,2.674266e-07	-1.9852705e-06,4.34703088e-06,3.50095343e-06,2.674266e-07
orig	28	385	new_state-0	0	262144	104352	1.237712e-07	2.384186e-07	0.00201968523,-0.00436665164,-0.00254669203,5.94186131e-05	0.00201968523,-0.00436665164,-0.00254669203,5.94186131e-05
orig	28	386	attn_output-0	0	2048	443	1.647705e-07	2.235174e-08	6.8563545e-06,-9.65426921e-07,-3.60865414e-07,-3.29754198e-06	6.85634996e-06,-9.65426352e-07,-3.60865272e-07,-3.29753993e-06
orig	28	387	z-0	0	2048	2048	0.000000e+00	0.000000e+00	0.963563442,-0.744903564,0.654985309,-1.23944759	0.963563442,-0.744903564,0.654985309,-1.23944759
orig	28	388	final_output-0	0	2048	403	1.626298e-07	3.576279e-07	0.00460561551,0.000229250523,-0.000144311794,0.000848213851	0.00460561225,0.000229250407,-0.000144311722,0.000848213327
orig	28	389	linear_attn_out-0	0	1024	75	1.069070e-06	1.788139e-07	-0.479343086,0.0208116993,-0.121387951,-0.0108986348	-0.479342908,0.0208116323,-0.121387996,-0.0108986124
orig	28	390	attn_residual-0	0	1024	76	1.077263e-06	1.788139e-07	-0.483778387,-0.00284323841,-0.102168314,0.0171916038	-0.483778208,-0.00284330547,-0.102168359,0.0171916261
orig	28	391	attn_post_norm-0	0	1024	30	1.180265e-06	4.246831e-06	-8.43921757,-0.0909809321,-3.36409044,0.554672718	-8.43921566,-0.0909830853,-3.36409211,0.554673493
orig	28	392	ffn_out-0	0	1024	51	4.467958e-07	4.284084e-08	0.0362266973,0.0326891318,0.0168542545,-0.028310677	0.0362266675,0.032689102,0.0168542415,-0.028310664
orig	28	393	l_out-0	0	1024	39	1.110372e-06	1.504086e-07	-0.447551697,0.0298458934,-0.0853140578,-0.0111190733	-0.447551548,0.0298457965,-0.0853141174,-0.0111190379
orig	28	394	attn_norm-1	1	1024	36	1.167639e-06	5.770475e-06	-14.0762701,1.2163496,-3.32574749,-0.464739978	-14.0762663,1.21634591,-3.32575035,-0.464738578
orig	28	395	conv_output_silu-1	1	6144	575	2.942439e-07	9.536743e-07	0.011661876,-0.01300437,-0.147895396,-0.278444409	0.0116618732,-0.0130043812,-0.147895381,-0.278444409
orig	28	396	q_conv_predelta-1	1	2048	186	3.021906e-07	2.831221e-07	0.00423357822,-0.00472093979,-0.0536900535,-0.101082891	0.00423357775,-0.00472094445,-0.0536900535,-0.101082906
orig	28	397	k_conv_predelta-1	1	2048	195	3.942885e-07	2.980232e-07	-0.106026553,0.0245726667,-0.0124976626,0.0516721867	-0.106026553,0.0245726742,-0.0124976542,0.0516721718
orig	28	398	v_conv_predelta-1	1	2048	173	3.172382e-07	9.536743e-07	-0.0835829675,0.0522022992,-0.00316645787,-0.0019307927	-0.0835830867,0.0522023253,-0.00316645578,-0.00193079188
orig	28	399	a_softplus-1	1	16	16	0.000000e+00	0.000000e+00	0.00625865022,0.610671878,0.653646231,0.417819947	0.00625865022,0.610671878,0.653646231,0.417819947
orig	28	400	gate-1	1	16	16	0.000000e+00	0.000000e+00	-0.00112211413,-0.658683658,-0.748677611,-0.126436234	-0.00112211413,-0.658683658,-0.748677611,-0.126436234
orig	28	401	beta_sigmoid-1	1	16	16	0.000000e+00	0.000000e+00	0.258447707,0.963361263,0.950765729,0.732100487	0.258447707,0.963361263,0.950765729,0.732100487
orig	28	402	state_predelta-1	1	262144	437	1.284244e-03	1.890764e-03	-0.0130763259,0.021342054,0.00178249017,-0.0134303831	-0.0130607951,0.0213978458,0.0018026192,-0.0134335868
orig	28	403	new_state-1	1	262144	2532	1.020743e-03	1.768112e-03	-0.0105502633,0.0207360778,0.00207651709,-0.0146392547	-0.0105390949,0.0207928158,0.00209611119,-0.0146403369
orig	28	404	attn_output-1	1	2048	39	3.438297e-04	1.102686e-05	-0.000713339774,0.000502837938,4.79848268e-07,2.67758733e-05	-0.00071367051,0.000503175426,4.7846288e-07,2.68031308e-05
orig	28	405	z-1	1	2048	240	2.552828e-07	1.907349e-06	-5.5540638,-5.95376921,-2.51962709,-0.212670088	-5.55406332,-5.95376968,-2.51962662,-0.212669969
orig	28	406	final_output-1	1	2048	23	3.017804e-04	2.879202e-04	0.0128283752,-0.00649372349,-8.26883916e-05,-0.00257626339	0.0128343599,-0.00649809465,-8.24498784e-05,-0.00257889112
orig	28	407	linear_attn_out-1	1	1024	0	3.754522e-03	1.270831e-03	-0.0345047712,-0.0251502749,-0.0797232091,0.0289953277	-0.0332339406,-0.0248426925,-0.0797408447,0.028932495
orig	28	408	attn_residual-1	1	1024	0	2.404562e-03	1.270980e-03	-0.482056469,0.00469561853,-0.165037274,0.0178762544	-0.480785489,0.00500310399,-0.165054962,0.0178134572
orig	28	409	attn_post_norm-1	1	1024	0	2.464971e-03	1.739073e-02	-7.31955242,0.112314045,-3.98792911,0.456037134	-7.30216169,0.119700044,-3.98939896,0.454553932
orig	28	410	ffn_out-1	1	1024	0	1.902164e-02	2.244964e-03	-0.0628211945,-0.00228133751,-0.033430595,-0.014658385	-0.0633108169,-0.00233414955,-0.0343268625,-0.0153944222
orig	28	411	l_out-1	1	1024	0	1.280941e-02	2.333051e-03	-0.544877648,0.00241428101,-0.198467866,0.00321786944	-0.544096291,0.00266895443,-0.199381828,0.00241903495
orig	28	412	attn_norm-2	2	1024	0	1.308059e-02	6.762401e-02	-13.7469149,0.0746156946,-5.92259932,0.100719877	-13.7109385,0.0823888928,-5.94282436,0.0756265149
orig	28	413	conv_output_silu-2	2	6144	0	1.395459e-02	9.102666e-02	0.0508381836,-0.037875399,-0.0228484161,-0.00707038725	0.0525929891,-0.0381381363,-0.0221607089,-0.00728590693
orig	28	414	q_conv_predelta-2	2	2048	0	1.477728e-02	1.246040e-02	0.032318335,-0.0240777638,-0.0145249628,-0.00449471455	0.0337537192,-0.0244767219,-0.0142225483,-0.00467603141
orig	28	415	k_conv_predelta-2	2	2048	0	1.569644e-02	1.567899e-02	0.0401377603,-0.0503263324,-0.0416972451,-0.166473895	0.0423478186,-0.0506156944,-0.0415858217,-0.166959822
orig	28	416	v_conv_predelta-2	2	2048	0	1.509544e-02	2.253377e-02	0.00316491793,-0.0354219414,-0.00813333876,-0.0134695042	0.002896416,-0.036846742,-0.00809728727,-0.0138616096
orig	28	417	a_softplus-2	2	16	0	1.523851e-02	2.007437e-02	1.29277742,0.0140563715,0.0476785824,0.742868423	1.31104386,0.0139844306,0.0480997153,0.759105861
orig	28	418	gate-2	2	16	0	1.512659e-02	1.964521e-02	-1.16053689,-0.00396478176,-0.0142043,-0.48528564	-1.17693484,-0.00394448964,-0.0143297631,-0.495892912
orig	28	419	beta_sigmoid-2	2	16	0	8.130338e-03	5.665928e-03	0.425806671,0.285492867,0.269860327,0.716315091	0.420932531,0.286895633,0.274074167,0.714676797
orig	28	420	state_predelta-2	2	262144	1	1.477217e-02	1.804566e-02	6.35578772e-06,-1.21400299e-05,2.95600094e-05,0.000161745702	6.42697523e-06,-1.3538207e-05,2.94530764e-05,0.000168002487
orig	28	421	new_state-2	2	262144	0	1.487015e-02	1.803279e-02	5.52889251e-05,-7.06302817e-05,-4.61066447e-05,-0.000170377098	5.27888296e-05,-6.49002686e-05,-4.08155793e-05,-0.000148532301
orig	28	422	attn_output-2	2	2048	0	6.465203e-03	2.094075e-04	-2.01895e-06,1.95159719e-05,4.54867177e-06,7.14408998e-06	-1.79880374e-06,1.91327144e-05,4.26643692e-06,6.92906042e-06
orig	28	423	z-2	2	2048	0	1.061666e-02	9.862089e-02	1.23792195,0.105916649,0.196250081,-0.459848285	1.23599553,0.0966048241,0.19237262,-0.468691856
orig	28	424	final_output-2	2	2048	0	1.778502e-02	2.843952e-02	-0.00197450328,0.000720538374,0.000446581776,-0.00123833597	-0.00175636902,0.000641686085,0.000410033186,-0.00121799286
orig	28	425	linear_attn_out-2	2	1024	0	4.159074e-02	5.126834e-03	-0.394632638,-0.0285854768,0.00960105471,-0.0383195058	-0.399759471,-0.0285863876,0.00761863403,-0.0375800841
orig	28	426	attn_residual-2	2	1024	0	2.088920e-02	4.345477e-03	-0.939510286,-0.0261711963,-0.188866809,-0.0351016372	-0.943855762,-0.0259174332,-0.191763192,-0.0351610482
orig	28	427	attn_post_norm-2	2	1024	0	2.335466e-02	9.131587e-02	-12.6546555,-0.553631067,-4.05567169,-0.751401484	-12.6948433,-0.547471881,-4.11192656,-0.751587272
orig	28	428	ffn_out-2	2	1024	0	3.808137e-02	6.086174e-03	0.591763198,0.00991100166,-0.0277483966,-0.00983495824	0.588646173,0.0105841663,-0.0280615166,-0.0119337039
orig	28	429	l_out-2	2	1024	0	3.128348e-02	7.462502e-03	-0.347747087,-0.0162601955,-0.2166152,-0.0449365973	-0.355209589,-0.0153332669,-0.219824702,-0.0470947511
orig	28	430	attn_norm-3	3	1024	0	3.127402e-02	1.738553e-01	-7.9798789,-0.445440382,-5.36378384,-1.17346287	-8.15373421,-0.420182168,-5.44500017,-1.23021424
orig	28	431	attn_pregate-3	3	2048	0	2.118376e-02	6.326938e-02	0.147749305,-0.0174730215,0.265874177,0.359543473	0.141805843,-0.00952990353,0.257298857,0.367542595
orig	28	432	attn_gated-3	3	2048	0	2.861556e-02	2.030330e-02	0.0454292521,-0.0013916546,0.0150021855,0.00543493731	0.0421472564,-0.000743453566,0.014466526,0.00554534374
orig	28	433	attn_output-3	3	1024	0	4.545376e-02	8.990049e-03	-0.254446626,-0.0227011666,0.0206896961,-0.017520031	-0.245456576,-0.0223773681,0.0216636863,-0.0179243106
orig	28	434	attn_residual-3	3	1024	0	3.242884e-02	5.926660e-03	-0.602193713,-0.0389613621,-0.195925504,-0.0624566302	-0.600666165,-0.0377106369,-0.198161021,-0.0650190637
orig	28	435	attn_post_norm-3	3	1024	0	3.484536e-02	1.269324e-01	-8.16881943,-0.791486382,-4.09978867,-1.31825781	-8.17657566,-0.768755734,-4.16105986,-1.37713885
orig	28	436	ffn_out-3	3	1024	0	5.758932e-02	7.721126e-03	-0.00602258742,-0.0292333942,0.00581762195,-0.0120726228	-0.0137437135,-0.0304622538,0.00803371146,-0.0112559423
orig	28	437	l_out-3	3	1024	0	3.710435e-02	8.472588e-03	-0.608216286,-0.0681947544,-0.190107882,-0.0745292529	-0.614409864,-0.068172887,-0.190127313,-0.0762750059
orig	28	438	attn_norm-4	4	1024	0	3.843776e-02	2.257780e-01	-12.5194168,-1.85140324,-4.81018114,-2.07434392	-12.6711674,-1.85436034,-4.81990194,-2.12700558
orig	28	439	conv_output_silu-4	4	6144	0	2.377167e-02	1.075031e-01	-0.0287505928,0.0172714666,-0.0559585392,-0.195339352	-0.0213740431,0.0188478921,-0.0533502176,-0.197376847
orig	28	440	q_conv_predelta-4	4	2048	0	2.624249e-02	2.534062e-02	-0.00632281741,0.00379833323,-0.0123063764,-0.042958945	-0.00470020436,0.00414469745,-0.0117318435,-0.0434036516
orig	28	441	k_conv_predelta-4	4	2048	0	3.128645e-02	2.907284e-02	-0.00145156472,0.426597536,0.0221505389,-0.00312491949	-0.000773950072,0.425130814,0.0215315912,-0.00341788819
orig	28	442	v_conv_predelta-4	4	2048	0	1.957417e-02	7.296634e-02	-0.0793101713,0.00101613859,-0.00268716342,-0.00342361489	-0.0741458461,0.000991222332,-0.00132501125,-0.00331947138
orig	28	443	a_softplus-4	4	16	0	6.474840e-03	1.225078e-02	0.115396641,2.14226627,0.015827151,1.60431397	0.11670915,2.14736629,0.0161881335,1.59206319
orig	28	444	gate-4	4	16	0	6.085009e-03	9.949386e-03	-0.0481044762,-2.08143115,-0.00498023396,-0.842118084	-0.0486516096,-2.0863862,-0.00509382179,-0.835687578
orig	28	445	beta_sigmoid-4	4	16	0	6.668176e-03	5.327493e-03	0.474845916,0.932374418,0.347021699,0.369117796	0.474836141,0.933048487,0.351101965,0.368992895
orig	28	446	state_predelta-4	4	262144	0	1.011142e-02	3.335994e-02	0.000942095765,-0.0270953905,0.000903770444,-0.00218584295	0.000954666873,-0.024577314,0.000419228571,-0.00211533369
orig	28	447	new_state-4	4	262144	0	1.028396e-02	3.080210e-02	0.000927003333,-0.0343907997,0.00041644345,-0.00202042074	0.000923921179,-0.0314237624,-6.54169708e-06,-0.00195045676
orig	28	448	attn_output-4	4	2048	0	1.793948e-02	4.239768e-03	-9.95090159e-05,1.21936828e-05,2.13507337e-05,-1.3130847e-05	-9.78953685e-05,1.27898174e-05,2.09183327e-05,-1.15115045e-05
orig	28	449	z-4	4	2048	0	2.021686e-02	1.723375e-01	-6.03991699,0.603221178,-0.615869641,0.0809261501	-6.04153919,0.642445683,-0.619475186,0.105816454
orig	28	450	final_output-4	4	2048	0	4.629325e-02	2.911933e-02	0.00122760201,0.00491554523,-0.0037861797,-0.000513407635	0.00120692037,0.00557078235,-0.00372512499,-0.000595972408
orig	28	451	linear_attn_out-4	4	1024	0	6.391699e-02	4.539029e-03	-0.269764483,-0.0199125167,-0.0301715881,0.0216417015	-0.270378977,-0.0193552654,-0.0281742979,0.0220894888
orig	28	452	attn_residual-4	4	1024	0	3.694052e-02	9.334363e-03	-0.877980769,-0.088107273,-0.22027947,-0.0528875515	-0.884788871,-0.0875281543,-0.218301609,-0.0541855171
orig	28	453	attn_post_norm-4	4	1024	0	4.113496e-02	2.009501e-01	-11.2072897,-1.64354789,-4.04116154,-1.02162087	-11.3016491,-1.63382292,-4.00752068,-1.0473845
orig	28	454	ffn_out-4	4	1024	0	6.379447e-02	1.214316e-02	0.1759101,0.0267655402,0.0214544479,-0.0243735313	0.188053265,0.0269106105,0.022668127,-0.0233357921
orig	28	455	l_out-4	4	1024	0	3.989032e-02	7.705927e-03	-0.702070653,-0.0613417327,-0.198825017,-0.0772610828	-0.69673562,-0.0606175438,-0.195633486,-0.0775213093
orig	28	456	attn_norm-5	5	1024	0	4.224301e-02	2.091167e-01	-13.7822361,-1.62169123,-4.8886652,-2.13779926	-13.7506657,-1.61111784,-4.83592224,-2.1564734
orig	28	457	conv_output_silu-5	5	6144	0	2.321971e-02	1.407654e-01	0.225434631,0.105488896,0.0206393655,-0.270030379	0.246271074,0.102902994,0.0213927608,-0.271088451
orig	28	458	q_conv_predelta-5	5	2048	0	2.749998e-02	2.260233e-02	0.111585595,0.0522148758,0.0102160703,-0.133659586	0.120635659,0.0504069328,0.0104792239,-0.132792428
orig	28	459	k_conv_predelta-5	5	2048	0	2.616379e-02	2.530232e-02	-0.00316421269,-0.0078090406,-0.0634616911,0.00318338955	-0.00312033389,-0.00801867805,-0.0616044141,0.00304354681
orig	28	460	v_conv_predelta-5	5	2048	0	8.364998e-03	1.998895e-02	-0.023969993,0.012088283,0.0168936364,-0.0084376391	-0.0234816056,0.0125513216,0.0168209039,-0.00885662995
orig	28	461	a_softplus-5	5	16	0	6.051347e-02	1.906195e-02	0.0394092165,0.0223553348,0.00291042775,0.000651504903	0.0413291454,0.0211253073,0.00317141647,0.000651624054
orig	28	462	gate-5	5	16	0	5.411978e-02	8.762658e-03	-0.0300982948,-0.00271200994,-0.0007416429,-0.000272650621	-0.0315646157,-0.00256279064,-0.000808148703,-0.000272700476
orig	28	463	beta_sigmoid-5	5	16	0	6.102251e-03	6.380916e-03	0.109909087,0.384465009,0.605520785,0.0934311599	0.107596412,0.381924957,0.6119017,0.0903314874
orig	28	464	state_predelta-5	5	262144	0	1.247437e-02	2.391762e-02	0.000320158084,0.000378387776,0.00689999573,-4.11327019e-05	0.000321095285,0.000392873742,0.00698976498,-2.69863795e-05
orig	28	465	new_state-5	5	262144	0	1.151654e-02	2.198941e-02	0.000316696707,0.000382053375,0.00681637553,-4.59809598e-05	0.000316831691,0.000395348819,0.00688538002,-3.17206504e-05
orig	28	466	attn_output-5	5	2048	0	8.021015e-03	5.924739e-04	-0.000145679165,0.000214105676,0.000101115722,-6.38733545e-05	-0.000146631428,0.000207648583,0.000103806677,-6.25954999e-05
orig	28	467	z-5	5	2048	0	2.409362e-02	2.582064e-01	-0.277489871,1.57177961,0.3154715,1.75473428	-0.269208193,1.53890085,0.298799753,1.77493691
orig	28	468	final_output-5	5	2048	0	4.590504e-02	2.468055e-02	0.0137697617,0.212137595,0.014874883,-0.0762835741	0.0134408753,0.199267328,0.0142889209,-0.0754564628
orig	28	469	linear_attn_out-5	5	1024	0	6.894212e-02	5.770533e-03	-0.153671101,-0.0661173463,0.0119135492,0.0190988407	-0.154146165,-0.0674721226,0.00889387727,0.0176926143
orig	28	470	attn_residual-5	5	1024	0	3.990385e-02	8.563034e-03	-0.855741739,-0.127459079,-0.186911464,-0.0581622422	-0.850881815,-0.128089666,-0.186739609,-0.0598286949
orig	28	471	attn_post_norm-5	5	1024	0	4.553802e-02	1.611998e-01	-10.2881832,-2.30342698,-3.20838213,-1.1060499	-10.2791634,-2.32600307,-3.22091413,-1.14323521
orig	28	472	ffn_out-5	5	1024	0	7.522716e-02	8.495260e-03	-0.0785482451,0.0286345333,-0.0510216393,0.0681417212	-0.0844002888,0.0283363424,-0.0479140505,0.0664718077
orig	28	473	l_out-5	5	1024	0	4.026463e-02	8.996423e-03	-0.934289992,-0.0988245457,-0.237933099,0.00997947901	-0.935282111,-0.0997533202,-0.234653652,0.00664311275
orig	28	474	attn_norm-6	6	1024	0	4.388160e-02	1.942818e-01	-15.3716211,-2.10688448,-4.90468073,0.225375623	-15.3776426,-2.12526178,-4.83384132,0.14992702
orig	28	475	conv_output_silu-6	6	6144	0	2.578669e-02	1.561012e-01	-0.0863327011,-0.268652946,0.00151785277,0.0187982973	-0.0918313339,-0.267109632,0.00236181566,0.00677963486
orig	28	476	q_conv_predelta-6	6	2048	0	2.615406e-02	2.191593e-02	-0.0269842297,-0.0839704126,0.000474421453,0.00587561307	-0.0288045127,-0.083783634,0.000740825024,0.0021265517
orig	28	477	k_conv_predelta-6	6	2048	0	2.806780e-02	2.493460e-02	-0.00525548542,-0.0213286802,0.0598398298,-0.0355511755	-0.00579641853,-0.0203501936,0.0567810088,-0.0358900204
orig	28	478	v_conv_predelta-6	6	2048	0	2.217881e-02	3.105402e-02	0.0182302818,-0.002199332,0.00677720457,0.00345513993	0.0189692341,-0.00265216781,0.00632639974,0.00280235941
orig	28	479	a_softplus-6	6	16	0	1.589606e-02	2.387649e-02	0.0101351375,0.0251317639,0.104968563,0.00256744958	0.00992636103,0.0241379086,0.107142426,0.0026173878
orig	28	480	gate-6	6	16	0	1.153159e-02	5.958527e-03	-0.0018457456,-0.0186763406,-0.0320136026,-0.00142342981	-0.00180772459,-0.0179377701,-0.0326765962,-0.00145111617
orig	28	481	beta_sigmoid-6	6	16	0	1.075178e-02	8.370936e-03	0.451126784,0.242153525,0.465093344,0.347774565	0.442755848,0.235019088,0.464752346,0.347953439
orig	28	482	state_predelta-6	6	262144	0	2.951957e-02	2.867818e-02	-0.000770997372,-0.000662454811,0.00122540526,0.000629970513	-0.000761478674,-0.000678740558,0.00141681812,0.00059303426
orig	28	483	new_state-6	6	262144	0	2.910059e-02	2.862807e-02	-0.000768014113,-0.000654896023,0.00120536599,0.000639371749	-0.000759713526,-0.000676145894,0.00141043996,0.000594377227
orig	28	484	attn_output-6	6	2048	0	1.790099e-02	2.029900e-04	4.62573225e-05,-6.93651316e-07,4.0648436e-05,-2.23722236e-05	4.98120789e-05,5.5644378e-08,4.04168895e-05,-2.14523825e-05
orig	28	485	z-6	6	2048	0	2.105391e-02	1.512902e-01	1.48213398,0.216175914,0.505450845,0.396418214	1.50401318,0.233872116,0.511285245,0.364796281
orig	28	486	final_output-6	6	2048	0	5.752497e-02	4.179168e-02	0.0459214747,-7.84417207e-05,0.0119651994,-0.00533601223	0.0503297523,6.85421583e-06,0.0120482044,-0.00464356877
orig	28	487	linear_attn_out-6	6	1024	0	6.490967e-02	9.861238e-03	-0.0371719971,-0.00830430444,0.0219075084,0.00347328791	-0.0470332354,-0.00828684866,0.0216222964,0.00541963056
orig	28	488	attn_residual-6	6	1024	0	3.985934e-02	1.085335e-02	-0.971462011,-0.107128851,-0.216025591,0.0134527665	-0.982315361,-0.108040169,-0.213031352,0.0120627433
orig	28	489	attn_post_norm-6	6	1024	0	4.401096e-02	1.780976e-01	-13.2012234,-1.78326929,-3.54978609,0.229111642	-13.302104,-1.79216027,-3.48836207,0.204721168
orig	28	490	ffn_out-6	6	1024	0	7.071278e-02	8.055573e-03	0.0474500135,0.0189836677,-0.0352114663,0.0231171157	0.0537834391,0.019095473,-0.0343543813,0.0222131703
orig	28	491	l_out-6	6	1024	0	3.984430e-02	1.007129e-02	-0.924012005,-0.0881451815,-0.251237065,0.0365698822	-0.928531945,-0.0889446959,-0.24738574,0.0342759117
orig	28	492	attn_norm-7	7	1024	0	4.053777e-02	1.655770e-01	-13.2852535,-1.34674597,-3.96404791,0.670291901	-13.3180103,-1.3556807,-3.89385819,0.626728952
orig	28	493	attn_pregate-7	7	2048	0	5.233094e-02	5.899038e-01	-0.0461364016,-0.0248920377,-0.331976831,-0.0663920045	-0.0415413789,-0.0575487614,-0.352372944,-0.0695937127
orig	28	494	attn_gated-7	7	2048	0	4.899824e-02	4.933953e-02	-0.0112745371,-0.00480308617,-0.0294269249,-0.0199099667	-0.0100170523,-0.0111825373,-0.0333644822,-0.0207860302
orig	28	495	attn_output-7	7	1024	0	7.998626e-02	7.905087e-03	-0.0400447696,-0.00317557901,0.0117187239,-0.0414554812	-0.041073963,-0.00334821083,0.0123148635,-0.0406530723
orig	28	496	attn_residual-7	7	1024	0	4.729853e-02	1.193416e-02	-0.96405679,-0.0913207605,-0.239518344,-0.00488559902	-0.969605923,-0.0922929049,-0.235070884,-0.00637716055
orig	28	497	attn_post_norm-7	7	1024	0	5.446088e-02	2.009487e-01	-10.2907467,-1.41951597,-3.59011412,-0.0790205821	-10.33148,-1.43206286,-3.51715326,-0.102960989
orig	28	498	ffn_out-7	7	1024	0	9.293745e-02	1.016018e-02	0.00454127789,0.0351868235,0.00262653641,0.0425706357	-0.00209726393,0.0389284305,0.00146820024,0.0468247719
orig	28	499	l_out-7	7	1024	0	4.402950e-02	1.218766e-02	-0.959515512,-0.0561339371,-0.236891806,0.0376850367	-0.971703172,-0.0533644743,-0.233602688,0.0404476114
orig	28	500	attn_norm-8	8	1024	0	4.831915e-02	2.465103e-01	-15.8580379,-1.09751415,-4.2030201,0.791761875	-16.0071259,-1.03996599,-4.13115549,0.847033918
orig	28	501	conv_output_silu-8	8	6144	0	2.727064e-02	6.227139e-02	0.0129566425,-1.43028146e-05,-0.175091237,0.120489053	0.0142466677,-6.1355604e-05,-0.17451933,0.113263287
orig	28	502	q_conv_predelta-8	8	2048	0	3.793465e-02	2.800636e-02	0.00482351193,-5.32466584e-06,-0.0651831403,0.0448557846	0.0052347756,-2.25444201e-05,-0.064125143,0.0416173078
orig	28	503	k_conv_predelta-8	8	2048	0	3.578147e-02	2.981368e-02	-0.0253357925,-0.106471188,0.0317135565,-0.00477374578	-0.0251394138,-0.0973038301,0.0319836847,-0.00604326185
orig	28	504	v_conv_predelta-8	8	2048	0	3.349914e-02	6.227139e-02	0.354133815,-0.00176603952,-0.0272706598,0.00870243274	0.355827153,-0.00127738935,-0.0271309633,0.00899650715
orig	28	505	a_softplus-8	8	16	1	2.249110e-02	1.581606e-02	0.0619802773,0.00662120758,0.00869512185,0.000724529964	0.0667965636,0.00645232247,0.00859289337,0.000647573557
orig	28	506	gate-8	8	16	1	2.168554e-02	7.884324e-03	-0.0217571221,-0.00188224518,-0.00259043183,-0.000109387664	-0.0234477986,-0.00183423527,-0.00255997619,-9.77689851e-05
orig	28	507	beta_sigmoid-8	8	16	0	4.961601e-03	4.840016e-03	0.637748599,0.124736391,0.290862381,0.104685046	0.642588615,0.125588566,0.293240666,0.105948105
orig	28	508	state_predelta-8	8	262144	0	2.063083e-02	2.280980e-02	-0.035472855,-0.0120385531,0.0102783451,-0.00610702625	-0.034425199,-0.0152880549,0.0101035759,-0.00722877402
orig	28	509	new_state-8	8	262144	0	2.032618e-02	2.120517e-02	-0.039181944,-0.0305748805,0.0156555455,-0.00681830198	-0.0381249599,-0.03234189,0.0155914649,-0.00814241637
orig	28	510	attn_output-8	8	2048	0	1.977625e-02	1.144446e-03	-6.7472407e-05,2.39012297e-05,-1.81609485e-05,-4.05187602e-05	-6.64454856e-05,2.48164615e-05,-1.62873748e-05,-4.06963518e-05
orig	28	511	z-8	8	2048	0	2.268641e-02	1.343415e-01	-0.0339760743,0.719698906,1.20827413,0.635672808	-0.0346229561,0.703316331,1.23633623,0.616798043
orig	28	512	final_output-8	8	2048	0	5.713193e-02	2.651741e-02	0.00103355257,0.00750132417,-0.0168604478,-0.0126675135	0.00103638892,0.00756689114,-0.0155642666,-0.0122587802
orig	28	513	linear_attn_out-8	8	1024	0	9.747411e-02	4.440743e-03	0.0170073919,0.00265205838,0.0162951294,6.98491931e-05	0.0169165786,0.00226258347,0.015401884,0.00393197872
orig	28	514	attn_residual-8	8	1024	0	4.394076e-02	1.227850e-02	-0.942508101,-0.0534818769,-0.220596671,0.0377548859	-0.954786599,-0.0511018895,-0.218200803,0.0443795919
orig	28	515	attn_post_norm-8	8	1024	0	5.072541e-02	1.751013e-01	-9.66348743,-0.795246661,-3.16765738,0.615608931	-9.76391315,-0.757880867,-3.12510324,0.721745074
orig	28	516	ffn_out-8	8	1024	0	8.098112e-02	5.227989e-03	0.0907248855,0.00655343104,-0.0110035194,-0.010795461	0.0905957296,0.00685383752,-0.0124358414,-0.0108328732
orig	28	517	l_out-8	8	1024	0	4.245940e-02	1.240766e-02	-0.851783216,-0.0469284467,-0.231600195,0.0269594248	-0.864190876,-0.0442480519,-0.230636641,0.0335467197
orig	28	518	attn_norm-9	9	1024	0	4.720483e-02	2.178817e-01	-12.7025976,-0.851261616,-4.13832951,0.578944027	-12.8508959,-0.800352454,-4.10936546,0.718350232
orig	28	519	conv_output_silu-9	9	6144	0	2.626889e-02	6.735742e-02	-0.0601454452,-0.061212752,0.0992908552,-0.0627170205	-0.0613801368,-0.0624051392,0.0922670662,-0.0701656789
orig	28	520	q_conv_predelta-9	9	2048	0	3.523279e-02	2.097082e-02	-0.0222799927,-0.0226753615,0.0367808342,-0.023232596	-0.0225523431,-0.0229289513,0.0339008458,-0.0257803369
orig	28	521	k_conv_predelta-9	9	2048	0	3.322760e-02	2.836315e-02	0.0322637819,-0.00394924078,-0.0102363117,0.00544349244	0.0312922448,-0.00374035886,-0.0108898384,0.00644619437
orig	28	522	v_conv_predelta-9	9	2048	0	2.051681e-02	2.554095e-02	0.0133084226,-0.0084910132,-0.00214018091,-0.00840786844	0.0131689748,-0.00973377842,-0.00253279274,-0.00904314965
orig	28	523	a_softplus-9	9	16	0	9.446250e-03	1.472962e-02	6.37749326e-05,0.00349375536,0.0395387076,0.0434306636	6.21061117e-05,0.00308561628,0.03775011,0.041536957
orig	28	524	gate-9	9	16	0	1.226150e-02	4.388213e-03	-2.58682539e-05,-0.000476536836,-0.0134523679,-0.00803386513	-2.51913498e-05,-0.000420867989,-0.0128438286,-0.00768356491
orig	28	525	beta_sigmoid-9	9	16	0	1.150425e-02	6.451339e-03	0.0344799459,0.192967713,0.140962169,0.0944284573	0.0332323536,0.188838646,0.138306782,0.0925765783
orig	28	526	state_predelta-9	9	262144	0	2.262721e-02	1.987207e-02	-0.0028526003,-0.000959697121,-0.000800659356,0.000191007028	-0.00273607089,-0.000960417092,-0.000786339806,0.000157865245
orig	28	527	new_state-9	9	262144	0	2.267581e-02	1.958320e-02	-0.00284125283,-0.000961052196,-0.000804215437,0.000192904161	-0.00272545777,-0.000961653248,-0.000789989368,0.000160033363
orig	28	528	attn_output-9	9	2048	0	1.486003e-02	1.309048e-04	2.77809468e-05,1.88742248e-07,-9.02158208e-05,-0.000112122034	2.63496331e-05,-2.73315163e-06,-8.93558172e-05,-0.000108346954
orig	28	529	z-9	9	2048	0	2.217186e-02	1.412315e-01	0.131981045,-0.556342363,0.934648871,1.35046637	0.134050816,-0.579765201,0.950667143,1.3512001
orig	28	530	final_output-9	9	2048	0	5.478171e-02	2.641046e-02	0.00154249952,-2.86594186e-05,-0.0469160937,-0.0859441459	0.00149626075,0.000428603875,-0.0477605835,-0.0836027935
orig	28	531	linear_attn_out-9	9	1024	0	6.694223e-02	7.352114e-03	-0.135137215,0.000265778974,0.0307083242,0.00288569182	-0.127785102,0.000637313351,0.0301334523,0.00132615864
orig	28	532	attn_residual-9	9	1024	0	4.160551e-02	1.178104e-02	-0.986920416,-0.0466626659,-0.200891867,0.0298451167	-0.991975963,-0.0436107367,-0.200503185,0.0348728783
orig	28	533	attn_post_norm-9	9	1024	0	4.751604e-02	1.636195e-01	-9.64294338,-0.638537467,-2.65426731,0.461872101	-9.67381191,-0.595633686,-2.64406753,0.538648188
orig	28	534	ffn_out-9	9	1024	0	8.220507e-02	5.439796e-03	-0.029403314,-0.0178712197,-0.0220200624,0.0180468187	-0.026494436,-0.0183454417,-0.0205848515,0.0183447227
orig	28	535	l_out-9	9	1024	0	4.012009e-02	1.261876e-02	-1.01632369,-0.0645338893,-0.222911924,0.0478919372	-1.01847041,-0.0619561784,-0.221088037,0.053217601
orig	28	536	attn_norm-10	10	1024	0	4.362278e-02	2.060517e-01	-15.3933983,-1.01837182,-3.76082492,0.871183693	-15.3869848,-0.975227177,-3.72064042,0.965617716
orig	28	537	conv_output_silu-10	10	6144	0	2.637294e-02	3.369814e-02	-0.00775825419,-0.00619595218,0.00264703692,0.0641374364	-0.00782442931,-0.00593763171,0.00286414055,0.0653923824
orig	28	538	q_conv_predelta-10	10	2048	0	2.711352e-02	1.829974e-02	-0.00981101301,-0.00783534069,0.00334741734,0.0811075792	-0.00987221859,-0.00749161327,0.00361373601,0.0825067088
orig	28	539	k_conv_predelta-10	10	2048	0	3.378850e-02	1.704028e-02	-0.0588235818,0.0504135787,0.0672518313,0.0304453336	-0.061955519,0.0531309061,0.0727130398,0.0309302434
orig	28	540	v_conv_predelta-10	10	2048	0	3.452073e-02	2.092203e-02	-0.0101108681,-0.0116752125,0.00610421225,0.00569169316	-0.010741937,-0.012056876,0.00621134182,0.00607247697
orig	28	541	a_softplus-10	10	16	0	2.297249e-03	5.960852e-03	0.218974859,0.00108302571,3.40020251,0.0321530104	0.22493571,0.0010627819,3.40488958,0.0316223204
orig	28	542	gate-10	10	16	0	4.509623e-03	4.561424e-03	-0.167566255,-0.00628126366,-1.05333364,-0.00658351323	-0.172127679,-0.00616385508,-1.05478561,-0.00647485163
orig	28	543	beta_sigmoid-10	10	16	0	6.424376e-03	6.697625e-03	0.802256465,0.288932443,0.934916139,0.551036835	0.802806139,0.287851036,0.933365464,0.551827669
orig	28	544	state_predelta-10	10	262144	0	3.544732e-02	1.706291e-02	0.000347729569,0.000592363242,2.63383699e-05,-0.000330636656	0.000349281356,0.000612109434,2.64023402e-05,-0.000330434588
orig	28	545	new_state-10	10	262144	0	3.534350e-02	1.656064e-02	0.000492642401,0.000330801588,-0.000204735203,-0.000382395141	0.000539887347,0.000304496032,-0.000266295392,-0.000400913646
orig	28	546	attn_output-10	10	2048	0	1.654041e-02	1.031300e-04	-8.3968489e-06,-7.34436207e-06,2.86146746e-06,7.64531433e-06	-8.25421102e-06,-6.87937882e-06,3.11645658e-06,7.85750217e-06
orig	28	547	z-10	10	2048	0	1.623694e-02	1.119878e-01	1.95731461,1.02304959,1.37910891,0.962022543	1.95792782,1.03005767,1.36340809,0.902915061
orig	28	548	final_output-10	10	2048	0	4.617947e-02	2.088204e-02	-0.0129304314,-0.00589865353,0.0030690697,0.00543794082	-0.0127158435,-0.00557339191,0.0032940486,0.00515868561
orig	28	549	linear_attn_out-10	10	1024	0	5.489327e-02	5.221898e-03	-0.041797936,0.0212934949,0.0337712839,-0.000684982166	-0.0443736613,0.0212100334,0.0335767306,-0.000255117193
orig	28	550	attn_residual-10	10	1024	0	3.930404e-02	1.291218e-02	-1.05812168,-0.0432403944,-0.189140648,0.0472069532	-1.06284404,-0.040746145,-0.18751131,0.052962482
orig	28	551	attn_post_norm-10	10	1024	0	4.330403e-02	1.742737e-01	-11.5533161,-0.582809269,-2.54111838,0.677717209	-11.5715799,-0.547615111,-2.51199985,0.758163631
orig	28	552	ffn_out-10	10	1024	0	7.290132e-02	6.473258e-03	0.168449923,-0.0103059877,-0.0239155777,0.00593265099	0.174923182,-0.0102302041,-0.0245159119,0.00103100762
orig	28	553	l_out-10	10	1024	0	3.820022e-02	1.297286e-02	-0.889671743,-0.053546384,-0.213056222,0.0531396046	-0.887920856,-0.0509763509,-0.212027222,0.0539934896
orig	28	554	attn_norm-11	11	1024	0	4.005343e-02	1.893389e-01	-11.2818956,-0.70822674,-3.00941753,0.8276667	-11.2469606,-0.673472047,-2.99149656,0.840015292
orig	28	555	attn_pregate-11	11	2048	0	3.556903e-02	2.919722e-01	0.151145861,-0.0450963825,0.231342539,-0.0265922174	0.146924138,-0.0326085836,0.228757977,-0.0293839239
orig	28	556	attn_gated-11	11	2048	0	3.555798e-02	2.150726e-02	0.00747949816,-0.00374710839,0.018884588,-0.00235200999	0.00748021156,-0.00265849545,0.018394528,-0.0026810104
orig	28	557	attn_output-11	11	1024	0	6.643558e-02	4.595451e-03	-0.0556160733,7.32280314e-05,-0.00822224282,0.0133463144	-0.0510206223,-0.000459399074,-0.00853282213,0.0120948814
orig	28	558	attn_residual-11	11	1024	0	3.969302e-02	1.258390e-02	-0.945287824,-0.0534731559,-0.221278459,0.0664859191	-0.938941479,-0.05143575,-0.220560044,0.066088371
orig	28	559	attn_post_norm-11	11	1024	0	4.347365e-02	1.705661e-01	-9.55428696,-0.766756177,-3.02771997,0.979444146	-9.49152565,-0.737649202,-3.01832986,0.973729491
orig	28	560	ffn_out-11	11	1024	0	6.932642e-02	6.539259e-03	0.145775229,0.0187966898,-0.0104018329,-0.000531332567	0.144558847,0.018622715,-0.011210748,0.00236026663
orig	28	561	l_out-11	11	1024	0	3.900490e-02	1.137486e-02	-0.799512625,-0.0346764661,-0.231680289,0.0659545884	-0.794382632,-0.032813035,-0.231770799,0.0684486404
orig	28	562	attn_norm-12	12	1024	0	4.156693e-02	2.178409e-01	-12.7669182,-0.624739826,-4.34865427,1.32249212	-12.6749964,-0.59070152,-4.34692192,1.37141919
orig	28	563	conv_output_silu-12	12	6144	1	2.941110e-02	1.458005e-01	-0.0115379849,-0.111473471,0.0557291843,-0.17899473	-0.00999206118,-0.111705616,0.0567587018,-0.174914613
orig	28	564	q_conv_predelta-12	12	2048	0	2.556869e-02	1.963061e-02	-0.00787276402,-0.0760621876,0.038025938,-0.122134261	-0.00682267174,-0.0762736276,0.0387553684,-0.119433321
orig	28	565	k_conv_predelta-12	12	2048	0	3.508676e-02	3.363004e-02	0.0625781044,-0.0095088901,0.0647523031,-0.00374752656	0.0636262596,-0.0097068185,0.0614229031,-0.00406995462
orig	28	566	v_conv_predelta-12	12	2048	0	3.056940e-02	5.746841e-02	-0.00135608041,0.00851749629,0.0148236128,-0.00162361399	-0.00143918057,0.00838792883,0.0142877353,-0.00153352518
orig	28	567	a_softplus-12	12	16	0	1.918687e-02	4.430626e-03	0.000263298658,0.00291363709,0.000516877102,0.000849362987	0.000235768181,0.00275375415,0.000442645309,0.00077336916
orig	28	568	gate-12	12	16	0	1.057708e-02	3.342867e-03	-5.30760844e-05,-0.00171954266,-5.36338339e-05,-0.000241452843	-4.75264569e-05,-0.00162518444,-4.59311595e-05,-0.00021984968
orig	28	569	beta_sigmoid-12	12	16	0	1.712709e-02	1.122236e-02	0.150392607,0.425334394,0.0768290535,0.0984402448	0.149983317,0.414112031,0.0788313746,0.0969120264
orig	28	570	state_predelta-12	12	262144	0	1.643732e-02	1.931077e-02	-0.000602872635,0.000143206838,-0.000243687522,-0.00019395331	-0.000590206531,0.000141689379,-0.000236315347,-0.000198961847
orig	28	571	new_state-12	12	262144	1	1.624823e-02	1.813072e-02	-0.000572919322,0.000138652627,-0.000212713683,-0.000195734872	-0.000560500193,0.000137154915,-0.000207653575,-0.000200850802
orig	28	572	attn_output-12	12	2048	0	1.898516e-02	1.897946e-03	-5.62808636e-05,4.10983303e-05,8.29007113e-05,-0.000109444023	-5.41332593e-05,4.12324371e-05,8.27261756e-05,-0.000110025292
orig	28	573	z-12	12	2048	0	1.824625e-02	1.704788e-01	0.0643196404,0.914227962,0.50728178,-0.0265292972	0.0515667796,0.901574612,0.487431407,-0.0433126092
orig	28	574	final_output-12	12	2048	0	4.099841e-02	5.300736e-02	-0.00125182897,0.018868573,0.0145716118,0.000992729561	-0.000958959863,0.0185924321,0.0138615249,0.00161482906
orig	28	575	linear_attn_out-12	12	1024	0	4.447818e-02	3.023675e-03	-0.300168544,0.0159372911,0.0169313625,0.024809381	-0.29955557,0.0148658436,0.0177415423,0.0244451482
orig	28	576	attn_residual-12	12	1024	0	3.673851e-02	1.157343e-02	-1.09968114,-0.0187391751,-0.214748919,0.0907639712	-1.09393823,-0.0179471914,-0.214029253,0.0928937867
orig	28	577	attn_post_norm-12	12	1024	0	3.974972e-02	1.559274e-01	-10.2341137,-0.269834965,-2.82878971,1.28069174	-10.1880522,-0.258618265,-2.82135487,1.31169438
orig	28	578	ffn_out-12	12	1024	0	6.910468e-02	4.914350e-03	0.136090204,-0.0413997546,-0.0228377711,0.0189259537	0.14003709,-0.0400555357,-0.0222720262,0.0174757969
orig	28	579	l_out-12	12	1024	0	3.597025e-02	1.322326e-02	-0.96359092,-0.0601389296,-0.237586692,0.109689921	-0.953901172,-0.0580027252,-0.236301273,0.110369585
orig	28	580	attn_norm-13	13	1024	0	3.848636e-02	2.392106e-01	-13.8685141,-0.981146336,-3.94854593,2.03124666	-13.74578,-0.947447777,-3.93196774,2.04632282
orig	28	581	conv_output_silu-13	13	6144	0	2.164297e-02	7.599640e-02	-0.24457711,-0.19058457,-0.008616779,-0.0449291579	-0.246414483,-0.194425538,-0.0100439582,-0.0459186807
orig	28	582	q_conv_predelta-13	13	2048	0	2.365115e-02	1.545722e-02	-0.0811028406,-0.0631986782,-0.00285736169,-0.0148987053	-0.0813054368,-0.0641514808,-0.00331404386,-0.0151510518
orig	28	583	k_conv_predelta-13	13	2048	0	2.897933e-02	2.134670e-02	-0.00513426168,-0.012739568,0.63671124,-0.014056229	-0.00554501778,-0.0132117132,0.646997631,-0.0151982913
orig	28	584	v_conv_predelta-13	13	2048	0	2.797970e-02	5.077660e-02	0.00158990268,0.00134884985,-0.0132655902,-0.00703889923	0.00212727068,0.00124672707,-0.0132042803,-0.006495554
orig	28	585	a_softplus-13	13	16	0	2.026623e-02	3.403103e-02	0.00103479705,0.0886124223,0.362527281,0.00544007402	0.00098787609,0.086708121,0.365052849,0.00497520063
orig	28	586	gate-13	13	16	0	1.674327e-02	3.758982e-03	-0.000278511841,-0.101992279,-0.182290167,-0.0013022651	-0.000265883253,-0.0998004377,-0.183560103,-0.00119098194
orig	28	587	beta_sigmoid-13	13	16	0	1.320662e-02	1.065053e-02	0.255849063,0.495924115,0.442525715,0.232767001	0.251289934,0.498206109,0.441866666,0.227818951
orig	28	588	state_predelta-13	13	262144	0	2.733522e-02	1.790328e-02	0.000327392685,0.000460605603,0.000186953053,-9.10941744e-05	0.000324822322,0.000471540465,0.000276433275,-0.000454885681
orig	28	589	new_state-13	13	262144	0	2.710293e-02	1.821581e-02	0.000324704451,0.000454033347,0.000508965575,-9.81788035e-05	0.000321359112,0.000463369332,0.000670374255,-0.000464020355
orig	28	590	attn_output-13	13	2048	0	1.630471e-02	1.205793e-04	2.27587389e-05,1.18064117e-05,-2.37068689e-05,-3.60867234e-05	2.41273829e-05,1.29657146e-05,-2.56830008e-05,-3.37988131e-05
orig	28	591	z-13	13	2048	0	1.906189e-02	1.412188e-01	0.343717247,1.21878898,-0.226307392,1.47855783	0.391523659,1.22551322,-0.254657388,1.4745028
orig	28	592	final_output-13	13	2048	0	4.167960e-02	1.633433e-02	0.00457433704,0.0111820661,0.00238166074,-0.0424661674	0.00563747855,0.012376518,0.00285996078,-0.0396662168
orig	28	593	linear_attn_out-13	13	1024	0	5.784998e-02	4.082716e-03	-0.190298989,-0.00840401091,0.0234761462,0.00265823491	-0.191432908,-0.00793310441,0.0246124156,0.00219194684
orig	28	594	attn_residual-13	13	1024	0	3.453259e-02	1.393733e-02	-1.15388989,-0.0685429424,-0.214110553,0.112348154	-1.14533412,-0.0659358278,-0.211688861,0.112561531
orig	28	595	attn_post_norm-13	13	1024	0	3.670253e-02	1.850171e-01	-10.7083902,-0.962010682,-2.7733748,1.45033371	-10.6496067,-0.927214384,-2.74732494,1.45590675
orig	28	596	ffn_out-13	13	1024	0	6.931674e-02	1.193517e-02	0.089046225,0.000976750627,-0.00237834547,-0.0122518353	0.0771110505,0.00211140513,-9.20088496e-05,-0.0140561573
orig	28	597	l_out-13	13	1024	0	3.489477e-02	1.237896e-02	-1.06484365,-0.0675661936,-0.216488898,0.100096315	-1.06822312,-0.0638244227,-0.211780876,0.0985053778
orig	28	598	attn_norm-14	14	1024	0	3.684192e-02	1.889844e-01	-14.402998,-1.03174567,-3.06833053,1.64707494	-14.4362154,-0.973765612,-2.99900746,1.61949456
orig	28	599	conv_output_silu-14	14	6144	0	1.825408e-02	1.284392e-01	-0.185617507,-0.0542343482,-0.24190627,-0.222483337	-0.189575374,-0.0535433926,-0.243696213,-0.222463489
orig	28	600	q_conv_predelta-14	14	2048	0	1.914136e-02	1.395546e-02	-0.0433497354,-0.0126660718,-0.0564955994,-0.0519595034	-0.0443747714,-0.012533146,-0.0570430867,-0.0520730466
orig	28	601	k_conv_predelta-14	14	2048	0	3.395924e-02	2.355264e-02	-0.0092264656,-0.0501781814,-0.0317735262,0.0037616177	-0.00996799301,-0.0538653992,-0.0330180004,0.00392340077
orig	28	602	v_conv_predelta-14	14	2048	0	3.514279e-02	1.284392e-01	0.00887933467,0.000551674748,0.0135307685,0.00124768936	0.00876941718,0.000929223432,0.014238121,0.000594830373
orig	28	603	a_softplus-14	14	16	0	1.593958e-02	6.296732e-03	0.0249614436,0.00408849632,0.00593945291,0.000177010123	0.0244349483,0.00399386976,0.0059477482,0.000168547733
orig	28	604	gate-14	14	16	0	2.162128e-02	2.427623e-03	-0.00785446633,-0.00068325625,-0.00394880865,-0.000532599341	-0.00768879708,-0.000667442568,-0.00395432347,-0.000507137156
orig	28	605	beta_sigmoid-14	14	16	0	7.337277e-03	9.055674e-03	0.501125932,0.129986495,0.286459208,0.214612797	0.499397755,0.128780678,0.285124928,0.212870717
orig	28	606	state_predelta-14	14	262144	1	2.499545e-02	2.366192e-02	-0.00215508346,-0.00972208008,-0.00125938782,-0.00301198312	-0.00212393119,-0.0100159906,-0.00126942818,-0.00314081367
orig	28	607	new_state-14	14	262144	0	2.518367e-02	2.386653e-02	-0.00215072767,-0.00971402414,-0.00129259797,-0.00298332004	-0.00212107692,-0.0100117596,-0.00130413612,-0.00311147748
orig	28	608	attn_output-14	14	2048	0	1.414709e-02	2.140878e-04	1.21721505e-05,8.15532439e-06,7.77511741e-06,-9.88594547e-06	1.28603151e-05,6.66545611e-06,6.50728271e-06,-8.94386449e-06
orig	28	609	z-14	14	2048	0	1.461282e-02	1.241705e-01	-0.0582280904,1.11866188,1.28519964,1.41388404	-0.0552825183,1.12686276,1.28714728,1.43048263
orig	28	610	final_output-14	14	2048	0	4.810259e-02	4.049852e-02	-0.000361092476,0.00686607556,0.00785700046,-0.0102698542	-0.000362760678,0.00566432532,0.00658862339,-0.00943072885
orig	28	611	linear_attn_out-14	14	1024	0	5.829472e-02	7.609330e-03	0.233566821,-0.0491480082,-0.0133349225,0.000277081504	0.235859573,-0.0525146499,-0.0124995997,0.00192209147
orig	28	612	attn_residual-14	14	1024	0	3.885430e-02	1.416227e-02	-0.831276834,-0.116714202,-0.229823828,0.100373395	-0.832363546,-0.116339073,-0.224280477,0.100427471
orig	28	613	attn_post_norm-14	14	1024	0	3.924913e-02	1.767095e-01	-7.79384232,-1.53471553,-2.83577538,1.20189238	-7.80118036,-1.52922416,-2.766366,1.20210063
orig	28	614	ffn_out-14	14	1024	0	5.520078e-02	1.361907e-02	0.257919192,0.0248017199,-0.0266890898,-0.0237359889	0.244300127,0.0235326942,-0.0236473698,-0.0257341173
orig	28	615	l_out-14	14	1024	0	3.779198e-02	1.561889e-02	-0.573357642,-0.0919124782,-0.25651291,0.0766374022	-0.588063419,-0.0928063765,-0.247927845,0.074693352
orig	28	616	attn_norm-15	15	1024	0	3.784687e-02	1.647565e-01	-5.1777463,-0.927720726,-2.58347821,0.767474413	-5.31144381,-0.936901391,-2.49743485,0.748132229
orig	28	617	attn_pregate-15	15	2048	0	2.935427e-02	5.268440e-01	-0.249241933,0.215104029,0.240920737,0.130373538	-0.254040748,0.198447779,0.223597467,0.128347725
orig	28	618	attn_gated-15	15	2048	0	2.210866e-02	3.922313e-02	-0.0207171254,0.0162655003,0.00254596514,0.0327514447	-0.0209870432,0.0145229166,0.00244352035,0.0325288661
orig	28	619	attn_output-15	15	1024	0	5.718370e-02	5.314991e-03	-0.26784426,-0.0259658545,-0.0815073103,0.0790624917	-0.271197766,-0.0260056183,-0.0852693915,0.0787927732
orig	28	620	attn_residual-15	15	1024	0	3.889883e-02	1.805925e-02	-0.841201901,-0.117878333,-0.338020205,0.155699894	-0.859261155,-0.118811995,-0.333197236,0.153486133
orig	28	621	attn_post_norm-15	15	1024	0	3.944937e-02	1.860073e-01	-6.26926947,-1.38914406,-3.79894781,1.62375319	-6.39543724,-1.39830518,-3.73981762,1.59856117
orig	28	622	ffn_out-15	15	1024	0	5.999997e-02	1.078156e-02	0.0562952161,0.0389623605,0.105007961,0.0434729978	0.0640003383,0.038994167,0.106408738,0.0467644408
orig	28	623	l_out-15	15	1024	0	3.637416e-02	1.723397e-02	-0.784906685,-0.0789159685,-0.233012244,0.199172884	-0.795260787,-0.0798178315,-0.226788491,0.200250566
orig	28	624	attn_norm-16	16	1024	0	3.696267e-02	2.018771e-01	-7.4843626,-1.08229125,-2.66180706,2.54902887	-7.58948898,-1.0955832,-2.59289527,2.56498289
orig	28	625	conv_output_silu-16	16	6144	0	1.495048e-02	9.106147e-02	-0.0533114634,0.134913757,0.109482683,-0.171837181	-0.0420790948,0.130819902,0.113978826,-0.172709048
orig	28	626	q_conv_predelta-16	16	2048	0	1.668793e-02	1.277731e-02	-0.0039512217,0.00999924075,0.00811439659,-0.0127358502	-0.00310815987,0.00966297369,0.00841901265,-0.012757103
orig	28	627	k_conv_predelta-16	16	2048	0	2.424176e-02	1.666080e-02	0.0846972018,0.0368597694,0.0755008757,-0.0330478102	0.0881744474,0.0365609452,0.0784413293,-0.0337355174
orig	28	628	v_conv_predelta-16	16	2048	0	1.316338e-02	3.872824e-02	-0.277278155,-0.000867798924,0.878570139,-0.0558791757	-0.277328134,-0.00105397264,0.880537033,-0.0547021329
orig	28	629	a_softplus-16	16	16	0	6.016833e-03	9.863377e-03	0.000133147914,0.00985270645,0.00103443989,0.042461466	0.000131121618,0.00955768023,0.000942620274,0.0419309586
orig	28	630	gate-16	16	16	0	5.944347e-03	3.216624e-03	-2.70506407e-05,-0.00399643416,-0.000123546226,-0.00918293651	-2.66389725e-05,-0.00387676619,-0.000112579939,-0.00906820595
orig	28	631	beta_sigmoid-16	16	16	0	8.753263e-03	9.727359e-03	0.102955446,0.308447719,0.49402675,0.213240102	0.104757451,0.305835634,0.484299392,0.21376206
orig	28	632	state_predelta-16	16	262144	0	2.237891e-02	7.150090e-02	-0.0270139966,-0.006666556,-0.00221748161,0.0337607861	-0.0279003456,-0.00813376904,-0.00265940372,0.0348581709
orig	28	633	new_state-16	16	262144	0	2.219829e-02	6.598210e-02	-0.0279324856,-0.00706641562,-0.0030368336,0.0341185406	-0.0288408641,-0.00852384046,-0.00349669438,0.0352173708
orig	28	634	attn_output-16	16	2048	0	9.729418e-03	8.445717e-04	-0.0042688665,-0.000100443103,0.00906938687,-0.000335664692	-0.00433193473,-9.08788425e-05,0.00929593202,-0.000323380838
orig	28	635	z-16	16	2048	0	1.513430e-02	2.188427e-01	-0.585023224,-0.0744126141,-7.11046171,-0.0600153804	-0.598935187,-0.0580870658,-7.19548178,-0.0703538209
orig	28	636	final_output-16	16	2048	0	3.326113e-02	3.164470e-02	0.181527182,0.000756129972,-0.0123449191,0.00201637181	0.184907854,0.00053279713,-0.0116358446,0.00224085525
orig	28	637	linear_attn_out-16	16	1024	0	4.677796e-02	5.669588e-03	-0.476281941,-0.0459903702,-0.171131909,0.0769645795	-0.480470359,-0.0453180671,-0.173230827,0.0799108818
orig	28	638	attn_residual-16	16	1024	0	3.496056e-02	1.855099e-02	-1.26118863,-0.124906339,-0.404144168,0.276137471	-1.27573109,-0.125135899,-0.400019318,0.28016144
orig	28	639	attn_post_norm-16	16	1024	0	3.646988e-02	1.753399e-01	-7.5278511,-1.2552861,-3.97552562,2.2694931	-7.62057447,-1.25857103,-3.93800974,2.30435562
orig	28	640	ffn_out-16	16	1024	0	4.869283e-02	9.412266e-03	0.225225031,0.0340355523,-0.0265827253,0.222518891	0.219873294,0.0356073752,-0.0275331698,0.218847349
orig	28	641	l_out-16	16	1024	0	3.537500e-02	1.989424e-02	-1.03596354,-0.0908707827,-0.430726886,0.498656362	-1.05585778,-0.0895285234,-0.427552491,0.499008775
orig	28	642	attn_norm-17	17	1024	0	3.582038e-02	2.031174e-01	-8.98506641,-1.05957842,-4.69509268,5.29182196	-9.18818378,-1.04741228,-4.67604828,5.31324005
orig	28	643	conv_output_silu-17	17	6144	0	7.896072e-03	8.182228e-02	-0.200652659,0.0139287952,-0.172167182,-0.013073191	-0.202128023,0.0128864599,-0.171342984,-0.0127078248
orig	28	644	q_conv_predelta-17	17	2048	0	1.308729e-02	1.997876e-02	-0.0157782994,0.00109528925,-0.0135383476,-0.00102800888	-0.0158005562,0.00100734783,-0.0133940578,-0.000993383699
orig	28	645	k_conv_predelta-17	17	2048	0	1.817148e-02	1.689953e-02	-0.0227209758,-0.0528275296,-0.0453931615,-0.0569717214	-0.0231288988,-0.052949775,-0.0452567302,-0.0563057773
orig	28	646	v_conv_predelta-17	17	2048	0	1.540991e-02	5.159044e-02	-0.0899752825,-0.25764218,0.0161948912,-0.267395854	-0.0912846029,-0.258886665,0.0190304779,-0.26802507
orig	28	647	a_softplus-17	17	16	0	4.172145e-02	1.287711e-02	0.000817084219,0.00197430141,0.118193775,0.0245093983	0.000766460318,0.00181629125,0.115165383,0.0232311208
orig	28	648	gate-17	17	16	0	3.860742e-02	2.237707e-03	-0.000192564214,-0.000511019316,-0.0298840664,-0.00853665452	-0.000180633549,-0.000470120693,-0.0291183684,-0.00809142832
orig	28	649	beta_sigmoid-17	17	16	0	8.424071e-03	1.012945e-02	0.426629007,0.0389422476,0.813383222,0.306803286	0.429616094,0.03676093,0.814970374,0.304316729
orig	28	650	state_predelta-17	17	262144	1	2.054958e-02	3.614461e-02	0.00296234502,0.0280204751,0.016885275,0.0210120268	0.00337622198,0.0280270502,0.016879268,0.0206477121
orig	28	651	new_state-17	17	262144	0	2.081987e-02	3.421950e-02	0.00277695921,0.0275853742,0.0165127907,0.0205445662	0.0031882769,0.0275931153,0.0165096559,0.0201879274
orig	28	652	attn_output-17	17	2048	1	1.040604e-02	1.341909e-03	-0.000342737825,-0.000685945153,4.58130744e-05,-0.000576936989	-0.00034030751,-0.000673426432,4.75602392e-05,-0.000571676064
orig	28	653	z-17	17	2048	0	1.695162e-02	1.551952e-01	0.307972789,-0.374717534,-1.16224384,-1.71582222	0.311002225,-0.344959974,-1.15462542,-1.73283947
orig	28	654	final_output-17	17	2048	0	3.765729e-02	7.740790e-02	-0.0373392664,0.071104385,-0.00596371526,0.0912046582	-0.0376611017,0.0657027438,-0.00621502846,0.0903779045
orig	28	655	linear_attn_out-17	17	1024	0	5.036509e-02	1.135737e-02	-0.645369232,-0.0013660118,-0.0021430552,0.0490975678	-0.656726599,-0.00149124954,-0.0026164148,0.0508590192
orig	28	656	attn_residual-17	17	1024	0	3.507642e-02	3.125155e-02	-1.68133283,-0.0922367945,-0.432869941,0.54775393	-1.71258438,-0.091019772,-0.430168897,0.549867809
orig	28	657	attn_post_norm-17	17	1024	0	3.703583e-02	1.692619e-01	-8.26447392,-0.795096219,-3.60039115,4.00551081	-8.43373585,-0.786063671,-3.58457541,4.02844286
orig	28	658	ffn_out-17	17	1024	0	5.745420e-02	9.155400e-03	0.0509794876,0.0154553438,-0.0414784029,0.176851615	0.0447493717,0.0110759139,-0.0406979322,0.174979419
orig	28	659	l_out-17	17	1024	0	3.420403e-02	3.748167e-02	-1.63035333,-0.0767814517,-0.474348336,0.72460556	-1.667835,-0.0799438581,-0.470866829,0.724847198
orig	28	660	attn_norm-18	18	1024	0	3.433460e-02	3.132486e-01	-12.9757147,-0.804113925,-4.78089762,7.10174179	-13.2889633,-0.838175237,-4.7511487,7.11210394
orig	28	661	conv_output_silu-18	18	6144	0	9.428522e-03	9.641790e-02	-0.13146244,-0.253188968,-0.0884656012,-0.127856135	-0.137292817,-0.248934269,-0.0911384225,-0.129676163
orig	28	662	q_conv_predelta-18	18	2048	0	1.628679e-02	1.949407e-02	-0.0339333192,-0.0653535873,-0.0228348989,-0.0330024511	-0.0356843024,-0.0647014603,-0.0236881375,-0.0337046273
orig	28	663	k_conv_predelta-18	18	2048	0	1.532906e-02	1.195942e-02	-0.0333168097,-0.0592868291,-0.0721446052,-0.0642738119	-0.0342484266,-0.0602452904,-0.0716948733,-0.0633463711
orig	28	664	v_conv_predelta-18	18	2048	0	1.630625e-02	9.641790e-02	0.010964063,-0.255990595,0.00698810304,-0.21863538	0.00970679801,-0.255983531,0.0074592228,-0.216867059
orig	28	665	a_softplus-18	18	16	0	2.602016e-02	1.796138e-02	3.11131407e-05,0.694358826,0.00317010935,0.450006902	2.96826729e-05,0.676397443,0.00285717566,0.464271843
orig	28	666	gate-18	18	16	0	2.665144e-02	3.839351e-03	-1.29698865e-05,-0.139969751,-0.000944432162,-0.121117719	-1.2373579e-05,-0.136349082,-0.000851203629,-0.12495707
orig	28	667	beta_sigmoid-18	18	16	0	6.955724e-03	1.548386e-02	0.17767255,0.818116963,0.211591855,0.853201687	0.173905075,0.823011577,0.207470655,0.854806364
orig	28	668	state_predelta-18	18	262144	0	1.863561e-02	7.213593e-02	0.00866354816,0.00190619915,-0.0026799757,0.0109562352	0.00871363655,0.00194625428,-0.00258184061,0.0109696649
orig	28	669	new_state-18	18	262144	0	1.882301e-02	7.105398e-02	0.00843569729,0.0015009176,-0.00317308726,0.0105167469	0.0084863361,0.00154658407,-0.00305740745,0.0105493115
orig	28	670	attn_output-18	18	2048	0	1.032735e-02	2.395049e-03	-0.000774436805,-0.0061719534,2.04708176e-05,-0.0111220134	-0.000868091127,-0.00618390273,5.84998234e-05,-0.0112450439
orig	28	671	z-18	18	2048	0	1.619349e-02	1.742506e-01	-2.14829731,0.0168936253,-0.972720802,-2.03069353	-2.1731658,0.0101342201,-0.99213922,-2.0412457
orig	28	672	final_output-18	18	2048	0	3.660812e-02	3.668208e-02	0.00558853522,-0.00197722903,-0.000187635829,0.0856499523	0.00613166718,-0.00117190811,-0.0005335444,0.0853275508
orig	28	673	linear_attn_out-18	18	1024	0	3.595602e-02	1.047492e-02	-0.781493306,0.0225685444,0.0579908192,0.0350882821	-0.791968226,0.0241915751,0.0569358058,0.0350580923
orig	28	674	attn_residual-18	18	1024	0	3.199920e-02	4.795647e-02	-2.41184664,-0.0542129055,-0.416357517,0.759693861	-2.4598031,-0.0557522848,-0.413931012,0.759905279
orig	28	675	attn_post_norm-18	18	1024	0	3.415123e-02	2.260780e-01	-11.8203402,-0.412985116,-3.22446012,5.04177904	-12.0464182,-0.424396485,-3.2032876,5.03943634
orig	28	676	ffn_out-18	18	1024	0	5.453133e-02	4.099654e-02	-0.120439582,0.0504381247,-0.047498215,0.148006842	-0.0794430375,0.0494737439,-0.0512930267,0.143471986
orig	28	677	l_out-18	18	1024	0	3.021319e-02	1.824698e-02	-2.53228617,-0.00377478078,-0.463855743,0.907700717	-2.53924608,-0.00627854094,-0.465224028,0.903377295
orig	28	678	attn_norm-19	19	1024	0	3.021086e-02	1.164101e-01	-12.6662302,-0.0210002419,-2.65981221,5.14644861	-12.7397013,-0.0350357294,-2.67577767,5.13752556
orig	28	679	attn_pregate-19	19	2048	0	2.059443e-02	1.232519e-01	-0.105903998,-0.128961548,-0.274164051,0.367653161	-0.1066975,-0.144919842,-0.28022027,0.354760408
orig	28	680	attn_gated-19	19	2048	0	1.447688e-02	3.241372e-02	-0.0073118275,-0.0128512895,-0.0270599891,0.0259440448	-0.00736932084,-0.0147704454,-0.0282733738,0.0256784111
orig	28	681	attn_output-19	19	1024	0	6.618542e-02	8.848876e-03	-0.417872667,-0.0295018852,-0.134722859,0.36820069	-0.425996542,-0.0323299617,-0.139784709,0.368451178
orig	28	682	attn_residual-19	19	1024	0	3.137380e-02	2.127537e-02	-2.95015883,-0.033276666,-0.598578572,1.27590144	-2.96524262,-0.0386085026,-0.605008721,1.27182841
orig	28	683	attn_post_norm-19	19	1024	0	3.376675e-02	1.364420e-01	-13.8422308,-0.231107429,-3.8008194,6.73328638	-13.9431934,-0.268719018,-3.84998465,6.72635508
orig	28	684	ffn_out-19	19	1024	0	4.954096e-02	2.030295e-02	0.644663632,0.0331581049,-0.064722687,-0.219453245	0.664966583,0.0317031555,-0.0674771219,-0.212706476
orig	28	685	l_out-19	19	1024	0	3.494093e-02	2.518255e-02	-2.30549526,-0.000118561089,-0.663301229,1.05644822	-2.30027604,-0.00690534711,-0.672485828,1.05912197
orig	28	686	attn_norm-20	20	1024	0	3.577477e-02	1.847138e-01	-13.3450146,-0.000964063744,-5.02637959,7.16872311	-13.3417234,-0.0562634431,-5.10628223,7.20139742
orig	28	687	conv_output_silu-20	20	6144	0	1.205147e-02	6.945586e-02	-0.0225913171,-0.156157121,-0.20544596,0.0911047384	-0.0189434253,-0.153814763,-0.209056169,0.0897048563
orig	28	688	q_conv_predelta-20	20	2048	0	1.460071e-02	1.337388e-02	-0.00520725269,-0.0359939002,-0.047354877,0.0209994577	-0.0043351925,-0.0352004245,-0.0478423946,0.020528907
orig	28	689	k_conv_predelta-20	20	2048	0	1.531180e-02	1.154196e-02	-0.0390358716,-0.0183768068,-0.000466034311,-0.0480917729	-0.0385670699,-0.0178746823,-0.000717252085,-0.0478545316
orig	28	690	v_conv_predelta-20	20	2048	0	1.305877e-02	4.572010e-02	-0.0953221247,0.0793726966,0.0344707482,0.0202280376	-0.0947874486,0.0776790977,0.034651611,0.0206547249
orig	28	691	a_softplus-20	20	16	0	5.107585e-03	1.693344e-02	0.0388989896,0.0295929164,0.0123605179,0.192095816	0.0373828225,0.0281567927,0.0109892627,0.191179931
orig	28	692	gate-20	20	16	0	4.609081e-03	7.662416e-03	-0.00867953803,-0.00514247781,-0.00225101761,-0.0550363734	-0.00834123511,-0.00489291688,-0.00200129347,-0.0547739677
orig	28	693	beta_sigmoid-20	20	16	0	6.336757e-03	1.167631e-02	0.947267413,0.985690534,0.903468072,0.336959124	0.946637273,0.985507667,0.898948491,0.338478357
orig	28	694	state_predelta-20	20	262144	0	2.100688e-02	4.166049e-02	0.00721364561,0.00256905053,-0.000730658998,0.0104246801	0.00762597285,0.00299237086,-0.000571218552,0.0103342077
orig	28	695	new_state-20	20	262144	0	2.040070e-02	4.153869e-02	0.00565762585,0.00184367364,-0.00074217713,0.00849439297	0.00601897482,0.00225207792,-0.000595181831,0.00833298173
orig	28	696	attn_output-20	20	2048	0	9.891087e-03	1.687824e-03	-0.00681803701,0.005568719,0.00234758668,0.00157093513	-0.00676509505,0.00545905996,0.00235764356,0.00161794061
orig	28	697	z-20	20	2048	0	1.575673e-02	2.016306e-01	0.202752978,-2.93263555,1.13586974,1.55573702	0.256656587,-2.97013521,1.13378692,1.57156003
orig	28	698	final_output-20	20	2048	0	3.140759e-02	1.146922e-01	-0.0373360515,-0.0428640544,0.0957371593,0.0891541764	-0.048192706,-0.041208189,0.0962512791,0.0933291093
orig	28	699	linear_attn_out-20	20	1024	0	2.997738e-02	2.696681e-02	-2.11762547,-0.00213114917,-0.0391888618,0.551483035	-2.14459229,0.000877741724,-0.0451020151,0.553949773
orig	28	700	attn_residual-20	20	1024	0	2.974972e-02	2.563253e-02	-4.4231205,-0.00224971026,-0.702490091,1.60793126	-4.44486809,-0.00602760538,-0.717587829,1.61307168
orig	28	701	attn_post_norm-20	20	1024	0	3.386327e-02	1.486626e-01	-14.7977419,-0.0131889656,-4.16778088,7.43438625	-14.8588505,-0.0353092626,-4.25401878,7.45231104
orig	28	702	ffn_out-20	20	1024	0	6.228890e-02	1.290032e-02	0.350739866,0.0275562406,-0.1441755,-0.0143855661	0.357801646,0.0268007889,-0.150053367,-0.0103748031
orig	28	703	l_out-20	20	1024	0	3.233461e-02	2.836455e-02	-4.07238054,0.0253065303,-0.846665621,1.59354568	-4.08706665,0.0207731836,-0.867641211,1.6026969
orig	28	704	attn_norm-21	21	1024	0	3.453519e-02	1.865161e-01	-18.5220432,0.176718324,-5.39373207,9.44407845	-18.5993881,0.145143762,-5.53049469,9.50370216
orig	28	705	conv_output_silu-21	21	6144	0	7.824324e-03	1.222239e-01	-0.0101829963,-0.184943512,-0.229517564,-0.109510638	-3.95293537e-05,-0.181753322,-0.232698411,-0.104642481
orig	28	706	q_conv_predelta-21	21	2048	0	1.023817e-02	8.958042e-03	-0.00117264327,-0.0212975405,-0.0264305547,-0.012610916	-4.54757401e-06,-0.0209094398,-0.0267703123,-0.0120383808
orig	28	707	k_conv_predelta-21	21	2048	0	1.577955e-02	1.824975e-02	-0.0100268191,-0.00444598636,0.0212645158,-0.0334673747	-0.00865265355,-0.00328499521,0.0205838848,-0.0329782516
orig	28	708	v_conv_predelta-21	21	2048	0	1.246515e-02	3.565681e-02	-0.0177178159,-0.043024648,-0.137103915,-0.0157916807	-0.0188442711,-0.0427556559,-0.139299095,-0.0142190559
orig	28	709	a_softplus-21	21	16	0	4.611849e-03	1.683730e-02	0.0816545114,1.64842319,0.000236244901,0.452899396	0.0812887102,1.65298939,0.000219797774,0.45441848
orig	28	710	gate-21	21	16	0	4.498775e-03	3.238659e-03	-0.0241370276,-0.426670492,-8.82782697e-05,-0.214771852	-0.0240288973,-0.427852362,-8.21324284e-05,-0.215492219
orig	28	711	beta_sigmoid-21	21	16	0	4.652430e-03	7.761598e-03	0.574545741,0.915172458,0.335080802,0.846434355	0.579093814,0.914160252,0.327319205,0.847853661
orig	28	712	state_predelta-21	21	262144	0	2.009005e-02	3.687079e-02	-0.00203103013,0.000716236711,-0.000112348651,-0.000150357577	-0.00184246921,0.000966776395,-0.000269544165,-0.000212259212
orig	28	713	new_state-21	21	262144	0	2.004910e-02	3.783649e-02	-0.00212246133,0.000637137331,0.000186956313,-0.000613619166	-0.00191685185,0.000898975413,1.78701011e-05,-0.000657444238
orig	28	714	attn_output-21	21	2048	0	9.532504e-03	1.343352e-03	-8.25236275e-05,-9.65989166e-05,-0.00036373784,-6.16802063e-05	-8.37875341e-05,-9.35215212e-05,-0.000358593272,-5.78332947e-05
orig	28	715	z-21	21	2048	0	1.750176e-02	1.453848e-01	-0.455813468,-1.61522269,-1.96401548,-1.60205436	-0.449208915,-1.50931656,-1.95276952,-1.49521804
orig	28	716	final_output-21	21	2048	0	3.832648e-02	3.843495e-02	0.0115806237,0.0169541668,0.0629327223,0.0147431847	0.0116376271,0.0167456213,0.0623151138,0.0140938992
orig	28	717	linear_attn_out-21	21	1024	0	4.743281e-02	7.429242e-03	-0.77962482,-0.00957162678,0.0269164741,0.184070289	-0.787054062,-0.00729998946,0.0260787755,0.188647464
orig	28	718	attn_residual-21	21	1024	0	3.066045e-02	2.991086e-02	-4.85200548,0.0157349035,-0.819749117,1.77761602	-4.87412071,0.0134731941,-0.84156245,1.7913444
orig	28	719	attn_post_norm-21	21	1024	0	3.476365e-02	1.558509e-01	-15.2848501,0.0856847614,-4.40507078,7.63676548	-15.3498526,0.073346287,-4.52091455,7.69340563
orig	28	720	ffn_out-21	21	1024	0	5.355132e-02	1.085100e-02	0.494166553,0.0373820513,-0.0147977564,0.0198533628	0.502315402,0.0370093212,-0.0116233788,0.0183662809
orig	28	721	l_out-21	21	1024	0	3.256201e-02	2.766657e-02	-4.35783911,0.0531169549,-0.834546864,1.79746938	-4.37180519,0.0504825152,-0.853185833,1.80971074
orig	28	722	attn_norm-22	22	1024	0	3.367581e-02	1.525598e-01	-17.7487831,0.310367823,-4.48670769,9.65087605	-17.8162041,0.295149118,-4.58962965,9.72235298
orig	28	723	conv_output_silu-22	22	6144	0	9.248769e-03	8.594513e-02	-0.147421435,-0.000804821611,0.0466892757,0.098925367	-0.15065898,-0.000892911572,0.0454938039,0.0973551944
orig	28	724	q_conv_predelta-22	22	2048	0	1.463936e-02	1.883239e-02	-0.0262573119,-0.000143347221,0.00831585284,0.0176196508	-0.026896717,-0.000159408941,0.00812187884,0.0173805431
orig	28	725	k_conv_predelta-22	22	2048	0	2.042756e-02	1.095423e-02	-0.0130775832,-0.092527017,-0.0729173049,0.0214822553	-0.00969261769,-0.0906267017,-0.0718153268,0.0181975197
orig	28	726	v_conv_predelta-22	22	2048	0	1.460917e-02	2.499986e-02	-0.00369104696,-0.00772908516,-0.000249775127,-0.042716641	-0.00386654004,-0.00739872456,0.000938016921,-0.0414243415
orig	28	727	a_softplus-22	22	16	0	1.115884e-02	6.358004e-02	0.376477063,2.38029242,3.30183983,0.00946935546	0.356839836,2.35111737,3.36541986,0.00873565581
orig	28	728	gate-22	22	16	0	1.319494e-02	4.169679e-02	-0.0696412548,-0.539478898,-2.16539955,-0.00177923916	-0.0660087317,-0.532866538,-2.20709634,-0.00164138107
orig	28	729	beta_sigmoid-22	22	16	0	3.010232e-03	4.503965e-03	0.722749352,0.93266499,0.930790901,0.160427034	0.721298754,0.934621453,0.929084599,0.161104694
orig	28	730	state_predelta-22	22	262144	0	1.933515e-02	2.301449e-02	-0.00016048312,-0.000750692736,-0.000867144263,0.000116240844	-0.000173334673,-0.000768093567,-0.000855569029,0.000163981545
orig	28	731	new_state-22	22	262144	0	1.855642e-02	2.446890e-02	-0.000104163977,-0.000378105062,-0.000554984319,3.36412122e-05	-0.000127794614,-0.000396752293,-0.000545535178,8.87946517e-05
orig	28	732	attn_output-22	22	2048	0	1.034725e-02	8.277642e-04	-1.85945664e-05,-7.49734609e-05,7.95624874e-05,-0.000328055699	-1.97758964e-05,-7.43739074e-05,8.52397425e-05,-0.000323446788
orig	28	733	z-22	22	2048	0	1.614329e-02	1.846766e-01	1.98602104,-1.00485373,-3.8576355,-0.862671256	1.96785319,-0.992228508,-3.84607172,-0.9040277
orig	28	734	final_output-22	22	2048	0	3.025956e-02	4.610834e-02	-0.0351169631,0.0197335146,-0.0064616357,0.0770303681	-0.0368849188,0.0194879379,-0.00697305053,0.077210933
orig	28	735	linear_attn_out-22	22	1024	0	5.220077e-02	9.932794e-03	-0.338592976,-0.112842828,-0.0718225017,-0.0476904511	-0.329812139,-0.112118341,-0.0714285448,-0.0487477183
orig	28	736	attn_residual-22	22	1024	0	3.195413e-02	2.859008e-02	-4.69643211,-0.0597258732,-0.906369388,1.74977899	-4.70161724,-0.0616358258,-0.92461437,1.76096296
orig	28	737	attn_post_norm-22	22	1024	0	3.465300e-02	1.351703e-01	-16.0941563,-0.295298904,-4.40150118,6.98623943	-16.1308517,-0.305100143,-4.49537706,7.03915262
orig	28	738	ffn_out-22	22	1024	0	4.925641e-02	2.332214e-02	0.342374831,0.0170442909,0.192958355,-0.21653682	0.365696967,0.0164227821,0.193223089,-0.216910705
orig	28	739	l_out-22	22	1024	0	3.530121e-02	3.637994e-02	-4.35405731,-0.0426815823,-0.713411033,1.53324223	-4.33592033,-0.0452130437,-0.731391311,1.54405224
orig	28	740	attn_norm-23	23	1024	0	3.540081e-02	1.763691e-01	-15.6157045,-0.196005836,-3.38539028,5.93899775	-15.5949535,-0.208222479,-3.48059988,5.99790764
orig	28	741	attn_pregate-23	23	2048	0	8.440179e-03	1.092418e-01	-6.7858243,0.0836462229,0.015156053,-0.0125094298	-6.77584648,0.0813992321,0.00996597111,-0.00101535954
orig	28	742	attn_gated-23	23	2048	0	3.028149e-02	8.288717e-02	-0.741183996,0.00875442754,0.00183277368,-0.000832624035	-0.747814834,0.00843516178,0.00119748258,-6.61525628e-05
orig	28	743	attn_output-23	23	1024	0	4.585600e-02	5.239263e-02	-0.251719236,0.131044954,0.23172617,-0.170764506	-0.304111868,0.125867635,0.225074604,-0.153361067
orig	28	744	attn_residual-23	23	1024	0	3.707862e-02	3.425550e-02	-4.60577679,0.0883633718,-0.481684864,1.36247778	-4.64003229,0.0806545913,-0.506316721,1.39069116
orig	28	745	attn_post_norm-23	23	1024	0	3.883903e-02	1.514595e-01	-16.9259987,0.392541945,-1.96869886,5.20910454	-17.0350227,0.357942462,-2.06732583,5.3117137
orig	28	746	ffn_out-23	23	1024	0	3.104848e-02	8.606505e-02	3.75571513,0.233653843,0.276879907,-1.00319564	3.66965008,0.241472751,0.288529396,-1.02115726
orig	28	747	l_out-23	23	1024	0	4.024607e-02	1.203206e-01	-0.850061655,0.322017223,-0.204804957,0.359282136	-0.970382214,0.322127342,-0.217787325,0.369533896
orig	28	748	result_norm	-1	1024	0	4.020612e-02	6.054783e-01	-0.554178715,3.53569579,-2.1831367,4.27359676	-0.628623426,3.51456618,-2.30686092,4.36777735
orig	28	749	result_output	-1	248320	0	3.144156e-02	4.879951e-01	5.23470402,5.69446611,1.61072624,4.10166883	5.48065281,5.67755175,1.51921642,4.0734539
