label	pos	idx	tensor	layer	n	bit_equal	rel_l2	max_abs	llama_first4	apr_first4
p4	0	0	model.input_embed	-1	1024	1024	0.000000e+00	0.000000e+00	0.00861465931,0.012060523,0.0206751823,-0.0241210461	0.00861465931,0.012060523,0.0206751823,-0.0241210461
p4	0	1	attn_norm-0	0	1024	1024	0.000000e+00	0.000000e+00	0.804404795,0.729148924,1.48186445,-1.96639264	0.804404795,0.729148924,1.48186445,-1.96639264
p4	0	2	conv_output_silu-0	0	6144	6144	0.000000e+00	0.000000e+00	0.0151475985,-0.000458114344,0.00156917621,0.422838897	0.0151475985,-0.000458114344,0.00156917621,0.422838897
p4	0	3	q_conv_predelta-0	0	2048	2048	0.000000e+00	0.000000e+00	0.0284802243,-0.000861337816,0.00295033492,0.795013547	0.0284802243,-0.000861337816,0.00295033492,0.795013547
p4	0	4	k_conv_predelta-0	0	2048	2048	0.000000e+00	0.000000e+00	0.00106224918,0.0860972703,0.0977004319,0.000354820921	0.00106224918,0.0860972703,0.0977004319,0.000354820921
p4	0	5	v_conv_predelta-0	0	2048	2048	0.000000e+00	0.000000e+00	-0.000635103323,0.000963137485,0.000886906986,-0.00808946602	-0.000635103323,0.000963137485,0.000886906986,-0.00808946602
p4	0	6	a_softplus-0	0	16	16	0.000000e+00	0.000000e+00	3.65524697,0.000606591289,0.00199131458,6.23334169	3.65524697,0.000606591289,0.00199131458,6.23334169
p4	0	7	gate-0	0	16	16	0.000000e+00	0.000000e+00	-4.73024082,-7.95674569e-05,-0.000237828615,-3.53780437	-4.73024082,-7.95674569e-05,-0.000237828615,-3.53780437
p4	0	8	beta_sigmoid-0	0	16	16	0.000000e+00	0.000000e+00	0.583097696,0.541695356,0.753251016,0.97367245	0.583097696,0.541695356,0.753251016,0.97367245
p4	0	9	state_predelta-0	0	262144	262144	0.000000e+00	0.000000e+00	0,0,0,0	0,0,0,0
p4	0	10	new_state-0	0	262144	262144	0.000000e+00	0.000000e+00	-3.93379878e-07,-3.18841703e-05,-3.61811362e-05,-1.31399872e-07	-3.93379878e-07,-3.18841703e-05,-3.61811362e-05,-1.31399872e-07
p4	0	11	attn_output-0	0	2048	2048	0.000000e+00	0.000000e+00	1.0349617e-07,-1.56952453e-07,-1.44529963e-07,1.31825584e-06	1.0349617e-07,-1.56952453e-07,-1.44529963e-07,1.31825584e-06
p4	0	12	z-0	0	2048	2048	0.000000e+00	0.000000e+00	-0.479235053,0.140865922,0.34920913,-0.287062287	-0.479235053,0.140865922,0.34920913,-0.287062287
p4	0	13	final_output-0	0	2048	2048	0.000000e+00	0.000000e+00	-1.82688527e-05,-1.17163036e-05,-2.74584763e-05,-0.000149958025	-1.82688527e-05,-1.17163036e-05,-2.74584763e-05,-0.000149958025
p4	0	14	linear_attn_out-0	0	1024	1024	0.000000e+00	0.000000e+00	-0.249426872,0.0656647384,0.0067916438,0.00469857454	-0.249426872,0.0656647384,0.0067916438,0.00469857454
p4	0	15	attn_residual-0	0	1024	1024	0.000000e+00	0.000000e+00	-0.240812212,0.0777252614,0.0274668261,-0.0194224715	-0.240812212,0.0777252614,0.0274668261,-0.0194224715
p4	0	16	attn_post_norm-0	0	1024	1024	0.000000e+00	0.000000e+00	-4.77791166,2.8288064,1.02864087,-0.712736189	-4.77791166,2.8288064,1.02864087,-0.712736189
p4	0	17	ffn_out-0	0	1024	1024	0.000000e+00	0.000000e+00	0.0804717094,0.0927953497,0.038045492,-0.0299790148	0.0804717094,0.0927953497,0.038045492,-0.0299790148
p4	0	18	l_out-0	0	1024	1024	0.000000e+00	0.000000e+00	-0.160340503,0.170520604,0.0655123144,-0.0494014844	-0.160340503,0.170520604,0.0655123144,-0.0494014844
p4	0	19	attn_norm-1	1	1024	1024	0.000000e+00	0.000000e+00	-3.2413497,4.46672249,1.64145851,-1.32714915	-3.2413497,4.46672249,1.64145851,-1.32714915
p4	0	20	conv_output_silu-1	1	6144	6144	0.000000e+00	0.000000e+00	-0.00559159182,0.00330801494,-0.158168972,-0.231207356	-0.00559159182,0.00330801494,-0.158168972,-0.231207356
p4	0	21	q_conv_predelta-1	1	2048	2048	0.000000e+00	0.000000e+00	-0.00647618389,0.00383134396,-0.183191359,-0.267784446	-0.00647618389,0.00383134396,-0.183191359,-0.267784446
p4	0	22	k_conv_predelta-1	1	2048	2048	0.000000e+00	0.000000e+00	0.00134338893,-0.102888741,-0.00675734598,0.00253094058	0.00134338893,-0.102888741,-0.00675734598,0.00253094058
p4	0	23	v_conv_predelta-1	1	2048	2048	0.000000e+00	0.000000e+00	0.0199732278,0.00705860229,0.00145066355,0.000400472927	0.0199732278,0.00705860229,0.00145066355,0.000400472927
p4	0	24	a_softplus-1	1	16	16	0.000000e+00	0.000000e+00	1.37391865,1.2592541,3.16072679,1.58036625	1.37391865,1.2592541,3.16072679,1.58036625
p4	0	25	gate-1	1	16	16	0.000000e+00	0.000000e+00	-0.246330038,-1.35825825,-3.62025404,-0.478233665	-0.246330038,-1.35825825,-3.62025404,-0.478233665
p4	0	26	beta_sigmoid-1	1	16	16	0.000000e+00	0.000000e+00	0.958108187,0.886677265,0.90557152,0.720539868	0.958108187,0.886677265,0.90557152,0.720539868
p4	0	27	state_predelta-1	1	262144	262144	0.000000e+00	0.000000e+00	0,0,0,0	0,0,0,0
p4	0	28	new_state-1	1	262144	262144	0.000000e+00	0.000000e+00	2.57077791e-05,-0.00196893164,-0.000129312044,4.84333759e-05	2.57077791e-05,-0.00196893164,-0.000129312044,4.84333759e-05
p4	0	29	attn_output-1	1	2048	2048	0.000000e+00	0.000000e+00	0.0001789854,6.32540032e-05,1.29997807e-05,3.58874445e-06	0.0001789854,6.32540032e-05,1.29997807e-05,3.58874445e-06
p4	0	30	z-1	1	2048	2048	0.000000e+00	0.000000e+00	-4.22766209,-4.17285156,-1.04000878,0.475897104	-4.22766209,-4.17285156,-1.04000878,0.475897104
p4	0	31	final_output-1	1	2048	2048	0.000000e+00	0.000000e+00	-0.00939458981,-0.0034512803,-0.00333428569,0.00109658926	-0.00939458981,-0.0034512803,-0.00333428569,0.00109658926
p4	0	32	linear_attn_out-1	1	1024	1024	0.000000e+00	0.000000e+00	-0.466196597,-0.016215289,0.00400138274,-0.0173398815	-0.466196597,-0.016215289,0.00400138274,-0.0173398815
p4	0	33	attn_residual-1	1	1024	1024	0.000000e+00	0.000000e+00	-0.626537085,0.154305309,0.0695136935,-0.0667413622	-0.626537085,0.154305309,0.0695136935,-0.0667413622
p4	0	34	attn_post_norm-1	1	1024	1024	0.000000e+00	0.000000e+00	-6.69380999,2.59694147,1.18188632,-1.19800532	-6.69380999,2.59694147,1.18188632,-1.19800532
p4	0	35	ffn_out-1	1	1024	1024	0.000000e+00	0.000000e+00	0.456281126,0.000233195722,0.0123432875,0.0125877168	0.456281126,0.000233195722,0.0123432875,0.0125877168
p4	0	36	l_out-1	1	1024	1024	0.000000e+00	0.000000e+00	-0.170255959,0.154538512,0.0818569809,-0.0541536435	-0.170255959,0.154538512,0.0818569809,-0.0541536435
p4	0	37	attn_norm-2	2	1024	1024	0.000000e+00	0.000000e+00	-3.13030457,3.48062372,1.78014708,-1.2352432	-3.13030457,3.48062372,1.78014708,-1.2352432
p4	0	38	conv_output_silu-2	2	6144	6144	0.000000e+00	0.000000e+00	-0.0495844781,0.0192501824,0.0923690274,-0.00149168645	-0.0495844781,0.0192501824,0.0923690274,-0.00149168645
p4	0	39	q_conv_predelta-2	2	2048	2048	0.000000e+00	0.000000e+00	-0.0850164965,0.0330059566,0.158373982,-0.00255761389	-0.0850164965,0.0330059566,0.158373982,-0.00255761389
p4	0	40	k_conv_predelta-2	2	2048	2048	0.000000e+00	0.000000e+00	-0.080690816,0.00101453857,0.00064051128,-0.427813381	-0.080690816,0.00101453857,0.00064051128,-0.427813381
p4	0	41	v_conv_predelta-2	2	2048	2048	0.000000e+00	0.000000e+00	0.00318125635,-0.00973074045,0.00126899395,-0.00738393655	0.00318125635,-0.00973074045,0.00126899395,-0.00738393655
p4	0	42	a_softplus-2	2	16	16	0.000000e+00	0.000000e+00	2.95589399,0.863819838,1.42934632,2.38217902	2.95589399,0.863819838,1.42934632,2.38217902
p4	0	43	gate-2	2	16	16	0.000000e+00	0.000000e+00	-2.65353036,-0.243651569,-0.425827771,-1.55618036	-2.65353036,-0.243651569,-0.425827771,-1.55618036
p4	0	44	beta_sigmoid-2	2	16	16	0.000000e+00	0.000000e+00	0.843373001,0.96635437,0.672357023,0.742931783	0.843373001,0.96635437,0.672357023,0.742931783
p4	0	45	state_predelta-2	2	262144	262144	0.000000e+00	0.000000e+00	0,0,0,0	0,0,0,0
p4	0	46	new_state-2	2	262144	262144	0.000000e+00	0.000000e+00	-0.000216492306,2.72199259e-06,1.71848262e-06,-0.00114781724	-0.000216492306,2.72199259e-06,1.71848262e-06,-0.00114781724
p4	0	47	attn_output-2	2	2048	2048	0.000000e+00	0.000000e+00	3.80199822e-06,-1.16294495e-05,1.51660629e-06,-8.82472432e-06	3.80199822e-06,-1.16294495e-05,1.51660629e-06,-8.82472432e-06
p4	0	48	z-2	2	2048	2048	0.000000e+00	0.000000e+00	-0.0567511916,0.066301465,-1.2156136,1.05728281	-0.0567511916,0.066301465,-1.2156136,1.05728281
p4	0	49	final_output-2	2	2048	2048	0.000000e+00	0.000000e+00	-0.000106956257,-0.000264043949,-0.000384755142,-0.00675244676	-0.000106956257,-0.000264043949,-0.000384755142,-0.00675244676
p4	0	50	linear_attn_out-2	2	1024	1024	0.000000e+00	0.000000e+00	-1.09250832,0.00295895012,-0.0191954393,-0.0211988762	-1.09250832,0.00295895012,-0.0191954393,-0.0211988762
p4	0	51	attn_residual-2	2	1024	1024	0.000000e+00	0.000000e+00	-1.26276422,0.157497466,0.0626615435,-0.0753525198	-1.26276422,0.157497466,0.0626615435,-0.0753525198
p4	0	52	attn_post_norm-2	2	1024	1024	0.000000e+00	0.000000e+00	-11.9678469,2.34431219,0.946789086,-1.13497794	-11.9678469,2.34431219,0.946789086,-1.13497794
p4	0	53	ffn_out-2	2	1024	1024	0.000000e+00	0.000000e+00	0.0979637504,0.00773434481,-0.0161840878,-0.0237000175	0.0979637504,0.00773434481,-0.0161840878,-0.0237000175
p4	0	54	l_out-2	2	1024	1024	0.000000e+00	0.000000e+00	-1.16480041,0.165231809,0.0464774556,-0.0990525335	-1.16480041,0.165231809,0.0464774556,-0.0990525335
p4	0	55	attn_norm-3	3	1024	1024	0.000000e+00	0.000000e+00	-18.5056858,3.13385105,0.796793044,-1.79083502	-18.5056858,3.13385105,0.796793044,-1.79083502
p4	0	56	attn_pregate-3	3	2048	2048	0.000000e+00	0.000000e+00	0.208644763,-0.168411896,0.277770221,0.0260311589	0.208644763,-0.168411896,0.277770221,0.0260311589
p4	0	57	attn_gated-3	3	2048	2048	0.000000e+00	0.000000e+00	0.00828528777,-0.0068817935,0.0136747127,0.000880656764	0.00828528777,-0.0068817935,0.0136747127,0.000880656764
p4	0	58	attn_output-3	3	1024	1024	0.000000e+00	0.000000e+00	-0.132133871,0.00677717663,0.00432735309,-0.0235974491	-0.132133871,0.00677717663,0.00432735309,-0.0235974491
p4	0	59	attn_residual-3	3	1024	1024	0.000000e+00	0.000000e+00	-1.29693425,0.172008991,0.0508048087,-0.122649983	-1.29693425,0.172008991,0.0508048087,-0.122649983
p4	0	60	attn_post_norm-3	3	1024	1024	0.000000e+00	0.000000e+00	-12.834938,2.54925442,0.775582612,-1.88860881	-12.834938,2.54925442,0.775582612,-1.88860881
p4	0	61	ffn_out-3	3	1024	1024	0.000000e+00	0.000000e+00	1.09847665,-0.0151844015,-0.0394638143,-0.042871058	1.09847665,-0.0151844015,-0.0394638143,-0.042871058
p4	0	62	l_out-3	3	1024	1024	0.000000e+00	0.000000e+00	-0.198457599,0.156824589,0.0113409944,-0.165521041	-0.198457599,0.156824589,0.0113409944,-0.165521041
p4	0	63	attn_norm-4	4	1024	1024	0.000000e+00	0.000000e+00	-2.26533675,2.36103892,0.159129754,-2.55473661	-2.26533675,2.36103892,0.159129754,-2.55473661
p4	0	64	conv_output_silu-4	4	6144	6144	0.000000e+00	0.000000e+00	0.00287973788,-0.0302877408,0.0316320397,-0.116305888	0.00287973788,-0.0302877408,0.0316320397,-0.116305888
p4	0	65	q_conv_predelta-4	4	2048	2048	0.000000e+00	0.000000e+00	0.00248446385,-0.0261304323,0.0272902139,-0.100341685	0.00248446385,-0.0261304323,0.0272902139,-0.100341685
p4	0	66	k_conv_predelta-4	4	2048	2048	0.000000e+00	0.000000e+00	0.00165889808,-0.218412086,0.0329773836,-0.0131385354	0.00165889808,-0.218412086,0.0329773836,-0.0131385354
p4	0	67	v_conv_predelta-4	4	2048	2048	0.000000e+00	0.000000e+00	0.00944972131,-6.14294113e-05,-0.000586590788,-7.20890821e-05	0.00944972131,-6.14294113e-05,-0.000586590788,-7.20890821e-05
p4	0	68	a_softplus-4	4	16	16	0.000000e+00	0.000000e+00	0.108713917,1.59407103,0.0646035001,1.05245447	0.108713917,1.59407103,0.0646035001,1.05245447
p4	0	69	gate-4	4	16	16	0.000000e+00	0.000000e+00	-0.0453187041,-1.54880333,-0.0203283932,-0.552442372	-0.0453187041,-1.54880333,-0.0203283932,-0.552442372
p4	0	70	beta_sigmoid-4	4	16	16	0.000000e+00	0.000000e+00	0.677617431,0.862892807,0.954500675,0.704203188	0.677617431,0.862892807,0.954500675,0.704203188
p4	0	71	state_predelta-4	4	262144	262144	0.000000e+00	0.000000e+00	0,0,0,0	0,0,0,0
p4	0	72	new_state-4	4	262144	262144	0.000000e+00	0.000000e+00	1.06224152e-05,-0.00139855721,0.000211163948,-8.41299261e-05	1.06224152e-05,-0.00139855721,0.000211163948,-8.41299261e-05
p4	0	73	attn_output-4	4	2048	2048	0.000000e+00	0.000000e+00	2.19308513e-05,-1.42564986e-07,-1.361356e-06,-1.67303881e-07	2.19308513e-05,-1.42564986e-07,-1.361356e-06,-1.67303881e-07
p4	0	74	z-4	4	2048	2048	0.000000e+00	0.000000e+00	1.49524474,-1.18054867,-0.0483585,0.564092755	1.49524474,-1.18054867,-0.0483585,0.564092755
p4	0	75	final_output-4	4	2048	2048	0.000000e+00	0.000000e+00	0.0235361159,4.1788775e-05,2.69551183e-05,-5.71055389e-05	0.0235361159,4.1788775e-05,2.69551183e-05,-5.71055389e-05
p4	0	76	linear_attn_out-4	4	1024	1024	0.000000e+00	0.000000e+00	-0.0683432594,0.0219870172,0.00173766306,0.0160019454	-0.0683432594,0.0219870172,0.00173766306,0.0160019454
p4	0	77	attn_residual-4	4	1024	1024	0.000000e+00	0.000000e+00	-0.266800851,0.17881161,0.0130786579,-0.149519101	-0.266800851,0.17881161,0.0130786579,-0.149519101
p4	0	78	attn_post_norm-4	4	1024	1024	0.000000e+00	0.000000e+00	-2.08026028,2.0374229,0.146558255,-1.76420021	-2.08026028,2.0374229,0.146558255,-1.76420021
p4	0	79	ffn_out-4	4	1024	1024	0.000000e+00	0.000000e+00	0.0737441182,0.00332881627,0.0170618519,0.0159145016	0.0737441182,0.00332881627,0.0170618519,0.0159145016
p4	0	80	l_out-4	4	1024	1024	0.000000e+00	0.000000e+00	-0.193056732,0.182140425,0.0301405098,-0.133604601	-0.193056732,0.182140425,0.0301405098,-0.133604601
p4	0	81	attn_norm-5	5	1024	1024	0.000000e+00	0.000000e+00	-2.11806178,2.69112134,0.414175779,-2.06605744	-2.11806178,2.69112134,0.414175779,-2.06605744
p4	0	82	conv_output_silu-5	5	6144	6144	0.000000e+00	0.000000e+00	-0.0831810236,-0.101966873,-0.0301261842,-0.219639778	-0.0831810236,-0.101966873,-0.0301261842,-0.219639778
p4	0	83	q_conv_predelta-5	5	2048	2048	0.000000e+00	0.000000e+00	-0.0788058043,-0.0966035351,-0.0285415854,-0.208086997	-0.0788058043,-0.0966035351,-0.0285415854,-0.208086997
p4	0	84	k_conv_predelta-5	5	2048	2048	0.000000e+00	0.000000e+00	0.000349653012,-0.00161127909,0.277311355,-0.00678436272	0.000349653012,-0.00161127909,0.277311355,-0.00678436272
p4	0	85	v_conv_predelta-5	5	2048	2048	0.000000e+00	0.000000e+00	1.50620808e-05,0.000382675091,-0.00291267945,-8.66503178e-05	1.50620808e-05,0.000382675091,-0.00291267945,-8.66503178e-05
p4	0	86	a_softplus-5	5	16	16	0.000000e+00	0.000000e+00	0.0821074769,0.565568089,1.22268176,0.0116748894	0.0821074769,0.565568089,1.22268176,0.0116748894
p4	0	87	gate-5	5	16	16	0.000000e+00	0.000000e+00	-0.0627085567,-0.0686111972,-0.311567008,-0.00488586631	-0.0627085567,-0.0686111972,-0.311567008,-0.00488586631
p4	0	88	beta_sigmoid-5	5	16	16	0.000000e+00	0.000000e+00	0.918922782,0.990156412,0.825428128,0.980775595	0.918922782,0.990156412,0.825428128,0.980775595
p4	0	89	state_predelta-5	5	262144	262144	0.000000e+00	0.000000e+00	0,0,0,0	0,0,0,0
p4	0	90	new_state-5	5	262144	262144	0.000000e+00	0.000000e+00	4.83950879e-09,-2.23015366e-08,3.8382359e-06,-9.39016118e-08	4.83950879e-09,-2.23015366e-08,3.8382359e-06,-9.39016118e-08
p4	0	91	attn_output-5	5	2048	2048	0.000000e+00	0.000000e+00	-2.50157477e-08,-6.3556314e-07,4.83750273e-06,1.43912558e-07	-2.50157477e-08,-6.3556314e-07,4.83750273e-06,1.43912558e-07
p4	0	92	z-5	5	2048	2048	0.000000e+00	0.000000e+00	0.903356671,1.13450646,-0.201255262,-0.255754113	0.903356671,1.13450646,-0.201255262,-0.255754113
p4	0	93	final_output-5	5	2048	2048	0.000000e+00	0.000000e+00	-1.54382869e-05,-0.000504605356,-0.000429096312,-1.55785237e-05	-1.54382869e-05,-0.000504605356,-0.000429096312,-1.55785237e-05
p4	0	94	linear_attn_out-5	5	1024	1024	0.000000e+00	0.000000e+00	-0.0322286785,-0.0211507585,0.00222104043,-0.00874574482	-0.0322286785,-0.0211507585,0.00222104043,-0.00874574482
p4	0	95	attn_residual-5	5	1024	1024	0.000000e+00	0.000000e+00	-0.225285411,0.160989672,0.0323615521,-0.142350346	-0.225285411,0.160989672,0.0323615521,-0.142350346
p4	0	96	attn_post_norm-5	5	1024	1024	0.000000e+00	0.000000e+00	-1.706182,1.83272791,0.349925697,-1.70525146	-1.706182,1.83272791,0.349925697,-1.70525146
p4	0	97	ffn_out-5	5	1024	1024	0.000000e+00	0.000000e+00	0.01606372,-0.0110914949,0.0312921517,0.0320992321	0.01606372,-0.0110914949,0.0312921517,0.0320992321
p4	0	98	l_out-5	5	1024	1024	0.000000e+00	0.000000e+00	-0.209221691,0.149898171,0.0636537075,-0.110251114	-0.209221691,0.149898171,0.0636537075,-0.110251114
p4	0	99	attn_norm-6	6	1024	1024	0.000000e+00	0.000000e+00	-2.28993845,2.12594175,0.872888446,-1.65638471	-2.28993845,2.12594175,0.872888446,-1.65638471
p4	0	100	conv_output_silu-6	6	6144	6144	0.000000e+00	0.000000e+00	-0.0118301194,0.135970637,0.0484864824,-0.0683801174	-0.0118301194,0.135970637,0.0484864824,-0.0683801174
p4	0	101	q_conv_predelta-6	6	2048	2048	0.000000e+00	0.000000e+00	-0.00705961697,0.081140399,0.0289342795,-0.0408057943	-0.00705961697,0.081140399,0.0289342795,-0.0408057943
p4	0	102	k_conv_predelta-6	6	2048	2048	0.000000e+00	0.000000e+00	-0.00746137556,0.00954085775,-0.0139252432,0.0320438333	-0.00746137556,0.00954085775,-0.0139252432,0.0320438333
p4	0	103	v_conv_predelta-6	6	2048	2048	0.000000e+00	0.000000e+00	-3.39224971e-05,0.000103051352,2.41575635e-05,1.5774116e-05	-3.39224971e-05,0.000103051352,2.41575635e-05,1.5774116e-05
p4	0	104	a_softplus-6	6	16	16	0.000000e+00	0.000000e+00	0.167408228,0.274803162,1.78523827,0.162356123	0.167408228,0.274803162,1.78523827,0.162356123
p4	0	105	gate-6	6	16	16	0.000000e+00	0.000000e+00	-0.0304873027,-0.204216361,-0.544466913,-0.0900124907	-0.0304873027,-0.204216361,-0.544466913,-0.0900124907
p4	0	106	beta_sigmoid-6	6	16	16	0.000000e+00	0.000000e+00	0.930817902,0.597514987,0.90008986,0.868772566	0.930817902,0.597514987,0.90008986,0.868772566
p4	0	107	state_predelta-6	6	262144	262144	0.000000e+00	0.000000e+00	0,0,0,0	0,0,0,0
p4	0	108	new_state-6	6	262144	262144	0.000000e+00	0.000000e+00	2.35597909e-07,-3.0125895e-07,4.39698823e-07,-1.01180535e-06	2.35597909e-07,-3.0125895e-07,4.39698823e-07,-1.01180535e-06
p4	0	109	attn_output-6	6	2048	2048	0.000000e+00	0.000000e+00	-1.67303156e-07,5.08241385e-07,1.19143259e-07,7.77967344e-08	-1.67303156e-07,5.08241385e-07,1.19143259e-07,7.77967344e-08
p4	0	110	z-6	6	2048	2048	0.000000e+00	0.000000e+00	0.0973483324,0.36149919,1.4299202,1.59676278	0.0973483324,0.36149919,1.4299202,1.59676278
p4	0	111	final_output-6	6	2048	2048	0.000000e+00	0.000000e+00	-7.25507607e-06,0.000105724757,0.000132665256,0.000107459586	-7.25507607e-06,0.000105724757,0.000132665256,0.000107459586
p4	0	112	linear_attn_out-6	6	1024	1024	0.000000e+00	0.000000e+00	-0.582322001,0.0124833938,-0.433831096,-0.214487329	-0.582322001,0.0124833938,-0.433831096,-0.214487329
p4	0	113	attn_residual-6	6	1024	1024	0.000000e+00	0.000000e+00	-0.791543722,0.16238156,-0.370177388,-0.324738443	-0.791543722,0.16238156,-0.370177388,-0.324738443
p4	0	114	attn_post_norm-6	6	1024	1024	0.000000e+00	0.000000e+00	-1.80246925,0.45295161,-1.01932216,-0.926774085	-1.80246925,0.45295161,-1.01932216,-0.926774085
p4	0	115	ffn_out-6	6	1024	1024	0.000000e+00	0.000000e+00	0.163929909,-0.000286351889,-0.00994288363,0.0604319461	0.163929909,-0.000286351889,-0.00994288363,0.0604319461
p4	0	116	l_out-6	6	1024	1024	0.000000e+00	0.000000e+00	-0.627613783,0.162095204,-0.380120277,-0.264306486	-0.627613783,0.162095204,-0.380120277,-0.264306486
p4	0	117	attn_norm-7	7	1024	1024	0.000000e+00	0.000000e+00	-1.60707176,0.441070318,-1.06813657,-0.862777591	-1.60707176,0.441070318,-1.06813657,-0.862777591
p4	0	118	attn_pregate-7	7	2048	2048	0.000000e+00	0.000000e+00	-0.0924450308,0.150094211,-0.753982186,0.134367302	-0.0924450308,0.150094211,-0.753982186,0.134367302
p4	0	119	attn_gated-7	7	2048	2048	0.000000e+00	0.000000e+00	-0.0413280539,0.0662133768,-0.592255533,0.077137202	-0.0413280539,0.0662133768,-0.592255533,0.077137202
p4	0	120	attn_output-7	7	1024	1024	0.000000e+00	0.000000e+00	0.606915355,-0.0231537148,0.304088593,-0.027007591	0.606915355,-0.0231537148,0.304088593,-0.027007591
p4	0	121	attn_residual-7	7	1024	1024	0.000000e+00	0.000000e+00	-0.0206984282,0.138941497,-0.0760316849,-0.291314065	-0.0206984282,0.138941497,-0.0760316849,-0.291314065
p4	0	122	attn_post_norm-7	7	1024	1024	0.000000e+00	0.000000e+00	-0.0588460676,0.575226009,-0.303528786,-1.25493038	-0.0588460676,0.575226009,-0.303528786,-1.25493038
p4	0	123	ffn_out-7	7	1024	1024	0.000000e+00	0.000000e+00	-0.172659919,-0.0191443264,0.0117164608,0.0939309373	-0.172659919,-0.0191443264,0.0117164608,0.0939309373
p4	0	124	l_out-7	7	1024	1024	0.000000e+00	0.000000e+00	-0.193358347,0.11979717,-0.0643152222,-0.197383136	-0.193358347,0.11979717,-0.0643152222,-0.197383136
p4	0	125	attn_norm-8	8	1024	1024	0.000000e+00	0.000000e+00	-0.993710637,0.728334188,-0.354833603,-1.28954124	-0.993710637,0.728334188,-0.354833603,-1.28954124
p4	0	126	conv_output_silu-8	8	6144	6144	0.000000e+00	0.000000e+00	0.0841539279,-0.00981122814,-0.00118449458,-0.0881424546	0.0841539279,-0.00981122814,-0.00118449458,-0.0881424546
p4	0	127	q_conv_predelta-8	8	2048	2048	0.000000e+00	0.000000e+00	0.0690161139,-0.00804636069,-0.000971424859,-0.0722871721	0.0690161139,-0.00804636069,-0.000971424859,-0.0722871721
p4	0	128	k_conv_predelta-8	8	2048	2048	0.000000e+00	0.000000e+00	0.0737940818,0.0169603098,0.183163315,0.00758593809	0.0737940818,0.0169603098,0.183163315,0.00758593809
p4	0	129	v_conv_predelta-8	8	2048	2048	0.000000e+00	0.000000e+00	0.00152003579,0.00144625211,0.00211885944,-0.00100592338	0.00152003579,0.00144625211,0.00211885944,-0.00100592338
p4	0	130	a_softplus-8	8	16	16	0.000000e+00	0.000000e+00	2.47310996,0.160218522,0.124911927,0.54169935	2.47310996,0.160218522,0.124911927,0.54169935
p4	0	131	gate-8	8	16	16	0.000000e+00	0.000000e+00	-0.868143201,-0.0455461517,-0.0372134931,-0.0817843676	-0.868143201,-0.0455461517,-0.0372134931,-0.0817843676
p4	0	132	beta_sigmoid-8	8	16	16	0.000000e+00	0.000000e+00	0.975863099,0.88569361,0.985879123,0.978078187	0.975863099,0.88569361,0.985879123,0.978078187
p4	0	133	state_predelta-8	8	262144	262144	0.000000e+00	0.000000e+00	0,0,0,0	0,0,0,0
p4	0	134	new_state-8	8	262144	262144	0.000000e+00	0.000000e+00	0.000109462213,2.51580204e-05,0.000271694706,1.12525768e-05	0.000109462213,2.51580204e-05,0.000271694706,1.12525768e-05
p4	0	135	attn_output-8	8	2048	2048	0.000000e+00	0.000000e+00	2.3342338e-05,2.2209284e-05,3.25381407e-05,-1.54474019e-05	2.3342338e-05,2.2209284e-05,3.25381407e-05,-1.54474019e-05
p4	0	136	z-8	8	2048	2048	0.000000e+00	0.000000e+00	-0.0985240042,-0.378494978,1.00863421,0.209284782	-0.0985240042,-0.378494978,1.00863421,0.209284782
p4	0	137	final_output-8	8	2048	2048	0.000000e+00	0.000000e+00	-0.00100727752,-0.00222537294,0.0241030548,-0.00134871097	-0.00100727752,-0.00222537294,0.0241030548,-0.00134871097
p4	0	138	linear_attn_out-8	8	1024	1024	0.000000e+00	0.000000e+00	0.0256817117,0.0148785124,-0.0138804037,-0.00545597449	0.0256817117,0.0148785124,-0.0138804037,-0.00545597449
p4	0	139	attn_residual-8	8	1024	1024	0.000000e+00	0.000000e+00	-0.167676628,0.134675682,-0.0781956241,-0.202839106	-0.167676628,0.134675682,-0.0781956241,-0.202839106
p4	0	140	attn_post_norm-8	8	1024	1024	0.000000e+00	0.000000e+00	-0.535484135,0.623748779,-0.34974134,-1.03016961	-0.535484135,0.623748779,-0.34974134,-1.03016961
p4	0	141	ffn_out-8	8	1024	1024	0.000000e+00	0.000000e+00	0.326063335,0.000709315762,0.0220186822,0.032424558	0.326063335,0.000709315762,0.0220186822,0.032424558
p4	0	142	l_out-8	8	1024	1024	0.000000e+00	0.000000e+00	0.158386707,0.135384992,-0.0561769418,-0.170414552	0.158386707,0.135384992,-0.0561769418,-0.170414552
p4	0	143	attn_norm-9	9	1024	1024	0.000000e+00	0.000000e+00	0.740649283,0.770065725,-0.314756483,-1.14752734	0.740649283,0.770065725,-0.314756483,-1.14752734
p4	0	144	conv_output_silu-9	9	6144	6144	0.000000e+00	0.000000e+00	0.00550174899,-0.123704694,-0.244472265,-0.0464881621	0.00550174899,-0.123704694,-0.244472265,-0.0464881621
p4	0	145	q_conv_predelta-9	9	2048	2048	0.000000e+00	0.000000e+00	0.00470067002,-0.105692744,-0.208876029,-0.0397192799	0.00470067002,-0.105692744,-0.208876029,-0.0397192799
p4	0	146	k_conv_predelta-9	9	2048	2048	0.000000e+00	0.000000e+00	-0.0560228713,0.0774714798,-0.0181958005,-7.76348388e-05	-0.0560228713,0.0774714798,-0.0181958005,-7.76348388e-05
p4	0	147	v_conv_predelta-9	9	2048	2048	0.000000e+00	0.000000e+00	0.000319806626,-0.000680625555,3.6262114e-05,0.00185624999	0.000319806626,-0.000680625555,3.6262114e-05,0.00185624999
p4	0	148	a_softplus-9	9	16	16	0.000000e+00	0.000000e+00	0.26292178,1.06156111,0.0651986226,5.6563592	0.26292178,1.06156111,0.0651986226,5.6563592
p4	0	149	gate-9	9	16	16	0.000000e+00	0.000000e+00	-0.106645778,-0.144793466,-0.0221827142,-1.04632127	-0.106645778,-0.144793466,-0.0221827142,-1.04632127
p4	0	150	beta_sigmoid-9	9	16	16	0.000000e+00	0.000000e+00	0.997082651,0.999519944,8.06275366e-08,0.939084828	0.997082651,0.999519944,8.06275366e-08,0.939084828
p4	0	151	state_predelta-9	9	262144	262144	0.000000e+00	0.000000e+00	0,0,0,0	0,0,0,0
p4	0	152	new_state-9	9	262144	262144	0.000000e+00	0.000000e+00	-1.78642167e-05,2.47036132e-05,-5.80216101e-06,-2.47557033e-08	-1.78642167e-05,2.47036132e-05,-5.80216101e-06,-2.47557033e-08
p4	0	153	attn_output-9	9	2048	2048	0.000000e+00	0.000000e+00	-1.98226502e-08,4.21874589e-08,-2.24764918e-09,-1.15056743e-07	-1.98226502e-08,4.21874589e-08,-2.24764918e-09,-1.15056743e-07
p4	0	154	z-9	9	2048	2048	0.000000e+00	0.000000e+00	-0.0287249088,-0.567698479,0.461937904,-0.103290439	-0.0287249088,-0.567698479,0.461937904,-0.103290439
p4	0	155	final_output-9	9	2048	2048	0.000000e+00	0.000000e+00	3.06782766e-07,-8.98787221e-06,-6.83604071e-07,5.57806288e-06	3.06782766e-07,-8.98787221e-06,-6.83604071e-07,5.57806288e-06
p4	0	156	linear_attn_out-9	9	1024	1024	0.000000e+00	0.000000e+00	-0.17082867,-0.00940968283,-0.0110364091,-0.008922345	-0.17082867,-0.00940968283,-0.0110364091,-0.008922345
p4	0	157	attn_residual-9	9	1024	1024	0.000000e+00	0.000000e+00	-0.012441963,0.125975311,-0.067213349,-0.179336891	-0.012441963,0.125975311,-0.067213349,-0.179336891
p4	0	158	attn_post_norm-9	9	1024	1024	0.000000e+00	0.000000e+00	-0.0407423787,0.577739775,-0.297623903,-0.930139422	-0.0407423787,0.577739775,-0.297623903,-0.930139422
p4	0	159	ffn_out-9	9	1024	1024	0.000000e+00	0.000000e+00	0.0277954005,-0.0092399912,0.00719979731,0.00458307005	0.0277954005,-0.0092399912,0.00719979731,0.00458307005
p4	0	160	l_out-9	9	1024	1024	0.000000e+00	0.000000e+00	0.0153534375,0.116735317,-0.0600135513,-0.174753815	0.0153534375,0.116735317,-0.0600135513,-0.174753815
p4	0	161	attn_norm-10	10	1024	1024	0.000000e+00	0.000000e+00	0.079258278,0.627852082,-0.345092624,-1.08345413	0.079258278,0.627852082,-0.345092624,-1.08345413
p4	0	162	conv_output_silu-10	10	6144	6144	0.000000e+00	0.000000e+00	0.00398805318,0.00613736687,0.0104613258,-0.0788519904	0.00398805318,0.00613736687,0.0104613258,-0.0788519904
p4	0	163	q_conv_predelta-10	10	2048	2048	0.000000e+00	0.000000e+00	0.0154101113,0.0237152074,0.0404232778,-0.304689497	0.0154101113,0.0237152074,0.0404232778,-0.304689497
p4	0	164	k_conv_predelta-10	10	2048	2048	0.000000e+00	0.000000e+00	0.0670372993,0.0606693588,0.0561091378,0.105654202	0.0670372993,0.0606693588,0.0561091378,0.105654202
p4	0	165	v_conv_predelta-10	10	2048	2048	0.000000e+00	0.000000e+00	0.003558442,0.00115808565,-0.00426465645,-0.00371701038	0.003558442,0.00115808565,-0.00426465645,-0.00371701038
p4	0	166	a_softplus-10	10	16	16	0.000000e+00	0.000000e+00	1.04042971,0.0136279445,6.66927052,4.61354113	1.04042971,0.0136279445,6.66927052,4.61354113
p4	0	167	gate-10	10	16	16	0.000000e+00	0.000000e+00	-0.796168566,-0.0790384859,-2.06604362,-0.944649041	-0.796168566,-0.0790384859,-2.06604362,-0.944649041
p4	0	168	beta_sigmoid-10	10	16	16	0.000000e+00	0.000000e+00	0.948028266,0.968971789,0.883738935,0.994519174	0.948028266,0.968971789,0.883738935,0.994519174
p4	0	169	state_predelta-10	10	262144	262144	0.000000e+00	0.000000e+00	0,0,0,0	0,0,0,0
p4	0	170	new_state-10	10	262144	262144	0.000000e+00	0.000000e+00	0.000226150572,0.000204668308,0.000189284387,0.000356424833	0.000226150572,0.000204668308,0.000189284387,0.000356424833
p4	0	171	attn_output-10	10	2048	2048	0.000000e+00	0.000000e+00	4.44583275e-05,1.44688465e-05,-5.32816011e-05,-4.64394398e-05	4.44583275e-05,1.44688465e-05,-5.32816011e-05,-4.64394398e-05
p4	0	172	z-10	10	2048	2048	0.000000e+00	0.000000e+00	1.0535661,1.12115407,1.2693212,1.3052913	1.0535661,1.12115407,1.2693212,1.3052913
p4	0	173	final_output-10	10	2048	2048	0.000000e+00	0.000000e+00	0.0311578419,0.0130473105,-0.0513571352,-0.0486933477	0.0311578419,0.0130473105,-0.0513571352,-0.0486933477
p4	0	174	linear_attn_out-10	10	1024	1024	0.000000e+00	0.000000e+00	-0.410839736,-0.0224290341,-0.0298555642,-0.00652544945	-0.410839736,-0.0224290341,-0.0298555642,-0.00652544945
p4	0	175	attn_residual-10	10	1024	1024	0.000000e+00	0.000000e+00	-0.395486295,0.0943062827,-0.0898691118,-0.181279272	-0.395486295,0.0943062827,-0.0898691118,-0.181279272
p4	0	176	attn_post_norm-10	10	1024	1024	0.000000e+00	0.000000e+00	-1.45170832,0.427321106,-0.40590778,-0.874918401	-1.45170832,0.427321106,-0.40590778,-0.874918401
p4	0	177	ffn_out-10	10	1024	1024	0.000000e+00	0.000000e+00	-0.178529993,-0.00293818302,0.013532619,-0.0334991999	-0.178529993,-0.00293818302,0.013532619,-0.0334991999
p4	0	178	l_out-10	10	1024	1024	0.000000e+00	0.000000e+00	-0.574016273,0.0913681015,-0.0763364956,-0.214778468	-0.574016273,0.0913681015,-0.0763364956,-0.214778468
p4	0	179	attn_norm-11	11	1024	1024	0.000000e+00	0.000000e+00	-2.31128788,0.383719921,-0.342371851,-1.06219804	-2.31128788,0.383719921,-0.342371851,-1.06219804
p4	0	180	attn_pregate-11	11	2048	2048	0.000000e+00	0.000000e+00	0.317912698,0.16163069,0.155247793,-0.142066777	0.317912698,0.16163069,0.155247793,-0.142066777
p4	0	181	attn_gated-11	11	2048	2048	0.000000e+00	0.000000e+00	0.28658092,0.0567942187,0.0867285281,-0.0431167968	0.28658092,0.0567942187,0.0867285281,-0.0431167968
p4	0	182	attn_output-11	11	1024	1024	0.000000e+00	0.000000e+00	0.479531884,0.00335177034,0.147265539,0.150307998	0.479531884,0.00335177034,0.147265539,0.150307998
p4	0	183	attn_residual-11	11	1024	1024	0.000000e+00	0.000000e+00	-0.0944843888,0.0947198719,0.070929043,-0.06447047	-0.0944843888,0.0947198719,0.070929043,-0.06447047
p4	0	184	attn_post_norm-11	11	1024	1024	0.000000e+00	0.000000e+00	-0.466582626,0.663585544,0.474170983,-0.464029014	-0.466582626,0.663585544,0.474170983,-0.464029014
p4	0	185	ffn_out-11	11	1024	1024	0.000000e+00	0.000000e+00	0.120049164,-0.00567574846,0.0186890736,0.00477894116	0.120049164,-0.00567574846,0.0186890736,0.00477894116
p4	0	186	l_out-11	11	1024	1024	0.000000e+00	0.000000e+00	0.0255647749,0.0890441239,0.0896181166,-0.0596915297	0.0255647749,0.0890441239,0.0896181166,-0.0596915297
p4	0	187	attn_norm-12	12	1024	1024	0.000000e+00	0.000000e+00	0.249392107,0.980053127,1.02764142,-0.731207788	0.249392107,0.980053127,1.02764142,-0.731207788
p4	0	188	conv_output_silu-12	12	6144	6144	0.000000e+00	0.000000e+00	-0.0227191634,-0.104206994,0.0182637479,0.0374702476	-0.0227191634,-0.104206994,0.0182637479,0.0374702476
p4	0	189	q_conv_predelta-12	12	2048	2048	0.000000e+00	0.000000e+00	-0.0131268846,-0.0602096654,0.0105525944,0.021649899	-0.0131268846,-0.0602096654,0.0105525944,0.021649899
p4	0	190	k_conv_predelta-12	12	2048	2048	0.000000e+00	0.000000e+00	-0.00951877609,0.00133787072,-0.000693053938,-0.00612819334	-0.00951877609,0.00133787072,-0.000693053938,-0.00612819334
p4	0	191	v_conv_predelta-12	12	2048	2048	0.000000e+00	0.000000e+00	-0.00112512219,0.00126778742,0.00015907544,-0.000305970258	-0.00112512219,0.00126778742,0.00015907544,-0.000305970258
p4	0	192	a_softplus-12	12	16	16	0.000000e+00	0.000000e+00	0.300565183,2.517241,3.04856205,0.643720806	0.300565183,2.517241,3.04856205,0.643720806
p4	0	193	gate-12	12	16	16	0.000000e+00	0.000000e+00	-0.0605883189,-1.48560143,-0.316334516,-0.182993859	-0.0605883189,-1.48560143,-0.316334516,-0.182993859
p4	0	194	beta_sigmoid-12	12	16	16	0.000000e+00	0.000000e+00	0.979334116,0.858416557,0.961678028,0.859583199	0.979334116,0.858416557,0.961678028,0.859583199
p4	0	195	state_predelta-12	12	262144	262144	0.000000e+00	0.000000e+00	0,0,0,0	0,0,0,0
p4	0	196	new_state-12	12	262144	262144	0.000000e+00	0.000000e+00	1.04884593e-05,-1.4741604e-06,7.63655748e-07,6.75247566e-06	1.04884593e-05,-1.4741604e-06,7.63655748e-07,6.75247566e-06
p4	0	197	attn_output-12	12	2048	2048	0.000000e+00	0.000000e+00	-9.93948379e-06,1.1199807e-05,1.40529426e-06,-2.70298301e-06	-9.93948379e-06,1.1199807e-05,1.40529426e-06,-2.70298301e-06
p4	0	198	z-12	12	2048	2048	0.000000e+00	0.000000e+00	0.488871098,-0.216558158,1.38514912,-0.248447031	0.488871098,-0.216558158,1.38514912,-0.248447031
p4	0	199	final_output-12	12	2048	2048	0.000000e+00	0.000000e+00	-0.00265131937,-0.000999837182,0.001135397,0.000267912488	-0.00265131937,-0.000999837182,0.001135397,0.000267912488
p4	0	200	linear_attn_out-12	12	1024	1024	0.000000e+00	0.000000e+00	-0.0328301042,0.0153150856,0.00322440825,0.0075121969	-0.0328301042,0.0153150856,0.00322440825,0.0075121969
p4	0	201	attn_residual-12	12	1024	1024	0.000000e+00	0.000000e+00	-0.00726532936,0.10435921,0.0928425267,-0.0521793328	-0.00726532936,0.10435921,0.0928425267,-0.0521793328
p4	0	202	attn_post_norm-12	12	1024	1024	0.000000e+00	0.000000e+00	-0.0470381156,1.04541743,0.850800574,-0.512201428	-0.0470381156,1.04541743,0.850800574,-0.512201428
p4	0	203	ffn_out-12	12	1024	1024	0.000000e+00	0.000000e+00	-0.0610569641,-0.0224509127,-0.000427138526,-0.0120192822	-0.0610569641,-0.0224509127,-0.000427138526,-0.0120192822
p4	0	204	l_out-12	12	1024	1024	0.000000e+00	0.000000e+00	-0.0683222935,0.0819083005,0.0924153849,-0.0641986132	-0.0683222935,0.0819083005,0.0924153849,-0.0641986132
p4	0	205	attn_norm-13	13	1024	1024	0.000000e+00	0.000000e+00	-0.765304863,1.04001784,1.19534755,-0.925244272	-0.765304863,1.04001784,1.19534755,-0.925244272
p4	0	206	conv_output_silu-13	13	6144	6144	0.000000e+00	0.000000e+00	-0.0101590352,0.108969547,0.0324024186,-0.00662516477	-0.0101590352,0.108969547,0.0324024186,-0.00662516477
p4	0	207	q_conv_predelta-13	13	2048	2048	0.000000e+00	0.000000e+00	-0.00806564279,0.0865150541,0.0257255062,-0.00525996927	-0.00806564279,0.0865150541,0.0257255062,-0.00525996927
p4	0	208	k_conv_predelta-13	13	2048	2048	0.000000e+00	0.000000e+00	-0.00376070268,-0.000983730424,0.00640820153,-0.660265505	-0.00376070268,-0.000983730424,0.00640820153,-0.660265505
p4	0	209	v_conv_predelta-13	13	2048	2048	0.000000e+00	0.000000e+00	1.57384329e-05,0.000257036503,0.000123704085,7.88076941e-05	1.57384329e-05,0.000257036503,0.000123704085,7.88076941e-05
p4	0	210	a_softplus-13	13	16	16	0.000000e+00	0.000000e+00	2.25577807,0.61869359,1.61380255,2.79336405	2.25577807,0.61869359,1.61380255,2.79336405
p4	0	211	gate-13	13	16	16	0.000000e+00	0.000000e+00	-0.607134461,-0.71211201,-0.811470866,-0.668685853	-0.607134461,-0.71211201,-0.811470866,-0.668685853
p4	0	212	beta_sigmoid-13	13	16	16	0.000000e+00	0.000000e+00	0.94828707,0.862775028,0.659687579,0.978647351	0.94828707,0.862775028,0.659687579,0.978647351
p4	0	213	state_predelta-13	13	262144	262144	0.000000e+00	0.000000e+00	0,0,0,0	0,0,0,0
p4	0	214	new_state-13	13	262144	262144	0.000000e+00	0.000000e+00	-5.61268045e-08,-1.46817367e-08,9.56395425e-08,-9.85416682e-06	-5.61268045e-08,-1.46817367e-08,9.56395425e-08,-9.85416682e-06
p4	0	215	attn_output-13	13	2048	2048	0.000000e+00	0.000000e+00	-7.76941178e-09,-1.26888295e-07,-6.10675812e-08,-3.89040977e-08	-7.76941178e-09,-1.26888295e-07,-6.10675812e-08,-3.89040977e-08
p4	0	216	z-13	13	2048	2048	0.000000e+00	0.000000e+00	0.895652413,0.490358293,0.291368127,2.10842395	0.895652413,0.490358293,0.291368127,2.10842395
p4	0	217	final_output-13	13	2048	2048	0.000000e+00	0.000000e+00	-5.23780818e-06,-4.12077752e-05,-1.0807611e-05,-7.58230672e-05	-5.23780818e-06,-4.12077752e-05,-1.0807611e-05,-7.58230672e-05
p4	0	218	linear_attn_out-13	13	1024	1024	0.000000e+00	0.000000e+00	0.0288389921,-0.00534927985,-0.00153762102,-0.0123206824	0.0288389921,-0.00534927985,-0.00153762102,-0.0123206824
p4	0	219	attn_residual-13	13	1024	1024	0.000000e+00	0.000000e+00	-0.0394833013,0.0765590221,0.0908777639,-0.0765192956	-0.0394833013,0.0765590221,0.0908777639,-0.0765192956
p4	0	220	attn_post_norm-13	13	1024	1024	0.000000e+00	0.000000e+00	-0.313681304,0.919875145,1.00772834,-0.845645487	-0.313681304,0.919875145,1.00772834,-0.845645487
p4	0	221	ffn_out-13	13	1024	1024	0.000000e+00	0.000000e+00	-0.0895211101,0.0189485308,0.0230872333,-0.00262228586	-0.0895211101,0.0189485308,0.0230872333,-0.00262228586
p4	0	222	l_out-13	13	1024	1024	0.000000e+00	0.000000e+00	-0.129004419,0.0955075547,0.113964997,-0.0791415796	-0.129004419,0.0955075547,0.113964997,-0.0791415796
p4	0	223	attn_norm-14	14	1024	1024	0.000000e+00	0.000000e+00	-1.46559036,1.22495997,1.3566848,-1.09380758	-1.46559036,1.22495997,1.3566848,-1.09380758
p4	0	224	conv_output_silu-14	14	6144	6144	0.000000e+00	0.000000e+00	-0.205845341,-0.0156004308,-0.138333037,-0.213234365	-0.205845341,-0.0156004308,-0.138333037,-0.213234365
p4	0	225	q_conv_predelta-14	14	2048	2048	0.000000e+00	0.000000e+00	-0.0760359243,-0.00576254539,-0.0510979742,-0.0787653103	-0.0760359243,-0.00576254539,-0.0510979742,-0.0787653103
p4	0	226	k_conv_predelta-14	14	2048	2048	0.000000e+00	0.000000e+00	-0.00283959345,0.0249523688,0.000460279931,-2.88317551e-05	-0.00283959345,0.0249523688,0.000460279931,-2.88317551e-05
p4	0	227	v_conv_predelta-14	14	2048	2048	0.000000e+00	0.000000e+00	-0.000188239006,-0.000758873124,0.000272025296,-0.00259504514	-0.000188239006,-0.000758873124,0.000272025296,-0.00259504514
p4	0	228	a_softplus-14	14	16	16	0.000000e+00	0.000000e+00	0.371566474,1.53729486,0.768167675,0.0278056711	0.371566474,1.53729486,0.768167675,0.0278056711
p4	0	229	gate-14	14	16	16	0.000000e+00	0.000000e+00	-0.116918571,-0.256907731,-0.510711491,-0.083663471	-0.116918571,-0.256907731,-0.510711491,-0.083663471
p4	0	230	beta_sigmoid-14	14	16	16	0.000000e+00	0.000000e+00	0.955226183,0.984059811,0.890013814,0.929672539	0.955226183,0.984059811,0.890013814,0.929672539
p4	0	231	state_predelta-14	14	262144	262144	0.000000e+00	0.000000e+00	0,0,0,0	0,0,0,0
p4	0	232	new_state-14	14	262144	262144	0.000000e+00	0.000000e+00	5.10589643e-07,-4.48670608e-06,-8.27633144e-08,5.18426191e-09	5.10589643e-07,-4.48670608e-06,-8.27633144e-08,5.18426191e-09
p4	0	233	attn_output-14	14	2048	2048	0.000000e+00	0.000000e+00	-5.88776281e-08,-2.37361235e-07,8.5084416e-08,-8.11681389e-07	-5.88776281e-08,-2.37361235e-07,8.5084416e-08,-8.11681389e-07
p4	0	234	z-14	14	2048	2048	0.000000e+00	0.000000e+00	0.179047704,-0.743002355,0.519366384,0.991110086	0.179047704,-0.743002355,0.519366384,0.991110086
p4	0	235	final_output-14	14	2048	2048	0.000000e+00	0.000000e+00	-6.03308263e-06,5.68333708e-05,2.784553e-05,-0.000536564563	-6.03308263e-06,5.68333708e-05,2.784553e-05,-0.000536564563
p4	0	236	linear_attn_out-14	14	1024	1024	0.000000e+00	0.000000e+00	0.0223053917,-0.012047451,0.00294186175,-0.0148281641	0.0223053917,-0.012047451,0.00294186175,-0.0148281641
p4	0	237	attn_residual-14	14	1024	1024	0.000000e+00	0.000000e+00	-0.106699027,0.0834601074,0.116906859,-0.0939697474	-0.106699027,0.0834601074,0.116906859,-0.0939697474
p4	0	238	attn_post_norm-14	14	1024	1024	0.000000e+00	0.000000e+00	-0.917725921,1.0067687,1.3233155,-1.0322423	-0.917725921,1.0067687,1.3233155,-1.0322423
p4	0	239	ffn_out-14	14	1024	1024	0.000000e+00	0.000000e+00	-1.07878923,-0.162841201,-0.107965946,-0.187188208	-1.07878923,-0.162841201,-0.107965946,-0.187188208
p4	0	240	l_out-14	14	1024	1024	0.000000e+00	0.000000e+00	-1.18548822,-0.0793810934,0.00894091278,-0.28115797	-1.18548822,-0.0793810934,0.00894091278,-0.28115797
p4	0	241	attn_norm-15	15	1024	1024	0.000000e+00	0.000000e+00	-1.9908638,-0.149000958,0.0167458281,-0.523603678	-1.9908638,-0.149000958,0.0167458281,-0.523603678
p4	0	242	attn_pregate-15	15	2048	2048	0.000000e+00	0.000000e+00	-0.207333148,0.220410615,0.0850597024,0.0746375322	-0.207333148,0.220410615,0.0850597024,0.0746375322
p4	0	243	attn_gated-15	15	2048	2048	0.000000e+00	0.000000e+00	-0.0406258963,0.0546765104,0.0106401769,0.0260693859	-0.0406258963,0.0546765104,0.0106401769,0.0260693859
p4	0	244	attn_output-15	15	1024	1024	0.000000e+00	0.000000e+00	1.05939174,0.114625879,0.124200605,0.333968431	1.05939174,0.114625879,0.124200605,0.333968431
p4	0	245	attn_residual-15	15	1024	1024	0.000000e+00	0.000000e+00	-0.126096487,0.0352447852,0.133141518,0.0528104603	-0.126096487,0.0352447852,0.133141518,0.0528104603
p4	0	246	attn_post_norm-15	15	1024	1024	0.000000e+00	0.000000e+00	-0.863718212,0.381733745,1.37526548,0.506178916	-0.863718212,0.381733745,1.37526548,0.506178916
p4	0	247	ffn_out-15	15	1024	1024	0.000000e+00	0.000000e+00	0.0819580406,0.00984012708,-0.00527200475,0.0193425678	0.0819580406,0.00984012708,-0.00527200475,0.0193425678
p4	0	248	l_out-15	15	1024	1024	0.000000e+00	0.000000e+00	-0.0441384465,0.0450849123,0.127869517,0.0721530318	-0.0441384465,0.0450849123,0.127869517,0.0721530318
p4	0	249	attn_norm-16	16	1024	1024	0.000000e+00	0.000000e+00	-0.420596331,0.617905617,1.45974338,0.922806859	-0.420596331,0.617905617,1.45974338,0.922806859
p4	0	250	conv_output_silu-16	16	6144	6144	0.000000e+00	0.000000e+00	0.0330873653,0.0797003433,0.161502317,-0.245250002	0.0330873653,0.0797003433,0.161502317,-0.245250002
p4	0	251	q_conv_predelta-16	16	2048	2048	0.000000e+00	0.000000e+00	0.00564333051,0.0135935685,0.0275455881,-0.0418294668	0.00564333051,0.0135935685,0.0275455881,-0.0418294668
p4	0	252	k_conv_predelta-16	16	2048	2048	0.000000e+00	0.000000e+00	0.0637207329,-0.0155602051,-0.00431533949,0.0682044178	0.0637207329,-0.0155602051,-0.00431533949,0.0682044178
p4	0	253	v_conv_predelta-16	16	2048	2048	0.000000e+00	0.000000e+00	-0.00717367046,0.000262971502,0.116132341,-0.00048389312	-0.00717367046,0.000262971502,0.116132341,-0.00048389312
p4	0	254	a_softplus-16	16	16	16	0.000000e+00	0.000000e+00	0.448827356,1.52503705,0.508258998,2.00885415	0.448827356,1.52503705,0.508258998,2.00885415
p4	0	255	gate-16	16	16	16	0.000000e+00	0.000000e+00	-0.0911848098,-0.618582308,-0.0607028827,-0.434445202	-0.0911848098,-0.618582308,-0.0607028827,-0.434445202
p4	0	256	beta_sigmoid-16	16	16	16	0.000000e+00	0.000000e+00	0.992546856,0.92931366,0.993063748,0.985437751	0.992546856,0.92931366,0.993063748,0.985437751
p4	0	257	state_predelta-16	16	262144	262144	0.000000e+00	0.000000e+00	0,0,0,0	0,0,0,0
p4	0	258	new_state-16	16	262144	262144	0.000000e+00	0.000000e+00	-0.000453704619,0.000110791836,3.07260998e-05,-0.000485629367	-0.000453704619,0.000110791836,3.07260998e-05,-0.000485629367
p4	0	259	attn_output-16	16	2048	2048	0.000000e+00	0.000000e+00	-7.52336491e-05,2.75790535e-06,0.0012179343,-5.07481354e-06	-7.52336491e-05,2.75790535e-06,0.0012179343,-5.07481354e-06
p4	0	260	z-16	16	2048	2048	0.000000e+00	0.000000e+00	0.00579607487,0.171598077,-1.33328199,0.224167854	0.00579607487,0.171598077,-1.33328199,0.224167854
p4	0	261	final_output-16	16	2048	2048	0.000000e+00	0.000000e+00	-0.000170976578,0.000207762379,-0.305926889,-0.00050222635	-0.000170976578,0.000207762379,-0.305926889,-0.00050222635
p4	0	262	linear_attn_out-16	16	1024	1024	0.000000e+00	0.000000e+00	-0.141620919,0.0101328865,0.0407453105,-0.0199644268	-0.141620919,0.0101328865,0.0407453105,-0.0199644268
p4	0	263	attn_residual-16	16	1024	1024	0.000000e+00	0.000000e+00	-0.185759366,0.0552177988,0.168614835,0.0521886051	-0.185759366,0.0552177988,0.168614835,0.0521886051
p4	0	264	attn_post_norm-16	16	1024	1024	0.000000e+00	0.000000e+00	-1.22631383,0.613758147,1.83448386,0.474393964	-1.22631383,0.613758147,1.83448386,0.474393964
p4	0	265	ffn_out-16	16	1024	1024	0.000000e+00	0.000000e+00	0.0525972322,-0.00274102716,0.0105987983,0.0508981273	0.0525972322,-0.00274102716,0.0105987983,0.0508981273
p4	0	266	l_out-16	16	1024	1024	0.000000e+00	0.000000e+00	-0.133162141,0.0524767712,0.179213628,0.103086732	-0.133162141,0.0524767712,0.179213628,0.103086732
p4	0	267	attn_norm-17	17	1024	1024	0.000000e+00	0.000000e+00	-1.36029518,0.720695019,2.3008523,1.28849339	-1.36029518,0.720695019,2.3008523,1.28849339
p4	0	268	conv_output_silu-17	17	6144	6144	0.000000e+00	0.000000e+00	-0.246370107,-0.190535277,-0.127059102,0.000431360677	-0.246370107,-0.190535277,-0.127059102,0.000431360677
p4	0	269	q_conv_predelta-17	17	2048	2048	0.000000e+00	0.000000e+00	-0.0945899263,-0.073153019,-0.0487823412,0.000165614139	-0.0945899263,-0.073153019,-0.0487823412,0.000165614139
p4	0	270	k_conv_predelta-17	17	2048	2048	0.000000e+00	0.000000e+00	0.0185735095,-0.115010075,-0.0230448879,-0.0108387005	0.0185735095,-0.115010075,-0.0230448879,-0.0108387005
p4	0	271	v_conv_predelta-17	17	2048	2048	0.000000e+00	0.000000e+00	-0.00984986871,-0.203549266,0.0496629179,-0.0293378662	-0.00984986871,-0.203549266,0.0496629179,-0.0293378662
p4	0	272	a_softplus-17	17	16	16	0.000000e+00	0.000000e+00	2.67984772,0.228325143,3.6571908,3.08820295	2.67984772,0.228325143,3.6571908,3.08820295
p4	0	273	gate-17	17	16	16	0.000000e+00	0.000000e+00	-0.631566167,-0.0590986572,-0.924682617,-1.07562494	-0.631566167,-0.0590986572,-0.924682617,-1.07562494
p4	0	274	beta_sigmoid-17	17	16	16	0.000000e+00	0.000000e+00	0.943912089,0.994383693,0.985736072,0.963858068	0.943912089,0.994383693,0.985736072,0.963858068
p4	0	275	state_predelta-17	17	262144	262144	0.000000e+00	0.000000e+00	0,0,0,0	0,0,0,0
p4	0	276	new_state-17	17	262144	262144	0.000000e+00	0.000000e+00	-0.000172685541,0.0010692958,0.000214257772,0.000100771846	-0.000172685541,0.0010692958,0.000214257772,0.000100771846
p4	0	277	attn_output-17	17	2048	2048	0.000000e+00	0.000000e+00	-1.78147802e-05,-0.000368145644,8.98219077e-05,-5.30613834e-05	-1.78147802e-05,-0.000368145644,8.98219077e-05,-5.30613834e-05
p4	0	278	z-17	17	2048	2048	0.000000e+00	0.000000e+00	-0.121163137,-1.12228036,-1.33336186,-0.72130394	-0.121163137,-1.12228036,-1.33336186,-0.72130394
p4	0	279	final_output-17	17	2048	2048	0.000000e+00	0.000000e+00	0.000772866944,0.0855706856,-0.0145863844,0.00939947553	0.000772866944,0.0855706856,-0.0145863844,0.00939947553
p4	0	280	linear_attn_out-17	17	1024	1024	0.000000e+00	0.000000e+00	-0.163770691,0.0278424863,0.0490866378,-0.0507380925	-0.163770691,0.0278424863,0.0490866378,-0.0507380925
p4	0	281	attn_residual-17	17	1024	1024	0.000000e+00	0.000000e+00	-0.296932817,0.0803192556,0.228300273,0.0523486398	-0.296932817,0.0803192556,0.228300273,0.0523486398
p4	0	282	attn_post_norm-17	17	1024	1024	0.000000e+00	0.000000e+00	-1.82366204,0.865086973,2.37259316,0.47830227	-1.82366204,0.865086973,2.37259316,0.47830227
p4	0	283	ffn_out-17	17	1024	1024	0.000000e+00	0.000000e+00	-0.0203327909,-0.0357995667,-0.0180682763,0.0393719412	-0.0203327909,-0.0357995667,-0.0180682763,0.0393719412
p4	0	284	l_out-17	17	1024	1024	0.000000e+00	0.000000e+00	-0.3172656,0.0445196889,0.21023199,0.0917205811	-0.3172656,0.0445196889,0.21023199,0.0917205811
p4	0	285	attn_norm-18	18	1024	1024	0.000000e+00	0.000000e+00	-3.20808506,0.592361331,2.69205666,1.14209783	-3.20808506,0.592361331,2.69205666,1.14209783
p4	0	286	conv_output_silu-18	18	6144	6144	0.000000e+00	0.000000e+00	-0.259165525,-0.235831425,-0.0348478816,-0.27643773	-0.259165525,-0.235831425,-0.0348478816,-0.27643773
p4	0	287	q_conv_predelta-18	18	2048	2048	0.000000e+00	0.000000e+00	-0.0711625665,-0.06475541,-0.00956865121,-0.0759052262	-0.0711625665,-0.06475541,-0.00956865121,-0.0759052262
p4	0	288	k_conv_predelta-18	18	2048	2048	0.000000e+00	0.000000e+00	-0.035975568,-0.0690212771,-0.0391864404,0.00115958636	-0.035975568,-0.0690212771,-0.0391864404,0.00115958636
p4	0	289	v_conv_predelta-18	18	2048	2048	0.000000e+00	0.000000e+00	0.0800255463,0.0129866963,-0.00863330532,-0.102182172	0.0800255463,0.0129866963,-0.00863330532,-0.102182172
p4	0	290	a_softplus-18	18	16	16	0.000000e+00	0.000000e+00	0.0686918274,7.81408358,1.70992863,4.97774601	0.0686918274,7.81408358,1.70992863,4.97774601
p4	0	291	gate-18	18	16	16	0.000000e+00	0.000000e+00	-0.0286350138,-1.57517314,-0.509418249,-1.33974218	-0.0286350138,-1.57517314,-0.509418249,-1.33974218
p4	0	292	beta_sigmoid-18	18	16	16	0.000000e+00	0.000000e+00	0.995706618,0.985102296,0.97120285,0.980772376	0.995706618,0.985102296,0.97120285,0.980772376
p4	0	293	state_predelta-18	18	262144	262144	0.000000e+00	0.000000e+00	0,0,0,0	0,0,0,0
p4	0	294	new_state-18	18	262144	262144	0.000000e+00	0.000000e+00	-0.0028666039,-0.00549975084,-0.00312245241,9.23981206e-05	-0.0028666039,-0.00549975084,-0.00312245241,9.23981206e-05
p4	0	295	attn_output-18	18	2048	2048	0.000000e+00	0.000000e+00	0.00122041185,0.000198050751,-0.000131660316,-0.00155830663	0.00122041185,0.000198050751,-0.000131660316,-0.00155830663
p4	0	296	z-18	18	2048	2048	0.000000e+00	0.000000e+00	-3.5866909,-0.431511343,-0.967489421,-0.690627575	-3.5866909,-0.431511343,-0.967489421,-0.690627575
p4	0	297	final_output-18	18	2048	2048	0.000000e+00	0.000000e+00	-0.0441655777,-0.0147427823,0.0140354233,0.136824593	-0.0441655777,-0.0147427823,0.0140354233,0.136824593
p4	0	298	linear_attn_out-18	18	1024	1024	0.000000e+00	0.000000e+00	-0.664128184,0.0661906004,-0.023998633,0.0630492344	-0.664128184,0.0661906004,-0.023998633,0.0630492344
p4	0	299	attn_residual-18	18	1024	1024	0.000000e+00	0.000000e+00	-0.981393814,0.110710293,0.186233357,0.154769808	-0.981393814,0.110710293,0.186233357,0.154769808
p4	0	300	attn_post_norm-18	18	1024	1024	0.000000e+00	0.000000e+00	-5.32412481,0.933564603,1.59651399,1.13698852	-5.32412481,0.933564603,1.59651399,1.13698852
p4	0	301	ffn_out-18	18	1024	1024	0.000000e+00	0.000000e+00	-1.29461813,-0.0389828011,-0.135147244,0.299685627	-1.29461813,-0.0389828011,-0.135147244,0.299685627
p4	0	302	l_out-18	18	1024	1024	0.000000e+00	0.000000e+00	-2.27601194,0.0717274919,0.0510861129,0.454455435	-2.27601194,0.0717274919,0.0510861129,0.454455435
p4	0	303	attn_norm-19	19	1024	1024	0.000000e+00	0.000000e+00	-11.6471682,0.408253014,0.299696803,2.63613391	-11.6471682,0.408253014,0.299696803,2.63613391
p4	0	304	attn_pregate-19	19	2048	2048	0.000000e+00	0.000000e+00	-0.442429662,-0.26149404,-0.52533859,-0.224258721	-0.442429662,-0.26149404,-0.52533859,-0.224258721
p4	0	305	attn_gated-19	19	2048	2048	0.000000e+00	0.000000e+00	-0.015875604,-0.017425485,-0.0297681391,-0.0145734912	-0.015875604,-0.017425485,-0.0297681391,-0.0145734912
p4	0	306	attn_output-19	19	1024	1024	0.000000e+00	0.000000e+00	1.68914711,0.0228888243,0.0175865591,-0.144197255	1.68914711,0.0228888243,0.0175865591,-0.144197255
p4	0	307	attn_residual-19	19	1024	1024	0.000000e+00	0.000000e+00	-0.586864829,0.0946163163,0.0686726719,0.31025818	-0.586864829,0.0946163163,0.0686726719,0.31025818
p4	0	308	attn_post_norm-19	19	1024	1024	0.000000e+00	0.000000e+00	-3.28125143,0.783034503,0.519613862,1.95107484	-3.28125143,0.783034503,0.519613862,1.95107484
p4	0	309	ffn_out-19	19	1024	1024	0.000000e+00	0.000000e+00	0.0485323519,-0.00629166886,-0.0727806389,-0.027778849	0.0485323519,-0.00629166886,-0.0727806389,-0.027778849
p4	0	310	l_out-19	19	1024	1024	0.000000e+00	0.000000e+00	-0.538332462,0.0883246511,-0.00410796702,0.282479346	-0.538332462,0.0883246511,-0.00410796702,0.282479346
p4	0	311	attn_norm-20	20	1024	1024	0.000000e+00	0.000000e+00	-3.74036741,0.862093568,-0.0373663194,2.30085468	-3.74036741,0.862093568,-0.0373663194,2.30085468
p4	0	312	conv_output_silu-20	20	6144	6144	0.000000e+00	0.000000e+00	0.147016689,-0.107801974,-0.052446533,0.08597105	0.147016689,-0.107801974,-0.052446533,0.08597105
p4	0	313	q_conv_predelta-20	20	2048	2048	0.000000e+00	0.000000e+00	0.0641428679,-0.0470336266,-0.0228822399,0.0375088714	0.0641428679,-0.0470336266,-0.0228822399,0.0375088714
p4	0	314	k_conv_predelta-20	20	2048	2048	0.000000e+00	0.000000e+00	0.00146838906,-0.00665641762,0.028214762,-0.0320083089	0.00146838906,-0.00665641762,0.028214762,-0.0320083089
p4	0	315	v_conv_predelta-20	20	2048	2048	0.000000e+00	0.000000e+00	0.0139005957,0.0249239244,0.0105910534,-0.00927954726	0.0139005957,0.0249239244,0.0105910534,-0.00927954726
p4	0	316	a_softplus-20	20	16	16	0.000000e+00	0.000000e+00	1.04142618,2.2906878,0.58190161,5.29066563	1.04142618,2.2906878,0.58190161,5.29066563
p4	0	317	gate-20	20	16	16	0.000000e+00	0.000000e+00	-0.232373595,-0.398061842,-0.105972156,-1.51580107	-0.232373595,-0.398061842,-0.105972156,-1.51580107
p4	0	318	beta_sigmoid-20	20	16	16	0.000000e+00	0.000000e+00	0.997398615,0.996779621,0.993665874,0.968834281	0.997398615,0.996779621,0.993665874,0.968834281
p4	0	319	state_predelta-20	20	262144	262144	0.000000e+00	0.000000e+00	0,0,0,0	0,0,0,0
p4	0	320	new_state-20	20	262144	262144	0.000000e+00	0.000000e+00	2.03583859e-05,-9.22874679e-05,0.000391181733,-0.000443777128	2.03583859e-05,-9.22874679e-05,0.000391181733,-0.000443777128
p4	0	321	attn_output-20	20	2048	2048	0.000000e+00	0.000000e+00	0.000179103954,0.000321135361,0.000136461735,-0.000119563469	0.000179103954,0.000321135361,0.000136461735,-0.000119563469
p4	0	322	z-20	20	2048	2048	0.000000e+00	0.000000e+00	0.0509408712,-0.165492535,0.704283476,-0.00994151831	0.0509408712,-0.165492535,0.704283476,-0.00994151831
p4	0	323	final_output-20	20	2048	2048	0.000000e+00	0.000000e+00	0.00178861571,-0.00986231491,0.0237725433,0.00020360238	0.00178861571,-0.00986231491,0.0237725433,0.00020360238
p4	0	324	linear_attn_out-20	20	1024	1024	0.000000e+00	0.000000e+00	0.0498993546,-0.0262342244,-0.0687540248,0.0271160267	0.0498993546,-0.0262342244,-0.0687540248,0.0271160267
p4	0	325	attn_residual-20	20	1024	1024	0.000000e+00	0.000000e+00	-0.488433123,0.0620904267,-0.0728619918,0.309595376	-0.488433123,0.0620904267,-0.0728619918,0.309595376
p4	0	326	attn_post_norm-20	20	1024	1024	0.000000e+00	0.000000e+00	-2.29276681,0.510736525,-0.606532097,2.00844622	-2.29276681,0.510736525,-0.606532097,2.00844622
p4	0	327	ffn_out-20	20	1024	1024	0.000000e+00	0.000000e+00	0.174188644,0.0712438822,0.0326304883,0.0265233703	0.174188644,0.0712438822,0.0326304883,0.0265233703
p4	0	328	l_out-20	20	1024	1024	0.000000e+00	0.000000e+00	-0.314244479,0.133334309,-0.0402315035,0.336118758	-0.314244479,0.133334309,-0.0402315035,0.336118758
p4	0	329	attn_norm-21	21	1024	1024	0.000000e+00	0.000000e+00	-1.96476614,1.27995157,-0.352327377,2.73835969	-1.96476614,1.27995157,-0.352327377,2.73835969
p4	0	330	conv_output_silu-21	21	6144	6144	0.000000e+00	0.000000e+00	-0.250014693,-0.193475887,0.03266716,-0.260980308	-0.250014693,-0.193475887,0.03266716,-0.260980308
p4	0	331	q_conv_predelta-21	21	2048	2048	0.000000e+00	0.000000e+00	-0.109523401,-0.0847555697,0.0143104326,-0.114327088	-0.109523401,-0.0847555697,0.0143104326,-0.114327088
p4	0	332	k_conv_predelta-21	21	2048	2048	0.000000e+00	0.000000e+00	-0.0444022454,0.0394084714,-0.0601643845,-0.00832765084	-0.0444022454,0.0394084714,-0.0601643845,-0.00832765084
p4	0	333	v_conv_predelta-21	21	2048	2048	0.000000e+00	0.000000e+00	-0.0271373633,0.0530353114,0.155394152,-0.00491593825	-0.0271373633,0.0530353114,0.155394152,-0.00491593825
p4	0	334	a_softplus-21	21	16	16	0.000000e+00	0.000000e+00	2.87157059,5.32262278,0.110977821,1.8409301	2.87157059,5.32262278,0.110977821,1.8409301
p4	0	335	gate-21	21	16	16	0.000000e+00	0.000000e+00	-0.848834634,-1.37768388,-0.0414693803,-0.872997344	-0.848834634,-1.37768388,-0.0414693803,-0.872997344
p4	0	336	beta_sigmoid-21	21	16	16	0.000000e+00	0.000000e+00	0.972937644,0.880907178,0.978548169,0.982748687	0.972937644,0.880907178,0.978548169,0.982748687
p4	0	337	state_predelta-21	21	262144	262144	0.000000e+00	0.000000e+00	0,0,0,0	0,0,0,0
p4	0	338	new_state-21	21	262144	262144	0.000000e+00	0.000000e+00	0.00117235072,-0.00104050036,0.00158851792,0.000219874637	0.00117235072,-0.00104050036,0.00158851792,0.000219874637
p4	0	339	attn_output-21	21	2048	2048	0.000000e+00	0.000000e+00	-0.000137517432,0.0002687542,0.00078745326,-2.49113073e-05	-0.000137517432,0.0002687542,0.00078745326,-2.49113073e-05
p4	0	340	z-21	21	2048	2048	0.000000e+00	0.000000e+00	-1.90541792,1.04469883,0.258241057,1.11325204	-1.90541792,1.04469883,0.258241057,1.11325204
p4	0	341	final_output-21	21	2048	2048	0.000000e+00	0.000000e+00	0.0260251816,0.131517112,0.0794030353,-0.0179519206	0.0260251816,0.131517112,0.0794030353,-0.0179519206
p4	0	342	linear_attn_out-21	21	1024	1024	0.000000e+00	0.000000e+00	0.0406674594,-0.00757458061,0.156890273,-0.109338418	0.0406674594,-0.00757458061,0.156890273,-0.109338418
p4	0	343	attn_residual-21	21	1024	1024	0.000000e+00	0.000000e+00	-0.273577034,0.125759721,0.11665877,0.22678034	-0.273577034,0.125759721,0.11665877,0.22678034
p4	0	344	attn_post_norm-21	21	1024	1024	0.000000e+00	0.000000e+00	-1.18931973,0.945061624,0.865104139,1.34448504	-1.18931973,0.945061624,0.865104139,1.34448504
p4	0	345	ffn_out-21	21	1024	1024	0.000000e+00	0.000000e+00	-0.27255857,-0.00601583347,-0.0246489123,-0.0990874618	-0.27255857,-0.00601583347,-0.0246489123,-0.0990874618
p4	0	346	l_out-21	21	1024	1024	0.000000e+00	0.000000e+00	-0.546135604,0.119743884,0.0920098573,0.127692878	-0.546135604,0.119743884,0.0920098573,0.127692878
p4	0	347	attn_norm-22	22	1024	1024	0.000000e+00	0.000000e+00	-2.98842764,0.940029979,0.664593756,0.92112118	-2.98842764,0.940029979,0.664593756,0.92112118
p4	0	348	conv_output_silu-22	22	6144	6144	0.000000e+00	0.000000e+00	-0.156384513,-0.2709409,-0.00690966612,0.024832312	-0.156384513,-0.2709409,-0.00690966612,0.024832312
p4	0	349	q_conv_predelta-22	22	2048	2048	0.000000e+00	0.000000e+00	-0.0676290616,-0.117169395,-0.00298811076,0.0107388254	-0.0676290616,-0.117169395,-0.00298811076,0.0107388254
p4	0	350	k_conv_predelta-22	22	2048	2048	0.000000e+00	0.000000e+00	-0.00259187235,-0.00159800239,-0.045984488,0.168800324	-0.00259187235,-0.00159800239,-0.045984488,0.168800324
p4	0	351	v_conv_predelta-22	22	2048	2048	0.000000e+00	0.000000e+00	-0.00905043352,-0.00608356064,0.00271560345,-0.0255741756	-0.00905043352,-0.00608356064,0.00271560345,-0.0255741756
p4	0	352	a_softplus-22	22	16	16	0.000000e+00	0.000000e+00	3.81490397,2.31649804,4.2882781,1.26323795	3.81490397,2.31649804,4.2882781,1.26323795
p4	0	353	gate-22	22	16	16	0.000000e+00	0.000000e+00	-0.705686271,-0.525020242,-2.81232142,-0.237355381	-0.705686271,-0.525020242,-2.81232142,-0.237355381
p4	0	354	beta_sigmoid-22	22	16	16	0.000000e+00	0.000000e+00	0.838188231,0.95578146,0.962606251,0.933629215	0.838188231,0.95578146,0.962606251,0.933629215
p4	0	355	state_predelta-22	22	262144	262144	0.000000e+00	0.000000e+00	0,0,0,0	0,0,0,0
p4	0	356	new_state-22	22	262144	262144	0.000000e+00	0.000000e+00	1.96618585e-05,1.21223929e-05,0.000348836795,-0.00128051371	1.96618585e-05,1.21223929e-05,0.000348836795,-0.00128051371
p4	0	357	attn_output-22	22	2048	2048	0.000000e+00	0.000000e+00	-0.000168996557,-0.000113596856,5.07078075e-05,-0.000477540365	-0.000168996557,-0.000113596856,5.07078075e-05,-0.000477540365
p4	0	358	z-22	22	2048	2048	0.000000e+00	0.000000e+00	1.36390185,-0.348752856,-3.84848905,0.274149477	1.36390185,-0.348752856,-3.84848905,0.274149477
p4	0	359	final_output-22	22	2048	2048	0.000000e+00	0.000000e+00	-0.194650203,0.0157072134,-0.00406475924,-0.0668852106	-0.194650203,0.0157072134,-0.00406475924,-0.0668852106
p4	0	360	linear_attn_out-22	22	1024	1024	0.000000e+00	0.000000e+00	0.668566048,0.0219578594,0.055725053,-0.233680263	0.668566048,0.0219578594,0.055725053,-0.233680263
p4	0	361	attn_residual-22	22	1024	1024	0.000000e+00	0.000000e+00	0.122430444,0.141701743,0.14773491,-0.105987385	0.122430444,0.141701743,0.14773491,-0.105987385
p4	0	362	attn_post_norm-22	22	1024	1024	0.000000e+00	0.000000e+00	0.531265616,0.887149155,0.90844965,-0.535841823	0.531265616,0.887149155,0.90844965,-0.535841823
p4	0	363	ffn_out-22	22	1024	1024	0.000000e+00	0.000000e+00	-0.516201794,-0.0124575794,-0.0585438013,0.113391042	-0.516201794,-0.0124575794,-0.0585438013,0.113391042
p4	0	364	l_out-22	22	1024	1024	0.000000e+00	0.000000e+00	-0.39377135,0.129244164,0.0891911089,0.00740365684	-0.39377135,0.129244164,0.0891911089,0.00740365684
p4	0	365	attn_norm-23	23	1024	1024	0.000000e+00	0.000000e+00	-1.66305923,0.698933065,0.498409897,0.0337710679	-1.66305923,0.698933065,0.498409897,0.0337710679
p4	0	366	attn_pregate-23	23	2048	2048	0.000000e+00	0.000000e+00	-6.03453684,0.179828286,-0.276322961,0.202475742	-6.03453684,0.179828286,-0.276322961,0.202475742
p4	0	367	attn_gated-23	23	2048	2048	0.000000e+00	0.000000e+00	-0.421105623,0.0300319418,-0.0412420109,0.0462870225	-0.421105623,0.0300319418,-0.0412420109,0.0462870225
p4	0	368	attn_output-23	23	1024	1024	0.000000e+00	0.000000e+00	1.83899868,-0.198934555,0.0388420038,-0.410612404	1.83899868,-0.198934555,0.0388420038,-0.410612404
p4	0	369	attn_residual-23	23	1024	1024	0.000000e+00	0.000000e+00	1.44522738,-0.0696903914,0.128033116,-0.403208733	1.44522738,-0.0696903914,0.128033116,-0.403208733
p4	0	370	attn_post_norm-23	23	1024	1024	0.000000e+00	0.000000e+00	4.61837149,-0.269208014,0.455029845,-1.34049392	4.61837149,-0.269208014,0.455029845,-1.34049392
p4	0	371	ffn_out-23	23	1024	1024	0.000000e+00	0.000000e+00	-1.89053619,-0.0180596691,-0.160261571,1.02514231	-1.89053619,-0.0180596691,-0.160261571,1.02514231
p4	0	372	l_out-23	23	1024	1024	0.000000e+00	0.000000e+00	-0.445308805,-0.0877500623,-0.0322284549,0.621933579	-0.445308805,-0.0877500623,-0.0322284549,0.621933579
p4	0	373	result_norm	-1	1024	1024	0.000000e+00	0.000000e+00	-0.298120469,-0.989405453,-0.352785766,7.59684038	-0.298120469,-0.989405453,-0.352785766,7.59684038
p4	0	374	result_output	-1	248320	248320	0.000000e+00	0.000000e+00	1.73985863,3.45914364,6.23938513,2.74840593	1.73985863,3.45914364,6.23938513,2.74840593
p4	1	375	model.input_embed	-1	1024	1024	0.000000e+00	0.000000e+00	0.0149679184,-0.0224518776,-0.028439045,-0.00898075104	0.0149679184,-0.0224518776,-0.028439045,-0.00898075104
p4	1	376	attn_norm-0	0	1024	1024	0.000000e+00	0.000000e+00	1.32417631,-1.28602874,-1.93117678,-0.693640828	1.32417631,-1.28602874,-1.93117678,-0.693640828
p4	1	377	conv_output_silu-0	0	6144	6144	0.000000e+00	0.000000e+00	-0.0199038032,0.0064121047,-0.0311781056,-0.0159844179	-0.0199038032,0.0064121047,-0.0311781056,-0.0159844179
p4	1	378	q_conv_predelta-0	0	2048	2048	0.000000e+00	0.000000e+00	-0.0248693507,0.00801177882,-0.038956333,-0.019972166	-0.0248693507,0.00801177882,-0.038956333,-0.019972166
p4	1	379	k_conv_predelta-0	0	2048	2048	0.000000e+00	0.000000e+00	-0.0252393503,-0.0798191354,0.0527554564,0.00172415131	-0.0252393503,-0.0798191354,0.0527554564,0.00172415131
p4	1	380	v_conv_predelta-0	0	2048	2048	0.000000e+00	0.000000e+00	0.014797858,-0.016501734,-0.00478981249,0.0645483956	0.014797858,-0.016501734,-0.00478981249,0.0645483956
p4	1	381	a_softplus-0	0	16	16	0.000000e+00	0.000000e+00	3.03038049,0.000870683114,0.000659129291,5.90454483	3.03038049,0.000870683114,0.000659129291,5.90454483
p4	1	382	gate-0	0	16	16	0.000000e+00	0.000000e+00	-3.92160368,-0.000114208764,-7.87217723e-05,-3.351192	-3.92160368,-0.000114208764,-7.87217723e-05,-3.351192
p4	1	383	beta_sigmoid-0	0	16	16	0.000000e+00	0.000000e+00	0.607916415,0.470774174,0.704183161,0.988907754	0.607916415,0.470774174,0.704183161,0.988907754
p4	1	384	state_predelta-0	0	262144	262144	0.000000e+00	0.000000e+00	-3.93379878e-07,-3.18841703e-05,-3.61811362e-05,-1.31399872e-07	-3.93379878e-07,-3.18841703e-05,-3.61811362e-05,-1.31399872e-07
p4	1	385	new_state-0	0	262144	262144	0.000000e+00	0.000000e+00	-0.000227077442,-0.000718736555,0.000473905733,1.55089856e-05	-0.000227077442,-0.000718736555,0.000473905733,1.55089856e-05
p4	1	386	attn_output-0	0	2048	2048	0.000000e+00	0.000000e+00	5.01796712e-05,-5.59660912e-05,-1.62651668e-05,0.000219062742	5.01796712e-05,-5.59660912e-05,-1.62651668e-05,0.000219062742
p4	1	387	z-0	0	2048	2048	0.000000e+00	0.000000e+00	0.308605969,0.96531105,0.185285449,1.01937342	0.308605969,0.96531105,0.185285449,1.01937342
p4	1	388	final_output-0	0	2048	2048	0.000000e+00	0.000000e+00	0.00843618624,-0.0380078144,-0.00149816787,0.148804232	0.00843618624,-0.0380078144,-0.00149816787,0.148804232
p4	1	389	linear_attn_out-0	0	1024	1024	0.000000e+00	0.000000e+00	-0.199616343,-0.0281739309,-0.0345434844,0.018316783	-0.199616343,-0.0281739309,-0.0345434844,0.018316783
p4	1	390	attn_residual-0	0	1024	1024	0.000000e+00	0.000000e+00	-0.184648424,-0.0506258085,-0.0629825294,0.00933603197	-0.184648424,-0.0506258085,-0.0629825294,0.00933603197
p4	1	391	attn_post_norm-0	0	1024	1024	0.000000e+00	0.000000e+00	-3.67594171,-1.84874225,-2.36667609,0.343755782	-3.67594171,-1.84874225,-2.36667609,0.343755782
p4	1	392	ffn_out-0	0	1024	1024	0.000000e+00	0.000000e+00	0.193778262,0.0346853212,0.0315507576,0.00766588934	0.193778262,0.0346853212,0.0315507576,0.00766588934
p4	1	393	l_out-0	0	1024	1024	0.000000e+00	0.000000e+00	0.00912983716,-0.0159404874,-0.0314317718,0.0170019213	0.00912983716,-0.0159404874,-0.0314317718,0.0170019213
p4	1	394	attn_norm-1	1	1024	1024	0.000000e+00	0.000000e+00	0.278393745,-0.629836023,-1.18792653,0.688956082	0.278393745,-0.629836023,-1.18792653,0.688956082
p4	1	395	conv_output_silu-1	1	6144	6144	0.000000e+00	0.000000e+00	-0.0123663433,-0.00484091649,-0.00115763175,-0.197024271	-0.0123663433,-0.00484091649,-0.00115763175,-0.197024271
p4	1	396	q_conv_predelta-1	1	2048	2048	0.000000e+00	0.000000e+00	-0.0135818627,-0.00531674223,-0.0012714183,-0.216390282	-0.0135818627,-0.00531674223,-0.0012714183,-0.216390282
p4	1	397	k_conv_predelta-1	1	2048	2048	0.000000e+00	0.000000e+00	-0.0216047838,0.35182938,0.0271503646,0.00589399552	-0.0216047838,0.35182938,0.0271503646,0.00589399552
p4	1	398	v_conv_predelta-1	1	2048	2048	0.000000e+00	0.000000e+00	0.180203855,0.0471171476,0.0328047685,0.00462351087	0.180203855,0.0471171476,0.0328047685,0.00462351087
p4	1	399	a_softplus-1	1	16	16	0.000000e+00	0.000000e+00	1.21980286,0.923421979,1.36834764,1.8996551	1.21980286,0.923421979,1.36834764,1.8996551
p4	1	400	gate-1	1	16	16	0.000000e+00	0.000000e+00	-0.218698591,-0.996022582,-1.56728697,-0.57485348	-0.218698591,-0.996022582,-1.56728697,-0.57485348
p4	1	401	beta_sigmoid-1	1	16	16	0.000000e+00	0.000000e+00	0.960202098,0.558266521,0.929064095,0.813479125	0.960202098,0.558266521,0.929064095,0.813479125
p4	1	402	state_predelta-1	1	262144	262144	0.000000e+00	0.000000e+00	2.57077791e-05,-0.00196893164,-0.000129312044,4.84333759e-05	2.57077791e-05,-0.00196893164,-0.000129312044,4.84333759e-05
p4	1	403	new_state-1	1	262144	262144	0.000000e+00	0.000000e+00	-0.00371669489,0.0592798479,0.00459275721,0.0010585055	-0.00371669489,0.0592798479,0.00459275721,0.0010585055
p4	1	404	attn_output-1	1	2048	2048	0.000000e+00	0.000000e+00	0.00115293986,0.000311128504,0.000198371155,2.89911477e-05	0.00115293986,0.000311128504,0.000198371155,2.89911477e-05
p4	1	405	z-1	1	2048	2048	0.000000e+00	0.000000e+00	-5.51347637,-5.06877661,-1.23876822,-0.26649946	-5.51347637,-5.06877661,-1.23876822,-0.26649946
p4	1	406	final_output-1	1	2048	2048	0.000000e+00	0.000000e+00	-0.0219599623,-0.00846144464,-0.0519324206,-0.00347533799	-0.0219599623,-0.00846144464,-0.0519324206,-0.00347533799
p4	1	407	linear_attn_out-1	1	1024	1024	0.000000e+00	0.000000e+00	-0.189839453,0.0111419726,0.00722718239,-0.0245501325	-0.189839453,0.0111419726,0.00722718239,-0.0245501325
p4	1	408	attn_residual-1	1	1024	1024	0.000000e+00	0.000000e+00	-0.180709615,-0.00479851477,-0.0242045894,-0.00754821114	-0.180709615,-0.00479851477,-0.0242045894,-0.00754821114
p4	1	409	attn_post_norm-1	1	1024	1024	0.000000e+00	0.000000e+00	-2.6129384,-0.10929729,-0.556960523,-0.183370307	-2.6129384,-0.10929729,-0.556960523,-0.183370307
p4	1	410	ffn_out-1	1	1024	1024	0.000000e+00	0.000000e+00	0.157300696,-0.047730498,-0.0155556239,-0.0236858055	0.157300696,-0.047730498,-0.0155556239,-0.0236858055
p4	1	411	l_out-1	1	1024	1024	0.000000e+00	0.000000e+00	-0.0234089196,-0.0525290146,-0.0397602133,-0.0312340166	-0.0234089196,-0.0525290146,-0.0397602133,-0.0312340166
p4	1	412	attn_norm-2	2	1024	1024	0.000000e+00	0.000000e+00	-0.47219187,-1.29799342,-0.948640764,-0.781637788	-0.47219187,-1.29799342,-0.948640764,-0.781637788
p4	1	413	conv_output_silu-2	2	6144	6144	0.000000e+00	0.000000e+00	-0.0365573391,-0.0503447317,0.044044327,-0.0108081354	-0.0365573391,-0.0503447317,0.044044327,-0.0108081354
p4	1	414	q_conv_predelta-2	2	2048	2048	0.000000e+00	0.000000e+00	-0.0329564251,-0.0453857556,0.0397059433,-0.00974352937	-0.0329564251,-0.0453857556,0.0397059433,-0.00974352937
p4	1	415	k_conv_predelta-2	2	2048	2048	0.000000e+00	0.000000e+00	0.108680375,-0.00498832855,-0.0505181551,-0.29146862	0.108680375,-0.00498832855,-0.0505181551,-0.29146862
p4	1	416	v_conv_predelta-2	2	2048	2048	0.000000e+00	0.000000e+00	-0.014431064,0.0547203273,-0.00170639309,-0.0402423479	-0.014431064,0.0547203273,-0.00170639309,-0.0402423479
p4	1	417	a_softplus-2	2	16	16	0.000000e+00	0.000000e+00	2.8431015,1.36383569,1.30202472,2.24770069	2.8431015,1.36383569,1.30202472,2.24770069
p4	1	418	gate-2	2	16	16	0.000000e+00	0.000000e+00	-2.55227566,-0.384687513,-0.387896389,-1.46833122	-2.55227566,-0.384687513,-0.387896389,-1.46833122
p4	1	419	beta_sigmoid-2	2	16	16	0.000000e+00	0.000000e+00	0.630513132,0.628855109,0.755060017,0.485650599	0.630513132,0.628855109,0.755060017,0.485650599
p4	1	420	state_predelta-2	2	262144	262144	0.000000e+00	0.000000e+00	-0.000216492306,2.72199259e-06,1.71848262e-06,-0.00114781724	-0.000216492306,2.72199259e-06,1.71848262e-06,-0.00114781724
p4	1	421	new_state-2	2	262144	262144	0.000000e+00	0.000000e+00	-0.00100830896,4.57183851e-05,0.000460988813,0.00256952038	-0.00100830896,4.57183851e-05,0.000460988813,0.00256952038
p4	1	422	attn_output-2	2	2048	2048	0.000000e+00	0.000000e+00	-1.09788843e-05,4.20515535e-05,-1.1368827e-06,-3.35524965e-05	-1.09788843e-05,4.20515535e-05,-1.1368827e-06,-3.35524965e-05
p4	1	423	z-2	2	2048	2048	0.000000e+00	0.000000e+00	-0.9134866,0.72074759,-1.29080939,0.804110527	-0.9134866,0.72074759,-1.29080939,0.804110527
p4	1	424	final_output-2	2	2048	2048	0.000000e+00	0.000000e+00	0.00293014199,0.0135200256,0.00028891585,-0.0181790199	0.00293014199,0.0135200256,0.00028891585,-0.0181790199
p4	1	425	linear_attn_out-2	2	1024	1024	0.000000e+00	0.000000e+00	-0.675268531,-0.00871129427,-0.0347110704,0.0100360475	-0.675268531,-0.00871129427,-0.0347110704,0.0100360475
p4	1	426	attn_residual-2	2	1024	1024	0.000000e+00	0.000000e+00	-0.698677421,-0.061240308,-0.07447128,-0.0211979691	-0.698677421,-0.061240308,-0.07447128,-0.0211979691
p4	1	427	attn_post_norm-2	2	1024	1024	0.000000e+00	0.000000e+00	-7.78646851,-1.07188785,-1.32315588,-0.375451595	-7.78646851,-1.07188785,-1.32315588,-0.375451595
p4	1	428	ffn_out-2	2	1024	1024	0.000000e+00	0.000000e+00	0.645714819,0.0341557413,-0.0235942807,0.0312327966	0.645714819,0.0341557413,-0.0235942807,0.0312327966
p4	1	429	l_out-2	2	1024	1024	0.000000e+00	0.000000e+00	-0.0529626012,-0.0270845667,-0.0980655625,0.0100348275	-0.0529626012,-0.0270845667,-0.0980655625,0.0100348275
p4	1	430	attn_norm-3	3	1024	1024	0.000000e+00	0.000000e+00	-1.05158556,-0.641989946,-2.10107398,0.226736575	-1.05158556,-0.641989946,-2.10107398,0.226736575
p4	1	431	attn_pregate-3	3	2048	2048	0.000000e+00	0.000000e+00	0.52759099,0.148446709,0.553494394,0.487122476	0.52759099,0.148446709,0.553494394,0.487122476
p4	1	432	attn_gated-3	3	2048	2048	0.000000e+00	0.000000e+00	0.025179293,0.00533352327,0.0123073524,0.0157002378	0.025179293,0.00533352327,0.0123073524,0.0157002378
p4	1	433	attn_output-3	3	1024	1024	0.000000e+00	0.000000e+00	-0.201376766,0.0022623688,0.00337197818,0.00480500981	-0.201376766,0.0022623688,0.00337197818,0.00480500981
p4	1	434	attn_residual-3	3	1024	1024	0.000000e+00	0.000000e+00	-0.254339367,-0.0248221979,-0.0946935862,0.0148398373	-0.254339367,-0.0248221979,-0.0946935862,0.0148398373
p4	1	435	attn_post_norm-3	3	1024	1024	0.000000e+00	0.000000e+00	-3.21992683,-0.470607579,-1.84927046,0.292321205	-3.21992683,-0.470607579,-1.84927046,0.292321205
p4	1	436	ffn_out-3	3	1024	1024	0.000000e+00	0.000000e+00	0.0427396707,0.0279871486,-0.00871040858,0.000846320763	0.0427396707,0.0279871486,-0.00871040858,0.000846320763
p4	1	437	l_out-3	3	1024	1024	0.000000e+00	0.000000e+00	-0.211599693,0.00316495076,-0.103403993,0.0156861581	-0.211599693,0.00316495076,-0.103403993,0.0156861581
p4	1	438	attn_norm-4	4	1024	1024	0.000000e+00	0.000000e+00	-3.82632756,0.0754845515,-2.29847431,0.383540839	-3.82632756,0.0754845515,-2.29847431,0.383540839
p4	1	439	conv_output_silu-4	4	6144	6144	0.000000e+00	0.000000e+00	0.000587411167,0.0109631121,0.045718506,0.105462074	0.000587411167,0.0109631121,0.045718506,0.105462074
p4	1	440	q_conv_predelta-4	4	2048	2048	0.000000e+00	0.000000e+00	0.000343093154,0.00640329812,0.0267031118,0.0615979359	0.000343093154,0.00640329812,0.0267031118,0.0615979359
p4	1	441	k_conv_predelta-4	4	2048	2048	0.000000e+00	0.000000e+00	0.00174729712,-0.123287298,0.0816952661,-0.02369087	0.00174729712,-0.123287298,0.0816952661,-0.02369087
p4	1	442	v_conv_predelta-4	4	2048	2048	0.000000e+00	0.000000e+00	-0.0746139511,0.0047498066,-0.0113794142,0.00491644628	-0.0746139511,0.0047498066,-0.0113794142,0.00491644628
p4	1	443	a_softplus-4	4	16	16	0.000000e+00	0.000000e+00	1.03665602,3.40762901,0.482902646,2.08573985	1.03665602,3.40762901,0.482902646,2.08573985
p4	1	444	gate-4	4	16	16	0.000000e+00	0.000000e+00	-0.432142526,-3.31086063,-0.151952058,-1.09482265	-0.432142526,-3.31086063,-0.151952058,-1.09482265
p4	1	445	beta_sigmoid-4	4	16	16	0.000000e+00	0.000000e+00	0.822889924,0.799731076,0.742226541,0.833974183	0.822889924,0.799731076,0.742226541,0.833974183
p4	1	446	state_predelta-4	4	262144	262144	0.000000e+00	0.000000e+00	1.06224152e-05,-0.00139855721,0.000211163948,-8.41299261e-05	1.06224152e-05,-0.00139855721,0.000211163948,-8.41299261e-05
p4	1	447	new_state-4	4	262144	262144	0.000000e+00	0.000000e+00	-0.000104293904,0.00693754852,-0.00506160082,0.00145295623	-0.000104293904,0.00693754852,-0.00506160082,0.00145295623
p4	1	448	attn_output-4	4	2048	2048	0.000000e+00	0.000000e+00	-0.000161205942,1.04954997e-05,-2.54617953e-05,1.08600443e-05	-0.000161205942,1.04954997e-05,-2.54617953e-05,1.08600443e-05
p4	1	449	z-4	4	2048	2048	0.000000e+00	0.000000e+00	-2.74739432,-0.0949299037,-2.77174592,0.00597223639	-2.74739432,-0.0949299037,-2.77174592,0.00597223639
p4	1	450	final_output-4	4	2048	2048	0.000000e+00	0.000000e+00	0.0234101247,-0.000500837923,0.00348205445,3.08380477e-05	0.0234101247,-0.000500837923,0.00348205445,3.08380477e-05
p4	1	451	linear_attn_out-4	4	1024	1024	0.000000e+00	0.000000e+00	-0.0593607873,-0.013973536,0.0171791427,-0.0261786133	-0.0593607873,-0.013973536,0.0171791427,-0.0261786133
p4	1	452	attn_residual-4	4	1024	1024	0.000000e+00	0.000000e+00	-0.27096048,-0.0108085852,-0.086224854,-0.0104924552	-0.27096048,-0.0108085852,-0.086224854,-0.0104924552
p4	1	453	attn_post_norm-4	4	1024	1024	0.000000e+00	0.000000e+00	-3.46363497,-0.201906398,-1.58407331,-0.202966362	-3.46363497,-0.201906398,-1.58407331,-0.202966362
p4	1	454	ffn_out-4	4	1024	1024	0.000000e+00	0.000000e+00	0.0160754547,0.0191459209,-0.059567228,0.0555495508	0.0160754547,0.0191459209,-0.059567228,0.0555495508
p4	1	455	l_out-4	4	1024	1024	0.000000e+00	0.000000e+00	-0.254885018,0.00833733566,-0.145792082,0.0450570956	-0.254885018,0.00833733566,-0.145792082,0.0450570956
p4	1	456	attn_norm-5	5	1024	1024	0.000000e+00	0.000000e+00	-4.59209251,0.202286452,-3.28988433,1.14418638	-4.59209251,0.202286452,-3.28988433,1.14418638
p4	1	457	conv_output_silu-5	5	6144	6144	0.000000e+00	0.000000e+00	0.0379801504,-0.228316441,0.0204900634,-0.0846322104	0.0379801504,-0.228316441,0.0204900634,-0.0846322104
p4	1	458	q_conv_predelta-5	5	2048	2048	0.000000e+00	0.000000e+00	0.0236276686,-0.14203696,0.0127469851,-0.0526501797	0.0236276686,-0.14203696,0.0127469851,-0.0526501797
p4	1	459	k_conv_predelta-5	5	2048	2048	0.000000e+00	0.000000e+00	-0.000526882242,0.00977554917,-0.243288606,0.0296877045	-0.000526882242,0.00977554917,-0.243288606,0.0296877045
p4	1	460	v_conv_predelta-5	5	2048	2048	0.000000e+00	0.000000e+00	0.00320252194,-0.00307353493,-0.00722864177,0.00626552803	0.00320252194,-0.00307353493,-0.00722864177,0.00626552803
p4	1	461	a_softplus-5	5	16	16	0.000000e+00	0.000000e+00	0.93706429,0.308218271,2.86698341,0.0459498167	0.93706429,0.308218271,2.86698341,0.0459498167
p4	1	462	gate-5	5	16	16	0.000000e+00	0.000000e+00	-0.715671062,-0.0373911187,-0.730572283,-0.0192297027	-0.715671062,-0.0373911187,-0.730572283,-0.0192297027
p4	1	463	beta_sigmoid-5	5	16	16	0.000000e+00	0.000000e+00	0.887998581,0.759987533,0.86653024,0.851734102	0.887998581,0.759987533,0.86653024,0.851734102
p4	1	464	state_predelta-5	5	262144	262144	0.000000e+00	0.000000e+00	4.83950879e-09,-2.23015366e-08,3.8382359e-06,-9.39016118e-08	4.83950879e-09,-2.23015366e-08,3.8382359e-06,-9.39016118e-08
p4	1	465	new_state-5	5	262144	262144	0.000000e+00	0.000000e+00	-1.49473738e-06,2.77657127e-05,-0.000689413107,8.43098678e-05	-1.49473738e-06,2.77657127e-05,-0.000689413107,8.43098678e-05
p4	1	466	attn_output-5	5	2048	2048	0.000000e+00	0.000000e+00	8.30572117e-06,-7.40730138e-06,-2.28349327e-05,1.60847285e-05	8.30572117e-06,-7.40730138e-06,-2.28349327e-05,1.60847285e-05
p4	1	467	z-5	5	2048	2048	0.000000e+00	0.000000e+00	0.80908525,1.04677963,-0.128341973,1.24412954	0.80908525,1.04677963,-0.128341973,1.24412954
p4	1	468	final_output-5	5	2048	2048	0.000000e+00	0.000000e+00	0.00444044685,-0.00528024929,0.00133667293,0.014988129	0.00444044685,-0.00528024929,0.00133667293,0.014988129
p4	1	469	linear_attn_out-5	5	1024	1024	0.000000e+00	0.000000e+00	-0.0843600854,0.0187377408,0.0153673925,-0.0101954415	-0.0843600854,0.0187377408,0.0153673925,-0.0101954415
p4	1	470	attn_residual-5	5	1024	1024	0.000000e+00	0.000000e+00	-0.339245111,0.0270750765,-0.130424693,0.034861654	-0.339245111,0.0270750765,-0.130424693,0.034861654
p4	1	471	attn_post_norm-5	5	1024	1024	0.000000e+00	0.000000e+00	-4.1366725,0.496266484,-2.2706573,0.672392964	-4.1366725,0.496266484,-2.2706573,0.672392964
p4	1	472	ffn_out-5	5	1024	1024	0.000000e+00	0.000000e+00	0.155253381,-0.00194318406,-0.000647896435,0.0152157396	0.155253381,-0.00194318406,-0.000647896435,0.0152157396
p4	1	473	l_out-5	5	1024	1024	0.000000e+00	0.000000e+00	-0.18399173,0.0251318924,-0.131072596,0.0500773937	-0.18399173,0.0251318924,-0.131072596,0.0500773937
p4	1	474	attn_norm-6	6	1024	1024	0.000000e+00	0.000000e+00	-3.36489177,0.5955742,-3.00332689,1.25711679	-3.36489177,0.5955742,-3.00332689,1.25711679
p4	1	475	conv_output_silu-6	6	6144	6144	0.000000e+00	0.000000e+00	-0.0951460302,-0.200174272,-0.000844490191,-0.164374128	-0.0951460302,-0.200174272,-0.000844490191,-0.164374128
p4	1	476	q_conv_predelta-6	6	2048	2048	0.000000e+00	0.000000e+00	-0.0207286645,-0.0436102822,-0.000183981974,-0.0358108096	-0.0207286645,-0.0436102822,-0.000183981974,-0.0358108096
p4	1	477	k_conv_predelta-6	6	2048	2048	0.000000e+00	0.000000e+00	-0.0307146069,0.0288406033,-0.0705605224,0.0849796534	-0.0307146069,0.0288406033,-0.0705605224,0.0849796534
p4	1	478	v_conv_predelta-6	6	2048	2048	0.000000e+00	0.000000e+00	-0.00213690777,0.00818572287,-0.0014474499,-0.000764081429	-0.00213690777,0.00818572287,-0.0014474499,-0.000764081429
p4	1	479	a_softplus-6	6	16	16	0.000000e+00	0.000000e+00	1.80975068,1.03618443,1.49459875,1.07676077	1.80975068,1.03618443,1.49459875,1.07676077
p4	1	480	gate-6	6	16	16	0.000000e+00	0.000000e+00	-0.329580069,-0.770026863,-0.455826879,-0.596971154	-0.329580069,-0.770026863,-0.455826879,-0.596971154
p4	1	481	beta_sigmoid-6	6	16	16	0.000000e+00	0.000000e+00	0.847949862,0.892963409,0.741965711,0.858062148	0.847949862,0.892963409,0.741965711,0.858062148
p4	1	482	state_predelta-6	6	262144	262144	0.000000e+00	0.000000e+00	2.35597909e-07,-3.0125895e-07,4.39698823e-07,-1.01180535e-06	2.35597909e-07,-3.0125895e-07,4.39698823e-07,-1.01180535e-06
p4	1	483	new_state-6	6	262144	262144	0.000000e+00	0.000000e+00	5.58014435e-05,-5.24543684e-05,0.000128119354,-0.000154647554	5.58014435e-05,-5.24543684e-05,0.000128119354,-0.000154647554
p4	1	484	attn_output-6	6	2048	2048	0.000000e+00	0.000000e+00	-3.87144792e-06,1.48224053e-05,-2.60882939e-06,-1.3762849e-06	-3.87144792e-06,1.48224053e-05,-2.60882939e-06,-1.3762849e-06
p4	1	485	z-6	6	2048	2048	0.000000e+00	0.000000e+00	-0.29036513,0.227172375,1.07621217,0.46406132	-0.29036513,0.227172375,1.07621217,0.46406132
p4	1	486	final_output-6	6	2048	2048	0.000000e+00	0.000000e+00	0.000408393156,0.00182832847,-0.002019312,-0.000407635351	0.000408393156,0.00182832847,-0.002019312,-0.000407635351
p4	1	487	linear_attn_out-6	6	1024	1024	0.000000e+00	0.000000e+00	-0.150667384,-0.0108148158,-0.00443965942,-0.0170018803	-0.150667384,-0.0108148158,-0.00443965942,-0.0170018803
p4	1	488	attn_residual-6	6	1024	1024	0.000000e+00	0.000000e+00	-0.3346591,0.0143170767,-0.135512263,0.0330755115	-0.3346591,0.0143170767,-0.135512263,0.0330755115
p4	1	489	attn_post_norm-6	6	1024	1024	0.000000e+00	0.000000e+00	-5.20899868,0.272978276,-2.55057907,0.645216346	-5.20899868,0.272978276,-2.55057907,0.645216346
p4	1	490	ffn_out-6	6	1024	1024	0.000000e+00	0.000000e+00	0.300223321,0.00873512775,0.0127342623,0.0507861823	0.300223321,0.00873512775,0.0127342623,0.0507861823
p4	1	491	l_out-6	6	1024	1024	0.000000e+00	0.000000e+00	-0.0344357789,0.0230522044,-0.122777998,0.0838616937	-0.0344357789,0.0230522044,-0.122777998,0.0838616937
p4	1	492	attn_norm-7	7	1024	1024	0.000000e+00	0.000000e+00	-0.551059365,0.392008841,-2.15611553,1.71080446	-0.551059365,0.392008841,-2.15611553,1.71080446
p4	1	493	attn_pregate-7	7	2048	2048	0.000000e+00	0.000000e+00	0.0905457512,-0.0450840816,1.46657312,0.0346097685	0.0905457512,-0.0450840816,1.46657312,0.0346097685
p4	1	494	attn_gated-7	7	2048	2048	0.000000e+00	0.000000e+00	0.015803881,-0.00945126917,0.340599209,0.00732286228	0.015803881,-0.00945126917,0.340599209,0.00732286228
p4	1	495	attn_output-7	7	1024	1024	0.000000e+00	0.000000e+00	-0.242517084,-0.0071831774,0.00475651398,-0.0624224693	-0.242517084,-0.0071831774,0.00475651398,-0.0624224693
p4	1	496	attn_residual-7	7	1024	1024	0.000000e+00	0.000000e+00	-0.276952863,0.015869027,-0.118021488,0.0214392245	-0.276952863,0.015869027,-0.118021488,0.0214392245
p4	1	497	attn_post_norm-7	7	1024	1024	0.000000e+00	0.000000e+00	-3.79644823,0.316773146,-2.27173615,0.445306242	-3.79644823,0.316773146,-2.27173615,0.445306242
p4	1	498	ffn_out-7	7	1024	1024	0.000000e+00	0.000000e+00	0.0634147972,0.000148977153,0.0282531232,0.00451913103	0.0634147972,0.000148977153,0.0282531232,0.00451913103
p4	1	499	l_out-7	7	1024	1024	0.000000e+00	0.000000e+00	-0.213538066,0.0160180032,-0.089768365,0.0259583555	-0.213538066,0.0160180032,-0.089768365,0.0259583555
p4	1	500	attn_norm-8	8	1024	1024	0.000000e+00	0.000000e+00	-4.61259699,0.409322619,-2.08164907,0.71281296	-4.61259699,0.409322619,-2.08164907,0.71281296
p4	1	501	conv_output_silu-8	8	6144	6144	0.000000e+00	0.000000e+00	0.00343544385,-0.0159491654,0.122787699,-0.0465391949	0.00343544385,-0.0159491654,0.122787699,-0.0465391949
p4	1	502	q_conv_predelta-8	8	2048	2048	0.000000e+00	0.000000e+00	0.00128662854,-0.00597321708,0.045985952,-0.0174296703	0.00128662854,-0.00597321708,0.045985952,-0.0174296703
p4	1	503	k_conv_predelta-8	8	2048	2048	0.000000e+00	0.000000e+00	0.0413170643,-0.101086572,0.0565089248,-0.0373708755	0.0413170643,-0.101086572,0.0565089248,-0.0373708755
p4	1	504	v_conv_predelta-8	8	2048	2048	0.000000e+00	0.000000e+00	0.0946211964,0.00123451266,-0.000519858673,-0.0064030583	0.0946211964,0.00123451266,-0.000519858673,-0.0064030583
p4	1	505	a_softplus-8	8	16	16	0.000000e+00	0.000000e+00	0.688179791,0.812565625,0.109976277,0.967059016	0.688179791,0.812565625,0.109976277,0.967059016
p4	1	506	gate-8	8	16	16	0.000000e+00	0.000000e+00	-0.241573825,-0.230992258,-0.0327638946,-0.146004066	-0.241573825,-0.230992258,-0.0327638946,-0.146004066
p4	1	507	beta_sigmoid-8	8	16	16	0.000000e+00	0.000000e+00	0.794898987,0.716275513,0.777524531,0.831059456	0.794898987,0.716275513,0.777524531,0.831059456
p4	1	508	state_predelta-8	8	262144	262144	0.000000e+00	0.000000e+00	0.000109462213,2.51580204e-05,0.000271694706,1.12525768e-05	0.000109462213,2.51580204e-05,0.000271694706,1.12525768e-05
p4	1	509	new_state-8	8	262144	262144	0.000000e+00	0.000000e+00	0.00319909491,-0.00759682897,0.00447117444,-0.00280695222	0.00319909491,-0.00759682897,0.00447117444,-0.00280695222
p4	1	510	attn_output-8	8	2048	2048	0.000000e+00	0.000000e+00	-4.34993854e-05,2.44868056e-06,4.73704631e-06,1.03406876e-06	-4.34993854e-05,2.44868056e-06,4.73704631e-06,1.03406876e-06
p4	1	511	z-8	8	2048	2048	0.000000e+00	0.000000e+00	0.129189953,0.852301598,0.84894979,0.0237883329	0.129189953,0.852301598,0.84894979,0.0237883329
p4	1	512	final_output-8	8	2048	2048	0.000000e+00	0.000000e+00	-0.00275981124,0.000954264135,0.00282700756,9.41754752e-06	-0.00275981124,0.000954264135,0.00282700756,9.41754752e-06
p4	1	513	linear_attn_out-8	8	1024	1024	0.000000e+00	0.000000e+00	-0.15149346,-0.0106574269,0.0286827851,0.0128699066	-0.15149346,-0.0106574269,0.0286827851,0.0128699066
p4	1	514	attn_residual-8	8	1024	1024	0.000000e+00	0.000000e+00	-0.36503154,0.00536057632,-0.0610855818,0.0388282612	-0.36503154,0.00536057632,-0.0610855818,0.0388282612
p4	1	515	attn_post_norm-8	8	1024	1024	0.000000e+00	0.000000e+00	-4.97838831,0.106026947,-1.16677594,0.842149556	-4.97838831,0.106026947,-1.16677594,0.842149556
p4	1	516	ffn_out-8	8	1024	1024	0.000000e+00	0.000000e+00	0.0220897403,0.0282460954,0.0327258036,-0.0175250992	0.0220897403,0.0282460954,0.0327258036,-0.0175250992
p4	1	517	l_out-8	8	1024	1024	0.000000e+00	0.000000e+00	-0.342941791,0.0336066708,-0.0283597782,0.021303162	-0.342941791,0.0336066708,-0.0283597782,0.021303162
p4	1	518	attn_norm-9	9	1024	1024	0.000000e+00	0.000000e+00	-6.59553385,0.786173582,-0.653514326,0.589978397	-6.59553385,0.786173582,-0.653514326,0.589978397
p4	1	519	conv_output_silu-9	9	6144	6144	0.000000e+00	0.000000e+00	0.0206494033,-0.0545470715,-0.276268095,0.113040417	0.0206494033,-0.0545470715,-0.276268095,0.113040417
p4	1	520	q_conv_predelta-9	9	2048	2048	0.000000e+00	0.000000e+00	0.0154161407,-0.0407229848,-0.206252337,0.0843921229	0.0154161407,-0.0407229848,-0.206252337,0.0843921229
p4	1	521	k_conv_predelta-9	9	2048	2048	0.000000e+00	0.000000e+00	-0.0963886604,-0.0715103671,-0.0530415662,0.00573689397	-0.0963886604,-0.0715103671,-0.0530415662,0.00573689397
p4	1	522	v_conv_predelta-9	9	2048	2048	0.000000e+00	0.000000e+00	0.00970649906,-0.00355433184,0.00226925011,-0.0190204214	0.00970649906,-0.00355433184,0.00226925011,-0.0190204214
p4	1	523	a_softplus-9	9	16	16	0.000000e+00	0.000000e+00	0.552089632,0.0283197351,0.564460397,0.597851753	0.552089632,0.0283197351,0.564460397,0.597851753
p4	1	524	gate-9	9	16	16	0.000000e+00	0.000000e+00	-0.223937437,-0.00386271952,-0.192047983,-0.110591456	-0.223937437,-0.00386271952,-0.192047983,-0.110591456
p4	1	525	beta_sigmoid-9	9	16	16	0.000000e+00	0.000000e+00	0.90986383,0.650321066,0.678205192,0.382183999	0.90986383,0.650321066,0.678205192,0.382183999
p4	1	526	state_predelta-9	9	262144	262144	0.000000e+00	0.000000e+00	-1.78642167e-05,2.47036132e-05,-5.80216101e-06,-2.47557033e-08	-1.78642167e-05,2.47036132e-05,-5.80216101e-06,-2.47557033e-08
p4	1	527	new_state-9	9	262144	262144	0.000000e+00	0.000000e+00	-0.000868412142,-0.000613930053,-0.000474657078,5.08167432e-05	-0.000868412142,-0.000613930053,-0.000474657078,5.08167432e-05
p4	1	528	attn_output-9	9	2048	2048	0.000000e+00	0.000000e+00	4.28209423e-05,-1.62228644e-05,9.97388634e-06,-8.15189705e-05	4.28209423e-05,-1.62228644e-05,9.97388634e-06,-8.15189705e-05
p4	1	529	z-9	9	2048	2048	0.000000e+00	0.000000e+00	-0.293116748,0.737656653,-0.284891874,0.444851398	-0.293116748,0.737656653,-0.284891874,0.444851398
p4	1	530	final_output-9	9	2048	2048	0.000000e+00	0.000000e+00	-0.00578282122,-0.00828345492,-0.00129122904,-0.0215765908	-0.00578282122,-0.00828345492,-0.00129122904,-0.0215765908
p4	1	531	linear_attn_out-9	9	1024	1024	0.000000e+00	0.000000e+00	0.050242763,-0.0168769211,0.00722694583,-0.0313370675	0.050242763,-0.0168769211,0.00722694583,-0.0313370675
p4	1	532	attn_residual-9	9	1024	1024	0.000000e+00	0.000000e+00	-0.292699039,0.0167297497,-0.0211328324,-0.0100339055	-0.292699039,0.0167297497,-0.0211328324,-0.0100339055
p4	1	533	attn_post_norm-9	9	1024	1024	0.000000e+00	0.000000e+00	-4.05196953,0.324357331,-0.395601004,-0.22000666	-4.05196953,0.324357331,-0.395601004,-0.22000666
p4	1	534	ffn_out-9	9	1024	1024	0.000000e+00	0.000000e+00	-0.0451534241,0.0062840702,0.00112024788,0.00748808496	-0.0451534241,0.0062840702,0.00112024788,0.00748808496
p4	1	535	l_out-9	9	1024	1024	0.000000e+00	0.000000e+00	-0.337852478,0.023013819,-0.0200125836,-0.00254582055	-0.337852478,0.023013819,-0.0200125836,-0.00254582055
p4	1	536	attn_norm-10	10	1024	1024	0.000000e+00	0.000000e+00	-6.99214077,0.49623546,-0.461353183,-0.0632784218	-6.99214077,0.49623546,-0.461353183,-0.0632784218
p4	1	537	conv_output_silu-10	10	6144	6144	0.000000e+00	0.000000e+00	-0.000906724948,-0.00313336053,-0.00686200615,-0.0691637024	-0.000906724948,-0.00313336053,-0.00686200615,-0.0691637024
p4	1	538	q_conv_predelta-10	10	2048	2048	0.000000e+00	0.000000e+00	-0.0030443999,-0.0105205029,-0.023039721,-0.232222542	-0.0030443999,-0.0105205029,-0.023039721,-0.232222542
p4	1	539	k_conv_predelta-10	10	2048	2048	0.000000e+00	0.000000e+00	-0.0592389591,0.118530758,0.212100759,0.0141299693	-0.0592389591,0.118530758,0.212100759,0.0141299693
p4	1	540	v_conv_predelta-10	10	2048	2048	0.000000e+00	0.000000e+00	0.0175546836,0.00169300346,-0.00910061318,0.00602991506	0.0175546836,0.00169300346,-0.00910061318,0.00602991506
p4	1	541	a_softplus-10	10	16	16	0.000000e+00	0.000000e+00	0.984134614,0.0163167976,3.95597577,1.03778517	0.984134614,0.0163167976,3.95597577,1.03778517
p4	1	542	gate-10	10	16	16	0.000000e+00	0.000000e+00	-0.753089845,-0.0946331248,-1.22550416,-0.212492466	-0.753089845,-0.0946331248,-1.22550416,-0.212492466
p4	1	543	beta_sigmoid-10	10	16	16	0.000000e+00	0.000000e+00	0.868023276,0.762460828,0.93000108,0.725994527	0.868023276,0.762460828,0.93000108,0.725994527
p4	1	544	state_predelta-10	10	262144	262144	0.000000e+00	0.000000e+00	0.000226150572,0.000204668308,0.000189284387,0.000356424833	0.000226150572,0.000204668308,0.000189284387,0.000356424833
p4	1	545	new_state-10	10	262144	262144	0.000000e+00	0.000000e+00	-0.000777986657,0.00186613528,0.00325596263,0.000378815021	-0.000777986657,0.00186613528,0.00325596263,0.000378815021
p4	1	546	attn_output-10	10	2048	2048	0.000000e+00	0.000000e+00	-1.06160167e-06,-5.50795949e-06,1.66025475e-05,3.23997556e-05	-1.06160167e-06,-5.50795949e-06,1.66025475e-05,3.23997556e-05
p4	1	547	z-10	10	2048	2048	0.000000e+00	0.000000e+00	1.05859542,0.727446735,0.453520805,0.637982666	1.05859542,0.727446735,0.453520805,0.637982666
p4	1	548	final_output-10	10	2048	2048	0.000000e+00	0.000000e+00	-0.00074884604,-0.00288222614,0.00448068976,0.0138153965	-0.00074884604,-0.00288222614,0.00448068976,0.0138153965
p4	1	549	linear_attn_out-10	10	1024	1024	0.000000e+00	0.000000e+00	-0.0608991757,-0.00457542203,-0.00193786994,-0.00417177193	-0.0608991757,-0.00457542203,-0.00193786994,-0.00417177193
p4	1	550	attn_residual-10	10	1024	1024	0.000000e+00	0.000000e+00	-0.398751646,0.018438397,-0.0219504535,-0.00671759248	-0.398751646,0.018438397,-0.0219504535,-0.00671759248
p4	1	551	attn_post_norm-10	10	1024	1024	0.000000e+00	0.000000e+00	-6.11436844,0.34901017,-0.414153814,-0.135436058	-6.11436844,0.34901017,-0.414153814,-0.135436058
p4	1	552	ffn_out-10	10	1024	1024	0.000000e+00	0.000000e+00	0.153124437,-0.0159473512,0.0175187849,-0.0211585127	0.153124437,-0.0159473512,0.0175187849,-0.0211585127
p4	1	553	l_out-10	10	1024	1024	0.000000e+00	0.000000e+00	-0.24562721,0.00249104574,-0.00443166867,-0.0278761052	-0.24562721,0.00249104574,-0.00443166867,-0.0278761052
p4	1	554	attn_norm-11	11	1024	1024	0.000000e+00	0.000000e+00	-4.01831532,0.0425049141,-0.0807552561,-0.560124457	-4.01831532,0.0425049141,-0.0807552561,-0.560124457
p4	1	555	attn_pregate-11	11	2048	2048	0.000000e+00	0.000000e+00	0.0943846554,0.085355252,0.138614058,0.0896293744	0.0943846554,0.085355252,0.138614058,0.0896293744
p4	1	556	attn_gated-11	11	2048	2048	0.000000e+00	0.000000e+00	0.00418743584,0.00521155214,0.00902927946,0.00126564514	0.00418743584,0.00521155214,0.00902927946,0.00126564514
p4	1	557	attn_output-11	11	1024	1024	0.000000e+00	0.000000e+00	-0.00115527958,-0.00561782345,-0.0203117169,-0.0187108554	-0.00115527958,-0.00561782345,-0.0203117169,-0.0187108554
p4	1	558	attn_residual-11	11	1024	1024	0.000000e+00	0.000000e+00	-0.246782482,-0.00312677771,-0.0247433856,-0.0465869606	-0.246782482,-0.00312677771,-0.0247433856,-0.0465869606
p4	1	559	attn_post_norm-11	11	1024	1024	0.000000e+00	0.000000e+00	-3.346452,-0.0601526275,-0.454225779,-0.920768499	-3.346452,-0.0601526275,-0.454225779,-0.920768499
p4	1	560	ffn_out-11	11	1024	1024	0.000000e+00	0.000000e+00	0.0487173088,0.0438800454,0.0201121271,0.0631525889	0.0487173088,0.0438800454,0.0201121271,0.0631525889
p4	1	561	l_out-11	11	1024	1024	0.000000e+00	0.000000e+00	-0.198065177,0.0407532677,-0.00463125855,0.0165656283	-0.198065177,0.0407532677,-0.00463125855,0.0165656283
p4	1	562	attn_norm-12	12	1024	1024	0.000000e+00	0.000000e+00	-4.03403854,0.936478853,-0.110875599,0.423669457	-4.03403854,0.936478853,-0.110875599,0.423669457
p4	1	563	conv_output_silu-12	12	6144	6144	0.000000e+00	0.000000e+00	0.00451606885,0.0664394274,0.0191037375,-0.0993347839	0.00451606885,0.0664394274,0.0191037375,-0.0993347839
p4	1	564	q_conv_predelta-12	12	2048	2048	0.000000e+00	0.000000e+00	0.00143666007,0.0211358313,0.00607731612,-0.031600561	0.00143666007,0.0211358313,0.00607731612,-0.031600561
p4	1	565	k_conv_predelta-12	12	2048	2048	0.000000e+00	0.000000e+00	0.0148611804,0.000446979393,0.0016313598,0.00401338935	0.0148611804,0.000446979393,0.0016313598,0.00401338935
p4	1	566	v_conv_predelta-12	12	2048	2048	0.000000e+00	0.000000e+00	-0.00661794934,0.00409766287,0.00179680274,-0.0035937049	-0.00661794934,0.00409766287,0.00179680274,-0.0035937049
p4	1	567	a_softplus-12	12	16	16	0.000000e+00	0.000000e+00	0.226865485,1.32892585,0.176437929,0.197552815	0.226865485,1.32892585,0.176437929,0.197552815
p4	1	568	gate-12	12	16	16	0.000000e+00	0.000000e+00	-0.0457318388,-0.784292817,-0.0183081105,-0.0561593659	-0.0457318388,-0.784292817,-0.0183081105,-0.0561593659
p4	1	569	beta_sigmoid-12	12	16	16	0.000000e+00	0.000000e+00	0.767889261,0.714011669,0.67612201,0.569046736	0.767889261,0.714011669,0.67612201,0.569046736
p4	1	570	state_predelta-12	12	262144	262144	0.000000e+00	0.000000e+00	1.04884593e-05,-1.4741604e-06,7.63655748e-07,6.75247566e-06	1.04884593e-05,-1.4741604e-06,7.63655748e-07,6.75247566e-06
p4	1	571	new_state-12	12	262144	262144	0.000000e+00	0.000000e+00	-6.46196931e-05,-3.65318692e-06,-7.46387786e-06,-1.37063562e-05	-6.46196931e-05,-3.65318692e-06,-7.46387786e-06,-1.37063562e-05
p4	1	572	attn_output-12	12	2048	2048	0.000000e+00	0.000000e+00	-1.70556341e-05,1.32115756e-05,3.95110737e-06,-7.84585245e-06	-1.70556341e-05,1.32115756e-05,3.95110737e-06,-7.84585245e-06
p4	1	573	z-12	12	2048	2048	0.000000e+00	0.000000e+00	-0.529264152,-0.283289045,-1.12343514,-0.497582674	-0.529264152,-0.283289045,-1.12343514,-0.497582674
p4	1	574	final_output-12	12	2048	2048	0.000000e+00	0.000000e+00	0.00297117908,-0.00149896776,-0.00080120808,0.00135554955	0.00297117908,-0.00149896776,-0.00080120808,0.00135554955
p4	1	575	linear_attn_out-12	12	1024	1024	0.000000e+00	0.000000e+00	-0.068680495,-0.00641502813,0.00438673701,0.0122893415	-0.068680495,-0.00641502813,0.00438673701,0.0122893415
p4	1	576	attn_residual-12	12	1024	1024	0.000000e+00	0.000000e+00	-0.266745687,0.0343382396,-0.000244521536,0.0288549699	-0.266745687,0.0343382396,-0.000244521536,0.0288549699
p4	1	577	attn_post_norm-12	12	1024	1024	0.000000e+00	0.000000e+00	-3.44971085,0.687112212,-0.00447598519,0.565787792	-3.44971085,0.687112212,-0.00447598519,0.565787792
p4	1	578	ffn_out-12	12	1024	1024	0.000000e+00	0.000000e+00	0.0741366446,-0.0106940549,0.0063728774,-0.0103472574	0.0741366446,-0.0106940549,0.0063728774,-0.0103472574
p4	1	579	l_out-12	12	1024	1024	0.000000e+00	0.000000e+00	-0.192609042,0.0236441847,0.00612835586,0.0185077116	-0.192609042,0.0236441847,0.00612835586,0.0185077116
p4	1	580	attn_norm-13	13	1024	1024	0.000000e+00	0.000000e+00	-3.79919505,0.52866447,0.139584363,0.469706297	-3.79919505,0.52866447,0.139584363,0.469706297
p4	1	581	conv_output_silu-13	13	6144	6144	0.000000e+00	0.000000e+00	-0.0376738869,-0.043833632,0.0160736162,-0.00984717347	-0.0376738869,-0.043833632,0.0160736162,-0.00984717347
p4	1	582	q_conv_predelta-13	13	2048	2048	0.000000e+00	0.000000e+00	-0.0179764703,-0.0209156517,0.00766968587,-0.00469867652	-0.0179764703,-0.0209156517,0.00766968587,-0.00469867652
p4	1	583	k_conv_predelta-13	13	2048	2048	0.000000e+00	0.000000e+00	-0.0807593837,0.0252663605,0.0548276491,-0.132087022	-0.0807593837,0.0252663605,0.0548276491,-0.132087022
p4	1	584	v_conv_predelta-13	13	2048	2048	0.000000e+00	0.000000e+00	-0.000525646203,-0.00783577934,0.00287325913,-0.000547885429	-0.000525646203,-0.00783577934,0.00287325913,-0.000547885429
p4	1	585	a_softplus-13	13	16	16	0.000000e+00	0.000000e+00	1.18727851,0.66599077,1.90289319,0.598098695	1.18727851,0.66599077,1.90289319,0.598098695
p4	1	586	gate-13	13	16	16	0.000000e+00	0.000000e+00	-0.319551677,-0.76655072,-0.956834793,-0.14317508	-0.319551677,-0.76655072,-0.956834793,-0.14317508
p4	1	587	beta_sigmoid-13	13	16	16	0.000000e+00	0.000000e+00	0.703353047,0.823563039,0.591835082,0.827780128	0.703353047,0.823563039,0.591835082,0.827780128
p4	1	588	state_predelta-13	13	262144	262144	0.000000e+00	0.000000e+00	-5.61268045e-08,-1.46817367e-08,9.56395425e-08,-9.85416682e-06	-5.61268045e-08,-1.46817367e-08,9.56395425e-08,-9.85416682e-06
p4	1	589	new_state-13	13	262144	262144	0.000000e+00	0.000000e+00	3.0004443e-05,-9.41060534e-06,-2.0328258e-05,4.19820281e-05	3.0004443e-05,-9.41060534e-06,-2.0328258e-05,4.19820281e-05
p4	1	590	attn_output-13	13	2048	2048	0.000000e+00	0.000000e+00	-1.16791352e-06,-1.74211254e-05,6.28016505e-06,-1.2482169e-06	-1.16791352e-06,-1.74211254e-05,6.28016505e-06,-1.2482169e-06
p4	1	591	z-13	13	2048	2048	0.000000e+00	0.000000e+00	-0.816451132,-0.473782897,-0.490579367,0.178900927	-0.816451132,-0.473782897,-0.490579367,0.178900927
p4	1	592	final_output-13	13	2048	2048	0.000000e+00	0.000000e+00	0.000309425581,0.00337769534,-0.00124006963,-0.000125902836	0.000309425581,0.00337769534,-0.00124006963,-0.000125902836
p4	1	593	linear_attn_out-13	13	1024	1024	0.000000e+00	0.000000e+00	-0.101133168,-0.00114090554,-0.000927187502,0.00361985527	-0.101133168,-0.00114090554,-0.000927187502,0.00361985527
p4	1	594	attn_residual-13	13	1024	1024	0.000000e+00	0.000000e+00	-0.29374221,0.0225032791,0.00520116836,0.0221275669	-0.29374221,0.0225032791,0.00520116836,0.0221275669
p4	1	595	attn_post_norm-13	13	1024	1024	0.000000e+00	0.000000e+00	-4.00033808,0.463482648,0.0988648534,0.41918546	-4.00033808,0.463482648,0.0988648534,0.41918546
p4	1	596	ffn_out-13	13	1024	1024	0.000000e+00	0.000000e+00	0.067415677,-0.0108788908,-0.000958580524,0.0224665478	0.067415677,-0.0108788908,-0.000958580524,0.0224665478
p4	1	597	l_out-13	13	1024	1024	0.000000e+00	0.000000e+00	-0.226326525,0.0116243884,0.00424258783,0.0445941165	-0.226326525,0.0116243884,0.00424258783,0.0445941165
p4	1	598	attn_norm-14	14	1024	1024	0.000000e+00	0.000000e+00	-4.37901831,0.253914535,0.0860144868,1.04965615	-4.37901831,0.253914535,0.0860144868,1.04965615
p4	1	599	conv_output_silu-14	14	6144	6144	0.000000e+00	0.000000e+00	0.0362493396,0.0528562218,-0.134193033,0.0437499881	0.0362493396,0.0528562218,-0.134193033,0.0437499881
p4	1	600	q_conv_predelta-14	14	2048	2048	0.000000e+00	0.000000e+00	0.0080963783,0.011805567,-0.0299723409,0.00977166649	0.0080963783,0.011805567,-0.0299723409,0.00977166649
p4	1	601	k_conv_predelta-14	14	2048	2048	0.000000e+00	0.000000e+00	0.0100039812,0.222604483,-0.00540699717,0.00211524405	0.0100039812,0.222604483,-0.00540699717,0.00211524405
p4	1	602	v_conv_predelta-14	14	2048	2048	0.000000e+00	0.000000e+00	0.0026573264,0.0201985091,-0.00405033724,0.0167690217	0.0026573264,0.0201985091,-0.00405033724,0.0167690217
p4	1	603	a_softplus-14	14	16	16	0.000000e+00	0.000000e+00	0.668612838,0.152038202,0.819377661,0.00988091808	0.668612838,0.152038202,0.819377661,0.00988091808
p4	1	604	gate-14	14	16	16	0.000000e+00	0.000000e+00	-0.210388348,-0.025408132,-0.544758141,-0.0297303349	-0.210388348,-0.025408132,-0.544758141,-0.0297303349
p4	1	605	beta_sigmoid-14	14	16	16	0.000000e+00	0.000000e+00	0.671366692,0.467843652,0.654538751,0.815959215	0.671366692,0.467843652,0.654538751,0.815959215
p4	1	606	state_predelta-14	14	262144	262144	0.000000e+00	0.000000e+00	5.10589643e-07,-4.48670608e-06,-8.27633144e-08,5.18426191e-09	5.10589643e-07,-4.48670608e-06,-8.27633144e-08,5.18426191e-09
p4	1	607	new_state-14	14	262144	262144	0.000000e+00	0.000000e+00	1.8177243e-05,0.0003916313,-9.66797325e-06,3.76012531e-06	1.8177243e-05,0.0003916313,-9.66797325e-06,3.76012531e-06
p4	1	608	attn_output-14	14	2048	2048	0.000000e+00	0.000000e+00	3.35705494e-07,2.85505985e-06,-5.18409706e-07,1.48321294e-06	3.35705494e-07,2.85505985e-06,-5.18409706e-07,1.48321294e-06
p4	1	609	z-14	14	2048	2048	0.000000e+00	0.000000e+00	-0.365319252,-0.462030739,0.0694033206,0.0376412272	-0.365319252,-0.462030739,0.0694033206,0.0376412272
p4	1	610	final_output-14	14	2048	2048	0.000000e+00	0.000000e+00	-5.27398261e-05,-0.000509191537,-1.86878515e-05,2.59836652e-05	-5.27398261e-05,-0.000509191537,-1.86878515e-05,2.59836652e-05
p4	1	611	linear_attn_out-14	14	1024	1024	0.000000e+00	0.000000e+00	0.0112612713,-0.00995367579,0.0136400219,0.0111100245	0.0112612713,-0.00995367579,0.0136400219,0.0111100245
p4	1	612	attn_residual-14	14	1024	1024	0.000000e+00	0.000000e+00	-0.215065256,0.00167071261,0.0178826097,0.0557041392	-0.215065256,0.00167071261,0.0178826097,0.0557041392
p4	1	613	attn_post_norm-14	14	1024	1024	0.000000e+00	0.000000e+00	-3.08790231,0.0336428918,0.337905347,1.02146101	-3.08790231,0.0336428918,0.337905347,1.02146101
p4	1	614	ffn_out-14	14	1024	1024	0.000000e+00	0.000000e+00	0.203384191,-0.00871150754,-0.00962442439,0.0276728459	0.203384191,-0.00871150754,-0.00962442439,0.0276728459
p4	1	615	l_out-14	14	1024	1024	0.000000e+00	0.000000e+00	-0.011681065,-0.00704079494,0.00825818535,0.0833769888	-0.011681065,-0.00704079494,0.00825818535,0.0833769888
p4	1	616	attn_norm-15	15	1024	1024	0.000000e+00	0.000000e+00	-0.164347455,-0.11072097,0.129582271,1.30087245	-0.164347455,-0.11072097,0.129582271,1.30087245
p4	1	617	attn_pregate-15	15	2048	2048	0.000000e+00	0.000000e+00	-0.0885833427,0.101695597,0.0175428726,0.108653322	-0.0885833427,0.101695597,0.0175428726,0.108653322
p4	1	618	attn_gated-15	15	2048	2048	0.000000e+00	0.000000e+00	-0.00316519942,0.0073257084,0.000247296237,0.00824784115	-0.00316519942,0.0073257084,0.000247296237,0.00824784115
p4	1	619	attn_output-15	15	1024	1024	0.000000e+00	0.000000e+00	-0.148249418,0.000675223768,-0.0228603557,0.0231972486	-0.148249418,0.000675223768,-0.0228603557,0.0231972486
p4	1	620	attn_residual-15	15	1024	1024	0.000000e+00	0.000000e+00	-0.159930483,-0.00636557117,-0.0146021703,0.106574237	-0.159930483,-0.00636557117,-0.0146021703,0.106574237
p4	1	621	attn_post_norm-15	15	1024	1024	0.000000e+00	0.000000e+00	-1.86856985,-0.11760129,-0.257276118,1.74238992	-1.86856985,-0.11760129,-0.257276118,1.74238992
p4	1	622	ffn_out-15	15	1024	1024	0.000000e+00	0.000000e+00	0.126822188,0.0851223767,0.0361182541,0.0330342166	0.126822188,0.0851223767,0.0361182541,0.0330342166
p4	1	623	l_out-15	15	1024	1024	0.000000e+00	0.000000e+00	-0.033108294,0.0787568092,0.0215160847,0.139608458	-0.033108294,0.0787568092,0.0215160847,0.139608458
p4	1	624	attn_norm-16	16	1024	1024	0.000000e+00	0.000000e+00	-0.415762812,1.42245793,0.323692858,2.35303473	-0.415762812,1.42245793,0.323692858,2.35303473
p4	1	625	conv_output_silu-16	16	6144	6144	0.000000e+00	0.000000e+00	-0.226872355,0.00492378604,-0.0168743804,-0.250245482	-0.226872355,0.00492378604,-0.0168743804,-0.250245482
p4	1	626	q_conv_predelta-16	16	2048	2048	0.000000e+00	0.000000e+00	-0.0215077046,0.000466779398,-0.00159970648,-0.0237234998	-0.0215077046,0.000466779398,-0.00159970648,-0.0237234998
p4	1	627	k_conv_predelta-16	16	2048	2048	0.000000e+00	0.000000e+00	0.105642729,-0.0568856373,0.0182325803,-0.0226752833	0.105642729,-0.0568856373,0.0182325803,-0.0226752833
p4	1	628	v_conv_predelta-16	16	2048	2048	0.000000e+00	0.000000e+00	-0.200873002,0.012783967,0.549689054,0.00525254244	-0.200873002,0.012783967,0.549689054,0.00525254244
p4	1	629	a_softplus-16	16	16	16	0.000000e+00	0.000000e+00	0.192185536,1.78237832,1.15002906,1.51872754	0.192185536,1.78237832,1.15002906,1.51872754
p4	1	630	gate-16	16	16	16	0.000000e+00	0.000000e+00	-0.0390448608,-0.722964525,-0.137351394,-0.328447878	-0.0390448608,-0.722964525,-0.137351394,-0.328447878
p4	1	631	beta_sigmoid-16	16	16	16	0.000000e+00	0.000000e+00	0.674779534,0.713853955,0.926736653,0.864367783	0.674779534,0.713853955,0.926736653,0.864367783
p4	1	632	state_predelta-16	16	262144	262144	0.000000e+00	0.000000e+00	-0.000453704619,0.000110791836,3.07260998e-05,-0.000485629367	-0.000453704619,0.000110791836,3.07260998e-05,-0.000485629367
p4	1	633	new_state-16	16	262144	262144	0.000000e+00	0.000000e+00	-0.0145352287,0.00769840926,-0.00240373937,0.00255917106	-0.0145352287,0.00769840926,-0.00240373937,0.00255917106
p4	1	634	attn_output-16	16	2048	2048	0.000000e+00	0.000000e+00	-0.00147024263,9.32388066e-05,0.0041880426,3.72985669e-05	-0.00147024263,9.32388066e-05,0.0041880426,3.72985669e-05
p4	1	635	z-16	16	2048	2048	0.000000e+00	0.000000e+00	-0.640003264,-0.517994881,-0.593826771,-0.305016696	-0.640003264,-0.517994881,-0.593826771,-0.305016696
p4	1	636	final_output-16	16	2048	2048	0.000000e+00	0.000000e+00	0.11802531,-0.00677573355,-0.371243358,-0.00178161508	0.11802531,-0.00677573355,-0.371243358,-0.00178161508
p4	1	637	linear_attn_out-16	16	1024	1024	0.000000e+00	0.000000e+00	0.0593788773,-0.0261118673,-0.148710012,-0.0219630972	0.0593788773,-0.0261118673,-0.148710012,-0.0219630972
p4	1	638	attn_residual-16	16	1024	1024	0.000000e+00	0.000000e+00	0.0262705833,0.052644942,-0.127193928,0.117645361	0.0262705833,0.052644942,-0.127193928,0.117645361
p4	1	639	attn_post_norm-16	16	1024	1024	0.000000e+00	0.000000e+00	0.201207533,0.67888844,-1.60549188,1.24068594	0.201207533,0.67888844,-1.60549188,1.24068594
p4	1	640	ffn_out-16	16	1024	1024	0.000000e+00	0.000000e+00	-0.128050208,0.00185482204,0.0433999076,-0.0145861134	-0.128050208,0.00185482204,0.0433999076,-0.0145861134
p4	1	641	l_out-16	16	1024	1024	0.000000e+00	0.000000e+00	-0.101779625,0.054499764,-0.0837940201,0.103059247	-0.101779625,0.054499764,-0.0837940201,0.103059247
p4	1	642	attn_norm-17	17	1024	1024	0.000000e+00	0.000000e+00	-1.18153346,0.85057348,-1.22254133,1.46385884	-1.18153346,0.85057348,-1.22254133,1.46385884
p4	1	643	conv_output_silu-17	17	6144	6144	0.000000e+00	0.000000e+00	-0.250075936,-0.0858383626,-0.278226346,0.0359625071	-0.250075936,-0.0858383626,-0.278226346,0.0359625071
p4	1	644	q_conv_predelta-17	17	2048	2048	0.000000e+00	0.000000e+00	-0.0574828647,-0.019730946,-0.0639535636,0.00826640055	-0.0574828647,-0.019730946,-0.0639535636,0.00826640055
p4	1	645	k_conv_predelta-17	17	2048	2048	0.000000e+00	0.000000e+00	0.0139436573,-0.0778619573,-0.0293681473,-0.0351151451	0.0139436573,-0.0778619573,-0.0293681473,-0.0351151451
p4	1	646	v_conv_predelta-17	17	2048	2048	0.000000e+00	0.000000e+00	-0.273166299,-0.270327449,0.0567918643,-0.278417379	-0.273166299,-0.270327449,0.0567918643,-0.278417379
p4	1	647	a_softplus-17	17	16	16	0.000000e+00	0.000000e+00	3.72741866,0.191052213,3.67422533,2.03363633	3.72741866,0.191052213,3.67422533,2.03363633
p4	1	648	gate-17	17	16	16	0.000000e+00	0.000000e+00	-0.878449738,-0.0494511016,-0.928989649,-0.708318114	-0.878449738,-0.0494511016,-0.928989649,-0.708318114
p4	1	649	beta_sigmoid-17	17	16	16	0.000000e+00	0.000000e+00	0.835772812,0.686996877,0.975402653,0.752683222	0.835772812,0.686996877,0.975402653,0.752683222
p4	1	650	state_predelta-17	17	262144	262144	0.000000e+00	0.000000e+00	-0.000172685541,0.0010692958,0.000214257772,0.000100771846	-0.000172685541,0.0010692958,0.000214257772,0.000100771846
p4	1	651	new_state-17	17	262144	262144	0.000000e+00	0.000000e+00	-0.00324089639,0.0181409232,0.00676389271,0.00802294351	-0.00324089639,0.0181409232,0.00676389271,0.00802294351
p4	1	652	attn_output-17	17	2048	2048	0.000000e+00	0.000000e+00	-0.000702351448,-0.000727290753,0.000153941044,-0.0007190631	-0.000702351448,-0.000727290753,0.000153941044,-0.0007190631
p4	1	653	z-17	17	2048	2048	0.000000e+00	0.000000e+00	0.372738987,-0.712786436,-0.794414461,-1.48566008	0.372738987,-0.712786436,-0.794414461,-1.48566008
p4	1	654	final_output-17	17	2048	2048	0.000000e+00	0.000000e+00	-0.0939011574,0.114300586,-0.0176594593,0.117648512	-0.0939011574,0.114300586,-0.0176594593,0.117648512
p4	1	655	linear_attn_out-17	17	1024	1024	0.000000e+00	0.000000e+00	-0.193723574,-0.0412215889,0.0527837947,-0.0548305959	-0.193723574,-0.0412215889,0.0527837947,-0.0548305959
p4	1	656	attn_residual-17	17	1024	1024	0.000000e+00	0.000000e+00	-0.295503199,0.0132781751,-0.0310102254,0.0482286513	-0.295503199,0.0132781751,-0.0310102254,0.0482286513
p4	1	657	attn_post_norm-17	17	1024	1024	0.000000e+00	0.000000e+00	-2.02790189,0.159800112,-0.360097706,0.49238044	-2.02790189,0.159800112,-0.360097706,0.49238044
p4	1	658	ffn_out-17	17	1024	1024	0.000000e+00	0.000000e+00	-0.0309203602,-0.0251450092,0.00149492919,0.0208172537	-0.0309203602,-0.0251450092,0.00149492919,0.0208172537
p4	1	659	l_out-17	17	1024	1024	0.000000e+00	0.000000e+00	-0.326423556,-0.011866834,-0.0295152962,0.0690459013	-0.326423556,-0.011866834,-0.0295152962,0.0690459013
p4	1	660	attn_norm-18	18	1024	1024	0.000000e+00	0.000000e+00	-3.54195786,-0.169437066,-0.405575335,0.922599852	-3.54195786,-0.169437066,-0.405575335,0.922599852
p4	1	661	conv_output_silu-18	18	6144	6144	0.000000e+00	0.000000e+00	-0.261836022,-0.059716884,-0.251557797,-0.269120127	-0.261836022,-0.059716884,-0.251557797,-0.269120127
p4	1	662	q_conv_predelta-18	18	2048	2048	0.000000e+00	0.000000e+00	-0.0759143308,-0.0173137635,-0.0729343519,-0.0780262128	-0.0759143308,-0.0173137635,-0.0729343519,-0.0780262128
p4	1	663	k_conv_predelta-18	18	2048	2048	0.000000e+00	0.000000e+00	0.0199963413,-0.0446320958,-0.0427802391,-0.00689674215	0.0199963413,-0.0446320958,-0.0427802391,-0.00689674215
p4	1	664	v_conv_predelta-18	18	2048	2048	0.000000e+00	0.000000e+00	0.191947535,-0.270627379,-0.0255185571,-0.19449386	0.191947535,-0.270627379,-0.0255185571,-0.19449386
p4	1	665	a_softplus-18	18	16	16	0.000000e+00	0.000000e+00	0.00279940362,5.55898046,0.00905219,3.82046533	0.00279940362,5.55898046,0.00905219,3.82046533
p4	1	666	gate-18	18	16	16	0.000000e+00	0.000000e+00	-0.001166965,-1.12058651,-0.00269680889,-1.02826428	-0.001166965,-1.12058651,-0.00269680889,-1.02826428
p4	1	667	beta_sigmoid-18	18	16	16	0.000000e+00	0.000000e+00	0.820128024,0.881893754,0.312327713,0.963789821	0.820128024,0.881893754,0.312327713,0.963789821
p4	1	668	state_predelta-18	18	262144	262144	0.000000e+00	0.000000e+00	-0.0028666039,-0.00549975084,-0.00312245241,9.23981206e-05	-0.0028666039,-0.00549975084,-0.00312245241,9.23981206e-05
p4	1	669	new_state-18	18	262144	262144	0.000000e+00	0.000000e+00	-0.000448596431,-0.0108828992,-0.00828475133,-0.000740527874	-0.000448596431,-0.0108828992,-0.00828475133,-0.000740527874
p4	1	670	attn_output-18	18	2048	2048	0.000000e+00	0.000000e+00	0.0047715106,-0.00519326329,-0.000609894283,-0.0050920276	0.0047715106,-0.00519326329,-0.000609894283,-0.0050920276
p4	1	671	z-18	18	2048	2048	0.000000e+00	0.000000e+00	-2.37172723,-0.0662625432,-1.03026748,-0.442959994	-2.37172723,-0.0662625432,-1.03026748,-0.442959994
p4	1	672	final_output-18	18	2048	2048	0.000000e+00	0.000000e+00	-0.0617052652,0.0124329906,0.0112811876,0.0572904646	-0.0617052652,0.0124329906,0.0112811876,0.0572904646
p4	1	673	linear_attn_out-18	18	1024	1024	0.000000e+00	0.000000e+00	-0.0520831794,0.0797433555,0.112290226,-0.0743008107	-0.0520831794,0.0797433555,0.112290226,-0.0743008107
p4	1	674	attn_residual-18	18	1024	1024	0.000000e+00	0.000000e+00	-0.37850672,0.0678765178,0.0827749297,-0.0052549094	-0.37850672,0.0678765178,0.0827749297,-0.0052549094
p4	1	675	attn_post_norm-18	18	1024	1024	0.000000e+00	0.000000e+00	-2.58941293,0.72176981,0.894822478,-0.0486808158	-2.58941293,0.72176981,0.894822478,-0.0486808158
p4	1	676	ffn_out-18	18	1024	1024	0.000000e+00	0.000000e+00	-0.571595311,0.0105085876,-0.0962307081,0.03577796	-0.571595311,0.0105085876,-0.0962307081,0.03577796
p4	1	677	l_out-18	18	1024	1024	0.000000e+00	0.000000e+00	-0.950102031,0.0783851072,-0.0134557784,0.0305230506	-0.950102031,0.0783851072,-0.0134557784,0.0305230506
p4	1	678	attn_norm-19	19	1024	1024	0.000000e+00	0.000000e+00	-6.51279879,0.597625196,-0.105740093,0.237167791	-6.51279879,0.597625196,-0.105740093,0.237167791
p4	1	679	attn_pregate-19	19	2048	2048	0.000000e+00	0.000000e+00	-0.0171688348,-0.564522624,-0.0434040427,-0.157473952	-0.0171688348,-0.564522624,-0.0434040427,-0.157473952
p4	1	680	attn_gated-19	19	2048	2048	0.000000e+00	0.000000e+00	-0.000456974842,-0.0431993492,-0.0013574172,-0.0104929721	-0.000456974842,-0.0431993492,-0.0013574172,-0.0104929721
p4	1	681	attn_output-19	19	1024	1024	0.000000e+00	0.000000e+00	0.518569589,0.00938898325,0.00104814209,0.0301470533	0.518569589,0.00938898325,0.00104814209,0.0301470533
p4	1	682	attn_residual-19	19	1024	1024	0.000000e+00	0.000000e+00	-0.431532443,0.0877740905,-0.0124076363,0.0606701039	-0.431532443,0.0877740905,-0.0124076363,0.0606701039
p4	1	683	attn_post_norm-19	19	1024	1024	0.000000e+00	0.000000e+00	-2.94130445,0.885536134,-0.114448711,0.465104461	-2.94130445,0.885536134,-0.114448711,0.465104461
p4	1	684	ffn_out-19	19	1024	1024	0.000000e+00	0.000000e+00	-0.166125357,-0.0434850343,-0.12234737,0.104365967	-0.166125357,-0.0434850343,-0.12234737,0.104365967
p4	1	685	l_out-19	19	1024	1024	0.000000e+00	0.000000e+00	-0.5976578,0.0442890562,-0.134755,0.165036067	-0.5976578,0.0442890562,-0.134755,0.165036067
p4	1	686	attn_norm-20	20	1024	1024	0.000000e+00	0.000000e+00	-4.77548075,0.497129709,-1.40961051,1.54590285	-4.77548075,0.497129709,-1.40961051,1.54590285
p4	1	687	conv_output_silu-20	20	6144	6144	0.000000e+00	0.000000e+00	-0.0353061147,-0.114729524,-0.233037218,-0.0257545747	-0.0353061147,-0.114729524,-0.233037218,-0.0257545747
p4	1	688	q_conv_predelta-20	20	2048	2048	0.000000e+00	0.000000e+00	-0.0134400828,-0.0436744243,-0.0887109563,-0.00980407	-0.0134400828,-0.0436744243,-0.0887109563,-0.00980407
p4	1	689	k_conv_predelta-20	20	2048	2048	0.000000e+00	0.000000e+00	-0.00649574678,-0.0256030541,-0.0280315317,-0.0222887844	-0.00649574678,-0.0256030541,-0.0280315317,-0.0222887844
p4	1	690	v_conv_predelta-20	20	2048	2048	0.000000e+00	0.000000e+00	-0.0324604586,-0.0243834071,0.0106973443,-0.0982159376	-0.0324604586,-0.0243834071,0.0106973443,-0.0982159376
p4	1	691	a_softplus-20	20	16	16	0.000000e+00	0.000000e+00	0.168683365,2.38533854,0.0500976145,3.31928158	0.168683365,2.38533854,0.0500976145,3.31928158
p4	1	692	gate-20	20	16	16	0.000000e+00	0.000000e+00	-0.0376383476,-0.414509684,-0.00912345294,-0.95099014	-0.0376383476,-0.414509684,-0.00912345294,-0.95099014
p4	1	693	beta_sigmoid-20	20	16	16	0.000000e+00	0.000000e+00	0.987541139,0.996859312,0.952535093,0.961070001	0.987541139,0.996859312,0.952535093,0.961070001
p4	1	694	state_predelta-20	20	262144	262144	0.000000e+00	0.000000e+00	2.03583859e-05,-9.22874679e-05,0.000391181733,-0.000443777128	2.03583859e-05,-9.22874679e-05,0.000391181733,-0.000443777128
p4	1	695	new_state-20	20	262144	262144	0.000000e+00	0.000000e+00	0.000277495943,0.000927595829,0.00148962007,0.000457509072	0.000277495943,0.000927595829,0.00148962007,0.000457509072
p4	1	696	attn_output-20	20	2048	2048	0.000000e+00	0.000000e+00	-0.0014714353,-0.00105699676,0.000535517465,-0.0046233763	-0.0014714353,-0.00105699676,0.000535517465,-0.0046233763
p4	1	697	z-20	20	2048	2048	0.000000e+00	0.000000e+00	-0.66277498,0.393157482,0.83030206,-0.364499301	-0.66277498,0.393157482,0.83030206,-0.364499301
p4	1	698	final_output-20	20	2048	2048	0.000000e+00	0.000000e+00	0.0424100347,-0.0335651152,0.0382790864,0.079525739	0.0424100347,-0.0335651152,0.0382790864,0.079525739
p4	1	699	linear_attn_out-20	20	1024	1024	0.000000e+00	0.000000e+00	-0.042904146,-0.0564147346,0.0569685102,-0.0294200405	-0.042904146,-0.0564147346,0.0569685102,-0.0294200405
p4	1	700	attn_residual-20	20	1024	1024	0.000000e+00	0.000000e+00	-0.640561938,-0.0121256784,-0.0777864903,0.135616034	-0.640561938,-0.0121256784,-0.0777864903,0.135616034
p4	1	701	attn_post_norm-20	20	1024	1024	0.000000e+00	0.000000e+00	-3.38723564,-0.112358987,-0.729434788,0.991074562	-3.38723564,-0.112358987,-0.729434788,0.991074562
p4	1	702	ffn_out-20	20	1024	1024	0.000000e+00	0.000000e+00	0.389315665,0.0325814486,-0.0654742271,0.0164420102	0.389315665,0.0325814486,-0.0654742271,0.0164420102
p4	1	703	l_out-20	20	1024	1024	0.000000e+00	0.000000e+00	-0.251246274,0.0204557702,-0.143260717,0.15205805	-0.251246274,0.0204557702,-0.143260717,0.15205805
p4	1	704	attn_norm-21	21	1024	1024	0.000000e+00	0.000000e+00	-1.73002958,0.21626094,-1.38171315,1.36432493	-1.73002958,0.21626094,-1.38171315,1.36432493
p4	1	705	conv_output_silu-21	21	6144	6144	0.000000e+00	0.000000e+00	-0.268097788,0.533432305,-0.244088665,-0.278121859	-0.268097788,0.533432305,-0.244088665,-0.278121859
p4	1	706	q_conv_predelta-21	21	2048	2048	0.000000e+00	0.000000e+00	-0.0762943104,0.151802257,-0.0694618747,-0.0791469216	-0.0762943104,0.151802257,-0.0694618747,-0.0791469216
p4	1	707	k_conv_predelta-21	21	2048	2048	0.000000e+00	0.000000e+00	0.0177563839,0.0144747002,0.0667189658,-0.0247696023	0.0177563839,0.0144747002,0.0667189658,-0.0247696023
p4	1	708	v_conv_predelta-21	21	2048	2048	0.000000e+00	0.000000e+00	0.0260161925,-0.0738826543,0.027799597,-0.0155444993	0.0260161925,-0.0738826543,0.027799597,-0.0155444993
p4	1	709	a_softplus-21	21	16	16	0.000000e+00	0.000000e+00	2.16365457,6.00799322,0.177830949,3.20149255	2.16365457,6.00799322,0.177830949,3.20149255
p4	1	710	gate-21	21	16	16	0.000000e+00	0.000000e+00	-0.639575064,-1.55508208,-0.0664505735,-1.51819694	-0.639575064,-1.55508208,-0.0664505735,-1.51819694
p4	1	711	beta_sigmoid-21	21	16	16	0.000000e+00	0.000000e+00	0.952838719,0.957006097,0.882086933,0.989039063	0.952838719,0.957006097,0.882086933,0.989039063
p4	1	712	state_predelta-21	21	262144	262144	0.000000e+00	0.000000e+00	0.00117235072,-0.00104050036,0.00158851792,0.000219874637	0.00117235072,-0.00104050036,0.00158851792,0.000219874637
p4	1	713	new_state-21	21	262144	262144	0.000000e+00	0.000000e+00	0.00117180427,-9.77834861e-05,0.00291723665,-0.000655946205	0.00117180427,-9.77834861e-05,0.00291723665,-0.000655946205
p4	1	714	attn_output-21	21	2048	2048	0.000000e+00	0.000000e+00	0.00015308916,-0.000449430227,0.00027619701,-0.000104374674	0.00015308916,-0.000449430227,0.00027619701,-0.000104374674
p4	1	715	z-21	21	2048	2048	0.000000e+00	0.000000e+00	0.770283341,0.941594183,-0.15684396,-1.23384786	0.770283341,0.941594183,-0.15684396,-1.23384786
p4	1	716	final_output-21	21	2048	2048	0.000000e+00	0.000000e+00	0.0568104945,-0.177138224,-0.0126961097,0.0229484867	0.0568104945,-0.177138224,-0.0126961097,0.0229484867
p4	1	717	linear_attn_out-21	21	1024	1024	0.000000e+00	0.000000e+00	0.101661116,0.0313037485,0.00178652257,-0.0467889458	0.101661116,0.0313037485,0.00178652257,-0.0467889458
p4	1	718	attn_residual-21	21	1024	1024	0.000000e+00	0.000000e+00	-0.149585158,0.0517595187,-0.141474187,0.105269104	-0.149585158,0.0517595187,-0.141474187,0.105269104
p4	1	719	attn_post_norm-21	21	1024	1024	0.000000e+00	0.000000e+00	-0.721248865,0.431406289,-1.16360581,0.692196131	-0.721248865,0.431406289,-1.16360581,0.692196131
p4	1	720	ffn_out-21	21	1024	1024	0.000000e+00	0.000000e+00	0.0612355731,0.0345058106,0.0574016646,0.141551822	0.0612355731,0.0345058106,0.0574016646,0.141551822
p4	1	721	l_out-21	21	1024	1024	0.000000e+00	0.000000e+00	-0.0883495808,0.0862653255,-0.0840725228,0.246820927	-0.0883495808,0.0862653255,-0.0840725228,0.246820927
p4	1	722	attn_norm-22	22	1024	1024	0.000000e+00	0.000000e+00	-0.522104979,0.731367588,-0.655823648,1.92284	-0.522104979,0.731367588,-0.655823648,1.92284
p4	1	723	conv_output_silu-22	22	6144	6144	0.000000e+00	0.000000e+00	-0.0697763413,-0.182375982,0.090371266,0.0568780117	-0.0697763413,-0.182375982,0.090371266,0.0568780117
p4	1	724	q_conv_predelta-22	22	2048	2048	0.000000e+00	0.000000e+00	-0.0251392592,-0.0657070428,0.0325592682,0.0204922054	-0.0251392592,-0.0657070428,0.0325592682,0.0204922054
p4	1	725	k_conv_predelta-22	22	2048	2048	0.000000e+00	0.000000e+00	0.0146780629,-0.0069857589,0.156838909,0.0403231159	0.0146780629,-0.0069857589,0.156838909,0.0403231159
p4	1	726	v_conv_predelta-22	22	2048	2048	0.000000e+00	0.000000e+00	0.0236222558,0.00334634585,0.00936577655,-0.00642362377	0.0236222558,0.00334634585,0.00936577655,-0.00642362377
p4	1	727	a_softplus-22	22	16	16	0.000000e+00	0.000000e+00	1.3665359,3.1935463,3.61657214,0.449688822	1.3665359,3.1935463,3.61657214,0.449688822
p4	1	728	gate-22	22	16	16	0.000000e+00	0.000000e+00	-0.252783746,-0.723797917,-2.37180591,-0.0844940245	-0.252783746,-0.723797917,-2.37180591,-0.0844940245
p4	1	729	beta_sigmoid-22	22	16	16	0.000000e+00	0.000000e+00	0.675603092,0.93033576,0.954292953,0.591947138	0.675603092,0.93033576,0.954292953,0.591947138
p4	1	730	state_predelta-22	22	262144	262144	0.000000e+00	0.000000e+00	1.96618585e-05,1.21223929e-05,0.000348836795,-0.00128051371	1.96618585e-05,1.21223929e-05,0.000348836795,-0.00128051371
p4	1	731	new_state-22	22	262144	262144	0.000000e+00	0.000000e+00	0.000262434536,-0.000108218759,0.00291193509,-0.000315490412	0.000262434536,-0.000108218759,0.00291193509,-0.000315490412
p4	1	732	attn_output-22	22	2048	2048	0.000000e+00	0.000000e+00	8.24500676e-05,-8.54206064e-06,5.923969e-05,-0.000140494827	8.24500676e-05,-8.54206064e-06,5.923969e-05,-0.000140494827
p4	1	733	z-22	22	2048	2048	0.000000e+00	0.000000e+00	0.757918656,1.26367211,-4.73082829,-0.0292114392	0.757918656,1.26367211,-4.73082829,-0.0292114392
p4	1	734	final_output-22	22	2048	2048	0.000000e+00	0.000000e+00	0.0484962426,-0.00866942108,-0.00262853294,0.00195450429	0.0484962426,-0.00866942108,-0.00262853294,0.00195450429
p4	1	735	linear_attn_out-22	22	1024	1024	0.000000e+00	0.000000e+00	0.154114962,-0.00797390286,-0.0347981006,-0.163582146	0.154114962,-0.00797390286,-0.0347981006,-0.163582146
p4	1	736	attn_residual-22	22	1024	1024	0.000000e+00	0.000000e+00	0.0657653809,0.0782914236,-0.118870623,0.0832387805	0.0657653809,0.0782914236,-0.118870623,0.0832387805
p4	1	737	attn_post_norm-22	22	1024	1024	0.000000e+00	0.000000e+00	0.318150192,0.546447217,-0.814900994,0.469159693	0.318150192,0.546447217,-0.814900994,0.469159693
p4	1	738	ffn_out-22	22	1024	1024	0.000000e+00	0.000000e+00	-0.773885369,-0.0230498072,-0.0728940591,0.182099581	-0.773885369,-0.0230498072,-0.0728940591,0.182099581
p4	1	739	l_out-22	22	1024	1024	0.000000e+00	0.000000e+00	-0.708119988,0.0552416146,-0.191764683,0.265338361	-0.708119988,0.0552416146,-0.191764683,0.265338361
p4	1	740	attn_norm-23	23	1024	1024	0.000000e+00	0.000000e+00	-3.16146874,0.315798074,-1.13279724,1.27943146	-3.16146874,0.315798074,-1.13279724,1.27943146
p4	1	741	attn_pregate-23	23	2048	2048	0.000000e+00	0.000000e+00	-6.31631756,-0.0749161392,-0.405030072,0.0232571885	-6.31631756,-0.0749161392,-0.405030072,0.0232571885
p4	1	742	attn_gated-23	23	2048	2048	0.000000e+00	0.000000e+00	-0.379436702,-0.0140625313,-0.0674690828,0.00560778426	-0.379436702,-0.0140625313,-0.0674690828,0.00560778426
p4	1	743	attn_output-23	23	1024	1024	0.000000e+00	0.000000e+00	0.572911024,-0.0929155201,-0.0119276941,0.107175887	0.572911024,-0.0929155201,-0.0119276941,0.107175887
p4	1	744	attn_residual-23	23	1024	1024	0.000000e+00	0.000000e+00	-0.135208964,-0.0376739055,-0.203692377,0.372514248	-0.135208964,-0.0376739055,-0.203692377,0.372514248
p4	1	745	attn_post_norm-23	23	1024	1024	0.000000e+00	0.000000e+00	-0.625665605,-0.210736528,-1.04827797,1.79333711	-0.625665605,-0.210736528,-1.04827797,1.79333711
p4	1	746	ffn_out-23	23	1024	1024	0.000000e+00	0.000000e+00	-0.207013339,-0.0272767916,-0.115659617,-0.0819570795	-0.207013339,-0.0272767916,-0.115659617,-0.0819570795
p4	1	747	l_out-23	23	1024	1024	0.000000e+00	0.000000e+00	-0.342222303,-0.0649506971,-0.319352001,0.290557176	-0.342222303,-0.0649506971,-0.319352001,0.290557176
p4	1	748	result_norm	-1	1024	1024	0.000000e+00	0.000000e+00	-0.287202179,-0.918035805,-4.38217926,4.44907284	-0.287202179,-0.918035805,-4.38217926,4.44907284
p4	1	749	result_output	-1	248320	248320	0.000000e+00	0.000000e+00	4.88982105,5.59596395,7.5546093,2.06305313	4.88982105,5.59596395,7.5546093,2.06305313
p4	2	750	model.input_embed	-1	1024	1024	0.000000e+00	0.000000e+00	0.0146448612,-0.0175738335,-0.0312423706,0.024408102	0.0146448612,-0.0175738335,-0.0312423706,0.024408102
p4	2	751	attn_norm-0	0	1024	1024	0.000000e+00	0.000000e+00	1.29330158,-1.00483465,-2.1177814,1.88185501	1.29330158,-1.00483465,-2.1177814,1.88185501
p4	2	752	conv_output_silu-0	0	6144	6144	0.000000e+00	0.000000e+00	-0.00736192241,0.000527896977,-0.00319354748,-0.277904302	-0.00736192241,0.000527896977,-0.00319354748,-0.277904302
p4	2	753	q_conv_predelta-0	0	2048	2048	0.000000e+00	0.000000e+00	-0.00870267767,0.000624037697,-0.00377515727,-0.328516334	-0.00870267767,0.000624037697,-0.00377515727,-0.328516334
p4	2	754	k_conv_predelta-0	0	2048	2048	0.000000e+00	0.000000e+00	-0.0242358707,-0.0255167447,-0.0529923737,0.00397556415	-0.0242358707,-0.0255167447,-0.0529923737,0.00397556415
p4	2	755	v_conv_predelta-0	0	2048	2048	0.000000e+00	0.000000e+00	-0.0266879387,0.00295418175,0.00922870077,-0.00507568289	-0.0266879387,0.00295418175,0.00922870077,-0.00507568289
p4	2	756	a_softplus-0	0	16	16	0.000000e+00	0.000000e+00	5.45917463,5.97220715e-05,4.10071552e-05,5.77334023	5.45917463,5.97220715e-05,4.10071552e-05,5.77334023
p4	2	757	gate-0	0	16	16	0.000000e+00	0.000000e+00	-7.06469679,-7.83383075e-06,-4.89760623e-06,-3.27672529	-7.06469679,-7.83383075e-06,-4.89760623e-06,-3.27672529
p4	2	758	beta_sigmoid-0	0	16	16	0.000000e+00	0.000000e+00	0.419071883,0.505235493,0.658482194,0.997189343	0.419071883,0.505235493,0.658482194,0.997189343
p4	2	759	state_predelta-0	0	262144	262144	0.000000e+00	0.000000e+00	-0.000227077442,-0.000718736555,0.000473905733,1.55089856e-05	-0.000227077442,-0.000718736555,0.000473905733,1.55089856e-05
p4	2	760	new_state-0	0	262144	262144	0.000000e+00	0.000000e+00	0.000270864082,0.000284769339,0.000593080942,-4.44501384e-05	0.000270864082,0.000284769339,0.000593080942,-4.44501384e-05
p4	2	761	attn_output-0	0	2048	2048	0.000000e+00	0.000000e+00	-1.09099019e-05,1.25032614e-06,3.77172864e-06,-2.25226472e-06	-1.09099019e-05,1.25032614e-06,3.77172864e-06,-2.25226472e-06
p4	2	762	z-0	0	2048	2048	0.000000e+00	0.000000e+00	-0.211147919,1.16224277,0.118394732,-1.16109598	-0.211147919,1.16224277,0.118394732,-1.16109598
p4	2	763	final_output-0	0	2048	2048	0.000000e+00	0.000000e+00	0.000992439804,0.00109589868,0.000219341367,0.000576294144	0.000992439804,0.00109589868,0.000219341367,0.000576294144
p4	2	764	linear_attn_out-0	0	1024	1024	0.000000e+00	0.000000e+00	-0.569723129,0.0173203051,-0.0036073029,-0.0111208521	-0.569723129,0.0173203051,-0.0036073029,-0.0111208521
p4	2	765	attn_residual-0	0	1024	1024	0.000000e+00	0.000000e+00	-0.555078268,-0.000253528357,-0.0348496735,0.01328725	-0.555078268,-0.000253528357,-0.0348496735,0.01328725
p4	2	766	attn_post_norm-0	0	1024	1024	0.000000e+00	0.000000e+00	-10.3263655,-0.00865169428,-1.22373569,0.457186103	-10.3263655,-0.00865169428,-1.22373569,0.457186103
p4	2	767	ffn_out-0	0	1024	1024	0.000000e+00	0.000000e+00	0.11410664,0.00147140212,0.0517498851,0.0101103634	0.11410664,0.00147140212,0.0517498851,0.0101103634
p4	2	768	l_out-0	0	1024	1024	0.000000e+00	0.000000e+00	-0.440971613,0.00121787377,0.0169002116,0.0233976133	-0.440971613,0.00121787377,0.0169002116,0.0233976133
p4	2	769	attn_norm-1	1	1024	1024	0.000000e+00	0.000000e+00	-14.0991964,0.0504563041,0.669730663,0.994151056	-14.0991964,0.0504563041,0.669730663,0.994151056
p4	2	770	conv_output_silu-1	1	6144	6144	0.000000e+00	0.000000e+00	0.000754745561,0.0112860193,-0.0767942518,-0.256346166	0.000754745561,0.0112860193,-0.0767942518,-0.256346166
p4	2	771	q_conv_predelta-1	1	2048	2048	0.000000e+00	0.000000e+00	0.000825167459,0.0123390667,-0.0839595795,-0.280264676	0.000825167459,0.0123390667,-0.0839595795,-0.280264676
p4	2	772	k_conv_predelta-1	1	2048	2048	0.000000e+00	0.000000e+00	-0.151810557,0.267190456,0.0324466638,-0.0100454073	-0.151810557,0.267190456,0.0324466638,-0.0100454073
p4	2	773	v_conv_predelta-1	1	2048	2048	0.000000e+00	0.000000e+00	0.0826812461,-0.199749693,0.00618921407,-0.000436914619	0.0826812461,-0.199749693,0.00618921407,-0.000436914619
p4	2	774	a_softplus-1	1	16	16	0.000000e+00	0.000000e+00	0.031938158,0.547971189,0.964391351,1.52653933	0.031938158,0.547971189,0.964391351,1.52653933
p4	2	775	gate-1	1	16	16	0.000000e+00	0.000000e+00	-0.00572619587,-0.591053367,-1.10460091,-0.461945117	-0.00572619587,-0.591053367,-1.10460091,-0.461945117
p4	2	776	beta_sigmoid-1	1	16	16	0.000000e+00	0.000000e+00	0.955069661,0.653619409,0.303909153,0.687873721	0.955069661,0.653619409,0.303909153,0.687873721
p4	2	777	state_predelta-1	1	262144	262144	0.000000e+00	0.000000e+00	-0.00371669489,0.0592798479,0.00459275721,0.0010585055	-0.00371669489,0.0592798479,0.00459275721,0.0010585055
p4	2	778	new_state-1	1	262144	262144	0.000000e+00	0.000000e+00	-0.00684722699,0.0644885376,0.0052401619,0.000843907939	-0.00684722699,0.0644885376,0.0052401619,0.000843907939
p4	2	779	attn_output-1	1	2048	2048	0.000000e+00	0.000000e+00	0.00162343599,-0.000979073346,0.0002306237,2.49180921e-05	0.00162343599,-0.000979073346,0.0002306237,2.49180921e-05
p4	2	780	z-1	1	2048	2048	0.000000e+00	0.000000e+00	-4.57112598,-5.79239702,-0.153953493,-0.344445765	-4.57112598,-5.79239702,-0.153953493,-0.344445765
p4	2	781	final_output-1	1	2048	2048	0.000000e+00	0.000000e+00	-0.0608462691,0.0137800993,-0.0143499868,-0.00343575026	-0.0608462691,0.0137800993,-0.0143499868,-0.00343575026
p4	2	782	linear_attn_out-1	1	1024	1024	0.000000e+00	0.000000e+00	-0.282230616,-0.00302366912,0.0237395167,0.0154010206	-0.282230616,-0.00302366912,0.0237395167,0.0154010206
p4	2	783	attn_residual-1	1	1024	1024	0.000000e+00	0.000000e+00	-0.723202229,-0.00180579536,0.0406397283,0.038798634	-0.723202229,-0.00180579536,0.0406397283,0.038798634
p4	2	784	attn_post_norm-1	1	1024	1024	0.000000e+00	0.000000e+00	-11.8394833,-0.0465689227,1.05877221,1.0671525	-11.8394833,-0.0465689227,1.05877221,1.0671525
p4	2	785	ffn_out-1	1	1024	1024	0.000000e+00	0.000000e+00	0.126982659,0.0017410703,0.0259835739,0.0225349143	0.126982659,0.0017410703,0.0259835739,0.0225349143
p4	2	786	l_out-1	1	1024	1024	0.000000e+00	0.000000e+00	-0.59621954,-6.47250563e-05,0.0666233003,0.0613335483	-0.59621954,-6.47250563e-05,0.0666233003,0.0613335483
p4	2	787	attn_norm-2	2	1024	1024	0.000000e+00	0.000000e+00	-16.2136707,-0.00215617334,2.14297557,2.06925368	-16.2136707,-0.00215617334,2.14297557,2.06925368
p4	2	788	conv_output_silu-2	2	6144	6144	0.000000e+00	0.000000e+00	0.0290282983,-0.0435350984,-0.0272603706,-0.0034311472	0.0290282983,-0.0435350984,-0.0272603706,-0.0034311472
p4	2	789	q_conv_predelta-2	2	2048	2048	0.000000e+00	0.000000e+00	0.0192410462,-0.0288566984,-0.0180691984,-0.00227429322	0.0192410462,-0.0288566984,-0.0180691984,-0.00227429322
p4	2	790	k_conv_predelta-2	2	2048	2048	0.000000e+00	0.000000e+00	0.0112831658,-0.077574335,-0.0100146458,-0.175012082	0.0112831658,-0.077574335,-0.0100146458,-0.175012082
p4	2	791	v_conv_predelta-2	2	2048	2048	0.000000e+00	0.000000e+00	0.0111495405,-0.0217262246,-0.00473933388,-0.0457938723	0.0111495405,-0.0217262246,-0.00473933388,-0.0457938723
p4	2	792	a_softplus-2	2	16	16	0.000000e+00	0.000000e+00	0.324832141,0.0373852327,0.0678739175,0.265272915	0.324832141,0.0373852327,0.0678739175,0.265272915
p4	2	793	gate-2	2	16	16	0.000000e+00	0.000000e+00	-0.291604489,-0.0105449893,-0.0202208515,-0.173291981	-0.291604489,-0.0105449893,-0.0202208515,-0.173291981
p4	2	794	beta_sigmoid-2	2	16	16	0.000000e+00	0.000000e+00	0.262896419,0.675542355,0.908065856,0.396714151	0.262896419,0.675542355,0.908065856,0.396714151
p4	2	795	state_predelta-2	2	262144	262144	0.000000e+00	0.000000e+00	-0.00100830896,4.57183851e-05,0.000460988813,0.00256952038	-0.00100830896,4.57183851e-05,0.000460988813,0.00256952038
p4	2	796	new_state-2	2	262144	262144	0.000000e+00	0.000000e+00	-0.000723901379,-0.000167770035,0.000318320177,0.0014640427	-0.000723901379,-0.000167770035,0.000318320177,0.0014640427
p4	2	797	attn_output-2	2	2048	2048	0.000000e+00	0.000000e+00	4.17143809e-07,-5.80546021e-06,1.33832009e-06,1.67552807e-05	4.17143809e-07,-5.80546021e-06,1.33832009e-06,1.67552807e-05
p4	2	798	z-2	2	2048	2048	0.000000e+00	0.000000e+00	-0.129029632,-0.221824884,0.000503242016,0.0698781013	-0.129029632,-0.221824884,0.000503242016,0.0698781013
p4	2	799	final_output-2	2	2048	2048	0.000000e+00	0.000000e+00	-2.57307856e-05,0.000380302867,3.07843663e-07,0.000591723016	-2.57307856e-05,0.000380302867,3.07843663e-07,0.000591723016
p4	2	800	linear_attn_out-2	2	1024	1024	0.000000e+00	0.000000e+00	-0.287902385,-0.00235810876,-0.0107225571,0.0102320518	-0.287902385,-0.00235810876,-0.0107225571,0.0102320518
p4	2	801	attn_residual-2	2	1024	1024	0.000000e+00	0.000000e+00	-0.884121895,-0.00242283382,0.0559007451,0.0715655982	-0.884121895,-0.00242283382,0.0559007451,0.0715655982
p4	2	802	attn_post_norm-2	2	1024	1024	0.000000e+00	0.000000e+00	-12.3125095,-0.0529914983,1.24111044,1.58392501	-12.3125095,-0.0529914983,1.24111044,1.58392501
p4	2	803	ffn_out-2	2	1024	1024	0.000000e+00	0.000000e+00	0.53694129,0.000252663158,0.00051677553,-0.0237415731	0.53694129,0.000252663158,0.00051677553,-0.0237415731
p4	2	804	l_out-2	2	1024	1024	0.000000e+00	0.000000e+00	-0.347180605,-0.00217017066,0.0564175211,0.0478240252	-0.347180605,-0.00217017066,0.0564175211,0.0478240252
p4	2	805	attn_norm-3	3	1024	1024	0.000000e+00	0.000000e+00	-9.03249264,-0.0674026608,1.58385587,1.41590667	-9.03249264,-0.0674026608,1.58385587,1.41590667
p4	2	806	attn_pregate-3	3	2048	2048	0.000000e+00	0.000000e+00	0.249600902,-0.0437856503,0.374916703,0.137522116	0.249600902,-0.0437856503,0.374916703,0.137522116
p4	2	807	attn_gated-3	3	2048	2048	0.000000e+00	0.000000e+00	0.0203364212,-0.00325910677,0.0417813547,0.0132462336	0.0203364212,-0.00325910677,0.0417813547,0.0132462336
p4	2	808	attn_output-3	3	1024	1024	0.000000e+00	0.000000e+00	-0.308658093,0.0152899213,-0.0117371427,0.00418997975	-0.308658093,0.0152899213,-0.0117371427,0.00418997975
p4	2	809	attn_residual-3	3	1024	1024	0.000000e+00	0.000000e+00	-0.655838728,0.0131197507,0.0446803793,0.0520140044	-0.655838728,0.0131197507,0.0446803793,0.0520140044
p4	2	810	attn_post_norm-3	3	1024	1024	0.000000e+00	0.000000e+00	-9.78358555,0.293097943,1.02817082,1.2073133	-9.78358555,0.293097943,1.02817082,1.2073133
p4	2	811	ffn_out-3	3	1024	1024	0.000000e+00	0.000000e+00	-0.0230578482,0.00889368728,0.014295429,-0.0158676431	-0.0230578482,0.00889368728,0.014295429,-0.0158676431
p4	2	812	l_out-3	3	1024	1024	0.000000e+00	0.000000e+00	-0.678896546,0.022013437,0.0589758083,0.0361463614	-0.678896546,0.022013437,0.0589758083,0.0361463614
p4	2	813	attn_norm-4	4	1024	1024	0.000000e+00	0.000000e+00	-15.7536421,0.673735142,1.68223441,1.13414824	-15.7536421,0.673735142,1.68223441,1.13414824
p4	2	814	conv_output_silu-4	4	6144	6144	0.000000e+00	0.000000e+00	0.179566458,0.00419321889,-0.0165612213,0.00295572635	0.179566458,0.00419321889,-0.0165612213,0.00295572635
p4	2	815	q_conv_predelta-4	4	2048	2048	0.000000e+00	0.000000e+00	0.144490153,0.00337412022,-0.0133261709,0.00237835804	0.144490153,0.00337412022,-0.0133261709,0.00237835804
p4	2	816	k_conv_predelta-4	4	2048	2048	0.000000e+00	0.000000e+00	-0.0122678922,-0.00481785554,0.0704249442,-0.00733254384	-0.0122678922,-0.00481785554,0.0704249442,-0.00733254384
p4	2	817	v_conv_predelta-4	4	2048	2048	0.000000e+00	0.000000e+00	0.128320903,0.00748387305,0.00135920197,0.0158732925	0.128320903,0.00748387305,0.00135920197,0.0158732925
p4	2	818	a_softplus-4	4	16	16	0.000000e+00	0.000000e+00	0.442889154,1.61719203,0.0485270284,1.57385647	0.442889154,1.61719203,0.0485270284,1.57385647
p4	2	819	gate-4	4	16	16	0.000000e+00	0.000000e+00	-0.184623659,-1.57126772,-0.015269706,-0.826130688	-0.184623659,-1.57126772,-0.015269706,-0.826130688
p4	2	820	beta_sigmoid-4	4	16	16	0.000000e+00	0.000000e+00	0.734472513,0.903905451,0.654153109,0.748869002	0.734472513,0.903905451,0.654153109,0.748869002
p4	2	821	state_predelta-4	4	262144	262144	0.000000e+00	0.000000e+00	-0.000104293904,0.00693754852,-0.00506160082,0.00145295623	-0.000104293904,0.00693754852,-0.00506160082,0.00145295623
p4	2	822	new_state-4	4	262144	262144	0.000000e+00	0.000000e+00	-0.00148247345,0.00521985255,0.00380419428,0.00037376309	-0.00148247345,0.00521985255,0.00380419428,0.00037376309
p4	2	823	attn_output-4	4	2048	2048	0.000000e+00	0.000000e+00	0.00016805678,2.43578997e-05,-1.47841865e-05,4.34904214e-05	0.00016805678,2.43578997e-05,-1.47841865e-05,4.34904214e-05
p4	2	824	z-4	4	2048	2048	0.000000e+00	0.000000e+00	-0.492414534,0.692986608,-0.343007445,-0.0730923265	-0.492414534,0.692986608,-0.343007445,-0.0730923265
p4	2	825	final_output-4	4	2048	2048	0.000000e+00	0.000000e+00	-0.0272556655,0.0117509328,0.00174553203,-0.00143656542	-0.0272556655,0.0117509328,0.00174553203,-0.00143656542
p4	2	826	linear_attn_out-4	4	1024	1024	0.000000e+00	0.000000e+00	-0.127001241,-0.00847594813,0.00245629367,0.0223390609	-0.127001241,-0.00847594813,0.00245629367,0.0223390609
p4	2	827	attn_residual-4	4	1024	1024	0.000000e+00	0.000000e+00	-0.805897772,0.0135374889,0.0614321008,0.0584854223	-0.805897772,0.0135374889,0.0614321008,0.0584854223
p4	2	828	attn_post_norm-4	4	1024	1024	0.000000e+00	0.000000e+00	-12.0453644,0.295687616,1.31962943,1.32284319	-12.0453644,0.295687616,1.31962943,1.32284319
p4	2	829	ffn_out-4	4	1024	1024	0.000000e+00	0.000000e+00	-0.0101391897,-0.0220173504,-0.00978918746,-0.0296616852	-0.0101391897,-0.0220173504,-0.00978918746,-0.0296616852
p4	2	830	l_out-4	4	1024	1024	0.000000e+00	0.000000e+00	-0.81603694,-0.00847986154,0.0516429134,0.0288237371	-0.81603694,-0.00847986154,0.0516429134,0.0288237371
p4	2	831	attn_norm-5	5	1024	1024	0.000000e+00	0.000000e+00	-17.9184494,-0.250756741,1.42030537,0.892089009	-17.9184494,-0.250756741,1.42030537,0.892089009
p4	2	832	conv_output_silu-5	5	6144	6144	0.000000e+00	0.000000e+00	0.119516663,-0.0180646125,0.0220067538,-0.163793743	0.119516663,-0.0180646125,0.0220067538,-0.163793743
p4	2	833	q_conv_predelta-5	5	2048	2048	0.000000e+00	0.000000e+00	0.0768497884,-0.0116156321,0.0141504481,-0.105320156	0.0768497884,-0.0116156321,0.0141504481,-0.105320156
p4	2	834	k_conv_predelta-5	5	2048	2048	0.000000e+00	0.000000e+00	-0.0113886008,-0.00239177304,-0.275179833,0.0471387431	-0.0113886008,-0.00239177304,-0.275179833,0.0471387431
p4	2	835	v_conv_predelta-5	5	2048	2048	0.000000e+00	0.000000e+00	-0.0517397262,-0.0158953108,0.0228105877,0.00105127099	-0.0517397262,-0.0158953108,0.0228105877,0.00105127099
p4	2	836	a_softplus-5	5	16	16	0.000000e+00	0.000000e+00	0.150004312,0.0464086607,0.103089914,0.0111760097	0.150004312,0.0464086607,0.103089914,0.0111760097
p4	2	837	gate-5	5	16	16	0.000000e+00	0.000000e+00	-0.114563912,-0.00563000934,-0.0262696445,-0.004677088	-0.114563912,-0.00563000934,-0.0262696445,-0.004677088
p4	2	838	beta_sigmoid-5	5	16	16	0.000000e+00	0.000000e+00	0.975458562,0.67536658,0.886795163,0.677951396	0.975458562,0.67536658,0.886795163,0.677951396
p4	2	839	state_predelta-5	5	262144	262144	0.000000e+00	0.000000e+00	-1.49473738e-06,2.77657127e-05,-0.000689413107,8.43098678e-05	-1.49473738e-06,2.77657127e-05,-0.000689413107,8.43098678e-05
p4	2	840	new_state-5	5	262144	262144	0.000000e+00	0.000000e+00	0.000586853654,0.000148288018,0.0135974139,-0.00235938886	0.000586853654,0.000148288018,0.0135974139,-0.00235938886
p4	2	841	attn_output-5	5	2048	2048	0.000000e+00	0.000000e+00	-0.000235042884,-8.02426002e-05,8.82149179e-05,1.78783666e-05	-0.000235042884,-8.02426002e-05,8.82149179e-05,1.78783666e-05
p4	2	842	z-5	5	2048	2048	0.000000e+00	0.000000e+00	1.34627819,1.35624397,0.137592167,1.75746822	1.34627819,1.35624397,0.137592167,1.75746822
p4	2	843	final_output-5	5	2048	2048	0.000000e+00	0.000000e+00	-0.230522528,-0.0765380934,0.00607682392,0.0248558577	-0.230522528,-0.0765380934,0.00607682392,0.0248558577
p4	2	844	linear_attn_out-5	5	1024	1024	0.000000e+00	0.000000e+00	-0.117525734,0.00539549254,0.00317811035,0.0349283144	-0.117525734,0.00539549254,0.00317811035,0.0349283144
p4	2	845	attn_residual-5	5	1024	1024	0.000000e+00	0.000000e+00	-0.933562696,-0.003084369,0.0548210219,0.0637520552	-0.933562696,-0.003084369,0.0548210219,0.0637520552
p4	2	846	attn_post_norm-5	5	1024	1024	0.000000e+00	0.000000e+00	-12.7750578,-0.0634444132,1.07107699,1.37991118	-12.7750578,-0.0634444132,1.07107699,1.37991118
p4	2	847	ffn_out-5	5	1024	1024	0.000000e+00	0.000000e+00	0.143192843,0.0133825447,0.00733657647,-0.0147227701	0.143192843,0.0133825447,0.00733657647,-0.0147227701
p4	2	848	l_out-5	5	1024	1024	0.000000e+00	0.000000e+00	-0.790369868,0.0102981757,0.0621575974,0.0490292832	-0.790369868,0.0102981757,0.0621575974,0.0490292832
p4	2	849	attn_norm-6	6	1024	1024	0.000000e+00	0.000000e+00	-16.6706181,0.281461865,1.64260626,1.41950846	-16.6706181,0.281461865,1.64260626,1.41950846
p4	2	850	conv_output_silu-6	6	6144	6144	0.000000e+00	0.000000e+00	0.0268836692,-0.109166548,0.010444738,-0.199841782	0.0268836692,-0.109166548,0.010444738,-0.199841782
p4	2	851	q_conv_predelta-6	6	2048	2048	0.000000e+00	0.000000e+00	0.016475305,-0.0669012964,0.00640092138,-0.122470424	0.016475305,-0.0669012964,0.00640092138,-0.122470424
p4	2	852	k_conv_predelta-6	6	2048	2048	0.000000e+00	0.000000e+00	-0.0185271036,0.00400366588,-0.0266050603,0.0559843257	-0.0185271036,0.00400366588,-0.0266050603,0.0559843257
p4	2	853	v_conv_predelta-6	6	2048	2048	0.000000e+00	0.000000e+00	-0.00635687308,0.00382383866,-0.00223655091,-0.00205801963	-0.00635687308,0.00382383866,-0.00223655091,-0.00205801963
p4	2	854	a_softplus-6	6	16	16	0.000000e+00	0.000000e+00	0.549684227,0.0872110352,0.873370886,0.159713417	0.549684227,0.0872110352,0.873370886,0.159713417
p4	2	855	gate-6	6	16	16	0.000000e+00	0.000000e+00	-0.100104935,-0.0648097396,-0.266363084,-0.0885473415	-0.100104935,-0.0648097396,-0.266363084,-0.0885473415
p4	2	856	beta_sigmoid-6	6	16	16	0.000000e+00	0.000000e+00	0.923564374,0.96645242,0.740914285,0.949472427	0.923564374,0.96645242,0.740914285,0.949472427
p4	2	857	state_predelta-6	6	262144	262144	0.000000e+00	0.000000e+00	5.58014435e-05,-5.24543684e-05,0.000128119354,-0.000154647554	5.58014435e-05,-5.24543684e-05,0.000128119354,-0.000154647554
p4	2	858	new_state-6	6	262144	262144	0.000000e+00	0.000000e+00	0.000141244222,-6.70703594e-05,0.000246244599,-0.000414165319	0.000141244222,-6.70703594e-05,0.000246244599,-0.000414165319
p4	2	859	attn_output-6	6	2048	2048	0.000000e+00	0.000000e+00	-4.31563676e-05,4.17210322e-05,-1.67432154e-05,-1.41184955e-05	-4.31563676e-05,4.17210322e-05,-1.67432154e-05,-1.41184955e-05
p4	2	860	z-6	6	2048	2048	0.000000e+00	0.000000e+00	0.764813185,0.615757227,1.15117931,1.08153975	0.764813185,0.615757227,1.15117931,1.08153975
p4	2	861	final_output-6	6	2048	2048	0.000000e+00	0.000000e+00	-0.0183359962,0.01560333,-0.0135410763,-0.0113664679	-0.0183359962,0.01560333,-0.0135410763,-0.0113664679
p4	2	862	linear_attn_out-6	6	1024	1024	0.000000e+00	0.000000e+00	0.114264369,0.00926351454,-0.0160053931,-0.0108964518	0.114264369,0.00926351454,-0.0160053931,-0.0108964518
p4	2	863	attn_residual-6	6	1024	1024	0.000000e+00	0.000000e+00	-0.676105499,0.0195616893,0.0461522043,0.0381328315	-0.676105499,0.0195616893,0.0461522043,0.0381328315
p4	2	864	attn_post_norm-6	6	1024	1024	0.000000e+00	0.000000e+00	-10.0837774,0.357385814,0.832357466,0.712779224	-10.0837774,0.357385814,0.832357466,0.712779224
p4	2	865	ffn_out-6	6	1024	1024	0.000000e+00	0.000000e+00	0.183767825,0.0136220856,-0.0280249976,0.0370744355	0.183767825,0.0136220856,-0.0280249976,0.0370744355
p4	2	866	l_out-6	6	1024	1024	0.000000e+00	0.000000e+00	-0.492337674,0.0331837758,0.0181272067,0.0752072632	-0.492337674,0.0331837758,0.0181272067,0.0752072632
p4	2	867	attn_norm-7	7	1024	1024	0.000000e+00	0.000000e+00	-8.16299725,0.584665179,0.32982263,1.58962464	-8.16299725,0.584665179,0.32982263,1.58962464
p4	2	868	attn_pregate-7	7	2048	2048	0.000000e+00	0.000000e+00	0.130815998,-0.151437744,0.922815919,-0.224278092	0.130815998,-0.151437744,0.922815919,-0.224278092
p4	2	869	attn_gated-7	7	2048	2048	0.000000e+00	0.000000e+00	0.0266409144,-0.0392240472,0.279590189,-0.0364061669	0.0266409144,-0.0392240472,0.279590189,-0.0364061669
p4	2	870	attn_output-7	7	1024	1024	0.000000e+00	0.000000e+00	-0.0750476941,-0.000687003136,0.00784670562,-0.0601437986	-0.0750476941,-0.000687003136,0.00784670562,-0.0601437986
p4	2	871	attn_residual-7	7	1024	1024	0.000000e+00	0.000000e+00	-0.567385375,0.0324967727,0.0259739123,0.0150634646	-0.567385375,0.0324967727,0.0259739123,0.0150634646
p4	2	872	attn_post_norm-7	7	1024	1024	0.000000e+00	0.000000e+00	-7.27478313,0.606748402,0.467632294,0.29264757	-7.27478313,0.606748402,0.467632294,0.29264757
p4	2	873	ffn_out-7	7	1024	1024	0.000000e+00	0.000000e+00	-0.217620313,0.0290186368,0.0162972622,-0.0350139998	-0.217620313,0.0290186368,0.0162972622,-0.0350139998
p4	2	874	l_out-7	7	1024	1024	0.000000e+00	0.000000e+00	-0.785005689,0.0615154095,0.0422711745,-0.0199505351	-0.785005689,0.0615154095,0.0422711745,-0.0199505351
p4	2	875	attn_norm-8	8	1024	1024	0.000000e+00	0.000000e+00	-15.8336172,1.46783888,0.915304482,-0.511552274	-15.8336172,1.46783888,0.915304482,-0.511552274
p4	2	876	conv_output_silu-8	8	6144	6144	0.000000e+00	0.000000e+00	0.0114461072,-0.00995551888,0.00154008577,-0.0134663703	0.0114461072,-0.00995551888,0.00154008577,-0.0134663703
p4	2	877	q_conv_predelta-8	8	2048	2048	0.000000e+00	0.000000e+00	0.00681158435,-0.00592453498,0.000916505931,-0.00801384449	0.00681158435,-0.00592453498,0.000916505931,-0.00801384449
p4	2	878	k_conv_predelta-8	8	2048	2048	0.000000e+00	0.000000e+00	0.0220129713,0.0825768039,0.0772805363,-0.0107841687	0.0220129713,0.0825768039,0.0772805363,-0.0107841687
p4	2	879	v_conv_predelta-8	8	2048	2048	0.000000e+00	0.000000e+00	-0.0772742182,-0.0154847037,-0.0238032807,0.0538599826	-0.0772742182,-0.0154847037,-0.0238032807,0.0538599826
p4	2	880	a_softplus-8	8	16	16	0.000000e+00	0.000000e+00	0.280390203,0.0896735191,0.0067262426,0.0508012548	0.280390203,0.0896735191,0.0067262426,0.0508012548
p4	2	881	gate-8	8	16	16	0.000000e+00	0.000000e+00	-0.0984262154,-0.0254919585,-0.00200386764,-0.00766984234	-0.0984262154,-0.0254919585,-0.00200386764,-0.00766984234
p4	2	882	beta_sigmoid-8	8	16	16	0.000000e+00	0.000000e+00	0.787186444,0.583560526,0.446135253,0.680851579	0.787186444,0.583560526,0.446135253,0.680851579
p4	2	883	state_predelta-8	8	262144	262144	0.000000e+00	0.000000e+00	0.00319909491,-0.00759682897,0.00447117444,-0.00280695222	0.00319909491,-0.00759682897,0.00447117444,-0.00280695222
p4	2	884	new_state-8	8	262144	262144	0.000000e+00	0.000000e+00	0.00140919338,-0.0124742277,-0.001178951,-0.00181387074	0.00140919338,-0.0124742277,-0.001178951,-0.00181387074
p4	2	885	attn_output-8	8	2048	2048	0.000000e+00	0.000000e+00	-0.000110476198,-1.36163326e-05,-2.0674388e-05,6.19146085e-05	-0.000110476198,-1.36163326e-05,-2.0674388e-05,6.19146085e-05
p4	2	886	z-8	8	2048	2048	0.000000e+00	0.000000e+00	-0.274884403,1.03046012,0.462452769,-0.11809057	-0.274884403,1.03046012,0.462452769,-0.11809057
p4	2	887	final_output-8	8	2048	2048	0.000000e+00	0.000000e+00	0.0120839067,-0.0067375889,-0.00588240661,-0.00260043913	0.0120839067,-0.0067375889,-0.00588240661,-0.00260043913
p4	2	888	linear_attn_out-8	8	1024	1024	0.000000e+00	0.000000e+00	0.168411642,-0.0495535061,0.0209092498,0.00407937542	0.168411642,-0.0495535061,0.0209092498,0.00407937542
p4	2	889	attn_residual-8	8	1024	1024	0.000000e+00	0.000000e+00	-0.616594076,0.0119619034,0.0631804243,-0.0158711597	-0.616594076,0.0119619034,0.0631804243,-0.0158711597
p4	2	890	attn_post_norm-8	8	1024	1024	0.000000e+00	0.000000e+00	-7.98927212,0.224778399,1.14651787,-0.327038944	-7.98927212,0.224778399,1.14651787,-0.327038944
p4	2	891	ffn_out-8	8	1024	1024	0.000000e+00	0.000000e+00	0.0188042708,0.00215061475,-0.0104096401,0.0169384032	0.0188042708,0.00215061475,-0.0104096401,0.0169384032
p4	2	892	l_out-8	8	1024	1024	0.000000e+00	0.000000e+00	-0.597789824,0.0141125182,0.052770786,0.00106724352	-0.597789824,0.0141125182,0.052770786,0.00106724352
p4	2	893	attn_norm-9	9	1024	1024	0.000000e+00	0.000000e+00	-11.6484776,0.334494174,1.23207438,0.0299465414	-11.6484776,0.334494174,1.23207438,0.0299465414
p4	2	894	conv_output_silu-9	9	6144	6144	0.000000e+00	0.000000e+00	0.0235578883,-0.162181526,-0.247162268,0.136633828	0.0235578883,-0.162181526,-0.247162268,0.136633828
p4	2	895	q_conv_predelta-9	9	2048	2048	0.000000e+00	0.000000e+00	0.0165912118,-0.114220254,-0.174070001,0.0962276682	0.0165912118,-0.114220254,-0.174070001,0.0962276682
p4	2	896	k_conv_predelta-9	9	2048	2048	0.000000e+00	0.000000e+00	-0.104457244,-0.0233511794,-0.17461662,-0.00713434909	-0.104457244,-0.0233511794,-0.17461662,-0.00713434909
p4	2	897	v_conv_predelta-9	9	2048	2048	0.000000e+00	0.000000e+00	-0.00235851156,0.0197247081,0.0126298731,-0.0195243359	-0.00235851156,0.0197247081,0.0126298731,-0.0195243359
p4	2	898	a_softplus-9	9	16	16	0.000000e+00	0.000000e+00	0.0106503423,0.00269799726,0.146946445,0.111496188	0.0106503423,0.00269799726,0.146946445,0.111496188
p4	2	899	gate-9	9	16	16	0.000000e+00	0.000000e+00	-0.00431996956,-0.000367998029,-0.049996011,-0.0206247214	-0.00431996956,-0.000367998029,-0.049996011,-0.0206247214
p4	2	900	beta_sigmoid-9	9	16	16	0.000000e+00	0.000000e+00	0.941923201,0.308716387,0.575491548,0.244720683	0.941923201,0.308716387,0.575491548,0.244720683
p4	2	901	state_predelta-9	9	262144	262144	0.000000e+00	0.000000e+00	-0.000868412142,-0.000613930053,-0.000474657078,5.08167432e-05	-0.000868412142,-0.000613930053,-0.000474657078,5.08167432e-05
p4	2	902	new_state-9	9	262144	262144	0.000000e+00	0.000000e+00	-0.000356518314,-0.000497687724,0.00037684181,8.53039674e-05	-0.000356518314,-0.000497687724,0.00037684181,8.53039674e-05
p4	2	903	attn_output-9	9	2048	2048	0.000000e+00	0.000000e+00	1.31793684e-06,8.56285405e-05,6.06768226e-05,-0.000111885238	1.31793684e-06,8.56285405e-05,6.06768226e-05,-0.000111885238
p4	2	904	z-9	9	2048	2048	0.000000e+00	0.000000e+00	-0.254867196,0.264769107,-0.489326179,0.554365695	-0.254867196,0.264769107,-0.489326179,0.554365695
p4	2	905	final_output-9	9	2048	2048	0.000000e+00	0.000000e+00	-0.000158980183,0.0131941913,-0.0120077943,-0.0386629924	-0.000158980183,0.0131941913,-0.0120077943,-0.0386629924
p4	2	906	linear_attn_out-9	9	1024	1024	0.000000e+00	0.000000e+00	0.0356797688,0.0110964449,-0.00651529711,-0.00335563649	0.0356797688,0.0110964449,-0.00651529711,-0.00335563649
p4	2	907	attn_residual-9	9	1024	1024	0.000000e+00	0.000000e+00	-0.562110066,0.0252089631,0.0462554879,-0.00228839298	-0.562110066,0.0252089631,0.0462554879,-0.00228839298
p4	2	908	attn_post_norm-9	9	1024	1024	0.000000e+00	0.000000e+00	-7.64634037,0.480260223,0.850844741,-0.0493041836	-7.64634037,0.480260223,0.850844741,-0.0493041836
p4	2	909	ffn_out-9	9	1024	1024	0.000000e+00	0.000000e+00	-0.12377093,-0.00331624225,-0.00263236463,-0.0175874289	-0.12377093,-0.00331624225,-0.00263236463,-0.0175874289
p4	2	910	l_out-9	9	1024	1024	0.000000e+00	0.000000e+00	-0.685881019,0.0218927208,0.0436231233,-0.0198758226	-0.685881019,0.0218927208,0.0436231233,-0.0198758226
p4	2	911	attn_norm-10	10	1024	1024	0.000000e+00	0.000000e+00	-14.332119,0.476625651,1.01537311,-0.498805851	-14.332119,0.476625651,1.01537311,-0.498805851
p4	2	912	conv_output_silu-10	10	6144	6144	0.000000e+00	0.000000e+00	-0.0027794065,-0.00585737964,-0.0065138014,-0.0338060968	-0.0027794065,-0.00585737964,-0.0065138014,-0.0338060968
p4	2	913	q_conv_predelta-10	10	2048	2048	0.000000e+00	0.000000e+00	-0.00796053372,-0.0167761948,-0.0186562613,-0.0968244672	-0.00796053372,-0.0167761948,-0.0186562613,-0.0968244672
p4	2	914	k_conv_predelta-10	10	2048	2048	0.000000e+00	0.000000e+00	-0.0100482227,0.0662622228,0.233072132,0.00383541035	-0.0100482227,0.0662622228,0.233072132,0.00383541035
p4	2	915	v_conv_predelta-10	10	2048	2048	0.000000e+00	0.000000e+00	0.00928807165,0.00585906859,-0.00456026196,0.000693610404	0.00928807165,0.00585906859,-0.00456026196,0.000693610404
p4	2	916	a_softplus-10	10	16	16	0.000000e+00	0.000000e+00	0.0540232025,0.000914393924,3.73865986,0.0773754641	0.0540232025,0.000914393924,3.73865986,0.0773754641
p4	2	917	gate-10	10	16	16	0.000000e+00	0.000000e+00	-0.0413402058,-0.00530324364,-1.15818274,-0.015843071	-0.0413402058,-0.00530324364,-1.15818274,-0.015843071
p4	2	918	beta_sigmoid-10	10	16	16	0.000000e+00	0.000000e+00	0.764728785,0.570638955,0.956331193,0.764530838	0.764728785,0.570638955,0.956331193,0.764530838
p4	2	919	state_predelta-10	10	262144	262144	0.000000e+00	0.000000e+00	-0.000777986657,0.00186613528,0.00325596263,0.000378815021	-0.000777986657,0.00186613528,0.00325596263,0.000378815021
p4	2	920	new_state-10	10	262144	262144	0.000000e+00	0.000000e+00	-0.00074633176,0.00178958266,0.00312066101,0.000363417348	-0.00074633176,0.00178958266,0.00312066101,0.000363417348
p4	2	921	attn_output-10	10	2048	2048	0.000000e+00	0.000000e+00	-2.55779669e-05,1.06667458e-05,2.48605647e-05,4.71072099e-06	-2.55779669e-05,1.06667458e-05,2.48605647e-05,4.71072099e-06
p4	2	922	z-10	10	2048	2048	0.000000e+00	0.000000e+00	2.31479931,0.503755093,0.776431322,0.964372337	2.31479931,0.503755093,0.776431322,0.964372337
p4	2	923	final_output-10	10	2048	2048	0.000000e+00	0.000000e+00	-0.0483505726,0.00357257342,0.012862538,0.00335885584	-0.0483505726,0.00357257342,0.012862538,0.00335885584
p4	2	924	linear_attn_out-10	10	1024	1024	0.000000e+00	0.000000e+00	0.11572367,0.0052132206,0.00322291045,-0.00328697963	0.11572367,0.0052132206,0.00322291045,-0.00328697963
p4	2	925	attn_residual-10	10	1024	1024	0.000000e+00	0.000000e+00	-0.570157349,0.0271059424,0.0468460321,-0.0231628027	-0.570157349,0.0271059424,0.0468460321,-0.0231628027
p4	2	926	attn_post_norm-10	10	1024	1024	0.000000e+00	0.000000e+00	-9.02415085,0.529592633,0.91233319,-0.482030213	-9.02415085,0.529592633,0.91233319,-0.482030213
p4	2	927	ffn_out-10	10	1024	1024	0.000000e+00	0.000000e+00	0.149418831,-0.00630713115,0.00743097113,0.0111440923	0.149418831,-0.00630713115,0.00743097113,0.0111440923
p4	2	928	l_out-10	10	1024	1024	0.000000e+00	0.000000e+00	-0.420738518,0.0207988117,0.0542770028,-0.0120187104	-0.420738518,0.0207988117,0.0542770028,-0.0120187104
p4	2	929	attn_norm-11	11	1024	1024	0.000000e+00	0.000000e+00	-7.76579285,0.400407284,1.11590028,-0.272468507	-7.76579285,0.400407284,1.11590028,-0.272468507
p4	2	930	attn_pregate-11	11	2048	2048	0.000000e+00	0.000000e+00	0.24328813,0.111819759,0.145025834,-0.0890625194	0.24328813,0.111819759,0.145025834,-0.0890625194
p4	2	931	attn_gated-11	11	2048	2048	0.000000e+00	0.000000e+00	0.0111996774,0.00645518256,0.00864079222,-0.00458597159	0.0111996774,0.00645518256,0.00864079222,-0.00458597159
p4	2	932	attn_output-11	11	1024	1024	0.000000e+00	0.000000e+00	-0.0864105076,-0.000324540772,-0.00306666084,-0.0276822746	-0.0864105076,-0.000324540772,-0.00306666084,-0.0276822746
p4	2	933	attn_residual-11	11	1024	1024	0.000000e+00	0.000000e+00	-0.507149041,0.02047427,0.0512103438,-0.039700985	-0.507149041,0.02047427,0.0512103438,-0.039700985
p4	2	934	attn_post_norm-11	11	1024	1024	0.000000e+00	0.000000e+00	-7.45052719,0.426724017,1.01847744,-0.850096941	-7.45052719,0.426724017,1.01847744,-0.850096941
p4	2	935	ffn_out-11	11	1024	1024	0.000000e+00	0.000000e+00	-0.191261679,0.00711782416,-0.0198731683,0.0399247035	-0.191261679,0.00711782416,-0.0198731683,0.0399247035
p4	2	936	l_out-11	11	1024	1024	0.000000e+00	0.000000e+00	-0.698410749,0.0275920946,0.0313371755,0.000223718584	-0.698410749,0.0275920946,0.0313371755,0.000223718584
p4	2	937	attn_norm-12	12	1024	1024	0.000000e+00	0.000000e+00	-14.9838123,0.667881966,0.790271521,0.0060269949	-14.9838123,0.667881966,0.790271521,0.0060269949
p4	2	938	conv_output_silu-12	12	6144	6144	0.000000e+00	0.000000e+00	0.0165292583,0.0857984051,0.00193813932,-0.0628496334	0.0165292583,0.0857984051,0.00193813932,-0.0628496334
p4	2	939	q_conv_predelta-12	12	2048	2048	0.000000e+00	0.000000e+00	0.00765481871,0.0397338606,0.000897566264,-0.0291061178	0.00765481871,0.0397338606,0.000897566264,-0.0291061178
p4	2	940	k_conv_predelta-12	12	2048	2048	0.000000e+00	0.000000e+00	0.0269389041,-0.00693112705,0.00928566046,0.0185660124	0.0269389041,-0.00693112705,0.00928566046,0.0185660124
p4	2	941	v_conv_predelta-12	12	2048	2048	0.000000e+00	0.000000e+00	-0.0202664584,0.012946046,0.00913448073,-0.0147927813	-0.0202664584,0.012946046,0.00913448073,-0.0147927813
p4	2	942	a_softplus-12	12	16	16	0.000000e+00	0.000000e+00	0.00201153965,0.105921522,0.00329368701,0.00484127225	0.00201153965,0.105921522,0.00329368701,0.00484127225
p4	2	943	gate-12	12	16	16	0.000000e+00	0.000000e+00	-0.000405488769,-0.062511757,-0.000341769948,-0.00137625367	-0.000405488769,-0.062511757,-0.000341769948,-0.00137625367
p4	2	944	beta_sigmoid-12	12	16	16	0.000000e+00	0.000000e+00	0.785927534,0.943372607,0.416788667,0.422652572	0.785927534,0.943372607,0.416788667,0.422652572
p4	2	945	state_predelta-12	12	262144	262144	0.000000e+00	0.000000e+00	-6.46196931e-05,-3.65318692e-06,-7.46387786e-06,-1.37063562e-05	-6.46196931e-05,-3.65318692e-06,-7.46387786e-06,-1.37063562e-05
p4	2	946	new_state-12	12	262144	262144	0.000000e+00	0.000000e+00	-0.000456828275,9.72666094e-05,-0.000142661564,-0.000284024922	-0.000456828275,9.72666094e-05,-0.000142661564,-0.000284024922
p4	2	947	attn_output-12	12	2048	2048	0.000000e+00	0.000000e+00	-6.19776911e-05,4.10973917e-05,2.44267867e-05,-4.10899738e-05	-6.19776911e-05,4.10973917e-05,2.44267867e-05,-4.10899738e-05
p4	2	948	z-12	12	2048	2048	0.000000e+00	0.000000e+00	-0.59115392,-0.150652796,-0.541525126,-0.408674687	-0.59115392,-0.150652796,-0.541525126,-0.408674687
p4	2	949	final_output-12	12	2048	2048	0.000000e+00	0.000000e+00	0.0101066325,-0.00232649501,-0.00312014087,0.00536685297	0.0101066325,-0.00232649501,-0.00312014087,0.00536685297
p4	2	950	linear_attn_out-12	12	1024	1024	0.000000e+00	0.000000e+00	0.0803230405,-0.0104939239,0.0206487123,-0.00938664842	0.0803230405,-0.0104939239,0.0206487123,-0.00938664842
p4	2	951	attn_residual-12	12	1024	1024	0.000000e+00	0.000000e+00	-0.618087709,0.0170981698,0.0519858897,-0.00916292984	-0.618087709,0.0170981698,0.0519858897,-0.00916292984
p4	2	952	attn_post_norm-12	12	1024	1024	0.000000e+00	0.000000e+00	-8.44555092,0.361486316,1.00542474,-0.189827845	-8.44555092,0.361486316,1.00542474,-0.189827845
p4	2	953	ffn_out-12	12	1024	1024	0.000000e+00	0.000000e+00	0.0715295821,-0.00958773866,-0.00342456624,0.0100697353	0.0715295821,-0.00958773866,-0.00342456624,0.0100697353
p4	2	954	l_out-12	12	1024	1024	0.000000e+00	0.000000e+00	-0.546558142,0.00751043111,0.0485613234,0.000906805508	-0.546558142,0.00751043111,0.0485613234,0.000906805508
p4	2	955	attn_norm-13	13	1024	1024	0.000000e+00	0.000000e+00	-11.6887207,0.182069153,1.19922042,0.024951892	-11.6887207,0.182069153,1.19922042,0.024951892
p4	2	956	conv_output_silu-13	13	6144	6144	0.000000e+00	0.000000e+00	-0.105130233,-0.115855984,0.0191043187,-0.0323795937	-0.105130233,-0.115855984,0.0191043187,-0.0323795937
p4	2	957	q_conv_predelta-13	13	2048	2048	0.000000e+00	0.000000e+00	-0.0583638735,-0.0643183589,0.0106059127,-0.0179757867	-0.0583638735,-0.0643183589,0.0106059127,-0.0179757867
p4	2	958	k_conv_predelta-13	13	2048	2048	0.000000e+00	0.000000e+00	-0.00490562851,0.019693749,-0.0833955184,-0.302124232	-0.00490562851,0.019693749,-0.0833955184,-0.302124232
p4	2	959	v_conv_predelta-13	13	2048	2048	0.000000e+00	0.000000e+00	-0.00292080664,0.00279587414,0.00280566234,-0.00235394505	-0.00292080664,0.00279587414,0.00280566234,-0.00235394505
p4	2	960	a_softplus-13	13	16	16	0.000000e+00	0.000000e+00	0.102285787,0.403594464,0.980053723,0.110541806	0.102285787,0.403594464,0.980053723,0.110541806
p4	2	961	gate-13	13	16	16	0.000000e+00	0.000000e+00	-0.0275298469,-0.464534402,-0.492801964,-0.0264619086	-0.0275298469,-0.464534402,-0.492801964,-0.0264619086
p4	2	962	beta_sigmoid-13	13	16	16	0.000000e+00	0.000000e+00	0.872726977,0.946857452,0.668776155,0.914213002	0.872726977,0.946857452,0.668776155,0.914213002
p4	2	963	state_predelta-13	13	262144	262144	0.000000e+00	0.000000e+00	3.0004443e-05,-9.41060534e-06,-2.0328258e-05,4.19820281e-05	3.0004443e-05,-9.41060534e-06,-2.0328258e-05,4.19820281e-05
p4	2	964	new_state-13	13	262144	262144	0.000000e+00	0.000000e+00	4.08341803e-05,-5.59021064e-05,0.000178179631,0.00075799413	4.08341803e-05,-5.59021064e-05,0.000178179631,0.00075799413
p4	2	965	attn_output-13	13	2048	2048	0.000000e+00	0.000000e+00	-1.56770966e-05,8.6619275e-06,1.67140879e-05,-1.27712665e-05	-1.56770966e-05,8.6619275e-06,1.67140879e-05,-1.27712665e-05
p4	2	966	z-13	13	2048	2048	0.000000e+00	0.000000e+00	-0.011212796,0.556319118,0.0989540964,0.722174108	-0.011212796,0.556319118,0.0989540964,0.722174108
p4	2	967	final_output-13	13	2048	2048	0.000000e+00	0.000000e+00	9.20579478e-05,0.00324986293,0.000915157667,-0.00639425125	9.20579478e-05,0.00324986293,0.000915157667,-0.00639425125
p4	2	968	linear_attn_out-13	13	1024	1024	0.000000e+00	0.000000e+00	-0.0758028924,-0.0175244808,0.0221194383,-0.00163601991	-0.0758028924,-0.0175244808,0.0221194383,-0.00163601991
p4	2	969	attn_residual-13	13	1024	1024	0.000000e+00	0.000000e+00	-0.622361064,-0.0100140497,0.0706807598,-0.0007292144	-0.622361064,-0.0100140497,0.0706807598,-0.0007292144
p4	2	970	attn_post_norm-13	13	1024	1024	0.000000e+00	0.000000e+00	-8.74206829,-0.212734967,1.38574612,-0.0142485034	-8.74206829,-0.212734967,1.38574612,-0.0142485034
p4	2	971	ffn_out-13	13	1024	1024	0.000000e+00	0.000000e+00	0.0384963676,0.0245229304,0.0302531756,0.0350153893	0.0384963676,0.0245229304,0.0302531756,0.0350153893
p4	2	972	l_out-13	13	1024	1024	0.000000e+00	0.000000e+00	-0.583864689,0.0145088807,0.100933939,0.0342861749	-0.583864689,0.0145088807,0.100933939,0.0342861749
p4	2	973	attn_norm-14	14	1024	1024	0.000000e+00	0.000000e+00	-11.4661684,0.321674138,2.07702994,0.819130898	-11.4661684,0.321674138,2.07702994,0.819130898
p4	2	974	conv_output_silu-14	14	6144	6144	0.000000e+00	0.000000e+00	0.18725732,0.0115184309,-0.16743733,-0.112737738	0.18725732,0.0115184309,-0.16743733,-0.112737738
p4	2	975	q_conv_predelta-14	14	2048	2048	0.000000e+00	0.000000e+00	0.0548346676,0.00337294862,-0.0490307659,-0.0330130532	0.0548346676,0.00337294862,-0.0490307659,-0.0330130532
p4	2	976	k_conv_predelta-14	14	2048	2048	0.000000e+00	0.000000e+00	-0.00133542519,-0.043479085,0.0147685567,-0.0163401086	-0.00133542519,-0.043479085,0.0147685567,-0.0163401086
p4	2	977	v_conv_predelta-14	14	2048	2048	0.000000e+00	0.000000e+00	-0.00040607003,0.013618106,0.0168217681,-0.015629366	-0.00040607003,0.013618106,0.0168217681,-0.015629366
p4	2	978	a_softplus-14	14	16	16	0.000000e+00	0.000000e+00	0.117821924,0.0480806269,0.202856496,0.00173561077	0.117821924,0.0480806269,0.202856496,0.00173561077
p4	2	979	gate-14	14	16	16	0.000000e+00	0.000000e+00	-0.0370743126,-0.00803507864,-0.134867877,-0.00522221625	-0.0370743126,-0.00803507864,-0.134867877,-0.00522221625
p4	2	980	beta_sigmoid-14	14	16	16	0.000000e+00	0.000000e+00	0.565374494,0.440191776,0.90384531,0.756937325	0.565374494,0.440191776,0.90384531,0.756937325
p4	2	981	state_predelta-14	14	262144	262144	0.000000e+00	0.000000e+00	1.8177243e-05,0.0003916313,-9.66797325e-06,3.76012531e-06	1.8177243e-05,0.0003916313,-9.66797325e-06,3.76012531e-06
p4	2	982	new_state-14	14	262144	262144	0.000000e+00	0.000000e+00	1.83667162e-05,0.000405086175,-1.87278492e-05,1.40365428e-05	1.83667162e-05,0.000405086175,-1.87278492e-05,1.40365428e-05
p4	2	983	attn_output-14	14	2048	2048	0.000000e+00	0.000000e+00	9.9034412e-07,1.12558319e-05,2.21310597e-06,3.47403193e-06	9.9034412e-07,1.12558319e-05,2.21310597e-06,3.47403193e-06
p4	2	984	z-14	14	2048	2048	0.000000e+00	0.000000e+00	-1.27327323,-1.03229558,0.0758982301,0.692075133	-1.27327323,-1.03229558,0.0758982301,0.692075133
p4	2	985	final_output-14	14	2048	2048	0.000000e+00	0.000000e+00	-0.000286853319,-0.00302009005,8.6723463e-05,0.00145058928	-0.000286853319,-0.00302009005,8.6723463e-05,0.00145058928
p4	2	986	linear_attn_out-14	14	1024	1024	0.000000e+00	0.000000e+00	0.156393379,0.0148842111,0.0160435345,0.00126658566	0.156393379,0.0148842111,0.0160435345,0.00126658566
p4	2	987	attn_residual-14	14	1024	1024	0.000000e+00	0.000000e+00	-0.42747131,0.0293930918,0.116977476,0.0355527624	-0.42747131,0.0293930918,0.116977476,0.0355527624
p4	2	988	attn_post_norm-14	14	1024	1024	0.000000e+00	0.000000e+00	-5.88912058,0.567919791,2.12088251,0.625544012	-5.88912058,0.567919791,2.12088251,0.625544012
p4	2	989	ffn_out-14	14	1024	1024	0.000000e+00	0.000000e+00	0.1624524,-0.0946649015,-0.0192567762,-0.0196772646	0.1624524,-0.0946649015,-0.0192567762,-0.0196772646
p4	2	990	l_out-14	14	1024	1024	0.000000e+00	0.000000e+00	-0.26501891,-0.0652718097,0.0977206975,0.0158754978	-0.26501891,-0.0652718097,0.0977206975,0.0158754978
p4	2	991	attn_norm-15	15	1024	1024	0.000000e+00	0.000000e+00	-3.49177742,-0.961220443,1.43594134,0.231955707	-3.49177742,-0.961220443,1.43594134,0.231955707
p4	2	992	attn_pregate-15	15	2048	2048	0.000000e+00	0.000000e+00	-0.0314089395,0.0655925125,-0.0501714572,0.0967820212	-0.0314089395,0.0655925125,-0.0501714572,0.0967820212
p4	2	993	attn_gated-15	15	2048	2048	0.000000e+00	0.000000e+00	-0.00178475783,0.00797235593,-0.000566755829,0.0236773044	-0.00178475783,0.00797235593,-0.000566755829,0.0236773044
p4	2	994	attn_output-15	15	1024	1024	0.000000e+00	0.000000e+00	-0.168152869,0.00174214318,-0.0238927379,0.00865536183	-0.168152869,0.00174214318,-0.0238927379,0.00865536183
p4	2	995	attn_residual-15	15	1024	1024	0.000000e+00	0.000000e+00	-0.433171779,-0.0635296702,0.0738279596,0.0245308597	-0.433171779,-0.0635296702,0.0738279596,0.0245308597
p4	2	996	attn_post_norm-15	15	1024	1024	0.000000e+00	0.000000e+00	-4.77176237,-1.10660303,1.22643209,0.378134608	-4.77176237,-1.10660303,1.22643209,0.378134608
p4	2	997	ffn_out-15	15	1024	1024	0.000000e+00	0.000000e+00	-0.218314514,-0.00250424445,-0.0423772819,0.0601055548	-0.218314514,-0.00250424445,-0.0423772819,0.0601055548
p4	2	998	l_out-15	15	1024	1024	0.000000e+00	0.000000e+00	-0.651486278,-0.0660339147,0.0314506777,0.0846364126	-0.651486278,-0.0660339147,0.0314506777,0.0846364126
p4	2	999	attn_norm-16	16	1024	1024	0.000000e+00	0.000000e+00	-8.73271275,-1.27307332,0.505050659,1.52268088	-8.73271275,-1.27307332,0.505050659,1.52268088
p4	2	1000	conv_output_silu-16	16	6144	6144	0.000000e+00	0.000000e+00	-0.257070005,0.133789331,-0.128052205,-0.156325147	-0.257070005,0.133789331,-0.128052205,-0.156325147
p4	2	1001	q_conv_predelta-16	16	2048	2048	0.000000e+00	0.000000e+00	-0.0193960294,0.0100944554,-0.00966158696,-0.0117947916	-0.0193960294,0.0100944554,-0.00966158696,-0.0117947916
p4	2	1002	k_conv_predelta-16	16	2048	2048	0.000000e+00	0.000000e+00	0.044448223,0.118444182,-0.047170803,-0.0965851471	0.044448223,0.118444182,-0.047170803,-0.0965851471
p4	2	1003	v_conv_predelta-16	16	2048	2048	0.000000e+00	0.000000e+00	-0.158634007,-0.0176261831,0.441918641,0.0923589543	-0.158634007,-0.0176261831,0.441918641,0.0923589543
p4	2	1004	a_softplus-16	16	16	16	0.000000e+00	0.000000e+00	0.00145782018,0.180394515,0.00734012946,0.245699793	0.00145782018,0.180394515,0.00734012946,0.245699793
p4	2	1005	gate-16	16	16	16	0.000000e+00	0.000000e+00	-0.000296174141,-0.0731712431,-0.000876653474,-0.0531363077	-0.000296174141,-0.0731712431,-0.000876653474,-0.0531363077
p4	2	1006	beta_sigmoid-16	16	16	16	0.000000e+00	0.000000e+00	0.805077136,0.887800813,0.783681571,0.782883763	0.805077136,0.887800813,0.783681571,0.782883763
p4	2	1007	state_predelta-16	16	262144	262144	0.000000e+00	0.000000e+00	-0.0145352287,0.00769840926,-0.00240373937,0.00255917106	-0.0145352287,0.00769840926,-0.00240373937,0.00255917106
p4	2	1008	new_state-16	16	262144	262144	0.000000e+00	0.000000e+00	-0.0168244801,0.0015843343,3.10160685e-05,0.00754226837	-0.0168244801,0.0015843343,3.10160685e-05,0.00754226837
p4	2	1009	attn_output-16	16	2048	2048	0.000000e+00	0.000000e+00	-0.00156013819,-0.000101508107,0.00439517479,0.000678808836	-0.00156013819,-0.000101508107,0.00439517479,0.000678808836
p4	2	1010	z-16	16	2048	2048	0.000000e+00	0.000000e+00	0.117566749,0.255422056,0.194048524,0.335650623	0.117566749,0.255422056,0.194048524,0.335650623
p4	2	1011	final_output-16	16	2048	2048	0.000000e+00	0.000000e+00	-0.0347917974,-0.00541523146,0.193549022,0.0483615436	-0.0347917974,-0.00541523146,0.193549022,0.0483615436
p4	2	1012	linear_attn_out-16	16	1024	1024	0.000000e+00	0.000000e+00	-0.116830692,-0.00285965577,-0.0359233655,0.0260574073	-0.116830692,-0.00285965577,-0.0359233655,0.0260574073
p4	2	1013	attn_residual-16	16	1024	1024	0.000000e+00	0.000000e+00	-0.768316984,-0.0688935667,-0.00447268784,0.11069382	-0.768316984,-0.0688935667,-0.00447268784,0.11069382
p4	2	1014	attn_post_norm-16	16	1024	1024	0.000000e+00	0.000000e+00	-6.34453297,-0.957866848,-0.0608688407,1.25862157	-6.34453297,-0.957866848,-0.0608688407,1.25862157
p4	2	1015	ffn_out-16	16	1024	1024	0.000000e+00	0.000000e+00	0.0906277895,-0.0317195505,0.108013719,-0.0184072256	0.0906277895,-0.0317195505,0.108013719,-0.0184072256
p4	2	1016	l_out-16	16	1024	1024	0.000000e+00	0.000000e+00	-0.677689195,-0.100613117,0.103541031,0.0922865942	-0.677689195,-0.100613117,0.103541031,0.0922865942
p4	2	1017	attn_norm-17	17	1024	1024	0.000000e+00	0.000000e+00	-7.3685708,-1.47075152,1.41491556,1.22777379	-7.3685708,-1.47075152,1.41491556,1.22777379
p4	2	1018	conv_output_silu-17	17	6144	6144	0.000000e+00	0.000000e+00	-0.183725893,-0.135530204,-0.271109819,-0.0312607326	-0.183725893,-0.135530204,-0.271109819,-0.0312607326
p4	2	1019	q_conv_predelta-17	17	2048	2048	0.000000e+00	0.000000e+00	-0.0296716504,-0.0218880679,-0.0437841155,-0.00504859444	-0.0296716504,-0.0218880679,-0.0437841155,-0.00504859444
p4	2	1020	k_conv_predelta-17	17	2048	2048	0.000000e+00	0.000000e+00	-0.0269460995,-0.0839269608,-0.00844116136,-0.0343623608	-0.0269460995,-0.0839269608,-0.00844116136,-0.0343623608
p4	2	1021	v_conv_predelta-17	17	2048	2048	0.000000e+00	0.000000e+00	-0.27805689,-0.229758814,-0.0168499555,-0.209899157	-0.27805689,-0.229758814,-0.0168499555,-0.209899157
p4	2	1022	a_softplus-17	17	16	16	0.000000e+00	0.000000e+00	0.00214965385,0.00295428722,0.140294492,0.4304097	0.00214965385,0.00295428722,0.140294492,0.4304097
p4	2	1023	gate-17	17	16	16	0.000000e+00	0.000000e+00	-0.000506614102,-0.000764674507,-0.0354720019,-0.149912238	-0.000506614102,-0.000764674507,-0.0354720019,-0.149912238
p4	2	1024	beta_sigmoid-17	17	16	16	0.000000e+00	0.000000e+00	0.918038726,0.680204451,0.793744922,0.958940268	0.918038726,0.680204451,0.793744922,0.958940268
p4	2	1025	state_predelta-17	17	262144	262144	0.000000e+00	0.000000e+00	-0.00324089639,0.0181409232,0.00676389271,0.00802294351	-0.00324089639,0.0181409232,0.00676389271,0.00802294351
p4	2	1026	new_state-17	17	262144	262144	0.000000e+00	0.000000e+00	0.00101308851,0.031376183,0.00809255987,0.0134415785	0.00101308851,0.031376183,0.00809255987,0.0134415785
p4	2	1027	attn_output-17	17	2048	2048	0.000000e+00	0.000000e+00	-0.000845873496,-0.000640196609,-3.54436343e-05,-0.000665540923	-0.000845873496,-0.000640196609,-3.54436343e-05,-0.000665540923
p4	2	1028	z-17	17	2048	2048	0.000000e+00	0.000000e+00	0.570047498,0.219860822,-0.514260232,-1.13524842	0.570047498,0.219860822,-0.514260232,-1.13524842
p4	2	1029	final_output-17	17	2048	2048	0.000000e+00	0.000000e+00	-0.163150176,-0.0457597561,0.00276724738,0.0958671644	-0.163150176,-0.0457597561,0.00276724738,0.0958671644
p4	2	1030	linear_attn_out-17	17	1024	1024	0.000000e+00	0.000000e+00	-0.10068132,0.00350487977,0.0369194075,-0.0292504411	-0.10068132,0.00350487977,0.0369194075,-0.0292504411
p4	2	1031	attn_residual-17	17	1024	1024	0.000000e+00	0.000000e+00	-0.7783705,-0.0971082374,0.140460432,0.0630361512	-0.7783705,-0.0971082374,0.140460432,0.0630361512
p4	2	1032	attn_post_norm-17	17	1024	1024	0.000000e+00	0.000000e+00	-4.9206748,-1.07658494,1.50252938,0.592841923	-4.9206748,-1.07658494,1.50252938,0.592841923
p4	2	1033	ffn_out-17	17	1024	1024	0.000000e+00	0.000000e+00	0.212986931,0.0217025429,-0.0480871536,0.0155089488	0.212986931,0.0217025429,-0.0480871536,0.0155089488
p4	2	1034	l_out-17	17	1024	1024	0.000000e+00	0.000000e+00	-0.565383554,-0.0754056945,0.0923732817,0.078545101	-0.565383554,-0.0754056945,0.0923732817,0.078545101
p4	2	1035	attn_norm-18	18	1024	1024	0.000000e+00	0.000000e+00	-5.864501,-1.02920926,1.21337986,1.00327647	-5.864501,-1.02920926,1.21337986,1.00327647
p4	2	1036	conv_output_silu-18	18	6144	6144	0.000000e+00	0.000000e+00	-0.158320308,0.0121451374,-0.157668203,-0.277193427	-0.158320308,0.0121451374,-0.157668203,-0.277193427
p4	2	1037	q_conv_predelta-18	18	2048	2048	0.000000e+00	0.000000e+00	-0.0433090478,0.00332234288,-0.0431306623,-0.0758271813	-0.0433090478,0.00332234288,-0.0431306623,-0.0758271813
p4	2	1038	k_conv_predelta-18	18	2048	2048	0.000000e+00	0.000000e+00	-0.0963767469,-0.104793742,-0.0266777743,0.0583896674	-0.0963767469,-0.104793742,-0.0266777743,0.0583896674
p4	2	1039	v_conv_predelta-18	18	2048	2048	0.000000e+00	0.000000e+00	0.0837393552,-0.203468069,-0.00434926758,-0.180537939	0.0837393552,-0.203468069,-0.00434926758,-0.180537939
p4	2	1040	a_softplus-18	18	16	16	0.000000e+00	0.000000e+00	0.000565726426,3.1443162,0.0022816835,1.27555454	0.000565726426,3.1443162,0.0022816835,1.27555454
p4	2	1041	gate-18	18	16	16	0.000000e+00	0.000000e+00	-0.000235829852,-0.633835316,-0.000679754245,-0.343310863	-0.000235829852,-0.633835316,-0.000679754245,-0.343310863
p4	2	1042	beta_sigmoid-18	18	16	16	0.000000e+00	0.000000e+00	0.801172316,0.924152315,0.0992730558,0.935258448	0.801172316,0.924152315,0.0992730558,0.935258448
p4	2	1043	state_predelta-18	18	262144	262144	0.000000e+00	0.000000e+00	-0.000448596431,-0.0108828992,-0.00828475133,-0.000740527874	-0.000448596431,-0.0108828992,-0.00828475133,-0.000740527874
p4	2	1044	new_state-18	18	262144	262144	0.000000e+00	0.000000e+00	0.000462969707,-0.00988927111,-0.0080304984,-0.00129255978	0.000462969707,-0.00988927111,-0.0080304984,-0.00129255978
p4	2	1045	attn_output-18	18	2048	2048	0.000000e+00	0.000000e+00	0.00466427393,-0.00723294029,-0.000465872727,-0.00684036966	0.00466427393,-0.00723294029,-0.000465872727,-0.00684036966
p4	2	1046	z-18	18	2048	2048	0.000000e+00	0.000000e+00	-3.14824533,-0.532201409,-0.580797553,-0.323776245	-3.14824533,-0.532201409,-0.580797553,-0.323776245
p4	2	1047	final_output-18	18	2048	2048	0.000000e+00	0.000000e+00	-0.0320558362,0.0883727819,0.00550074596,0.0501336269	-0.0320558362,0.0883727819,0.00550074596,0.0501336269
p4	2	1048	linear_attn_out-18	18	1024	1024	0.000000e+00	0.000000e+00	-0.420760721,0.0294807348,0.0182042159,-0.0465713926	-0.420760721,0.0294807348,0.0182042159,-0.0465713926
p4	2	1049	attn_residual-18	18	1024	1024	0.000000e+00	0.000000e+00	-0.986144304,-0.0459249616,0.110577494,0.0319737084	-0.986144304,-0.0459249616,0.110577494,0.0319737084
p4	2	1050	attn_post_norm-18	18	1024	1024	0.000000e+00	0.000000e+00	-6.65957594,-0.482065886,1.18000317,0.292391032	-6.65957594,-0.482065886,1.18000317,0.292391032
p4	2	1051	ffn_out-18	18	1024	1024	0.000000e+00	0.000000e+00	-0.829962969,0.0339473225,0.0286975913,0.119641349	-0.829962969,0.0339473225,0.0286975913,0.119641349
p4	2	1052	l_out-18	18	1024	1024	0.000000e+00	0.000000e+00	-1.81610727,-0.011977639,0.139275089,0.151615053	-1.81610727,-0.011977639,0.139275089,0.151615053
p4	2	1053	attn_norm-19	19	1024	1024	0.000000e+00	0.000000e+00	-11.762393,-0.0862826332,1.0340966,1.11308134	-11.762393,-0.0862826332,1.0340966,1.11308134
p4	2	1054	attn_pregate-19	19	2048	2048	0.000000e+00	0.000000e+00	-0.333137512,-0.372268617,-0.218195781,-0.131501794	-0.333137512,-0.372268617,-0.218195781,-0.131501794
p4	2	1055	attn_gated-19	19	2048	2048	0.000000e+00	0.000000e+00	-0.00694091665,-0.0218462031,-0.00848646276,-0.00334807695	-0.00694091665,-0.0218462031,-0.00848646276,-0.00334807695
p4	2	1056	attn_output-19	19	1024	1024	0.000000e+00	0.000000e+00	0.673494816,-0.00378252566,0.0164225399,-2.2649765e-06	0.673494816,-0.00378252566,0.0164225399,-2.2649765e-06
p4	2	1057	attn_residual-19	19	1024	1024	0.000000e+00	0.000000e+00	-1.14261246,-0.0157601647,0.155697629,0.151612788	-1.14261246,-0.0157601647,0.155697629,0.151612788
p4	2	1058	attn_post_norm-19	19	1024	1024	0.000000e+00	0.000000e+00	-7.82451582,-0.15974699,1.44289875,1.16773307	-7.82451582,-0.15974699,1.44289875,1.16773307
p4	2	1059	ffn_out-19	19	1024	1024	0.000000e+00	0.000000e+00	-0.292188704,0.00224122033,-0.0678165704,0.105522968	-0.292188704,0.00224122033,-0.0678165704,0.105522968
p4	2	1060	l_out-19	19	1024	1024	0.000000e+00	0.000000e+00	-1.4348011,-0.0135189444,0.0878810585,0.257135749	-1.4348011,-0.0135189444,0.0878810585,0.257135749
p4	2	1061	attn_norm-20	20	1024	1024	0.000000e+00	0.000000e+00	-10.8947887,-0.144204453,0.873598933,2.288908	-10.8947887,-0.144204453,0.873598933,2.288908
p4	2	1062	conv_output_silu-20	20	6144	6144	0.000000e+00	0.000000e+00	-0.178561196,0.0350067988,-0.173987508,0.193949625	-0.178561196,0.0350067988,-0.173987508,0.193949625
p4	2	1063	q_conv_predelta-20	20	2048	2048	0.000000e+00	0.000000e+00	-0.0641743764,0.012581341,-0.0625305995,0.0697049275	-0.0641743764,0.012581341,-0.0625305995,0.0697049275
p4	2	1064	k_conv_predelta-20	20	2048	2048	0.000000e+00	0.000000e+00	-0.0817484334,-0.0310386214,-0.0300516989,-0.0542672165	-0.0817484334,-0.0310386214,-0.0300516989,-0.0542672165
p4	2	1065	v_conv_predelta-20	20	2048	2048	0.000000e+00	0.000000e+00	0.0032701015,-0.0153684327,0.0509036109,0.0406811498	0.0032701015,-0.0153684327,0.0509036109,0.0406811498
p4	2	1066	a_softplus-20	20	16	16	0.000000e+00	0.000000e+00	0.00592321809,0.181699127,0.0140582519,0.76026392	0.00592321809,0.181699127,0.0140582519,0.76026392
p4	2	1067	gate-20	20	16	16	0.000000e+00	0.000000e+00	-0.0013216486,-0.0315745734,-0.00256019784,-0.217819273	-0.0013216486,-0.0315745734,-0.00256019784,-0.217819273
p4	2	1068	beta_sigmoid-20	20	16	16	0.000000e+00	0.000000e+00	0.921120942,0.971959949,0.87218219,0.96760267	0.921120942,0.971959949,0.87218219,0.96760267
p4	2	1069	state_predelta-20	20	262144	262144	0.000000e+00	0.000000e+00	0.000277495943,0.000927595829,0.00148962007,0.000457509072	0.000277495943,0.000927595829,0.00148962007,0.000457509072
p4	2	1070	new_state-20	20	262144	262144	0.000000e+00	0.000000e+00	-0.00171321887,0.000170666084,0.000755976886,-0.000864351867	-0.00171321887,0.000170666084,0.000755976886,-0.000864351867
p4	2	1071	attn_output-20	20	2048	2048	0.000000e+00	0.000000e+00	-5.06228644e-05,-0.000685015926,0.00187285512,0.000978329917	-5.06228644e-05,-0.000685015926,0.00187285512,0.000978329917
p4	2	1072	z-20	20	2048	2048	0.000000e+00	0.000000e+00	-0.731115937,-2.68452883,0.572075725,0.00885352492	-0.731115937,-2.68452883,0.572075725,0.00885352492
p4	2	1073	final_output-20	20	2048	2048	0.000000e+00	0.000000e+00	0.00169556076,0.0175263472,0.0933543891,0.000552236277	0.00169556076,0.0175263472,0.0933543891,0.000552236277
p4	2	1074	linear_attn_out-20	20	1024	1024	0.000000e+00	0.000000e+00	-0.344452977,-0.0186563358,-0.0493179113,0.0500355661	-0.344452977,-0.0186563358,-0.0493179113,0.0500355661
p4	2	1075	attn_residual-20	20	1024	1024	0.000000e+00	0.000000e+00	-1.77925408,-0.0321752802,0.0385631472,0.307171315	-1.77925408,-0.0321752802,0.0385631472,0.307171315
p4	2	1076	attn_post_norm-20	20	1024	1024	0.000000e+00	0.000000e+00	-9.09474754,-0.288199008,0.349561155,2.16992283	-9.09474754,-0.288199008,0.349561155,2.16992283
p4	2	1077	ffn_out-20	20	1024	1024	0.000000e+00	0.000000e+00	-0.126082137,-0.0365991481,-0.0259036943,0.0335515141	-0.126082137,-0.0365991481,-0.0259036943,0.0335515141
p4	2	1078	l_out-20	20	1024	1024	0.000000e+00	0.000000e+00	-1.90533626,-0.0687744319,0.0126594529,0.340722829	-1.90533626,-0.0687744319,0.0126594529,0.340722829
p4	2	1079	attn_norm-21	21	1024	1024	0.000000e+00	0.000000e+00	-12.3816395,-0.686186135,0.115228087,2.88510919	-12.3816395,-0.686186135,0.115228087,2.88510919
p4	2	1080	conv_output_silu-21	21	6144	6144	0.000000e+00	0.000000e+00	-0.212749526,0.63354671,-0.27516818,-0.250099838	-0.212749526,0.63354671,-0.27516818,-0.250099838
p4	2	1081	q_conv_predelta-21	21	2048	2048	0.000000e+00	0.000000e+00	-0.0553581677,0.164851055,-0.0715997145,-0.0650768429	-0.0553581677,0.164851055,-0.0715997145,-0.0650768429
p4	2	1082	k_conv_predelta-21	21	2048	2048	0.000000e+00	0.000000e+00	-0.00267437403,0.0465406179,0.0167743992,0.00289345859	-0.00267437403,0.0465406179,0.0167743992,0.00289345859
p4	2	1083	v_conv_predelta-21	21	2048	2048	0.000000e+00	0.000000e+00	0.0201799162,-0.0856925324,-0.0984350592,-0.0145923505	0.0201799162,-0.0856925324,-0.0984350592,-0.0145923505
p4	2	1084	a_softplus-21	21	16	16	0.000000e+00	0.000000e+00	0.459413618,0.738572121,0.00384128466,0.269700885	0.459413618,0.738572121,0.00384128466,0.269700885
p4	2	1085	gate-21	21	16	16	0.000000e+00	0.000000e+00	-0.135802403,-0.191168696,-0.00143538322,-0.127896309	-0.135802403,-0.191168696,-0.00143538322,-0.127896309
p4	2	1086	beta_sigmoid-21	21	16	16	0.000000e+00	0.000000e+00	0.801975846,0.918049753,0.83482182,0.98197192	0.801975846,0.918049753,0.83482182,0.98197192
p4	2	1087	state_predelta-21	21	262144	262144	0.000000e+00	0.000000e+00	0.00117180427,-9.77834861e-05,0.00291723665,-0.000655946205	0.00117180427,-9.77834861e-05,0.00291723665,-0.000655946205
p4	2	1088	new_state-21	21	262144	262144	0.000000e+00	0.000000e+00	0.00100701733,0.000192818494,0.00264705648,-0.000555355975	0.00100701733,0.000192818494,0.00264705648,-0.000555355975
p4	2	1089	attn_output-21	21	2048	2048	0.000000e+00	0.000000e+00	0.000123454651,-0.00046162447,-0.000390437257,-8.0163627e-05	0.000123454651,-0.00046162447,-0.000390437257,-8.0163627e-05
p4	2	1090	z-21	21	2048	2048	0.000000e+00	0.000000e+00	-0.839715242,0.210238338,-0.197909236,0.882265627	-0.839715242,0.210238338,-0.197909236,0.882265627
p4	2	1091	final_output-21	21	2048	2048	0.000000e+00	0.000000e+00	-0.0236473046,-0.0334739238,0.023766797,-0.042421367	-0.0236473046,-0.0334739238,0.023766797,-0.042421367
p4	2	1092	linear_attn_out-21	21	1024	1024	0.000000e+00	0.000000e+00	0.0177391618,-0.0394026265,0.0112468023,0.0850604028	0.0177391618,-0.0394026265,0.0112468023,0.0850604028
p4	2	1093	attn_residual-21	21	1024	1024	0.000000e+00	0.000000e+00	-1.88759708,-0.108177058,0.0239062551,0.425783217	-1.88759708,-0.108177058,0.0239062551,0.425783217
p4	2	1094	attn_post_norm-21	21	1024	1024	0.000000e+00	0.000000e+00	-8.75546741,-0.867370903,0.189153165,2.69333363	-8.75546741,-0.867370903,0.189153165,2.69333363
p4	2	1095	ffn_out-21	21	1024	1024	0.000000e+00	0.000000e+00	-0.115171105,0.0207687616,-0.0781398341,0.0901453421	-0.115171105,0.0207687616,-0.0781398341,0.0901453421
p4	2	1096	l_out-21	21	1024	1024	0.000000e+00	0.000000e+00	-2.00276828,-0.0874082968,-0.0542335808,0.515928566	-2.00276828,-0.0874082968,-0.0542335808,0.515928566
p4	2	1097	attn_norm-22	22	1024	1024	0.000000e+00	0.000000e+00	-10.625103,-0.665274978,-0.379795939,3.60827661	-10.625103,-0.665274978,-0.379795939,3.60827661
p4	2	1098	conv_output_silu-22	22	6144	6144	0.000000e+00	0.000000e+00	-0.239682272,-0.0886932313,0.0405592509,0.075236544	-0.239682272,-0.0886932313,0.0405592509,0.075236544
p4	2	1099	q_conv_predelta-22	22	2048	2048	0.000000e+00	0.000000e+00	-0.0594965704,-0.0220164098,0.0100680636,0.0186760426	-0.0594965704,-0.0220164098,0.0100680636,0.0186760426
p4	2	1100	k_conv_predelta-22	22	2048	2048	0.000000e+00	0.000000e+00	-0.0187776741,0.0294118151,-0.0427569598,0.0226224232	-0.0187776741,0.0294118151,-0.0427569598,0.0226224232
p4	2	1101	v_conv_predelta-22	22	2048	2048	0.000000e+00	0.000000e+00	-0.00901905075,0.00827084668,0.000182548101,-0.00229629083	-0.00901905075,0.00827084668,0.000182548101,-0.00229629083
p4	2	1102	a_softplus-22	22	16	16	0.000000e+00	0.000000e+00	0.687445521,0.66922909,3.39769077,0.0843455866	0.687445521,0.66922909,3.39769077,0.0843455866
p4	2	1103	gate-22	22	16	16	0.000000e+00	0.000000e+00	-0.127164632,-0.151676729,-2.22826004,-0.0158480667	-0.127164632,-0.151676729,-2.22826004,-0.0158480667
p4	2	1104	beta_sigmoid-22	22	16	16	0.000000e+00	0.000000e+00	0.919650137,0.943893254,0.961062133,0.882989228	0.919650137,0.943893254,0.961062133,0.882989228
p4	2	1105	state_predelta-22	22	262144	262144	0.000000e+00	0.000000e+00	0.000262434536,-0.000108218759,0.00291193509,-0.000315490412	0.000262434536,-0.000108218759,0.00291193509,-0.000315490412
p4	2	1106	new_state-22	22	262144	262144	0.000000e+00	0.000000e+00	0.000476289308,-0.000479345588,0.00312252296,-0.000573213154	0.000476289308,-0.000479345588,0.00312252296,-0.000573213154
p4	2	1107	attn_output-22	22	2048	2048	0.000000e+00	0.000000e+00	1.25311681e-05,6.52442977e-05,2.50835838e-05,-1.6901824e-05	1.25311681e-05,6.52442977e-05,2.50835838e-05,-1.6901824e-05
p4	2	1108	z-22	22	2048	2048	0.000000e+00	0.000000e+00	1.8245331,0.367562503,-3.20136285,0.146918982	1.8245331,0.367562503,-3.20136285,0.146918982
p4	2	1109	final_output-22	22	2048	2048	0.000000e+00	0.000000e+00	0.0219129939,0.0142542645,-0.00329079945,-0.00125790189	0.0219129939,0.0142542645,-0.00329079945,-0.00125790189
p4	2	1110	linear_attn_out-22	22	1024	1024	0.000000e+00	0.000000e+00	0.234855101,0.0269584991,0.0863086432,-0.00717773894	0.234855101,0.0269584991,0.0863086432,-0.00717773894
p4	2	1111	attn_residual-22	22	1024	1024	0.000000e+00	0.000000e+00	-1.76791322,-0.0604497977,0.0320750624,0.508750856	-1.76791322,-0.0604497977,0.0320750624,0.508750856
p4	2	1112	attn_post_norm-22	22	1024	1024	0.000000e+00	0.000000e+00	-7.93817711,-0.391610086,0.204090506,2.66149163	-7.93817711,-0.391610086,0.204090506,2.66149163
p4	2	1113	ffn_out-22	22	1024	1024	0.000000e+00	0.000000e+00	-0.459934294,-0.0659925565,0.0343848467,-0.0999331772	-0.459934294,-0.0659925565,0.0343848467,-0.0999331772
p4	2	1114	l_out-22	22	1024	1024	0.000000e+00	0.000000e+00	-2.22784758,-0.126442358,0.0664599091,0.408817679	-2.22784758,-0.126442358,0.0664599091,0.408817679
p4	2	1115	attn_norm-23	23	1024	1024	0.000000e+00	0.000000e+00	-9.18971729,-0.667836785,0.362725377,1.8212992	-9.18971729,-0.667836785,0.362725377,1.8212992
p4	2	1116	attn_pregate-23	23	2048	2048	0.000000e+00	0.000000e+00	-6.1595974,0.287014127,-0.346431851,-0.0680830032	-6.1595974,0.287014127,-0.346431851,-0.0680830032
p4	2	1117	attn_gated-23	23	2048	2048	0.000000e+00	0.000000e+00	-0.63594836,0.0214133523,-0.0248221103,-0.00527445972	-0.63594836,0.0214133523,-0.0248221103,-0.00527445972
p4	2	1118	attn_output-23	23	1024	1024	0.000000e+00	0.000000e+00	0.704748988,0.132042468,0.00400836766,0.14824158	0.704748988,0.132042468,0.00400836766,0.14824158
p4	2	1119	attn_residual-23	23	1024	1024	0.000000e+00	0.000000e+00	-1.52309859,0.0056001097,0.0704682767,0.557059288	-1.52309859,0.0056001097,0.0704682767,0.557059288
p4	2	1120	attn_post_norm-23	23	1024	1024	0.000000e+00	0.000000e+00	-6.74083662,0.0299602002,0.346852064,2.56489396	-6.74083662,0.0299602002,0.346852064,2.56489396
p4	2	1121	ffn_out-23	23	1024	1024	0.000000e+00	0.000000e+00	1.42226779,0.438157439,-0.289768249,0.720436454	1.42226779,0.438157439,-0.289768249,0.720436454
p4	2	1122	l_out-23	23	1024	1024	0.000000e+00	0.000000e+00	-0.100830793,0.443757534,-0.219299972,1.27749574	-0.100830793,0.443757534,-0.219299972,1.27749574
p4	2	1123	result_norm	-1	1024	1024	0.000000e+00	0.000000e+00	-0.0806096122,5.97497082,-2.86664104,18.6342373	-0.0806096122,5.97497082,-2.86664104,18.6342373
p4	2	1124	result_output	-1	248320	248320	0.000000e+00	0.000000e+00	9.08821678,5.07140589,8.78228188,3.49695897	9.08821678,5.07140589,8.78228188,3.49695897
p4	3	1125	model.input_embed	-1	1024	1024	0.000000e+00	0.000000e+00	0.0132803321,-0.00204312801,-0.0122587681,0.0255391002	0.0132803321,-0.00204312801,-0.0122587681,0.0255391002
p4	3	1126	attn_norm-0	0	1024	1024	0.000000e+00	0.000000e+00	1.5558511,-0.154977351,-1.10237288,2.61217475	1.5558511,-0.154977351,-1.10237288,2.61217475
p4	3	1127	conv_output_silu-0	0	6144	6144	0.000000e+00	0.000000e+00	-0.00173317746,0.0157731082,-0.0130554149,-0.0155840311	-0.00173317746,0.0157731082,-0.0130554149,-0.0155840311
p4	3	1128	q_conv_predelta-0	0	2048	2048	0.000000e+00	0.000000e+00	-0.00360168656,0.0327778235,-0.027130235,-0.0323849097	-0.00360168656,0.0327778235,-0.027130235,-0.0323849097
p4	3	1129	k_conv_predelta-0	0	2048	2048	0.000000e+00	0.000000e+00	-0.075024724,0.0650910065,0.00634285575,0.00972129125	-0.075024724,0.0650910065,0.00634285575,0.00972129125
p4	3	1130	v_conv_predelta-0	0	2048	2048	0.000000e+00	0.000000e+00	0.00743849762,-0.00143130473,-0.0149791995,0.0210651662	0.00743849762,-0.00143130473,-0.0149791995,0.0210651662
p4	3	1131	a_softplus-0	0	16	16	0.000000e+00	0.000000e+00	4.62693262,0.00961801503,0.0230633877,5.78750658	4.62693262,0.00961801503,0.0230633877,5.78750658
p4	3	1132	gate-0	0	16	16	0.000000e+00	0.000000e+00	-5.98769569,-0.00126160902,-0.00275452901,-3.28476572	-5.98769569,-0.00126160902,-0.00275452901,-3.28476572
p4	3	1133	beta_sigmoid-0	0	16	16	0.000000e+00	0.000000e+00	0.774540186,0.362739265,0.698212206,0.997367084	0.774540186,0.362739265,0.698212206,0.997367084
p4	3	1134	state_predelta-0	0	262144	262144	0.000000e+00	0.000000e+00	0.000270864082,0.000284769339,0.000593080942,-4.44501384e-05	0.000270864082,0.000284769339,0.000593080942,-4.44501384e-05
p4	3	1135	new_state-0	0	262144	262144	0.000000e+00	0.000000e+00	-0.000430970977,0.000375212199,3.79815792e-05,5.58193788e-05	-0.000430970977,0.000375212199,3.79815792e-05,5.58193788e-05
p4	3	1136	attn_output-0	0	2048	2048	0.000000e+00	0.000000e+00	1.10316932e-05,-2.1286296e-06,-2.23369243e-05,3.14337449e-05	1.10316932e-05,-2.1286296e-06,-2.23369243e-05,3.14337449e-05
p4	3	1137	z-0	0	2048	2048	0.000000e+00	0.000000e+00	0.388505101,-1.41854525,0.805943251,-0.0319661349	0.388505101,-1.41854525,0.805943251,-0.0319661349
p4	3	1138	final_output-0	0	2048	2048	0.000000e+00	0.000000e+00	0.00245561614,0.000581721193,-0.0115246484,-0.000456167822	0.00245561614,0.000581721193,-0.0115246484,-0.000456167822
p4	3	1139	linear_attn_out-0	0	1024	1024	0.000000e+00	0.000000e+00	-0.672615767,-0.0215012804,-0.0450527668,-0.0392424576	-0.672615767,-0.0215012804,-0.0450527668,-0.0392424576
p4	3	1140	attn_residual-0	0	1024	1024	0.000000e+00	0.000000e+00	-0.659335434,-0.0235444084,-0.0573115349,-0.0137033574	-0.659335434,-0.0235444084,-0.0573115349,-0.0137033574
p4	3	1141	attn_post_norm-0	0	1024	1024	0.000000e+00	0.000000e+00	-10.2213392,-0.669530809,-1.67702353,-0.392910004	-10.2213392,-0.669530809,-1.67702353,-0.392910004
p4	3	1142	ffn_out-0	0	1024	1024	0.000000e+00	0.000000e+00	0.256292999,-0.0103787575,0.0220440775,0.021410279	0.256292999,-0.0103787575,0.0220440775,0.021410279
p4	3	1143	l_out-0	0	1024	1024	0.000000e+00	0.000000e+00	-0.403042436,-0.033923164,-0.0352674574,0.00770692155	-0.403042436,-0.033923164,-0.0352674574,0.00770692155
p4	3	1144	attn_norm-1	1	1024	1024	0.000000e+00	0.000000e+00	-11.6759176,-1.27340353,-1.26630604,0.296700478	-11.6759176,-1.27340353,-1.26630604,0.296700478
p4	3	1145	conv_output_silu-1	1	6144	6144	0.000000e+00	0.000000e+00	-0.00389524852,0.00450199842,-0.0183636937,-0.275922656	-0.00389524852,0.00450199842,-0.0183636937,-0.275922656
p4	3	1146	q_conv_predelta-1	1	2048	2048	0.000000e+00	0.000000e+00	-0.00240004621,0.00277389353,-0.0113147376,-0.170008957	-0.00240004621,0.00277389353,-0.0113147376,-0.170008957
p4	3	1147	k_conv_predelta-1	1	2048	2048	0.000000e+00	0.000000e+00	-0.0996762589,-0.0498878546,0.0287723411,0.00484109996	-0.0996762589,-0.0498878546,0.0287723411,0.00484109996
p4	3	1148	v_conv_predelta-1	1	2048	2048	0.000000e+00	0.000000e+00	0.153323218,-0.0611149743,-0.000993433874,0.00798586849	0.153323218,-0.0611149743,-0.000993433874,0.00798586849
p4	3	1149	a_softplus-1	1	16	16	0.000000e+00	0.000000e+00	0.0268594995,0.572213709,1.06260955,0.582225502	0.0268594995,0.572213709,1.06260955,0.582225502
p4	3	1150	gate-1	1	16	16	0.000000e+00	0.000000e+00	-0.00481564272,-0.617201865,-1.21709871,-0.176186904	-0.00481564272,-0.617201865,-1.21709871,-0.176186904
p4	3	1151	beta_sigmoid-1	1	16	16	0.000000e+00	0.000000e+00	0.233194217,0.883247256,0.955107272,0.864252567	0.233194217,0.883247256,0.955107272,0.864252567
p4	3	1152	state_predelta-1	1	262144	262144	0.000000e+00	0.000000e+00	-0.00684722699,0.0644885376,0.0052401619,0.000843907939	-0.00684722699,0.0644885376,0.0052401619,0.000843907939
p4	3	1153	new_state-1	1	262144	262144	0.000000e+00	0.000000e+00	-0.0102653401,0.0624515004,0.00621114857,0.00100746308	-0.0102653401,0.0624515004,0.00621114857,0.00100746308
p4	3	1154	attn_output-1	1	2048	2048	0.000000e+00	0.000000e+00	0.00125787279,-0.000781866082,0.00015300719,2.46491327e-05	0.00125787279,-0.000781866082,0.00015300719,2.46491327e-05
p4	3	1155	z-1	1	2048	2048	0.000000e+00	0.000000e+00	-4.77189922,-6.17483187,-1.64922643,0.0820682645	-4.77189922,-6.17483187,-1.64922643,0.0820682645
p4	3	1156	final_output-1	1	2048	2048	0.000000e+00	0.000000e+00	-0.0422935858,0.00839890726,-0.0373467989,0.00106556178	-0.0422935858,0.00839890726,-0.0373467989,0.00106556178
p4	3	1157	linear_attn_out-1	1	1024	1024	0.000000e+00	0.000000e+00	-0.106518567,0.0144725889,0.035366863,0.0194927156	-0.106518567,0.0144725889,0.035366863,0.0194927156
p4	3	1158	attn_residual-1	1	1024	1024	0.000000e+00	0.000000e+00	-0.509561002,-0.0194505751,9.94056463e-05,0.0271996371	-0.509561002,-0.0194505751,9.94056463e-05,0.0271996371
p4	3	1159	attn_post_norm-1	1	1024	1024	0.000000e+00	0.000000e+00	-7.97492456,-0.479531914,0.00247582654,0.715205014	-7.97492456,-0.479531914,0.00247582654,0.715205014
p4	3	1160	ffn_out-1	1	1024	1024	0.000000e+00	0.000000e+00	0.361533701,0.0479648598,-0.00157867279,-0.0171391033	0.361533701,0.0479648598,-0.00157867279,-0.0171391033
p4	3	1161	l_out-1	1	1024	1024	0.000000e+00	0.000000e+00	-0.148027301,0.0285142846,-0.00147926714,0.0100605339	-0.148027301,0.0285142846,-0.00147926714,0.0100605339
p4	3	1162	attn_norm-2	2	1024	1024	0.000000e+00	0.000000e+00	-3.96714807,0.936127841,-0.0468920358,0.334501565	-3.96714807,0.936127841,-0.0468920358,0.334501565
p4	3	1163	conv_output_silu-2	2	6144	6144	0.000000e+00	0.000000e+00	0.0299309976,-0.00653864816,0.123462096,0.00180222327	0.0299309976,-0.00653864816,0.123462096,0.00180222327
p4	3	1164	q_conv_predelta-2	2	2048	2048	0.000000e+00	0.000000e+00	0.0446793772,-0.00976054184,0.184297562,0.0026902617	0.0446793772,-0.00976054184,0.184297562,0.0026902617
p4	3	1165	k_conv_predelta-2	2	2048	2048	0.000000e+00	0.000000e+00	-0.0930610374,0.00830275845,0.063160494,-0.252294272	-0.0930610374,0.00830275845,0.063160494,-0.252294272
p4	3	1166	v_conv_predelta-2	2	2048	2048	0.000000e+00	0.000000e+00	-0.0136338416,0.0377703682,-0.0199777205,-0.0250044726	-0.0136338416,0.0377703682,-0.0199777205,-0.0250044726
p4	3	1167	a_softplus-2	2	16	16	0.000000e+00	0.000000e+00	1.27330816,0.622782946,0.15191327,0.987670958	1.27330816,0.622782946,0.15191327,0.987670958
p4	3	1168	gate-2	2	16	16	0.000000e+00	0.000000e+00	-1.14305925,-0.175663993,-0.0452576727,-0.64520514	-1.14305925,-0.175663993,-0.0452576727,-0.64520514
p4	3	1169	beta_sigmoid-2	2	16	16	0.000000e+00	0.000000e+00	0.932127655,0.616050482,0.751882315,0.84200418	0.932127655,0.616050482,0.751882315,0.84200418
p4	3	1170	state_predelta-2	2	262144	262144	0.000000e+00	0.000000e+00	-0.000723901379,-0.000167770035,0.000318320177,0.0014640427	-0.000723901379,-0.000167770035,0.000318320177,0.0014640427
p4	3	1171	new_state-2	2	262144	262144	0.000000e+00	0.000000e+00	0.000853388919,-0.000150222695,-0.000634351745,0.00340613001	0.000853388919,-0.000150222695,-0.000634351745,0.00340613001
p4	3	1172	attn_output-2	2	2048	2048	0.000000e+00	0.000000e+00	-7.68495302e-05,0.000214572487,-9.23776461e-05,-0.000110428526	-7.68495302e-05,0.000214572487,-9.23776461e-05,-0.000110428526
p4	3	1173	z-2	2	2048	2048	0.000000e+00	0.000000e+00	-1.05675101,0.464830399,1.01623011,0.908680975	-1.05675101,0.464830399,1.01623011,0.908680975
p4	3	1174	final_output-2	2	2048	2048	0.000000e+00	0.000000e+00	0.0206558406,0.0392458029,-0.0607863478,-0.0674001798	0.0206558406,0.0392458029,-0.0607863478,-0.0674001798
p4	3	1175	linear_attn_out-2	2	1024	1024	0.000000e+00	0.000000e+00	-0.530821264,-0.0243851244,-0.000345610082,0.0132676549	-0.530821264,-0.0243851244,-0.000345610082,0.0132676549
p4	3	1176	attn_residual-2	2	1024	1024	0.000000e+00	0.000000e+00	-0.678848565,0.0041291602,-0.00182487722,0.0233281888	-0.678848565,0.0041291602,-0.00182487722,0.0233281888
p4	3	1177	attn_post_norm-2	2	1024	1024	0.000000e+00	0.000000e+00	-9.8039093,0.0936561376,-0.0420163609,0.535430729	-9.8039093,0.0936561376,-0.0420163609,0.535430729
p4	3	1178	ffn_out-2	2	1024	1024	0.000000e+00	0.000000e+00	0.678884625,-0.00423469068,-0.0101740193,0.0286044478	0.678884625,-0.00423469068,-0.0101740193,0.0286044478
p4	3	1179	l_out-2	2	1024	1024	0.000000e+00	0.000000e+00	3.60608101e-05,-0.000105530489,-0.0119988965,0.0519326366	3.60608101e-05,-0.000105530489,-0.0119988965,0.0519326366
p4	3	1180	attn_norm-3	3	1024	1024	0.000000e+00	0.000000e+00	0.000841443369,-0.00293966848,-0.302120537,1.37900591	0.000841443369,-0.00293966848,-0.302120537,1.37900591
p4	3	1181	attn_pregate-3	3	2048	2048	0.000000e+00	0.000000e+00	0.136373267,-0.424735278,0.667899668,0.326454699	0.136373267,-0.424735278,0.667899668,0.326454699
p4	3	1182	attn_gated-3	3	2048	2048	0.000000e+00	0.000000e+00	0.00816533994,-0.0775795802,0.0734150708,0.00817868579	0.00816533994,-0.0775795802,0.0734150708,0.00817868579
p4	3	1183	attn_output-3	3	1024	1024	0.000000e+00	0.000000e+00	-0.0873893425,0.0422674716,-0.0310739502,-0.0269364007	-0.0873893425,0.0422674716,-0.0310739502,-0.0269364007
p4	3	1184	attn_residual-3	3	1024	1024	0.000000e+00	0.000000e+00	-0.0873532817,0.0421619415,-0.0430728458,0.024996236	-0.0873532817,0.0421619415,-0.0430728458,0.024996236
p4	3	1185	attn_post_norm-3	3	1024	1024	0.000000e+00	0.000000e+00	-1.26388359,0.913554966,-0.961344123,0.562731504	-1.26388359,0.913554966,-0.961344123,0.562731504
p4	3	1186	ffn_out-3	3	1024	1024	0.000000e+00	0.000000e+00	0.00607848167,0.00239705294,-0.0373698026,0.01497648	0.00607848167,0.00239705294,-0.0373698026,0.01497648
p4	3	1187	l_out-3	3	1024	1024	0.000000e+00	0.000000e+00	-0.0812748,0.0445589945,-0.0804426521,0.0399727151	-0.0812748,0.0445589945,-0.0804426521,0.0399727151
p4	3	1188	attn_norm-4	4	1024	1024	0.000000e+00	0.000000e+00	-1.74835873,1.26425302,-2.12714076,1.16269588	-1.74835873,1.26425302,-2.12714076,1.16269588
p4	3	1189	conv_output_silu-4	4	6144	6144	0.000000e+00	0.000000e+00	-0.143355682,0.0366021618,-0.0754430816,0.0769901499	-0.143355682,0.0366021618,-0.0754430816,0.0769901499
p4	3	1190	q_conv_predelta-4	4	2048	2048	0.000000e+00	0.000000e+00	-0.0566071644,0.0144531736,-0.0297903698,0.0304012634	-0.0566071644,0.0144531736,-0.0297903698,0.0304012634
p4	3	1191	k_conv_predelta-4	4	2048	2048	0.000000e+00	0.000000e+00	0.0253902748,0.198521227,0.03504619,-0.0155000603	0.0253902748,0.198521227,0.03504619,-0.0155000603
p4	3	1192	v_conv_predelta-4	4	2048	2048	0.000000e+00	0.000000e+00	-0.0822538808,0.00498243701,0.0204917081,-0.0127181523	-0.0822538808,0.00498243701,0.0204917081,-0.0127181523
p4	3	1193	a_softplus-4	4	16	16	0.000000e+00	0.000000e+00	0.2338662,2.36748672,0.121898241,1.65845191	0.2338662,2.36748672,0.121898241,1.65845191
p4	3	1194	gate-4	4	16	16	0.000000e+00	0.000000e+00	-0.0974899307,-2.30025578,-0.0383569822,-0.870535553	-0.0974899307,-2.30025578,-0.0383569822,-0.870535553
p4	3	1195	beta_sigmoid-4	4	16	16	0.000000e+00	0.000000e+00	0.719025075,0.93453598,0.592011273,0.820545673	0.719025075,0.93453598,0.592011273,0.820545673
p4	3	1196	state_predelta-4	4	262144	262144	0.000000e+00	0.000000e+00	-0.00148247345,0.00521985255,0.00380419428,0.00037376309	-0.00148247345,0.00521985255,0.00380419428,0.00037376309
p4	3	1197	new_state-4	4	262144	262144	0.000000e+00	0.000000e+00	-0.00351713784,-0.0122503107,0.000452307519,0.00166521617	-0.00351713784,-0.0122503107,0.000452307519,0.00166521617
p4	3	1198	attn_output-4	4	2048	2048	0.000000e+00	0.000000e+00	-2.25730582e-05,1.64421508e-05,2.01844396e-05,2.29164266e-06	-2.25730582e-05,1.64421508e-05,2.01844396e-05,2.29164266e-06
p4	3	1199	z-4	4	2048	2048	0.000000e+00	0.000000e+00	-3.05916238,-0.133056298,-1.4359045,1.14936244	-3.05916238,-0.133056298,-1.4359045,1.14936244
p4	3	1200	final_output-4	4	2048	2048	0.000000e+00	0.000000e+00	0.00270291814,-0.00107252738,-0.00464539276,0.00188711437	0.00270291814,-0.00107252738,-0.00464539276,0.00188711437
p4	3	1201	linear_attn_out-4	4	1024	1024	0.000000e+00	0.000000e+00	0.029854022,0.000698337331,-0.0127149411,-0.0190760419	0.029854022,0.000698337331,-0.0127149411,-0.0190760419
p4	3	1202	attn_residual-4	4	1024	1024	0.000000e+00	0.000000e+00	-0.051420778,0.0452573299,-0.0931575894,0.0208966732	-0.051420778,0.0452573299,-0.0931575894,0.0208966732
p4	3	1203	attn_post_norm-4	4	1024	1024	0.000000e+00	0.000000e+00	-0.77078259,0.991373301,-2.00691104,0.474013984	-0.77078259,0.991373301,-2.00691104,0.474013984
p4	3	1204	ffn_out-4	4	1024	1024	0.000000e+00	0.000000e+00	-0.0944930762,0.0077316016,0.0342368037,0.00815490633	-0.0944930762,0.0077316016,0.0342368037,0.00815490633
p4	3	1205	l_out-4	4	1024	1024	0.000000e+00	0.000000e+00	-0.145913854,0.0529889315,-0.0589207858,0.0290515795	-0.145913854,0.0529889315,-0.0589207858,0.0290515795
p4	3	1206	attn_norm-5	5	1024	1024	0.000000e+00	0.000000e+00	-3.05793524,1.49551284,-1.5466094,0.858161032	-3.05793524,1.49551284,-1.5466094,0.858161032
p4	3	1207	conv_output_silu-5	5	6144	6144	0.000000e+00	0.000000e+00	0.519956589,-0.0723773986,0.0149008343,-0.234413236	0.519956589,-0.0723773986,0.0149008343,-0.234413236
p4	3	1208	q_conv_predelta-5	5	2048	2048	0.000000e+00	0.000000e+00	0.296048969,-0.0412096977,0.00848412514,-0.133468449	0.296048969,-0.0412096977,0.00848412514,-0.133468449
p4	3	1209	k_conv_predelta-5	5	2048	2048	0.000000e+00	0.000000e+00	-0.00961288344,0.00262597157,-0.0596308075,0.00399572449	-0.00961288344,0.00262597157,-0.0596308075,0.00399572449
p4	3	1210	v_conv_predelta-5	5	2048	2048	0.000000e+00	0.000000e+00	0.00580879254,-0.01092254,-0.00688434392,-0.00643718941	0.00580879254,-0.01092254,-0.00688434392,-0.00643718941
p4	3	1211	a_softplus-5	5	16	16	0.000000e+00	0.000000e+00	0.084052451,0.0286183152,0.150635526,0.0106210914	0.084052451,0.0286183152,0.150635526,0.0106210914
p4	3	1212	gate-5	5	16	16	0.000000e+00	0.000000e+00	-0.0641940013,-0.0034717957,-0.0383853428,-0.00444485852	-0.0641940013,-0.0034717957,-0.0383853428,-0.00444485852
p4	3	1213	beta_sigmoid-5	5	16	16	0.000000e+00	0.000000e+00	0.390759051,0.5846591,0.852390885,0.660683751	0.390759051,0.5846591,0.852390885,0.660683751
p4	3	1214	state_predelta-5	5	262144	262144	0.000000e+00	0.000000e+00	0.000586853654,0.000148288018,0.0135974139,-0.00235938886	0.000586853654,0.000148288018,0.0135974139,-0.00235938886
p4	3	1215	new_state-5	5	262144	262144	0.000000e+00	0.000000e+00	0.000500674942,0.000152641835,0.0124437306,-0.00219203485	0.000500674942,0.000152641835,0.0124437306,-0.00219203485
p4	3	1216	attn_output-5	5	2048	2048	0.000000e+00	0.000000e+00	-0.000127844571,-4.48977589e-05,4.49968575e-05,1.12428324e-05	-0.000127844571,-4.48977589e-05,4.49968575e-05,1.12428324e-05
p4	3	1217	z-5	5	2048	2048	0.000000e+00	0.000000e+00	1.89564037,0.954654038,0.756935716,1.35907102	1.89564037,0.954654038,0.756935716,1.35907102
p4	3	1218	final_output-5	5	2048	2048	0.000000e+00	0.000000e+00	-0.199251994,-0.0281966422,0.0223759878,0.011614738	-0.199251994,-0.0281966422,0.0223759878,0.011614738
p4	3	1219	linear_attn_out-5	5	1024	1024	0.000000e+00	0.000000e+00	-0.147970825,-0.0201471001,0.0204322245,0.0100272484	-0.147970825,-0.0201471001,0.0204322245,0.0100272484
p4	3	1220	attn_residual-5	5	1024	1024	0.000000e+00	0.000000e+00	-0.293884695,0.0328418314,-0.0384885594,0.0390788279	-0.293884695,0.0328418314,-0.0384885594,0.0390788279
p4	3	1221	attn_post_norm-5	5	1024	1024	0.000000e+00	0.000000e+00	-3.97254848,0.667309403,-0.742810547,0.835547864	-3.97254848,0.667309403,-0.742810547,0.835547864
p4	3	1222	ffn_out-5	5	1024	1024	0.000000e+00	0.000000e+00	-0.0928582773,-0.0279314592,0.0050880136,-0.0137947854	-0.0928582773,-0.0279314592,0.0050880136,-0.0137947854
p4	3	1223	l_out-5	5	1024	1024	0.000000e+00	0.000000e+00	-0.386742979,0.0049103722,-0.0334005468,0.0252840426	-0.386742979,0.0049103722,-0.0334005468,0.0252840426
p4	3	1224	attn_norm-6	6	1024	1024	0.000000e+00	0.000000e+00	-7.45117521,0.122589901,-0.806257665,0.668667138	-7.45117521,0.122589901,-0.806257665,0.668667138
p4	3	1225	conv_output_silu-6	6	6144	6144	0.000000e+00	0.000000e+00	-0.0287112631,-0.00586638646,0.000839619839,-0.22000286	-0.0287112631,-0.00586638646,0.000839619839,-0.22000286
p4	3	1226	q_conv_predelta-6	6	2048	2048	0.000000e+00	0.000000e+00	-0.01090826,-0.00222881394,0.000318996463,-0.083585605	-0.01090826,-0.00222881394,0.000318996463,-0.083585605
p4	3	1227	k_conv_predelta-6	6	2048	2048	0.000000e+00	0.000000e+00	-0.0162797235,-0.000572482648,0.166362569,0.0405304544	-0.0162797235,-0.000572482648,0.166362569,0.0405304544
p4	3	1228	v_conv_predelta-6	6	2048	2048	0.000000e+00	0.000000e+00	-0.00175156258,-0.000727265025,-0.000854038983,0.00172718451	-0.00175156258,-0.000727265025,-0.000854038983,0.00172718451
p4	3	1229	a_softplus-6	6	16	16	0.000000e+00	0.000000e+00	0.460044265,0.127194613,0.494532168,0.0634104013	0.460044265,0.127194613,0.494532168,0.0634104013
p4	3	1230	gate-6	6	16	16	0.000000e+00	0.000000e+00	-0.0837802812,-0.0945230052,-0.150823802,-0.0351556093	-0.0837802812,-0.0945230052,-0.150823802,-0.0351556093
p4	3	1231	beta_sigmoid-6	6	16	16	0.000000e+00	0.000000e+00	0.753421605,0.46912694,0.638049126,0.520264208	0.753421605,0.46912694,0.638049126,0.520264208
p4	3	1232	state_predelta-6	6	262144	262144	0.000000e+00	0.000000e+00	0.000141244222,-6.70703594e-05,0.000246244599,-0.000414165319	0.000141244222,-6.70703594e-05,0.000246244599,-0.000414165319
p4	3	1233	new_state-6	6	262144	262144	0.000000e+00	0.000000e+00	0.00011742919,-6.21184226e-05,0.000353821262,-0.000349850248	0.00011742919,-6.21184226e-05,0.000353821262,-0.000349850248
p4	3	1234	attn_output-6	6	2048	2048	0.000000e+00	0.000000e+00	-2.52864102e-05,2.48349479e-05,-1.06948864e-05,-3.60027684e-06	-2.52864102e-05,2.48349479e-05,-1.06948864e-05,-3.60027684e-06
p4	3	1235	z-6	6	2048	2048	0.000000e+00	0.000000e+00	0.148541912,1.31328046,0.600165248,0.286361575	0.148541912,1.31328046,0.600165248,0.286361575
p4	3	1236	final_output-6	6	2048	2048	0.000000e+00	0.000000e+00	-0.00169065257,0.0247538332,-0.00394558022,-0.000604210712	-0.00169065257,0.0247538332,-0.00394558022,-0.000604210712
p4	3	1237	linear_attn_out-6	6	1024	1024	0.000000e+00	0.000000e+00	-0.0154235214,0.00780499354,-0.0151779801,0.0156489145	-0.0154235214,0.00780499354,-0.0151779801,0.0156489145
p4	3	1238	attn_residual-6	6	1024	1024	0.000000e+00	0.000000e+00	-0.402166486,0.0127153657,-0.0485785268,0.0409329571	-0.402166486,0.0127153657,-0.0485785268,0.0409329571
p4	3	1239	attn_post_norm-6	6	1024	1024	0.000000e+00	0.000000e+00	-6.07451725,0.235264763,-0.887276232,0.774865329	-6.07451725,0.235264763,-0.887276232,0.774865329
p4	3	1240	ffn_out-6	6	1024	1024	0.000000e+00	0.000000e+00	0.0170332789,0.0424744934,-0.0196299572,0.0453511067	0.0170332789,0.0424744934,-0.0196299572,0.0453511067
p4	3	1241	l_out-6	6	1024	1024	0.000000e+00	0.000000e+00	-0.385133207,0.0551898591,-0.0682084858,0.0862840638	-0.385133207,0.0551898591,-0.0682084858,0.0862840638
p4	3	1242	attn_norm-7	7	1024	1024	0.000000e+00	0.000000e+00	-6.34149027,0.965682864,-1.23248529,1.81116986	-6.34149027,0.965682864,-1.23248529,1.81116986
p4	3	1243	attn_pregate-7	7	2048	2048	0.000000e+00	0.000000e+00	0.0329504199,-0.0795913786,0.787916243,-0.275401443	0.0329504199,-0.0795913786,0.787916243,-0.275401443
p4	3	1244	attn_gated-7	7	2048	2048	0.000000e+00	0.000000e+00	0.00439241715,-0.0146544985,0.0446171239,-0.0217335355	0.00439241715,-0.0146544985,0.0446171239,-0.0217335355
p4	3	1245	attn_output-7	7	1024	1024	0.000000e+00	0.000000e+00	-0.0336334333,-0.0122967605,0.0161797125,-0.0532872304	-0.0336334333,-0.0122967605,0.0161797125,-0.0532872304
p4	3	1246	attn_residual-7	7	1024	1024	0.000000e+00	0.000000e+00	-0.418766648,0.0428930968,-0.0520287752,0.0329968333	-0.418766648,0.0428930968,-0.0520287752,0.0329968333
p4	3	1247	attn_post_norm-7	7	1024	1024	0.000000e+00	0.000000e+00	-5.17738771,0.7722404,-0.903248847,0.618143022	-5.17738771,0.7722404,-0.903248847,0.618143022
p4	3	1248	ffn_out-7	7	1024	1024	0.000000e+00	0.000000e+00	-0.0543759912,0.0130198095,0.0417966545,-0.0422114991	-0.0543759912,0.0130198095,0.0417966545,-0.0422114991
p4	3	1249	l_out-7	7	1024	1024	0.000000e+00	0.000000e+00	-0.473142624,0.0559129044,-0.0102321208,-0.00921466574	-0.473142624,0.0559129044,-0.0102321208,-0.00921466574
p4	3	1250	attn_norm-8	8	1024	1024	0.000000e+00	0.000000e+00	-9.45312119,1.3215462,-0.219463721,-0.234040439	-9.45312119,1.3215462,-0.219463721,-0.234040439
p4	3	1251	conv_output_silu-8	8	6144	6144	0.000000e+00	0.000000e+00	-0.00854395982,0.00233012857,-0.161164075,-0.0645563528	-0.00854395982,0.00233012857,-0.161164075,-0.0645563528
p4	3	1252	q_conv_predelta-8	8	2048	2048	0.000000e+00	0.000000e+00	-0.00708136009,0.00193124474,-0.133575156,-0.053505253	-0.00708136009,0.00193124474,-0.133575156,-0.053505253
p4	3	1253	k_conv_predelta-8	8	2048	2048	0.000000e+00	0.000000e+00	-0.0215913169,0.158850253,0.073610194,-0.0182679631	-0.0215913169,0.158850253,0.073610194,-0.0182679631
p4	3	1254	v_conv_predelta-8	8	2048	2048	0.000000e+00	0.000000e+00	-0.183358505,-0.0238138847,-0.0171886757,0.0166835003	-0.183358505,-0.0238138847,-0.0171886757,0.0166835003
p4	3	1255	a_softplus-8	8	16	16	0.000000e+00	0.000000e+00	0.194626063,0.0626490712,0.0149371037,0.0249569081	0.194626063,0.0626490712,0.0149371037,0.0249569081
p4	3	1256	gate-8	8	16	16	0.000000e+00	0.000000e+00	-0.06832017,-0.0178095773,-0.00445002969,-0.00376792951	-0.06832017,-0.0178095773,-0.00445002969,-0.00376792951
p4	3	1257	beta_sigmoid-8	8	16	16	0.000000e+00	0.000000e+00	0.732733369,0.272603393,0.264939576,0.318679214	0.732733369,0.272603393,0.264939576,0.318679214
p4	3	1258	state_predelta-8	8	262144	262144	0.000000e+00	0.000000e+00	0.00140919338,-0.0124742277,-0.001178951,-0.00181387074	0.00140919338,-0.0124742277,-0.001178951,-0.00181387074
p4	3	1259	new_state-8	8	262144	262144	0.000000e+00	0.000000e+00	0.00365494587,-0.0288574155,-0.00907469541,0.000284736161	0.00365494587,-0.0288574155,-0.00907469541,0.000284736161
p4	3	1260	attn_output-8	8	2048	2048	0.000000e+00	0.000000e+00	-0.000558504486,-6.10808493e-05,-5.48243952e-05,9.3171584e-05	-0.000558504486,-6.10808493e-05,-5.48243952e-05,9.3171584e-05
p4	3	1261	z-8	8	2048	2048	0.000000e+00	0.000000e+00	-0.197495744,0.386555701,0.218177438,0.281128287	-0.197495744,0.386555701,0.218177438,0.281128287
p4	3	1262	final_output-8	8	2048	2048	0.000000e+00	0.000000e+00	0.0455293246,-0.00910009444,-0.00660483865,0.0112081561	0.0455293246,-0.00910009444,-0.00660483865,0.0112081561
p4	3	1263	linear_attn_out-8	8	1024	1024	0.000000e+00	0.000000e+00	-0.123315781,-0.022431897,-0.00954003725,0.020242244	-0.123315781,-0.022431897,-0.00954003725,0.020242244
p4	3	1264	attn_residual-8	8	1024	1024	0.000000e+00	0.000000e+00	-0.596458435,0.0334810093,-0.0197721571,0.0110275783	-0.596458435,0.0334810093,-0.0197721571,0.0110275783
p4	3	1265	attn_post_norm-8	8	1024	1024	0.000000e+00	0.000000e+00	-7.38414621,0.601125419,-0.342818767,0.217111692	-7.38414621,0.601125419,-0.342818767,0.217111692
p4	3	1266	ffn_out-8	8	1024	1024	0.000000e+00	0.000000e+00	-0.134438708,-0.0352751538,0.0126882186,0.00708177593	-0.134438708,-0.0352751538,0.0126882186,0.00708177593
p4	3	1267	l_out-8	8	1024	1024	0.000000e+00	0.000000e+00	-0.730897129,-0.00179414451,-0.00708393846,0.0181093551	-0.730897129,-0.00179414451,-0.00708393846,0.0181093551
p4	3	1268	attn_norm-9	9	1024	1024	0.000000e+00	0.000000e+00	-12.6938343,-0.0379015878,-0.147412419,0.452899694	-12.6938343,-0.0379015878,-0.147412419,0.452899694
p4	3	1269	conv_output_silu-9	9	6144	6144	0.000000e+00	0.000000e+00	-0.0267589986,-0.229154676,-0.241708457,0.0928821787	-0.0267589986,-0.229154676,-0.241708457,0.0928821787
p4	3	1270	q_conv_predelta-9	9	2048	2048	0.000000e+00	0.000000e+00	-0.0160645954,-0.137571573,-0.145108148,0.055761233	-0.0160645954,-0.137571573,-0.145108148,0.055761233
p4	3	1271	k_conv_predelta-9	9	2048	2048	0.000000e+00	0.000000e+00	-0.0213594735,0.00237161689,-0.114991911,-0.0208196957	-0.0213594735,0.00237161689,-0.114991911,-0.0208196957
p4	3	1272	v_conv_predelta-9	9	2048	2048	0.000000e+00	0.000000e+00	-0.000899735955,0.0396505743,0.00641453592,-0.00364806014	-0.000899735955,0.0396505743,0.00641453592,-0.00364806014
p4	3	1273	a_softplus-9	9	16	16	0.000000e+00	0.000000e+00	0.00761061208,0.0181835592,0.113639541,0.21298942	0.00761061208,0.0181835592,0.113639541,0.21298942
p4	3	1274	gate-9	9	16	16	0.000000e+00	0.000000e+00	-0.00308700046,-0.00248017814,-0.0386639088,-0.0393990837	-0.00308700046,-0.00248017814,-0.0386639088,-0.0393990837
p4	3	1275	beta_sigmoid-9	9	16	16	0.000000e+00	0.000000e+00	0.578285217,0.15076156,0.380839467,0.298632979	0.578285217,0.15076156,0.380839467,0.298632979
p4	3	1276	state_predelta-9	9	262144	262144	0.000000e+00	0.000000e+00	-0.000356518314,-0.000497687724,0.00037684181,8.53039674e-05	-0.000356518314,-0.000497687724,0.00037684181,8.53039674e-05
p4	3	1277	new_state-9	9	262144	262144	0.000000e+00	0.000000e+00	-0.000372945506,-0.000494207721,0.000281326124,6.79578807e-05	-0.000372945506,-0.000494207721,0.000281326124,6.79578807e-05
p4	3	1278	attn_output-9	9	2048	2048	0.000000e+00	0.000000e+00	4.52660061e-06,0.000139688796,5.05200369e-05,-8.26113537e-05	4.52660061e-06,0.000139688796,5.05200369e-05,-8.26113537e-05
p4	3	1279	z-9	9	2048	2048	0.000000e+00	0.000000e+00	0.263531953,-0.235569835,1.20936811,0.692186296	0.263531953,-0.235569835,1.20936811,0.692186296
p4	3	1280	final_output-9	9	2048	2048	0.000000e+00	0.000000e+00	0.000731351727,-0.014941006,0.0500814542,-0.0374062024	0.000731351727,-0.014941006,0.0500814542,-0.0374062024
p4	3	1281	linear_attn_out-9	9	1024	1024	0.000000e+00	0.000000e+00	0.00901418552,-0.000307232724,0.00770410802,-0.00421001576	0.00901418552,-0.000307232724,0.00770410802,-0.00421001576
p4	3	1282	attn_residual-9	9	1024	1024	0.000000e+00	0.000000e+00	-0.721882939,-0.00210137712,0.000620169565,0.0138993394	-0.721882939,-0.00210137712,0.000620169565,0.0138993394
p4	3	1283	attn_post_norm-9	9	1024	1024	0.000000e+00	0.000000e+00	-8.702075,-0.0354772061,0.0101093054,0.265381813	-8.702075,-0.0354772061,0.0101093054,0.265381813
p4	3	1284	ffn_out-9	9	1024	1024	0.000000e+00	0.000000e+00	-0.0267636105,0.00398166291,-0.00295837759,-0.0367748812	-0.0267636105,0.00398166291,-0.00295837759,-0.0367748812
p4	3	1285	l_out-9	9	1024	1024	0.000000e+00	0.000000e+00	-0.748646557,0.0018802858,-0.00233820803,-0.0228755418	-0.748646557,0.0018802858,-0.00233820803,-0.0228755418
p4	3	1286	attn_norm-10	10	1024	1024	0.000000e+00	0.000000e+00	-13.9943886,0.0366198868,-0.0486863889,-0.5135625	-13.9943886,0.0366198868,-0.0486863889,-0.5135625
p4	3	1287	conv_output_silu-10	10	6144	6144	0.000000e+00	0.000000e+00	0.00873577036,-0.0062705907,0.00385468733,-0.0265601855	0.00873577036,-0.0062705907,0.00385468733,-0.0265601855
p4	3	1288	q_conv_predelta-10	10	2048	2048	0.000000e+00	0.000000e+00	0.0229762811,-0.0164925177,0.0101383599,-0.0698569492	0.0229762811,-0.0164925177,0.0101383599,-0.0698569492
p4	3	1289	k_conv_predelta-10	10	2048	2048	0.000000e+00	0.000000e+00	-0.0624434538,-0.0673733354,0.144851446,0.0216088593	-0.0624434538,-0.0673733354,0.144851446,0.0216088593
p4	3	1290	v_conv_predelta-10	10	2048	2048	0.000000e+00	0.000000e+00	0.00482540252,0.0188953262,-0.00724295899,0.0105802165	0.00482540252,0.0188953262,-0.00724295899,0.0105802165
p4	3	1291	a_softplus-10	10	16	16	0.000000e+00	0.000000e+00	0.188942179,0.00314788753,3.50547361,0.233615756	0.188942179,0.00314788753,3.50547361,0.233615756
p4	3	1292	gate-10	10	16	16	0.000000e+00	0.000000e+00	-0.144584328,-0.0182569176,-1.08594501,-0.0478341654	-0.144584328,-0.0182569176,-1.08594501,-0.0478341654
p4	3	1293	beta_sigmoid-10	10	16	16	0.000000e+00	0.000000e+00	0.747367501,0.32730642,0.941047668,0.531429648	0.747367501,0.32730642,0.941047668,0.531429648
p4	3	1294	state_predelta-10	10	262144	262144	0.000000e+00	0.000000e+00	-0.00074633176,0.00178958266,0.00312066101,0.000363417348	-0.00074633176,0.00178958266,0.00312066101,0.000363417348
p4	3	1295	new_state-10	10	262144	262144	0.000000e+00	0.000000e+00	-0.000551647216,0.0016503256,0.00248201168,0.00028189132	-0.000551647216,0.0016503256,0.00248201168,0.00028189132
p4	3	1296	attn_output-10	10	2048	2048	0.000000e+00	0.000000e+00	-1.0656423e-05,5.10551945e-05,-3.23421455e-06,2.92987042e-05	-1.0656423e-05,5.10551945e-05,-3.23421455e-06,2.92987042e-05
p4	3	1297	z-10	10	2048	2048	0.000000e+00	0.000000e+00	1.12919497,0.96384275,0.862779081,0.888759613	1.12919497,0.96384275,0.862779081,0.888759613
p4	3	1298	final_output-10	10	2048	2048	0.000000e+00	0.000000e+00	-0.00815654453,0.0379812643,-0.00190852559,0.0188375432	-0.00815654453,0.0379812643,-0.00190852559,0.0188375432
p4	3	1299	linear_attn_out-10	10	1024	1024	0.000000e+00	0.000000e+00	0.114823341,0.017804753,-0.00239211088,-0.0241387747	0.114823341,0.017804753,-0.00239211088,-0.0241387747
p4	3	1300	attn_residual-10	10	1024	1024	0.000000e+00	0.000000e+00	-0.633823216,0.0196850393,-0.00473031867,-0.0470143184	-0.633823216,0.0196850393,-0.00473031867,-0.0470143184
p4	3	1301	attn_post_norm-10	10	1024	1024	0.000000e+00	0.000000e+00	-8.88348007,0.340578347,-0.0815782547,-0.866396427	-8.88348007,0.340578347,-0.0815782547,-0.866396427
p4	3	1302	ffn_out-10	10	1024	1024	0.000000e+00	0.000000e+00	0.280993551,-0.0232501328,0.0290138479,0.0186430104	0.280993551,-0.0232501328,0.0290138479,0.0186430104
p4	3	1303	l_out-10	10	1024	1024	0.000000e+00	0.000000e+00	-0.352829665,-0.0035650935,0.0242835283,-0.028371308	-0.352829665,-0.0035650935,0.0242835283,-0.028371308
p4	3	1304	attn_norm-11	11	1024	1024	0.000000e+00	0.000000e+00	-5.66728449,-0.0597270094,0.434467852,-0.559724331	-5.66728449,-0.0597270094,0.434467852,-0.559724331
p4	3	1305	attn_pregate-11	11	2048	2048	0.000000e+00	0.000000e+00	0.140084401,0.0799232721,0.115506113,0.0502538756	0.140084401,0.0799232721,0.115506113,0.0502538756
p4	3	1306	attn_gated-11	11	2048	2048	0.000000e+00	0.000000e+00	0.00674809422,0.00430648448,0.00397357717,0.00367288222	0.00674809422,0.00430648448,0.00397357717,0.00367288222
p4	3	1307	attn_output-11	11	1024	1024	0.000000e+00	0.000000e+00	-0.0873716325,-0.00619298033,-0.00588288158,-0.00750404224	-0.0873716325,-0.00619298033,-0.00588288158,-0.00750404224
p4	3	1308	attn_residual-11	11	1024	1024	0.000000e+00	0.000000e+00	-0.440201283,-0.00975807384,0.0184006467,-0.0358753502	-0.440201283,-0.00975807384,0.0184006467,-0.0358753502
p4	3	1309	attn_post_norm-11	11	1024	1024	0.000000e+00	0.000000e+00	-5.70292759,-0.179348588,0.32271713,-0.677420735	-5.70292759,-0.179348588,0.32271713,-0.677420735
p4	3	1310	ffn_out-11	11	1024	1024	0.000000e+00	0.000000e+00	-0.142223775,-0.0148431258,0.0048823338,0.0129533038	-0.142223775,-0.0148431258,0.0048823338,0.0129533038
p4	3	1311	l_out-11	11	1024	1024	0.000000e+00	0.000000e+00	-0.582425058,-0.0246011987,0.0232829805,-0.0229220465	-0.582425058,-0.0246011987,0.0232829805,-0.0229220465
p4	3	1312	attn_norm-12	12	1024	1024	0.000000e+00	0.000000e+00	-11.1174603,-0.529816389,0.522407234,-0.549422264	-11.1174603,-0.529816389,0.522407234,-0.549422264
p4	3	1313	conv_output_silu-12	12	6144	6144	0.000000e+00	0.000000e+00	-0.00410658028,0.0925699994,0.0525575206,0.0110354936	-0.00410658028,0.0925699994,0.0525575206,0.0110354936
p4	3	1314	q_conv_predelta-12	12	2048	2048	0.000000e+00	0.000000e+00	-0.0018433925,0.0415535159,0.0235924143,0.004953695	-0.0018433925,0.0415535159,0.0235924143,0.004953695
p4	3	1315	k_conv_predelta-12	12	2048	2048	0.000000e+00	0.000000e+00	-0.0892762467,-0.0292038638,-0.0353872143,-0.005388238	-0.0892762467,-0.0292038638,-0.0353872143,-0.005388238
p4	3	1316	v_conv_predelta-12	12	2048	2048	0.000000e+00	0.000000e+00	-0.0132619757,0.0100183031,0.0201403778,-0.0111748837	-0.0132619757,0.0100183031,0.0201403778,-0.0111748837
p4	3	1317	a_softplus-12	12	16	16	0.000000e+00	0.000000e+00	0.0104819005,0.0470826067,0.0162215624,0.011449228	0.0104819005,0.0470826067,0.0162215624,0.011449228
p4	3	1318	gate-12	12	16	16	0.000000e+00	0.000000e+00	-0.00211295509,-0.0277867652,-0.00168323307,-0.00325473165	-0.00211295509,-0.0277867652,-0.00168323307,-0.00325473165
p4	3	1319	beta_sigmoid-12	12	16	16	0.000000e+00	0.000000e+00	0.595619082,0.670716286,0.203792378,0.354279459	0.595619082,0.670716286,0.203792378,0.354279459
p4	3	1320	state_predelta-12	12	262144	262144	0.000000e+00	0.000000e+00	-0.000456828275,9.72666094e-05,-0.000142661564,-0.000284024922	-0.000456828275,9.72666094e-05,-0.000142661564,-0.000284024922
p4	3	1321	new_state-12	12	262144	262144	0.000000e+00	0.000000e+00	9.77280724e-05,0.000278151245,7.70717452e-05,-0.000250013545	9.77280724e-05,0.000278151245,7.70717452e-05,-0.000250013545
p4	3	1322	attn_output-12	12	2048	2048	0.000000e+00	0.000000e+00	-7.15688802e-05,5.1170271e-05,6.97914002e-05,-5.37003325e-05	-7.15688802e-05,5.1170271e-05,6.97914002e-05,-5.37003325e-05
p4	3	1323	z-12	12	2048	2048	0.000000e+00	0.000000e+00	-0.419642776,-0.13793686,-0.742968857,-0.0183618441	-0.419642776,-0.13793686,-0.742968857,-0.0183618441
p4	3	1324	final_output-12	12	2048	2048	0.000000e+00	0.000000e+00	0.00959017687,-0.00277758413,-0.0111492174,0.00040676081	0.00959017687,-0.00277758413,-0.0111492174,0.00040676081
p4	3	1325	linear_attn_out-12	12	1024	1024	0.000000e+00	0.000000e+00	-0.0952597633,0.00786060095,0.0144119728,0.00947603211	-0.0952597633,0.00786060095,0.0144119728,0.00947603211
p4	3	1326	attn_residual-12	12	1024	1024	0.000000e+00	0.000000e+00	-0.677684844,-0.0167405978,0.0376949534,-0.0134460144	-0.677684844,-0.0167405978,0.0376949534,-0.0134460144
p4	3	1327	attn_post_norm-12	12	1024	1024	0.000000e+00	0.000000e+00	-7.89355659,-0.301703423,0.621461689,-0.237457663	-7.89355659,-0.301703423,0.621461689,-0.237457663
p4	3	1328	ffn_out-12	12	1024	1024	0.000000e+00	0.000000e+00	-0.100530222,-0.0120444205,-0.0203823205,0.00146593526	-0.100530222,-0.0120444205,-0.0203823205,0.00146593526
p4	3	1329	l_out-12	12	1024	1024	0.000000e+00	0.000000e+00	-0.778215051,-0.0287850183,0.0173126329,-0.0119800791	-0.778215051,-0.0287850183,0.0173126329,-0.0119800791
p4	3	1330	attn_norm-13	13	1024	1024	0.000000e+00	0.000000e+00	-13.838192,-0.580212533,0.355484545,-0.274093121	-13.838192,-0.580212533,0.355484545,-0.274093121
p4	3	1331	conv_output_silu-13	13	6144	6144	0.000000e+00	0.000000e+00	0.195080668,-0.0831419975,0.0269465204,-0.0500287525	0.195080668,-0.0831419975,0.0269465204,-0.0500287525
p4	3	1332	q_conv_predelta-13	13	2048	2048	0.000000e+00	0.000000e+00	0.127800226,-0.0544675514,0.0176530629,-0.0327745751	0.127800226,-0.0544675514,0.0176530629,-0.0327745751
p4	3	1333	k_conv_predelta-13	13	2048	2048	0.000000e+00	0.000000e+00	-0.0108406991,0.00697696954,-0.0143264476,0.197678238	-0.0108406991,0.00697696954,-0.0143264476,0.197678238
p4	3	1334	v_conv_predelta-13	13	2048	2048	0.000000e+00	0.000000e+00	-0.00616611168,-0.0120148528,-0.0060177967,0.000816115469	-0.00616611168,-0.0120148528,-0.0060177967,0.000816115469
p4	3	1335	a_softplus-13	13	16	16	0.000000e+00	0.000000e+00	0.0957626626,0.0962114483,0.381994963,0.0961001366	0.0957626626,0.0962114483,0.381994963,0.0961001366
p4	3	1336	gate-13	13	16	16	0.000000e+00	0.000000e+00	-0.0257741716,-0.110738702,-0.192079127,-0.0230048075	-0.0257741716,-0.110738702,-0.192079127,-0.0230048075
p4	3	1337	beta_sigmoid-13	13	16	16	0.000000e+00	0.000000e+00	0.460119963,0.640065789,0.545661867,0.477387637	0.460119963,0.640065789,0.545661867,0.477387637
p4	3	1338	state_predelta-13	13	262144	262144	0.000000e+00	0.000000e+00	4.08341803e-05,-5.59021064e-05,0.000178179631,0.00075799413	4.08341803e-05,-5.59021064e-05,0.000178179631,0.00075799413
p4	3	1339	new_state-13	13	262144	262144	0.000000e+00	0.000000e+00	6.38332203e-05,-6.99503507e-05,0.000205413206,0.000300377316	6.38332203e-05,-6.99503507e-05,0.000205413206,0.000300377316
p4	3	1340	attn_output-13	13	2048	2048	0.000000e+00	0.000000e+00	-1.88594349e-05,-2.96582289e-06,1.25403349e-05,-1.14827108e-05	-1.88594349e-05,-2.96582289e-06,1.25403349e-05,-1.14827108e-05
p4	3	1341	z-13	13	2048	2048	0.000000e+00	0.000000e+00	0.398309857,1.24885631,0.0451260731,1.04671788	0.398309857,1.24885631,0.0451260731,1.04671788
p4	3	1342	final_output-13	13	2048	2048	0.000000e+00	0.000000e+00	-0.00473086582,-0.00305217854,0.000304916088,-0.00915726647	-0.00473086582,-0.00305217854,0.000304916088,-0.00915726647
p4	3	1343	linear_attn_out-13	13	1024	1024	0.000000e+00	0.000000e+00	-0.0927067325,-0.0290448852,0.0144648729,-0.0350684412	-0.0927067325,-0.0290448852,0.0144648729,-0.0350684412
p4	3	1344	attn_residual-13	13	1024	1024	0.000000e+00	0.000000e+00	-0.870921791,-0.0578299016,0.0317775048,-0.0470485203	-0.870921791,-0.0578299016,0.0317775048,-0.0470485203
p4	3	1345	attn_post_norm-13	13	1024	1024	0.000000e+00	0.000000e+00	-9.98736858,-1.00295556,0.508630455,-0.750516236	-9.98736858,-1.00295556,0.508630455,-0.750516236
p4	3	1346	ffn_out-13	13	1024	1024	0.000000e+00	0.000000e+00	0.015498355,-0.00187523663,-0.00173121318,0.0568127297	0.015498355,-0.00187523663,-0.00173121318,0.0568127297
p4	3	1347	l_out-13	13	1024	1024	0.000000e+00	0.000000e+00	-0.85542345,-0.0597051382,0.0300462916,0.00976420939	-0.85542345,-0.0597051382,0.0300462916,0.00976420939
p4	3	1348	attn_norm-14	14	1024	1024	0.000000e+00	0.000000e+00	-13.9901524,-1.10237455,0.51491034,0.194270357	-13.9901524,-1.10237455,0.51491034,0.194270357
p4	3	1349	conv_output_silu-14	14	6144	6144	0.000000e+00	0.000000e+00	0.0264385492,0.0229870938,-0.227357164,-0.0911750793	0.0264385492,0.0229870938,-0.227357164,-0.0911750793
p4	3	1350	q_conv_predelta-14	14	2048	2048	0.000000e+00	0.000000e+00	0.00783591717,0.00681296736,-0.0673846304,-0.0270226784	0.00783591717,0.00681296736,-0.0673846304,-0.0270226784
p4	3	1351	k_conv_predelta-14	14	2048	2048	0.000000e+00	0.000000e+00	0.0108952839,-0.015098705,-0.0274648257,0.0186346807	0.0108952839,-0.015098705,-0.0274648257,0.0186346807
p4	3	1352	v_conv_predelta-14	14	2048	2048	0.000000e+00	0.000000e+00	0.01189717,-0.0263820924,-0.0197860003,-0.0194225479	0.01189717,-0.0263820924,-0.0197860003,-0.0194225479
p4	3	1353	a_softplus-14	14	16	16	0.000000e+00	0.000000e+00	0.136637598,0.0326696895,0.0207794141,0.00211265869	0.136637598,0.0326696895,0.0207794141,0.00211265869
p4	3	1354	gate-14	14	16	16	0.000000e+00	0.000000e+00	-0.0429949276,-0.00545965275,-0.0138150649,-0.00635670219	-0.0429949276,-0.00545965275,-0.0138150649,-0.00635670219
p4	3	1355	beta_sigmoid-14	14	16	16	0.000000e+00	0.000000e+00	0.421832919,0.176531911,0.340805978,0.480828106	0.421832919,0.176531911,0.340805978,0.480828106
p4	3	1356	state_predelta-14	14	262144	262144	0.000000e+00	0.000000e+00	1.83667162e-05,0.000405086175,-1.87278492e-05,1.40365428e-05	1.83667162e-05,0.000405086175,-1.87278492e-05,1.40365428e-05
p4	3	1357	new_state-14	14	262144	262144	0.000000e+00	0.000000e+00	7.15706628e-05,0.000313237368,-0.000154004621,0.000105764862	7.15706628e-05,0.000313237368,-0.000154004621,0.000105764862
p4	3	1358	attn_output-14	14	2048	2048	0.000000e+00	0.000000e+00	3.55964744e-06,4.28560361e-06,6.12817473e-07,-6.53029747e-06	3.55964744e-06,4.28560361e-06,6.12817473e-07,-6.53029747e-06
p4	3	1359	z-14	14	2048	2048	0.000000e+00	0.000000e+00	-0.0799927711,-0.726379871,0.157318413,1.00699139	-0.0799927711,-0.726379871,0.157318413,1.00699139
p4	3	1360	final_output-14	14	2048	2048	0.000000e+00	0.000000e+00	-0.000142568897,-0.00100708043,5.18644956e-05,-0.00437255669	-0.000142568897,-0.00100708043,5.18644956e-05,-0.00437255669
p4	3	1361	linear_attn_out-14	14	1024	1024	0.000000e+00	0.000000e+00	0.357124269,-0.0233218223,-7.41332769e-07,-0.0248614829	0.357124269,-0.0233218223,-7.41332769e-07,-0.0248614829
p4	3	1362	attn_residual-14	14	1024	1024	0.000000e+00	0.000000e+00	-0.498299181,-0.0830269605,0.0300455503,-0.0150972735	-0.498299181,-0.0830269605,0.0300455503,-0.0150972735
p4	3	1363	attn_post_norm-14	14	1024	1024	0.000000e+00	0.000000e+00	-5.42840862,-1.26852727,0.430758029,-0.210049644	-5.42840862,-1.26852727,0.430758029,-0.210049644
p4	3	1364	ffn_out-14	14	1024	1024	0.000000e+00	0.000000e+00	0.318695486,-0.00495662261,0.00803561136,-0.0216550548	0.318695486,-0.00495662261,0.00803561136,-0.0216550548
p4	3	1365	l_out-14	14	1024	1024	0.000000e+00	0.000000e+00	-0.179603696,-0.0879835859,0.0380811617,-0.0367523283	-0.179603696,-0.0879835859,0.0380811617,-0.0367523283
p4	3	1366	attn_norm-15	15	1024	1024	0.000000e+00	0.000000e+00	-1.912588,-1.04721403,0.452268958,-0.434009254	-1.912588,-1.04721403,0.452268958,-0.434009254
p4	3	1367	attn_pregate-15	15	2048	2048	0.000000e+00	0.000000e+00	-0.409077466,0.272222996,0.24994123,0.19463174	-0.409077466,0.272222996,0.24994123,0.19463174
p4	3	1368	attn_gated-15	15	2048	2048	0.000000e+00	0.000000e+00	-0.0601847023,0.0153891323,0.00770645775,0.0499350503	-0.0601847023,0.0153891323,0.00770645775,0.0499350503
p4	3	1369	attn_output-15	15	1024	1024	0.000000e+00	0.000000e+00	-0.200618744,0.0045510903,-0.0301013738,-0.00308421254	-0.200618744,0.0045510903,-0.0301013738,-0.00308421254
p4	3	1370	attn_residual-15	15	1024	1024	0.000000e+00	0.000000e+00	-0.38022244,-0.0834324956,0.00797978789,-0.0398365408	-0.38022244,-0.0834324956,0.00797978789,-0.0398365408
p4	3	1371	attn_post_norm-15	15	1024	1024	0.000000e+00	0.000000e+00	-3.25254059,-1.12853968,0.102939084,-0.476849824	-3.25254059,-1.12853968,0.102939084,-0.476849824
p4	3	1372	ffn_out-15	15	1024	1024	0.000000e+00	0.000000e+00	-0.250940114,-0.0188127328,-0.019253511,-0.0461595058	-0.250940114,-0.0188127328,-0.019253511,-0.0461595058
p4	3	1373	l_out-15	15	1024	1024	0.000000e+00	0.000000e+00	-0.631162524,-0.102245227,-0.0112737231,-0.0859960467	-0.631162524,-0.102245227,-0.0112737231,-0.0859960467
p4	3	1374	attn_norm-16	16	1024	1024	0.000000e+00	0.000000e+00	-6.76266575,-1.57565892,-0.14471218,-1.236696	-6.76266575,-1.57565892,-0.14471218,-1.236696
p4	3	1375	conv_output_silu-16	16	6144	6144	0.000000e+00	0.000000e+00	-0.230397135,-0.117311105,-0.141157091,-0.220008999	-0.230397135,-0.117311105,-0.141157091,-0.220008999
p4	3	1376	q_conv_predelta-16	16	2048	2048	0.000000e+00	0.000000e+00	-0.0191225857,-0.00973663013,-0.011715808,-0.0182603858	-0.0191225857,-0.00973663013,-0.011715808,-0.0182603858
p4	3	1377	k_conv_predelta-16	16	2048	2048	0.000000e+00	0.000000e+00	0.12346679,0.0250758044,-0.0983275026,-0.122924171	0.12346679,0.0250758044,-0.0983275026,-0.122924171
p4	3	1378	v_conv_predelta-16	16	2048	2048	0.000000e+00	0.000000e+00	-0.24374631,-0.00341776526,0.260012478,0.0415715799	-0.24374631,-0.00341776526,0.260012478,0.0415715799
p4	3	1379	a_softplus-16	16	16	16	0.000000e+00	0.000000e+00	0.0130073167,0.0707827806,0.00693426793,0.110636152	0.0130073167,0.0707827806,0.00693426793,0.110636152
p4	3	1380	gate-16	16	16	16	0.000000e+00	0.000000e+00	-0.00264259684,-0.028710762,-0.000828180229,-0.0239267461	-0.00264259684,-0.028710762,-0.000828180229,-0.0239267461
p4	3	1381	beta_sigmoid-16	16	16	16	0.000000e+00	0.000000e+00	0.247689992,0.415752888,0.707980692,0.649441779	0.247689992,0.415752888,0.707980692,0.649441779
p4	3	1382	state_predelta-16	16	262144	262144	0.000000e+00	0.000000e+00	-0.0168244801,0.0015843343,3.10160685e-05,0.00754226837	-0.0168244801,0.0015843343,3.10160685e-05,0.00754226837
p4	3	1383	new_state-16	16	262144	262144	0.000000e+00	0.000000e+00	-0.0214923099,0.000623110391,0.00378369959,0.0122138849	-0.0214923099,0.000623110391,0.00378369959,0.0122138849
p4	3	1384	attn_output-16	16	2048	2048	0.000000e+00	0.000000e+00	-0.0015939814,-9.71779446e-05,0.00410380214,0.000646252825	-0.0015939814,-9.71779446e-05,0.00410380214,0.000646252825
p4	3	1385	z-16	16	2048	2048	0.000000e+00	0.000000e+00	-0.0484610349,0.662021637,-2.46910834,0.873574972	-0.0484610349,0.662021637,-2.46910834,0.873574972
p4	3	1386	final_output-16	16	2048	2048	0.000000e+00	0.000000e+00	0.0138412239,-0.0161231887,-0.335467368,0.148589939	0.0138412239,-0.0161231887,-0.335467368,0.148589939
p4	3	1387	linear_attn_out-16	16	1024	1024	0.000000e+00	0.000000e+00	-0.190320998,0.0514223576,-0.0344848149,0.0405699275	-0.190320998,0.0514223576,-0.0344848149,0.0405699275
p4	3	1388	attn_residual-16	16	1024	1024	0.000000e+00	0.000000e+00	-0.821483493,-0.0508228689,-0.0457585379,-0.0454261191	-0.821483493,-0.0508228689,-0.0457585379,-0.0454261191
p4	3	1389	attn_post_norm-16	16	1024	1024	0.000000e+00	0.000000e+00	-5.54131985,-0.577219248,-0.508690655,-0.421922386	-5.54131985,-0.577219248,-0.508690655,-0.421922386
p4	3	1390	ffn_out-16	16	1024	1024	0.000000e+00	0.000000e+00	-0.204100743,-0.0248252079,0.0369427651,0.0238359235	-0.204100743,-0.0248252079,0.0369427651,0.0238359235
p4	3	1391	l_out-16	16	1024	1024	0.000000e+00	0.000000e+00	-1.02558422,-0.0756480768,-0.00881577283,-0.0215901956	-1.02558422,-0.0756480768,-0.00881577283,-0.0215901956
p4	3	1392	attn_norm-17	17	1024	1024	0.000000e+00	0.000000e+00	-10.3493891,-1.02629745,-0.111807026,-0.266579628	-10.3493891,-1.02629745,-0.111807026,-0.266579628
p4	3	1393	conv_output_silu-17	17	6144	6144	0.000000e+00	0.000000e+00	-0.0906808823,-0.22199975,-0.273955256,-0.023899531	-0.0906808823,-0.22199975,-0.273955256,-0.023899531
p4	3	1394	q_conv_predelta-17	17	2048	2048	0.000000e+00	0.000000e+00	-0.013770977,-0.0337133184,-0.0416033827,-0.00362942973	-0.013770977,-0.0337133184,-0.0416033827,-0.00362942973
p4	3	1395	k_conv_predelta-17	17	2048	2048	0.000000e+00	0.000000e+00	-0.0409241319,-0.0992915109,-0.0527614839,-0.00870005693	-0.0409241319,-0.0992915109,-0.0527614839,-0.00870005693
p4	3	1396	v_conv_predelta-17	17	2048	2048	0.000000e+00	0.000000e+00	-0.19486472,-0.207975402,-0.00809322018,-0.210423097	-0.19486472,-0.207975402,-0.00809322018,-0.210423097
p4	3	1397	a_softplus-17	17	16	16	0.000000e+00	0.000000e+00	0.00217344426,0.00339182513,0.411902696,0.227842689	0.00217344426,0.00339182513,0.411902696,0.227842689
p4	3	1398	gate-17	17	16	16	0.000000e+00	0.000000e+00	-0.000512220839,-0.000877924846,-0.104145311,-0.0793578923	-0.000512220839,-0.000877924846,-0.104145311,-0.0793578923
p4	3	1399	beta_sigmoid-17	17	16	16	0.000000e+00	0.000000e+00	0.629892766,0.0953524485,0.853295505,0.456853747	0.629892766,0.0953524485,0.853295505,0.456853747
p4	3	1400	state_predelta-17	17	262144	262144	0.000000e+00	0.000000e+00	0.00101308851,0.031376183,0.00809255987,0.0134415785	0.00101308851,0.031376183,0.00809255987,0.0134415785
p4	3	1401	new_state-17	17	262144	262144	0.000000e+00	0.000000e+00	0.00260852766,0.0352322832,0.0101460069,0.0137739796	0.00260852766,0.0352322832,0.0101460069,0.0137739796
p4	3	1402	attn_output-17	17	2048	2048	0.000000e+00	0.000000e+00	-0.00096956105,-0.000857470557,-1.79690705e-05,-0.000805763179	-0.00096956105,-0.000857470557,-1.79690705e-05,-0.000805763179
p4	3	1403	z-17	17	2048	2048	0.000000e+00	0.000000e+00	0.89687264,-0.382962495,0.233401537,-3.89656973	0.89687264,-0.382962495,0.233401537,-3.89656973
p4	3	1404	final_output-17	17	2048	2048	0.000000e+00	0.000000e+00	-0.316287786,0.0754238889,-0.000918050529,0.0315251462	-0.316287786,0.0754238889,-0.000918050529,0.0315251462
p4	3	1405	linear_attn_out-17	17	1024	1024	0.000000e+00	0.000000e+00	-0.468365788,0.00383386016,0.0321602151,-0.0629031956	-0.468365788,0.00383386016,0.0321602151,-0.0629031956
p4	3	1406	attn_residual-17	17	1024	1024	0.000000e+00	0.000000e+00	-1.49395001,-0.0718142167,0.0233444422,-0.0844933912	-1.49395001,-0.0718142167,0.0233444422,-0.0844933912
p4	3	1407	attn_post_norm-17	17	1024	1024	0.000000e+00	0.000000e+00	-8.12371635,-0.684830546,0.21479933,-0.683521748	-8.12371635,-0.684830546,0.21479933,-0.683521748
p4	3	1408	ffn_out-17	17	1024	1024	0.000000e+00	0.000000e+00	0.0324539281,-0.0103920996,-0.0187682919,0.0250855051	0.0324539281,-0.0103920996,-0.0187682919,0.0250855051
p4	3	1409	l_out-17	17	1024	1024	0.000000e+00	0.000000e+00	-1.46149611,-0.0822063163,0.00457615033,-0.0594078861	-1.46149611,-0.0822063163,0.00457615033,-0.0594078861
p4	3	1410	attn_norm-18	18	1024	1024	0.000000e+00	0.000000e+00	-12.757123,-0.944217324,0.0505845472,-0.638576269	-12.757123,-0.944217324,0.0505845472,-0.638576269
p4	3	1411	conv_output_silu-18	18	6144	6144	0.000000e+00	0.000000e+00	-0.147098988,-0.109212764,-0.17276524,-0.265896767	-0.147098988,-0.109212764,-0.17276524,-0.265896767
p4	3	1412	q_conv_predelta-18	18	2048	2048	0.000000e+00	0.000000e+00	-0.0345477089,-0.0256497394,-0.0405756906,-0.062448591	-0.0345477089,-0.0256497394,-0.0405756906,-0.062448591
p4	3	1413	k_conv_predelta-18	18	2048	2048	0.000000e+00	0.000000e+00	0.062407732,-0.0867104977,-0.0673184544,0.011914365	0.062407732,-0.0867104977,-0.0673184544,0.011914365
p4	3	1414	v_conv_predelta-18	18	2048	2048	0.000000e+00	0.000000e+00	0.00233104592,-0.277188599,-0.00607312657,-0.177392453	0.00233104592,-0.277188599,-0.00607312657,-0.177392453
p4	3	1415	a_softplus-18	18	16	16	0.000000e+00	0.000000e+00	0.01407988,1.0902648,0.0185640529,1.1779536	0.01407988,1.0902648,0.0185640529,1.1779536
p4	3	1416	gate-18	18	16	16	0.000000e+00	0.000000e+00	-0.00586936716,-0.219776988,-0.00553056272,-0.317041904	-0.00586936716,-0.219776988,-0.00553056272,-0.317041904
p4	3	1417	beta_sigmoid-18	18	16	16	0.000000e+00	0.000000e+00	0.42616263,0.952838182,0.259386629,0.877272427	0.42616263,0.952838182,0.259386629,0.877272427
p4	3	1418	state_predelta-18	18	262144	262144	0.000000e+00	0.000000e+00	0.000462969707,-0.00988927111,-0.0080304984,-0.00129255978	0.000462969707,-0.00988927111,-0.0080304984,-0.00129255978
p4	3	1419	new_state-18	18	262144	262144	0.000000e+00	0.000000e+00	-0.00173619366,-0.00677960273,-0.00561421504,-0.00170432415	-0.00173619366,-0.00677960273,-0.00561421504,-0.00170432415
p4	3	1420	attn_output-18	18	2048	2048	0.000000e+00	0.000000e+00	0.00272620865,-0.00682339445,-0.000283737609,-0.00538811088	0.00272620865,-0.00682339445,-0.000283737609,-0.00538811088
p4	3	1421	z-18	18	2048	2048	0.000000e+00	0.000000e+00	-0.833138227,-0.777053237,-1.43277836,-0.445734859	-0.833138227,-0.777053237,-1.43277836,-0.445734859
p4	3	1422	final_output-18	18	2048	2048	0.000000e+00	0.000000e+00	-0.0448451973,0.127312407,0.00545367086,0.0621229857	-0.0448451973,0.127312407,0.00545367086,0.0621229857
p4	3	1423	linear_attn_out-18	18	1024	1024	0.000000e+00	0.000000e+00	-0.685205817,0.0618845671,0.0065577589,-0.083779715	-0.685205817,0.0618845671,0.0065577589,-0.083779715
p4	3	1424	attn_residual-18	18	1024	1024	0.000000e+00	0.000000e+00	-2.14670181,-0.0203217492,0.0111339092,-0.143187597	-2.14670181,-0.0203217492,0.0111339092,-0.143187597
p4	3	1425	attn_post_norm-18	18	1024	1024	0.000000e+00	0.000000e+00	-11.6855268,-0.171944857,0.0957711339,-1.05547249	-11.6855268,-0.171944857,0.0957711339,-1.05547249
p4	3	1426	ffn_out-18	18	1024	1024	0.000000e+00	0.000000e+00	-0.193714052,0.0354371518,0.027389463,0.124611795	-0.193714052,0.0354371518,0.027389463,0.124611795
p4	3	1427	l_out-18	18	1024	1024	0.000000e+00	0.000000e+00	-2.34041595,0.0151154026,0.0385233723,-0.0185758024	-2.34041595,0.0151154026,0.0385233723,-0.0185758024
p4	3	1428	attn_norm-19	19	1024	1024	0.000000e+00	0.000000e+00	-13.3509531,0.0959040374,0.2519283,-0.120114982	-13.3509531,0.0959040374,0.2519283,-0.120114982
p4	3	1429	attn_pregate-19	19	2048	2048	0.000000e+00	0.000000e+00	-0.229361326,-0.391345978,-0.110182561,-0.0298546106	-0.229361326,-0.391345978,-0.110182561,-0.0298546106
p4	3	1430	attn_gated-19	19	2048	2048	0.000000e+00	0.000000e+00	-0.0181552414,-0.0402191319,-0.0105866008,-0.00251663942	-0.0181552414,-0.0402191319,-0.0105866008,-0.00251663942
p4	3	1431	attn_output-19	19	1024	1024	0.000000e+00	0.000000e+00	-0.217424095,-0.00217679143,-0.0799513012,0.261747926	-0.217424095,-0.00217679143,-0.0799513012,0.261747926
p4	3	1432	attn_residual-19	19	1024	1024	0.000000e+00	0.000000e+00	-2.55784011,0.0129386112,-0.041427929,0.243172124	-2.55784011,0.0129386112,-0.041427929,0.243172124
p4	3	1433	attn_post_norm-19	19	1024	1024	0.000000e+00	0.000000e+00	-13.9670286,0.104575925,-0.30613941,1.4934603	-13.9670286,0.104575925,-0.30613941,1.4934603
p4	3	1434	ffn_out-19	19	1024	1024	0.000000e+00	0.000000e+00	0.000859115273,0.0139739476,-0.104726404,0.0854768679	0.000859115273,0.0139739476,-0.104726404,0.0854768679
p4	3	1435	l_out-19	19	1024	1024	0.000000e+00	0.000000e+00	-2.55698109,0.0269125588,-0.146154329,0.328648984	-2.55698109,0.0269125588,-0.146154329,0.328648984
p4	3	1436	attn_norm-20	20	1024	1024	0.000000e+00	0.000000e+00	-16.6570301,0.246282637,-1.24644017,2.50981164	-16.6570301,0.246282637,-1.24644017,2.50981164
p4	3	1437	conv_output_silu-20	20	6144	6144	0.000000e+00	0.000000e+00	-0.111925326,-0.277806073,-0.246970087,-0.216079831	-0.111925326,-0.277806073,-0.246970087,-0.216079831
p4	3	1438	q_conv_predelta-20	20	2048	2048	0.000000e+00	0.000000e+00	-0.0376101993,-0.093351014,-0.0829892084,-0.0726091787	-0.0376101993,-0.093351014,-0.0829892084,-0.0726091787
p4	3	1439	k_conv_predelta-20	20	2048	2048	0.000000e+00	0.000000e+00	-0.0774203762,0.0083990097,0.0455386043,-0.0509988517	-0.0774203762,0.0083990097,0.0455386043,-0.0509988517
p4	3	1440	v_conv_predelta-20	20	2048	2048	0.000000e+00	0.000000e+00	-0.00975018181,0.009221741,0.100469455,-0.0196376294	-0.00975018181,0.009221741,0.100469455,-0.0196376294
p4	3	1441	a_softplus-20	20	16	16	0.000000e+00	0.000000e+00	0.1161246,0.568237901,0.0993474647,0.291678905	0.1161246,0.568237901,0.0993474647,0.291678905
p4	3	1442	gate-20	20	16	16	0.000000e+00	0.000000e+00	-0.0259109009,-0.0987449437,-0.0180925168,-0.0835674107	-0.0259109009,-0.0987449437,-0.0180925168,-0.0835674107
p4	3	1443	beta_sigmoid-20	20	16	16	0.000000e+00	0.000000e+00	0.842811227,0.917242289,0.690688312,0.577222228	0.842811227,0.917242289,0.690688312,0.577222228
p4	3	1444	state_predelta-20	20	262144	262144	0.000000e+00	0.000000e+00	-0.00171321887,0.000170666084,0.000755976886,-0.000864351867	-0.00171321887,0.000170666084,0.000755976886,-0.000864351867
p4	3	1445	new_state-20	20	262144	262144	0.000000e+00	0.000000e+00	-0.000708692882,6.20779247e-05,0.000171554449,-0.000209401478	-0.000708692882,6.20779247e-05,0.000171554449,-0.000209401478
p4	3	1446	attn_output-20	20	2048	2048	0.000000e+00	0.000000e+00	-0.0003866099,0.000102202641,0.00305094733,-0.000686382235	-0.0003866099,0.000102202641,0.00305094733,-0.000686382235
p4	3	1447	z-20	20	2048	2048	0.000000e+00	0.000000e+00	-1.11114061,-3.15302849,0.997904956,0.235684872	-1.11114061,-3.15302849,0.997904956,0.235684872
p4	3	1448	final_output-20	20	2048	2048	0.000000e+00	0.000000e+00	0.0130526144,-0.00171391829,0.263864875,-0.00998415705	0.0130526144,-0.00171391829,0.263864875,-0.00998415705
p4	3	1449	linear_attn_out-20	20	1024	1024	0.000000e+00	0.000000e+00	-0.764017105,0.0150087634,-0.0152758798,0.0964381099	-0.764017105,0.0150087634,-0.0152758798,0.0964381099
p4	3	1450	attn_residual-20	20	1024	1024	0.000000e+00	0.000000e+00	-3.32099819,0.0419213213,-0.16143021,0.425087094	-3.32099819,0.0419213213,-0.16143021,0.425087094
p4	3	1451	attn_post_norm-20	20	1024	1024	0.000000e+00	0.000000e+00	-13.8517485,0.306399763,-1.1940397,2.45033145	-13.8517485,0.306399763,-1.1940397,2.45033145
p4	3	1452	ffn_out-20	20	1024	1024	0.000000e+00	0.000000e+00	0.161165446,-0.00649962714,-0.0399112441,0.0482211486	0.161165446,-0.00649962714,-0.0399112441,0.0482211486
p4	3	1453	l_out-20	20	1024	1024	0.000000e+00	0.000000e+00	-3.15983272,0.0354216956,-0.20134145,0.473308235	-3.15983272,0.0354216956,-0.20134145,0.473308235
p4	3	1454	attn_norm-21	21	1024	1024	0.000000e+00	0.000000e+00	-17.6459141,0.30370912,-1.57488978,3.44412303	-17.6459141,0.30370912,-1.57488978,3.44412303
p4	3	1455	conv_output_silu-21	21	6144	6144	0.000000e+00	0.000000e+00	-0.2756733,0.493179351,-0.2774252,-0.192500934	-0.2756733,0.493179351,-0.2774252,-0.192500934
p4	3	1456	q_conv_predelta-21	21	2048	2048	0.000000e+00	0.000000e+00	-0.0547041595,0.0978657007,-0.0550517999,-0.03819957	-0.0547041595,0.0978657007,-0.0550517999,-0.03819957
p4	3	1457	k_conv_predelta-21	21	2048	2048	0.000000e+00	0.000000e+00	0.00703524798,-0.00238263654,0.0207235292,0.0233621076	0.00703524798,-0.00238263654,0.0207235292,0.0233621076
p4	3	1458	v_conv_predelta-21	21	2048	2048	0.000000e+00	0.000000e+00	0.056773454,-0.0103487168,0.117251307,-0.0629787892	0.056773454,-0.0103487168,0.117251307,-0.0629787892
p4	3	1459	a_softplus-21	21	16	16	0.000000e+00	0.000000e+00	0.616259813,0.710596025,0.0295198858,0.945779443	0.616259813,0.710596025,0.0295198858,0.945779443
p4	3	1460	gate-21	21	16	16	0.000000e+00	0.000000e+00	-0.182166055,-0.183927491,-0.0110307755,-0.448503137	-0.182166055,-0.183927491,-0.0110307755,-0.448503137
p4	3	1461	beta_sigmoid-21	21	16	16	0.000000e+00	0.000000e+00	0.615592062,0.856994629,0.430596769,0.879591405	0.615592062,0.856994629,0.430596769,0.879591405
p4	3	1462	state_predelta-21	21	262144	262144	0.000000e+00	0.000000e+00	0.00100701733,0.000192818494,0.00264705648,-0.000555355975	0.00100701733,0.000192818494,0.00264705648,-0.000555355975
p4	3	1463	new_state-21	21	262144	262144	0.000000e+00	0.000000e+00	0.00103175279,9.55327851e-05,0.0027730919,0.000176175003	0.00103175279,9.55327851e-05,0.0027730919,0.000176175003
p4	3	1464	attn_output-21	21	2048	2048	0.000000e+00	0.000000e+00	9.63854254e-05,-0.000138368399,2.27500786e-05,-9.07085778e-05	9.63854254e-05,-0.000138368399,2.27500786e-05,-9.07085778e-05
p4	3	1465	z-21	21	2048	2048	0.000000e+00	0.000000e+00	1.60771596,0.335637093,0.829926729,0.616167307	1.60771596,0.335637093,0.829926729,0.616167307
p4	3	1466	final_output-21	21	2048	2048	0.000000e+00	0.000000e+00	0.10574919,-0.0183144864,0.00971782859,-0.0333331935	0.10574919,-0.0183144864,0.00971782859,-0.0333331935
p4	3	1467	linear_attn_out-21	21	1024	1024	0.000000e+00	0.000000e+00	-0.41858843,-0.0622465909,0.0275337361,-0.0145191327	-0.41858843,-0.0622465909,0.0275337361,-0.0145191327
p4	3	1468	attn_residual-21	21	1024	1024	0.000000e+00	0.000000e+00	-3.57842112,-0.0268248953,-0.17380771,0.45878911	-3.57842112,-0.0268248953,-0.17380771,0.45878911
p4	3	1469	attn_post_norm-21	21	1024	1024	0.000000e+00	0.000000e+00	-14.0080938,-0.181520313,-1.16061616,2.44924498	-14.0080938,-0.181520313,-1.16061616,2.44924498
p4	3	1470	ffn_out-21	21	1024	1024	0.000000e+00	0.000000e+00	-0.281086087,0.0334474817,-0.180427015,0.0507762544	-0.281086087,0.0334474817,-0.180427015,0.0507762544
p4	3	1471	l_out-21	21	1024	1024	0.000000e+00	0.000000e+00	-3.85950708,0.0066225864,-0.354234725,0.509565353	-3.85950708,0.0066225864,-0.354234725,0.509565353
p4	3	1472	attn_norm-22	22	1024	1024	0.000000e+00	0.000000e+00	-17.7684898,0.0437413752,-2.15272951,3.09261894	-17.7684898,0.0437413752,-2.15272951,3.09261894
p4	3	1473	conv_output_silu-22	22	6144	6144	0.000000e+00	0.000000e+00	0.00372069585,-0.063785851,0.022926433,-0.0511525981	0.00372069585,-0.063785851,0.022926433,-0.0511525981
p4	3	1474	q_conv_predelta-22	22	2048	2048	0.000000e+00	0.000000e+00	0.000799156202,-0.0137003558,0.00492429361,-0.0109869	0.000799156202,-0.0137003558,0.00492429361,-0.0109869
p4	3	1475	k_conv_predelta-22	22	2048	2048	0.000000e+00	0.000000e+00	-0.0205901358,0.233415797,-0.0693651065,-0.12536712	-0.0205901358,0.233415797,-0.0693651065,-0.12536712
p4	3	1476	v_conv_predelta-22	22	2048	2048	0.000000e+00	0.000000e+00	-0.000715955277,0.00879437663,-0.00425853906,-0.017033631	-0.000715955277,0.00879437663,-0.00425853906,-0.017033631
p4	3	1477	a_softplus-22	22	16	16	0.000000e+00	0.000000e+00	0.395868868,0.956509531,3.34080815,0.516281724	0.395868868,0.956509531,3.34080815,0.516281724
p4	3	1478	gate-22	22	16	16	0.000000e+00	0.000000e+00	-0.0732283816,-0.2167871,-2.1909554,-0.0970064625	-0.0732283816,-0.2167871,-2.1909554,-0.0970064625
p4	3	1479	beta_sigmoid-22	22	16	16	0.000000e+00	0.000000e+00	0.445816815,0.764082909,0.9623909,0.64600271	0.445816815,0.764082909,0.9623909,0.64600271
p4	3	1480	state_predelta-22	22	262144	262144	0.000000e+00	0.000000e+00	0.000476289308,-0.000479345588,0.00312252296,-0.000573213154	0.000476289308,-0.000479345588,0.00312252296,-0.000573213154
p4	3	1481	new_state-22	22	262144	262144	0.000000e+00	0.000000e+00	0.00042703643,-0.000268409553,0.00284941075,-0.000627851696	0.00042703643,-0.000268409553,0.00284941075,-0.000627851696
p4	3	1482	attn_output-22	22	2048	2048	0.000000e+00	0.000000e+00	4.84711454e-05,4.98014415e-05,1.46839766e-05,-5.6273122e-05	4.84711454e-05,4.98014415e-05,1.46839766e-05,-5.6273122e-05
p4	3	1483	z-22	22	2048	2048	0.000000e+00	0.000000e+00	2.20971203,-0.489020765,-1.91251206,-1.09514332	2.20971203,-0.489020765,-1.91251206,-1.09514332
p4	3	1484	final_output-22	22	2048	2048	0.000000e+00	0.000000e+00	0.109286897,-0.00947417133,-0.0038523823,0.0148334261	0.109286897,-0.00947417133,-0.0038523823,0.0148334261
p4	3	1485	linear_attn_out-22	22	1024	1024	0.000000e+00	0.000000e+00	0.227222919,-0.0583894923,0.0353688747,0.265745908	0.227222919,-0.0583894923,0.0353688747,0.265745908
p4	3	1486	attn_residual-22	22	1024	1024	0.000000e+00	0.000000e+00	-3.63228416,-0.0517669059,-0.318865836,0.775311232	-3.63228416,-0.0517669059,-0.318865836,0.775311232
p4	3	1487	attn_post_norm-22	22	1024	1024	0.000000e+00	0.000000e+00	-14.3098946,-0.29424426,-1.78016424,3.55871153	-14.3098946,-0.29424426,-1.78016424,3.55871153
p4	3	1488	ffn_out-22	22	1024	1024	0.000000e+00	0.000000e+00	-0.212913245,-0.0713865384,0.0810194835,0.0859859139	-0.212913245,-0.0713865384,0.0810194835,0.0859859139
p4	3	1489	l_out-22	22	1024	1024	0.000000e+00	0.000000e+00	-3.84519744,-0.123153448,-0.237846345,0.861297131	-3.84519744,-0.123153448,-0.237846345,0.861297131
p4	3	1490	attn_norm-23	23	1024	1024	0.000000e+00	0.000000e+00	-14.8620071,-0.609489858,-1.21634507,3.59539652	-14.8620071,-0.609489858,-1.21634507,3.59539652
p4	3	1491	attn_pregate-23	23	2048	2048	0.000000e+00	0.000000e+00	-6.35686731,-0.0380665064,-0.520269156,-0.0867115632	-6.35686731,-0.0380665064,-0.520269156,-0.0867115632
p4	3	1492	attn_gated-23	23	2048	2048	0.000000e+00	0.000000e+00	-0.55688107,-0.00436314568,-0.0578083806,-0.0184241589	-0.55688107,-0.00436314568,-0.0578083806,-0.0184241589
p4	3	1493	attn_output-23	23	1024	1024	0.000000e+00	0.000000e+00	-0.0848311931,0.0708257779,-0.0238217562,0.346576869	-0.0848311931,0.0708257779,-0.0238217562,0.346576869
p4	3	1494	attn_residual-23	23	1024	1024	0.000000e+00	0.000000e+00	-3.93002868,-0.0523276702,-0.261668086,1.20787406	-3.93002868,-0.0523276702,-0.261668086,1.20787406
p4	3	1495	attn_post_norm-23	23	1024	1024	0.000000e+00	0.000000e+00	-15.1891832,-0.244473889,-1.12474573,4.85671473	-15.1891832,-0.244473889,-1.12474573,4.85671473
p4	3	1496	ffn_out-23	23	1024	1024	0.000000e+00	0.000000e+00	1.18235731,0.591896772,0.172491416,1.40960562	1.18235731,0.591896772,0.172491416,1.40960562
p4	3	1497	l_out-23	23	1024	1024	0.000000e+00	0.000000e+00	-2.74767137,0.53956908,-0.0891766697,2.6174798	-2.74767137,0.53956908,-0.0891766697,2.6174798
p4	3	1498	result_norm	-1	1024	1024	0.000000e+00	0.000000e+00	-1.92296076,6.35988235,-1.02046466,33.4231567	-1.92296076,6.35988235,-1.02046466,33.4231567
p4	3	1499	result_output	-1	248320	248320	0.000000e+00	0.000000e+00	7.98747683,5.4302268,9.50121212,2.93149662	7.98747683,5.4302268,9.50121212,2.93149662
