name	layer	pos	shape	n_bytes	file	sha256
model.input_embed	-1	0	1024x1x1x1	4096	pos0/model.input_embed.f32	0f2822b1d8f095dda46d1b1c56382d69fe0b941be4f54f9619610de1b68f5800
attn_norm-0	0	0	1024x1x1x1	4096	pos0/attn_norm-0.f32	7fddf79018f18b6a8efe4d4305b8c552d45f257d584fe7cabb71ba8944bbe098
conv_output_silu-0	0	0	6144x1x1x1	24576	pos0/conv_output_silu-0.f32	7b60c34139979b73d8452820e7758300d596c03137cbb2e7c9511ce980d74d93
q_conv_predelta-0	0	0	128x16x1x1	8192	pos0/q_conv_predelta-0.f32	17a78107cda3c15bb6e2638ab7f78c70c55095531399ce60a8dc0222dafb4410
k_conv_predelta-0	0	0	128x16x1x1	8192	pos0/k_conv_predelta-0.f32	e38c231c7a5815c78261f50ac0dd48f70ea3e867c212993409295d2f4068b72e
v_conv_predelta-0	0	0	128x16x1x1	8192	pos0/v_conv_predelta-0.f32	2137354faac5e733662b88df392247ebe1f7002e41bed3e0afa00b95aa5997dd
a_softplus-0	0	0	16x1x1x1	64	pos0/a_softplus-0.f32	44d1c89a03d66c1f452b946e142a9e9ad1e080f1c007fb777b4380ccb922b445
gate-0	0	0	16x1x1x1	64	pos0/gate-0.f32	68f2f49cebb0ade93cff238040394af61e3533000984e7e6a87eff81beb7461a
beta_sigmoid-0	0	0	1x16x1x1	64	pos0/beta_sigmoid-0.f32	5024bb72aab2304541af693ec4471a80c0313ae6b5bf8686dc08d3a209ee0970
state_predelta-0	0	0	128x128x16x1	1048576	pos0/state_predelta-0.f32	30e14955ebf1352266dc2ff8067e68104607e750abb9d3b36582b8af909fcb58
new_state-0	0	0	128x128x16x1	1048576	pos0/new_state-0.f32	23e95f39cd8da2bf9a811be16a89e0ad16f73652105e96cf71194d149e70242c
attn_output-0	0	0	128x16x1x1	8192	pos0/attn_output-0.f32	1f55efb7e44af76cb0ddb3f12196c5660eb3ad7ea6c0252ed1e32575bbae6ba5
z-0	0	0	2048x1x1x1	8192	pos0/z-0.f32	65705cfd6bb19795a3eabdd7ec1cbd30d7a4e3a7c05ff74ba5b9e1404898838a
final_output-0	0	0	2048x1x1x1	8192	pos0/final_output-0.f32	3ed0766cded141f093f460eddaea1f2222fe6b96a6f56e67870582bad7ac442a
linear_attn_out-0	0	0	1024x1x1x1	4096	pos0/linear_attn_out-0.f32	b7cb76989a84587466b797db8c1578d01e8958b3ac859676f2bc0e5ec81ae462
attn_residual-0	0	0	1024x1x1x1	4096	pos0/attn_residual-0.f32	157e31dca0955a7e4d14c517e328db402818385cd600ff7accd73813f8eb4fe4
attn_post_norm-0	0	0	1024x1x1x1	4096	pos0/attn_post_norm-0.f32	2030e104ddfdf22a4e52f6c31e81ec3e42f0a558398d769719a25d29de7de1b7
ffn_out-0	0	0	1024x1x1x1	4096	pos0/ffn_out-0.f32	f6e0b824cd13995123c633b8fba16abc9bde0fcc6b8b3cace582d2d4e55e9069
l_out-0	0	0	1024x1x1x1	4096	pos0/l_out-0.f32	63c6f57cd2831f1e3bc5e7337d24f2dd3a6bdc20e489bc3356d3285c698698f5
attn_norm-1	1	0	1024x1x1x1	4096	pos0/attn_norm-1.f32	b6129a19ef544e3434ed6ad4df51100790e83deac22abeb516c01f9020b28921
conv_output_silu-1	1	0	6144x1x1x1	24576	pos0/conv_output_silu-1.f32	59df7303d0088691ec1fbd1aa0384d83d3ee9e009170bb29b82c59905c2a4e60
q_conv_predelta-1	1	0	128x16x1x1	8192	pos0/q_conv_predelta-1.f32	237d38f5b729c65dcb9e4ccce1305cc387c3a6b00216a050d8249197d9c9840c
k_conv_predelta-1	1	0	128x16x1x1	8192	pos0/k_conv_predelta-1.f32	96f36587a4cdc8fdfec090c9f997a6a72b54825547ff3d4b26728283079a6a14
v_conv_predelta-1	1	0	128x16x1x1	8192	pos0/v_conv_predelta-1.f32	3748710c4f5f5cdcbe9d017621a430bb5b1651cd60a7fbb38ec0932c5c54b35f
a_softplus-1	1	0	16x1x1x1	64	pos0/a_softplus-1.f32	1705d31b19ad7beaf7c0c9cbf72ae3dc6537369f32e4543cb6112c1ae1c9628c
gate-1	1	0	16x1x1x1	64	pos0/gate-1.f32	75c70eabe2ab253a5204599e6b5bcd3ab8d2e206646b1f9708501de1337a09b6
beta_sigmoid-1	1	0	1x16x1x1	64	pos0/beta_sigmoid-1.f32	ec5ec16496f6a0247a475e3a413996f55518e8862608189465b282bc825e3e3e
state_predelta-1	1	0	128x128x16x1	1048576	pos0/state_predelta-1.f32	30e14955ebf1352266dc2ff8067e68104607e750abb9d3b36582b8af909fcb58
new_state-1	1	0	128x128x16x1	1048576	pos0/new_state-1.f32	187e999847ca85924c21052156f64ba573cae4529aebf0af622158932f680b04
attn_output-1	1	0	128x16x1x1	8192	pos0/attn_output-1.f32	e3c67336c0920ce199b29db2aa9a8d726d9ef9bc8b0c84f0f15990c174ca0f27
z-1	1	0	2048x1x1x1	8192	pos0/z-1.f32	0b99a01f0e9c9560597156b27cf200b8cd1aa979e141e3baa801edaa62563cf2
final_output-1	1	0	2048x1x1x1	8192	pos0/final_output-1.f32	5500f5dd6e0d0c3dc05eb192eb2a4b2f4d5b3902c2d5f6d09d412bde7e097c7d
linear_attn_out-1	1	0	1024x1x1x1	4096	pos0/linear_attn_out-1.f32	7af0f6f9c358b555a2a10030995d1619f049ba445c01ddd66775e3e9921dabcf
attn_residual-1	1	0	1024x1x1x1	4096	pos0/attn_residual-1.f32	5401a6c9ea21eae1a4bc70b3ee4a4294261ab750e89197b454d540c8de68292a
attn_post_norm-1	1	0	1024x1x1x1	4096	pos0/attn_post_norm-1.f32	1957b6001e027805eba1754fca8e61734579c58c4de667e04ad42069314efde8
ffn_out-1	1	0	1024x1x1x1	4096	pos0/ffn_out-1.f32	2e9153464e661a90cb55f5f2162ef4b5e7de1d865a21f844dcf27976a0d1d352
l_out-1	1	0	1024x1x1x1	4096	pos0/l_out-1.f32	91a040f186d7a8a5f14bab5fd966272368edc4bd8dc36368dded8144a599ddcd
attn_norm-2	2	0	1024x1x1x1	4096	pos0/attn_norm-2.f32	c9a509ded7c3dc4077fc772fc28736496a3c4ddb54ba8d9ccd353a5929ef168f
conv_output_silu-2	2	0	6144x1x1x1	24576	pos0/conv_output_silu-2.f32	ed3286e94e8da7db57f6059ba25c937df080e25456838cade5691b793b88b095
q_conv_predelta-2	2	0	128x16x1x1	8192	pos0/q_conv_predelta-2.f32	1f07fcc4e10ac6933cb03dd1d7554514d8f766885eead2cf9b89a33490f7d6f0
k_conv_predelta-2	2	0	128x16x1x1	8192	pos0/k_conv_predelta-2.f32	583069515fa2a53b8f3627b2482b9f9d2f7beb47509e6d327eff5d37c5ee7278
v_conv_predelta-2	2	0	128x16x1x1	8192	pos0/v_conv_predelta-2.f32	f58d3b3115e0cade83433dae51a25bf8febc6439029f6d412a0d755c5d30c508
a_softplus-2	2	0	16x1x1x1	64	pos0/a_softplus-2.f32	7e8aec3cca03a5623e6665949bb30be81c3293b9c5331d5f51721e4650126ee1
gate-2	2	0	16x1x1x1	64	pos0/gate-2.f32	eec0a51f79c769f9cf0aa096e892a7501e4ea24124a55423b978f1ac79123d54
beta_sigmoid-2	2	0	1x16x1x1	64	pos0/beta_sigmoid-2.f32	bb7afc4dc8c0b4e1638327712f5f28c7f570cf4e0cdf86eed142f136dc05aa23
state_predelta-2	2	0	128x128x16x1	1048576	pos0/state_predelta-2.f32	30e14955ebf1352266dc2ff8067e68104607e750abb9d3b36582b8af909fcb58
new_state-2	2	0	128x128x16x1	1048576	pos0/new_state-2.f32	6be45f83777e4e439afff252bfce2bf1bdad024512014efe0cce1e90ce9df17c
attn_output-2	2	0	128x16x1x1	8192	pos0/attn_output-2.f32	6b1580a364659c9de3035479d672faca14cc0b9a589a67f0a3b4c9154a1c732a
z-2	2	0	2048x1x1x1	8192	pos0/z-2.f32	47e3f74a28dff20c426a459226c0b6827db691fc8655d91a614465d3e83c4940
final_output-2	2	0	2048x1x1x1	8192	pos0/final_output-2.f32	2fee39f2c8cb5e4a7f9595da101d894307d560e03a099645b173a7521fb961dc
linear_attn_out-2	2	0	1024x1x1x1	4096	pos0/linear_attn_out-2.f32	3882535b99f447a1c0410b8e9e848fddb615a57ba2bc6383ddaa9f1c62985a22
attn_residual-2	2	0	1024x1x1x1	4096	pos0/attn_residual-2.f32	fce8059f274f1df606a2d1cef0797a8d4fe958259b9416dc49656d447c72c9b2
attn_post_norm-2	2	0	1024x1x1x1	4096	pos0/attn_post_norm-2.f32	d58566fd632d942bdd6b3b5b469759331eae7a2ff315045f779c3d4144a76369
ffn_out-2	2	0	1024x1x1x1	4096	pos0/ffn_out-2.f32	0a0951e6fd708c073da2f359635e597392ec4e46d010d43c1ca8f4b436fea38e
l_out-2	2	0	1024x1x1x1	4096	pos0/l_out-2.f32	f8e81952fdacd061fbfea9ba9f2abb9580f838c65e0e1a24638f20333395d628
attn_norm-3	3	0	1024x1x1x1	4096	pos0/attn_norm-3.f32	8640612cb77872f7dad231d13554b968b6194d01c20f0fb9b42765f35e7ca5fe
attn_pregate-3	3	0	2048x1x1x1	8192	pos0/attn_pregate-3.f32	049614a997c63af7f94f3fa4925638cdec7721342f8a331bb2216a7167c43463
attn_gated-3	3	0	2048x1x1x1	8192	pos0/attn_gated-3.f32	5a1520dddcc030d3b5e37b8178b1e41e688a1cb408e910c36918a4dc6133bcd6
attn_output-3	3	0	1024x1x1x1	4096	pos0/attn_output-3.f32	5a40b74aced0c0291a9422be490d493e176010f7b5a037cdb3344e867c0a5fa7
attn_residual-3	3	0	1024x1x1x1	4096	pos0/attn_residual-3.f32	7dcf66e2b50f3289b38306fe9e65d57f1c6979602785f6989a81e99c50e7cb46
attn_post_norm-3	3	0	1024x1x1x1	4096	pos0/attn_post_norm-3.f32	050f0206f06f43119a6ac095cce10dec6131aba1d5714b2e27d08676fabbcd36
ffn_out-3	3	0	1024x1x1x1	4096	pos0/ffn_out-3.f32	203c3a99a2fe13a73384042a329934a67bb7ddef098596d8ae3abaf9388ab367
l_out-3	3	0	1024x1x1x1	4096	pos0/l_out-3.f32	1adc134f0ab49163a4be79e332c78e94eea9dbc0e895f261a28ad37783ddaeaf
attn_norm-4	4	0	1024x1x1x1	4096	pos0/attn_norm-4.f32	d2a732c1fdb2e42de5d25c1e95a1e35af6e792b4bc3b9b79afc226c10d214299
conv_output_silu-4	4	0	6144x1x1x1	24576	pos0/conv_output_silu-4.f32	b00a2101955188ca31986269e959fa1fecd60f642e582b6c6f41a4f3e1674658
q_conv_predelta-4	4	0	128x16x1x1	8192	pos0/q_conv_predelta-4.f32	aa7066fa353f8ea3915c8705c890ed44e7a5ead135173c4bb680ea7a66d72804
k_conv_predelta-4	4	0	128x16x1x1	8192	pos0/k_conv_predelta-4.f32	fdcd99973744f57a9206c20ae56cb97dba5c83bb378ace44873056596e91aff9
v_conv_predelta-4	4	0	128x16x1x1	8192	pos0/v_conv_predelta-4.f32	a6b81155a041ccb8097009461b7e222acf4ce344a3b9400b0180985b86ff250e
a_softplus-4	4	0	16x1x1x1	64	pos0/a_softplus-4.f32	dd03b1466eda522759380b5936c37ff0c52b9442b3a5c95be047447f83cab6d9
gate-4	4	0	16x1x1x1	64	pos0/gate-4.f32	8b391426b2c252126873834931a9ec3f94bfbeb2045c9671b6f73e7782326011
beta_sigmoid-4	4	0	1x16x1x1	64	pos0/beta_sigmoid-4.f32	caf3be8cad7ef4aa2760f45fbae1ad1b1dbef6241fa5c18ae738141e5e14c5ae
state_predelta-4	4	0	128x128x16x1	1048576	pos0/state_predelta-4.f32	30e14955ebf1352266dc2ff8067e68104607e750abb9d3b36582b8af909fcb58
new_state-4	4	0	128x128x16x1	1048576	pos0/new_state-4.f32	bd4ce25030a2f870756def447a3232177481d96a17c75ef8749b6f16f013f648
attn_output-4	4	0	128x16x1x1	8192	pos0/attn_output-4.f32	f3a91fcc9dcbbf08e9d44dcb38c4e49a3eb10fb42eea344dc828af0f0f32f53c
z-4	4	0	2048x1x1x1	8192	pos0/z-4.f32	76ad527887042b3197f00866d578cac562dda7f9b87b823bb4e2d08f3d9464cc
final_output-4	4	0	2048x1x1x1	8192	pos0/final_output-4.f32	4a4bbf8818c8cea3c7fb46f329cc788f6d9ed48dc0588fb458c80377caaa59bf
linear_attn_out-4	4	0	1024x1x1x1	4096	pos0/linear_attn_out-4.f32	82de5a9e5c4cbc30aacb5eb0ebe23764557a81d5877e3f0586a4dcb18a4ea65f
attn_residual-4	4	0	1024x1x1x1	4096	pos0/attn_residual-4.f32	e8eb30d77174f8772c81440d5e432d510e920631024da4302cfc2c9f605e4a7d
attn_post_norm-4	4	0	1024x1x1x1	4096	pos0/attn_post_norm-4.f32	33d3bc3b65414fd4009d036945473d8a994939fe74be4af1bc2b53863e5e35e5
ffn_out-4	4	0	1024x1x1x1	4096	pos0/ffn_out-4.f32	ae1514e16ece9a13dbd0fd725236266ab6dcb85961149a276252e024f29a46d3
l_out-4	4	0	1024x1x1x1	4096	pos0/l_out-4.f32	3d00bbe950715c4a0e1fee770835df9a421aafecd5a1e85b3efde67a9e2ac450
attn_norm-5	5	0	1024x1x1x1	4096	pos0/attn_norm-5.f32	c5921f76e84e88e4f32ca5f9dce78feba0870942e9683c97802246e7e9c5c222
conv_output_silu-5	5	0	6144x1x1x1	24576	pos0/conv_output_silu-5.f32	a6ceb8f571ce6082cf72fab70bc78c8c8f74a5364ffe3d0f020c10abda1bf079
q_conv_predelta-5	5	0	128x16x1x1	8192	pos0/q_conv_predelta-5.f32	76e16d279ceb48f8e32a022dc4b599c5be6538e60204e64619beb54297feed68
k_conv_predelta-5	5	0	128x16x1x1	8192	pos0/k_conv_predelta-5.f32	86d2ea193427c2112f6f38b17293b4751e09078c7960ba88f7a6072097fcddd0
v_conv_predelta-5	5	0	128x16x1x1	8192	pos0/v_conv_predelta-5.f32	df30d0980c0c85aadb26bef498ba989256bade6be273bd21199e8b0eb9d1ca6a
a_softplus-5	5	0	16x1x1x1	64	pos0/a_softplus-5.f32	ca957293664d9969ea214944a3d165d893d0c8e1c7155840909d16b28e8481af
gate-5	5	0	16x1x1x1	64	pos0/gate-5.f32	2bf7899ba5cf2434fdbcf369729dca885ca8f3ae3b78258cb78218b80cfa034e
beta_sigmoid-5	5	0	1x16x1x1	64	pos0/beta_sigmoid-5.f32	9dc1230da82fe66f0c3cc454ee5bd8dbb2998c07d83461f9c20963f4736c5ad1
state_predelta-5	5	0	128x128x16x1	1048576	pos0/state_predelta-5.f32	30e14955ebf1352266dc2ff8067e68104607e750abb9d3b36582b8af909fcb58
new_state-5	5	0	128x128x16x1	1048576	pos0/new_state-5.f32	d06940bc01c89b200851be8ad7d318d57af3f90de08f794b788b1504b0a9ee2e
attn_output-5	5	0	128x16x1x1	8192	pos0/attn_output-5.f32	2dfd5dce949f8c04bbaa0eafb745d96551cd7c721c847b0462f163f7075fb994
z-5	5	0	2048x1x1x1	8192	pos0/z-5.f32	50b472f2b27ffec8dea91c84fae0ac5d62781146701eb9760b08251237d30cf7
final_output-5	5	0	2048x1x1x1	8192	pos0/final_output-5.f32	f8ec6b3afa4a35a70f6861ddfb9efad4549af9daea649ecbc23ed8ae5f23ec81
linear_attn_out-5	5	0	1024x1x1x1	4096	pos0/linear_attn_out-5.f32	846d3d69cc9e77d380887a0edbff94ff57ae3a18dd3bf23b2a93e1cb569dc8ff
attn_residual-5	5	0	1024x1x1x1	4096	pos0/attn_residual-5.f32	b854a4fe9481d59cffd4fd07d10dd07549a143ea51c53518b674c6f78965b73b
attn_post_norm-5	5	0	1024x1x1x1	4096	pos0/attn_post_norm-5.f32	77ae1d6e63261ce7d3b2824e7f860daa345db1a16faf3a2f7565049d2a5c43dd
ffn_out-5	5	0	1024x1x1x1	4096	pos0/ffn_out-5.f32	4b70cd3413d55f13a9b805ccfbe76f7e03ffef54429d7ccb8e150339bb406d5e
l_out-5	5	0	1024x1x1x1	4096	pos0/l_out-5.f32	f7be2c02b343df687763a39a99c59103dfefc915a1dbced25eee7e2c22e58eb7
attn_norm-6	6	0	1024x1x1x1	4096	pos0/attn_norm-6.f32	16731c2f01520e95b21299a2adb269b4564db53c3c9f6f56d65f4b81ce2b4225
conv_output_silu-6	6	0	6144x1x1x1	24576	pos0/conv_output_silu-6.f32	200a5ae50f4f053461483c5c695e58e86372edad71aff0c79fdf368c9e0d342b
q_conv_predelta-6	6	0	128x16x1x1	8192	pos0/q_conv_predelta-6.f32	6bcc7f70efa4c5d4f52639ff22ee700f08937b8f01e298783a7b4ac144dc8df2
k_conv_predelta-6	6	0	128x16x1x1	8192	pos0/k_conv_predelta-6.f32	c41143d06ee45dd0f0190d33340926ab842d0569c1b12f3c568dbeb2d76d8700
v_conv_predelta-6	6	0	128x16x1x1	8192	pos0/v_conv_predelta-6.f32	302c9f20b11e2bac0bf2e037c54b46a9113f98366d8513e5793f7349ca794eb7
a_softplus-6	6	0	16x1x1x1	64	pos0/a_softplus-6.f32	e53fb276074af9fa60ad4730df626e030641f789f0baad7a2d3a5d3ec0e944f7
gate-6	6	0	16x1x1x1	64	pos0/gate-6.f32	d41e56a3d0c772aef0e42186a8b2a54354aac9abf46bfc7b542ea3f4d39a9b72
beta_sigmoid-6	6	0	1x16x1x1	64	pos0/beta_sigmoid-6.f32	d08cec2fd536643ab21e51324eb4d6a9ad75a39f0aa3669a6bba4c79b72bcdf7
state_predelta-6	6	0	128x128x16x1	1048576	pos0/state_predelta-6.f32	30e14955ebf1352266dc2ff8067e68104607e750abb9d3b36582b8af909fcb58
new_state-6	6	0	128x128x16x1	1048576	pos0/new_state-6.f32	056e2a966e4f8d28a344c00e1f271ce11405743c6c57a80d24c1dd8aee361d9f
attn_output-6	6	0	128x16x1x1	8192	pos0/attn_output-6.f32	4b376ba90222b75eee956f506d968c370f784d210989b0c1386fb2c455ed0ebc
z-6	6	0	2048x1x1x1	8192	pos0/z-6.f32	fac910ec59fd99992b50711b6f07d9b37f36c2336ab247135b1f5f74ced49200
final_output-6	6	0	2048x1x1x1	8192	pos0/final_output-6.f32	57a1667eaaac531e7da6a0320865e3db19fd13d7e1b890aae9988d75ddbbc4d8
linear_attn_out-6	6	0	1024x1x1x1	4096	pos0/linear_attn_out-6.f32	959b0372943e7b9091059a9ccb53decb79b6c20ab556618fcef402c4b4164c15
attn_residual-6	6	0	1024x1x1x1	4096	pos0/attn_residual-6.f32	bcfb5d730fb96d3987bc5d60dc5ef49675de187a9ae89e73ea3c59188c51a547
attn_post_norm-6	6	0	1024x1x1x1	4096	pos0/attn_post_norm-6.f32	078610a23f1f2aee1e7e11656497a91ca2fb338964770c8d950da0146b8f1bb1
ffn_out-6	6	0	1024x1x1x1	4096	pos0/ffn_out-6.f32	6389924c90f3a6dac67de57a14c5095b546c33c79658a5165bc08e1cd2841a7e
l_out-6	6	0	1024x1x1x1	4096	pos0/l_out-6.f32	c19deda02078559a1ee8b689fdac40fadd747a946868e737be1b7138acf8eba5
attn_norm-7	7	0	1024x1x1x1	4096	pos0/attn_norm-7.f32	308a33a6bef62021ba7ef365232fc2ffaf23dc1d94cbf38fd04af5b509a7ba1e
attn_pregate-7	7	0	2048x1x1x1	8192	pos0/attn_pregate-7.f32	daa8db1a9d5819c6d53ffc75352f4af164653740ebb43a38718a52f76fee4e04
attn_gated-7	7	0	2048x1x1x1	8192	pos0/attn_gated-7.f32	1724a94fb4e8c7ff786cfbc6cbfe57ae03a2140c28899dd7ca9ca5bc5d7776fe
attn_output-7	7	0	1024x1x1x1	4096	pos0/attn_output-7.f32	da172806cc345d8bf7981bf419452a1c4a34bc708e76a482040ea9f490cade9f
attn_residual-7	7	0	1024x1x1x1	4096	pos0/attn_residual-7.f32	f17ee40e442d3a231bc34293cf3b541367923109d4975993247018782a9eda33
attn_post_norm-7	7	0	1024x1x1x1	4096	pos0/attn_post_norm-7.f32	01590192064febf25067c5712a21b75728862a5b0648a05a8cdd10d883cf8d8d
ffn_out-7	7	0	1024x1x1x1	4096	pos0/ffn_out-7.f32	eb6611add763dd44cccc6dc9bb902a3670640bb170f2686147504b1c71799c30
l_out-7	7	0	1024x1x1x1	4096	pos0/l_out-7.f32	f371b0249e3c959f2568ec5d4c099f1b3aee635782f7062db4a22df6758bcecb
attn_norm-8	8	0	1024x1x1x1	4096	pos0/attn_norm-8.f32	246d6087c39c71292211edc838033e30e94eab98d5ce7b0ff363c4899c4b1e58
conv_output_silu-8	8	0	6144x1x1x1	24576	pos0/conv_output_silu-8.f32	d895573fdfd24f4a78dcd21726b96c326bd542667351af62d76c4ecfc71ce835
q_conv_predelta-8	8	0	128x16x1x1	8192	pos0/q_conv_predelta-8.f32	3a768694f7d888915e4ac73c81cf336bd48878a8c58124082c0e6145f3c6ce19
k_conv_predelta-8	8	0	128x16x1x1	8192	pos0/k_conv_predelta-8.f32	7fc25aa7f1044d744e72c2460e8c2d32d2fede3c34af4295fd64c599d8c31ee6
v_conv_predelta-8	8	0	128x16x1x1	8192	pos0/v_conv_predelta-8.f32	e822b4b46191f7f6fef699cf0b83ebb3a73ba2ea7128c80deea3db56d80c3831
a_softplus-8	8	0	16x1x1x1	64	pos0/a_softplus-8.f32	5921031e333275b7619bc44e1f6d92c14d541e51a43c9889e3d5a1f019ae5d1e
gate-8	8	0	16x1x1x1	64	pos0/gate-8.f32	b964c8cc6b554682f83e7434eb7bb1092badc3d8523af17604c80e736f421d3d
beta_sigmoid-8	8	0	1x16x1x1	64	pos0/beta_sigmoid-8.f32	70abfe5c5f37ad01ae31f57428618523941fd946377d93a1e97c2be349b880d7
state_predelta-8	8	0	128x128x16x1	1048576	pos0/state_predelta-8.f32	30e14955ebf1352266dc2ff8067e68104607e750abb9d3b36582b8af909fcb58
new_state-8	8	0	128x128x16x1	1048576	pos0/new_state-8.f32	bad05b73f4ff4b55aa58ccf83407f01809e2780a58339f833371f3d140179eba
attn_output-8	8	0	128x16x1x1	8192	pos0/attn_output-8.f32	763e4748852f8c5a7f638c3cf06013a53e1f22cc58f9d3434d5a9166bcc88e37
z-8	8	0	2048x1x1x1	8192	pos0/z-8.f32	0d6967493a7e1eebb731c331a45c07aa78ff5a8abd2079262d1233c5a00fd6c7
final_output-8	8	0	2048x1x1x1	8192	pos0/final_output-8.f32	520c7411bda5190a0e1cbc65e989e15cfbbb5c59043d218725e17a5be3e4c30a
linear_attn_out-8	8	0	1024x1x1x1	4096	pos0/linear_attn_out-8.f32	008e00b22d34019a80620d14324f4b6e3cbcac08f9b5e6fce20d7a4c3051fd19
attn_residual-8	8	0	1024x1x1x1	4096	pos0/attn_residual-8.f32	c6329a89a9c817f83a89d099a52b38304161d6e95bf5069abacf76d0bef82b31
attn_post_norm-8	8	0	1024x1x1x1	4096	pos0/attn_post_norm-8.f32	1b3584360305b73b192065d75cf3de9d95378fdfd96d3889a203e19359aa2962
ffn_out-8	8	0	1024x1x1x1	4096	pos0/ffn_out-8.f32	24e1b7a348624b0c0aabef6804faf51c92adf59e71680dcdfe812ead02268298
l_out-8	8	0	1024x1x1x1	4096	pos0/l_out-8.f32	6b56f61a86546778cada15f16e909d84ce3eeadcf8e3d003d17bd1037d32d76c
attn_norm-9	9	0	1024x1x1x1	4096	pos0/attn_norm-9.f32	5806dd5f1cb17ef720f774c6abbd4145f9c64b5d031256a751382ff78e190755
conv_output_silu-9	9	0	6144x1x1x1	24576	pos0/conv_output_silu-9.f32	9087e29aac98ef32a613930b0eda851ac0145a286772883a445ff2750c0484a7
q_conv_predelta-9	9	0	128x16x1x1	8192	pos0/q_conv_predelta-9.f32	58d5989679aa706672d0d9f52766539130d4e6ab0343968e4df44f540c6f2008
k_conv_predelta-9	9	0	128x16x1x1	8192	pos0/k_conv_predelta-9.f32	cf472e3e520e1add4770e49a05b6ac0e9799193566ce5e15c0c631480ea386fe
v_conv_predelta-9	9	0	128x16x1x1	8192	pos0/v_conv_predelta-9.f32	a8baef6f4e70b032876d2ba8f9ee4c497ac8720bc717c6d34eba805b8c32e6f4
a_softplus-9	9	0	16x1x1x1	64	pos0/a_softplus-9.f32	4934bbbfdf63c368cfc56b71d56d48c74af905ac29e0b4404ca3c2dc2f3fac19
gate-9	9	0	16x1x1x1	64	pos0/gate-9.f32	2cb8b22c8cd4f0bbee049841e7334c60281bc53560176d760f113cab50efe173
beta_sigmoid-9	9	0	1x16x1x1	64	pos0/beta_sigmoid-9.f32	73d5c04f42582b287028abd93ac0a69befe106cf139b55182e8af26e001ed042
state_predelta-9	9	0	128x128x16x1	1048576	pos0/state_predelta-9.f32	30e14955ebf1352266dc2ff8067e68104607e750abb9d3b36582b8af909fcb58
new_state-9	9	0	128x128x16x1	1048576	pos0/new_state-9.f32	f15f089a46fa92d6429087f4b40f23c770a09a3f5f807293f258c42d54b8ffd7
attn_output-9	9	0	128x16x1x1	8192	pos0/attn_output-9.f32	b077c5f2d7520a798749a987b313ebadecde54d522634bd3b9238cfef002f075
z-9	9	0	2048x1x1x1	8192	pos0/z-9.f32	a829d395da6fde852da514c0ccce0586d8acd485f89c4f8e2ff151a035af157a
final_output-9	9	0	2048x1x1x1	8192	pos0/final_output-9.f32	84f2923b57aa821073e3030f14d2465fd0f8ba32ebe1da93003013f002c52110
linear_attn_out-9	9	0	1024x1x1x1	4096	pos0/linear_attn_out-9.f32	c2d6bffe64e3eb16b0f73954a85cfc656b1def3445790af768b9c2787bdcb07b
attn_residual-9	9	0	1024x1x1x1	4096	pos0/attn_residual-9.f32	5c785973d3f1b2655562917748c8bb5225bc159ba4938ed7bcf2d315b68196ec
attn_post_norm-9	9	0	1024x1x1x1	4096	pos0/attn_post_norm-9.f32	e67e65b7d4ff053a829dc4aef933718de2757bdb36c62083ba0a6362fe10be57
ffn_out-9	9	0	1024x1x1x1	4096	pos0/ffn_out-9.f32	ca1fca868edf1c5d3db0d6f4c16be6969a2711d3170424f3ed7a690c3bb64aeb
l_out-9	9	0	1024x1x1x1	4096	pos0/l_out-9.f32	f381abc544f53e91b1fc0521a8081bf2d2fe289cbca100492abda928d8c3e40d
attn_norm-10	10	0	1024x1x1x1	4096	pos0/attn_norm-10.f32	c72ecd345ce6f901dc5a0fb5a68f6e71f0d232cf7a86612f2d46c2dcb5b3eb26
conv_output_silu-10	10	0	6144x1x1x1	24576	pos0/conv_output_silu-10.f32	c6637d10240f978ac7b612e20235330e5a86c4afce6432921fbedaa56c395d0d
q_conv_predelta-10	10	0	128x16x1x1	8192	pos0/q_conv_predelta-10.f32	4b7d620a3084fadfd927e00985acaacb1d483c28fb55b548002c6e4aab25ccbc
k_conv_predelta-10	10	0	128x16x1x1	8192	pos0/k_conv_predelta-10.f32	381b66e17cc40513b744bd386cd40a22e1d9a7ef24edbb82a233b03bab7d4cbc
v_conv_predelta-10	10	0	128x16x1x1	8192	pos0/v_conv_predelta-10.f32	49469e047f4e60624f2946edd6209c5d56c4bb8351c155c3b1b084cc56c03b4f
a_softplus-10	10	0	16x1x1x1	64	pos0/a_softplus-10.f32	f77544e15500f350745faf054d62a25cc0379e795a2df911507383ddb773fc3b
gate-10	10	0	16x1x1x1	64	pos0/gate-10.f32	db4417976730849d3695efb077410ededbe09888a841eadb6983e3c8354fb958
beta_sigmoid-10	10	0	1x16x1x1	64	pos0/beta_sigmoid-10.f32	ffb71711bf99f15ada0c7f622e26aee68a1261c379b9be57cb0a93fa6e6f2ae7
state_predelta-10	10	0	128x128x16x1	1048576	pos0/state_predelta-10.f32	30e14955ebf1352266dc2ff8067e68104607e750abb9d3b36582b8af909fcb58
new_state-10	10	0	128x128x16x1	1048576	pos0/new_state-10.f32	89be23b8f899731282e86ad2c2fad8415bb73e5816a2defc3b38c68f3975de91
attn_output-10	10	0	128x16x1x1	8192	pos0/attn_output-10.f32	c1411ea849ebe4abc8035a664eab547b6e78d2179ca095029b8b47ce47fa50ba
z-10	10	0	2048x1x1x1	8192	pos0/z-10.f32	911dea38f5769ba819ed870fe351dd50b3ed89fe2b36666e07b8d7c3a0770adf
final_output-10	10	0	2048x1x1x1	8192	pos0/final_output-10.f32	2588585cc9e5156d7535975350f80b25e41caf3c37e63ade9247564164c77e9d
linear_attn_out-10	10	0	1024x1x1x1	4096	pos0/linear_attn_out-10.f32	e13f6b518aed5db544d689612423269a7209f9e22ee6d6d6d457af4174f0d58a
attn_residual-10	10	0	1024x1x1x1	4096	pos0/attn_residual-10.f32	697bedbaa71194f0599990ee6ca3125b716e6a8600fbe06664edc2f22369a80a
attn_post_norm-10	10	0	1024x1x1x1	4096	pos0/attn_post_norm-10.f32	06165b87787b52b0f9b78746fbaac9290e617b9342fde85366c931961facceb5
ffn_out-10	10	0	1024x1x1x1	4096	pos0/ffn_out-10.f32	15cdf37716b41d4dc3c65eee5ee249f93d75ba102048d29e4b7309ef19698387
l_out-10	10	0	1024x1x1x1	4096	pos0/l_out-10.f32	9b8a78559721e59b42e88cdda29363ce8e1c56b61780f7da78dc0216f1993021
attn_norm-11	11	0	1024x1x1x1	4096	pos0/attn_norm-11.f32	643715221abcacd7a8ca6f1419450b7f9b69dcaacdd7a2b7331ead9cd458b035
attn_pregate-11	11	0	2048x1x1x1	8192	pos0/attn_pregate-11.f32	f8299f6fad550500a8a252ff9d81d233c3e88103748b30fd8968b41e41c8efc3
attn_gated-11	11	0	2048x1x1x1	8192	pos0/attn_gated-11.f32	23c573615bf2fa66f2d3ebbf5a592b46bb21cbdefbcee640139795765178650f
attn_output-11	11	0	1024x1x1x1	4096	pos0/attn_output-11.f32	83bc7033b091185fd2b063c42a94ac5244c76f73514c19dc54570ed28cde8156
attn_residual-11	11	0	1024x1x1x1	4096	pos0/attn_residual-11.f32	f925b2c86a59d9fe9bb1b437b17dd25a57372907edf21767b89b947d942f0be8
attn_post_norm-11	11	0	1024x1x1x1	4096	pos0/attn_post_norm-11.f32	904b1f21a0c09c3c6ab84091d5443bb2f608d9da20558bffb0fc32d112abbaeb
ffn_out-11	11	0	1024x1x1x1	4096	pos0/ffn_out-11.f32	a0bb7abf1f35b58ad25a736aabaf7d14f8e8dc89a484909e45ebae9120d40a57
l_out-11	11	0	1024x1x1x1	4096	pos0/l_out-11.f32	1f5cc931d425e750d63a75d57961f85e5b738ca84dd286332d397fce33f488d5
attn_norm-12	12	0	1024x1x1x1	4096	pos0/attn_norm-12.f32	00fd55d554ede769a854389510211672f34617f501be5e05113710318669c44e
conv_output_silu-12	12	0	6144x1x1x1	24576	pos0/conv_output_silu-12.f32	ffb170327a5d2d450039c5d0aa70ad40d4dfe75375d22205c0e2132932cb178e
q_conv_predelta-12	12	0	128x16x1x1	8192	pos0/q_conv_predelta-12.f32	d46f3a4deb7b1d4efef39b2c9fc8693c073eddabdc2b629ab161bba1d53c3d8a
k_conv_predelta-12	12	0	128x16x1x1	8192	pos0/k_conv_predelta-12.f32	77e100cf5aa5132ae87a717e8a7eec01ae2f573a4f6995eb11fdff3fe640f928
v_conv_predelta-12	12	0	128x16x1x1	8192	pos0/v_conv_predelta-12.f32	6981bfcfbddd491f933d71ec5ceda94860d451eca6a2d05ab9a6a9355964393a
a_softplus-12	12	0	16x1x1x1	64	pos0/a_softplus-12.f32	d8a538c2559e8cfcaeb566037e836312a6119584415f4c5272deb8d3bbd510bb
gate-12	12	0	16x1x1x1	64	pos0/gate-12.f32	0f6196205ef6a6d9df75dfb0cbbed5df989e09550f9648979a027babbe9f5f0b
beta_sigmoid-12	12	0	1x16x1x1	64	pos0/beta_sigmoid-12.f32	8c9b2a10d7060375b9703dafa9ed0c9c58698f75b57f50edb618fb467c4c2b1d
state_predelta-12	12	0	128x128x16x1	1048576	pos0/state_predelta-12.f32	30e14955ebf1352266dc2ff8067e68104607e750abb9d3b36582b8af909fcb58
new_state-12	12	0	128x128x16x1	1048576	pos0/new_state-12.f32	3618a51898d959e593fd8246a125daa8a57c3493979ef85ab18b774309e32e39
attn_output-12	12	0	128x16x1x1	8192	pos0/attn_output-12.f32	a138b97c85953eb6a07399b75d546a211d1d4075fc326ae71a8572d621ce7d47
z-12	12	0	2048x1x1x1	8192	pos0/z-12.f32	87733af490964629e675d312d7f833686975e49d088598438da18301abc967c5
final_output-12	12	0	2048x1x1x1	8192	pos0/final_output-12.f32	5bd85903eb60c03c399df1ff3dffef7a832075a1f5256fb6c76b866ff1792687
linear_attn_out-12	12	0	1024x1x1x1	4096	pos0/linear_attn_out-12.f32	047fed0d681b14812ce71ceb6d28c27e57342050b0e4cec6b711621b5ab81432
attn_residual-12	12	0	1024x1x1x1	4096	pos0/attn_residual-12.f32	9cb0bb870a52d535cd9c33993357db59edfc02e5921edd220163e88b49a1a395
attn_post_norm-12	12	0	1024x1x1x1	4096	pos0/attn_post_norm-12.f32	21e2506a0ce2a3a0740139b4afd14f6dbf7bcbfb359697be0d91beb6edb5e597
ffn_out-12	12	0	1024x1x1x1	4096	pos0/ffn_out-12.f32	0db211b70e601075eb6ac5076ca7b8f0d4c20fb6cfc9dcb155ebe35d367bd5f6
l_out-12	12	0	1024x1x1x1	4096	pos0/l_out-12.f32	b347d3c45ec9e4f75b43df9f4fcde456652fab7d93db95a7ffa1d638ba95bc83
attn_norm-13	13	0	1024x1x1x1	4096	pos0/attn_norm-13.f32	f3efdddd3fe41bcb3ae267d15bcae46eeadc3bcb5c03f0c41789b20a2447b51d
conv_output_silu-13	13	0	6144x1x1x1	24576	pos0/conv_output_silu-13.f32	7fe3f3c7269290f53d4f4d7d87b5045c4bd4e01e052fd615394a2f6b15d3c0e7
q_conv_predelta-13	13	0	128x16x1x1	8192	pos0/q_conv_predelta-13.f32	01586107d421ee49ca3f86df99c62b4f5208f8f33f79b54ff98254579b2dde78
k_conv_predelta-13	13	0	128x16x1x1	8192	pos0/k_conv_predelta-13.f32	4b5a12b913b35880e4cb4479320be8557c3c02f0a952eaa5228bc7b0d13cd09d
v_conv_predelta-13	13	0	128x16x1x1	8192	pos0/v_conv_predelta-13.f32	98558b8256b8e3c1eaf83e5db2c78d32943bab92d01dad089244378f2a23cc96
a_softplus-13	13	0	16x1x1x1	64	pos0/a_softplus-13.f32	23df70b843047ddc38007c24e657a9512048c0bd21a14b9cf132c5ecbd8c9497
gate-13	13	0	16x1x1x1	64	pos0/gate-13.f32	51b59a2cc955e33f4a873a70ea88bde6d14c2500407699a0a613971eb89cfe0f
beta_sigmoid-13	13	0	1x16x1x1	64	pos0/beta_sigmoid-13.f32	dfb260c79c2bf9b58605b9f7d0beeb296e0667a0a3fca390654a8eaf3fa4e6b9
state_predelta-13	13	0	128x128x16x1	1048576	pos0/state_predelta-13.f32	30e14955ebf1352266dc2ff8067e68104607e750abb9d3b36582b8af909fcb58
new_state-13	13	0	128x128x16x1	1048576	pos0/new_state-13.f32	5c3b5555ee3bf8f6b6279a89bdb061d7ae91feeb51a3f197218ba6379c3bfa51
attn_output-13	13	0	128x16x1x1	8192	pos0/attn_output-13.f32	ee212ccdd25bdf106e20c33e8e66203ac8425779d64642115d9ee04745a745c0
z-13	13	0	2048x1x1x1	8192	pos0/z-13.f32	ae0df9c364a96ce85dd0e9b2a0aab42b6a0913a8cf64186bc4d62bc34484b7d7
final_output-13	13	0	2048x1x1x1	8192	pos0/final_output-13.f32	0e2e09e7d8dfd1f6f29fe9f308673931005e32c86aa1192182ae7bb579dfa590
linear_attn_out-13	13	0	1024x1x1x1	4096	pos0/linear_attn_out-13.f32	7702c569b224c1d9c4811c12b128af1eeae3e65d2a4f7d2c63a7a1f8fa680878
attn_residual-13	13	0	1024x1x1x1	4096	pos0/attn_residual-13.f32	1172c492bb95775e11dc7f62eb891edd12590ba40d8e14e15c509e064c90df21
attn_post_norm-13	13	0	1024x1x1x1	4096	pos0/attn_post_norm-13.f32	c49b265aaedc690b1b2583b5f4ae12d10f4e33380c5ed2058085b8b2549103dd
ffn_out-13	13	0	1024x1x1x1	4096	pos0/ffn_out-13.f32	db924653a6351a9d97158c2bc827a805a4b1f24b8a07fa7cf39978ae203a69ce
l_out-13	13	0	1024x1x1x1	4096	pos0/l_out-13.f32	db606905f5b6643af9ca1e5a7b4e36689361ff4ee2f6f2908747a3a66b821cc1
attn_norm-14	14	0	1024x1x1x1	4096	pos0/attn_norm-14.f32	35c7f47e9bc4bf97375a8f71e653e914b8f68b798056174ce8496fec3034f230
conv_output_silu-14	14	0	6144x1x1x1	24576	pos0/conv_output_silu-14.f32	88df07905ac4f5798485f2b7bc8e91bbd71aa217e5d1af1f5e307a33e8b07f70
q_conv_predelta-14	14	0	128x16x1x1	8192	pos0/q_conv_predelta-14.f32	44efe529d02a9e13168da981a3a1a5d41b21f942c104c9eb6edfec0c4d945499
k_conv_predelta-14	14	0	128x16x1x1	8192	pos0/k_conv_predelta-14.f32	d1bb5a0b4287dd26a407046d20873e44ad1248de69687388ac4dc3d534b2b1f6
v_conv_predelta-14	14	0	128x16x1x1	8192	pos0/v_conv_predelta-14.f32	06d2ed416b02f2ae0bc2543dd2473158dfe9037818d26f0d2f126144f515d382
a_softplus-14	14	0	16x1x1x1	64	pos0/a_softplus-14.f32	ef78f23d30d72b06cf44d509be569eadf88a9e83ceae363a0fefacf17690b207
gate-14	14	0	16x1x1x1	64	pos0/gate-14.f32	fce8f8ccdd0ab6fce55dd5e39b909091ceef4d7c72683dd33eeca3f59f1bd530
beta_sigmoid-14	14	0	1x16x1x1	64	pos0/beta_sigmoid-14.f32	254100e101c81a2dff7beef81fdd4c0d50692b918a4dfa970e8dbb96dc659c1a
state_predelta-14	14	0	128x128x16x1	1048576	pos0/state_predelta-14.f32	30e14955ebf1352266dc2ff8067e68104607e750abb9d3b36582b8af909fcb58
new_state-14	14	0	128x128x16x1	1048576	pos0/new_state-14.f32	a0507f9d77a86d7e8c08871442733cdc37fe82551d64de1d536879bd8554100c
attn_output-14	14	0	128x16x1x1	8192	pos0/attn_output-14.f32	02b42cad1dce236eb1c7c6a34cebb122b237956100ff08faa884f047af91f0b0
z-14	14	0	2048x1x1x1	8192	pos0/z-14.f32	d6772c82fa95246b2c58e10eb558516aa6bb409f04dccadb301f85b6cbeb471a
final_output-14	14	0	2048x1x1x1	8192	pos0/final_output-14.f32	1b9092c74ef872ed0d5844fa2a9ca56c39a19e1a8b7c6c36a3f11bc4073b44f4
linear_attn_out-14	14	0	1024x1x1x1	4096	pos0/linear_attn_out-14.f32	78a1b1d2477310c308eccacfc05e002dbaec3ccb4fdc16cc97de8936bf13d411
attn_residual-14	14	0	1024x1x1x1	4096	pos0/attn_residual-14.f32	216f2c92d3c15d4250430200dbb54cea921b0fb5472b0430ef9f610dde13d489
attn_post_norm-14	14	0	1024x1x1x1	4096	pos0/attn_post_norm-14.f32	6916dc995a38e2c0696544a46e5d103da0bac16b07a71b362581b91d09e3fadb
ffn_out-14	14	0	1024x1x1x1	4096	pos0/ffn_out-14.f32	7c3052637cf4f3bfd8804ab32596aef9432e84f56f8da1f1530d9d72fd84507e
l_out-14	14	0	1024x1x1x1	4096	pos0/l_out-14.f32	3d31d10a479d1cddb10cebb5aee7bf176b80a7410ead382c09932d90c44eef50
attn_norm-15	15	0	1024x1x1x1	4096	pos0/attn_norm-15.f32	5554a9bd9b7e1aac7bf5660936e6f663888a9ff2eb1938398249435f5f09cabe
attn_pregate-15	15	0	2048x1x1x1	8192	pos0/attn_pregate-15.f32	55ee22aaea825dbd9e9b5d72ba5698e404dd5861420e5cf6f06c023ecaea8804
attn_gated-15	15	0	2048x1x1x1	8192	pos0/attn_gated-15.f32	ec49124c80fd8a6a75e0138cb8b95d3108e4c13f86e48099ebb53f160cd437c4
attn_output-15	15	0	1024x1x1x1	4096	pos0/attn_output-15.f32	c4182119cc43b4801fc8c528bfd42b73f0103ebe6f8688cb29130f8e3ad9e774
attn_residual-15	15	0	1024x1x1x1	4096	pos0/attn_residual-15.f32	58a850a49f2f5aaf38bf28c1bc2dfa49ad538a98855f79ce9cf6ede053c13e5c
attn_post_norm-15	15	0	1024x1x1x1	4096	pos0/attn_post_norm-15.f32	aa9328d58cba4cbc45dab83381b3ecbbb63aa2ce640f122e25071a0cbf054802
ffn_out-15	15	0	1024x1x1x1	4096	pos0/ffn_out-15.f32	da7180bf9eb997e52313f34587820cdafbe3f42b287483c130cc72355fd24fbd
l_out-15	15	0	1024x1x1x1	4096	pos0/l_out-15.f32	ca5be89ebc5a7b559b039234ee6071bc325bf0fe1e0a208703d418c5dd0ef1d4
attn_norm-16	16	0	1024x1x1x1	4096	pos0/attn_norm-16.f32	07d44041a69582bbafaf82613476fa7038fe76be6770b462a35e922246160fa1
conv_output_silu-16	16	0	6144x1x1x1	24576	pos0/conv_output_silu-16.f32	98f6ef2fd296825486781436429339d58efe245213e24a36f6d25196a92dc7f6
q_conv_predelta-16	16	0	128x16x1x1	8192	pos0/q_conv_predelta-16.f32	1348f01bff19dbdffb18003269d845c2abf50d166a986d6000dec69f8dd15238
k_conv_predelta-16	16	0	128x16x1x1	8192	pos0/k_conv_predelta-16.f32	369c06a5d7af90f244b397649bd11bcba68ad4ee7f5090368b6a1cf04e1eeac7
v_conv_predelta-16	16	0	128x16x1x1	8192	pos0/v_conv_predelta-16.f32	dee1660414fce22d44344f0631c80d785dd614c856d0c8b9861bb44c928a4ba1
a_softplus-16	16	0	16x1x1x1	64	pos0/a_softplus-16.f32	2efdad38dafcde690201514f5e708e2073c1ba36f5527b00d1044bcbef65a476
gate-16	16	0	16x1x1x1	64	pos0/gate-16.f32	4c8c55a0bd6e6c608440f408b4885129231bb01256024430f7ff6b27c54feadd
beta_sigmoid-16	16	0	1x16x1x1	64	pos0/beta_sigmoid-16.f32	d937864237d7eb06a7d9a1288a1ce7893d5f65581704760e07d096dfe72d0f88
state_predelta-16	16	0	128x128x16x1	1048576	pos0/state_predelta-16.f32	30e14955ebf1352266dc2ff8067e68104607e750abb9d3b36582b8af909fcb58
new_state-16	16	0	128x128x16x1	1048576	pos0/new_state-16.f32	520db1cc220f737444e335ab5980bfb92c560d894535ad14940faba2a7605e46
attn_output-16	16	0	128x16x1x1	8192	pos0/attn_output-16.f32	e01e0ae23b05433129a8b4bed08a8f8eb85b887e765d7cdaada1e843d135cccd
z-16	16	0	2048x1x1x1	8192	pos0/z-16.f32	456f40f8c8bb36c43d0430160fbed60f19ee38ab47df5b79459d77dab7da1ef9
final_output-16	16	0	2048x1x1x1	8192	pos0/final_output-16.f32	df5e4bba48fbe836acb6a9358fdf5b59ad9b75d7918d78c32778731584f59b6c
linear_attn_out-16	16	0	1024x1x1x1	4096	pos0/linear_attn_out-16.f32	2cbece1ad5b2a6c4b1afdc33a6ee7e6b9376750c4af1c310725e6059f3d53b99
attn_residual-16	16	0	1024x1x1x1	4096	pos0/attn_residual-16.f32	922965b657f8464f1efa1991aba1ecd093d1f20485f4bafe340bb8c11dda9c42
attn_post_norm-16	16	0	1024x1x1x1	4096	pos0/attn_post_norm-16.f32	19defe4c07f442094f25232331704be5ed68b3d29e6582202ff3263dc109bf87
ffn_out-16	16	0	1024x1x1x1	4096	pos0/ffn_out-16.f32	e597c4a372053d8067f3054c446aa2c3a65505b67bd4559651a095cae256b8e1
l_out-16	16	0	1024x1x1x1	4096	pos0/l_out-16.f32	f28558f92827419fc85ccba700b2ea7873797c7081481c689ad0f9b1d9de8f62
attn_norm-17	17	0	1024x1x1x1	4096	pos0/attn_norm-17.f32	7fae4b9d43d9b992c2461587c7a7ecc2ac77efbbdfbb5cd2eaec926adf666871
conv_output_silu-17	17	0	6144x1x1x1	24576	pos0/conv_output_silu-17.f32	b7fbaa4f48f798d763cdf6a29ed1fde045fe946793b201f707882ab87c8610c9
q_conv_predelta-17	17	0	128x16x1x1	8192	pos0/q_conv_predelta-17.f32	a8a4402de27ccac302017a1572a848d30e260390f4c2241157ce97cfbd4e4010
k_conv_predelta-17	17	0	128x16x1x1	8192	pos0/k_conv_predelta-17.f32	52b4215971d7656c1b417b29f5665d87f91cc6aac4be61a3a5854572931e55d7
v_conv_predelta-17	17	0	128x16x1x1	8192	pos0/v_conv_predelta-17.f32	ce377f6c3e265830fb9db189cc9de747ce4cbea12ea6ff356357b4a11026eed6
a_softplus-17	17	0	16x1x1x1	64	pos0/a_softplus-17.f32	4a5339ce982bdf89888eb225bad4cc7ca1fff59f9da1188cdad637c674bb235b
gate-17	17	0	16x1x1x1	64	pos0/gate-17.f32	2629b3de912eec760ae748fb677df6420b4db160bfce9e2834a06f4ea11e920a
beta_sigmoid-17	17	0	1x16x1x1	64	pos0/beta_sigmoid-17.f32	287456650b35fa5973598f267fb59f34199583d0bd923679509cf0382e193693
state_predelta-17	17	0	128x128x16x1	1048576	pos0/state_predelta-17.f32	30e14955ebf1352266dc2ff8067e68104607e750abb9d3b36582b8af909fcb58
new_state-17	17	0	128x128x16x1	1048576	pos0/new_state-17.f32	e575ee27169e042289d5709df7d67c8b26f0114955d46c25692a836a9ab19841
attn_output-17	17	0	128x16x1x1	8192	pos0/attn_output-17.f32	660e262d268c67896acab0f4e12c4804b4c197419de2ad8500af841dc271a602
z-17	17	0	2048x1x1x1	8192	pos0/z-17.f32	8afe6812394668df1f1338989e8c4246ee5cbe46d0b5342bd14d2201f2962797
final_output-17	17	0	2048x1x1x1	8192	pos0/final_output-17.f32	26e7db10d2bbe4b1fa61ea2637cdc6c3d0281db4b50e233b35dab0425d937e7e
linear_attn_out-17	17	0	1024x1x1x1	4096	pos0/linear_attn_out-17.f32	7e162671a957c8a17032f0672739d7c460bbaeacf71d334b364ec6aeff01452e
attn_residual-17	17	0	1024x1x1x1	4096	pos0/attn_residual-17.f32	4da7208ddd703998370e113916da6042b30adc077ea0814761b44f6f52726936
attn_post_norm-17	17	0	1024x1x1x1	4096	pos0/attn_post_norm-17.f32	da3690da2a9609b335edc0d01f6ee3d3cff2c462b5357a9b96214b8528d09447
ffn_out-17	17	0	1024x1x1x1	4096	pos0/ffn_out-17.f32	ff5dc9c3ee8c0dd9f30e0347588c1e3ae28adf40e899f92e6cd053cc52c5a3a4
l_out-17	17	0	1024x1x1x1	4096	pos0/l_out-17.f32	4e440b63ef93d60ad04a29a56d46548d49a8a5eadbef30dce965663bf8018ced
attn_norm-18	18	0	1024x1x1x1	4096	pos0/attn_norm-18.f32	bc49a8cc62d48ecee58360f52ff39fde948872431789ee33b1dc91a8c6a31f56
conv_output_silu-18	18	0	6144x1x1x1	24576	pos0/conv_output_silu-18.f32	21e9af857fa7ce3b125522067009973057f60f20a5a0bfa295fd71206b7b721c
q_conv_predelta-18	18	0	128x16x1x1	8192	pos0/q_conv_predelta-18.f32	2ab93569dc5cc51b0a59a6854605bf3e2cd6c720ac0e43469dc7d92e4fd4993a
k_conv_predelta-18	18	0	128x16x1x1	8192	pos0/k_conv_predelta-18.f32	e92d8ad30303d32eb00cc3923043585701c0a220b19c82356b1c4ebacf1f88ae
v_conv_predelta-18	18	0	128x16x1x1	8192	pos0/v_conv_predelta-18.f32	0dddbaeafa28e37cc7398d940483ef695bfc05fa38506a4db948aa82848a08f2
a_softplus-18	18	0	16x1x1x1	64	pos0/a_softplus-18.f32	747f46ca1f59940b4d34a8c1b40f299c2c012f20309b26564208c5d7194272d4
gate-18	18	0	16x1x1x1	64	pos0/gate-18.f32	99082640e2b03104b7ec96c4504540859eab0e80bbf0c1100dc3d9390618135a
beta_sigmoid-18	18	0	1x16x1x1	64	pos0/beta_sigmoid-18.f32	4c4e12e6c4ee6f879d2d10f2a06f7db322dbad93083114be93b4fbfe44d38360
state_predelta-18	18	0	128x128x16x1	1048576	pos0/state_predelta-18.f32	30e14955ebf1352266dc2ff8067e68104607e750abb9d3b36582b8af909fcb58
new_state-18	18	0	128x128x16x1	1048576	pos0/new_state-18.f32	83a87823c47a85837b73b492154afecb9940a9703e7920a6af661cd3f22fc1fe
attn_output-18	18	0	128x16x1x1	8192	pos0/attn_output-18.f32	4ff548ca481545235db69736d023a45e725a78fad3210fc3a267a959952a1ac0
z-18	18	0	2048x1x1x1	8192	pos0/z-18.f32	e0ca7b7980fcbf5781761ae749a9eb54a5a43b8d8121fcc1704ca023b8abf14c
final_output-18	18	0	2048x1x1x1	8192	pos0/final_output-18.f32	b1ab985cee875beb3efcec3d984ae808a5edd5978d3b227241ac86a577a0c69c
linear_attn_out-18	18	0	1024x1x1x1	4096	pos0/linear_attn_out-18.f32	a9ea93ca72d7c5d485fe2fa7539934807966cb9511c2f0c2f2a776ccdefb055f
attn_residual-18	18	0	1024x1x1x1	4096	pos0/attn_residual-18.f32	fb504f7a086ef821127f75afa898b82528991bda0a1616589594ecdb303bc9f0
attn_post_norm-18	18	0	1024x1x1x1	4096	pos0/attn_post_norm-18.f32	1953fb60220dd678890e2d0435c42fc973004ce42d146144e01dfbfd5b996b09
ffn_out-18	18	0	1024x1x1x1	4096	pos0/ffn_out-18.f32	ba9e5df7837b7a033ca08f0c05109c2efea0ea42e46c72a2a69a686f0219ed8c
l_out-18	18	0	1024x1x1x1	4096	pos0/l_out-18.f32	721a99461d6dae1f93235df419dcde014a60396e095fe968313acdf4ab2d5a22
attn_norm-19	19	0	1024x1x1x1	4096	pos0/attn_norm-19.f32	7e20fa2b90b8f9b5212b9a601b029954d1038c8156a3966316a998c61afc3858
attn_pregate-19	19	0	2048x1x1x1	8192	pos0/attn_pregate-19.f32	377f2572a2e984e97116f7ebe9f9f918bea759371a26c8d4154921c1ef4bce31
attn_gated-19	19	0	2048x1x1x1	8192	pos0/attn_gated-19.f32	004b46271bcea8bcb0124b365baba308fb8d3ef836c8b012306bba72628d6c0d
attn_output-19	19	0	1024x1x1x1	4096	pos0/attn_output-19.f32	cb759cfd82ed755698e70c65856c16fbb593ab170ff26cff91042a2de211b415
attn_residual-19	19	0	1024x1x1x1	4096	pos0/attn_residual-19.f32	6d20ac0bfd272ed5d9d4d9d7fc153a892523562a55b30f886afcb29a86ea70ec
attn_post_norm-19	19	0	1024x1x1x1	4096	pos0/attn_post_norm-19.f32	eebd762fa66997db4349fceae12e0d7597c8754674290f8189b24b02c23a867a
ffn_out-19	19	0	1024x1x1x1	4096	pos0/ffn_out-19.f32	bf42998d2446b97aebcf06a0c0ad2706328447e1071bd26cfff9922ebf2d89d9
l_out-19	19	0	1024x1x1x1	4096	pos0/l_out-19.f32	69b5bf2632f882ba6c5584bed71d60b46ed901a333fef36533dcf6d4ffd5ce7e
attn_norm-20	20	0	1024x1x1x1	4096	pos0/attn_norm-20.f32	27e51032e5a6e1c2e678b9684a03591d0149978adcf13d38d8e28020c3bcc1c5
conv_output_silu-20	20	0	6144x1x1x1	24576	pos0/conv_output_silu-20.f32	41610c50ac7c4cd9f5b8cf281d65d54759461b854f480671c42e6c80e65ee740
q_conv_predelta-20	20	0	128x16x1x1	8192	pos0/q_conv_predelta-20.f32	2710ffbc1d5e3b8b1eaf26161d17b4fb023de73fdb20b6ae772fd2f7d1644b6f
k_conv_predelta-20	20	0	128x16x1x1	8192	pos0/k_conv_predelta-20.f32	bfa592450431adb9dfa685f123dbc5d772a2caea0f9e89f3b91c08044e80406d
v_conv_predelta-20	20	0	128x16x1x1	8192	pos0/v_conv_predelta-20.f32	641411b4b83241ed15d6bd943f172f6127eec469e09895c65486b089f8f1c2ca
a_softplus-20	20	0	16x1x1x1	64	pos0/a_softplus-20.f32	cad623fd38ba70fe6ebbcd90b2f1f03e4548c8aea0a18c4ebc043ff3ad7aaf80
gate-20	20	0	16x1x1x1	64	pos0/gate-20.f32	6ec6c3833a003e372b1d9e513972cf64f06378b7d08f912b601206cd86add1db
beta_sigmoid-20	20	0	1x16x1x1	64	pos0/beta_sigmoid-20.f32	1dfd105c682d4033fcc54fdf52846bdfffb10436689b5f719613cb7bd02218c3
state_predelta-20	20	0	128x128x16x1	1048576	pos0/state_predelta-20.f32	30e14955ebf1352266dc2ff8067e68104607e750abb9d3b36582b8af909fcb58
new_state-20	20	0	128x128x16x1	1048576	pos0/new_state-20.f32	121a59e4971059f193a0160857494854e6f8d0063f17cf2acb3ec9788e138b6c
attn_output-20	20	0	128x16x1x1	8192	pos0/attn_output-20.f32	401d8b81acd64756d8d56d7b1b3567269f1986ceabfe135a4c67e65c3a234a76
z-20	20	0	2048x1x1x1	8192	pos0/z-20.f32	3bb3157a083d57b0fce1faab27624717d5c1e460c6f17918db44c3f847f1e442
final_output-20	20	0	2048x1x1x1	8192	pos0/final_output-20.f32	cfb7e10386c58eee9685dc04a5d6bc3dc22b3798249b08cfcc5287e2e94aa93d
linear_attn_out-20	20	0	1024x1x1x1	4096	pos0/linear_attn_out-20.f32	78cd1e9ec4fed1c6adcd7b7d08919df96da90c62b4004c6767182e6e60acd6f4
attn_residual-20	20	0	1024x1x1x1	4096	pos0/attn_residual-20.f32	0aa0b6876f02d776f77e59e7325c68aa3b2530d5799b8edcaaef9b38e4fe6606
attn_post_norm-20	20	0	1024x1x1x1	4096	pos0/attn_post_norm-20.f32	dec191c4c6b01a0582abb6c734809fda026695fec42264a871da569ef3c8c13f
ffn_out-20	20	0	1024x1x1x1	4096	pos0/ffn_out-20.f32	93561181ddad08238fcedb9409e7b6b9a35b191ab82a00684098084562c5d959
l_out-20	20	0	1024x1x1x1	4096	pos0/l_out-20.f32	6f79c896edb2e56568a62f74ca52c7c74b0db04f695ecbc71701a0ea2ba998eb
attn_norm-21	21	0	1024x1x1x1	4096	pos0/attn_norm-21.f32	78abb81ae40caf04619421b5d672014801cb125c6b103a89c408ecec2c6c2f3b
conv_output_silu-21	21	0	6144x1x1x1	24576	pos0/conv_output_silu-21.f32	478c6abe714a1a5c3bcef8dc6b6e850abc15d5bfad8a0584be61bd7a9ba4dfd5
q_conv_predelta-21	21	0	128x16x1x1	8192	pos0/q_conv_predelta-21.f32	44da0d01fdb7d9b4a432ba09b06666a52afc0b8c263d93050978744d8ee541e1
k_conv_predelta-21	21	0	128x16x1x1	8192	pos0/k_conv_predelta-21.f32	9a2eb73218a5968fcd5d0964d703d9431e0fcc9fff5c7f75a87ce849bdec4261
v_conv_predelta-21	21	0	128x16x1x1	8192	pos0/v_conv_predelta-21.f32	4b7d7ee6c9195d6dcac4f76c7680109d3e8e609b88eb144dee6ee529cbddb756
a_softplus-21	21	0	16x1x1x1	64	pos0/a_softplus-21.f32	47674d5e6d34b9185ed407b08d9c4273d594e3d1f795e811964f924c666761ba
gate-21	21	0	16x1x1x1	64	pos0/gate-21.f32	c814e065e9367facc944fa8a18099592864d5565cc013b422de1ef7b31b614e8
beta_sigmoid-21	21	0	1x16x1x1	64	pos0/beta_sigmoid-21.f32	b75f97641df858953d7e97af7c45f5aa003b6dbe8b1863891700152c2e9f6cfe
state_predelta-21	21	0	128x128x16x1	1048576	pos0/state_predelta-21.f32	30e14955ebf1352266dc2ff8067e68104607e750abb9d3b36582b8af909fcb58
new_state-21	21	0	128x128x16x1	1048576	pos0/new_state-21.f32	7e7e4d5a418c38853a9a77f8d7e878fad6014ccbae068d982e0748c12d68cabc
attn_output-21	21	0	128x16x1x1	8192	pos0/attn_output-21.f32	81394e5682b2e19b233a78c5020362fb867b0d9822676291d20b44f3b216a6f5
z-21	21	0	2048x1x1x1	8192	pos0/z-21.f32	1f9f7bf19b64ae073d92975306084500287f7a2f04fea0a3e9b9d21c6660ac8c
final_output-21	21	0	2048x1x1x1	8192	pos0/final_output-21.f32	109ffbc42b07a13cc6a21316ce375a8eaeb303926278402bcda07197c4bd2bbc
linear_attn_out-21	21	0	1024x1x1x1	4096	pos0/linear_attn_out-21.f32	1cbaa810f7d906ede576b5b40130a10da6bb04401f0094ec77cbfe7fb04a7c19
attn_residual-21	21	0	1024x1x1x1	4096	pos0/attn_residual-21.f32	2868c63d5d2c0d060b44a28f13526061c66c13d6955aa652c83283c9c0e1e75c
attn_post_norm-21	21	0	1024x1x1x1	4096	pos0/attn_post_norm-21.f32	11f727c100be32a6a8fb4669bdb138f1c950bbe1dae8ded50ae80fd33961d23c
ffn_out-21	21	0	1024x1x1x1	4096	pos0/ffn_out-21.f32	8c24800b08e04cccf5a154fcd82442943f149443bd1207ae8469f14397095909
l_out-21	21	0	1024x1x1x1	4096	pos0/l_out-21.f32	64af4a494a401a7ac4db501eb36dfcb39ec5a41ac51fb8866e7391874b7921bd
attn_norm-22	22	0	1024x1x1x1	4096	pos0/attn_norm-22.f32	547d11af9fd6c4a9d389d5a9026fe5994ac26a00ba6b2cdde31d7cb5c19c9a85
conv_output_silu-22	22	0	6144x1x1x1	24576	pos0/conv_output_silu-22.f32	8a909fa7500068518bce3ae491ffcd7ac75c5f5a286fb41d1de7f3a1d4423bad
q_conv_predelta-22	22	0	128x16x1x1	8192	pos0/q_conv_predelta-22.f32	54219d32a5ff90d02202ed5e9226d8071895d027f20d35b08e97d8f75e8e10ac
k_conv_predelta-22	22	0	128x16x1x1	8192	pos0/k_conv_predelta-22.f32	7c8f4c09266912c41c77e8ce7550d517ff0489a1a3b90fc7e76f5b0850ddaa56
v_conv_predelta-22	22	0	128x16x1x1	8192	pos0/v_conv_predelta-22.f32	4b0d7d079fd231f722599f80bb8a71bf56ae0b0342d2d85d5f7639445bb9bdc5
a_softplus-22	22	0	16x1x1x1	64	pos0/a_softplus-22.f32	51706ee4a787f1086a35fd9cc1ee6701cbbeeed826db7c2636befed0c803cf1f
gate-22	22	0	16x1x1x1	64	pos0/gate-22.f32	ee0bb7c0ff349ec8c73f36035274222597acafd867fe8fa051a65f46c4ebcff7
beta_sigmoid-22	22	0	1x16x1x1	64	pos0/beta_sigmoid-22.f32	aef26a0716ca05d18da4a90df0a7d5395c5291ec0f32029d1e474fc3accae3c3
state_predelta-22	22	0	128x128x16x1	1048576	pos0/state_predelta-22.f32	30e14955ebf1352266dc2ff8067e68104607e750abb9d3b36582b8af909fcb58
new_state-22	22	0	128x128x16x1	1048576	pos0/new_state-22.f32	caaea23d3f9ed157213a027cdca0245dd03ab41a8cfb6a354ed72312ef249443
attn_output-22	22	0	128x16x1x1	8192	pos0/attn_output-22.f32	6ad49d6bec1b7dfa0d362016b47974d0cc2d75ad3e8f0844494cdc7b2327e320
z-22	22	0	2048x1x1x1	8192	pos0/z-22.f32	17aff189ab37dfd17fdeed93bb15e75d050d90f293158496cde9d2237de77295
final_output-22	22	0	2048x1x1x1	8192	pos0/final_output-22.f32	dc49315ba4a0f8676c2deeac5c9256368d2413926a30aa401e4d321617064107
linear_attn_out-22	22	0	1024x1x1x1	4096	pos0/linear_attn_out-22.f32	ca02e7b6e9d1b663572c816d6a12ff7847d4fe34945c19aff66131a4643d0234
attn_residual-22	22	0	1024x1x1x1	4096	pos0/attn_residual-22.f32	d86b5dd2f8687730b0a8f626710dc4e9ab5e782aaff95b54fc5ddb120c271bcd
attn_post_norm-22	22	0	1024x1x1x1	4096	pos0/attn_post_norm-22.f32	7fdb1b9ef515e6038ff4a8f155120e3c252813840aef130fbc590785528413ef
ffn_out-22	22	0	1024x1x1x1	4096	pos0/ffn_out-22.f32	c6a71046070e410e3ff12edc545fb28a2068012d0040a4bb1f86dfe4a036fd0e
l_out-22	22	0	1024x1x1x1	4096	pos0/l_out-22.f32	75ea0b2137387d38209ed7d843e66c5bd66deddaee5d3ed4e667a466f8ee65c4
attn_norm-23	23	0	1024x1x1x1	4096	pos0/attn_norm-23.f32	366b7cfcf097eaef680e68160e9ff29a97ef00b0b1894b68486c41e05272a892
attn_pregate-23	23	0	2048x1x1x1	8192	pos0/attn_pregate-23.f32	e512e5d338e111e420aa28e12825b11e39aa9b443c7b0e85cba1bfdd2a8d79af
attn_gated-23	23	0	2048x1x1x1	8192	pos0/attn_gated-23.f32	d3aa5abf7fea90829e7f5cf891ea138f81fd438bb4d1196adfe93da6c24ec5b3
attn_output-23	23	0	1024x1x1x1	4096	pos0/attn_output-23.f32	a2123f6df8fc7edaad8eaf4b2177a1264d9947a6bf8c6a65dff91749ba00d762
attn_residual-23	23	0	1024x1x1x1	4096	pos0/attn_residual-23.f32	27355cb5a6a071413d99b36feed005896ff653b45c4b09a1073f1458e05596e2
attn_post_norm-23	23	0	1024x1x1x1	4096	pos0/attn_post_norm-23.f32	c7a5fb53a6f40b0c9242047a588066f262cbcb7acf02ad97011647e648c51733
ffn_out-23	23	0	1024x1x1x1	4096	pos0/ffn_out-23.f32	e0f5d43d675db1f8a66d5ff7b472a9aba6f991767e3fc922556efcc793b3ba27
l_out-23	23	0	1024x1x1x1	4096	pos0/l_out-23.f32	ac8bdfd2682e1f0abd7405920968e460106f5ce7475bb568fecc0dada8519f75
result_norm	-1	0	1024x1x1x1	4096	pos0/result_norm.f32	07fc709890a196d210ffea4b31cda1db64c639d25ad5b93ddc8356c3d83aca26
result_output	-1	0	248320x1x1x1	993280	pos0/result_output.f32	959044b4b268aa7f6af88bdb3970dc866304094d35dcf1cf957a0c81e02ed9ce
model.input_embed	-1	1	1024x1x1x1	4096	pos1/model.input_embed.f32	b9fec06cea4b14fb090020ae1ec69a8df58ad272fccdd2bc47423ccc8d689538
attn_norm-0	0	1	1024x1x1x1	4096	pos1/attn_norm-0.f32	3c18e4294c4019ec840bf442b43b7d26eddeea559e01c029ad8641376e0cc2fd
conv_output_silu-0	0	1	6144x1x1x1	24576	pos1/conv_output_silu-0.f32	1128f4b0dbcc0eaea8197512e4de88801273416b0ba1f2d3a83c4d113153c20d
q_conv_predelta-0	0	1	128x16x1x1	8192	pos1/q_conv_predelta-0.f32	adf4c0a9f9fc3ee06f9d641f1a15638646fae3eef584dea3cea7a04d3b2620ee
k_conv_predelta-0	0	1	128x16x1x1	8192	pos1/k_conv_predelta-0.f32	08de02d33f7a0530752255591a392baa6ba0c98db70dd94695b9fb390243698c
v_conv_predelta-0	0	1	128x16x1x1	8192	pos1/v_conv_predelta-0.f32	91db12f5bfa86bcce8a83f5bbfe28b7ac4ce90dc52f9419fcfdbe7f7f75ef234
a_softplus-0	0	1	16x1x1x1	64	pos1/a_softplus-0.f32	50328adef66fef6768eb704b97e3d879cc9c4337abf8c2174eb0d4d7e6a08342
gate-0	0	1	16x1x1x1	64	pos1/gate-0.f32	a5216f8ae978d134d924a20b86ac1fac1e1b44a795d8acb6e18e96432ccebacc
beta_sigmoid-0	0	1	1x16x1x1	64	pos1/beta_sigmoid-0.f32	7be14d754113fd356b0b35e3c6d80ba0199a4d54adf8315bf530b5a2597631e9
state_predelta-0	0	1	128x128x16x1	1048576	pos1/state_predelta-0.f32	23e95f39cd8da2bf9a811be16a89e0ad16f73652105e96cf71194d149e70242c
new_state-0	0	1	128x128x16x1	1048576	pos1/new_state-0.f32	1d0911c6edad66431890d5a3860bfd014d99d05cb1d362504f1a252a5a9a3b08
attn_output-0	0	1	128x16x1x1	8192	pos1/attn_output-0.f32	426f43c00993d0dc1efc3562133585059cc54dff550533dd143f2fde75e687b2
z-0	0	1	2048x1x1x1	8192	pos1/z-0.f32	37b552f0b8dec1a97cad36be5094fc7047d75513133ae9392d324284e96520d7
final_output-0	0	1	2048x1x1x1	8192	pos1/final_output-0.f32	9db4f3ea3cf492c51b5e69f1392dfb9d1c2cfbb3c875e4fdac1ef6732fdf8da8
linear_attn_out-0	0	1	1024x1x1x1	4096	pos1/linear_attn_out-0.f32	dae1323df8b4c750c6343ed8e9a6094d8709498c7c8661c8c3765b493c028d32
attn_residual-0	0	1	1024x1x1x1	4096	pos1/attn_residual-0.f32	6e26a965ef902d59fbdec112772f1e7116457d30ae07010f2431c4557ddf588c
attn_post_norm-0	0	1	1024x1x1x1	4096	pos1/attn_post_norm-0.f32	ba1a99d8d9b1647839809dc752c0fb7eaa112dd0b98cba9e8693b69e91e51284
ffn_out-0	0	1	1024x1x1x1	4096	pos1/ffn_out-0.f32	1c3123a2f8d463c668970e352474479f41e8a33fe5bdf4b0eb205091c679b90b
l_out-0	0	1	1024x1x1x1	4096	pos1/l_out-0.f32	0c33876a22b57faa43b638b2919f272636c08e659c274eb0a5d87dcc5465037e
attn_norm-1	1	1	1024x1x1x1	4096	pos1/attn_norm-1.f32	73f5cbe84fc6df2931b6f74d2bd174de5383807e202c3bf49c4ffe0045cbc18d
conv_output_silu-1	1	1	6144x1x1x1	24576	pos1/conv_output_silu-1.f32	f0b95d436b94e92b70177f6d04c429e847e166e0070cc9c24de8b62fa1742a88
q_conv_predelta-1	1	1	128x16x1x1	8192	pos1/q_conv_predelta-1.f32	802b9f9c8603a014e7d4708706df02c783b5b4686364d1f0bb73edebcba7b676
k_conv_predelta-1	1	1	128x16x1x1	8192	pos1/k_conv_predelta-1.f32	919d1e990ef2eb8c2049099a856939d9c1b14938285ddd790178c7b824184a79
v_conv_predelta-1	1	1	128x16x1x1	8192	pos1/v_conv_predelta-1.f32	54b05636cb5ee168ac2b30ccdc4b07c80676f354d9d4460f281decd0d118bf7e
a_softplus-1	1	1	16x1x1x1	64	pos1/a_softplus-1.f32	734383df4fc01e4e5ed839cef5ebd79aab66acef03b079bb873afb8c3acadf93
gate-1	1	1	16x1x1x1	64	pos1/gate-1.f32	7bc364e7a1d37ac6928c1d726157ea375162de4b19af43abbaa9b76166767238
beta_sigmoid-1	1	1	1x16x1x1	64	pos1/beta_sigmoid-1.f32	46fb2ff93f6af7d1a719bc5b7fe563d4448479b8de76a5190969b51872436d65
state_predelta-1	1	1	128x128x16x1	1048576	pos1/state_predelta-1.f32	187e999847ca85924c21052156f64ba573cae4529aebf0af622158932f680b04
new_state-1	1	1	128x128x16x1	1048576	pos1/new_state-1.f32	c58ed70f5ab09f5ac71dd2787250be5c2a93f27b7068b8c42fcf621ccc6d352e
attn_output-1	1	1	128x16x1x1	8192	pos1/attn_output-1.f32	26176cb7e42f5c7f2fd568257bf3563dc3598d7868fc45a560f8c22291ba3b22
z-1	1	1	2048x1x1x1	8192	pos1/z-1.f32	e8352529fa3813d563cda10f6f9e05c1601b8ed83ec376e55ea9a3b8a7d891c9
final_output-1	1	1	2048x1x1x1	8192	pos1/final_output-1.f32	6d850336e94c6845163a12ec704765cb5b1862550fa973ff82ae79ea7502cf82
linear_attn_out-1	1	1	1024x1x1x1	4096	pos1/linear_attn_out-1.f32	8526190d500a4611cf29fbddb216a70db9ce877cd85d9729d30e935c3a4cbd4a
attn_residual-1	1	1	1024x1x1x1	4096	pos1/attn_residual-1.f32	5a52a539753b036f782a178770ce81fe0a40c17fe455da8ea20827a750eceaf3
attn_post_norm-1	1	1	1024x1x1x1	4096	pos1/attn_post_norm-1.f32	7b4933049d1307abb393a45b27783ea2eed325592f4c8ea0f671ec28b4e64b4a
ffn_out-1	1	1	1024x1x1x1	4096	pos1/ffn_out-1.f32	4f49c0204ce846bd20153f098454a3b33eeca99a4dde83b0fafae978b7524111
l_out-1	1	1	1024x1x1x1	4096	pos1/l_out-1.f32	2b6e8e99636b309621a34622da49b3540143720752dfbbae97d04d5935505f75
attn_norm-2	2	1	1024x1x1x1	4096	pos1/attn_norm-2.f32	853fc16adf324b6cdf028a8e6e328a28df0b73b75f9969c261e27b08042539a5
conv_output_silu-2	2	1	6144x1x1x1	24576	pos1/conv_output_silu-2.f32	242f2c5bbfe666b34a1b1522fe13b5876cc13f8ec9da47eeaf995486c8fae969
q_conv_predelta-2	2	1	128x16x1x1	8192	pos1/q_conv_predelta-2.f32	ab80dbc3576056b7d71fe519f277006d7dbda8b8aa34040fa4abb057895b13ef
k_conv_predelta-2	2	1	128x16x1x1	8192	pos1/k_conv_predelta-2.f32	7f064e89e47f078ba7a90949de42fd25b2df643e379db014846cfa0cfb9fab7d
v_conv_predelta-2	2	1	128x16x1x1	8192	pos1/v_conv_predelta-2.f32	79e81309d5c83585559fe1bdfd09916051b84f65df6289d23148ce196ec3d3ee
a_softplus-2	2	1	16x1x1x1	64	pos1/a_softplus-2.f32	fae498791135f493c2114b544a25266ac5a13b53ad6a08ce6804be2645840f7a
gate-2	2	1	16x1x1x1	64	pos1/gate-2.f32	1ceadbc5b4ecf894ce23ed4da095183d5891a8b4df82f06f18f6212418e9304a
beta_sigmoid-2	2	1	1x16x1x1	64	pos1/beta_sigmoid-2.f32	b12ee3feedb8af978c02d73f21c08eb910e9e9953de0a96cc6508ab196e17165
state_predelta-2	2	1	128x128x16x1	1048576	pos1/state_predelta-2.f32	6be45f83777e4e439afff252bfce2bf1bdad024512014efe0cce1e90ce9df17c
new_state-2	2	1	128x128x16x1	1048576	pos1/new_state-2.f32	6790a41424b5791ff16faf6167a4de95a98c8ad012a24de3081b1e5c3d782817
attn_output-2	2	1	128x16x1x1	8192	pos1/attn_output-2.f32	546e0bb18b8da439880bd6f89e07b46ea7ddbe6327de886de49fcfb70fe252d1
z-2	2	1	2048x1x1x1	8192	pos1/z-2.f32	b19b113a26dc18e125679809017d7811ff865fdf800159bf80b7eccad4309910
final_output-2	2	1	2048x1x1x1	8192	pos1/final_output-2.f32	8e29cb1ec047c63a88d557c63bf5d8e66fe0befcc6fc68206f82e3802eab2391
linear_attn_out-2	2	1	1024x1x1x1	4096	pos1/linear_attn_out-2.f32	39e745c8555c114b5d02f279cf3ee86967b99c205e35b6e21743acd5d2d82c8b
attn_residual-2	2	1	1024x1x1x1	4096	pos1/attn_residual-2.f32	0d04de75112df3aeefc5bc79e929aefa9cf55f7c54cd04499b81728df7919513
attn_post_norm-2	2	1	1024x1x1x1	4096	pos1/attn_post_norm-2.f32	bd3f64cbfb6c7f9521e0f9f2b455fd061a98cc59d79a3090999ea68cf4f185d4
ffn_out-2	2	1	1024x1x1x1	4096	pos1/ffn_out-2.f32	3721d4b2cdac0bff33770d592fda415e8556600bd5eab1e7f279b95a5fbb2cff
l_out-2	2	1	1024x1x1x1	4096	pos1/l_out-2.f32	797376b5a61f684ef545593accee1a76c27dba35cb82dd1a9a16e8cadf9f8a3d
attn_norm-3	3	1	1024x1x1x1	4096	pos1/attn_norm-3.f32	1c1ad906c8dd9a3d8af3542654a4b701668fd1adbb1fdbbd375ecb762494915e
attn_pregate-3	3	1	2048x1x1x1	8192	pos1/attn_pregate-3.f32	afaf8d98fbdb1047feb95191f18af235b544bbbc8ae4c20543237cc9eb934138
attn_gated-3	3	1	2048x1x1x1	8192	pos1/attn_gated-3.f32	93676ec644d616934e93bf97e23064462bec43c41d3ba5c9b1169512672e4574
attn_output-3	3	1	1024x1x1x1	4096	pos1/attn_output-3.f32	45053a2100d243520f0de50c52e9069d87aa75c8b285456edbdb39e873b87c03
attn_residual-3	3	1	1024x1x1x1	4096	pos1/attn_residual-3.f32	2a126a3463d1d0a8ba34bada182225595e9aad26aabcaa7d6e337ae4ce677895
attn_post_norm-3	3	1	1024x1x1x1	4096	pos1/attn_post_norm-3.f32	5b402a3bd939bd6b10e6c252eb77b223553c10b2cb44fc92263fb90111f44155
ffn_out-3	3	1	1024x1x1x1	4096	pos1/ffn_out-3.f32	b73ec1222ff990cfabe635793d98e5e476bb20a49f6382e84ec69af328bf68a2
l_out-3	3	1	1024x1x1x1	4096	pos1/l_out-3.f32	64a3ccb874a996df4f9f25f7ab17bae39bfd51361cb7a9335dffccb1d0f6465b
attn_norm-4	4	1	1024x1x1x1	4096	pos1/attn_norm-4.f32	186a62e0c7935b5139f308c1fd251cbecb114b340166dd505fd1f08cdb6205b4
conv_output_silu-4	4	1	6144x1x1x1	24576	pos1/conv_output_silu-4.f32	e1eb47f56a091173a99767a44788a6e37ce8eef70ae34be0c6a09b9c62db0c54
q_conv_predelta-4	4	1	128x16x1x1	8192	pos1/q_conv_predelta-4.f32	a6f5f75d593dcfbaee8097edac929d9bee2df758c75492110b548aa902165ef0
k_conv_predelta-4	4	1	128x16x1x1	8192	pos1/k_conv_predelta-4.f32	99f4b0c2f8b25e0fc634d1df693fed151fb4c3542934a04f8395fd716b1b5cea
v_conv_predelta-4	4	1	128x16x1x1	8192	pos1/v_conv_predelta-4.f32	c7d4bf808a01d0ab0ad048406f34be86f317fe80e2200a076813f509232ac436
a_softplus-4	4	1	16x1x1x1	64	pos1/a_softplus-4.f32	d1f29da6c6f7244c453af7ad6e47dd0409f3bcb20e8a440290d8b9f4fc3ea0b7
gate-4	4	1	16x1x1x1	64	pos1/gate-4.f32	48c0c6abd1e84e653297d774061b7cb0a16de13a788aa852ea9a83808c6b67a1
beta_sigmoid-4	4	1	1x16x1x1	64	pos1/beta_sigmoid-4.f32	200f2f560f84936c0b032db70863e355611a2fcfd080a7d09078787f7a25f769
state_predelta-4	4	1	128x128x16x1	1048576	pos1/state_predelta-4.f32	bd4ce25030a2f870756def447a3232177481d96a17c75ef8749b6f16f013f648
new_state-4	4	1	128x128x16x1	1048576	pos1/new_state-4.f32	d859314effc3a03c54e703d2e8fe50bab752fa06768a59ec00074c7b00e7ecec
attn_output-4	4	1	128x16x1x1	8192	pos1/attn_output-4.f32	39c34d16a4957aa49035bfbf8d80f6d8a89bf55c97ae98472283487c0217a613
z-4	4	1	2048x1x1x1	8192	pos1/z-4.f32	eba93487af83778c82dd35f90dd0b304d880e611d045d3ddabad53d6dbca5364
final_output-4	4	1	2048x1x1x1	8192	pos1/final_output-4.f32	bdb269473a1f50c60b15a4a14dc39f10a69de7655db1c377d360e54ee991f73d
linear_attn_out-4	4	1	1024x1x1x1	4096	pos1/linear_attn_out-4.f32	18faacb8661318eed90580cc7f3373a82541a08c8b4a7e399797c80627dbf98b
attn_residual-4	4	1	1024x1x1x1	4096	pos1/attn_residual-4.f32	b774df9e5be0c8a8843a7adf2a667f418faeb7c1a16bba17f223d0de684354d4
attn_post_norm-4	4	1	1024x1x1x1	4096	pos1/attn_post_norm-4.f32	5460c92496ee6b0edb5fae564bbfb7d051fe7ec2a82c6566cdb7450f5d0a7765
ffn_out-4	4	1	1024x1x1x1	4096	pos1/ffn_out-4.f32	58c01cba1fef10dc2455c5e583367b5772fa7f4f727ae7470659e33cfea15c59
l_out-4	4	1	1024x1x1x1	4096	pos1/l_out-4.f32	29b7b73ec5917b0a1702cf5291122fc72b3c2b92fabc84ad03d74d68a2c0acc9
attn_norm-5	5	1	1024x1x1x1	4096	pos1/attn_norm-5.f32	cd41b5819f08f123b529ac65a3e90c8bca89074e7203c430c3212527f19a43d2
conv_output_silu-5	5	1	6144x1x1x1	24576	pos1/conv_output_silu-5.f32	a0e171807e6c185227006f53f5f8b78d6ff268abc2d5ad121697234a8f032ec4
q_conv_predelta-5	5	1	128x16x1x1	8192	pos1/q_conv_predelta-5.f32	5c264f2896f7f69bd89eb3bda7523f07c9fa5b39d4e215f10ab6766fa72436af
k_conv_predelta-5	5	1	128x16x1x1	8192	pos1/k_conv_predelta-5.f32	b343c62c8cd8bfd492a5f0319fdb86945eb777e9eae5907e23df6f0992aa6db2
v_conv_predelta-5	5	1	128x16x1x1	8192	pos1/v_conv_predelta-5.f32	af13b774e981631f5eb80936baadd4156f290367263417257fac71ca702250e2
a_softplus-5	5	1	16x1x1x1	64	pos1/a_softplus-5.f32	0540213800236ae9cf50b644a70abca9c7f19ec8d4014423c952bd557c973f27
gate-5	5	1	16x1x1x1	64	pos1/gate-5.f32	bb400ca9138aacd2081a0bbb8dad059a677533c12d0b9166a4ba98f3df8bede7
beta_sigmoid-5	5	1	1x16x1x1	64	pos1/beta_sigmoid-5.f32	4ae0b6823d0aa27a57d04e74474313daaa6cecbea1d37e7fcb0a9cd167bd8784
state_predelta-5	5	1	128x128x16x1	1048576	pos1/state_predelta-5.f32	d06940bc01c89b200851be8ad7d318d57af3f90de08f794b788b1504b0a9ee2e
new_state-5	5	1	128x128x16x1	1048576	pos1/new_state-5.f32	1f6055397e472e7f10b99e306e37d6cd8e7189ea057ab1f7f391e009a8ba2977
attn_output-5	5	1	128x16x1x1	8192	pos1/attn_output-5.f32	1dfa11ce3eada3a257a2228b054f6f2ffe91427f8e1f200d188b2ccb7413545d
z-5	5	1	2048x1x1x1	8192	pos1/z-5.f32	da5ddf5dc7f00c10cd2678336026fc33772d36f42b5f4ac7708ca413cdddc756
final_output-5	5	1	2048x1x1x1	8192	pos1/final_output-5.f32	195966b3325374b580eb62466e679fc0eb24bc1b6bc3ce842a13191e942685a1
linear_attn_out-5	5	1	1024x1x1x1	4096	pos1/linear_attn_out-5.f32	1660eb83dedd21c9e97d37425f461c9c214b29c63d004c7b5871c550559ebfae
attn_residual-5	5	1	1024x1x1x1	4096	pos1/attn_residual-5.f32	5b90e005a4b4271cabb16a0be8a67fb4a9611d890d29c1f4f4b5fc0af32696b5
attn_post_norm-5	5	1	1024x1x1x1	4096	pos1/attn_post_norm-5.f32	0a5715b824ecd061e636293fdef246f953542d444b3cfbed95e9f52d18f9f3aa
ffn_out-5	5	1	1024x1x1x1	4096	pos1/ffn_out-5.f32	42bf204a4325037cdfe15db6a8c85a2afd67f3516b6c195d614a4deaa5ced0c0
l_out-5	5	1	1024x1x1x1	4096	pos1/l_out-5.f32	34f142407572cb69c5769e0a8113ee56656423681bd9eed7209ed0d044340367
attn_norm-6	6	1	1024x1x1x1	4096	pos1/attn_norm-6.f32	2be933180431bf64bd218c55b97868faeb3aa8851655496e91f4b8dead2f2002
conv_output_silu-6	6	1	6144x1x1x1	24576	pos1/conv_output_silu-6.f32	8348980fdc6134212e7f0aef07ebf338117b72c07773897be0a7fd54b904b282
q_conv_predelta-6	6	1	128x16x1x1	8192	pos1/q_conv_predelta-6.f32	54bac33bd1e4259d19e5a09f843094b6c176fa5333342cfbaa375ee259e21a2f
k_conv_predelta-6	6	1	128x16x1x1	8192	pos1/k_conv_predelta-6.f32	40f74ba6cfb5351bbb9f753710b028b15ce33db3c1a81c9aa86bb4ec4c72afe7
v_conv_predelta-6	6	1	128x16x1x1	8192	pos1/v_conv_predelta-6.f32	5fc60ea6e4c34151162bb697459e4a24fc6fb875b909e8f4c54f04bea4a51108
a_softplus-6	6	1	16x1x1x1	64	pos1/a_softplus-6.f32	3a66abeecdcbce063cf92a273da28df9a3df6128a2c9c04b510e413541d77e6f
gate-6	6	1	16x1x1x1	64	pos1/gate-6.f32	d6532cb3f1aaadbff94a2f60768cfa04666b9b643fc9efb812c33c40aa821f27
beta_sigmoid-6	6	1	1x16x1x1	64	pos1/beta_sigmoid-6.f32	92828c07570f849a225447b83d4a26525a43fa0e96fdfa823af1e84fcefeac55
state_predelta-6	6	1	128x128x16x1	1048576	pos1/state_predelta-6.f32	056e2a966e4f8d28a344c00e1f271ce11405743c6c57a80d24c1dd8aee361d9f
new_state-6	6	1	128x128x16x1	1048576	pos1/new_state-6.f32	315ac51ad840b300db4b9db4bd58c5e51cf61f08eb9a9bf075b7f006a1689d40
attn_output-6	6	1	128x16x1x1	8192	pos1/attn_output-6.f32	3f47413c761c7eea37cbd0245332a17457d99e6e95b8c45b58c74c766e1e0158
z-6	6	1	2048x1x1x1	8192	pos1/z-6.f32	4ef91d73b91605d33811c08a0bc765cc91e17c320398e8e182de94ae4a90a553
final_output-6	6	1	2048x1x1x1	8192	pos1/final_output-6.f32	bab1a2e5f2a7607454b3030a53c90b2529aa68dc81b4d61c307b8c91407f84e7
linear_attn_out-6	6	1	1024x1x1x1	4096	pos1/linear_attn_out-6.f32	d4f44c46600e52a0ce71af3a75ff522ac0d7a9ebec08d15a5bd66b2e2637937f
attn_residual-6	6	1	1024x1x1x1	4096	pos1/attn_residual-6.f32	537290c5a30806636921df12d8aeca15a51af84e2c271b6403475717824fd86d
attn_post_norm-6	6	1	1024x1x1x1	4096	pos1/attn_post_norm-6.f32	111b40cfcb81870dbe36be54710ce00a3d9ebea106dbe70988c1d1987e46849c
ffn_out-6	6	1	1024x1x1x1	4096	pos1/ffn_out-6.f32	a465674dad63b4574ffb0679c81de3225d5341b40bd9b665992c2822b9b75a29
l_out-6	6	1	1024x1x1x1	4096	pos1/l_out-6.f32	64c511692712d0b24f9c4223110ca04a66863d88ff7bf56a50f6d8fc6523197f
attn_norm-7	7	1	1024x1x1x1	4096	pos1/attn_norm-7.f32	43afed32b8a44960401def1375394cca1c5cfdd36b080dd06ceb75005b2eed81
attn_pregate-7	7	1	2048x1x1x1	8192	pos1/attn_pregate-7.f32	060a604d0fa99f5ac59b88932736125ebcae2d4254edc243f8ab2b17f235fc32
attn_gated-7	7	1	2048x1x1x1	8192	pos1/attn_gated-7.f32	c0781133bcb0c18d8ece39b56f352d44fe8351bd5cb9d919b6f773371c1529e3
attn_output-7	7	1	1024x1x1x1	4096	pos1/attn_output-7.f32	9e74f5c2e065f4f435077a0a8302befdfa833bae103bb33243926d3773bf9d89
attn_residual-7	7	1	1024x1x1x1	4096	pos1/attn_residual-7.f32	be7805b4e3854b14a133238fe34129748999b424847722e7910bcfa4278278d7
attn_post_norm-7	7	1	1024x1x1x1	4096	pos1/attn_post_norm-7.f32	19ff4e262462a683da1901fc9c9b61890622a88ebdcef8e0a939a9849a61784b
ffn_out-7	7	1	1024x1x1x1	4096	pos1/ffn_out-7.f32	dc2ddb612c009f2d25450c3767780c63f0ef312ee0da96e2cf216a994e55f26a
l_out-7	7	1	1024x1x1x1	4096	pos1/l_out-7.f32	92ad03e3e079f0c7a09b31bee3ac800a6b895f448a45fa54cbb062397a0bfa09
attn_norm-8	8	1	1024x1x1x1	4096	pos1/attn_norm-8.f32	c0a10d0a9be498bb93c326d31b395dbdbfb602a32a2dafcaa288ce26d6740b93
conv_output_silu-8	8	1	6144x1x1x1	24576	pos1/conv_output_silu-8.f32	f3462bdae952baba205ad1fcbd51320741758b7d3aafff5d4db84bb6de9464b1
q_conv_predelta-8	8	1	128x16x1x1	8192	pos1/q_conv_predelta-8.f32	d2b62c37e696ba8ab91195c27a2d78ce673662c92b4c0495a668189ee9131250
k_conv_predelta-8	8	1	128x16x1x1	8192	pos1/k_conv_predelta-8.f32	74778969fece287072e1dcc3a58315fb61a8d3dc707d46950be0b7d7580c820b
v_conv_predelta-8	8	1	128x16x1x1	8192	pos1/v_conv_predelta-8.f32	5c728225dcd377634af5ec119c2da7619a371555b1342da2353fc4ca11874dfa
a_softplus-8	8	1	16x1x1x1	64	pos1/a_softplus-8.f32	1b75fc6af4ce741f265d3ae1c4b91acdcd6e72f002653d3f8d9d7a158593cb5b
gate-8	8	1	16x1x1x1	64	pos1/gate-8.f32	5ac2a5a771e536dec3586d2c5b6811605bc70c7ccdef354086715fc4c085cc16
beta_sigmoid-8	8	1	1x16x1x1	64	pos1/beta_sigmoid-8.f32	184930afe88a304fcd23cf6460db93726473a3f9a745fdd16ef404bbe06ff0ce
state_predelta-8	8	1	128x128x16x1	1048576	pos1/state_predelta-8.f32	bad05b73f4ff4b55aa58ccf83407f01809e2780a58339f833371f3d140179eba
new_state-8	8	1	128x128x16x1	1048576	pos1/new_state-8.f32	bb76af7fd34bc23ad8a9e25a273a7badc3a2e5e5b6941c3671aedad3bf017125
attn_output-8	8	1	128x16x1x1	8192	pos1/attn_output-8.f32	758281392fd4260e4ffcd122a174807a17e1763b3729af027c3ebfefdac93526
z-8	8	1	2048x1x1x1	8192	pos1/z-8.f32	fad054d19a965a3258e3e52680f85a82e5dda913268b260730f19efd492e2da1
final_output-8	8	1	2048x1x1x1	8192	pos1/final_output-8.f32	fcb0ed3fb18a501c095844ab5de3c2a049d6bd4c846b4e1c134149239a16edb8
linear_attn_out-8	8	1	1024x1x1x1	4096	pos1/linear_attn_out-8.f32	48db21503d6c1c00508ce11d140c6c289e12de529d81ccfb8aa35de45e10746d
attn_residual-8	8	1	1024x1x1x1	4096	pos1/attn_residual-8.f32	821d8fba33833a4da274970ca315e15e4e9c008bd83e9b18998d68f6b390d2aa
attn_post_norm-8	8	1	1024x1x1x1	4096	pos1/attn_post_norm-8.f32	7321be393f333ba3151740ab843ae5d7c288c5b12504984b857ba8d5a83401de
ffn_out-8	8	1	1024x1x1x1	4096	pos1/ffn_out-8.f32	67913f9ed91e5241f748fdc8645bf13abfe4d133ef3247bcc5b83ed0047323c0
l_out-8	8	1	1024x1x1x1	4096	pos1/l_out-8.f32	f5354ee2c222ef7b470a93b0a8a8d0046bc704d1314d3b4b8ec484ceeacc4c38
attn_norm-9	9	1	1024x1x1x1	4096	pos1/attn_norm-9.f32	0385f3c41b5a26242cf2506744b13232795bad4e693bfa1205aaa0e9808cf273
conv_output_silu-9	9	1	6144x1x1x1	24576	pos1/conv_output_silu-9.f32	ba8af5e80b4b75f2e327bc7b4f0b0a7a06286cab7576fb70b4ae27ca0f3da116
q_conv_predelta-9	9	1	128x16x1x1	8192	pos1/q_conv_predelta-9.f32	dcb0070bc62d219b67176dc21d99c2acdb3b56340e2070ea7e0075448299cdf8
k_conv_predelta-9	9	1	128x16x1x1	8192	pos1/k_conv_predelta-9.f32	013d65699c6e9a92922651297d624223b1d394794a960185bf28bcd12c993c3c
v_conv_predelta-9	9	1	128x16x1x1	8192	pos1/v_conv_predelta-9.f32	a122be700e6f8aa01480827c338b7154dda34cc3cf43b9c9c34f1b9584408c0b
a_softplus-9	9	1	16x1x1x1	64	pos1/a_softplus-9.f32	39352dbb3c698201b29e19f1d6ebe0a88887e45ad26c7dbdb2707224834ac9ad
gate-9	9	1	16x1x1x1	64	pos1/gate-9.f32	1d905df68c64b9235cc35e682e990aadc9dbe0342e5908d0e1e048a6eb1e719c
beta_sigmoid-9	9	1	1x16x1x1	64	pos1/beta_sigmoid-9.f32	3d70ced02d46f5c2bc3337ad923178734854e280cc9c2bc14707bb842b725ff4
state_predelta-9	9	1	128x128x16x1	1048576	pos1/state_predelta-9.f32	f15f089a46fa92d6429087f4b40f23c770a09a3f5f807293f258c42d54b8ffd7
new_state-9	9	1	128x128x16x1	1048576	pos1/new_state-9.f32	5c7888e7d5c9fadbbda222ec14e801895de131db0292262582b3545bd72eec62
attn_output-9	9	1	128x16x1x1	8192	pos1/attn_output-9.f32	61e09d77dbc62cd04ea220c0758cadb68ba72675cf76fdcd685847cbc4624ac8
z-9	9	1	2048x1x1x1	8192	pos1/z-9.f32	cb6aa3bd518e876191c8dd3a4bb5f826db1dd9694ffd4e8305f5df88c2681cd3
final_output-9	9	1	2048x1x1x1	8192	pos1/final_output-9.f32	ca06bf1b74827e9019bcdeca6d614e242d4266a7df16b8e115d877d260b5a850
linear_attn_out-9	9	1	1024x1x1x1	4096	pos1/linear_attn_out-9.f32	362e0d4a0d49c87ddf4c5828bae5aab203ef3165eb9c1c3495724d0ec65a3047
attn_residual-9	9	1	1024x1x1x1	4096	pos1/attn_residual-9.f32	83f23cf833b10ed3a179757ca59182ce2c9e3a7e7204a0d24b5680ec7f7c0844
attn_post_norm-9	9	1	1024x1x1x1	4096	pos1/attn_post_norm-9.f32	a277de8fae84498560946e8dc2e889174c310fed8df442e0d694577b78e043c5
ffn_out-9	9	1	1024x1x1x1	4096	pos1/ffn_out-9.f32	a43467700112e5eccadd92252947e561b3ec926ca054591f8122448a2481244c
l_out-9	9	1	1024x1x1x1	4096	pos1/l_out-9.f32	24a805417b48792747cdaa67439fe13d12f8cf24ed345d708ee14cbd98d598da
attn_norm-10	10	1	1024x1x1x1	4096	pos1/attn_norm-10.f32	ae3bf48fd20fbef0fb6464592e8bfad8772027d8a9b9f96a38a6f6f5d3a07a04
conv_output_silu-10	10	1	6144x1x1x1	24576	pos1/conv_output_silu-10.f32	7ba85216db18eb1a7fce2e056c22372911db49453b1e746263ddd06f3693dbcd
q_conv_predelta-10	10	1	128x16x1x1	8192	pos1/q_conv_predelta-10.f32	4dcf48ffb282f4791c700890a20f550f84875f82c97e2bf0df511a0b6b73ac68
k_conv_predelta-10	10	1	128x16x1x1	8192	pos1/k_conv_predelta-10.f32	3bac962fdb6e186afb01e8ba171c1d3620bf2a46269c19ba4dacf2a713a49a87
v_conv_predelta-10	10	1	128x16x1x1	8192	pos1/v_conv_predelta-10.f32	5d7c39a342517dd1454dcd1556d5554d93d4aceee6d29ad0bb6cfe9521a85ee9
a_softplus-10	10	1	16x1x1x1	64	pos1/a_softplus-10.f32	362e11e196fdfee09e47fa1a1e9d5a7170b233aac0e6a374859535e688dab489
gate-10	10	1	16x1x1x1	64	pos1/gate-10.f32	9f6aa5c8be4cda791c3eb37791407da800c0ce16421117667ea7427fd195143c
beta_sigmoid-10	10	1	1x16x1x1	64	pos1/beta_sigmoid-10.f32	60ea68c7a6d5766d6529aac62ea377f9e0d12c3dca514c5e9348985489ca31a4
state_predelta-10	10	1	128x128x16x1	1048576	pos1/state_predelta-10.f32	89be23b8f899731282e86ad2c2fad8415bb73e5816a2defc3b38c68f3975de91
new_state-10	10	1	128x128x16x1	1048576	pos1/new_state-10.f32	85fc245bb471dc609da895dc24ef651c5850334070ba77e4a8d0550ca728301d
attn_output-10	10	1	128x16x1x1	8192	pos1/attn_output-10.f32	c4a4299b4e0b7c3ef65d8b821050fc0ce4b9ea6e85ebb790ed9c8f4b86be11ff
z-10	10	1	2048x1x1x1	8192	pos1/z-10.f32	5d9af87fd3a0efcd0b3ff43a2564f0d442d01cf1534862adf5f2be4d369d8232
final_output-10	10	1	2048x1x1x1	8192	pos1/final_output-10.f32	88043ade02af5dee94c58ea00a50f29db5ab6286ee9eaa417e903e53ca9ed415
linear_attn_out-10	10	1	1024x1x1x1	4096	pos1/linear_attn_out-10.f32	1765a3046ecd1e541ac38e0e26f40758de943903b1b956348bd5f28d24db4ede
attn_residual-10	10	1	1024x1x1x1	4096	pos1/attn_residual-10.f32	6d407397464423bb414f97a56bc30198e770714e9f3c502b5f8ec5f614fca597
attn_post_norm-10	10	1	1024x1x1x1	4096	pos1/attn_post_norm-10.f32	aea53abe433444bfb6e8f58a1a23f875a927281e920442590b8a486637e4edae
ffn_out-10	10	1	1024x1x1x1	4096	pos1/ffn_out-10.f32	e68d920b4efc6b78eb8a331b37483035c0fd63a0cdfaf4965e9a0de1daddc858
l_out-10	10	1	1024x1x1x1	4096	pos1/l_out-10.f32	c1c15d1f0e2881eef890f499858020d4b7fc0af0dd89823af917256c2993f237
attn_norm-11	11	1	1024x1x1x1	4096	pos1/attn_norm-11.f32	1ab404854216ab99223303e0c0d52f150e28897ba1ab31f4a6898b05a90251af
attn_pregate-11	11	1	2048x1x1x1	8192	pos1/attn_pregate-11.f32	929249fcea7d9399a2562a9d258f95b414b2594d436ea0b1a3358a25a5d292ca
attn_gated-11	11	1	2048x1x1x1	8192	pos1/attn_gated-11.f32	caabb8c9739980be92375bee72eac3c031d41da34e364531ed9c1ea8fc0d0b30
attn_output-11	11	1	1024x1x1x1	4096	pos1/attn_output-11.f32	15004ab1ad2d849ed6230179d3e82d76588527107808e7f44a19b21f324df580
attn_residual-11	11	1	1024x1x1x1	4096	pos1/attn_residual-11.f32	85618e55780a359cc447f8f6db7753ce632896af3d7ae93d02dd52c8d165fdc4
attn_post_norm-11	11	1	1024x1x1x1	4096	pos1/attn_post_norm-11.f32	e733245dd1e646dce5c9091f1f6ec5ad82af3a97a345eb1f0c4e82c5e12f2700
ffn_out-11	11	1	1024x1x1x1	4096	pos1/ffn_out-11.f32	a51ce0f793f6b1f1d00eb5fb540a187615e63fe06b4257c84305db015cdf2bd9
l_out-11	11	1	1024x1x1x1	4096	pos1/l_out-11.f32	bc66dae84b8a84aba64e602af0c3bb83f46cafc55cc00c26402fc6e4f9080708
attn_norm-12	12	1	1024x1x1x1	4096	pos1/attn_norm-12.f32	4a040f86cd800aa44484ecd918ac4d40066866ba27e498bb9ac1ddda2d7c405e
conv_output_silu-12	12	1	6144x1x1x1	24576	pos1/conv_output_silu-12.f32	9932eeb39138a6960b7b13278284948320c4222925c1e999f5801f46e56f7ce5
q_conv_predelta-12	12	1	128x16x1x1	8192	pos1/q_conv_predelta-12.f32	da596f6209156f61356493b4ae362c0f81ae5412d4734cdf0e0e2922792323a3
k_conv_predelta-12	12	1	128x16x1x1	8192	pos1/k_conv_predelta-12.f32	0b123b833fa05560ca8ce097269463bc8c11827c93ec16345663e23eb1ed0920
v_conv_predelta-12	12	1	128x16x1x1	8192	pos1/v_conv_predelta-12.f32	364d0f5311fdf66fb367b6844af8e64c89c2c4d7a4f447dfb54cd4eb93fa505d
a_softplus-12	12	1	16x1x1x1	64	pos1/a_softplus-12.f32	ae12b7c8833ed7ade92eda0fb62a2547300c2ff8682c658e2d50b6df60576e3c
gate-12	12	1	16x1x1x1	64	pos1/gate-12.f32	3a41bb5515c9650a53bbc0d45414b3a68e70c0e0d4be4d8502a1ad369ea74d1b
beta_sigmoid-12	12	1	1x16x1x1	64	pos1/beta_sigmoid-12.f32	f603b4f9d8cb7a27a5851bb313b62ad46564dc4a0f9f8dc2478a9ce76ae1b5a7
state_predelta-12	12	1	128x128x16x1	1048576	pos1/state_predelta-12.f32	3618a51898d959e593fd8246a125daa8a57c3493979ef85ab18b774309e32e39
new_state-12	12	1	128x128x16x1	1048576	pos1/new_state-12.f32	95c140b5523c2c209d829c38f6140846aeafd55dc12f4d9c04ed6181d1402bea
attn_output-12	12	1	128x16x1x1	8192	pos1/attn_output-12.f32	9c15651d109ca481101101f637d7f87c3cba7babbceb72d7d7f24fb7b313e04d
z-12	12	1	2048x1x1x1	8192	pos1/z-12.f32	c742cf7c22e58e8b9e85ed4968932a951cd07a9c63c58dac3bb3fb3b7c917132
final_output-12	12	1	2048x1x1x1	8192	pos1/final_output-12.f32	0406362d10bb1b0342d6542141f56a03c2946235a0c4b6721a1a1d318b6bc45b
linear_attn_out-12	12	1	1024x1x1x1	4096	pos1/linear_attn_out-12.f32	61c0a1c46de81c283f530cb10eac9ce1eca67fcc6f953b5c2d9819fd55d78390
attn_residual-12	12	1	1024x1x1x1	4096	pos1/attn_residual-12.f32	51fe583b19ffa02e4d081cef7f9ce09d390e726dc55c81e6cf25b6a7403e0301
attn_post_norm-12	12	1	1024x1x1x1	4096	pos1/attn_post_norm-12.f32	3de9885c2c20482966e139b194c030cfe3d5fc0deda23679aa7d763fb12972e9
ffn_out-12	12	1	1024x1x1x1	4096	pos1/ffn_out-12.f32	6fc727b2b0f7e74bdf157198e9d96456bde2e45d13cf203def7f8dc98aa5fbf1
l_out-12	12	1	1024x1x1x1	4096	pos1/l_out-12.f32	9433a1cff71da3eb643c63738d390d0fd2bfc646d15b3235654ed936dae7fbab
attn_norm-13	13	1	1024x1x1x1	4096	pos1/attn_norm-13.f32	ee47586c0ad2fcebd54588baa6aeac0aca2cca48417e8f6399648e9b77f26595
conv_output_silu-13	13	1	6144x1x1x1	24576	pos1/conv_output_silu-13.f32	7dd924613bdbfba883d0adff296799daa8091502c94ffa72769e2db2e2adf942
q_conv_predelta-13	13	1	128x16x1x1	8192	pos1/q_conv_predelta-13.f32	937cfd26d61857777295eaa709773692c9452c41a4076802c7ef1feb96174a8d
k_conv_predelta-13	13	1	128x16x1x1	8192	pos1/k_conv_predelta-13.f32	fa2032b51aaf0cb0ffd610e9c1659a6955316788e56b3b3103f70a47981a085b
v_conv_predelta-13	13	1	128x16x1x1	8192	pos1/v_conv_predelta-13.f32	46ef0942b7c15a6538344d7e8be20745cf238a3949c318bfed8ce71da4b50cf6
a_softplus-13	13	1	16x1x1x1	64	pos1/a_softplus-13.f32	f227ef550c7c0ed3c8759d341243696c457cffc01ea3de75969203088a80fb74
gate-13	13	1	16x1x1x1	64	pos1/gate-13.f32	da2b0a841f7300a924b51c49786f14f14b00b8ffb77ffcaeebd30a85b2bce1fa
beta_sigmoid-13	13	1	1x16x1x1	64	pos1/beta_sigmoid-13.f32	dbf56714438093eb2ca4142ac7915fdad15fc1275ac8950c9e22b1b1d6275532
state_predelta-13	13	1	128x128x16x1	1048576	pos1/state_predelta-13.f32	5c3b5555ee3bf8f6b6279a89bdb061d7ae91feeb51a3f197218ba6379c3bfa51
new_state-13	13	1	128x128x16x1	1048576	pos1/new_state-13.f32	adb93f81a87ae56f48eb685636e213c0aafc936c809c4c40417efb63bef08cdf
attn_output-13	13	1	128x16x1x1	8192	pos1/attn_output-13.f32	eee855be7a07b6e5192fb49f7d064653644b83f87a732c97811e1e184147b1ea
z-13	13	1	2048x1x1x1	8192	pos1/z-13.f32	f746e9105c16a0223cca341cbedd96a797e96678486e38022cb2bbc8e2821c2a
final_output-13	13	1	2048x1x1x1	8192	pos1/final_output-13.f32	e5081f297dfdb25b76183e010697926290f2f0a4096802859d0877bce223ec2e
linear_attn_out-13	13	1	1024x1x1x1	4096	pos1/linear_attn_out-13.f32	88360ea94ab537486d15d86776c5e4235c27f988adaac2448213908a5747b1cb
attn_residual-13	13	1	1024x1x1x1	4096	pos1/attn_residual-13.f32	3921e6f2a319a19579a3099eeb5b8c1b8653ea54a4142bb8cf67824892066950
attn_post_norm-13	13	1	1024x1x1x1	4096	pos1/attn_post_norm-13.f32	5de411bd6abd24d5615a8ffef0759d1dc13f0bf652cf8ff5c4a75f1cd18c8b22
ffn_out-13	13	1	1024x1x1x1	4096	pos1/ffn_out-13.f32	dd80b882b75438ab4d905e33b6642c0cc42082f2fa6ac9a96bb89371de7a3658
l_out-13	13	1	1024x1x1x1	4096	pos1/l_out-13.f32	b60158b4c1ab6c1b9f045683b80fd8854002e3c835231bb0faa98c0059d24a18
attn_norm-14	14	1	1024x1x1x1	4096	pos1/attn_norm-14.f32	0a12e13323ccc1e43165ecb736ec6cddb66150029d433d52e7bd8719ebf991eb
conv_output_silu-14	14	1	6144x1x1x1	24576	pos1/conv_output_silu-14.f32	0ae1e580a48bb8fc8f1bfc61e1c6c1aef83c34d3bb23496b60344dbae63b37a4
q_conv_predelta-14	14	1	128x16x1x1	8192	pos1/q_conv_predelta-14.f32	b6e5dd8cf23f4c5f3ea670a1f23b1a2428494169dd26b01ddb6090320b0a9414
k_conv_predelta-14	14	1	128x16x1x1	8192	pos1/k_conv_predelta-14.f32	9e2c9b20e5843e4f96bc5bf61a416b6f9a6ac23d42e05a5066431f1a3fb00159
v_conv_predelta-14	14	1	128x16x1x1	8192	pos1/v_conv_predelta-14.f32	ce70fa88db1ed7ace77aa7230bdd793befbd5cf6c41cf92402dc57675e8eba31
a_softplus-14	14	1	16x1x1x1	64	pos1/a_softplus-14.f32	50a8c4c7dc944df0b19e37719a4257c0f953bd7061ab811cf82c2502cce25668
gate-14	14	1	16x1x1x1	64	pos1/gate-14.f32	f79f8debd823b1f6ccbc32a5910d9529b6f881d0586ff06ff43aa3c01466a0df
beta_sigmoid-14	14	1	1x16x1x1	64	pos1/beta_sigmoid-14.f32	a70ef46b8aea66109925ea6adfae57d165c55b066582ee28f25be2b5e01979c7
state_predelta-14	14	1	128x128x16x1	1048576	pos1/state_predelta-14.f32	a0507f9d77a86d7e8c08871442733cdc37fe82551d64de1d536879bd8554100c
new_state-14	14	1	128x128x16x1	1048576	pos1/new_state-14.f32	80f6077354c35da350c18e8a8e4768438230e6068fcd85d859878b9643d68ac0
attn_output-14	14	1	128x16x1x1	8192	pos1/attn_output-14.f32	3da75717346e6b13d948daf11acb18ce9e435ec662eb09c79c02432c3b70ac6d
z-14	14	1	2048x1x1x1	8192	pos1/z-14.f32	47c06914e37f423e3684af5247337dfb57d352212f4bf4be33f70b67e4f81f63
final_output-14	14	1	2048x1x1x1	8192	pos1/final_output-14.f32	5a3a93f9e54c42a48d7406bfccd040043b9bcde45e252033c107427011578e41
linear_attn_out-14	14	1	1024x1x1x1	4096	pos1/linear_attn_out-14.f32	4e9b61c1ccd0d532e3f1ce9dda449d067fcc84c4a0327ec65ddd24361e023a12
attn_residual-14	14	1	1024x1x1x1	4096	pos1/attn_residual-14.f32	38522596aa35ce6ba283cf97bb02240a54db176662536a84e1d5e24d464afb2b
attn_post_norm-14	14	1	1024x1x1x1	4096	pos1/attn_post_norm-14.f32	e6671717df291c9d9e3b3b53f71b9bab9baeacc851344997c4329e809374ea1c
ffn_out-14	14	1	1024x1x1x1	4096	pos1/ffn_out-14.f32	00ab15ba604ba4173747abafa7bc3820f4351592c10e609298bf962564556c5f
l_out-14	14	1	1024x1x1x1	4096	pos1/l_out-14.f32	f72b25d50401d007cd22f815e640f9a34a1dc8d9dde5546781fc5386f7698ecb
attn_norm-15	15	1	1024x1x1x1	4096	pos1/attn_norm-15.f32	4d8c8e7aa397b42c3b1fe7ffb7789bb8873a80777799d8359eaa333320e62d0d
attn_pregate-15	15	1	2048x1x1x1	8192	pos1/attn_pregate-15.f32	72c7c353f3ec0b1af8776ab0263f762a40fff7872b53e497918ca5f804b108c6
attn_gated-15	15	1	2048x1x1x1	8192	pos1/attn_gated-15.f32	95f2d951f974a923ca8065a583b69fa110b13f70ebf16002d0968ab5a626b03e
attn_output-15	15	1	1024x1x1x1	4096	pos1/attn_output-15.f32	fad6ccaa7a2d2a9f9e840c63da028bdb42041ab65613a2afe605f6c4bb808186
attn_residual-15	15	1	1024x1x1x1	4096	pos1/attn_residual-15.f32	625f535e3a0fa510a79208cbe6ddbd0eeedf4f95c68be59cb73a900307fb6c30
attn_post_norm-15	15	1	1024x1x1x1	4096	pos1/attn_post_norm-15.f32	86b4da8da18b2dcaef5d3fcae4bf68e289a9e3046fe1bb2134dade87b0cafd7e
ffn_out-15	15	1	1024x1x1x1	4096	pos1/ffn_out-15.f32	c03c854f4dab28fcd1310447cf846b678908c755a059c58491e959e4ad8296f1
l_out-15	15	1	1024x1x1x1	4096	pos1/l_out-15.f32	45faea15e7ae94ffec8a19f83065b1aedded20f8b3daed405d5b0dfaa2d76079
attn_norm-16	16	1	1024x1x1x1	4096	pos1/attn_norm-16.f32	d3e77088c48b39cce689b3859cd4bb6cbdd5a2fb11d2d5b070116845e1a958e4
conv_output_silu-16	16	1	6144x1x1x1	24576	pos1/conv_output_silu-16.f32	77e831bb246a0ea4bf6abb6c5981289768b4839e6325ada800da29b392c2d2d5
q_conv_predelta-16	16	1	128x16x1x1	8192	pos1/q_conv_predelta-16.f32	4366bffc4ef7ea0ea51f47346e12514c3227e1c8f7caa0ca4c1fa707ed1a000e
k_conv_predelta-16	16	1	128x16x1x1	8192	pos1/k_conv_predelta-16.f32	c93b802a1ae9ebbbdfdd1fcfa73fcd777f537a0a993cc2bd690561ff50563fe9
v_conv_predelta-16	16	1	128x16x1x1	8192	pos1/v_conv_predelta-16.f32	83ff26f29a5b832c24cadfba9f723466a4458c1e4cf25287ffef9904ee3c833a
a_softplus-16	16	1	16x1x1x1	64	pos1/a_softplus-16.f32	f4e2c905a05047145a62c73bd0116aafdf8cd76465533a960b61d2c3df304a7e
gate-16	16	1	16x1x1x1	64	pos1/gate-16.f32	26f19cf100cdf15df6623389119cf29c7232feffb46d3076d9236a9eab1aa380
beta_sigmoid-16	16	1	1x16x1x1	64	pos1/beta_sigmoid-16.f32	c5efe98c41d0538bba875fe60a50178943bb4a1ffccbee5350eba1d7f765c049
state_predelta-16	16	1	128x128x16x1	1048576	pos1/state_predelta-16.f32	520db1cc220f737444e335ab5980bfb92c560d894535ad14940faba2a7605e46
new_state-16	16	1	128x128x16x1	1048576	pos1/new_state-16.f32	9b5a103722b9e1462e20086f9a1752b9f9e75fc261c8c039aa29838964f34bc3
attn_output-16	16	1	128x16x1x1	8192	pos1/attn_output-16.f32	7bc25ae85b3cdf3e2c69495930f2d3d17517fda98b56407daf5f307add5028d5
z-16	16	1	2048x1x1x1	8192	pos1/z-16.f32	a9ef996c112bd30d9247c17e16ec44944894a26cc7896bd438e37a6d212910a3
final_output-16	16	1	2048x1x1x1	8192	pos1/final_output-16.f32	328924de09dc898c1b1c83d2dadf26db70990a125f07e9f9d92c4380e646b495
linear_attn_out-16	16	1	1024x1x1x1	4096	pos1/linear_attn_out-16.f32	3c02fa76d2fa0b1facab39bb34d09b176c8f7c3c3f7b090cd3a1bb7ef2cd31ba
attn_residual-16	16	1	1024x1x1x1	4096	pos1/attn_residual-16.f32	cccc310f0210909c1e5003ee182485949f6d15abd4d48fd152aa2fbaf734c7c0
attn_post_norm-16	16	1	1024x1x1x1	4096	pos1/attn_post_norm-16.f32	274ca5712e2115c237010f5144f801edcbecf18c61ab70226f36c59fed094066
ffn_out-16	16	1	1024x1x1x1	4096	pos1/ffn_out-16.f32	506d2c10c6e821d5e40a7e9e2420b644c4181d59a34760dec386e38ece3750b9
l_out-16	16	1	1024x1x1x1	4096	pos1/l_out-16.f32	30acfcceef32901a5e02c36ee8702edeeb8e5f994fbc19a4c3478874611687ac
attn_norm-17	17	1	1024x1x1x1	4096	pos1/attn_norm-17.f32	3c0b4b483c3a087b44b5a58c61794d6d30fba9aa5af645e8cfb15e1004fa5334
conv_output_silu-17	17	1	6144x1x1x1	24576	pos1/conv_output_silu-17.f32	8373efeff09f5171294e936188a584893c5587be865f4fbe2f34485db56c49c2
q_conv_predelta-17	17	1	128x16x1x1	8192	pos1/q_conv_predelta-17.f32	fd8387ea48f3d5e7085953a5e40ba8e513b68b88948ed4077db204e70404c25c
k_conv_predelta-17	17	1	128x16x1x1	8192	pos1/k_conv_predelta-17.f32	1b3cce263a805992e0809a0ef56e95ff8b63fc8f1fa8d9e885eed60bbbecf298
v_conv_predelta-17	17	1	128x16x1x1	8192	pos1/v_conv_predelta-17.f32	eac6c41374de00ab1bca5a71a228ce513d9ba633f1567134b780ac17a11c27d9
a_softplus-17	17	1	16x1x1x1	64	pos1/a_softplus-17.f32	4cd56b28a8c6feed670eb7dcc68f62921d82b6e4dae233bce1ebf7e61cc573c8
gate-17	17	1	16x1x1x1	64	pos1/gate-17.f32	7f004354a331ee281a23fee074b45bbd604a8780e56106846b596fba97c6de6b
beta_sigmoid-17	17	1	1x16x1x1	64	pos1/beta_sigmoid-17.f32	8ebfad4702e9d8b0432aef3d7e18ebb34ce4ab067d4819aa8708d01fa632168e
state_predelta-17	17	1	128x128x16x1	1048576	pos1/state_predelta-17.f32	e575ee27169e042289d5709df7d67c8b26f0114955d46c25692a836a9ab19841
new_state-17	17	1	128x128x16x1	1048576	pos1/new_state-17.f32	316a037048cee40f9b0248683bd35bf5403b4e819f9e8651852a8dc50683439f
attn_output-17	17	1	128x16x1x1	8192	pos1/attn_output-17.f32	9fc0236f807f4268f1073c1d7ddf88995768ad519a04cdc3ece840fefbd4eba1
z-17	17	1	2048x1x1x1	8192	pos1/z-17.f32	86e9a8545000167eb4f2c1732108372bb6042c2dd7494c458670ba1b1c3c773d
final_output-17	17	1	2048x1x1x1	8192	pos1/final_output-17.f32	7cd3a18543eb8212e82f58f4879e3b0b6a1b628a238e9f7efb4a0305d45d0ba0
linear_attn_out-17	17	1	1024x1x1x1	4096	pos1/linear_attn_out-17.f32	38173ac021a06eb4aef451b966c052b613caf018dc13e297b9ac597e1bfd75db
attn_residual-17	17	1	1024x1x1x1	4096	pos1/attn_residual-17.f32	2e06970f516d4b41cf19bc5088e36eb0940e227f8983be950d16336d03681cd3
attn_post_norm-17	17	1	1024x1x1x1	4096	pos1/attn_post_norm-17.f32	f6092ded1a8a23aa51b15ed3950671a5febd8f859e1902642e0a49aa56b8510b
ffn_out-17	17	1	1024x1x1x1	4096	pos1/ffn_out-17.f32	00466fd3bda1030016f0c85ea78c48763890e6c02d198b462fa8e24b8c0eaba3
l_out-17	17	1	1024x1x1x1	4096	pos1/l_out-17.f32	9ca99271e175ac7ac9b56130173b7ff21a3f1fde497c04a37f8f362969b6f302
attn_norm-18	18	1	1024x1x1x1	4096	pos1/attn_norm-18.f32	085e7160f6e1e11f6569937ab10f0be9187bb33f62c68b2f677591348d34c146
conv_output_silu-18	18	1	6144x1x1x1	24576	pos1/conv_output_silu-18.f32	8bd3b87d9bf651f6745c8727019e7e49daaaac659d0b5b58e0ef7c1020c844e0
q_conv_predelta-18	18	1	128x16x1x1	8192	pos1/q_conv_predelta-18.f32	39ca03f622c3e16b55595cf7cc7421173ab56e017161517191f19e51efaacb8b
k_conv_predelta-18	18	1	128x16x1x1	8192	pos1/k_conv_predelta-18.f32	8336e21336fbe04dd09abf053caa0414f02b07776113a50cbea92af5acf4cd94
v_conv_predelta-18	18	1	128x16x1x1	8192	pos1/v_conv_predelta-18.f32	ea9fa8ab1fbe7f9a31daad333726f640b05205a9d213ad9a8cc12dd3ac95d195
a_softplus-18	18	1	16x1x1x1	64	pos1/a_softplus-18.f32	d0f3529c6b7324e7f2bbed2df20353cdbbb7c8fb6111861eca548660042b65ff
gate-18	18	1	16x1x1x1	64	pos1/gate-18.f32	dba07251cd352f92495e699b265121f5124e9b02f62936d44b6f9277a950eb41
beta_sigmoid-18	18	1	1x16x1x1	64	pos1/beta_sigmoid-18.f32	41e43b25264107cdd22f6070d1f342cd8fe16c99cf21099ae6446b02f642c9a1
state_predelta-18	18	1	128x128x16x1	1048576	pos1/state_predelta-18.f32	83a87823c47a85837b73b492154afecb9940a9703e7920a6af661cd3f22fc1fe
new_state-18	18	1	128x128x16x1	1048576	pos1/new_state-18.f32	28e286db54b80ba2259b9914838eb448150312b086bd7ea8eecfa11b42f71bc9
attn_output-18	18	1	128x16x1x1	8192	pos1/attn_output-18.f32	0665023d73b2b1137e64dd5b6814d51218052faaeb8e6d456d08c159bcd33b7f
z-18	18	1	2048x1x1x1	8192	pos1/z-18.f32	9e3ae90a9592031e6f6b50b027cdf30e957f688e03e6281cdccd6f0d64417b27
final_output-18	18	1	2048x1x1x1	8192	pos1/final_output-18.f32	82b766f930afce7164195220e83027eb6848a56b961c887122bd07809a181f0d
linear_attn_out-18	18	1	1024x1x1x1	4096	pos1/linear_attn_out-18.f32	e547bd16de6d230078717c70fd927991e771c8268a0b541cdc1850a9f44b3d79
attn_residual-18	18	1	1024x1x1x1	4096	pos1/attn_residual-18.f32	d565d2a2388bed425cc6195f4a2b5eff0f448700f4d9395b9de97255ea18285d
attn_post_norm-18	18	1	1024x1x1x1	4096	pos1/attn_post_norm-18.f32	174ed1254fef39b628ae21f0a4d393b2fe7c93378f5709e4a2c37c36af35a095
ffn_out-18	18	1	1024x1x1x1	4096	pos1/ffn_out-18.f32	836236f6820717ec281a1475ae3bfd0a0ea397bada31b2d6f4854c3daf4eea24
l_out-18	18	1	1024x1x1x1	4096	pos1/l_out-18.f32	55655c3df8717fc562b69e91776984ae0b615f550b61a8144d95b7afc532c2be
attn_norm-19	19	1	1024x1x1x1	4096	pos1/attn_norm-19.f32	15d10f7ac9a55d6b71d4625d9207f40b9df12d3ddcee2f03e706dbb0ee74825f
attn_pregate-19	19	1	2048x1x1x1	8192	pos1/attn_pregate-19.f32	73d9a0780b148f4083d6311d12c89529195f6f6467f466c7f607668a3760f09e
attn_gated-19	19	1	2048x1x1x1	8192	pos1/attn_gated-19.f32	c484febfe2e8386e84425f7caaa30fcdfc0843c8e4f6dee7f03ea2d5148ae199
attn_output-19	19	1	1024x1x1x1	4096	pos1/attn_output-19.f32	db98fa37f01e9744253b5d8addc34d1358fc08ca88f463f425799b294b913929
attn_residual-19	19	1	1024x1x1x1	4096	pos1/attn_residual-19.f32	4809a2ce86b6db427fe6cba79edf2e535618810acb0e7eacea0d1b455e1d962d
attn_post_norm-19	19	1	1024x1x1x1	4096	pos1/attn_post_norm-19.f32	c0f213e17706b602bd8ed33c59e8fc86c256f442f0389f5e7660cb6c48eda81b
ffn_out-19	19	1	1024x1x1x1	4096	pos1/ffn_out-19.f32	e0922c3219ec549b09fda5ff6e386e58e8523f1b1c753244613be0b115ac6ea6
l_out-19	19	1	1024x1x1x1	4096	pos1/l_out-19.f32	e447322c5004f722119aefd107adc61a6072a0b8c8dedff314ea10797787a108
attn_norm-20	20	1	1024x1x1x1	4096	pos1/attn_norm-20.f32	930d9bf1f4eabf8200a18a66a5e676f514f4c16e66a8c28a504e13139ff21b68
conv_output_silu-20	20	1	6144x1x1x1	24576	pos1/conv_output_silu-20.f32	0b81ad52cfdfd228b80be31fbf1576862e23baa64c320ae96e080fcdbd9ef092
q_conv_predelta-20	20	1	128x16x1x1	8192	pos1/q_conv_predelta-20.f32	d54bc27733d1141d47a30b724036c84a95eaa0f2f7b4e9ab7c94a1a426df862f
k_conv_predelta-20	20	1	128x16x1x1	8192	pos1/k_conv_predelta-20.f32	f35f79cdbe85f9c7746dd6d223bc568961fbedfd217e7cd7476a1b49c8a6b2fe
v_conv_predelta-20	20	1	128x16x1x1	8192	pos1/v_conv_predelta-20.f32	eb25a9aa8ee5aee372b2e1c3a8292801b8d8c3fc0004c39b495370a14945c140
a_softplus-20	20	1	16x1x1x1	64	pos1/a_softplus-20.f32	b1ebcd31b8d18f6e015a6fa18a1a12cb4fc2b38812db066b605aa7bca24ae602
gate-20	20	1	16x1x1x1	64	pos1/gate-20.f32	8e1154b536358b53931d19af8dde3014fba2520ddec9caa14d750af47ad50f30
beta_sigmoid-20	20	1	1x16x1x1	64	pos1/beta_sigmoid-20.f32	f1725f7956da601be6145ff2854c8d5ea2e846c1b9667b305de078115f2ec4c6
state_predelta-20	20	1	128x128x16x1	1048576	pos1/state_predelta-20.f32	121a59e4971059f193a0160857494854e6f8d0063f17cf2acb3ec9788e138b6c
new_state-20	20	1	128x128x16x1	1048576	pos1/new_state-20.f32	64cd90a33b83036f3462e30138f0bf935a9f624ebd429ca96d8f35b1568ddc06
attn_output-20	20	1	128x16x1x1	8192	pos1/attn_output-20.f32	75a3ea2084bc5073fcca31b8fa17bff10dd996359774972c5a2ff4b48b4bb528
z-20	20	1	2048x1x1x1	8192	pos1/z-20.f32	3657c7f27685951f97243cd58a7e725256b847c12025220a5b0419f231dbd5b3
final_output-20	20	1	2048x1x1x1	8192	pos1/final_output-20.f32	44f8cf83fa04bab39e93d002a93a804412de67dee2dd3d95c1eabe98efe7d69e
linear_attn_out-20	20	1	1024x1x1x1	4096	pos1/linear_attn_out-20.f32	38c4e7d612ded7084894505481b42b89699ad3b8a1330f496f9cca7b52c7dd56
attn_residual-20	20	1	1024x1x1x1	4096	pos1/attn_residual-20.f32	789c2c42ce23972d98f34660edf59181e1cacbdb74e03bffeb7698b6e85e92e3
attn_post_norm-20	20	1	1024x1x1x1	4096	pos1/attn_post_norm-20.f32	aa23425ea419af73a38f4516d4eb8b8053ed0d7332da5773e7c84bb23b5c472e
ffn_out-20	20	1	1024x1x1x1	4096	pos1/ffn_out-20.f32	de5314fa25da6cf0f8890cffe750828df6d0446a6dce15f47dec285f8ed767c5
l_out-20	20	1	1024x1x1x1	4096	pos1/l_out-20.f32	127a8f96747168acabbdd602c4b66d10f1bbbb8d0613792344b47e3acd740982
attn_norm-21	21	1	1024x1x1x1	4096	pos1/attn_norm-21.f32	0833a395fa8e509f5333e94d7d6cf779381a231fc0a783d8093612f00bc21024
conv_output_silu-21	21	1	6144x1x1x1	24576	pos1/conv_output_silu-21.f32	57c1be595f9b2245c224c53d8f444dfbb2a4569f12121a36d20c104faf925ec1
q_conv_predelta-21	21	1	128x16x1x1	8192	pos1/q_conv_predelta-21.f32	f2f15fe1f892d6bd7dab3d198954a2f1d6fb2cfb4135350e73ffe1ac95d747ad
k_conv_predelta-21	21	1	128x16x1x1	8192	pos1/k_conv_predelta-21.f32	f4bee1c67c9f1d00e7a5bed64c4ac7676b783a98d51ac2fecf4f50463aece13f
v_conv_predelta-21	21	1	128x16x1x1	8192	pos1/v_conv_predelta-21.f32	45ab5f375dc22c36d717e17daef0e6646010f73c5574576a572207c7c0d1525f
a_softplus-21	21	1	16x1x1x1	64	pos1/a_softplus-21.f32	f26d85dcc481d139eb6543cb74a25963da9e063421d8f87d50d17d74e5263b60
gate-21	21	1	16x1x1x1	64	pos1/gate-21.f32	12e76ad232fbff3cccc1f9e2e9895650d48be2efc6327f8565a26f2901e26c03
beta_sigmoid-21	21	1	1x16x1x1	64	pos1/beta_sigmoid-21.f32	a9f69b008261d8431da7ed71903803ab48eda8bd3def7374c1e10598adba9e40
state_predelta-21	21	1	128x128x16x1	1048576	pos1/state_predelta-21.f32	7e7e4d5a418c38853a9a77f8d7e878fad6014ccbae068d982e0748c12d68cabc
new_state-21	21	1	128x128x16x1	1048576	pos1/new_state-21.f32	abc53437d9cf8f3faa21de3fc9016ccecb97ab6a87dd0e9c3dd0c1ab1a83c04e
attn_output-21	21	1	128x16x1x1	8192	pos1/attn_output-21.f32	58c0eec9382c3c9e3e0b5cd2e3e8f3fadce2ace1653f414c218c1f7724859bb4
z-21	21	1	2048x1x1x1	8192	pos1/z-21.f32	784109a4316917ac709efd4adce45de27d73542fde509172d5d8b34c42b154c3
final_output-21	21	1	2048x1x1x1	8192	pos1/final_output-21.f32	9459e720519775eeee3f6aa1656ae9a215d1496179c7d47773932c898bba85f6
linear_attn_out-21	21	1	1024x1x1x1	4096	pos1/linear_attn_out-21.f32	29a31246b64b5307ec2fed7004aa20ee74da96c81d271e43283d5a5b11e30f23
attn_residual-21	21	1	1024x1x1x1	4096	pos1/attn_residual-21.f32	3ac1464a6bc0a34c40877999184b2c4578e4bc5708458dd8a5165ed0923f8ee4
attn_post_norm-21	21	1	1024x1x1x1	4096	pos1/attn_post_norm-21.f32	66d3c6f1639b509318cd544fa925bbcde5232dd46ed00c83e4df6a27081001f7
ffn_out-21	21	1	1024x1x1x1	4096	pos1/ffn_out-21.f32	9e040c5efef7268b5fae263b544bb36451f183a282bd3f0cff323e5ab2aac563
l_out-21	21	1	1024x1x1x1	4096	pos1/l_out-21.f32	265420a68ce124d915294b15a54b8539016903fdf331163355007b3a12f636a9
attn_norm-22	22	1	1024x1x1x1	4096	pos1/attn_norm-22.f32	2f1a9884432afc747a9ba1c8e9a5589624e5c742be4ad21c42ca5508e5dc6221
conv_output_silu-22	22	1	6144x1x1x1	24576	pos1/conv_output_silu-22.f32	e5315c21b79d178f87be6cf893d1ad01810dabdd7afff1691061a7d2e72e1d1e
q_conv_predelta-22	22	1	128x16x1x1	8192	pos1/q_conv_predelta-22.f32	0f3229916dfe9424f4c63cb0125f803e6b1cb93bb01d5ad481d4904bb04e2e3a
k_conv_predelta-22	22	1	128x16x1x1	8192	pos1/k_conv_predelta-22.f32	cd3934bd8f575101f8b7b52aa4cf6387a80c0c3304f745c0d97ba1fb3d0eca1a
v_conv_predelta-22	22	1	128x16x1x1	8192	pos1/v_conv_predelta-22.f32	95d2acd3d6866df18639ad1190134f5adf7b9f14f0f24195ff847ca12f09a8b0
a_softplus-22	22	1	16x1x1x1	64	pos1/a_softplus-22.f32	486d94b453b261331c84ceeb46527a40be59a0c9f386092f8cf6ad58185afa21
gate-22	22	1	16x1x1x1	64	pos1/gate-22.f32	f8a7ad1cc551162717e0ce49f0b9e0ecb851bcad130f862c55bbfe140b78bb45
beta_sigmoid-22	22	1	1x16x1x1	64	pos1/beta_sigmoid-22.f32	086f0641245b1c1c46018688313372537424315892ef449e93c382c457076267
state_predelta-22	22	1	128x128x16x1	1048576	pos1/state_predelta-22.f32	caaea23d3f9ed157213a027cdca0245dd03ab41a8cfb6a354ed72312ef249443
new_state-22	22	1	128x128x16x1	1048576	pos1/new_state-22.f32	dbe750c3edf371d4163fd3461e8bc657c11e340e7708c33289097bcde7c70267
attn_output-22	22	1	128x16x1x1	8192	pos1/attn_output-22.f32	1bb54de1a8b11375a1b6d287be7b9ca8ee0d4171836af24a2b6be7630a1c261e
z-22	22	1	2048x1x1x1	8192	pos1/z-22.f32	c3201cf7d87889f774b51d5663054aa0296e2aef3ca38c2d30bf59a8f5e5e595
final_output-22	22	1	2048x1x1x1	8192	pos1/final_output-22.f32	f74d1a62450c1a1c75584c5df3ed59bfb1ed43cac4d180671b8660aafa5c37cd
linear_attn_out-22	22	1	1024x1x1x1	4096	pos1/linear_attn_out-22.f32	35b56227e74aa5b0e366f2a2334c109d0ac735cdb20d4e020c06d009ebbf6a99
attn_residual-22	22	1	1024x1x1x1	4096	pos1/attn_residual-22.f32	e8fb9426892a03acaa980920e86715946d1cf190649dbec51af2f951a5b6ea8b
attn_post_norm-22	22	1	1024x1x1x1	4096	pos1/attn_post_norm-22.f32	5cadd11484eceb5893903467b136ca80d70ddfd2313cb36f9486354b05adcf94
ffn_out-22	22	1	1024x1x1x1	4096	pos1/ffn_out-22.f32	e3e89ed97cd95d676b7b63f3dda6d1224dcfe16350c54a8c563d76fb9e24c2a0
l_out-22	22	1	1024x1x1x1	4096	pos1/l_out-22.f32	0a9775a6df4628952eceb93e2c46ca52330b1b44a89795cf27b7acc1aede6e73
attn_norm-23	23	1	1024x1x1x1	4096	pos1/attn_norm-23.f32	92efc8d2cbdad120cff6f96bc7e8ecc2d9eb4d3a25c939a048aa58e670040bb9
attn_pregate-23	23	1	2048x1x1x1	8192	pos1/attn_pregate-23.f32	a194b4d437905df3d3264758a3160bfe70588612f27e2448ffc1f60fe1008bdf
attn_gated-23	23	1	2048x1x1x1	8192	pos1/attn_gated-23.f32	120afb5f193aa1b7c89c8fe0fe6dbcc7545cc87ff2ca38e0c4b6c457410768b9
attn_output-23	23	1	1024x1x1x1	4096	pos1/attn_output-23.f32	3f8fba15f5b22181565e75939a1274538bcfb75559b2e0ae2cbba3be913f0a31
attn_residual-23	23	1	1024x1x1x1	4096	pos1/attn_residual-23.f32	927edd33a7a21a37bed37e5d0480559e46d89aeb4920701869d803f02b48c99b
attn_post_norm-23	23	1	1024x1x1x1	4096	pos1/attn_post_norm-23.f32	ebf002243b2a15828c978fbeba927fcbb47dc5daee0826916d8f6013c8dc2f22
ffn_out-23	23	1	1024x1x1x1	4096	pos1/ffn_out-23.f32	e1e42917f2bd5bed090db2aab2ea9efd6eb85ab7de7db4746b454c915a1b0d50
l_out-23	23	1	1024x1x1x1	4096	pos1/l_out-23.f32	3f4bb14c4fc6a058473625e0afd6f38da6237c0d0d888b2f69acecddbf65d5d4
result_norm	-1	1	1024x1x1x1	4096	pos1/result_norm.f32	0cc6dca706e346ffdf9b4142215f480a97df166c0e1c532f296b14ce946e6438
result_output	-1	1	248320x1x1x1	993280	pos1/result_output.f32	5059f514060604edb191eac2bb8b41a5354e3c1a8b14f1159ed8fbcac95ca7fc
model.input_embed	-1	2	1024x1x1x1	4096	pos2/model.input_embed.f32	22ba0638f8f48fed37cbac68b016766320ff53ab3bc682d8402bff200162b931
attn_norm-0	0	2	1024x1x1x1	4096	pos2/attn_norm-0.f32	6777ef978843ec18377a6bc4ba0759c69bca776d2f73cebd25ad60bf8be09657
conv_output_silu-0	0	2	6144x1x1x1	24576	pos2/conv_output_silu-0.f32	6776dd98f51b9fb075113a2d84906e7cb5e3ada43197b4e052c53557da2a14fb
q_conv_predelta-0	0	2	128x16x1x1	8192	pos2/q_conv_predelta-0.f32	dc02d0fb72d246ec9d8ece1bb81d792039600f669cfe94f5d697973f105f64fc
k_conv_predelta-0	0	2	128x16x1x1	8192	pos2/k_conv_predelta-0.f32	bd96b7216c98fd30605fbea400086ff7d287e321ee0a1c7334a8773f8f9d8d0c
v_conv_predelta-0	0	2	128x16x1x1	8192	pos2/v_conv_predelta-0.f32	a0f126f707e87fbb9708edbad92d699962434d6e14160515e3bf607500d0bf7f
a_softplus-0	0	2	16x1x1x1	64	pos2/a_softplus-0.f32	8dba96c656ba5a8c1402ee8319030a4611c9769948342e435a094ec71d468ed2
gate-0	0	2	16x1x1x1	64	pos2/gate-0.f32	8d28454591f3ec22977db5f8ea0a9e6f07b7b53f8d79db5a8dc36feb1236d8aa
beta_sigmoid-0	0	2	1x16x1x1	64	pos2/beta_sigmoid-0.f32	ac40c1e112443aaccfa4f99597b50f9a2309c4e7facae5064880d637e2a3c9d3
state_predelta-0	0	2	128x128x16x1	1048576	pos2/state_predelta-0.f32	1d0911c6edad66431890d5a3860bfd014d99d05cb1d362504f1a252a5a9a3b08
new_state-0	0	2	128x128x16x1	1048576	pos2/new_state-0.f32	e3a7803ee20829e87d14c87a3a9ea446f6ed1506843aef23bf1c527d38fc7397
attn_output-0	0	2	128x16x1x1	8192	pos2/attn_output-0.f32	2287931bc87cc8bd87d3a48b55c7cbe83ef32f1bb7943fe647d4007913d9de6a
z-0	0	2	2048x1x1x1	8192	pos2/z-0.f32	aed8bd3476706f1d9e6247b8e3c5473b59f0338969a0ec2912ff6c7a6a7dfcb1
final_output-0	0	2	2048x1x1x1	8192	pos2/final_output-0.f32	85be741b0cee4a8043fc80aa245ee8a10641889e2bc69c5605399f8fedecbd26
linear_attn_out-0	0	2	1024x1x1x1	4096	pos2/linear_attn_out-0.f32	d38035f3743e8237b8843041e7faab92e83b59c7f7ba6b9caeb0b0d2bbd2d54e
attn_residual-0	0	2	1024x1x1x1	4096	pos2/attn_residual-0.f32	109d7952e5b0884e4a7a0b02d6c71bd8be20b20e3a50af0c3d1ec77aa5462a13
attn_post_norm-0	0	2	1024x1x1x1	4096	pos2/attn_post_norm-0.f32	6694e4bc8238259cb7015e24bd47ecb427c9082209623de3af4ef37e54e99eb0
ffn_out-0	0	2	1024x1x1x1	4096	pos2/ffn_out-0.f32	54e205131e80a366f6957aedeed2f0276364791cc0078d7c409f7b1012e943ed
l_out-0	0	2	1024x1x1x1	4096	pos2/l_out-0.f32	7674d3692761581da326d7e20d31c3f9b0247697a77075a33e6074e539c9ee9f
attn_norm-1	1	2	1024x1x1x1	4096	pos2/attn_norm-1.f32	87e5233ffaed333119f59e9c89b11d4fb417b9c32c41e6997ac91d695c36edea
conv_output_silu-1	1	2	6144x1x1x1	24576	pos2/conv_output_silu-1.f32	2bdc503d77b659a233caf3c3302f0cdc17d06a4578d53bf0827f82be0e294120
q_conv_predelta-1	1	2	128x16x1x1	8192	pos2/q_conv_predelta-1.f32	db4de38ae3de836734dd0c9b122eb322ca3f85ac39c7a5c89b63b36c177e1bea
k_conv_predelta-1	1	2	128x16x1x1	8192	pos2/k_conv_predelta-1.f32	cea7bd64b31c47e62d6367db3336389526573807303e21f28ed84ebf752f48b0
v_conv_predelta-1	1	2	128x16x1x1	8192	pos2/v_conv_predelta-1.f32	50977bbbda0b53a6ef55a07e045bd8ece5b87b7789dcabb475b4f3c80d95dee9
a_softplus-1	1	2	16x1x1x1	64	pos2/a_softplus-1.f32	3c227f98f13d6cad17a51f131139922bffdb5f81db016c8342c50d0c0c4a6642
gate-1	1	2	16x1x1x1	64	pos2/gate-1.f32	b9d7fe96d297b86626bd98a935d9a238227b6b1a33bf72b179b813a8a63fad15
beta_sigmoid-1	1	2	1x16x1x1	64	pos2/beta_sigmoid-1.f32	6f56ef80ef512af093a18e305284e3502e487e4a0521c438644061a1dfeee308
state_predelta-1	1	2	128x128x16x1	1048576	pos2/state_predelta-1.f32	c58ed70f5ab09f5ac71dd2787250be5c2a93f27b7068b8c42fcf621ccc6d352e
new_state-1	1	2	128x128x16x1	1048576	pos2/new_state-1.f32	50a650022b6955d8af911cacd143b2b007426c0695e2e8f6165f7d0a8166cded
attn_output-1	1	2	128x16x1x1	8192	pos2/attn_output-1.f32	992c7c12c7ebae512bd3a6db37d7c0f5d138152f285e27e8169df099694e3ff6
z-1	1	2	2048x1x1x1	8192	pos2/z-1.f32	6cf3d7791580f34d64e72b52677bb7ceab17daadb9651af89f3e3320e902f0b3
final_output-1	1	2	2048x1x1x1	8192	pos2/final_output-1.f32	40f23ef72135382b2e062b32edb3d68beea6cb1a8c5f4817ccf5d2a032d4edf7
linear_attn_out-1	1	2	1024x1x1x1	4096	pos2/linear_attn_out-1.f32	9aa34ba0ee34eb3b8d3be20caa9e27d219a1a569961e7f5616bfb4b8604a127f
attn_residual-1	1	2	1024x1x1x1	4096	pos2/attn_residual-1.f32	f7b65f7e3dc50e900772f4d6b79bbac2a5ff72821bd9fff7830d02c4e012015e
attn_post_norm-1	1	2	1024x1x1x1	4096	pos2/attn_post_norm-1.f32	068d301d2055fb5b285aeba36fca45d238f42f34147df6a7dd62627fcb8be461
ffn_out-1	1	2	1024x1x1x1	4096	pos2/ffn_out-1.f32	3b0592df993518df62b3194c1d8c67744f2626197a13617d8bdb8959c10d41bc
l_out-1	1	2	1024x1x1x1	4096	pos2/l_out-1.f32	e0126f6ff56b8708c2929a1e1f144775d0acb6eb45cac203a7e77670d5410211
attn_norm-2	2	2	1024x1x1x1	4096	pos2/attn_norm-2.f32	65e2f3de415692ea5b762bd00c005eec1614413f18e58ae252aea0665db66f13
conv_output_silu-2	2	2	6144x1x1x1	24576	pos2/conv_output_silu-2.f32	48b2474c71bdbdab9c0f2151e9a15b715dbbb4d10ca6d9f18464d7464b2ce035
q_conv_predelta-2	2	2	128x16x1x1	8192	pos2/q_conv_predelta-2.f32	8842404d2242cd800a8c1808a0c82622bcc006d14ced3312c4edab2239fdb833
k_conv_predelta-2	2	2	128x16x1x1	8192	pos2/k_conv_predelta-2.f32	43211204f9134938eabc7996767ec0104e72883da89306b5498f760c3579df3a
v_conv_predelta-2	2	2	128x16x1x1	8192	pos2/v_conv_predelta-2.f32	edb775d0b965564e2a13af416dcf7e55b4cd6fa613ce431d99f479ae9d3b3e49
a_softplus-2	2	2	16x1x1x1	64	pos2/a_softplus-2.f32	ecce477385418deb000dbbad577dff8e825518661d3b117130472ef4bf03eb10
gate-2	2	2	16x1x1x1	64	pos2/gate-2.f32	41483c5fe2f63864b6dda78d494741670df86a203aea7362e132652fe61bf197
beta_sigmoid-2	2	2	1x16x1x1	64	pos2/beta_sigmoid-2.f32	1266fa858dbe4eec087edcb56d37ca5e5c4044e2eac1aaaa09ab767335b9a164
state_predelta-2	2	2	128x128x16x1	1048576	pos2/state_predelta-2.f32	6790a41424b5791ff16faf6167a4de95a98c8ad012a24de3081b1e5c3d782817
new_state-2	2	2	128x128x16x1	1048576	pos2/new_state-2.f32	bb171d5a7ca9da9723ec430800bd4d8c811fe1a0d261e47b6e96af95f5496e15
attn_output-2	2	2	128x16x1x1	8192	pos2/attn_output-2.f32	d225ed8548bba0dd7e588adcc36929496736f9e90d61c2f700387959bfa3a072
z-2	2	2	2048x1x1x1	8192	pos2/z-2.f32	ded3e6b2b9a47b5758f08111b4477864775ba0cd0b3b5daa2ada52410ad39319
final_output-2	2	2	2048x1x1x1	8192	pos2/final_output-2.f32	4dad93ba4959cba5125a18c25e1fef29d5e724b4e92e5f48efa7909a2bbd22fc
linear_attn_out-2	2	2	1024x1x1x1	4096	pos2/linear_attn_out-2.f32	36daeacc208ee644019b9dfd4bffa5926529700b60fb169f501fd7444dfdb88f
attn_residual-2	2	2	1024x1x1x1	4096	pos2/attn_residual-2.f32	b8bc2b0ab4286cf2a0259ef166842552912d2e112e9c7a9043753ea5af914ac5
attn_post_norm-2	2	2	1024x1x1x1	4096	pos2/attn_post_norm-2.f32	bcc17f837a1eaf795af82c65b75429ab670cd2563e1a94f84a6f84b36447833d
ffn_out-2	2	2	1024x1x1x1	4096	pos2/ffn_out-2.f32	b8e6f30c53c6ad8349d8e18ee61ac0fb1ad3f60583d4ef0b8690684846167989
l_out-2	2	2	1024x1x1x1	4096	pos2/l_out-2.f32	a398cc4c0e0a800c2899c9e76c151064ba85c99a31fda9f6ef5b0ade415a084e
attn_norm-3	3	2	1024x1x1x1	4096	pos2/attn_norm-3.f32	5360e47d029dc16ac1f247d7415fcb211c7baa25a9a3ae68baeae05d69665ff5
attn_pregate-3	3	2	2048x1x1x1	8192	pos2/attn_pregate-3.f32	6a46bca1862f01e3b32735a14f2891b06622fd5b09c626b5e61dfd88983bb8a2
attn_gated-3	3	2	2048x1x1x1	8192	pos2/attn_gated-3.f32	78c34f7ef393c8303aff6506807961d1cb172533ded5ab490321825341924153
attn_output-3	3	2	1024x1x1x1	4096	pos2/attn_output-3.f32	641278cdfc79eba8f37ac6d74167789e1d1829e112fc5b5bbdfc00bfea927f0b
attn_residual-3	3	2	1024x1x1x1	4096	pos2/attn_residual-3.f32	38cd9d1cad2ac7fb173463d338ca6e143279b6ea327026a243f0cc0ebee0d0dd
attn_post_norm-3	3	2	1024x1x1x1	4096	pos2/attn_post_norm-3.f32	8350d37868f00182954ff5265d004a163d45275f303a07a3315c5dfcbe431cee
ffn_out-3	3	2	1024x1x1x1	4096	pos2/ffn_out-3.f32	521f1223eae8a07bd6e46a1d2e19c21a9d63f31fea02892caca3e7c9b7fed2a0
l_out-3	3	2	1024x1x1x1	4096	pos2/l_out-3.f32	38fc54faaa3b68ea5b4c05db78cc3239655cd88e842349c1d1134189f58e1d8a
attn_norm-4	4	2	1024x1x1x1	4096	pos2/attn_norm-4.f32	77f49d8091767f324deeb4cc70dba76f9f178f6f1c3456b7a6ce03bbafbee934
conv_output_silu-4	4	2	6144x1x1x1	24576	pos2/conv_output_silu-4.f32	72fdc9e93c49b8eb778b2e5b5b4a215fb20e124d7f2aa97b8c467169e50bcffa
q_conv_predelta-4	4	2	128x16x1x1	8192	pos2/q_conv_predelta-4.f32	4ccdaa0a679c07b8a26310e7417089d5dbcfcb4636a522e6224948107401dc16
k_conv_predelta-4	4	2	128x16x1x1	8192	pos2/k_conv_predelta-4.f32	dee0045f7fc53fa571c823d1862dfd9f6f29ab3a94fb55a2c4613bfde5c0b7a3
v_conv_predelta-4	4	2	128x16x1x1	8192	pos2/v_conv_predelta-4.f32	5beec4150b1200b0c2e3a2b38c734247dd9ffe7227a522824fc17524f6fe024a
a_softplus-4	4	2	16x1x1x1	64	pos2/a_softplus-4.f32	a18b884caeb459c792f7f148f016573ba84111a135a60f9ac2169c43ee90ce72
gate-4	4	2	16x1x1x1	64	pos2/gate-4.f32	d9c95aedaca7277de71bf74395b3439178cd9e089aadcaef4886adaacf1d722c
beta_sigmoid-4	4	2	1x16x1x1	64	pos2/beta_sigmoid-4.f32	185f5e21edb2d21da29de07132c412779345bafad74e7a5c96c7701f937943c5
state_predelta-4	4	2	128x128x16x1	1048576	pos2/state_predelta-4.f32	d859314effc3a03c54e703d2e8fe50bab752fa06768a59ec00074c7b00e7ecec
new_state-4	4	2	128x128x16x1	1048576	pos2/new_state-4.f32	88dedfe2ed4c10d412e172337b5e217e06f012021970eac105e2944a0e3320a6
attn_output-4	4	2	128x16x1x1	8192	pos2/attn_output-4.f32	ad110570f1ee8f66d2c6ba4eeff7d86d1f7f528c9f52547a860ee3406ede64ba
z-4	4	2	2048x1x1x1	8192	pos2/z-4.f32	c4e29a0fc8770aa360abd51073f0425dcfcddb23b59b516760dc0dfd679803a2
final_output-4	4	2	2048x1x1x1	8192	pos2/final_output-4.f32	2f74d9a5a512cab1d0c6bb037611bef3b1586fcaf5976fb2c0d684af29a05cc8
linear_attn_out-4	4	2	1024x1x1x1	4096	pos2/linear_attn_out-4.f32	424fbc12725d04a224fdd5c1cf04fa3fcd2c92dea206f50c75e4c56d0ad5ffe0
attn_residual-4	4	2	1024x1x1x1	4096	pos2/attn_residual-4.f32	a5b56ab7b01111d3871187b2dd169bc1527132a06d00dbe5ac1b75464323da5f
attn_post_norm-4	4	2	1024x1x1x1	4096	pos2/attn_post_norm-4.f32	9ce950ebd4b13bef5523621d34fdc71604c27087b9cb53ad06efd283d943aa83
ffn_out-4	4	2	1024x1x1x1	4096	pos2/ffn_out-4.f32	57ba10fc95ef80a47cb41601c8ada2e7e1469a0d03ab1d2c8d0fb4df1ea4ee0a
l_out-4	4	2	1024x1x1x1	4096	pos2/l_out-4.f32	67bfd0ee88aa0a9821112d71292b1d271c6fe3cf848a8aa0f323e617b45c7b82
attn_norm-5	5	2	1024x1x1x1	4096	pos2/attn_norm-5.f32	3435f084e9b5639fc8b351a0e5a4d099d8b4781a6390910d06ddd49396265785
conv_output_silu-5	5	2	6144x1x1x1	24576	pos2/conv_output_silu-5.f32	a3d1863778924e298cfea45d0447f63db4bf5a64b8b867dd93381f1fd5ec2d84
q_conv_predelta-5	5	2	128x16x1x1	8192	pos2/q_conv_predelta-5.f32	f5d971d0da9054c03e3f14795fcba87ae1ae13df47c620c79f4a8522423e6bd3
k_conv_predelta-5	5	2	128x16x1x1	8192	pos2/k_conv_predelta-5.f32	4f485f0150b50bf3c19b44597e7f08f24dd01ab0132ed10fc8ea000c917fa257
v_conv_predelta-5	5	2	128x16x1x1	8192	pos2/v_conv_predelta-5.f32	b01dd5aae9cf4044b6b9dc4de267900067442b19b065d617f1685889d1385063
a_softplus-5	5	2	16x1x1x1	64	pos2/a_softplus-5.f32	3caeadaf7f3891c6e5bdcc2c00d49d7ae31adfb25d2feedcd796c10004a6f6cc
gate-5	5	2	16x1x1x1	64	pos2/gate-5.f32	6880eac2a842be359e93c9af373e2ef5fe4f7e26b7d3b19f33e7d88db3767c5c
beta_sigmoid-5	5	2	1x16x1x1	64	pos2/beta_sigmoid-5.f32	551ee401f3354e84ab04df60dcedac28a4f4246021ea0b0c36b04fa1839e01d8
state_predelta-5	5	2	128x128x16x1	1048576	pos2/state_predelta-5.f32	1f6055397e472e7f10b99e306e37d6cd8e7189ea057ab1f7f391e009a8ba2977
new_state-5	5	2	128x128x16x1	1048576	pos2/new_state-5.f32	eb2c09fdbbb615fba344bed4c7a43771618dc61c3ee6b3d2f1c5048628733125
attn_output-5	5	2	128x16x1x1	8192	pos2/attn_output-5.f32	dd27e745bec1c5c734357f2cc2b13272fbe44f62067e7d144f8014c4fdc9aece
z-5	5	2	2048x1x1x1	8192	pos2/z-5.f32	43258f9c833637c4bff978378664ca8142f1218afda1d63bf11bee9576652049
final_output-5	5	2	2048x1x1x1	8192	pos2/final_output-5.f32	95ae5edc85e053d7728325d89bb7dda722f9afc0aad1376e558fef3f41999a5a
linear_attn_out-5	5	2	1024x1x1x1	4096	pos2/linear_attn_out-5.f32	2dcc79523c890188cfc58406e084199eadfbd1b5b487b01ec9227263c745e383
attn_residual-5	5	2	1024x1x1x1	4096	pos2/attn_residual-5.f32	0a495154bb230f1a9ca29982d4dcd458f1bdc1ecae51f350272b36c752d69cc8
attn_post_norm-5	5	2	1024x1x1x1	4096	pos2/attn_post_norm-5.f32	ab0aeafa100ca4ee58272c05fc0b5c8cac82d78b4d6a51e52fb4bd910bc77f78
ffn_out-5	5	2	1024x1x1x1	4096	pos2/ffn_out-5.f32	871276a53d80a2610b9686c0fe01b79c362361c4a4b10b256c42a105bf157e88
l_out-5	5	2	1024x1x1x1	4096	pos2/l_out-5.f32	e9f1f5c015e083f7dbda4203cc956f06b4907c83814b19f356d4e7521eee6809
attn_norm-6	6	2	1024x1x1x1	4096	pos2/attn_norm-6.f32	58210902547b4bb5452ce044af4a1e54c748c0d895e25be3d299ecfcdd49926a
conv_output_silu-6	6	2	6144x1x1x1	24576	pos2/conv_output_silu-6.f32	b44592c902b28415e3a7a642d4582d70c5ef3a65d26d05672d48e716b3e46c6d
q_conv_predelta-6	6	2	128x16x1x1	8192	pos2/q_conv_predelta-6.f32	df21b05cd1e26f1bacc8edb4a8e560418a289a4b94480dbcbcad6b79f3edc463
k_conv_predelta-6	6	2	128x16x1x1	8192	pos2/k_conv_predelta-6.f32	ec6e80b44159e7d0eca9bf104f5f86f0d4fcf1df9e3915b202312670a72a92e5
v_conv_predelta-6	6	2	128x16x1x1	8192	pos2/v_conv_predelta-6.f32	e77319e5b7aaa09ab052928abe2b6f18b5cfa76e95943eacaf45a2f887bb37fb
a_softplus-6	6	2	16x1x1x1	64	pos2/a_softplus-6.f32	8c1adde082944a4be77ab9ebea37bb34e6e8cc6b95da48c0b314f5c711a7a142
gate-6	6	2	16x1x1x1	64	pos2/gate-6.f32	4a14bd3e885d97373327aaedf04206dcb86a18e7391cd863307076bb830241f5
beta_sigmoid-6	6	2	1x16x1x1	64	pos2/beta_sigmoid-6.f32	e2370c199cf5f6a60e9ed10ed2c98f08375155444f38e7184f879397075b25d1
state_predelta-6	6	2	128x128x16x1	1048576	pos2/state_predelta-6.f32	315ac51ad840b300db4b9db4bd58c5e51cf61f08eb9a9bf075b7f006a1689d40
new_state-6	6	2	128x128x16x1	1048576	pos2/new_state-6.f32	806fbc0d0bbbdf17ffead57149c1bad0024a41ed914827d1cf4e545f4d1e99c9
attn_output-6	6	2	128x16x1x1	8192	pos2/attn_output-6.f32	e426ae7c0619571255958c4399bf2d1a374f706f7b6aafb142b5b8addc297560
z-6	6	2	2048x1x1x1	8192	pos2/z-6.f32	7737edddac6c2cc09aa85433985cf98317979fa23e3512d8c1eed707a11833fc
final_output-6	6	2	2048x1x1x1	8192	pos2/final_output-6.f32	139e0123ec1dd34e197b1356392955c14ce265887ae3bd77c26704234787f8f2
linear_attn_out-6	6	2	1024x1x1x1	4096	pos2/linear_attn_out-6.f32	cb720ead01e25719bbc61e52d0635ce0feee9fa4e9f29e5c550b6b4f4ad99281
attn_residual-6	6	2	1024x1x1x1	4096	pos2/attn_residual-6.f32	4145e81919583298a9e3b75d5dfb3e08cdf9e42d5bc86bdda670126b747395d2
attn_post_norm-6	6	2	1024x1x1x1	4096	pos2/attn_post_norm-6.f32	1c6e5b5e26d786616d36c92e74c490fdadf62b7a123410241f3bf9b56300ee81
ffn_out-6	6	2	1024x1x1x1	4096	pos2/ffn_out-6.f32	5517ff930068027d6104358594525253f949d5ba736e90cf8710627b92599664
l_out-6	6	2	1024x1x1x1	4096	pos2/l_out-6.f32	97fae826f9590cd565adb2aa119559b5aae9b3d47c3e417ece616c6a1e1422d3
attn_norm-7	7	2	1024x1x1x1	4096	pos2/attn_norm-7.f32	1c3e81486048bee97269bafab030524c832e7b6d6cc0995b9a2dcf7139354534
attn_pregate-7	7	2	2048x1x1x1	8192	pos2/attn_pregate-7.f32	9707ccfcfad556b0ad075166f2dd43a8ff66f4ca56429770c0090da26bb24d43
attn_gated-7	7	2	2048x1x1x1	8192	pos2/attn_gated-7.f32	05898f9d34a4db91e21b963ea90ae2800ac257e5f2e3efe36a43ae0351bac5e0
attn_output-7	7	2	1024x1x1x1	4096	pos2/attn_output-7.f32	c0dffb9d9c5ff29bc50a0d209ea33f2d9a91b3308d07ae614e68afb9c60611cc
attn_residual-7	7	2	1024x1x1x1	4096	pos2/attn_residual-7.f32	17246da8ec8afebbd90313e3d02005f2ec7f0b578ced435707fdd9f0fa8ffcad
attn_post_norm-7	7	2	1024x1x1x1	4096	pos2/attn_post_norm-7.f32	c1214ab91b69a19c0978e3f671531d660441eee51aeeb454600ecaf02e66e239
ffn_out-7	7	2	1024x1x1x1	4096	pos2/ffn_out-7.f32	1f128441fbb50f7e5df89b7070e4b74b35a8c65d10b9329df6f0138e17f1de6b
l_out-7	7	2	1024x1x1x1	4096	pos2/l_out-7.f32	574386df718c71777cdb795d29153628ba2e7e0a5320c50c36d578639c05f819
attn_norm-8	8	2	1024x1x1x1	4096	pos2/attn_norm-8.f32	b91cacef0bd3a03aafca1499fd46515d900ee957e39afa48d037a38298142f05
conv_output_silu-8	8	2	6144x1x1x1	24576	pos2/conv_output_silu-8.f32	86b0f771b23ff13252e5288fe538d460f732533e9bc5e167f195ac7216f92082
q_conv_predelta-8	8	2	128x16x1x1	8192	pos2/q_conv_predelta-8.f32	e118622243c87721807c31c9ce0dbd75c30ea4f86e8f00f959245435e4c74470
k_conv_predelta-8	8	2	128x16x1x1	8192	pos2/k_conv_predelta-8.f32	bdeb796123d0efede82f9468fcb5150561514e4a74473b70487ad3e4ae3088b3
v_conv_predelta-8	8	2	128x16x1x1	8192	pos2/v_conv_predelta-8.f32	29125fd8709b6124b7a299be3065a28e4fd68a329b329025299596797c033ad8
a_softplus-8	8	2	16x1x1x1	64	pos2/a_softplus-8.f32	c9df93172c7a04b711456bed58b95198e85dfb5e05527cf2d6c31428fda08ea6
gate-8	8	2	16x1x1x1	64	pos2/gate-8.f32	110b15971078cce45a0cb99c0cac5575c7137658a740ae75633596e25b46a72f
beta_sigmoid-8	8	2	1x16x1x1	64	pos2/beta_sigmoid-8.f32	f0edd5dc7cb34e95320cfe490ecf650246525ce468cbcd0cf6ed23834379a81d
state_predelta-8	8	2	128x128x16x1	1048576	pos2/state_predelta-8.f32	bb76af7fd34bc23ad8a9e25a273a7badc3a2e5e5b6941c3671aedad3bf017125
new_state-8	8	2	128x128x16x1	1048576	pos2/new_state-8.f32	1883440f85d7787c7d45b3782a73e7afce679b4c317148b3483c64b312fa5504
attn_output-8	8	2	128x16x1x1	8192	pos2/attn_output-8.f32	b2dde2a66504499a44e9ee5f21702db573cbe7e10168b67e93c55cbaaae5fd59
z-8	8	2	2048x1x1x1	8192	pos2/z-8.f32	8899e930671debfa3bf3b215438430c8ae3cd228d0797aa618ce83f8830c42e3
final_output-8	8	2	2048x1x1x1	8192	pos2/final_output-8.f32	5ff0560131ff62443fa9f1ff981c10b223bad13e5d0d5954ff49d726bb4f47df
linear_attn_out-8	8	2	1024x1x1x1	4096	pos2/linear_attn_out-8.f32	2711e286ae0384f2e000bcf7729ae5122d0c6f72d5adf4cc2fbbb5629eace401
attn_residual-8	8	2	1024x1x1x1	4096	pos2/attn_residual-8.f32	c46d78324671078688c96fbeb5660750f9f9efcf06b82f34e1593e6646529f2e
attn_post_norm-8	8	2	1024x1x1x1	4096	pos2/attn_post_norm-8.f32	fe4083decb8788dfc458249dee0f3153c745f0081f62c2e849dcff4e914ff1f7
ffn_out-8	8	2	1024x1x1x1	4096	pos2/ffn_out-8.f32	cb20e17501bb7562abca0e15175a82cc9dc37307db0ec468db7211dc2ad50791
l_out-8	8	2	1024x1x1x1	4096	pos2/l_out-8.f32	928c66e76d06a3c848b5845a45fb74b1174ca6bd22aee11f3e72b8a64d6ff225
attn_norm-9	9	2	1024x1x1x1	4096	pos2/attn_norm-9.f32	1d141812459c70310c16506f5f86d7b712d304ca2cdccc13e454db10bd932d23
conv_output_silu-9	9	2	6144x1x1x1	24576	pos2/conv_output_silu-9.f32	063065e2bc39957daec78c8055926242ff39d47fdd68d319743523e3d7081182
q_conv_predelta-9	9	2	128x16x1x1	8192	pos2/q_conv_predelta-9.f32	247fd74d500b55cdb3c6c990904a5af832914ddf0a2fd28987471b9eb3da4f63
k_conv_predelta-9	9	2	128x16x1x1	8192	pos2/k_conv_predelta-9.f32	52300012b35155a40405f87bfe723d92391a2bd927ed4accdfdda8c6188ef4ff
v_conv_predelta-9	9	2	128x16x1x1	8192	pos2/v_conv_predelta-9.f32	084ff17b8b32d8af83a8a16e672a2f6ff04a7f9a5b5fea9ec2450797ecdfda35
a_softplus-9	9	2	16x1x1x1	64	pos2/a_softplus-9.f32	edc0c6a2a39183c5577d809dabbcdaa5b001b40e27e39bca495c4bc621db535d
gate-9	9	2	16x1x1x1	64	pos2/gate-9.f32	bdcc69f3e2d2692a9aa533b64108d2322bce9d3599866493fb2fd304a7fcfabf
beta_sigmoid-9	9	2	1x16x1x1	64	pos2/beta_sigmoid-9.f32	7bf7c99f80701a9a22abde5b15a388f9c2447c3df80e6b808652824b8f477800
state_predelta-9	9	2	128x128x16x1	1048576	pos2/state_predelta-9.f32	5c7888e7d5c9fadbbda222ec14e801895de131db0292262582b3545bd72eec62
new_state-9	9	2	128x128x16x1	1048576	pos2/new_state-9.f32	36bb45445fc1d99f2c03584cd011e3a851c6ada2dcb86d351bdf55fa9d95f3dd
attn_output-9	9	2	128x16x1x1	8192	pos2/attn_output-9.f32	93ab7d6ef7b0c8275e10617309f8af80d76203f36f353afbf39566022564784d
z-9	9	2	2048x1x1x1	8192	pos2/z-9.f32	a32273d3c6c9fcef129f85025924a37c263fea1a7f25989729e5f35f4c9935b9
final_output-9	9	2	2048x1x1x1	8192	pos2/final_output-9.f32	0b022b1858cbd145559a2cceaf7d95147272c3b2a96d21cc98c4c40ec3d899d3
linear_attn_out-9	9	2	1024x1x1x1	4096	pos2/linear_attn_out-9.f32	b22c136a38f10d3b5601efee44f5fa32829e2bb2500269ba686a33ebf605a556
attn_residual-9	9	2	1024x1x1x1	4096	pos2/attn_residual-9.f32	e4f4efbd10459cbdf5d1d83b90a52a6724a5c97b4b6ff2de683c8ab655fe7306
attn_post_norm-9	9	2	1024x1x1x1	4096	pos2/attn_post_norm-9.f32	721f680aaf0f7d6fe40d59f9926181fc1d0d827bb90f95e274fe9e144e3f1d5f
ffn_out-9	9	2	1024x1x1x1	4096	pos2/ffn_out-9.f32	533ecd6cde0b61b1945b4478f9892e96b57040f93cd17531bb547fd789b1b30d
l_out-9	9	2	1024x1x1x1	4096	pos2/l_out-9.f32	a8725a8c0dc8eb834c031d37837d9f1678e431bc0c3735c9d039a00d070d31c0
attn_norm-10	10	2	1024x1x1x1	4096	pos2/attn_norm-10.f32	bfa38f21a49f4fc74419fdc618bc64d6e390d792929a66f78fa5aa7867ecb4d1
conv_output_silu-10	10	2	6144x1x1x1	24576	pos2/conv_output_silu-10.f32	b00457d023426ddc6a29d62d59a7b0a8082ec8ef1e8cca4a8c12cba6a07b596c
q_conv_predelta-10	10	2	128x16x1x1	8192	pos2/q_conv_predelta-10.f32	0728003d63ea566c028faf43039da5a79d122ff5c64698dabd02dc483eac84cd
k_conv_predelta-10	10	2	128x16x1x1	8192	pos2/k_conv_predelta-10.f32	a16b63a433e74cdb619d5bb800ae2a968b6857de5563ef6ae685090b67134220
v_conv_predelta-10	10	2	128x16x1x1	8192	pos2/v_conv_predelta-10.f32	9211f0b7b2387571d95c9d4d69c8998335cf0813d4c47f4aad4b46d10f705b23
a_softplus-10	10	2	16x1x1x1	64	pos2/a_softplus-10.f32	1260cb6b91d3bcdc275e6642c2eb25858fd321fb8a56a0492a5cfc2d13579f33
gate-10	10	2	16x1x1x1	64	pos2/gate-10.f32	a6891ba4e7abac0b7535d5cd8d6dcf353802388b4f35637793304022dc9ed17d
beta_sigmoid-10	10	2	1x16x1x1	64	pos2/beta_sigmoid-10.f32	e5245fbfaa5eda378c4cc1ea153afb44b2782578bbbb3ee522ae1bb9cec87f3c
state_predelta-10	10	2	128x128x16x1	1048576	pos2/state_predelta-10.f32	85fc245bb471dc609da895dc24ef651c5850334070ba77e4a8d0550ca728301d
new_state-10	10	2	128x128x16x1	1048576	pos2/new_state-10.f32	143c9fbe23a470522e352bc4c50248b9eb2e86592d980c01c94f9bb46b39c7ae
attn_output-10	10	2	128x16x1x1	8192	pos2/attn_output-10.f32	d78219a434f7c6f264dd6b9c425ffa305f8a3bb21e0eb3d74fb0557928b5a2af
z-10	10	2	2048x1x1x1	8192	pos2/z-10.f32	0118a7e613d7f27ad8418db019ede4fc167de91a485b1e5d7bc0e18cc0fdd509
final_output-10	10	2	2048x1x1x1	8192	pos2/final_output-10.f32	55a60d3db7388fbe8c24c205ff7794c624e00dc41eda52b1b604d5870f49395a
linear_attn_out-10	10	2	1024x1x1x1	4096	pos2/linear_attn_out-10.f32	cd3dcab5db88c343cdfc0ca42824e9d36b82e3c9da6b6c8c845115a9f669fff3
attn_residual-10	10	2	1024x1x1x1	4096	pos2/attn_residual-10.f32	e139455b8cfff3da56994c7e1cc53217a6c9aac8d94fb891a6392b766c648f44
attn_post_norm-10	10	2	1024x1x1x1	4096	pos2/attn_post_norm-10.f32	300caf83b27255bf32b1cc3682dfa8d39f134d75ae7a145a76f7590f9dc6f871
ffn_out-10	10	2	1024x1x1x1	4096	pos2/ffn_out-10.f32	23f8ddcbea12e1dba658e21c6cb4900ef30bf133538317948c20983c526a77c3
l_out-10	10	2	1024x1x1x1	4096	pos2/l_out-10.f32	d158c88ba81069f060621aef0bc6cf541a20c0f78839ca5265a066666a76271a
attn_norm-11	11	2	1024x1x1x1	4096	pos2/attn_norm-11.f32	6a7974e77e6dd04ad6ce8bc71e3ee94fdcb0dd5117bb147ae152d3acfc7de261
attn_pregate-11	11	2	2048x1x1x1	8192	pos2/attn_pregate-11.f32	f25151a4083e453d4aea50765a83221fbade7b6813509c103e406d5eed9966f3
attn_gated-11	11	2	2048x1x1x1	8192	pos2/attn_gated-11.f32	5d1771b422577b362bcaacb64faf2b80cf9f414284734b27a17fa6f7ccdd9e0d
attn_output-11	11	2	1024x1x1x1	4096	pos2/attn_output-11.f32	a4774467e242353c08b63bf86aaecd10ef39800173d9596145a9068315121f2f
attn_residual-11	11	2	1024x1x1x1	4096	pos2/attn_residual-11.f32	afbd24517c97c5201472e6b678133e8f75b529555d84bd71c7f432db8d202002
attn_post_norm-11	11	2	1024x1x1x1	4096	pos2/attn_post_norm-11.f32	85b23e9980945c35a14899978eba6d2f8de98b05d626b3219efb2497822c7ce6
ffn_out-11	11	2	1024x1x1x1	4096	pos2/ffn_out-11.f32	a7d9f619335d2feebddf7d1194615ff507abcaa2b8fa745e77cb33c7f668d6b5
l_out-11	11	2	1024x1x1x1	4096	pos2/l_out-11.f32	42973de5f153ef20c4b1c3c4ebff2b22898d06d8d8ff4e04b3a0f14676a3bb52
attn_norm-12	12	2	1024x1x1x1	4096	pos2/attn_norm-12.f32	76ccc4475107d61aee94cf1d8b9bc77998fcbc465d819c097a98f19843541221
conv_output_silu-12	12	2	6144x1x1x1	24576	pos2/conv_output_silu-12.f32	2cc01567cdbe4a3f6df84076181aafd908d420abad8d4737bf08ed76f5398663
q_conv_predelta-12	12	2	128x16x1x1	8192	pos2/q_conv_predelta-12.f32	477d20bfc66940760e9a0100f70344c5da1a40a1e71a5aaed3f5367862331ecf
k_conv_predelta-12	12	2	128x16x1x1	8192	pos2/k_conv_predelta-12.f32	de153c33dfe73bc7272f498e2f678bec977503ce397359f7d5ef952ffd110a4a
v_conv_predelta-12	12	2	128x16x1x1	8192	pos2/v_conv_predelta-12.f32	91b4145dfa34f1a19bffde334e50b511c8d4bdda8142c561752c824d4ac7a978
a_softplus-12	12	2	16x1x1x1	64	pos2/a_softplus-12.f32	0184c46ca7d448ab3c61b6fda6115ddb41cd9a15c6894644fec5378a39a111ed
gate-12	12	2	16x1x1x1	64	pos2/gate-12.f32	091bd77916205f3fa1b583a51d00c6511a09f79427838814d45266b58907f410
beta_sigmoid-12	12	2	1x16x1x1	64	pos2/beta_sigmoid-12.f32	75cb53e804a41bfbd1ba1709ba38beb52c348a1aded21f044393790909847776
state_predelta-12	12	2	128x128x16x1	1048576	pos2/state_predelta-12.f32	95c140b5523c2c209d829c38f6140846aeafd55dc12f4d9c04ed6181d1402bea
new_state-12	12	2	128x128x16x1	1048576	pos2/new_state-12.f32	d6693739a12709ca592f378856c20ef325de17701d4a72dc5622da100226423b
attn_output-12	12	2	128x16x1x1	8192	pos2/attn_output-12.f32	6412adc7816862dcf835ae2e80248bac63e7fb3190ae6fc1c8aef6ca406de823
z-12	12	2	2048x1x1x1	8192	pos2/z-12.f32	b3307668a8acde43f4397058d8384944436e9a2a48cb1677118febc505f3828c
final_output-12	12	2	2048x1x1x1	8192	pos2/final_output-12.f32	53a2b0fe0f63e8926d24f78a04446dd2ac2fec75481ded6db22a567fc602ac1c
linear_attn_out-12	12	2	1024x1x1x1	4096	pos2/linear_attn_out-12.f32	5d5ea1f703378763396d0466598fda5432825d1ff2a94c3fdae559bef975968c
attn_residual-12	12	2	1024x1x1x1	4096	pos2/attn_residual-12.f32	580730581027999c234879b350c8c4c1b3856508720ecc1d6635f3a05d1d03fb
attn_post_norm-12	12	2	1024x1x1x1	4096	pos2/attn_post_norm-12.f32	e4d4aa444c24eef1f438064cc32135ff82597057f0ebdb1f916594447b598b62
ffn_out-12	12	2	1024x1x1x1	4096	pos2/ffn_out-12.f32	fe233b06fed48696fad4eb760263583e22d562541c5fb2095c9c03655b84db29
l_out-12	12	2	1024x1x1x1	4096	pos2/l_out-12.f32	02639a8cb2cd5b837c97b2515a1680f070f7bfdb640250052dec22b7370bf234
attn_norm-13	13	2	1024x1x1x1	4096	pos2/attn_norm-13.f32	eb706bd0956e5825e5b145f8f83568e2776002582efcd21acde308518ef17b89
conv_output_silu-13	13	2	6144x1x1x1	24576	pos2/conv_output_silu-13.f32	5ae59cb45083c7dd44852e8f630f1330f0740ff4ddf7061642303b6ba160b431
q_conv_predelta-13	13	2	128x16x1x1	8192	pos2/q_conv_predelta-13.f32	9eb72dd1c21a61b108bed4731e705b165e275d853751635ddf2a21706e98a90d
k_conv_predelta-13	13	2	128x16x1x1	8192	pos2/k_conv_predelta-13.f32	696524cd81934e913f08d0577188d26770f9648db180ff081f42a2c11f4561c8
v_conv_predelta-13	13	2	128x16x1x1	8192	pos2/v_conv_predelta-13.f32	62cece07f2eb0cb49fe46e1fc660595d9527407d97b31f4e41ae29d7ab94887f
a_softplus-13	13	2	16x1x1x1	64	pos2/a_softplus-13.f32	3d294db12dacc3df3185a9fb44a402cd7b9d48726b37cc8dec97b0f4b1d88c27
gate-13	13	2	16x1x1x1	64	pos2/gate-13.f32	e89e816deeab91e859fd700072cae27dc659ecbf8a8f309e2669014f981ac77b
beta_sigmoid-13	13	2	1x16x1x1	64	pos2/beta_sigmoid-13.f32	189cd590e27681d2e4d0ae7588937b27b902ef9d3889aa5bb34692f47b6de601
state_predelta-13	13	2	128x128x16x1	1048576	pos2/state_predelta-13.f32	adb93f81a87ae56f48eb685636e213c0aafc936c809c4c40417efb63bef08cdf
new_state-13	13	2	128x128x16x1	1048576	pos2/new_state-13.f32	aad69d969ad32de0729d39162d2f898047dfc7d57162ad0df7072336d9478995
attn_output-13	13	2	128x16x1x1	8192	pos2/attn_output-13.f32	580458aec49aef73235309d496e4d230a189352d665450188d0ad1a25c5cffca
z-13	13	2	2048x1x1x1	8192	pos2/z-13.f32	b1204a622d0da79d1e0c271a63dbaf769fa7773a5758c82d3b8b6f57cc175c36
final_output-13	13	2	2048x1x1x1	8192	pos2/final_output-13.f32	1c66672bfcc11d96dd5b1e97a309d5ce4c74911d47ae430d3135f21fbf933a90
linear_attn_out-13	13	2	1024x1x1x1	4096	pos2/linear_attn_out-13.f32	957845f248fa5c4fa3fc357b63ce03a1c70275e6e4210d1af892401e1073f080
attn_residual-13	13	2	1024x1x1x1	4096	pos2/attn_residual-13.f32	77b3f30e963b2dada364f3b369bb603d72bb78ddc99f92af58a3421fe8b10b1f
attn_post_norm-13	13	2	1024x1x1x1	4096	pos2/attn_post_norm-13.f32	da5ec28315477d036ead98c73993897a4f66350adec3c7b47f7a2da74ade4898
ffn_out-13	13	2	1024x1x1x1	4096	pos2/ffn_out-13.f32	d00584d58c62092c2e2c393b92da5dc5fef376ae5795dab358f19964e6cef77e
l_out-13	13	2	1024x1x1x1	4096	pos2/l_out-13.f32	f00794a4250c07196644cdb3735d34805f3ee9bc96dd9941f433da498cff6f83
attn_norm-14	14	2	1024x1x1x1	4096	pos2/attn_norm-14.f32	5ed7f98091f28460528ef79ddaedcfd52aae6769080b8b751962dc3926577d48
conv_output_silu-14	14	2	6144x1x1x1	24576	pos2/conv_output_silu-14.f32	1b4c27b781165913c0ef1701be29396f23bc08472ab769447f537a30f8e017dd
q_conv_predelta-14	14	2	128x16x1x1	8192	pos2/q_conv_predelta-14.f32	a0fd4a753ce6e8d1a6aaa2116802483fc564266f823fd0cb0a3b16ea96a72a80
k_conv_predelta-14	14	2	128x16x1x1	8192	pos2/k_conv_predelta-14.f32	397675e620ec046f8f4915ba7f08b2c4f45b0b45c18730faff0f89cb7c695ace
v_conv_predelta-14	14	2	128x16x1x1	8192	pos2/v_conv_predelta-14.f32	9557e5b2d32b6ae66b93c339817779b17cb7e016f5400ad37321ba3968b62307
a_softplus-14	14	2	16x1x1x1	64	pos2/a_softplus-14.f32	f8e096a5212808683658037b9a37fb321aa99b8b2416480ee4844e89a466a485
gate-14	14	2	16x1x1x1	64	pos2/gate-14.f32	869dae0a730e68fd300bbe161e3a97474a565117d62e1a54d2f7f3c2ea449b09
beta_sigmoid-14	14	2	1x16x1x1	64	pos2/beta_sigmoid-14.f32	7bf35a27f0a73fb12531445b7bef3adc3bd30333ef2a378ae56f7e4412e83929
state_predelta-14	14	2	128x128x16x1	1048576	pos2/state_predelta-14.f32	80f6077354c35da350c18e8a8e4768438230e6068fcd85d859878b9643d68ac0
new_state-14	14	2	128x128x16x1	1048576	pos2/new_state-14.f32	903c6299eb049deb4728cc233065fa8f355ae3ecd37a80b89e9babdd776d3941
attn_output-14	14	2	128x16x1x1	8192	pos2/attn_output-14.f32	92d8ad6fa138cb5b34c3800f5ed29683b06d03046f4a10d0df1a046b98834259
z-14	14	2	2048x1x1x1	8192	pos2/z-14.f32	8c17ae482bacd06882d4a62c4f8c97b7c16af34007d8e776589c4d8a570084f5
final_output-14	14	2	2048x1x1x1	8192	pos2/final_output-14.f32	d417fd67e3809af641034bd3c27f38d45a55a74a17bd501d3010f2aaa100b9d5
linear_attn_out-14	14	2	1024x1x1x1	4096	pos2/linear_attn_out-14.f32	a1328bee94e8d20b35aa75d088fd48a87dae33a2dc0dbe8ce81635c3590847cb
attn_residual-14	14	2	1024x1x1x1	4096	pos2/attn_residual-14.f32	599d79230fb8019763697da075c25a5125335bd50859dc696fa40536b307fdce
attn_post_norm-14	14	2	1024x1x1x1	4096	pos2/attn_post_norm-14.f32	a975a691ddc37d90ff97d015f5f8e58fe4c86303bdc626e8ad3fac29a26d7e6f
ffn_out-14	14	2	1024x1x1x1	4096	pos2/ffn_out-14.f32	20e61f2cf3c4aeb23a98105fe50d0e5e1fa44e4bcafa7bf2c3be927a4424586a
l_out-14	14	2	1024x1x1x1	4096	pos2/l_out-14.f32	3ead07c752f2c48d711d2fd2c99367193bcb38d6b05f64fc419c9787e50def17
attn_norm-15	15	2	1024x1x1x1	4096	pos2/attn_norm-15.f32	fe8c8ef3efc218a935c12e50ce2cd432f6c30afbb99fa7e1cd97d112e13bb4c0
attn_pregate-15	15	2	2048x1x1x1	8192	pos2/attn_pregate-15.f32	5b90b24c789d095503502d75bb1ca49a63c2eeeaa5e38368f5a2a8aec9bcb648
attn_gated-15	15	2	2048x1x1x1	8192	pos2/attn_gated-15.f32	5c9e7fec171469546c20d782d41080cfae0612a4d258701138d7d661f8e20d1a
attn_output-15	15	2	1024x1x1x1	4096	pos2/attn_output-15.f32	0261fab25c61f871705c9da1e1b6b83e1d748a662cb713acc378ada85b573e4b
attn_residual-15	15	2	1024x1x1x1	4096	pos2/attn_residual-15.f32	cac6c525e2251e81369dd180cdb0f56d11fef0028c190c39b1ea9ec14e15e516
attn_post_norm-15	15	2	1024x1x1x1	4096	pos2/attn_post_norm-15.f32	c4081646837c814c9e1a1f876a73b5bce9105c12cedfd03367b100cc8a0d0ead
ffn_out-15	15	2	1024x1x1x1	4096	pos2/ffn_out-15.f32	6590a4d97dde6c6f3b53a2d0cd91ff7f8e046ef5da819b1d6f301814829b50bb
l_out-15	15	2	1024x1x1x1	4096	pos2/l_out-15.f32	2b3b0deac1489c4a30e1fd25f74c39b06f7af6a715dfbe37c2b268afc35cbe85
attn_norm-16	16	2	1024x1x1x1	4096	pos2/attn_norm-16.f32	7ba9edd0faf8dc04d9d00ecc971f845a19eefd7a7f4c463f4ffe99cc90a42324
conv_output_silu-16	16	2	6144x1x1x1	24576	pos2/conv_output_silu-16.f32	78b816a3eb34973d3ca3a1d5ea4d7dee6c858e51615d9fe5fb57ca16cba90448
q_conv_predelta-16	16	2	128x16x1x1	8192	pos2/q_conv_predelta-16.f32	a60f102be6132cf2c5abaad878c492f6223400b4bdb9de241cb071ba0a3fe1a9
k_conv_predelta-16	16	2	128x16x1x1	8192	pos2/k_conv_predelta-16.f32	9c68a86a4169b561a62de0ec7b435f71c7c4e16decfdd82ad2933454cc14ba97
v_conv_predelta-16	16	2	128x16x1x1	8192	pos2/v_conv_predelta-16.f32	10c6cb9a19548f2a8e730a3e451b0856b0d0625eddac6a8629ec96e14bb29dad
a_softplus-16	16	2	16x1x1x1	64	pos2/a_softplus-16.f32	150a057e95a169601847bb8b8ccd6833cee352eb8f33b62ed34ccf28aab89c73
gate-16	16	2	16x1x1x1	64	pos2/gate-16.f32	d84807785c1d8d426207347ba2ad3ee928feffbfd0f18fa8228da0cbc6f7816b
beta_sigmoid-16	16	2	1x16x1x1	64	pos2/beta_sigmoid-16.f32	217ba80b79b4e1f0ebb3c178d84da1cccf3b5b023f86f2615b1a6e6d91229158
state_predelta-16	16	2	128x128x16x1	1048576	pos2/state_predelta-16.f32	9b5a103722b9e1462e20086f9a1752b9f9e75fc261c8c039aa29838964f34bc3
new_state-16	16	2	128x128x16x1	1048576	pos2/new_state-16.f32	705847b970df408ff44bf3432ecd1491c239a2ad6cf9e4699de0fe82b8cb36c2
attn_output-16	16	2	128x16x1x1	8192	pos2/attn_output-16.f32	0649c8c04c9a11bdc665a66356548f7dd324ea31e54a0c88a7ca5c4580e9ab25
z-16	16	2	2048x1x1x1	8192	pos2/z-16.f32	320a1504cf18aff6fc30e317de12188d4b18b33a871828ba8e52d7b27cf8c094
final_output-16	16	2	2048x1x1x1	8192	pos2/final_output-16.f32	42deab75d103b22ad1b6928797258194f283850b89338c2fb7aef6cb7a83f999
linear_attn_out-16	16	2	1024x1x1x1	4096	pos2/linear_attn_out-16.f32	bf5480ab997af13f10c5c074b907ff59e4eaf4c94b2e17ba10822f4949eab001
attn_residual-16	16	2	1024x1x1x1	4096	pos2/attn_residual-16.f32	4a4767639f322532404dd0320e3b7f1b4ae2a9b5f73c6d0b974f2dc230ccc890
attn_post_norm-16	16	2	1024x1x1x1	4096	pos2/attn_post_norm-16.f32	d3cd26cdda31e6734aa99f73377865777a3c8fad071504136eee893ec32143cf
ffn_out-16	16	2	1024x1x1x1	4096	pos2/ffn_out-16.f32	757e941c362fa569dc3b563c33cf8fc9bc93fb747b86c3c57d4e5175eb167ac9
l_out-16	16	2	1024x1x1x1	4096	pos2/l_out-16.f32	46ba6307bb6b656a2a92c1e9c759cf05ee0bc04a9135cbfcac51056707791ae8
attn_norm-17	17	2	1024x1x1x1	4096	pos2/attn_norm-17.f32	f7dd186ce1263e499d6900d4dbe53576c3c0420b6c41630485120b3fde3bfe43
conv_output_silu-17	17	2	6144x1x1x1	24576	pos2/conv_output_silu-17.f32	238f7b5d32581fb4a091a4032012a55105aefde1e9779a8b6458dbbef65b3c9f
q_conv_predelta-17	17	2	128x16x1x1	8192	pos2/q_conv_predelta-17.f32	c2842bb6a47028f6495bf888ca56bcfcd154f0197c22d0323a8ec6b31acb9cdf
k_conv_predelta-17	17	2	128x16x1x1	8192	pos2/k_conv_predelta-17.f32	20b25840058e7175aff727c5849a6642f2c022f642d4524bf9889cda698b9410
v_conv_predelta-17	17	2	128x16x1x1	8192	pos2/v_conv_predelta-17.f32	f70c5b95de76406c005aba9969cfe4809e21df5c730b056eb40035651c7a493d
a_softplus-17	17	2	16x1x1x1	64	pos2/a_softplus-17.f32	3f7f698c986d465b5e331ebe41999f143a7562706e7f246da6764b09bd2b04db
gate-17	17	2	16x1x1x1	64	pos2/gate-17.f32	40240b82b5ffb4b25cfd0792bc9af475ed6c8ffdadd79e020ea633fdaed1f4cc
beta_sigmoid-17	17	2	1x16x1x1	64	pos2/beta_sigmoid-17.f32	62414083b3ac4d87ba0ab4cfb75e848a59f2c96a0e04de5145af3d72cb9d6d5b
state_predelta-17	17	2	128x128x16x1	1048576	pos2/state_predelta-17.f32	316a037048cee40f9b0248683bd35bf5403b4e819f9e8651852a8dc50683439f
new_state-17	17	2	128x128x16x1	1048576	pos2/new_state-17.f32	e0936208daa84ead9e9452d7d5b9dca71a0566601ccae53e91a02b8719e2c874
attn_output-17	17	2	128x16x1x1	8192	pos2/attn_output-17.f32	ef00fac88fc4e665538074abf32bc41eefa3a8a711f01a321a6fb56a369a36f3
z-17	17	2	2048x1x1x1	8192	pos2/z-17.f32	ffe27d575763e914d77f187162e41afa52e4b68863e3d3dde1f6eb6b6a19fd58
final_output-17	17	2	2048x1x1x1	8192	pos2/final_output-17.f32	a41146a46920d31a8d68fd89c9400963f58b5b8d7834e3d22b1625c69cb23b32
linear_attn_out-17	17	2	1024x1x1x1	4096	pos2/linear_attn_out-17.f32	a333cdffe5523d7aecbd16ad77939b39b13c1c526f2adca9a574b88b1e12374a
attn_residual-17	17	2	1024x1x1x1	4096	pos2/attn_residual-17.f32	f3d88d4ac23f2dd79ca3636e4f87f906515c002a882a0cf10ecd70f8f2e2b758
attn_post_norm-17	17	2	1024x1x1x1	4096	pos2/attn_post_norm-17.f32	8f8803603fc9ef662cb9a97c758717154c4083c6b8b72586bb9f08ab58374268
ffn_out-17	17	2	1024x1x1x1	4096	pos2/ffn_out-17.f32	abc0036ccf9607ab7af5b391b866538a53368886dd6ea13ddaeffd2bb47addee
l_out-17	17	2	1024x1x1x1	4096	pos2/l_out-17.f32	0dc3632194ce7e56b74413bdab2ceaa9fa8c98e00adf3a835565d738d6d6cea8
attn_norm-18	18	2	1024x1x1x1	4096	pos2/attn_norm-18.f32	6b28764c80c405bfa28f7ecaa8299bd69ceebff40dbe5e544530131c187dc815
conv_output_silu-18	18	2	6144x1x1x1	24576	pos2/conv_output_silu-18.f32	7d2bcfd7e4a092189c2474cdf51cdb8788ff28a91d7fbcd4fdc071eebb1f6f0d
q_conv_predelta-18	18	2	128x16x1x1	8192	pos2/q_conv_predelta-18.f32	1f984e26f72c40c97ef8d70d1ce933901184df660875ab00c047ee52b9886460
k_conv_predelta-18	18	2	128x16x1x1	8192	pos2/k_conv_predelta-18.f32	cecdc7f18f7d3f455049acaf1af6cea29d90bbc91a278495ef4842472ab49a38
v_conv_predelta-18	18	2	128x16x1x1	8192	pos2/v_conv_predelta-18.f32	1639943468c0eb9f5a8fc8070ee645b862c9572631cc2c34e6316c75aa1a9deb
a_softplus-18	18	2	16x1x1x1	64	pos2/a_softplus-18.f32	b1f3885f10aa3b8e477daa2c882e2dacb4e4c35c31c9b1083205987cdd05e029
gate-18	18	2	16x1x1x1	64	pos2/gate-18.f32	bd9d95f318484cc9f4636082fda921ff5d7c39b70e0ac1ab4437a8df79ec0485
beta_sigmoid-18	18	2	1x16x1x1	64	pos2/beta_sigmoid-18.f32	da8e583acf2ceba5d0c21c7516465e1b1919e11627fb7940460f36c8e317435d
state_predelta-18	18	2	128x128x16x1	1048576	pos2/state_predelta-18.f32	28e286db54b80ba2259b9914838eb448150312b086bd7ea8eecfa11b42f71bc9
new_state-18	18	2	128x128x16x1	1048576	pos2/new_state-18.f32	404e4e14c520bef359dbe833292d811bd7b2aef46aba467b267ad520c42e6abd
attn_output-18	18	2	128x16x1x1	8192	pos2/attn_output-18.f32	eb9f5fcac8643e3628edc6b54f19a6db527b4aebd5ab891f091e248b20351936
z-18	18	2	2048x1x1x1	8192	pos2/z-18.f32	4c965220618bc67dde4d44760167ef3eb45894fd29fa00597e3a25d8841465c0
final_output-18	18	2	2048x1x1x1	8192	pos2/final_output-18.f32	9ab6d91da0cc6c043fb92b6c053cd0880124cd455212a64715da0aff845a5e7b
linear_attn_out-18	18	2	1024x1x1x1	4096	pos2/linear_attn_out-18.f32	7fecc9d127c096d8e7deb8aff0e7a3cb7ae4c807d5b4b574c99cde6593d34fef
attn_residual-18	18	2	1024x1x1x1	4096	pos2/attn_residual-18.f32	a8a5eda6ec4f9be2b2f5818399c98ec2bb82f2fa63b45876dbe41d13e0d4d52c
attn_post_norm-18	18	2	1024x1x1x1	4096	pos2/attn_post_norm-18.f32	a237912ab97b6d0aa46ce0ff925e8743bec1d9c357213f8dc7eb551b1759e10a
ffn_out-18	18	2	1024x1x1x1	4096	pos2/ffn_out-18.f32	f25f9bfb766a5eea53806f489f6cdf72ca1f427053cd2755f414522a9088eb92
l_out-18	18	2	1024x1x1x1	4096	pos2/l_out-18.f32	fed69764a703bc899893062f410ac619af7e31fc893c6b4c0ae5fa591ae0559b
attn_norm-19	19	2	1024x1x1x1	4096	pos2/attn_norm-19.f32	a2a2defe3dad35187c3b4c50df762b08dd1dfd84f4991e87deae9fc1abc72c2e
attn_pregate-19	19	2	2048x1x1x1	8192	pos2/attn_pregate-19.f32	ebebaea7cf5f685cd726bec781569622580d8f73b05985840d2208271a5484e9
attn_gated-19	19	2	2048x1x1x1	8192	pos2/attn_gated-19.f32	d81652a12d7a3fb3f7790e5d3c3410ff3a3b8670f2ca06582341a021660301a9
attn_output-19	19	2	1024x1x1x1	4096	pos2/attn_output-19.f32	c7d8cf83e4aa49bb39a1a683c58162fe10aa1b1877f87810791974050319bf0e
attn_residual-19	19	2	1024x1x1x1	4096	pos2/attn_residual-19.f32	52ac614ae9670fb11aaf970c6a57fedb2ecfb298ee7f492f79a49337d24cba1e
attn_post_norm-19	19	2	1024x1x1x1	4096	pos2/attn_post_norm-19.f32	8a339bec8aafccb79b834c1f7f22f028ccdb0c66f2ad5746e53c4b5eae497bc4
ffn_out-19	19	2	1024x1x1x1	4096	pos2/ffn_out-19.f32	1b31e3c3d31b9c70a9cec5ad94f5c42ce361d5a3d84b272b1727e1455882c8b3
l_out-19	19	2	1024x1x1x1	4096	pos2/l_out-19.f32	83d5b870db9057d7ed9afef5bdb8d9cf1b006d9c9bef1ba2b747e688e0f60bc7
attn_norm-20	20	2	1024x1x1x1	4096	pos2/attn_norm-20.f32	f1066eaa793b885c81816bdfc179f50a30c9b8906bd27bc8fe170d455812308b
conv_output_silu-20	20	2	6144x1x1x1	24576	pos2/conv_output_silu-20.f32	830462d0db24d06a360baf0a78ea0242d7259f6395116396607f81d1354b6d24
q_conv_predelta-20	20	2	128x16x1x1	8192	pos2/q_conv_predelta-20.f32	c4965658a3516c0b00707b508dc3ccb7d4ecc6fef5cf043112bb95fbf0687f43
k_conv_predelta-20	20	2	128x16x1x1	8192	pos2/k_conv_predelta-20.f32	746c812a992447fea33119e9e42eb6317d82a5e665532774137d35ea428cd593
v_conv_predelta-20	20	2	128x16x1x1	8192	pos2/v_conv_predelta-20.f32	d67565028816bad868ffb79352c9b3128bfb634ea3f1d2ca4b0f592ca3b91d39
a_softplus-20	20	2	16x1x1x1	64	pos2/a_softplus-20.f32	eaaeba49970f5326c996e6e688518ffa85fc2a8c8c73bb1573de911a6073e50b
gate-20	20	2	16x1x1x1	64	pos2/gate-20.f32	31c74d60429ec22cde726e73ec37c3e5ba9917c95154d8061898e3e0b6daced0
beta_sigmoid-20	20	2	1x16x1x1	64	pos2/beta_sigmoid-20.f32	de9ba7da1298cce86d308f4bab298f509578b99fcd7808ea8b2a4edc5b4da960
state_predelta-20	20	2	128x128x16x1	1048576	pos2/state_predelta-20.f32	64cd90a33b83036f3462e30138f0bf935a9f624ebd429ca96d8f35b1568ddc06
new_state-20	20	2	128x128x16x1	1048576	pos2/new_state-20.f32	83c8d8de532032f48f144f661737718d32bd919eda30c3eef5b3700e5b756c22
attn_output-20	20	2	128x16x1x1	8192	pos2/attn_output-20.f32	cb15a18888857f2317d834571abb14bd3b7df6a179ce0c3a7b8276eef68e95b1
z-20	20	2	2048x1x1x1	8192	pos2/z-20.f32	91e25c73c92f2874ddc7bab91ab0ecf6a8c99dcbf4df5ccc317882a0daed8ccc
final_output-20	20	2	2048x1x1x1	8192	pos2/final_output-20.f32	04c1939bbae78236005d751ac20d9da6aaefbe8e8fe8799643965477469ffd5a
linear_attn_out-20	20	2	1024x1x1x1	4096	pos2/linear_attn_out-20.f32	26ff51692fce801e1115306d980832943d86c7bee67d2cd8776b37a7a2818ba6
attn_residual-20	20	2	1024x1x1x1	4096	pos2/attn_residual-20.f32	a8093b097389e985fbefba8f9e4ef95a9a4a7471bd05cd5b5bdf4a009da080b2
attn_post_norm-20	20	2	1024x1x1x1	4096	pos2/attn_post_norm-20.f32	e8aab3c734822dfc602bca36fc79abf781fe7ffeadfde5c5e0b78a2ab35f320d
ffn_out-20	20	2	1024x1x1x1	4096	pos2/ffn_out-20.f32	1c1f9d06c0db63924cb9f32defbc064d62a2ff496f6f1e4e80d753c0d9cf664a
l_out-20	20	2	1024x1x1x1	4096	pos2/l_out-20.f32	18783ee7c035418b760b1d0f611271af1942bbaa8b32b4fbd57388de838d54be
attn_norm-21	21	2	1024x1x1x1	4096	pos2/attn_norm-21.f32	e2e21a29ffbb64b0e816b11df9f0eabd317bdb26a3463ce61c79b01ac799ec59
conv_output_silu-21	21	2	6144x1x1x1	24576	pos2/conv_output_silu-21.f32	cf7173174b7ab67cc1b01c57da72d143ff45d5739f9d35924bbc5e03fbe3306d
q_conv_predelta-21	21	2	128x16x1x1	8192	pos2/q_conv_predelta-21.f32	90b5f5bb75e872b92961e4f07c5c4d4e5470549f3c328629ff4d47e47f5d520c
k_conv_predelta-21	21	2	128x16x1x1	8192	pos2/k_conv_predelta-21.f32	8c8f7f6b714019613f4c52f83f5952d926c858c7ad1020ee1dc4893a20ae51e9
v_conv_predelta-21	21	2	128x16x1x1	8192	pos2/v_conv_predelta-21.f32	63bda6ca7db84b71af20926946cd47dd8928b09595f6a85d02d8d8dce6c3860b
a_softplus-21	21	2	16x1x1x1	64	pos2/a_softplus-21.f32	9352d05d4957ae7b01a0b97d031fe9a938db05eea91a020422942bd620a2743a
gate-21	21	2	16x1x1x1	64	pos2/gate-21.f32	ff11f38929c0bf60521fc5c138f370971d7df18bb8b6cd650b9c2e35c7c4889d
beta_sigmoid-21	21	2	1x16x1x1	64	pos2/beta_sigmoid-21.f32	ff95a4aa61c74e7968ce3ef9e38b22a8f02b469f887f122b9f84c6e8b99b2ce2
state_predelta-21	21	2	128x128x16x1	1048576	pos2/state_predelta-21.f32	abc53437d9cf8f3faa21de3fc9016ccecb97ab6a87dd0e9c3dd0c1ab1a83c04e
new_state-21	21	2	128x128x16x1	1048576	pos2/new_state-21.f32	cf86b2de5f43f427bbe2fd1244c8e65033b85684232211d90c15308dc944b754
attn_output-21	21	2	128x16x1x1	8192	pos2/attn_output-21.f32	8cdd9366b4b6fbae10ba84e0cc86b873f4dc42106522394785b9c1484bcdd69d
z-21	21	2	2048x1x1x1	8192	pos2/z-21.f32	f556333481d2de07106357205145a85502f691b36793f7627c95faff90a7f144
final_output-21	21	2	2048x1x1x1	8192	pos2/final_output-21.f32	756288696c6468994b349a92e1ac50dd685bf01c00e238a424d10be4a90e2780
linear_attn_out-21	21	2	1024x1x1x1	4096	pos2/linear_attn_out-21.f32	32cae886871d2e3331c7f3d5dc1e1e6b1f5bab47baaca2ed9ceaaba709afe8af
attn_residual-21	21	2	1024x1x1x1	4096	pos2/attn_residual-21.f32	b7f815d8d0a7df98d6b156ea4093d45ab020b2ba1104ccbbf9811a07c9158abb
attn_post_norm-21	21	2	1024x1x1x1	4096	pos2/attn_post_norm-21.f32	ad7c700a2fabcbdcf4951b6c99ba6823b227092a49e903ec93522f59604aa7d6
ffn_out-21	21	2	1024x1x1x1	4096	pos2/ffn_out-21.f32	4699dc6628a632283d2ec5787736d6eb285319e39f77e77cd0e8ddb9a9ca26d8
l_out-21	21	2	1024x1x1x1	4096	pos2/l_out-21.f32	2b9f360a969b2ee8a89f89be9791e092a58bb14429cf3b03b798504b46521d75
attn_norm-22	22	2	1024x1x1x1	4096	pos2/attn_norm-22.f32	429f537b228b1bfbb17ec3816dcb7052bec49a7771574ef625410e88dbc49172
conv_output_silu-22	22	2	6144x1x1x1	24576	pos2/conv_output_silu-22.f32	ce2112a9944302fd9c1f21440a338bbb8530feba5fd29f6a886c7e7455170746
q_conv_predelta-22	22	2	128x16x1x1	8192	pos2/q_conv_predelta-22.f32	ea9a3c066958b92ed9eca139a8bfa436219ac0e52e80cac4d6b4456b781faf54
k_conv_predelta-22	22	2	128x16x1x1	8192	pos2/k_conv_predelta-22.f32	848b97ccac531a7c676087e6c967fe3a891d2e1e3fb8b7f23b8159a2256b4988
v_conv_predelta-22	22	2	128x16x1x1	8192	pos2/v_conv_predelta-22.f32	459ae7f1f03e7bd4f4432f227e92f055d8c1648225429e2d3293a7d1e69ba302
a_softplus-22	22	2	16x1x1x1	64	pos2/a_softplus-22.f32	8fcb6e091c726c37e0e8bc7b55d9b91d8da48642592a8a1ef46db25f4e03b65b
gate-22	22	2	16x1x1x1	64	pos2/gate-22.f32	130419a5d7bb71a3e301f76e0fe34ecb52cdee7a911917490c138727c98699a6
beta_sigmoid-22	22	2	1x16x1x1	64	pos2/beta_sigmoid-22.f32	4b54387df4349fd7bdc72205384561871b7a922f09be50565be66cd820a98656
state_predelta-22	22	2	128x128x16x1	1048576	pos2/state_predelta-22.f32	dbe750c3edf371d4163fd3461e8bc657c11e340e7708c33289097bcde7c70267
new_state-22	22	2	128x128x16x1	1048576	pos2/new_state-22.f32	e500c09fbd88ca6609fe5c2ec62532f14fc0f72601ab33fc8da8a64849cb1e19
attn_output-22	22	2	128x16x1x1	8192	pos2/attn_output-22.f32	e649c76ce46c0099d63f56ea2599577ee8c3407678e3676c2106cbae2995ebe5
z-22	22	2	2048x1x1x1	8192	pos2/z-22.f32	513530a697b5a48322905bc4f5e12d40acc1704ad51b03555085f2a7ba608988
final_output-22	22	2	2048x1x1x1	8192	pos2/final_output-22.f32	29a67cccd882c14c49a851a271122494c77114971c7f63f6cecf4d6b50a6488d
linear_attn_out-22	22	2	1024x1x1x1	4096	pos2/linear_attn_out-22.f32	4aad2d014f5e9852b7c1ee4ba2a817248fdcb2ac47d72ac34690c1cea5258815
attn_residual-22	22	2	1024x1x1x1	4096	pos2/attn_residual-22.f32	228a60875b17291a4350b2d49626cea52e58043f0aac468c36e26936cc7d869f
attn_post_norm-22	22	2	1024x1x1x1	4096	pos2/attn_post_norm-22.f32	c105d9ca718d1bdf521c0dd8563625c2c91339b8570ef8e1d20af01d9b73b270
ffn_out-22	22	2	1024x1x1x1	4096	pos2/ffn_out-22.f32	1d9f8adda97498a19531b0e065df4d20f193c41f75489c31b8491c9c2ea6ff4f
l_out-22	22	2	1024x1x1x1	4096	pos2/l_out-22.f32	2987e99755b202f4398fdd43316573420aaea879ea8032d6024af94fbf82313e
attn_norm-23	23	2	1024x1x1x1	4096	pos2/attn_norm-23.f32	77b89840c5e1e320331c99a21341f8f1e878951c4697a9ed94fbf1cac1545a9e
attn_pregate-23	23	2	2048x1x1x1	8192	pos2/attn_pregate-23.f32	7b39591db7b85700e6eccc8206a2915bd78709c2e25d0a4c32aa10496ac7ccbf
attn_gated-23	23	2	2048x1x1x1	8192	pos2/attn_gated-23.f32	58d37c38ad2763e7d2a9c6dde239045c64a475d2595f2b625edfad3fba902602
attn_output-23	23	2	1024x1x1x1	4096	pos2/attn_output-23.f32	65faa18b66b35b51be61869e6759f09eeae9a410112add344472ffea0c87113f
attn_residual-23	23	2	1024x1x1x1	4096	pos2/attn_residual-23.f32	8855117b985c9225e43d8b6b8f7e15c0f1d06a463b716aa4f186517eea96cf7d
attn_post_norm-23	23	2	1024x1x1x1	4096	pos2/attn_post_norm-23.f32	865908c2132ab23cf6ea6d4ce99605e0cc012f4fde90d660b79b9ef9e2c5e8f9
ffn_out-23	23	2	1024x1x1x1	4096	pos2/ffn_out-23.f32	20a4bdf7e8e18ce13d146648d48460d7b33f4aff2695ebb7896a7be0e034ff61
l_out-23	23	2	1024x1x1x1	4096	pos2/l_out-23.f32	113c46b59dd786400cfdfb6d9fdc081d86c8eaa6aea97de88490fd7da656cca4
result_norm	-1	2	1024x1x1x1	4096	pos2/result_norm.f32	7b246f6c73807acc4117c796952b6f209a1c971bf0f473e69d953c96f1874fbf
result_output	-1	2	248320x1x1x1	993280	pos2/result_output.f32	4a29faca102472ff0660943e9d1f17c6172e1cae4a7cf201950d4db15b5758c7
model.input_embed	-1	3	1024x1x1x1	4096	pos3/model.input_embed.f32	58800e60994aaed001f2732a140e2002cc59d01c60217736438fd8dc8c27a97c
attn_norm-0	0	3	1024x1x1x1	4096	pos3/attn_norm-0.f32	8f4cc81054982617133fbbdee73abd58e024e10f1b90d5311c3bda59bb6058db
conv_output_silu-0	0	3	6144x1x1x1	24576	pos3/conv_output_silu-0.f32	b2b177be4116d8b0bdbdce02abf24fa969d3bb78b4a022884e67ba145bfb251d
q_conv_predelta-0	0	3	128x16x1x1	8192	pos3/q_conv_predelta-0.f32	4dbf5db6f114d8b9b13856c772b119fb14cff49c536e8e1bf697570f03b01a93
k_conv_predelta-0	0	3	128x16x1x1	8192	pos3/k_conv_predelta-0.f32	afc9992977c93b88d46fa74407c9d3827626c1bfd15b5d2c0062e80eb926fe98
v_conv_predelta-0	0	3	128x16x1x1	8192	pos3/v_conv_predelta-0.f32	58463d76244c47f3e5c1e8c3af83fce799e19e780e7e3fd858975608bc983ebd
a_softplus-0	0	3	16x1x1x1	64	pos3/a_softplus-0.f32	207a23bf5c6375204a81df599e0392460a1fc8dac014f291d981374b912011a9
gate-0	0	3	16x1x1x1	64	pos3/gate-0.f32	f72a189633ed1a64896ae8a7257056274cfbe97d63ec3039338ba69e3c1011ff
beta_sigmoid-0	0	3	1x16x1x1	64	pos3/beta_sigmoid-0.f32	e9c8a0177b82260d097a786c0c6805e4b24fc3eeae48bbc558a1edb8dfa09ed2
state_predelta-0	0	3	128x128x16x1	1048576	pos3/state_predelta-0.f32	e3a7803ee20829e87d14c87a3a9ea446f6ed1506843aef23bf1c527d38fc7397
new_state-0	0	3	128x128x16x1	1048576	pos3/new_state-0.f32	4db842783a08ebc51cfbfc9a2dbaae174c2dd7ac3d98d44107d554bb60ddb4df
attn_output-0	0	3	128x16x1x1	8192	pos3/attn_output-0.f32	9f0c2d3000040af0050a70d5052e8ef25192b02fd20d116a4f32b8696a04ac11
z-0	0	3	2048x1x1x1	8192	pos3/z-0.f32	526a059815a3d34da3c1c48954bcef999a02a33ad72c56a40e5771bc30cfbd1c
final_output-0	0	3	2048x1x1x1	8192	pos3/final_output-0.f32	efe78cacdadb6b9fdfa3e09d220a50f874607017e54930f680027d29757b77e8
linear_attn_out-0	0	3	1024x1x1x1	4096	pos3/linear_attn_out-0.f32	ee3034df2873d1e64c9f4bc9413e2cfbf7cc51690e1c406846d1643cf0afeb4c
attn_residual-0	0	3	1024x1x1x1	4096	pos3/attn_residual-0.f32	506db680e07d4b916642aae19301374e2117316668e358ff606f531ea8b16394
attn_post_norm-0	0	3	1024x1x1x1	4096	pos3/attn_post_norm-0.f32	b0b9bfa76d0b9e1f49a0c87684d97fc2c63f4e07d06a23036b924cb1951753e7
ffn_out-0	0	3	1024x1x1x1	4096	pos3/ffn_out-0.f32	dcf824e89b9965c3f6e77ce771f4f31722115060233bce042eb3059cde4de13a
l_out-0	0	3	1024x1x1x1	4096	pos3/l_out-0.f32	5daecab48673763b41d7a5b9df09e4e7011b1800524386021510102b512a8979
attn_norm-1	1	3	1024x1x1x1	4096	pos3/attn_norm-1.f32	bb9605930681aaec86123352594ec7fe29801e76ba6ceae0a318563709ecc8ea
conv_output_silu-1	1	3	6144x1x1x1	24576	pos3/conv_output_silu-1.f32	d84febd0c0d767d7859e4409e4941267b81eb0c1917b3d59c6677d9b23522160
q_conv_predelta-1	1	3	128x16x1x1	8192	pos3/q_conv_predelta-1.f32	3e4c8138635b30ec4455a8d7f69d6b2e11077e29cb6affaf9cb023f13ed89148
k_conv_predelta-1	1	3	128x16x1x1	8192	pos3/k_conv_predelta-1.f32	abd3371553cb727829496b4637946f16ceae2e9f872bf92c58840c5ddf52c1ff
v_conv_predelta-1	1	3	128x16x1x1	8192	pos3/v_conv_predelta-1.f32	43ea16cfb5ab83503023c1d02adeb65b48c3bc19843321ca2a612110dbf9f4cf
a_softplus-1	1	3	16x1x1x1	64	pos3/a_softplus-1.f32	a59b98e48fb989b192a570c29510bed9fe15094c26eea8d44338ec115d917bb9
gate-1	1	3	16x1x1x1	64	pos3/gate-1.f32	656388d149ef68257ed83bfb05b0430923b8700f3a1d7047a99db5dd78a293ae
beta_sigmoid-1	1	3	1x16x1x1	64	pos3/beta_sigmoid-1.f32	711716b987509c2146190f25988688ed183963e719a8ab07f118fd13a460e6c9
state_predelta-1	1	3	128x128x16x1	1048576	pos3/state_predelta-1.f32	50a650022b6955d8af911cacd143b2b007426c0695e2e8f6165f7d0a8166cded
new_state-1	1	3	128x128x16x1	1048576	pos3/new_state-1.f32	852fd5e08a4e453f7166f77a62b685571f9f4c14fef212575762f93a947fb6af
attn_output-1	1	3	128x16x1x1	8192	pos3/attn_output-1.f32	5b5a6f81608fc3b4292c74517c255a02dc9ec79e96b0444c9e3f45c1a0838921
z-1	1	3	2048x1x1x1	8192	pos3/z-1.f32	b34a5a3af273c0352e8ea4bfe8934b9fdd1ca64687ad6bbd88910bcfb6ab9c61
final_output-1	1	3	2048x1x1x1	8192	pos3/final_output-1.f32	320496593340a998d36662af19cb3e998f00a802cde49ca8b237483a1ee75e17
linear_attn_out-1	1	3	1024x1x1x1	4096	pos3/linear_attn_out-1.f32	2a8a201eead86d57216b9e47dc259117c5e8dae6593e3a9acbbb4bf799869db2
attn_residual-1	1	3	1024x1x1x1	4096	pos3/attn_residual-1.f32	b166791d821fb8929ac6a79e3b26c05a6014ca193bd8986aa7ffab10a6297573
attn_post_norm-1	1	3	1024x1x1x1	4096	pos3/attn_post_norm-1.f32	35a753e359a1431a4961ef6d4aa224192af6725c451d060ac773e11821acbe08
ffn_out-1	1	3	1024x1x1x1	4096	pos3/ffn_out-1.f32	1df82df79b71bd02b2e97194f56e85aac13aa6933d6d972958b075d58cc7647a
l_out-1	1	3	1024x1x1x1	4096	pos3/l_out-1.f32	bfd67bfb70b2efe27f46abe08ed23d940009b13a603e4d97f79fd1d16d38b246
attn_norm-2	2	3	1024x1x1x1	4096	pos3/attn_norm-2.f32	5cb959ebc34e59cb26d537271c06b820c5e40b052361f681ff8e65b0054e1912
conv_output_silu-2	2	3	6144x1x1x1	24576	pos3/conv_output_silu-2.f32	40afe41783d16ad80affe6d08f03c8363194609ec12bc349c2ee3f0076ab1f08
q_conv_predelta-2	2	3	128x16x1x1	8192	pos3/q_conv_predelta-2.f32	d942b47b90654475a85e059473a3456d0a1a02b6ec772df4fd18b9c049ffa5da
k_conv_predelta-2	2	3	128x16x1x1	8192	pos3/k_conv_predelta-2.f32	5d707aa2a5622a1e63a34a36dbeaeae4c12487bdb6773b2576ce52f093046d52
v_conv_predelta-2	2	3	128x16x1x1	8192	pos3/v_conv_predelta-2.f32	7176afccd023612de550eadb5246c18f02fa69140859d0e157915f41c9b7de24
a_softplus-2	2	3	16x1x1x1	64	pos3/a_softplus-2.f32	0508eabb2b44a8be4ca5090155606d85b456cc3fe204551efad3e8b43b6f9302
gate-2	2	3	16x1x1x1	64	pos3/gate-2.f32	59aee47993b3dad4dcc0d51c9c63b57546ca7c8270eced9ebaafe2f248703fb7
beta_sigmoid-2	2	3	1x16x1x1	64	pos3/beta_sigmoid-2.f32	08857a44325edef1f1e5cb98d73cefd62528ac67c362d9a2eade102df7491f65
state_predelta-2	2	3	128x128x16x1	1048576	pos3/state_predelta-2.f32	bb171d5a7ca9da9723ec430800bd4d8c811fe1a0d261e47b6e96af95f5496e15
new_state-2	2	3	128x128x16x1	1048576	pos3/new_state-2.f32	7a4416a97fc0a9db69731f83d4b73434ddab6eea07aeec08cf9a89f9352d4bf9
attn_output-2	2	3	128x16x1x1	8192	pos3/attn_output-2.f32	b5aebadd62beefeb0347bac0cc08203f190464578202f97d0de235dbea09998c
z-2	2	3	2048x1x1x1	8192	pos3/z-2.f32	cd5e3cc651cc63a4bb418401b1db4268090e4169aac3dd177074070013fc3f45
final_output-2	2	3	2048x1x1x1	8192	pos3/final_output-2.f32	3fa0c297381334dd0b0efc1dda242adbbd79873d38a51c4677395b95dec5eebc
linear_attn_out-2	2	3	1024x1x1x1	4096	pos3/linear_attn_out-2.f32	6db92c0a7ef736f66772ecdb2e8981ef7e60cacbc9eb12d0c8b81d14acf088d0
attn_residual-2	2	3	1024x1x1x1	4096	pos3/attn_residual-2.f32	f7acda3285f83c2c1c24a3e286d1bc2d5d6351d95fa5ad1f74f75ebdba1ba94e
attn_post_norm-2	2	3	1024x1x1x1	4096	pos3/attn_post_norm-2.f32	d1e70ce4ccc0c73ed9538ca6cf0ee1bcb6ba44f71375e75ad0ceff019f08d317
ffn_out-2	2	3	1024x1x1x1	4096	pos3/ffn_out-2.f32	aeff930a527e25a531ceaad677d09a5e9912ae2e5df2c393681aaa1322b44326
l_out-2	2	3	1024x1x1x1	4096	pos3/l_out-2.f32	d36da14f140fcec0dd5b53bbcf5899917c875e89ca5a54a216888394cd47d547
attn_norm-3	3	3	1024x1x1x1	4096	pos3/attn_norm-3.f32	cbe6ee088de42442f09acb23ebd447e4b0d48bc9d4a5abf9b706036a20be4763
attn_pregate-3	3	3	2048x1x1x1	8192	pos3/attn_pregate-3.f32	1fb079cf30688610af0987921eaa809c5faef40bb416fbb1a782105370e32ffb
attn_gated-3	3	3	2048x1x1x1	8192	pos3/attn_gated-3.f32	31365e414c3fc5cd896d381d7114a69ca9d8e5c118663dd95cd3e8cd7aa72451
attn_output-3	3	3	1024x1x1x1	4096	pos3/attn_output-3.f32	508b1e215e75d4a6e95ac53b975fcc89a2b0f4c835cbc09bab961dcb834d55ed
attn_residual-3	3	3	1024x1x1x1	4096	pos3/attn_residual-3.f32	0e869682ac047338df792dccd1a859cb6d481602ceb02d2d437f3c4cf792015e
attn_post_norm-3	3	3	1024x1x1x1	4096	pos3/attn_post_norm-3.f32	5c179b91c26bdf1aae802598bbbfab86b0fa9301dbbb73725d96e83d0a6a0f2f
ffn_out-3	3	3	1024x1x1x1	4096	pos3/ffn_out-3.f32	2f4af602a25fff7fd131d90c10cc471081dd801bb1dc76484b8e08535dc89b58
l_out-3	3	3	1024x1x1x1	4096	pos3/l_out-3.f32	4300810f623bbb2a153811ec41c756b8518ed16a2c6589bcb41fdb75a45b81e8
attn_norm-4	4	3	1024x1x1x1	4096	pos3/attn_norm-4.f32	a907bbac03df8cadcab6e467571ce2b81ff8f0a81d4fc8ec7c03b6a66a0dc2b6
conv_output_silu-4	4	3	6144x1x1x1	24576	pos3/conv_output_silu-4.f32	f48c50067882c44104acf1e5fa23dad6e7e1b372015fe7e74c46f544b8728c08
q_conv_predelta-4	4	3	128x16x1x1	8192	pos3/q_conv_predelta-4.f32	6c1d94da4624262b668147b85b7cdefcc2da661a5632fdca2acec24ae041f810
k_conv_predelta-4	4	3	128x16x1x1	8192	pos3/k_conv_predelta-4.f32	3071c4d1223691a3ce35e98e220780ea0fbf60b1a2f823a9f126bcaba8a0ad55
v_conv_predelta-4	4	3	128x16x1x1	8192	pos3/v_conv_predelta-4.f32	ffabf3a379cce4a7dc23e7de1e1eff2df3c6416663075c731d9687054949399d
a_softplus-4	4	3	16x1x1x1	64	pos3/a_softplus-4.f32	c5b28f66b069f0e653848d35301b7cc9b84743727a90a6884968e4adc2d8e76a
gate-4	4	3	16x1x1x1	64	pos3/gate-4.f32	72a8d2bc543695b7b4691a82f8e67f5ddb7adddb97e859af6565fee92ed90bd2
beta_sigmoid-4	4	3	1x16x1x1	64	pos3/beta_sigmoid-4.f32	599b01b8107d97e24757b61df93d383de6b800c61b73a74fd804963622f30a0e
state_predelta-4	4	3	128x128x16x1	1048576	pos3/state_predelta-4.f32	88dedfe2ed4c10d412e172337b5e217e06f012021970eac105e2944a0e3320a6
new_state-4	4	3	128x128x16x1	1048576	pos3/new_state-4.f32	45d7561f52923d7871317d0339485b0e8cd57b6c34ed520cb3e862b872476944
attn_output-4	4	3	128x16x1x1	8192	pos3/attn_output-4.f32	14bdd9eb63dd8b2939f9cdb9ceab78e446d522e84585b9ec966bfaa90e467833
z-4	4	3	2048x1x1x1	8192	pos3/z-4.f32	35cf7281efb4fb0cb0dfe07b710f8aeec4522697ac7c7d948b452099e23b9152
final_output-4	4	3	2048x1x1x1	8192	pos3/final_output-4.f32	87a05d22a89575ab09d6a31b43c4788af39104b89800b2a8771b46a63c90de76
linear_attn_out-4	4	3	1024x1x1x1	4096	pos3/linear_attn_out-4.f32	2de4e2a39527d25d86209b863d2b6f20d649e818785b0cbfe1ed00616eb63f63
attn_residual-4	4	3	1024x1x1x1	4096	pos3/attn_residual-4.f32	a0960220c880e71e768f8ff73df5c923b8f9191372ac7b3c513f914c6f53b756
attn_post_norm-4	4	3	1024x1x1x1	4096	pos3/attn_post_norm-4.f32	c7d3ad5490948e4afec9688ebd34d97309f7bd619485515df24ae92cc6d2cae1
ffn_out-4	4	3	1024x1x1x1	4096	pos3/ffn_out-4.f32	10770db9c47cf1c976283f80d332433722c10bb77cf6dd7a7fae74846335ea29
l_out-4	4	3	1024x1x1x1	4096	pos3/l_out-4.f32	a91ba4d05491355fdd38fe77411ca6274b5ed245e51c0b684149920af3830e61
attn_norm-5	5	3	1024x1x1x1	4096	pos3/attn_norm-5.f32	15fb8c7e57dfdbda833b69bd01bdd810951f2cd0aa6af18bdb960d539e6d4ba2
conv_output_silu-5	5	3	6144x1x1x1	24576	pos3/conv_output_silu-5.f32	a3f0e16e0d445d5912a3b2fe2ecf76290d78a2c81be1450014e5b42290201570
q_conv_predelta-5	5	3	128x16x1x1	8192	pos3/q_conv_predelta-5.f32	373a747600e499d2d6ca68da0d1ab671d844554538a949ac3c837b4a247734d0
k_conv_predelta-5	5	3	128x16x1x1	8192	pos3/k_conv_predelta-5.f32	9758602bc1845b0e95569cf09b5785040b4e57cb1e0f8ea6af079c991c1db25e
v_conv_predelta-5	5	3	128x16x1x1	8192	pos3/v_conv_predelta-5.f32	22a1c7fad1ee540aa3efb487cebd663ff8aeed897647bf18d7f86cd39b2353ee
a_softplus-5	5	3	16x1x1x1	64	pos3/a_softplus-5.f32	3e4ffc5c921c21e5aa7aa3877bcf622caad1f8c4a12ed2f2b3a5c071555256ae
gate-5	5	3	16x1x1x1	64	pos3/gate-5.f32	b34fa7a9e2feceb085879efe40ae99df49ff836795d2d6921123af6ebd3a44d4
beta_sigmoid-5	5	3	1x16x1x1	64	pos3/beta_sigmoid-5.f32	30bd115cd901994dc9b4ea26be909f510d96d7f9eebe917d9b395b8c30e3faf8
state_predelta-5	5	3	128x128x16x1	1048576	pos3/state_predelta-5.f32	eb2c09fdbbb615fba344bed4c7a43771618dc61c3ee6b3d2f1c5048628733125
new_state-5	5	3	128x128x16x1	1048576	pos3/new_state-5.f32	bd1107117708c6926c6ecec6a98d1b9a4190e6e8548d16f222449cb0d1ae830b
attn_output-5	5	3	128x16x1x1	8192	pos3/attn_output-5.f32	6be004ae88eae2767169e1b2785fa454678db0073c8ea69cc1a042dab300f2c4
z-5	5	3	2048x1x1x1	8192	pos3/z-5.f32	aa8fd1fb4d422f016d9b207ce5e8463e0b3d735278a08d5856d3a7890024d031
final_output-5	5	3	2048x1x1x1	8192	pos3/final_output-5.f32	bd99e7de8188027b9d8e3888b6999c918ff63d3f915871531a10c3c6248ca059
linear_attn_out-5	5	3	1024x1x1x1	4096	pos3/linear_attn_out-5.f32	e3cd2305066c372709441637ff61497827e6e5dc5b9b8bda7fbc2fc6c5939c36
attn_residual-5	5	3	1024x1x1x1	4096	pos3/attn_residual-5.f32	f69aa5705c5dea18b91f6675018871e64c9e8226b53c47d7d5b94caa9bca655a
attn_post_norm-5	5	3	1024x1x1x1	4096	pos3/attn_post_norm-5.f32	1607d2d22d15ac88b4941246c1d5b012f9375c43066f1455f1b44bb3fc353db0
ffn_out-5	5	3	1024x1x1x1	4096	pos3/ffn_out-5.f32	bc57591e2ecf3c70a7d606f9f03ca4fb21036c5be5180f487fef7cd61f5b4702
l_out-5	5	3	1024x1x1x1	4096	pos3/l_out-5.f32	01ef77595d0ef73b9944a6a550734dca30704209e3d6f192738fa5e1d026e758
attn_norm-6	6	3	1024x1x1x1	4096	pos3/attn_norm-6.f32	b57351e9e1b06b9851ac5c2bee7bb7604dfa6298b8ed4125931267cb05fcbce4
conv_output_silu-6	6	3	6144x1x1x1	24576	pos3/conv_output_silu-6.f32	ad9f3a13014fc37094d32964d44f735dd071f97120dab23b27f438edcff2c9ec
q_conv_predelta-6	6	3	128x16x1x1	8192	pos3/q_conv_predelta-6.f32	5deb12edcec413b56270c5cf4be2b2b7ddfeedbc5d49747a391acd885dcfd3a6
k_conv_predelta-6	6	3	128x16x1x1	8192	pos3/k_conv_predelta-6.f32	44c7a7fe97906f4939cc96e2e392e8de18044ba8a01c781ad03c72f36d74ef3a
v_conv_predelta-6	6	3	128x16x1x1	8192	pos3/v_conv_predelta-6.f32	74642816db7c669d1e7799762d3efef8ae2bc431263bf6100f2f5459b97a07be
a_softplus-6	6	3	16x1x1x1	64	pos3/a_softplus-6.f32	ba955d804697c5808286b870ad285c5e7b154fde9014a53626aede17d5a71cb3
gate-6	6	3	16x1x1x1	64	pos3/gate-6.f32	2525ccd4f440cbd362458d4c6356bffb4d9f962797001ab9317784670cf2d8ae
beta_sigmoid-6	6	3	1x16x1x1	64	pos3/beta_sigmoid-6.f32	b95416a3e23cb9997a4c3c0f49ed1455846501a392bb58a9d4b1fc859df70c10
state_predelta-6	6	3	128x128x16x1	1048576	pos3/state_predelta-6.f32	806fbc0d0bbbdf17ffead57149c1bad0024a41ed914827d1cf4e545f4d1e99c9
new_state-6	6	3	128x128x16x1	1048576	pos3/new_state-6.f32	33dfa968690544f1ee1ac4c4d34ba125fa074f470ec0d9c197ce60e703334355
attn_output-6	6	3	128x16x1x1	8192	pos3/attn_output-6.f32	a147765972c9df214146059e519667eacb00b9090279cbb996bd7420aa237a82
z-6	6	3	2048x1x1x1	8192	pos3/z-6.f32	88793bc1a08e024720d4763cceb8516a99891c5e59615a737872010e5380204a
final_output-6	6	3	2048x1x1x1	8192	pos3/final_output-6.f32	6f75f7b88d1b83172adf3457bb0eba59e068043dbd26aa53d3cc0353f0228286
linear_attn_out-6	6	3	1024x1x1x1	4096	pos3/linear_attn_out-6.f32	49b4bef7dde56841996cf8c17ccbd250bb1aa89dffdc89735d2664bae40d2552
attn_residual-6	6	3	1024x1x1x1	4096	pos3/attn_residual-6.f32	674f1f0c20a5163b103b1c528ebc7c22f9268492f01b51c217f5760ff95b8685
attn_post_norm-6	6	3	1024x1x1x1	4096	pos3/attn_post_norm-6.f32	96cc808e097ae5a5b44e4923d8e852565d0bf88363ac5cb16b08bb48955876d3
ffn_out-6	6	3	1024x1x1x1	4096	pos3/ffn_out-6.f32	de694d37187ba121510bced9f6a66b23f85962db11f2c9d90d3050988985a5be
l_out-6	6	3	1024x1x1x1	4096	pos3/l_out-6.f32	3a95008ec4b2ee863869c25ca04c83688a3bdb2396a67a975ff4b6baf3bfd544
attn_norm-7	7	3	1024x1x1x1	4096	pos3/attn_norm-7.f32	0d33f2e6d0f4d38e846b79794c46e584f7849142ea7c5c5e1cca0925d1871503
attn_pregate-7	7	3	2048x1x1x1	8192	pos3/attn_pregate-7.f32	04c59d7b266b9113a4eaae40650d6499e0a816dfa0670744dd87214141fc0972
attn_gated-7	7	3	2048x1x1x1	8192	pos3/attn_gated-7.f32	2d80ca87b8cb4cef27b7d3b39763d6999d538d73fb415c827e7154ea69038b91
attn_output-7	7	3	1024x1x1x1	4096	pos3/attn_output-7.f32	19dc29b8b541c5fa373b38b6a64a90bc9bfee5b33e2f628883c294d6352961dc
attn_residual-7	7	3	1024x1x1x1	4096	pos3/attn_residual-7.f32	ef3420223fb33b1a66537fb56785ad40315ea13fe4ba6cf3d50b6f6f145e0cb9
attn_post_norm-7	7	3	1024x1x1x1	4096	pos3/attn_post_norm-7.f32	ba1ea28d1b0445654cb88794e974ea8a5f2f3e4f508d17e33269a4c02fbcfa93
ffn_out-7	7	3	1024x1x1x1	4096	pos3/ffn_out-7.f32	37e9614a0273d0c8d4d8d1b621c74145970fb01de773f63ca5c040c593374343
l_out-7	7	3	1024x1x1x1	4096	pos3/l_out-7.f32	420b7691e68a71842d5c8950b692dbaf570e2179d32912cad170511059ae523e
attn_norm-8	8	3	1024x1x1x1	4096	pos3/attn_norm-8.f32	eab75e56e6ce9ab0f46ac380c427bf32d5c2a361dbb064c6f63b2a4be4a5a4ab
conv_output_silu-8	8	3	6144x1x1x1	24576	pos3/conv_output_silu-8.f32	1765113b84ead394286e4b7ea6b490e01e2a301b21612976867ceea32629f689
q_conv_predelta-8	8	3	128x16x1x1	8192	pos3/q_conv_predelta-8.f32	30fc1ba182140fee9019944e7da213bb277c68118389672cf2a4318d8f40fc20
k_conv_predelta-8	8	3	128x16x1x1	8192	pos3/k_conv_predelta-8.f32	412951d77b6433e26e4c507e7dc7a6d9eebe3e4f798a76bc77a888315e4f3db0
v_conv_predelta-8	8	3	128x16x1x1	8192	pos3/v_conv_predelta-8.f32	c3c7869723ed87148462052234ab57309c7f81979db5de6addad1b41d3789f9b
a_softplus-8	8	3	16x1x1x1	64	pos3/a_softplus-8.f32	1ca3909346ca2b815549c225f0adc6c8a435ee497e7f1d27573780719d5c6147
gate-8	8	3	16x1x1x1	64	pos3/gate-8.f32	692a486b69f30c843acf46b95f14a88cc38b5bfce14a7a416e8ed21affc2d019
beta_sigmoid-8	8	3	1x16x1x1	64	pos3/beta_sigmoid-8.f32	1104c43acd38ed2a83a89a8aa0671dbdd4291730b7e5a357c56ee7ed2c115ad5
state_predelta-8	8	3	128x128x16x1	1048576	pos3/state_predelta-8.f32	1883440f85d7787c7d45b3782a73e7afce679b4c317148b3483c64b312fa5504
new_state-8	8	3	128x128x16x1	1048576	pos3/new_state-8.f32	f2789f42674eea13145472e98d5d561efeb03f55d7b09896025c41bc7c179842
attn_output-8	8	3	128x16x1x1	8192	pos3/attn_output-8.f32	e708139a8e5680edc5f9228e7c56ec572a1f635c0de54c63b9db3d6f4ade0553
z-8	8	3	2048x1x1x1	8192	pos3/z-8.f32	db70aadb6af67cee9044d1452b6ac2c9524c368915bd409b2853fc829ee3318f
final_output-8	8	3	2048x1x1x1	8192	pos3/final_output-8.f32	53b5b400538207ae6f57807ac981ce1577f36639bd09715243ecdff14bb04e69
linear_attn_out-8	8	3	1024x1x1x1	4096	pos3/linear_attn_out-8.f32	a56efca27169ce6d72a1ab1f104cf42aa7f3f533ef2a5fd360f6794f33481917
attn_residual-8	8	3	1024x1x1x1	4096	pos3/attn_residual-8.f32	ef7430703f0d674921f6c611604725de9969797cff2f56352d1dbcc4a2111ba2
attn_post_norm-8	8	3	1024x1x1x1	4096	pos3/attn_post_norm-8.f32	7c3460f1083e3c35c617010a3d969c8d7738e0c2a663cd314c85670e82855c22
ffn_out-8	8	3	1024x1x1x1	4096	pos3/ffn_out-8.f32	ba9cdfb03a911a294e5c438328dc3590cb839ac7a336a7b3fb8771fc626fd53d
l_out-8	8	3	1024x1x1x1	4096	pos3/l_out-8.f32	7ab61e11d3d2460443c00078a71313044bc36c1bb95c4afda875d5c7e7e9285b
attn_norm-9	9	3	1024x1x1x1	4096	pos3/attn_norm-9.f32	21618e129be2f4c7dc88ed4c3c3a8ee1788fc881f96b1fb833e996aa23284e87
conv_output_silu-9	9	3	6144x1x1x1	24576	pos3/conv_output_silu-9.f32	deba9dae3cd4a9f4409ca2db64fe3a440a534809eeede11baa9de7959fdf2c4d
q_conv_predelta-9	9	3	128x16x1x1	8192	pos3/q_conv_predelta-9.f32	883c0e2335ce43bcafe7ac18b106df46d3b231afa743d31ceccda11ab1a1d343
k_conv_predelta-9	9	3	128x16x1x1	8192	pos3/k_conv_predelta-9.f32	0e6e2b40f5aa73bd2fedc056428dd7cc0f3c1d389ff98417a469b65e682ffd6c
v_conv_predelta-9	9	3	128x16x1x1	8192	pos3/v_conv_predelta-9.f32	bddfa87716110c968d7a381d94ac245bf7617ed4a40c04fe6a4db61f4769baaa
a_softplus-9	9	3	16x1x1x1	64	pos3/a_softplus-9.f32	0435277443716272349a056e6ecded392e3d207232e703514fb26158a0b8888c
gate-9	9	3	16x1x1x1	64	pos3/gate-9.f32	21bc3ae6f80ff8c0cd53dae174fc4444486f3195bb10b450caa072cc725096f3
beta_sigmoid-9	9	3	1x16x1x1	64	pos3/beta_sigmoid-9.f32	6550c951f0ea425f6c0dbb0c3f6af2ce5a480caf2122e708f637c78d1063d2cb
state_predelta-9	9	3	128x128x16x1	1048576	pos3/state_predelta-9.f32	36bb45445fc1d99f2c03584cd011e3a851c6ada2dcb86d351bdf55fa9d95f3dd
new_state-9	9	3	128x128x16x1	1048576	pos3/new_state-9.f32	27f3973c20ba6f14df2e8a81300521526a2c8bc9a2c1d16b6dace77f8792910e
attn_output-9	9	3	128x16x1x1	8192	pos3/attn_output-9.f32	a69aec4b0d7c774e4f16c89236eeca0ccf369e5d9cd44ceb673352aca1d08461
z-9	9	3	2048x1x1x1	8192	pos3/z-9.f32	88da42c8fb23c457669c5736daf43bc15f85796e57e53ade0c4afed2c3a5c84e
final_output-9	9	3	2048x1x1x1	8192	pos3/final_output-9.f32	46c224f7274e376fc9218a383dcd36173e89fe20c532a862b9c7146ff93916b6
linear_attn_out-9	9	3	1024x1x1x1	4096	pos3/linear_attn_out-9.f32	d9b611d9bfaf0fb4b846a6622f9d8c71e3be3c447d4a0866e91111c35e19cd62
attn_residual-9	9	3	1024x1x1x1	4096	pos3/attn_residual-9.f32	cbee9ae0b38bc7df63c5ce8ab55b049331236430f52a76456e408891449a608b
attn_post_norm-9	9	3	1024x1x1x1	4096	pos3/attn_post_norm-9.f32	430e034076931ab374f90942a9e0467dd96647338f0ade75a721ab5a3a3525ec
ffn_out-9	9	3	1024x1x1x1	4096	pos3/ffn_out-9.f32	a32abd5f7dfee98e7278d19bd709de57dff45c15a0ba4dd77216dda035cc9182
l_out-9	9	3	1024x1x1x1	4096	pos3/l_out-9.f32	5c1bfdb48884b568daf9d286f7e5e6506f7d9b9f7e641687035b04812a0130ce
attn_norm-10	10	3	1024x1x1x1	4096	pos3/attn_norm-10.f32	b3f0cc018478632ef99edad132ebba5f93dedc5cac9458768723f0ca22d3b838
conv_output_silu-10	10	3	6144x1x1x1	24576	pos3/conv_output_silu-10.f32	9f64aebb552f82df46a36e7d392f4163ae0b7eaf27947b80331789dc3ff7a3ed
q_conv_predelta-10	10	3	128x16x1x1	8192	pos3/q_conv_predelta-10.f32	9519256c5832c1f7a675d8d666df9c82639c8e3274367862112dfef5c719836c
k_conv_predelta-10	10	3	128x16x1x1	8192	pos3/k_conv_predelta-10.f32	8ee054c32cef5f3fab3d4d16a7c7c4fe8cf5e27994ca8d7f55e151b3c6f85172
v_conv_predelta-10	10	3	128x16x1x1	8192	pos3/v_conv_predelta-10.f32	e46fbd462ab6b9ee4996158beec74fb59d73f79985b8a40dcf539f247aa07276
a_softplus-10	10	3	16x1x1x1	64	pos3/a_softplus-10.f32	5ae1dd7b7664189cd77627b9d35759a8070b2f92bbcc7a06c646b5d3eab82eef
gate-10	10	3	16x1x1x1	64	pos3/gate-10.f32	1c8c9faf6b9ec86546c470976225398e4657b639162a0e2ad1cc46bbff19bb54
beta_sigmoid-10	10	3	1x16x1x1	64	pos3/beta_sigmoid-10.f32	0aff36249f705e7ba48ec5ef19ec59e7104b983360031eaba5213ef82f8601c8
state_predelta-10	10	3	128x128x16x1	1048576	pos3/state_predelta-10.f32	143c9fbe23a470522e352bc4c50248b9eb2e86592d980c01c94f9bb46b39c7ae
new_state-10	10	3	128x128x16x1	1048576	pos3/new_state-10.f32	87ab3b983a0d7598e8f385194b950ea88863ed2e1ae00f2983fc0b130bde4573
attn_output-10	10	3	128x16x1x1	8192	pos3/attn_output-10.f32	8203003db482063bca3704ed6c26788ed6c56156c23a65a4a913b44a3d748308
z-10	10	3	2048x1x1x1	8192	pos3/z-10.f32	bf80b518cf76f9b5cf03a167f64e72a99bc45c51a2ee09e37354f83f5fbc6a1a
final_output-10	10	3	2048x1x1x1	8192	pos3/final_output-10.f32	3c737721db3b10c1f80766188d8cdeab4c4bc30a4bc93ee3c9cfd549bbae7f71
linear_attn_out-10	10	3	1024x1x1x1	4096	pos3/linear_attn_out-10.f32	6b2d4b3906a285d7708e9c6ec999ce2f40d27d69b5a0a4d7222b6e24299db0d0
attn_residual-10	10	3	1024x1x1x1	4096	pos3/attn_residual-10.f32	0714cbdd23970e45ea5080753405865fbf742e57f49f75f4323a6bc38854969c
attn_post_norm-10	10	3	1024x1x1x1	4096	pos3/attn_post_norm-10.f32	5e77b638b2d01335ab5ca0689337899dc15d910cf97bc9e31d266878b78677db
ffn_out-10	10	3	1024x1x1x1	4096	pos3/ffn_out-10.f32	947a66a57616f81e8500c222f5582c8e10b81f6337d7ded26d16f9f638826a79
l_out-10	10	3	1024x1x1x1	4096	pos3/l_out-10.f32	8409d830f4ff3f2c0645fb28dcd61a159d8e48e1f00d9627da82cfc4daa17472
attn_norm-11	11	3	1024x1x1x1	4096	pos3/attn_norm-11.f32	75a188686f2dfd402e38a28c3610beac6646b2b1899ccad7ee7468ceee2feb2e
attn_pregate-11	11	3	2048x1x1x1	8192	pos3/attn_pregate-11.f32	3917bccd2ae26602a033ae059e00ed96b38f22b051b0a2d127c3eef9bfee5dc3
attn_gated-11	11	3	2048x1x1x1	8192	pos3/attn_gated-11.f32	9b79831b7fb9c8248bca3c8d5d89744673f2ac2a4f7a743910adf24a33398fe5
attn_output-11	11	3	1024x1x1x1	4096	pos3/attn_output-11.f32	a0b9fc61206e70454ddc122da22ac98ca49bf19ad332402e921350957f095f96
attn_residual-11	11	3	1024x1x1x1	4096	pos3/attn_residual-11.f32	3628bc72e531d3fd771c94eb055c99ae8e9b71259029ccccf9d45803e2de9380
attn_post_norm-11	11	3	1024x1x1x1	4096	pos3/attn_post_norm-11.f32	487edd51508ef87fbf40643da06c3ca244891526fe7b27c7a0ebeac202763900
ffn_out-11	11	3	1024x1x1x1	4096	pos3/ffn_out-11.f32	72ca37f2464d1c7d1d371bb7b3a94b52160b971162e9e9d066dc43714190e81a
l_out-11	11	3	1024x1x1x1	4096	pos3/l_out-11.f32	93a91153c96b4ee3f8a15e26fe1ed7c86a989fc2f50cd1283e7f744cde202aa2
attn_norm-12	12	3	1024x1x1x1	4096	pos3/attn_norm-12.f32	d67a13c14ed19028a795ad5af22d60bf68a1897407722eaa8aab36b766d75058
conv_output_silu-12	12	3	6144x1x1x1	24576	pos3/conv_output_silu-12.f32	ab662f237979089c8661d731f9247a8f694449ca314e3d078bfb6a2122bdf302
q_conv_predelta-12	12	3	128x16x1x1	8192	pos3/q_conv_predelta-12.f32	fbf35475ae36b4c54914f2169fd209a57189d762805590abfcfb877d37530850
k_conv_predelta-12	12	3	128x16x1x1	8192	pos3/k_conv_predelta-12.f32	cd76656d90190cf96ad10551ee1454784e2449130e0535b9fe4ad5f6b28b5426
v_conv_predelta-12	12	3	128x16x1x1	8192	pos3/v_conv_predelta-12.f32	bdbefea23d617c5116bb27092c06551e21f4129abaead8d186c6fe84d6841ff9
a_softplus-12	12	3	16x1x1x1	64	pos3/a_softplus-12.f32	931b5d37524a0beefa57c9bb981bc1a0697f6ccbae724912f22f11e63476fb5f
gate-12	12	3	16x1x1x1	64	pos3/gate-12.f32	596a187a8ae1b5bc371c10985e7a3a0bb1f49eb5f5dcc9f4f6cba0ba899e8825
beta_sigmoid-12	12	3	1x16x1x1	64	pos3/beta_sigmoid-12.f32	be008e51fd6f6c5a900a6eb5f28ac5d17790e301e8f88f618a5bd06cf3c4a73a
state_predelta-12	12	3	128x128x16x1	1048576	pos3/state_predelta-12.f32	d6693739a12709ca592f378856c20ef325de17701d4a72dc5622da100226423b
new_state-12	12	3	128x128x16x1	1048576	pos3/new_state-12.f32	d27d0919cacdb17fe6e4a233da55b13453d119ef6c8e7a14f09b5c02fac65463
attn_output-12	12	3	128x16x1x1	8192	pos3/attn_output-12.f32	6c0f3c0f8c5819ef8db6556dad4f078e217c514d88474a813377fcc923625dc1
z-12	12	3	2048x1x1x1	8192	pos3/z-12.f32	a6b61c13e37817940b9f15e2f13101335c9e0f3a49c9a8360cd15c26ecc7530a
final_output-12	12	3	2048x1x1x1	8192	pos3/final_output-12.f32	2f1d16cd7b29a240c2293a0d24f6d10b9becfdc23a853e3f43735b07bea2da5f
linear_attn_out-12	12	3	1024x1x1x1	4096	pos3/linear_attn_out-12.f32	ab6b07c6048990b67d6bb8ad45b80afd4e888a294ae797b88347be1d526279f5
attn_residual-12	12	3	1024x1x1x1	4096	pos3/attn_residual-12.f32	31c40987b7c141a5a476c7b8bc966c6fb1892fd2ec2a589ad33fcded7ecba348
attn_post_norm-12	12	3	1024x1x1x1	4096	pos3/attn_post_norm-12.f32	fae0b550a374713fb0f44cbf259eea1212dab91f5a7925a95799c1ede05752d0
ffn_out-12	12	3	1024x1x1x1	4096	pos3/ffn_out-12.f32	4a28c57851bcd04490e9c79da2c1b89792bfd108ab19ec0feaf413bad449499c
l_out-12	12	3	1024x1x1x1	4096	pos3/l_out-12.f32	04c5e40a83e7564de6ae5ab962be7a2d33bebb5692be0d73aaf4e7baa291b979
attn_norm-13	13	3	1024x1x1x1	4096	pos3/attn_norm-13.f32	0e02cf77230f035f99a6f05f984e0b36a4f5723c1d845b69e38bef75ed9c0bfd
conv_output_silu-13	13	3	6144x1x1x1	24576	pos3/conv_output_silu-13.f32	34316a5aa391a20a1bcbabfeea236519c2ba9b8ba9a61c763ed87416ddcf0a57
q_conv_predelta-13	13	3	128x16x1x1	8192	pos3/q_conv_predelta-13.f32	4c0f49b712a0861c181c199b0385176e13fe31bcdfadc135fedb0e56ab523efa
k_conv_predelta-13	13	3	128x16x1x1	8192	pos3/k_conv_predelta-13.f32	a7df204ed18af26b6f4ff90fd7c9240fedd851034a849f1a4173b8d6afacabbc
v_conv_predelta-13	13	3	128x16x1x1	8192	pos3/v_conv_predelta-13.f32	f34ac43858d7e2a10bd9744b5ecd7e82d76cb9502ff9f95091405843cbe0d848
a_softplus-13	13	3	16x1x1x1	64	pos3/a_softplus-13.f32	e7eb853b1a12c6df4871d6211cbe073e1ec826508e615d9cb2dc338fafda45a3
gate-13	13	3	16x1x1x1	64	pos3/gate-13.f32	b3800ee1d781ce77bb1f5e87dbf467f6b7748a298ab8534c042cdfbceeaa0183
beta_sigmoid-13	13	3	1x16x1x1	64	pos3/beta_sigmoid-13.f32	06e7749927646371254586ddf087929f4b73e8de07fac6cba21e9357c4e11ed5
state_predelta-13	13	3	128x128x16x1	1048576	pos3/state_predelta-13.f32	aad69d969ad32de0729d39162d2f898047dfc7d57162ad0df7072336d9478995
new_state-13	13	3	128x128x16x1	1048576	pos3/new_state-13.f32	9437976859c14807af403e9df4c21941f3fc208a68570c82a5c347fb3ea094ff
attn_output-13	13	3	128x16x1x1	8192	pos3/attn_output-13.f32	58d83c21fe534d90b2833a053ea13ab5c49003e13fdc3d77fa3a3543fb84d634
z-13	13	3	2048x1x1x1	8192	pos3/z-13.f32	0c209f4bb8c2ef63d26f7589bbd9d1af59b62523e6ca0f83b252c5460763ec03
final_output-13	13	3	2048x1x1x1	8192	pos3/final_output-13.f32	685878846d7623b3fe4708fcb6297088fbeeee6af9bb0089bf66eba30501be5d
linear_attn_out-13	13	3	1024x1x1x1	4096	pos3/linear_attn_out-13.f32	fe3f22a0856cc4f4bbf6057e9c6e145471700bed35c1b1fe4c04070d00d9f7f0
attn_residual-13	13	3	1024x1x1x1	4096	pos3/attn_residual-13.f32	9fd1a5e8e2f85342e965c7ebd53e654ecab30db0742119c8a23cd994ce2868d1
attn_post_norm-13	13	3	1024x1x1x1	4096	pos3/attn_post_norm-13.f32	cf21b5cc6dd8828be5d59f429b8083591c39bb02302197fd00bf0a0483247005
ffn_out-13	13	3	1024x1x1x1	4096	pos3/ffn_out-13.f32	d3b62aabdf837728b853dc09cc0c8409dd2dfde296d8c8417cf63bceecc43854
l_out-13	13	3	1024x1x1x1	4096	pos3/l_out-13.f32	3035f80faca22a4c0dc4fd8c812b9aefecfc331b32a0f2788a7c2b8d68dad311
attn_norm-14	14	3	1024x1x1x1	4096	pos3/attn_norm-14.f32	e43efe17469a08902273d965694fcb7d9fd75faf85d874b52e349aac97661839
conv_output_silu-14	14	3	6144x1x1x1	24576	pos3/conv_output_silu-14.f32	2e4e00919547da9ed71bf55737d8d2cb0f887ea9e90b019f03a871c969c1f5c6
q_conv_predelta-14	14	3	128x16x1x1	8192	pos3/q_conv_predelta-14.f32	896206b2e41f4d1922840ebef04982ab84b3dee44f7dd80ca93c42db0ecb1e92
k_conv_predelta-14	14	3	128x16x1x1	8192	pos3/k_conv_predelta-14.f32	35d6076e22c4816c9e3e67356eb082236d4c130be12aec912f2671d7e1d5feaa
v_conv_predelta-14	14	3	128x16x1x1	8192	pos3/v_conv_predelta-14.f32	983944e69a15c73ed603a329def5f10251bb9a61c1748ef42b0035ab90092ab0
a_softplus-14	14	3	16x1x1x1	64	pos3/a_softplus-14.f32	36fe2a048189d08f529fa12b8027c713095e1b6b0469e3a5768242350f0b21ad
gate-14	14	3	16x1x1x1	64	pos3/gate-14.f32	7c2cc59008af19733ce4b54415228d49b10c5a6464dfd4b49440c8258c00d787
beta_sigmoid-14	14	3	1x16x1x1	64	pos3/beta_sigmoid-14.f32	2d57d376254a674a8c1507a0c359a795d76234387f8b97913828bb2b9d2707cb
state_predelta-14	14	3	128x128x16x1	1048576	pos3/state_predelta-14.f32	903c6299eb049deb4728cc233065fa8f355ae3ecd37a80b89e9babdd776d3941
new_state-14	14	3	128x128x16x1	1048576	pos3/new_state-14.f32	20d794c89ed0eda8cf710a44cae4368050f5a6f8f1a16f714cfa12bb36f884fe
attn_output-14	14	3	128x16x1x1	8192	pos3/attn_output-14.f32	6c9fd2f78431eb229dfda56b933b70d4df737a3329170cd0e528e53e22fb2a20
z-14	14	3	2048x1x1x1	8192	pos3/z-14.f32	52fcfacf5b18e736697be83bff573dc88bd81e1aa8c43a2f1841806878b9084f
final_output-14	14	3	2048x1x1x1	8192	pos3/final_output-14.f32	be664dd3c676fffeca08a8b330507d77e144a437368bdcc93de5e30b702f77c9
linear_attn_out-14	14	3	1024x1x1x1	4096	pos3/linear_attn_out-14.f32	b6656cc806a8622d4c9cf9d9f14f8da95f495569c2b9b6e3d2c64a02976a60de
attn_residual-14	14	3	1024x1x1x1	4096	pos3/attn_residual-14.f32	576487956f7871175554ace08092faf671daf46b4c7d7d80994b3a2279b55ffd
attn_post_norm-14	14	3	1024x1x1x1	4096	pos3/attn_post_norm-14.f32	cf54f586d62cb1ce8ba62db5cfcb07421b47cf865a283175fe5798027234436f
ffn_out-14	14	3	1024x1x1x1	4096	pos3/ffn_out-14.f32	516ccc2929310b150752d4a0e164987f5758a757c8fd86fe245d2ca2e857505f
l_out-14	14	3	1024x1x1x1	4096	pos3/l_out-14.f32	279413df8fe7a2f11ea706702f28d930b1e0b747fc75f1f92519e0dbb19908a1
attn_norm-15	15	3	1024x1x1x1	4096	pos3/attn_norm-15.f32	28d8d1077fafb0ff0d274defeef64c997782d949c5a541abfd244fc95e6b11b0
attn_pregate-15	15	3	2048x1x1x1	8192	pos3/attn_pregate-15.f32	5e96fb1e03127b939cb0fe95c1a444ecc68357716734c06f4c4b3da4be13a731
attn_gated-15	15	3	2048x1x1x1	8192	pos3/attn_gated-15.f32	bb601df1c7d812a219caa90680ce5e429648182c393bb1ef910b087d1475196b
attn_output-15	15	3	1024x1x1x1	4096	pos3/attn_output-15.f32	f08aff002ba9d83ffc05ab28651b27adf5084b46c7a94d689a9b00718675ca14
attn_residual-15	15	3	1024x1x1x1	4096	pos3/attn_residual-15.f32	1524a80ee98ed3983bbbf55b6a2c3b8013ba28c32f7588ae1bfbe50a87f450f1
attn_post_norm-15	15	3	1024x1x1x1	4096	pos3/attn_post_norm-15.f32	b4dc512dd3aedc41d9a0cbc8073eab6ee894bdd9b6f3bba957f45ce723617955
ffn_out-15	15	3	1024x1x1x1	4096	pos3/ffn_out-15.f32	fdb11158bcb47cec47ec1375bbd63732dd8087c31aeb138fb5ef1513648c55eb
l_out-15	15	3	1024x1x1x1	4096	pos3/l_out-15.f32	32ff45cb24ee5beaaf5e75b1eda03a16c2d1863c48ae6d6f64c660db4cfdc1c7
attn_norm-16	16	3	1024x1x1x1	4096	pos3/attn_norm-16.f32	4bfb607e799f55a778769e8b6769874a9698d799a3e8978fbb649048a285f1f2
conv_output_silu-16	16	3	6144x1x1x1	24576	pos3/conv_output_silu-16.f32	5d426d00b93df1f4736c0368198e9436333582af7ad4dc05d80e04d8f2ff676e
q_conv_predelta-16	16	3	128x16x1x1	8192	pos3/q_conv_predelta-16.f32	69af7143f93859afe5f050ddef3ee3a06dce1b91fd2bc2a4af46adb5dff95deb
k_conv_predelta-16	16	3	128x16x1x1	8192	pos3/k_conv_predelta-16.f32	f2c0df6210879eb0fe0498c46a11acb34be111ac0f095937b6ec5a93786ec8c4
v_conv_predelta-16	16	3	128x16x1x1	8192	pos3/v_conv_predelta-16.f32	8dce41b76f1dab62b5c45051c18054c8225e2630d4df95944e1c327d4b78a3fe
a_softplus-16	16	3	16x1x1x1	64	pos3/a_softplus-16.f32	b603012bea8c9f808df487d1aa010675114053867b02149624c5b0931498572e
gate-16	16	3	16x1x1x1	64	pos3/gate-16.f32	f387bf1942ca1918371149b68b51100a096b1e73999bd6bfecf0dccc0d827738
beta_sigmoid-16	16	3	1x16x1x1	64	pos3/beta_sigmoid-16.f32	090921ffdafa80ffd319ea29772e3d2f3a26682e97bf3114ef0b210eedb30b9b
state_predelta-16	16	3	128x128x16x1	1048576	pos3/state_predelta-16.f32	705847b970df408ff44bf3432ecd1491c239a2ad6cf9e4699de0fe82b8cb36c2
new_state-16	16	3	128x128x16x1	1048576	pos3/new_state-16.f32	ea31ea6e8de72a1831e5fadf7503c65338051e2608d2fa2bc4701594d35c3db1
attn_output-16	16	3	128x16x1x1	8192	pos3/attn_output-16.f32	d3c1c961f82f7494c1474ae005d6b0a2942f593c9fe150497e6cdedc46279a04
z-16	16	3	2048x1x1x1	8192	pos3/z-16.f32	bd39456b3c02ffc54230af60574978a282b6f98b1795aff22b98cd4dc2568615
final_output-16	16	3	2048x1x1x1	8192	pos3/final_output-16.f32	2dbb96a9b0dec7f7978066a8c8f906f678a54498b5995b0043ccd0e3f19df9c6
linear_attn_out-16	16	3	1024x1x1x1	4096	pos3/linear_attn_out-16.f32	50fb29268b9f2fab64fb28fc5f847152e69a361afe98ba0e4ec2fe693c1fff48
attn_residual-16	16	3	1024x1x1x1	4096	pos3/attn_residual-16.f32	c87bd725b7595aaa0542d2d17d7dddfe2ad2d553f80224ce1332678fea1509f6
attn_post_norm-16	16	3	1024x1x1x1	4096	pos3/attn_post_norm-16.f32	9383e2963bf64d93c658de9c5e559e029c7878251b903fcf64d969b68d2ab0fe
ffn_out-16	16	3	1024x1x1x1	4096	pos3/ffn_out-16.f32	066dca940c1c7db1476786151dfc99323914bbd754ed694e1c58ddb77da64e93
l_out-16	16	3	1024x1x1x1	4096	pos3/l_out-16.f32	5fa8bc72cc25fb27b3dc5fd0c5a3bbea7b8b5e07bbc9c8d7d99c2a0ac56ee5e2
attn_norm-17	17	3	1024x1x1x1	4096	pos3/attn_norm-17.f32	b1e9ecf3f30e8b0c020664bc06daba1e2b33a40b3a4fb350e85364881333ab7b
conv_output_silu-17	17	3	6144x1x1x1	24576	pos3/conv_output_silu-17.f32	8fdb2b6bc4d695a7639bbc69d8aaaee3ad9350ddf2ac31acda2f78270a4a40e1
q_conv_predelta-17	17	3	128x16x1x1	8192	pos3/q_conv_predelta-17.f32	51d35672347706a1c42ace053681e0a68b776eacfe03b8dbd6a99388f31153e5
k_conv_predelta-17	17	3	128x16x1x1	8192	pos3/k_conv_predelta-17.f32	1d333ad3723ea45c0002e892f604fd67fde90ebcac66c8e99a3c87074566ae63
v_conv_predelta-17	17	3	128x16x1x1	8192	pos3/v_conv_predelta-17.f32	61047d1af3636b37358ea67a057dfbad2e9a45381eefa378728d85207a38bd23
a_softplus-17	17	3	16x1x1x1	64	pos3/a_softplus-17.f32	82c041c22eb43f87a4d330cbad92028992fb6865343cc1f2812b02cb7bda890f
gate-17	17	3	16x1x1x1	64	pos3/gate-17.f32	d01e49bfcd8d829015fa5a36faaacbc2f9603721b9994cc20d1ac9d8bb5b9680
beta_sigmoid-17	17	3	1x16x1x1	64	pos3/beta_sigmoid-17.f32	055943136d01f3433dcdb67db2550d7fc2f21d060ad921847085a5c6612b2711
state_predelta-17	17	3	128x128x16x1	1048576	pos3/state_predelta-17.f32	e0936208daa84ead9e9452d7d5b9dca71a0566601ccae53e91a02b8719e2c874
new_state-17	17	3	128x128x16x1	1048576	pos3/new_state-17.f32	72aa602a06c1db78f9338ea0cfe2e84bad7cc4c106fe09d9051b50d2c9121f1b
attn_output-17	17	3	128x16x1x1	8192	pos3/attn_output-17.f32	8b88b68d8b32fd8811471ddff7ac7aca5805ec52eef2b5f40c609216731b9d53
z-17	17	3	2048x1x1x1	8192	pos3/z-17.f32	b6a3caf237a982f34031ee7216daa3c7cfd6142e9b7971eab1b5b65118b872da
final_output-17	17	3	2048x1x1x1	8192	pos3/final_output-17.f32	928a93f9ff5233ba00356c00b25af44b9ce68736519ef5dc271bf47ed74a11d6
linear_attn_out-17	17	3	1024x1x1x1	4096	pos3/linear_attn_out-17.f32	283b9623c0cd967226d78340dd9f3e31e1437e4c4ee74901ecf3b6becb782099
attn_residual-17	17	3	1024x1x1x1	4096	pos3/attn_residual-17.f32	cc0b04fa917f553ab8100c540d8b4e90c028b145281684641be2f030456414a2
attn_post_norm-17	17	3	1024x1x1x1	4096	pos3/attn_post_norm-17.f32	e3dd97d327d8a90679f1fed2d5a524de665fca280b005a3b776216b189578f46
ffn_out-17	17	3	1024x1x1x1	4096	pos3/ffn_out-17.f32	6c12b97ad8e85d096c074fcca8889f7b1049dbe07114301fb837af132f38bfb5
l_out-17	17	3	1024x1x1x1	4096	pos3/l_out-17.f32	cb235fd122bbda301edd62baf02652e44cb5452ceb436c666d1b9b3be4cb3fd9
attn_norm-18	18	3	1024x1x1x1	4096	pos3/attn_norm-18.f32	e86b8fb017d706e4af2568af17873c7fb7a130b3fd34117d1f8f9967ea0f1cde
conv_output_silu-18	18	3	6144x1x1x1	24576	pos3/conv_output_silu-18.f32	0223eedbb553f93e847c6f75d5dde3d43db715ce44f4ad8b15505782e0de5032
q_conv_predelta-18	18	3	128x16x1x1	8192	pos3/q_conv_predelta-18.f32	bd31965709eb030e17bfeab6ad8cbe6601f991d7d7cc2e04e328e6c5e8c82f7a
k_conv_predelta-18	18	3	128x16x1x1	8192	pos3/k_conv_predelta-18.f32	48864e3bf3bf8ff482fa789ab204e4a2a50827991b636d84c397a58f851a0ec5
v_conv_predelta-18	18	3	128x16x1x1	8192	pos3/v_conv_predelta-18.f32	488579e8946b28d85ed8f6bf82415baf9d5eb774e1267f67f479ffb3d3928729
a_softplus-18	18	3	16x1x1x1	64	pos3/a_softplus-18.f32	b372673abb5a056205b83291cabbab29f1d92ded97b579afc034abfa7cc43968
gate-18	18	3	16x1x1x1	64	pos3/gate-18.f32	3c9c1a2cfa7912ac7874ddc3a706cd7067ed977d4df7edadc7c6ae1e1ac93f0d
beta_sigmoid-18	18	3	1x16x1x1	64	pos3/beta_sigmoid-18.f32	7a7d07b48c46c7d7cf134fb1cfbabaf12beb0012095f9fa0e5b8cb92843fb070
state_predelta-18	18	3	128x128x16x1	1048576	pos3/state_predelta-18.f32	404e4e14c520bef359dbe833292d811bd7b2aef46aba467b267ad520c42e6abd
new_state-18	18	3	128x128x16x1	1048576	pos3/new_state-18.f32	48f24e072a81d76b2662b778e4b3f15ee04b9ec3d9ac4f71276455ad9a0e7441
attn_output-18	18	3	128x16x1x1	8192	pos3/attn_output-18.f32	d8214bad47afefc78ce85a472a987ab46daf70cd4e08459cc66109384b900c88
z-18	18	3	2048x1x1x1	8192	pos3/z-18.f32	5329f1f595937d6bc77e5359fa0e38187f262372354ef62b47db8b8ab61ad5d0
final_output-18	18	3	2048x1x1x1	8192	pos3/final_output-18.f32	72d73c85fe0e563f50e80c09cbdeca714241b78867368d70f9139952c33468af
linear_attn_out-18	18	3	1024x1x1x1	4096	pos3/linear_attn_out-18.f32	0013ef83c1b666b4747d7e161d34e55b82d1d3438bc59ca135a50137bcf32043
attn_residual-18	18	3	1024x1x1x1	4096	pos3/attn_residual-18.f32	a1db77fc3e918e49dacab6171a6df84a5e75c5bc87a0776e15aa7b0f2186d8a3
attn_post_norm-18	18	3	1024x1x1x1	4096	pos3/attn_post_norm-18.f32	a2fe04471598ed03922407d94479896937ebd2511d5d03cf5bbff6ef1a1d05ed
ffn_out-18	18	3	1024x1x1x1	4096	pos3/ffn_out-18.f32	6e8ae88ba7290c99dd4197c6869a5ffcaabaf629cec6fdf3ca9f2a849e6513ee
l_out-18	18	3	1024x1x1x1	4096	pos3/l_out-18.f32	897cb882f04b1a381dec8fa0235e775c7f31fde84f0465090a0cb56c5d35ba43
attn_norm-19	19	3	1024x1x1x1	4096	pos3/attn_norm-19.f32	9e9bf75fde8f470fb62eb35d86f0a122a455b1c8d5061f772fd25be654f0601d
attn_pregate-19	19	3	2048x1x1x1	8192	pos3/attn_pregate-19.f32	593f09d36a26e0d9116e7793cb6fafa5d45378c40cc9e3fe2a09b9eb59244b58
attn_gated-19	19	3	2048x1x1x1	8192	pos3/attn_gated-19.f32	9990d973e56997fbf3ef8c3dbf374443f8ea032dff251bb8408c8900b5a58fc3
attn_output-19	19	3	1024x1x1x1	4096	pos3/attn_output-19.f32	d2dd043ff1865f7deeaee10aa0ac2ace56ee195d92c7e04169bb69718e583767
attn_residual-19	19	3	1024x1x1x1	4096	pos3/attn_residual-19.f32	b541f4f579989ac9ed66b58dd759d68cf2e23a02746f1f1c8d4a6799aed51ae2
attn_post_norm-19	19	3	1024x1x1x1	4096	pos3/attn_post_norm-19.f32	e7647c09c6512ec914c866be2042a3661c001b11e5432bc6328a4b336128a054
ffn_out-19	19	3	1024x1x1x1	4096	pos3/ffn_out-19.f32	efe268d6dbc117115df4bf24d56fec8a2fd6aa76ec39b366f0aff29210640848
l_out-19	19	3	1024x1x1x1	4096	pos3/l_out-19.f32	d204b3fc128ec14e8b4ecc7083bb8f6a87ed81f5af203f0c99fb1a911664376b
attn_norm-20	20	3	1024x1x1x1	4096	pos3/attn_norm-20.f32	a7d767e2feb47c3ef8dec0bf4b16168e1ddd310329678c96465fd1100a4d7edf
conv_output_silu-20	20	3	6144x1x1x1	24576	pos3/conv_output_silu-20.f32	b086a24f31478c7248141535d395a439c48eca33faa1919d4ecda68520ba3ebe
q_conv_predelta-20	20	3	128x16x1x1	8192	pos3/q_conv_predelta-20.f32	7d98194edaee068413f2879ce8cf251b3035f3fac3ef6f936f2f7a0eca92098f
k_conv_predelta-20	20	3	128x16x1x1	8192	pos3/k_conv_predelta-20.f32	661c356bd40ad6431bca43736b300a3d9f8386390985eed6e62f65a5a1ad76cb
v_conv_predelta-20	20	3	128x16x1x1	8192	pos3/v_conv_predelta-20.f32	b215b8141b16d6ddb908845b2c9a0cc5a9a594bfb5748f502f61420b538a5a24
a_softplus-20	20	3	16x1x1x1	64	pos3/a_softplus-20.f32	02eddf36bab4f7c4d3c0abc526167970f0fb5046a30aaa14acccfe0df528b34d
gate-20	20	3	16x1x1x1	64	pos3/gate-20.f32	bed9d859d685ac55104a1bca6e369df9223a3dcb6eb2d5b472796736330f4603
beta_sigmoid-20	20	3	1x16x1x1	64	pos3/beta_sigmoid-20.f32	2a1b86ed8577a95e891e0ce5176cd419c2a46823c5c1279151e760f60acd9fd8
state_predelta-20	20	3	128x128x16x1	1048576	pos3/state_predelta-20.f32	83c8d8de532032f48f144f661737718d32bd919eda30c3eef5b3700e5b756c22
new_state-20	20	3	128x128x16x1	1048576	pos3/new_state-20.f32	45364beb752737adba13db52b1c51be7e9b96d2113744ea9cff5849263e7358d
attn_output-20	20	3	128x16x1x1	8192	pos3/attn_output-20.f32	5de5c850035d9951a16a6253b7503cef198c91e455e2825d64ca48a2e8d0d2c7
z-20	20	3	2048x1x1x1	8192	pos3/z-20.f32	1c233c05f8dedfb095dd90bae06bc9f3c00909392d96e7b3c6707847322da73f
final_output-20	20	3	2048x1x1x1	8192	pos3/final_output-20.f32	e50316b565aeab652149019700e1c7ae90949fd92b9c82bd1b12af5724d76077
linear_attn_out-20	20	3	1024x1x1x1	4096	pos3/linear_attn_out-20.f32	8bfad4be748351e51f8835b231b12cdb300c56b9b7b8bc785a1aea59175b7f17
attn_residual-20	20	3	1024x1x1x1	4096	pos3/attn_residual-20.f32	05f547ffbde408aad576df4346d390625fc2218a177eec2a0b2c9d7291346629
attn_post_norm-20	20	3	1024x1x1x1	4096	pos3/attn_post_norm-20.f32	6c74d213223f5d6534591fe915c3bc252e0d721609fdbb2515cc20e9ea14632b
ffn_out-20	20	3	1024x1x1x1	4096	pos3/ffn_out-20.f32	b6dbb01767a54a095653b3c59116669138c3adc5a46e78ca9eca5eb1a57b80e0
l_out-20	20	3	1024x1x1x1	4096	pos3/l_out-20.f32	8b24e9468fe98733845d4015c136d0425371464c536b340d05ca728991f054e9
attn_norm-21	21	3	1024x1x1x1	4096	pos3/attn_norm-21.f32	911b7e596c6f09d8855e38b5d169d36e975a7a6eae1a6c7456926dfc5ab58b96
conv_output_silu-21	21	3	6144x1x1x1	24576	pos3/conv_output_silu-21.f32	f082475ca646f7adff7e7456b0b5bf46c255f54e38230a7e24480718c43888ba
q_conv_predelta-21	21	3	128x16x1x1	8192	pos3/q_conv_predelta-21.f32	e448c4b2e8fe90f0ffd59f1d793bb7cfb0f9566626e3aa03a1ae0e3eae672937
k_conv_predelta-21	21	3	128x16x1x1	8192	pos3/k_conv_predelta-21.f32	fbf2d8943373fb32bfaeaf92d73e0e0231315216bcae45b770f423e6d85db9b3
v_conv_predelta-21	21	3	128x16x1x1	8192	pos3/v_conv_predelta-21.f32	361b3fe4b2ebb5fca6131894dbc9c9bf7c6dadd116d7a2d90da7dc40b526fe44
a_softplus-21	21	3	16x1x1x1	64	pos3/a_softplus-21.f32	f43e2f58777ed94f3993e933b4632888f1a2e452d6c0d787ff081e0e515585ee
gate-21	21	3	16x1x1x1	64	pos3/gate-21.f32	2f335be77627db53c2797d393ebac1d1269b5c469c5929cef31b0bbad95edac9
beta_sigmoid-21	21	3	1x16x1x1	64	pos3/beta_sigmoid-21.f32	901417ffeb47ffb5ba687f4b6640d36d56d2dd0b31f89c6de0a1296065912724
state_predelta-21	21	3	128x128x16x1	1048576	pos3/state_predelta-21.f32	cf86b2de5f43f427bbe2fd1244c8e65033b85684232211d90c15308dc944b754
new_state-21	21	3	128x128x16x1	1048576	pos3/new_state-21.f32	75312d6d681495afec11ce61d2fc4203cb251b7a1f8fb31f4bb6c0c000a4e3f3
attn_output-21	21	3	128x16x1x1	8192	pos3/attn_output-21.f32	d052e876ce5564a941a5f954573fd1218c01d6b0a0f9cb5db248270a0aa9b0b4
z-21	21	3	2048x1x1x1	8192	pos3/z-21.f32	19034371492d2d1332847cf505e04647f50a533b952a7b87c05e8a1f5a1ca383
final_output-21	21	3	2048x1x1x1	8192	pos3/final_output-21.f32	f560973fd51822b03f958c5199aa5d0dea1c0f03b6b2f5d6cdae03467078a7e9
linear_attn_out-21	21	3	1024x1x1x1	4096	pos3/linear_attn_out-21.f32	2391e4dd10a28966f5997d2af385d31d1ad951fd9b70725cb6edd897bb3f5557
attn_residual-21	21	3	1024x1x1x1	4096	pos3/attn_residual-21.f32	77c8972ce566d7dcad5deeb843a10c0188ec88f8d35da29a53b9b4034d0da25d
attn_post_norm-21	21	3	1024x1x1x1	4096	pos3/attn_post_norm-21.f32	2e89ff072ae9dc27de633f339864ea56e0a7ade3345697465e45aa0df4bade7e
ffn_out-21	21	3	1024x1x1x1	4096	pos3/ffn_out-21.f32	cb01010af1235463ac0e9dcc44a0298b74af5eae9fbbaa751b1d85e3eee34951
l_out-21	21	3	1024x1x1x1	4096	pos3/l_out-21.f32	cf7c5243387653f6b40f98343b5824ae35578062d949dff1ad7714e3207153e6
attn_norm-22	22	3	1024x1x1x1	4096	pos3/attn_norm-22.f32	f06a27c4415870f2b0c2d75034f0a310531d63e4ea80ac57292bbd32819beeed
conv_output_silu-22	22	3	6144x1x1x1	24576	pos3/conv_output_silu-22.f32	8f02a8fbd1b606e5357f3a6ba195b1cc522d09b7223f00698481df8578568a7b
q_conv_predelta-22	22	3	128x16x1x1	8192	pos3/q_conv_predelta-22.f32	3ca1c3fee4949939f7ccfe87daae2ee4f689089eac005b8457e021804023a956
k_conv_predelta-22	22	3	128x16x1x1	8192	pos3/k_conv_predelta-22.f32	ed4e3b5833db98fbd52e80ad98981b079423281834805600273380ab16eacdfc
v_conv_predelta-22	22	3	128x16x1x1	8192	pos3/v_conv_predelta-22.f32	604de3a3081b5144a1f1fee12ed6e70d65738b5f43dc36fbf6a48cc51b996ac8
a_softplus-22	22	3	16x1x1x1	64	pos3/a_softplus-22.f32	58b1c008ae21bc35327f8fcdb183886452c3f7a08acab49fa7efe8a49ace06fe
gate-22	22	3	16x1x1x1	64	pos3/gate-22.f32	5d70d52a8b2ba6f08c81e17a87a5f3cbd6a6a1e3b608abbe0a871b1e824ffbf4
beta_sigmoid-22	22	3	1x16x1x1	64	pos3/beta_sigmoid-22.f32	b656ed8dfb891975cc62c128fc85ec9a25b309fe7c8fc3c020b157fa96268f57
state_predelta-22	22	3	128x128x16x1	1048576	pos3/state_predelta-22.f32	e500c09fbd88ca6609fe5c2ec62532f14fc0f72601ab33fc8da8a64849cb1e19
new_state-22	22	3	128x128x16x1	1048576	pos3/new_state-22.f32	b5525305b7c410bc98cdf96df8b13d695c19d7993f032516aa78ed25c203215a
attn_output-22	22	3	128x16x1x1	8192	pos3/attn_output-22.f32	099fa4bf78ca7c50ddf734ba45a0fb0e52134cf022c876fba7bde3742193823d
z-22	22	3	2048x1x1x1	8192	pos3/z-22.f32	5ae892588877cd85163ef7c941f99d2bd5603f79e07409989e7c24cf078b44d9
final_output-22	22	3	2048x1x1x1	8192	pos3/final_output-22.f32	eb666f4168d8d51dc9eea4d10f8bd80465ffa0839f5a43d8675bad147d9e53e4
linear_attn_out-22	22	3	1024x1x1x1	4096	pos3/linear_attn_out-22.f32	5bf3fb62c652e090c358073360d26f622805a50ab6220f56b57aa2e211f9e975
attn_residual-22	22	3	1024x1x1x1	4096	pos3/attn_residual-22.f32	9458af40b1cc58857255a48cf296ec75bbc5a58ceb71bec03ec5a3603b765419
attn_post_norm-22	22	3	1024x1x1x1	4096	pos3/attn_post_norm-22.f32	51b03bb84283a923acb13f1141e11de579cb1b1945fa5be8c1570f0bb021f3a0
ffn_out-22	22	3	1024x1x1x1	4096	pos3/ffn_out-22.f32	32ed9a9debf31c03667d4a8a79204aad9ca2e1eb8f7634264400501f014052ed
l_out-22	22	3	1024x1x1x1	4096	pos3/l_out-22.f32	be5db166ca089965ce1c3ecdb1773451ae7f371386d23e78c4d9cf3d1e770e0a
attn_norm-23	23	3	1024x1x1x1	4096	pos3/attn_norm-23.f32	90dff96189d605ab9cddac72c378b632eebf83998cede3768e8703b5ccc0fa6b
attn_pregate-23	23	3	2048x1x1x1	8192	pos3/attn_pregate-23.f32	47e6067bf599f623a662f3b6b97711f390da3f915d1710f3cdf8e1cacb4fe669
attn_gated-23	23	3	2048x1x1x1	8192	pos3/attn_gated-23.f32	c5534904e5406939f9a056706a73949b703752d485a71f58c0e4781542302095
attn_output-23	23	3	1024x1x1x1	4096	pos3/attn_output-23.f32	e063f8019cd7216693cc4cbde962785383beae9f4bcaed90006a39e91884dc61
attn_residual-23	23	3	1024x1x1x1	4096	pos3/attn_residual-23.f32	a7e4bfb7e0478b808a71d986ec81c77153d4fb126da72e43391213c242c575bb
attn_post_norm-23	23	3	1024x1x1x1	4096	pos3/attn_post_norm-23.f32	60e5a6f4a27827f8907dc0d4d7dd5b967cfd05fbb3fd1159f605b56b0f258b5d
ffn_out-23	23	3	1024x1x1x1	4096	pos3/ffn_out-23.f32	938092170e9bf864b612f5c10898f2429cc6f11de9091cc11760fe9192ed2094
l_out-23	23	3	1024x1x1x1	4096	pos3/l_out-23.f32	7a50dd7ae79aa73ecca05a2f089ef1398281cff93f36ab5da1a46da908feaec1
result_norm	-1	3	1024x1x1x1	4096	pos3/result_norm.f32	d4a0ead56f2e9df122d6b3802b2e424120ca38a6246af7cfa0eb6429441b9776
result_output	-1	3	248320x1x1x1	993280	pos3/result_output.f32	a96b65fa4b45d36f1ea37fd2fbe6d98314a87934bcdd47c611a58cdae493be8d
