label	pos	idx	tensor	layer	n	bit_equal	rel_l2	max_abs	llama_first4	apr_first4
p4	0	0	model.input_embed	-1	1024	1024	0.000000e+00	0.000000e+00	0.00861465931,0.012060523,0.0206751823,-0.0241210461	0.00861465931,0.012060523,0.0206751823,-0.0241210461
p4	0	1	attn_norm-0	0	1024	1024	0.000000e+00	0.000000e+00	0.804404795,0.729148924,1.48186445,-1.96639264	0.804404795,0.729148924,1.48186445,-1.96639264
p4	0	2	conv_output_silu-0	0	6144	6144	0.000000e+00	0.000000e+00	0.0151475985,-0.000458114344,0.00156917621,0.422838897	0.0151475985,-0.000458114344,0.00156917621,0.422838897
p4	0	3	q_conv_predelta-0	0	2048	2048	0.000000e+00	0.000000e+00	0.0284802243,-0.000861337816,0.00295033492,0.795013547	0.0284802243,-0.000861337816,0.00295033492,0.795013547
p4	0	4	k_conv_predelta-0	0	2048	2048	0.000000e+00	0.000000e+00	0.00106224918,0.0860972703,0.0977004319,0.000354820921	0.00106224918,0.0860972703,0.0977004319,0.000354820921
p4	0	5	v_conv_predelta-0	0	2048	2048	0.000000e+00	0.000000e+00	-0.000635103323,0.000963137485,0.000886906986,-0.00808946602	-0.000635103323,0.000963137485,0.000886906986,-0.00808946602
p4	0	6	a_softplus-0	0	16	16	0.000000e+00	0.000000e+00	3.65524697,0.000606591289,0.00199131458,6.23334169	3.65524697,0.000606591289,0.00199131458,6.23334169
p4	0	7	gate-0	0	16	16	0.000000e+00	0.000000e+00	-4.73024082,-7.95674569e-05,-0.000237828615,-3.53780437	-4.73024082,-7.95674569e-05,-0.000237828615,-3.53780437
p4	0	8	beta_sigmoid-0	0	16	16	0.000000e+00	0.000000e+00	0.583097696,0.541695356,0.753251016,0.97367245	0.583097696,0.541695356,0.753251016,0.97367245
p4	0	9	state_predelta-0	0	262144	262144	0.000000e+00	0.000000e+00	0,0,0,0	0,0,0,0
p4	0	10	new_state-0	0	262144	262144	0.000000e+00	0.000000e+00	-3.93379878e-07,-3.18841703e-05,-3.61811362e-05,-1.31399872e-07	-3.93379878e-07,-3.18841703e-05,-3.61811362e-05,-1.31399872e-07
p4	0	11	attn_output-0	0	2048	2048	0.000000e+00	0.000000e+00	1.0349617e-07,-1.56952453e-07,-1.44529963e-07,1.31825584e-06	1.0349617e-07,-1.56952453e-07,-1.44529963e-07,1.31825584e-06
p4	0	12	z-0	0	2048	2048	0.000000e+00	0.000000e+00	-0.479235053,0.140865922,0.34920913,-0.287062287	-0.479235053,0.140865922,0.34920913,-0.287062287
p4	0	13	final_output-0	0	2048	2048	0.000000e+00	0.000000e+00	-1.82688527e-05,-1.17163036e-05,-2.74584763e-05,-0.000149958025	-1.82688527e-05,-1.17163036e-05,-2.74584763e-05,-0.000149958025
p4	0	14	linear_attn_out-0	0	1024	1024	0.000000e+00	0.000000e+00	-0.249426872,0.0656647384,0.0067916438,0.00469857454	-0.249426872,0.0656647384,0.0067916438,0.00469857454
p4	0	15	attn_residual-0	0	1024	1024	0.000000e+00	0.000000e+00	-0.240812212,0.0777252614,0.0274668261,-0.0194224715	-0.240812212,0.0777252614,0.0274668261,-0.0194224715
p4	0	16	attn_post_norm-0	0	1024	1024	0.000000e+00	0.000000e+00	-4.77791166,2.8288064,1.02864087,-0.712736189	-4.77791166,2.8288064,1.02864087,-0.712736189
p4	0	17	ffn_out-0	0	1024	410	9.338748e-08	1.862645e-08	0.0804717094,0.0927953497,0.038045492,-0.0299790148	0.0804717168,0.0927953422,0.038045492,-0.0299790185
p4	0	18	l_out-0	0	1024	516	7.341418e-08	1.862645e-08	-0.160340503,0.170520604,0.0655123144,-0.0494014844	-0.160340488,0.170520604,0.0655123144,-0.0494014919
p4	0	19	attn_norm-1	1	1024	549	7.900241e-08	7.152557e-07	-3.2413497,4.46672249,1.64145851,-1.32714915	-3.24134946,4.46672249,1.64145851,-1.32714939
p4	0	20	conv_output_silu-1	1	6144	6144	0.000000e+00	0.000000e+00	-0.00559159182,0.00330801494,-0.158168972,-0.231207356	-0.00559159182,0.00330801494,-0.158168972,-0.231207356
p4	0	21	q_conv_predelta-1	1	2048	2048	0.000000e+00	0.000000e+00	-0.00647618389,0.00383134396,-0.183191359,-0.267784446	-0.00647618389,0.00383134396,-0.183191359,-0.267784446
p4	0	22	k_conv_predelta-1	1	2048	2048	0.000000e+00	0.000000e+00	0.00134338893,-0.102888741,-0.00675734598,0.00253094058	0.00134338893,-0.102888741,-0.00675734598,0.00253094058
p4	0	23	v_conv_predelta-1	1	2048	2048	0.000000e+00	0.000000e+00	0.0199732278,0.00705860229,0.00145066355,0.000400472927	0.0199732278,0.00705860229,0.00145066355,0.000400472927
p4	0	24	a_softplus-1	1	16	16	0.000000e+00	0.000000e+00	1.37391865,1.2592541,3.16072679,1.58036625	1.37391865,1.2592541,3.16072679,1.58036625
p4	0	25	gate-1	1	16	16	0.000000e+00	0.000000e+00	-0.246330038,-1.35825825,-3.62025404,-0.478233665	-0.246330038,-1.35825825,-3.62025404,-0.478233665
p4	0	26	beta_sigmoid-1	1	16	16	0.000000e+00	0.000000e+00	0.958108187,0.886677265,0.90557152,0.720539868	0.958108187,0.886677265,0.90557152,0.720539868
p4	0	27	state_predelta-1	1	262144	262144	0.000000e+00	0.000000e+00	0,0,0,0	0,0,0,0
p4	0	28	new_state-1	1	262144	262144	0.000000e+00	0.000000e+00	2.57077791e-05,-0.00196893164,-0.000129312044,4.84333759e-05	2.57077791e-05,-0.00196893164,-0.000129312044,4.84333759e-05
p4	0	29	attn_output-1	1	2048	2048	0.000000e+00	0.000000e+00	0.0001789854,6.32540032e-05,1.29997807e-05,3.58874445e-06	0.0001789854,6.32540032e-05,1.29997807e-05,3.58874445e-06
p4	0	30	z-1	1	2048	2048	0.000000e+00	0.000000e+00	-4.22766209,-4.17285156,-1.04000878,0.475897104	-4.22766209,-4.17285156,-1.04000878,0.475897104
p4	0	31	final_output-1	1	2048	2048	0.000000e+00	0.000000e+00	-0.00939458981,-0.0034512803,-0.00333428569,0.00109658926	-0.00939458981,-0.0034512803,-0.00333428569,0.00109658926
p4	0	32	linear_attn_out-1	1	1024	1024	0.000000e+00	0.000000e+00	-0.466196597,-0.016215289,0.00400138274,-0.0173398815	-0.466196597,-0.016215289,0.00400138274,-0.0173398815
p4	0	33	attn_residual-1	1	1024	579	6.589117e-08	1.862645e-08	-0.626537085,0.154305309,0.0695136935,-0.0667413622	-0.626537085,0.154305309,0.0695136935,-0.0667413771
p4	0	34	attn_post_norm-1	1	1024	597	7.261192e-08	4.768372e-07	-6.69380999,2.59694147,1.18188632,-1.19800532	-6.69380999,2.59694147,1.18188632,-1.19800556
p4	0	35	ffn_out-1	1	1024	131	2.432939e-07	5.960464e-08	0.456281126,0.000233195722,0.0123432875,0.0125877168	0.456281066,0.000233191997,0.0123432931,0.0125877131
p4	0	36	l_out-1	1	1024	236	1.312929e-07	5.960464e-08	-0.170255959,0.154538512,0.0818569809,-0.0541536435	-0.170256019,0.154538497,0.0818569884,-0.0541536659
p4	0	37	attn_norm-2	2	1024	136	1.744838e-07	1.430511e-06	-3.13030457,3.48062372,1.78014708,-1.2352432	-3.13030601,3.48062372,1.78014743,-1.2352438
p4	0	38	conv_output_silu-2	2	6144	864	2.096846e-07	4.768372e-07	-0.0495844781,0.0192501824,0.0923690274,-0.00149168645	-0.049584467,0.019250188,0.0923690349,-0.00149168808
p4	0	39	q_conv_predelta-2	2	2048	312	2.379495e-07	1.788139e-07	-0.0850164965,0.0330059566,0.158373982,-0.00255761389	-0.0850164741,0.033005964,0.158373982,-0.00255761668
p4	0	40	k_conv_predelta-2	2	2048	298	2.161444e-07	2.086163e-07	-0.080690816,0.00101453857,0.00064051128,-0.427813381	-0.080690816,0.00101453997,0.000640511513,-0.427813381
p4	0	41	v_conv_predelta-2	2	2048	271	9.540645e-08	1.192093e-07	0.00318125635,-0.00973074045,0.00126899395,-0.00738393655	0.00318125519,-0.00973074231,0.00126899604,-0.00738393981
p4	0	42	a_softplus-2	2	16	16	0.000000e+00	0.000000e+00	2.95589399,0.863819838,1.42934632,2.38217902	2.95589399,0.863819838,1.42934632,2.38217902
p4	0	43	gate-2	2	16	16	0.000000e+00	0.000000e+00	-2.65353036,-0.243651569,-0.425827771,-1.55618036	-2.65353036,-0.243651569,-0.425827771,-1.55618036
p4	0	44	beta_sigmoid-2	2	16	16	0.000000e+00	0.000000e+00	0.843373001,0.96635437,0.672357023,0.742931783	0.843373001,0.96635437,0.672357023,0.742931783
p4	0	45	state_predelta-2	2	262144	262144	0.000000e+00	0.000000e+00	0,0,0,0	0,0,0,0
p4	0	46	new_state-2	2	262144	16066	1.780054e-07	1.490116e-07	-0.000216492306,2.72199259e-06,1.71848262e-06,-0.00114781724	-0.000216492233,2.72199532e-06,1.71848262e-06,-0.00114781677
p4	0	47	attn_output-2	2	2048	136	1.543094e-07	1.117587e-08	3.80199822e-06,-1.16294495e-05,1.51660629e-06,-8.82472432e-06	3.80199754e-06,-1.16294532e-05,1.51660879e-06,-8.8247325e-06
p4	0	48	z-2	2	2048	228	2.169907e-07	1.430511e-06	-0.0567511916,0.066301465,-1.2156136,1.05728281	-0.0567512512,0.0663014054,-1.2156136,1.05728292
p4	0	49	final_output-2	2	2048	81	2.738018e-07	3.576279e-07	-0.000106956257,-0.000264043949,-0.000384755142,-0.00675244676	-0.000106956344,-0.000264043745,-0.00038475584,-0.00675245468
p4	0	50	linear_attn_out-2	2	1024	85	2.796474e-07	5.215406e-08	-1.09250832,0.00295895012,-0.0191954393,-0.0211988762	-1.09250832,0.00295894779,-0.01919543,-0.0211988855
p4	0	51	attn_residual-2	2	1024	151	1.861808e-07	1.192093e-07	-1.26276422,0.157497466,0.0626615435,-0.0753525198	-1.26276433,0.157497451,0.0626615584,-0.0753525496
p4	0	52	attn_post_norm-2	2	1024	194	2.058192e-07	9.536743e-07	-11.9678469,2.34431219,0.946789086,-1.13497794	-11.9678478,2.34431195,0.946789265,-1.13497841
p4	0	53	ffn_out-2	2	1024	53	4.345586e-07	4.470348e-08	0.0979637504,0.00773434481,-0.0161840878,-0.0237000175	0.0979637653,0.00773433549,-0.0161841027,-0.0237000287
p4	0	54	l_out-2	2	1024	113	2.544986e-07	1.192093e-07	-1.16480041,0.165231809,0.0464774556,-0.0990525335	-1.16480052,0.165231779,0.0464774556,-0.0990525782
p4	0	55	attn_norm-3	3	1024	146	2.561631e-07	1.907349e-06	-18.5056858,3.13385105,0.796793044,-1.79083502	-18.5056877,3.13385034,0.796793044,-1.79083586
p4	0	56	attn_pregate-3	3	2048	256	2.132456e-07	4.768372e-07	0.208644763,-0.168411896,0.277770221,0.0260311589	0.208644748,-0.168411925,0.2777704,0.0260311775
p4	0	57	attn_gated-3	3	2048	160	2.675340e-07	2.384186e-07	0.00828528777,-0.0068817935,0.0136747127,0.000880656764	0.00828527939,-0.0068817907,0.0136747183,0.000880656822
p4	0	58	attn_output-3	3	1024	45	7.689624e-07	5.960464e-08	-0.132133871,0.00677717663,0.00432735309,-0.0235974491	-0.132133931,0.00677718781,0.00432733446,-0.0235974565
p4	0	59	attn_residual-3	3	1024	91	3.346134e-07	2.384186e-07	-1.29693425,0.172008991,0.0508048087,-0.122649983	-1.29693449,0.172008961,0.0508047901,-0.122650035
p4	0	60	attn_post_norm-3	3	1024	115	3.662671e-07	1.907349e-06	-12.834938,2.54925442,0.775582612,-1.88860881	-12.83494,2.54925418,0.775582314,-1.88860977
p4	0	61	ffn_out-3	3	1024	92	3.202880e-07	2.384186e-07	1.09847665,-0.0151844015,-0.0394638143,-0.042871058	1.09847689,-0.0151844025,-0.0394638665,-0.0428710356
p4	0	62	l_out-3	3	1024	96	3.265239e-07	1.192093e-07	-0.198457599,0.156824589,0.0113409944,-0.165521041	-0.198457599,0.156824559,0.0113409236,-0.16552107
p4	0	63	attn_norm-4	4	1024	112	3.265698e-07	2.861023e-06	-2.26533675,2.36103892,0.159129754,-2.55473661	-2.26533675,2.36103868,0.159128755,-2.55473709
p4	0	64	conv_output_silu-4	4	6144	1155	9.801291e-08	9.536743e-07	0.00287973788,-0.0302877408,0.0316320397,-0.116305888	0.00287967315,-0.0302877408,0.0316320471,-0.11630585
p4	0	65	q_conv_predelta-4	4	2048	265	2.777941e-07	2.719462e-07	0.00248446385,-0.0261304323,0.0272902139,-0.100341685	0.00248440774,-0.0261304285,0.0272902157,-0.100341648
p4	0	66	k_conv_predelta-4	4	2048	342	2.741775e-07	2.235174e-07	0.00165889808,-0.218412086,0.0329773836,-0.0131385354	0.00165889366,-0.218412027,0.0329773948,-0.0131385382
p4	0	67	v_conv_predelta-4	4	2048	404	6.396782e-08	9.536743e-07	0.00944972131,-6.14294113e-05,-0.000586590788,-7.20890821e-05	0.00944971945,-6.1429535e-05,-0.000586590555,-7.20891403e-05
p4	0	68	a_softplus-4	4	16	16	0.000000e+00	0.000000e+00	0.108713917,1.59407103,0.0646035001,1.05245447	0.108713917,1.59407103,0.0646035001,1.05245447
p4	0	69	gate-4	4	16	16	0.000000e+00	0.000000e+00	-0.0453187041,-1.54880333,-0.0203283932,-0.552442372	-0.0453187041,-1.54880333,-0.0203283932,-0.552442372
p4	0	70	beta_sigmoid-4	4	16	16	0.000000e+00	0.000000e+00	0.677617431,0.862892807,0.954500675,0.704203188	0.677617431,0.862892807,0.954500675,0.704203188
p4	0	71	state_predelta-4	4	262144	262144	0.000000e+00	0.000000e+00	0,0,0,0	0,0,0,0
p4	0	72	new_state-4	4	262144	18602	1.205389e-07	9.536743e-07	1.06224152e-05,-0.00139855721,0.000211163948,-8.41299261e-05	1.06223843e-05,-0.00139855652,0.000211163962,-8.41299261e-05
p4	0	73	attn_output-4	4	2048	180	8.683692e-08	2.980232e-08	2.19308513e-05,-1.42564986e-07,-1.361356e-06,-1.67303881e-07	2.19308495e-05,-1.42565284e-07,-1.36135554e-06,-1.67304009e-07
p4	0	74	z-4	4	2048	315	2.023846e-07	1.907349e-06	1.49524474,-1.18054867,-0.0483585,0.564092755	1.4952457,-1.18054867,-0.0483586192,0.564093351
p4	0	75	final_output-4	4	2048	110	5.015702e-07	4.172325e-07	0.0235361159,4.1788775e-05,2.69551183e-05,-5.71055389e-05	0.0235361289,4.17888659e-05,2.69551747e-05,-5.71056626e-05
p4	0	76	linear_attn_out-4	4	1024	35	7.028182e-07	9.685755e-08	-0.0683432594,0.0219870172,0.00173766306,0.0160019454	-0.0683433563,0.0219870023,0.00173766771,0.0160019379
p4	0	77	attn_residual-4	4	1024	75	3.443213e-07	1.341105e-07	-0.266800851,0.17881161,0.0130786579,-0.149519101	-0.26680094,0.178811565,0.0130785909,-0.149519131
p4	0	78	attn_post_norm-4	4	1024	94	3.526549e-07	1.534820e-06	-2.08026028,2.0374229,0.146558255,-1.76420021	-2.08026075,2.03742242,0.146557495,-1.76420057
p4	0	79	ffn_out-4	4	1024	92	3.841475e-07	2.607703e-08	0.0737441182,0.00332881627,0.0170618519,0.0159145016	0.0737441182,0.0033288144,0.0170618519,0.0159145147
p4	0	80	l_out-4	4	1024	65	3.587099e-07	1.490116e-07	-0.193056732,0.182140425,0.0301405098,-0.133604601	-0.193056822,0.18214038,0.0301404428,-0.133604616
p4	0	81	attn_norm-5	5	1024	86	3.558013e-07	2.146699e-06	-2.11806178,2.69112134,0.414175779,-2.06605744	-2.11806297,2.69112062,0.414174855,-2.06605792
p4	0	82	conv_output_silu-5	5	6144	1258	1.804947e-07	4.768372e-07	-0.0831810236,-0.101966873,-0.0301261842,-0.219639778	-0.0831811205,-0.101966903,-0.0301261842,-0.219639778
p4	0	83	q_conv_predelta-5	5	2048	280	2.920709e-07	1.639128e-07	-0.0788058043,-0.0966035351,-0.0285415854,-0.208086997	-0.0788058862,-0.0966035575,-0.0285415817,-0.208086967
p4	0	84	k_conv_predelta-5	5	2048	347	2.773516e-07	2.980232e-07	0.000349653012,-0.00161127909,0.277311355,-0.00678436272	0.000349652459,-0.00161127956,0.277311325,-0.00678436272
p4	0	85	v_conv_predelta-5	5	2048	407	7.867563e-08	2.384186e-07	1.50620808e-05,0.000382675091,-0.00291267945,-8.66503178e-05	1.50620463e-05,0.000382674829,-0.00291268108,-8.66501505e-05
p4	0	86	a_softplus-5	5	16	16	0.000000e+00	0.000000e+00	0.0821074769,0.565568089,1.22268176,0.0116748894	0.0821074769,0.565568089,1.22268176,0.0116748894
p4	0	87	gate-5	5	16	16	0.000000e+00	0.000000e+00	-0.0627085567,-0.0686111972,-0.311567008,-0.00488586631	-0.0627085567,-0.0686111972,-0.311567008,-0.00488586631
p4	0	88	beta_sigmoid-5	5	16	16	0.000000e+00	0.000000e+00	0.918922782,0.990156412,0.825428128,0.980775595	0.918922782,0.990156412,0.825428128,0.980775595
p4	0	89	state_predelta-5	5	262144	262144	0.000000e+00	0.000000e+00	0,0,0,0	0,0,0,0
p4	0	90	new_state-5	5	262144	20978	1.734399e-07	3.576279e-07	4.83950879e-09,-2.23015366e-08,3.8382359e-06,-9.39016118e-08	4.83949014e-09,-2.23014904e-08,3.8382268e-06,-9.39013987e-08
p4	0	91	attn_output-5	5	2048	213	1.034621e-07	3.725290e-09	-2.50157477e-08,-6.3556314e-07,4.83750273e-06,1.43912558e-07	-2.50157353e-08,-6.35563708e-07,4.83751273e-06,1.4391253e-07
p4	0	92	z-5	5	2048	333	2.111792e-07	1.430511e-06	0.903356671,1.13450646,-0.201255262,-0.255754113	0.903356552,1.13450634,-0.201255023,-0.255754113
p4	0	93	final_output-5	5	2048	108	3.753248e-07	2.980232e-07	-1.54382869e-05,-0.000504605356,-0.000429096312,-1.55785237e-05	-1.5438276e-05,-0.000504605821,-0.000429096748,-1.55785219e-05
p4	0	94	linear_attn_out-5	5	1024	86	9.077224e-07	5.587935e-08	-0.0322286785,-0.0211507585,0.00222104043,-0.00874574482	-0.0322287083,-0.0211507473,0.00222103298,-0.00874578767
p4	0	95	attn_residual-5	5	1024	57	3.916531e-07	1.490116e-07	-0.225285411,0.160989672,0.0323615521,-0.142350346	-0.22528553,0.160989627,0.0323614776,-0.142350405
p4	0	96	attn_post_norm-5	5	1024	64	4.029039e-07	1.847744e-06	-1.706182,1.83272791,0.349925697,-1.70525146	-1.70618296,1.83272743,0.349924922,-1.70525217
p4	0	97	ffn_out-5	5	1024	76	3.166882e-07	2.980232e-08	0.01606372,-0.0110914949,0.0312921517,0.0320992321	0.0160636976,-0.0110914949,0.0312921591,0.032099247
p4	0	98	l_out-5	5	1024	62	4.068876e-07	1.601875e-07	-0.209221691,0.149898171,0.0636537075,-0.110251114	-0.20922184,0.149898127,0.063653633,-0.110251158
p4	0	99	attn_norm-6	6	1024	63	4.002390e-07	2.205372e-06	-2.28993845,2.12594175,0.872888446,-1.65638471	-2.28993988,2.12594104,0.872887373,-1.6563853
p4	0	100	conv_output_silu-6	6	6144	1630	2.445563e-07	2.384186e-07	-0.0118301194,0.135970637,0.0484864824,-0.0683801174	-0.0118301501,0.135970667,0.0484864824,-0.0683801845
p4	0	101	q_conv_predelta-6	6	2048	337	3.091231e-07	1.927838e-07	-0.00705961697,0.081140399,0.0289342795,-0.0408057943	-0.00705963513,0.0811404139,0.0289342795,-0.0408058353
p4	0	102	k_conv_predelta-6	6	2048	384	2.747530e-07	2.682209e-07	-0.00746137556,0.00954085775,-0.0139252432,0.0320438333	-0.00746137742,0.00954085868,-0.0139252432,0.0320438333
p4	0	103	v_conv_predelta-6	6	2048	540	9.906423e-08	5.960464e-08	-3.39224971e-05,0.000103051352,2.41575635e-05,1.5774116e-05	-3.39225917e-05,0.000103051323,2.4157529e-05,1.5774116e-05
p4	0	104	a_softplus-6	6	16	16	0.000000e+00	0.000000e+00	0.167408228,0.274803162,1.78523827,0.162356123	0.167408228,0.274803162,1.78523827,0.162356123
p4	0	105	gate-6	6	16	16	0.000000e+00	0.000000e+00	-0.0304873027,-0.204216361,-0.544466913,-0.0900124907	-0.0304873027,-0.204216361,-0.544466913,-0.0900124907
p4	0	106	beta_sigmoid-6	6	16	16	0.000000e+00	0.000000e+00	0.930817902,0.597514987,0.90008986,0.868772566	0.930817902,0.597514987,0.90008986,0.868772566
p4	0	107	state_predelta-6	6	262144	262144	0.000000e+00	0.000000e+00	0,0,0,0	0,0,0,0
p4	0	108	new_state-6	6	262144	21368	4.001683e-07	1.639128e-07	2.35597909e-07,-3.0125895e-07,4.39698823e-07,-1.01180535e-06	2.35598634e-07,-3.01259831e-07,4.39700102e-07,-1.01180831e-06
p4	0	109	attn_output-6	6	2048	200	1.601372e-07	3.725290e-09	-1.67303156e-07,5.08241385e-07,1.19143259e-07,7.77967344e-08	-1.67303639e-07,5.08241271e-07,1.19143088e-07,7.77967415e-08
p4	0	110	z-6	6	2048	500	1.489570e-07	9.536743e-07	0.0973483324,0.36149919,1.4299202,1.59676278	0.0973482132,0.36149931,1.42992032,1.59676266
p4	0	111	final_output-6	6	2048	125	9.699046e-08	3.814697e-06	-7.25507607e-06,0.000105724757,0.000132665256,0.000107459586	-7.25508744e-06,0.000105724786,0.000132665067,0.000107459586
p4	0	112	linear_attn_out-6	6	1024	238	2.782637e-07	4.842877e-07	-0.582322001,0.0124833938,-0.433831096,-0.214487329	-0.582321525,0.0124834534,-0.433831096,-0.214487329
p4	0	113	attn_residual-6	6	1024	105	2.458653e-07	4.768372e-07	-0.791543722,0.16238156,-0.370177388,-0.324738443	-0.791543365,0.162381575,-0.370177448,-0.324738503
p4	0	114	attn_post_norm-6	6	1024	108	2.530892e-07	1.460314e-06	-1.80246925,0.45295161,-1.01932216,-0.926774085	-1.80246866,0.452951699,-1.0193224,-0.926774323
p4	0	115	ffn_out-6	6	1024	101	3.994499e-07	5.587935e-08	0.163929909,-0.000286351889,-0.00994288363,0.0604319461	0.163929909,-0.00028635934,-0.00994287245,0.0604319461
p4	0	116	l_out-6	6	1024	101	2.507325e-07	4.991889e-07	-0.627613783,0.162095204,-0.380120277,-0.264306486	-0.627613425,0.162095219,-0.380120307,-0.264306545
p4	0	117	attn_norm-7	7	1024	103	2.354735e-07	1.490116e-06	-1.60707176,0.441070318,-1.06813657,-0.862777591	-1.60707092,0.441070408,-1.06813681,-0.862777829
p4	0	118	attn_pregate-7	7	2048	648	3.069770e-08	4.768372e-07	-0.0924450308,0.150094211,-0.753982186,0.134367302	-0.0924450904,0.150094256,-0.753982246,0.134367242
p4	0	119	attn_gated-7	7	2048	437	5.559374e-08	3.576279e-07	-0.0413280539,0.0662133768,-0.592255533,0.077137202	-0.0413280837,0.0662133917,-0.592255592,0.0771371722
p4	0	120	attn_output-7	7	1024	505	1.211554e-07	1.192093e-07	0.606915355,-0.0231537148,0.304088593,-0.027007591	0.606915474,-0.0231537446,0.304088593,-0.0270075612
p4	0	121	attn_residual-7	7	1024	90	3.870164e-07	4.917383e-07	-0.0206984282,0.138941497,-0.0760316849,-0.291314065	-0.0206979513,0.138941467,-0.0760317147,-0.291314095
p4	0	122	attn_post_norm-7	7	1024	54	3.889748e-07	2.384186e-06	-0.0588460676,0.575226009,-0.303528786,-1.25493038	-0.0588447154,0.575225949,-0.303528905,-1.25493062
p4	0	123	ffn_out-7	7	1024	137	2.337349e-07	5.960464e-08	-0.172659919,-0.0191443264,0.0117164608,0.0939309373	-0.172659904,-0.0191443302,0.0117164496,0.093930915
p4	0	124	l_out-7	7	1024	59	4.499100e-07	5.066395e-07	-0.193358347,0.11979717,-0.0643152222,-0.197383136	-0.193357855,0.11979714,-0.0643152669,-0.19738318
p4	0	125	attn_norm-8	8	1024	63	4.554151e-07	3.814697e-06	-0.993710637,0.728334188,-0.354833603,-1.28954124	-0.993708193,0.728334129,-0.354833871,-1.2895416
p4	0	126	conv_output_silu-8	8	6144	1983	1.796541e-07	2.384186e-07	0.0841539279,-0.00981122814,-0.00118449458,-0.0881424546	0.0841539279,-0.00981122814,-0.00118444161,-0.0881424695
p4	0	127	q_conv_predelta-8	8	2048	483	2.399047e-07	1.490116e-07	0.0690161139,-0.00804636069,-0.000971424859,-0.0722871721	0.0690161213,-0.00804636162,-0.000971381436,-0.0722871944
p4	0	128	k_conv_predelta-8	8	2048	525	3.557683e-07	3.874302e-07	0.0737940818,0.0169603098,0.183163315,0.00758593809	0.0737940893,0.0169603117,0.183163285,0.00758593855
p4	0	129	v_conv_predelta-8	8	2048	622	5.883095e-08	1.192093e-07	0.00152003579,0.00144625211,0.00211885944,-0.00100592338	0.00152003579,0.00144625292,0.00211885828,-0.00100592419
p4	0	130	a_softplus-8	8	16	16	0.000000e+00	0.000000e+00	2.47310996,0.160218522,0.124911927,0.54169935	2.47310996,0.160218522,0.124911927,0.54169935
p4	0	131	gate-8	8	16	16	0.000000e+00	0.000000e+00	-0.868143201,-0.0455461517,-0.0372134931,-0.0817843676	-0.868143201,-0.0455461517,-0.0372134931,-0.0817843676
p4	0	132	beta_sigmoid-8	8	16	16	0.000000e+00	0.000000e+00	0.975863099,0.88569361,0.985879123,0.978078187	0.975863099,0.88569361,0.985879123,0.978078187
p4	0	133	state_predelta-8	8	262144	262144	0.000000e+00	0.000000e+00	0,0,0,0	0,0,0,0
p4	0	134	new_state-8	8	262144	26612	1.926524e-07	2.086163e-07	0.000109462213,2.51580204e-05,0.000271694706,1.12525768e-05	0.000109462228,2.51580241e-05,0.000271694676,1.12525777e-05
p4	0	135	attn_output-8	8	2048	153	6.422567e-08	2.211891e-09	2.3342338e-05,2.2209284e-05,3.25381407e-05,-1.54474019e-05	2.33423434e-05,2.22093022e-05,3.25381297e-05,-1.54474183e-05
p4	0	136	z-8	8	2048	629	1.347686e-07	9.536743e-07	-0.0985240042,-0.378494978,1.00863421,0.209284782	-0.0985239744,-0.378494859,1.00863397,0.209284782
p4	0	137	final_output-8	8	2048	110	6.022729e-07	3.874302e-07	-0.00100727752,-0.00222537294,0.0241030548,-0.00134871097	-0.0010072774,-0.0022253741,0.024103038,-0.00134871237
p4	0	138	linear_attn_out-8	8	1024	61	7.111990e-07	3.725290e-08	0.0256817117,0.0148785124,-0.0138804037,-0.00545597449	0.025681749,0.0148785105,-0.0138804,-0.00545597076
p4	0	139	attn_residual-8	8	1024	55	4.504898e-07	5.215406e-07	-0.167676628,0.134675682,-0.0781956241,-0.202839106	-0.167676106,0.134675652,-0.0781956688,-0.202839151
p4	0	140	attn_post_norm-8	8	1024	62	4.731013e-07	2.861023e-06	-0.535484135,0.623748779,-0.34974134,-1.03016961	-0.535482526,0.62374866,-0.349741548,-1.03016973
p4	0	141	ffn_out-8	8	1024	79	3.266843e-07	1.192093e-07	0.326063335,0.000709315762,0.0220186822,0.032424558	0.326063216,0.000709320419,0.0220186766,0.0324245542
p4	0	142	l_out-8	8	1024	47	4.533042e-07	5.215406e-07	0.158386707,0.135384992,-0.0561769418,-0.170414552	0.15838711,0.135384977,-0.0561769903,-0.170414597
p4	0	143	attn_norm-9	9	1024	62	4.708286e-07	3.665686e-06	0.740649283,0.770065725,-0.314756483,-1.14752734	0.740651131,0.770065665,-0.314756751,-1.14752769
p4	0	144	conv_output_silu-9	9	6144	1250	2.728912e-07	2.384186e-07	0.00550174899,-0.123704694,-0.244472265,-0.0464881621	0.00550173502,-0.123704724,-0.244472221,-0.0464881249
p4	0	145	q_conv_predelta-9	9	2048	184	3.317904e-07	2.682209e-07	0.00470067002,-0.105692744,-0.208876029,-0.0397192799	0.00470065884,-0.105692789,-0.208876029,-0.0397192575
p4	0	146	k_conv_predelta-9	9	2048	281	2.567688e-07	3.883615e-07	-0.0560228713,0.0774714798,-0.0181958005,-7.76348388e-05	-0.0560228638,0.0774714798,-0.0181957893,-7.76349043e-05
p4	0	147	v_conv_predelta-9	9	2048	439	1.601012e-07	2.384186e-07	0.000319806626,-0.000680625555,3.6262114e-05,0.00185624999	0.00031980651,-0.000680626079,3.62622268e-05,0.00185624952
p4	0	148	a_softplus-9	9	16	16	0.000000e+00	0.000000e+00	0.26292178,1.06156111,0.0651986226,5.6563592	0.26292178,1.06156111,0.0651986226,5.6563592
p4	0	149	gate-9	9	16	16	0.000000e+00	0.000000e+00	-0.106645778,-0.144793466,-0.0221827142,-1.04632127	-0.106645778,-0.144793466,-0.0221827142,-1.04632127
p4	0	150	beta_sigmoid-9	9	16	16	0.000000e+00	0.000000e+00	0.997082651,0.999519944,8.06275366e-08,0.939084828	0.997082651,0.999519944,8.06275366e-08,0.939084828
p4	0	151	state_predelta-9	9	262144	262144	0.000000e+00	0.000000e+00	0,0,0,0	0,0,0,0
p4	0	152	new_state-9	9	262144	14881	2.758634e-07	2.384186e-07	-1.78642167e-05,2.47036132e-05,-5.80216101e-06,-2.47557033e-08	-1.78642076e-05,2.47036041e-05,-5.80215556e-06,-2.47557157e-08
p4	0	153	attn_output-9	9	2048	76	5.289477e-07	4.190952e-09	-1.98226502e-08,4.21874589e-08,-2.24764918e-09,-1.15056743e-07	-1.98228509e-08,4.21878958e-08,-2.24767294e-09,-1.15057631e-07
p4	0	154	z-9	9	2048	341	2.914627e-07	1.907349e-06	-0.0287249088,-0.567698479,0.461937904,-0.103290439	-0.0287247896,-0.567698479,0.461937785,-0.103290379
p4	0	155	final_output-9	9	2048	44	6.813752e-07	6.109476e-07	3.06782766e-07,-8.98787221e-06,-6.83604071e-07,5.57806288e-06	3.06784585e-07,-8.98796588e-06,-6.83611063e-07,5.5781029e-06
p4	0	156	linear_attn_out-9	9	1024	58	5.883853e-07	2.980232e-08	-0.17082867,-0.00940968283,-0.0110364091,-0.008922345	-0.17082864,-0.00940968283,-0.0110364091,-0.00892233662
p4	0	157	attn_residual-9	9	1024	46	4.576922e-07	5.364418e-07	-0.012441963,0.125975311,-0.067213349,-0.179336891	-0.0124415308,0.125975296,-0.0672134012,-0.179336935
p4	0	158	attn_post_norm-9	9	1024	70	4.760429e-07	2.920628e-06	-0.0407423787,0.577739775,-0.297623903,-0.930139422	-0.0407409705,0.577739775,-0.297624171,-0.93013978
p4	0	159	ffn_out-9	9	1024	91	3.949858e-07	4.470348e-08	0.0277954005,-0.0092399912,0.00719979731,0.00458307005	0.0277954452,-0.00923998654,0.00719978893,0.00458307192
p4	0	160	l_out-9	9	1024	50	4.658917e-07	5.364418e-07	0.0153534375,0.116735317,-0.0600135513,-0.174753815	0.0153539144,0.116735309,-0.0600136109,-0.17475386
p4	0	161	attn_norm-10	10	1024	70	4.885937e-07	3.606081e-06	0.079258278,0.627852082,-0.345092624,-1.08345413	0.0792607442,0.627852023,-0.345092952,-1.08345437
p4	0	162	conv_output_silu-10	10	6144	1167	3.180175e-07	2.384186e-07	0.00398805318,0.00613736687,0.0104613258,-0.0788519904	0.00398804946,0.00613736687,0.0104613239,-0.0788519755
p4	0	163	q_conv_predelta-10	10	2048	218	3.270298e-07	2.086163e-07	0.0154101113,0.0237152074,0.0404232778,-0.304689497	0.015410102,0.0237152148,0.0404232852,-0.304689556
p4	0	164	k_conv_predelta-10	10	2048	251	4.964006e-07	7.152557e-07	0.0670372993,0.0606693588,0.0561091378,0.105654202	0.0670371875,0.0606695972,0.0561091229,0.105654232
p4	0	165	v_conv_predelta-10	10	2048	400	4.028119e-07	1.192093e-07	0.003558442,0.00115808565,-0.00426465645,-0.00371701038	0.00355844339,0.0011580924,-0.00426465645,-0.00371700549
p4	0	166	a_softplus-10	10	16	16	0.000000e+00	0.000000e+00	1.04042971,0.0136279445,6.66927052,4.61354113	1.04042971,0.0136279445,6.66927052,4.61354113
p4	0	167	gate-10	10	16	16	0.000000e+00	0.000000e+00	-0.796168566,-0.0790384859,-2.06604362,-0.944649041	-0.796168566,-0.0790384859,-2.06604362,-0.944649041
p4	0	168	beta_sigmoid-10	10	16	16	0.000000e+00	0.000000e+00	0.948028266,0.968971789,0.883738935,0.994519174	0.948028266,0.968971789,0.883738935,0.994519174
p4	0	169	state_predelta-10	10	262144	262144	0.000000e+00	0.000000e+00	0,0,0,0	0,0,0,0
p4	0	170	new_state-10	10	262144	11432	6.083680e-07	9.872019e-08	0.000226150572,0.000204668308,0.000189284387,0.000356424833	0.000226150281,0.000204669181,0.000189284401,0.000356425066
p4	0	171	attn_output-10	10	2048	150	4.317566e-07	1.862645e-09	4.44583275e-05,1.44688465e-05,-5.32816011e-05,-4.64394398e-05	4.44583529e-05,1.44689311e-05,-5.32816121e-05,-4.64393888e-05
p4	0	172	z-10	10	2048	272	2.618105e-07	1.430511e-06	1.0535661,1.12115407,1.2693212,1.3052913	1.05356586,1.12115371,1.2693212,1.30529094
p4	0	173	final_output-10	10	2048	69	8.627855e-07	1.430511e-06	0.0311578419,0.0130473105,-0.0513571352,-0.0486933477	0.0311578494,0.0130473804,-0.0513571464,-0.0486932807
p4	0	174	linear_attn_out-10	10	1024	47	7.247988e-07	2.384186e-07	-0.410839736,-0.0224290341,-0.0298555642,-0.00652544945	-0.410839498,-0.0224290229,-0.0298555531,-0.00652544387
p4	0	175	attn_residual-10	10	1024	55	4.652941e-07	7.152557e-07	-0.395486295,0.0943062827,-0.0898691118,-0.181279272	-0.39548558,0.0943062901,-0.0898691639,-0.181279302
p4	0	176	attn_post_norm-10	10	1024	60	4.941309e-07	3.814697e-06	-1.45170832,0.427321106,-0.40590778,-0.874918401	-1.45170593,0.427321225,-0.405908108,-0.874918759
p4	0	177	ffn_out-10	10	1024	105	3.438392e-07	3.725290e-08	-0.178529993,-0.00293818302,0.013532619,-0.0334991999	-0.178529993,-0.00293818675,0.0135326125,-0.0334991999
p4	0	178	l_out-10	10	1024	49	4.496881e-07	7.152557e-07	-0.574016273,0.0913681015,-0.0763364956,-0.214778468	-0.574015558,0.0913681015,-0.0763365477,-0.214778498
p4	0	179	attn_norm-11	11	1024	68	4.410078e-07	2.834946e-06	-2.31128788,0.383719921,-0.342371851,-1.06219804	-2.3112855,0.383719981,-0.34237209,-1.06219828
p4	0	180	attn_pregate-11	11	2048	464	7.655138e-08	1.907349e-06	0.317912698,0.16163069,0.155247793,-0.142066777	0.317912757,0.161630586,0.155247763,-0.142066717
p4	0	181	attn_gated-11	11	2048	330	1.965008e-07	1.192093e-06	0.28658092,0.0567942187,0.0867285281,-0.0431167968	0.28658098,0.0567941815,0.0867285058,-0.0431167856
p4	0	182	attn_output-11	11	1024	117	3.744478e-07	2.384186e-07	0.479531884,0.00335177034,0.147265539,0.150307998	0.479532123,0.00335179269,0.147265553,0.150308043
p4	0	183	attn_residual-11	11	1024	65	7.460743e-07	9.536743e-07	-0.0944843888,0.0947198719,0.070929043,-0.06447047	-0.0944834352,0.0947198942,0.0709290057,-0.0644704551
p4	0	184	attn_post_norm-11	11	1024	37	7.537343e-07	4.649162e-06	-0.466582626,0.663585544,0.474170983,-0.464029014	-0.466577977,0.663585782,0.474170804,-0.464028955
p4	0	185	ffn_out-11	11	1024	79	2.970230e-07	1.192093e-07	0.120049164,-0.00567574846,0.0186890736,0.00477894116	0.120049082,-0.00567573588,0.0186890736,0.00477893185
p4	0	186	l_out-11	11	1024	36	9.406118e-07	8.717179e-07	0.0255647749,0.0890441239,0.0896181166,-0.0596915297	0.0255656466,0.0890441611,0.0896180794,-0.0596915223
p4	0	187	attn_norm-12	12	1024	34	9.629156e-07	8.553267e-06	0.249392107,0.980053127,1.02764142,-0.731207788	0.24940066,0.980053663,1.02764106,-0.731207788
p4	0	188	conv_output_silu-12	12	6144	726	2.920311e-07	7.152557e-07	-0.0227191634,-0.104206994,0.0182637479,0.0374702476	-0.0227191709,-0.104207009,0.0182637442,0.0374702998
p4	0	189	q_conv_predelta-12	12	2048	185	3.286064e-07	3.576279e-07	-0.0131268846,-0.0602096654,0.0105525944,0.021649899	-0.013126893,-0.0602096915,0.0105525944,0.0216499362
p4	0	190	k_conv_predelta-12	12	2048	193	3.108088e-07	3.203750e-07	-0.00951877609,0.00133787072,-0.000693053938,-0.00612819334	-0.00951877795,0.00133787119,-0.000693052949,-0.00612819521
p4	0	191	v_conv_predelta-12	12	2048	244	2.146019e-07	7.152557e-07	-0.00112512219,0.00126778742,0.00015907544,-0.000305970258	-0.00112512195,0.00126778719,0.000159075193,-0.000305970345
p4	0	192	a_softplus-12	12	16	16	0.000000e+00	0.000000e+00	0.300565183,2.517241,3.04856205,0.643720806	0.300565183,2.517241,3.04856205,0.643720806
p4	0	193	gate-12	12	16	16	0.000000e+00	0.000000e+00	-0.0605883189,-1.48560143,-0.316334516,-0.182993859	-0.0605883189,-1.48560143,-0.316334516,-0.182993859
p4	0	194	beta_sigmoid-12	12	16	16	0.000000e+00	0.000000e+00	0.979334116,0.858416557,0.961678028,0.859583199	0.979334116,0.858416557,0.961678028,0.859583199
p4	0	195	state_predelta-12	12	262144	262144	0.000000e+00	0.000000e+00	0,0,0,0	0,0,0,0
p4	0	196	new_state-12	12	262144	11929	2.990332e-07	6.407499e-07	1.04884593e-05,-1.4741604e-06,7.63655748e-07,6.75247566e-06	1.04884593e-05,-1.47416051e-06,7.63654498e-07,6.75247657e-06
p4	0	197	attn_output-12	12	2048	150	8.835872e-08	5.587935e-09	-9.93948379e-06,1.1199807e-05,1.40529426e-06,-2.70298301e-06	-9.9394847e-06,1.11998088e-05,1.40529244e-06,-2.70298437e-06
p4	0	198	z-12	12	2048	225	2.735871e-07	2.384186e-06	0.488871098,-0.216558158,1.38514912,-0.248447031	0.488870919,-0.216558635,1.385149,-0.248446822
p4	0	199	final_output-12	12	2048	89	4.276556e-07	4.172325e-07	-0.00265131937,-0.000999837182,0.001135397,0.000267912488	-0.00265131867,-0.000999839278,0.00113539537,0.00026791243
p4	0	200	linear_attn_out-12	12	1024	118	5.273848e-07	4.097819e-08	-0.0328301042,0.0153150856,0.00322440825,0.0075121969	-0.0328300744,0.0153150987,0.00322441198,0.00751219317
p4	0	201	attn_residual-12	12	1024	40	9.928397e-07	9.015203e-07	-0.00726532936,0.10435921,0.0928425267,-0.0521793328	-0.00726442784,0.104359262,0.0928424895,-0.0521793291
p4	0	202	attn_post_norm-12	12	1024	32	1.004237e-06	5.830079e-06	-0.0470381156,1.04541743,0.850800574,-0.512201428	-0.0470322855,1.04541802,0.850800335,-0.512201428
p4	0	203	ffn_out-12	12	1024	66	4.458034e-07	5.960464e-08	-0.0610569641,-0.0224509127,-0.000427138526,-0.0120192822	-0.0610570163,-0.0224509053,-0.000427132007,-0.0120192524
p4	0	204	l_out-12	12	1024	37	1.125390e-06	8.493662e-07	-0.0683222935,0.0819083005,0.0924153849,-0.0641986132	-0.0683214441,0.0819083601,0.0924153551,-0.0641985834
p4	0	205	attn_norm-13	13	1024	40	1.157903e-06	9.536743e-06	-0.765304863,1.04001784,1.19534755,-0.925244272	-0.765295327,1.04001868,1.19534707,-0.925243855
p4	0	206	conv_output_silu-13	13	6144	683	3.922901e-07	7.152557e-07	-0.0101590352,0.108969547,0.0324024186,-0.00662516477	-0.0101589588,0.108969554,0.0324024111,-0.00662516197
p4	0	207	q_conv_predelta-13	13	2048	199	3.367533e-07	2.086163e-07	-0.00806564279,0.0865150541,0.0257255062,-0.00525996927	-0.00806558412,0.0865150765,0.0257255062,-0.00525996787
p4	0	208	k_conv_predelta-13	13	2048	203	2.718185e-07	3.576279e-07	-0.00376070268,-0.000983730424,0.00640820153,-0.660265505	-0.00376070174,-0.000983730191,0.00640820386,-0.660265565
p4	0	209	v_conv_predelta-13	13	2048	245	4.541062e-07	2.086163e-07	1.57384329e-05,0.000257036503,0.000123704085,7.88076941e-05	1.57383765e-05,0.000257036503,0.000123704012,7.88082543e-05
p4	0	210	a_softplus-13	13	16	16	0.000000e+00	0.000000e+00	2.25577807,0.61869359,1.61380255,2.79336405	2.25577807,0.61869359,1.61380255,2.79336405
p4	0	211	gate-13	13	16	16	0.000000e+00	0.000000e+00	-0.607134461,-0.71211201,-0.811470866,-0.668685853	-0.607134461,-0.71211201,-0.811470866,-0.668685853
p4	0	212	beta_sigmoid-13	13	16	16	0.000000e+00	0.000000e+00	0.94828707,0.862775028,0.659687579,0.978647351	0.94828707,0.862775028,0.659687579,0.978647351
p4	0	213	state_predelta-13	13	262144	262144	0.000000e+00	0.000000e+00	0,0,0,0	0,0,0,0
p4	0	214	new_state-13	13	262144	9180	4.990145e-07	9.685755e-08	-5.61268045e-08,-1.46817367e-08,9.56395425e-08,-9.85416682e-06	-5.61265878e-08,-1.46816799e-08,9.56392299e-08,-9.85413226e-06
p4	0	215	attn_output-13	13	2048	91	5.008215e-07	4.947651e-10	-7.76941178e-09,-1.26888295e-07,-6.10675812e-08,-3.89040977e-08	-7.76938425e-09,-1.26888295e-07,-6.10675528e-08,-3.89043642e-08
p4	0	216	z-13	13	2048	203	3.314746e-07	1.907349e-06	0.895652413,0.490358293,0.291368127,2.10842395	0.895652413,0.490357816,0.291368008,2.10842371
p4	0	217	final_output-13	13	2048	72	6.156804e-07	2.086163e-07	-5.23780818e-06,-4.12077752e-05,-1.0807611e-05,-7.58230672e-05	-5.23778954e-06,-4.12077316e-05,-1.08076001e-05,-7.58235838e-05
p4	0	218	linear_attn_out-13	13	1024	51	6.198872e-07	2.607703e-08	0.0288389921,-0.00534927985,-0.00153762102,-0.0123206824	0.0288389847,-0.0053492696,-0.00153762149,-0.0123206712
p4	0	219	attn_residual-13	13	1024	27	1.160469e-06	8.419156e-07	-0.0394833013,0.0765590221,0.0908777639,-0.0765192956	-0.0394824594,0.0765590891,0.0908777341,-0.0765192509
p4	0	220	attn_post_norm-13	13	1024	30	1.175922e-06	6.705523e-06	-0.313681304,0.919875145,1.00772834,-0.845645487	-0.313674599,0.919875979,1.00772798,-0.84564501
p4	0	221	ffn_out-13	13	1024	103	3.622283e-07	4.097819e-08	-0.0895211101,0.0189485308,0.0230872333,-0.00262228586	-0.0895211399,0.0189485438,0.0230872445,-0.00262229983
p4	0	222	l_out-13	13	1024	37	1.139891e-06	8.195639e-07	-0.129004419,0.0955075547,0.113964997,-0.0791415796	-0.129003599,0.0955076367,0.113964975,-0.0791415498
p4	0	223	attn_norm-14	14	1024	43	1.154645e-06	9.298325e-06	-1.46559036,1.22495997,1.3566848,-1.09380758	-1.46558106,1.22496104,1.35668445,-1.09380722
p4	0	224	conv_output_silu-14	14	6144	1061	2.943089e-07	9.536743e-07	-0.205845341,-0.0156004308,-0.138333037,-0.213234365	-0.205845311,-0.0156004252,-0.138333037,-0.21323435
p4	0	225	q_conv_predelta-14	14	2048	349	3.234204e-07	2.384186e-07	-0.0760359243,-0.00576254539,-0.0510979742,-0.0787653103	-0.0760359094,-0.00576254353,-0.0510979742,-0.0787653029
p4	0	226	k_conv_predelta-14	14	2048	263	3.192629e-07	4.023314e-07	-0.00283959345,0.0249523688,0.000460279931,-2.88317551e-05	-0.00283960113,0.0249523781,0.000460280571,-2.88317515e-05
p4	0	227	v_conv_predelta-14	14	2048	351	2.968290e-07	1.220033e-07	-0.000188239006,-0.000758873124,0.000272025296,-0.00259504514	-0.000188239632,-0.00075887359,0.000272023899,-0.00259504607
p4	0	228	a_softplus-14	14	16	16	0.000000e+00	0.000000e+00	0.371566474,1.53729486,0.768167675,0.0278056711	0.371566474,1.53729486,0.768167675,0.0278056711
p4	0	229	gate-14	14	16	16	0.000000e+00	0.000000e+00	-0.116918571,-0.256907731,-0.510711491,-0.083663471	-0.116918571,-0.256907731,-0.510711491,-0.083663471
p4	0	230	beta_sigmoid-14	14	16	16	0.000000e+00	0.000000e+00	0.955226183,0.984059811,0.890013814,0.929672539	0.955226183,0.984059811,0.890013814,0.929672539
p4	0	231	state_predelta-14	14	262144	262144	0.000000e+00	0.000000e+00	0,0,0,0	0,0,0,0
p4	0	232	new_state-14	14	262144	12808	4.550912e-07	9.313226e-08	5.10589643e-07,-4.48670608e-06,-8.27633144e-08,5.18426191e-09	5.10592713e-07,-4.48672245e-06,-8.27637052e-08,5.18427834e-09
p4	0	233	attn_output-14	14	2048	128	2.411138e-07	1.396984e-09	-5.88776281e-08,-2.37361235e-07,8.5084416e-08,-8.11681389e-07	-5.88779443e-08,-2.37361874e-07,8.50841602e-08,-8.11683492e-07
p4	0	234	z-14	14	2048	336	1.977149e-07	1.907349e-06	0.179047704,-0.743002355,0.519366384,0.991110086	0.179047823,-0.743002653,0.519366145,0.99110955
p4	0	235	final_output-14	14	2048	81	5.248089e-07	4.768372e-07	-6.03308263e-06,5.68333708e-05,2.784553e-05,-0.000536564563	-6.03311992e-06,5.68335381e-05,2.78454318e-05,-0.000536565552
p4	0	236	linear_attn_out-14	14	1024	61	5.036725e-07	4.470348e-08	0.0223053917,-0.012047451,0.00294186175,-0.0148281641	0.0223054141,-0.0120474529,0.00294183567,-0.0148281623
p4	0	237	attn_residual-14	14	1024	27	1.157947e-06	8.419156e-07	-0.106699027,0.0834601074,0.116906859,-0.0939697474	-0.106698185,0.083460182,0.116906807,-0.0939697102
p4	0	238	attn_post_norm-14	14	1024	34	1.149268e-06	7.152557e-06	-0.917725921,1.0067687,1.3233155,-1.0322423	-0.917718768,1.00676978,1.32331502,-1.03224194
p4	0	239	ffn_out-14	14	1024	501	4.617023e-08	2.384186e-07	-1.07878923,-0.162841201,-0.107965946,-0.187188208	-1.07878923,-0.162841201,-0.107965946,-0.187188208
p4	0	240	l_out-14	14	1024	128	2.087597e-07	8.344650e-07	-1.18548822,-0.0793810934,0.00894091278,-0.28115797	-1.18548739,-0.0793810189,0.00894086063,-0.281157911
p4	0	241	attn_norm-15	15	1024	102	2.176341e-07	1.430511e-06	-1.9908638,-0.149000958,0.0167458281,-0.523603678	-1.99086261,-0.149000823,0.0167457312,-0.523603618
p4	0	242	attn_pregate-15	15	2048	352	1.046297e-07	3.814697e-06	-0.207333148,0.220410615,0.0850597024,0.0746375322	-0.207333207,0.220410585,0.0850598216,0.074637413
p4	0	243	attn_gated-15	15	2048	212	1.206521e-07	3.814697e-06	-0.0406258963,0.0546765104,0.0106401769,0.0260693859	-0.0406259075,0.0546765029,0.0106401946,0.026069345
p4	0	244	attn_output-15	15	1024	115	2.458787e-07	5.960464e-07	1.05939174,0.114625879,0.124200605,0.333968431	1.05939198,0.114625894,0.124200493,0.333968431
p4	0	245	attn_residual-15	15	1024	69	1.428953e-06	1.072884e-06	-0.126096487,0.0352447852,0.133141518,0.0528104603	-0.126095414,0.0352448747,0.133141354,0.0528105199
p4	0	246	attn_post_norm-15	15	1024	17	1.447854e-06	7.152557e-06	-0.863718212,0.381733745,1.37526548,0.506178916	-0.863711059,0.381734848,1.37526417,0.506179631
p4	0	247	ffn_out-15	15	1024	100	4.179485e-07	6.332994e-08	0.0819580406,0.00984012708,-0.00527200475,0.0193425678	0.0819580704,0.0098401159,-0.00527200475,0.0193425938
p4	0	248	l_out-15	15	1024	11	1.442857e-06	1.102686e-06	-0.0441384465,0.0450849123,0.127869517,0.0721530318	-0.0441373438,0.0450849906,0.127869353,0.0721531138
p4	0	249	attn_norm-16	16	1024	26	1.398693e-06	1.040101e-05	-0.420596331,0.617905617,1.45974338,0.922806859	-0.42058593,0.617906809,1.45974183,0.922808051
p4	0	250	conv_output_silu-16	16	6144	794	3.523473e-07	1.057982e-06	0.0330873653,0.0797003433,0.161502317,-0.245250002	0.0330873653,0.079700321,0.161502108,-0.245249942
p4	0	251	q_conv_predelta-16	16	2048	184	5.905144e-07	6.556511e-07	0.00564333051,0.0135935685,0.0275455881,-0.0418294668	0.00564333005,0.0135935638,0.027545549,-0.0418294519
p4	0	252	k_conv_predelta-16	16	2048	221	5.250646e-07	6.705523e-07	0.0637207329,-0.0155602051,-0.00431533949,0.0682044178	0.0637207776,-0.0155602051,-0.00431533298,0.0682044178
p4	0	253	v_conv_predelta-16	16	2048	272	2.113026e-07	7.152557e-07	-0.00717367046,0.000262971502,0.116132341,-0.00048389312	-0.00717367418,0.000262971618,0.116132393,-0.000483895012
p4	0	254	a_softplus-16	16	16	0	1.489609e-04	5.342960e-04	0.448827356,1.52503705,0.508258998,2.00885415	0.448737949,1.52519405,0.508087158,2.0089128
p4	0	255	gate-16	16	16	0	9.486750e-05	1.373291e-04	-0.0911848098,-0.618582308,-0.0607028827,-0.434445202	-0.0911666453,-0.618646026,-0.0606823601,-0.434457868
p4	0	256	beta_sigmoid-16	16	16	0	7.710662e-06	1.651049e-05	0.992546856,0.92931366,0.993063748,0.985437751	0.992549658,0.929321706,0.993062556,0.9854334
p4	0	257	state_predelta-16	16	262144	262144	0.000000e+00	0.000000e+00	0,0,0,0	0,0,0,0
p4	0	258	new_state-16	16	262144	741	4.059215e-06	4.053116e-06	-0.000453704619,0.000110791836,3.07260998e-05,-0.000485629367	-0.000453706452,0.000110792207,3.07261544e-05,-0.000485630997
p4	0	259	attn_output-16	16	2048	6	2.715472e-06	6.332994e-08	-7.52336491e-05,2.75790535e-06,0.0012179343,-5.07481354e-06	-7.52338965e-05,2.75791422e-06,0.00121793826,-5.07484765e-06
p4	0	260	z-16	16	2048	159	3.888770e-07	2.145767e-06	0.00579607487,0.171598077,-1.33328199,0.224167854	0.00579625368,0.171597838,-1.33328187,0.224168003
p4	0	261	final_output-16	16	2048	18	3.816500e-06	5.215406e-06	-0.000170976578,0.000207762379,-0.305926889,-0.00050222635	-0.000170982341,0.000207762612,-0.305927724,-0.000502229785
p4	0	262	linear_attn_out-16	16	1024	11	5.021065e-06	8.791685e-07	-0.141620919,0.0101328865,0.0407453105,-0.0199644268	-0.14162004,0.0101328753,0.0407452881,-0.0199646652
p4	0	263	attn_residual-16	16	1024	18	1.724671e-06	1.981854e-06	-0.185759366,0.0552177988,0.168614835,0.0521886051	-0.185757384,0.0552178659,0.168614641,0.0521884486
p4	0	264	attn_post_norm-16	16	1024	18	1.779061e-06	1.287460e-05	-1.22631383,0.613758147,1.83448386,0.474393964	-1.22630095,0.613758981,1.83448231,0.474392623
p4	0	265	ffn_out-16	16	1024	60	5.765534e-07	1.043081e-07	0.0525972322,-0.00274102716,0.0105987983,0.0508981273	0.0525973365,-0.00274101296,0.0105987955,0.050898172
p4	0	266	l_out-16	16	1024	12	1.706228e-06	2.086163e-06	-0.133162141,0.0524767712,0.179213628,0.103086732	-0.133160055,0.0524768531,0.179213434,0.103086621
p4	0	267	attn_norm-17	17	1024	16	1.654966e-06	2.098083e-05	-1.36029518,0.720695019,2.3008523,1.28849339	-1.3602742,0.72069633,2.30085063,1.28849232
p4	0	268	conv_output_silu-17	17	6144	694	4.094081e-07	2.145767e-06	-0.246370107,-0.190535277,-0.127059102,0.000431360677	-0.246370181,-0.190535277,-0.127059162,0.000431337772
p4	0	269	q_conv_predelta-17	17	2048	180	5.814693e-07	5.662441e-07	-0.0945899263,-0.073153019,-0.0487823412,0.000165614139	-0.0945899561,-0.073153019,-0.0487823673,0.00016560535
p4	0	270	k_conv_predelta-17	17	2048	241	5.435480e-07	1.023524e-06	0.0185735095,-0.115010075,-0.0230448879,-0.0108387005	0.0185735319,-0.115009949,-0.0230448935,-0.0108387023
p4	0	271	v_conv_predelta-17	17	2048	220	2.410469e-07	7.152557e-07	-0.00984986871,-0.203549266,0.0496629179,-0.0293378662	-0.00984986033,-0.203549266,0.0496629067,-0.0293379035
p4	0	272	a_softplus-17	17	16	16	0.000000e+00	0.000000e+00	2.67984772,0.228325143,3.6571908,3.08820295	2.67984772,0.228325143,3.6571908,3.08820295
p4	0	273	gate-17	17	16	16	0.000000e+00	0.000000e+00	-0.631566167,-0.0590986572,-0.924682617,-1.07562494	-0.631566167,-0.0590986572,-0.924682617,-1.07562494
p4	0	274	beta_sigmoid-17	17	16	16	0.000000e+00	0.000000e+00	0.943912089,0.994383693,0.985736072,0.963858068	0.943912089,0.994383693,0.985736072,0.963858068
p4	0	275	state_predelta-17	17	262144	262144	0.000000e+00	0.000000e+00	0,0,0,0	0,0,0,0
p4	0	276	new_state-17	17	262144	9773	5.112456e-07	1.311302e-06	-0.000172685541,0.0010692958,0.000214257772,0.000100771846	-0.000172685599,0.00106929382,0.000214257656,0.00010077178
p4	0	277	attn_output-17	17	2048	73	8.916694e-07	5.029142e-08	-1.78147802e-05,-0.000368145644,8.98219077e-05,-5.30613834e-05	-1.78147529e-05,-0.000368145236,8.98218132e-05,-5.30614052e-05
p4	0	278	z-17	17	2048	148	4.834552e-07	2.622604e-06	-0.121163137,-1.12228036,-1.33336186,-0.72130394	-0.121163048,-1.12228036,-1.33336103,-0.721304059
p4	0	279	final_output-17	17	2048	38	9.369660e-07	1.370907e-06	0.000772866944,0.0855706856,-0.0145863844,0.00939947553	0.00077286514,0.0855705962,-0.0145863695,0.00939948019
p4	0	280	linear_attn_out-17	17	1024	71	5.924190e-07	5.587935e-08	-0.163770691,0.0278424863,0.0490866378,-0.0507380925	-0.163770735,0.0278424993,0.0490866452,-0.0507380962
p4	0	281	attn_residual-17	17	1024	16	1.677003e-06	2.026558e-06	-0.296932817,0.0803192556,0.228300273,0.0523486398	-0.29693079,0.0803193524,0.22830008,0.0523485243
p4	0	282	attn_post_norm-17	17	1024	12	1.739718e-06	1.239777e-05	-1.82366204,0.865086973,2.37259316,0.47830227	-1.82364964,0.865088105,2.37259126,0.478301257
p4	0	283	ffn_out-17	17	1024	53	7.325925e-07	8.568168e-08	-0.0203327909,-0.0357995667,-0.0180682763,0.0393719412	-0.0203327909,-0.0357995853,-0.0180683248,0.0393719375
p4	0	284	l_out-17	17	1024	24	1.640172e-06	2.026558e-06	-0.3172656,0.0445196889,0.21023199,0.0917205811	-0.317263573,0.0445197672,0.210231751,0.0917204618
p4	0	285	attn_norm-18	18	1024	13	1.555194e-06	1.978874e-05	-3.20808506,0.592361331,2.69205666,1.14209783	-3.20806527,0.592362523,2.69205427,1.14209664
p4	0	286	conv_output_silu-18	18	6144	862	3.412627e-07	2.384186e-06	-0.259165525,-0.235831425,-0.0348478816,-0.27643773	-0.259165525,-0.23583138,-0.0348478705,-0.27643773
p4	0	287	q_conv_predelta-18	18	2048	180	4.863892e-07	4.097819e-07	-0.0711625665,-0.06475541,-0.00956865121,-0.0759052262	-0.0711625516,-0.0647553802,-0.00956864655,-0.0759052113
p4	0	288	k_conv_predelta-18	18	2048	274	3.990382e-07	2.980232e-07	-0.035975568,-0.0690212771,-0.0391864404,0.00115958636	-0.0359755121,-0.069021292,-0.0391864516,0.00115958776
p4	0	289	v_conv_predelta-18	18	2048	289	2.792764e-07	1.430511e-06	0.0800255463,0.0129866963,-0.00863330532,-0.102182172	0.080025509,0.0129866963,-0.00863332208,-0.102182187
p4	0	290	a_softplus-18	18	16	0	4.814884e-05	3.247261e-04	0.0686918274,7.81408358,1.70992863,4.97774601	0.0687086359,7.81377697,1.70991766,4.97742128
p4	0	291	gate-18	18	16	0	5.407788e-05	1.045465e-04	-0.0286350138,-1.57517314,-0.509418249,-1.33974218	-0.0286420193,-1.57511127,-0.509414971,-1.3396548
p4	0	292	beta_sigmoid-18	18	16	0	1.798182e-06	3.755093e-06	0.995706618,0.985102296,0.97120285,0.980772376	0.995705783,0.985099614,0.971199095,0.980772138
p4	0	293	state_predelta-18	18	262144	262144	0.000000e+00	0.000000e+00	0,0,0,0	0,0,0,0
p4	0	294	new_state-18	18	262144	4211	2.397665e-06	2.098083e-05	-0.0028666039,-0.00549975084,-0.00312245241,9.23981206e-05	-0.00286659575,-0.00549974479,-0.00312244939,9.23981061e-05
p4	0	295	attn_output-18	18	2048	47	9.878003e-07	4.470348e-08	0.00122041185,0.000198050751,-0.000131660316,-0.00155830663	0.00122041011,0.000198050562,-0.000131660447,-0.00155830546
p4	0	296	z-18	18	2048	150	4.194525e-07	2.861023e-06	-3.5866909,-0.431511343,-0.967489421,-0.690627575	-3.58669138,-0.431511343,-0.967490017,-0.69062674
p4	0	297	final_output-18	18	2048	47	9.557468e-07	5.245209e-06	-0.0441655777,-0.0147427823,0.0140354233,0.136824593	-0.0441655368,-0.0147427805,0.0140354512,0.136824489
p4	0	298	linear_attn_out-18	18	1024	38	8.749900e-07	6.221235e-07	-0.664128184,0.0661906004,-0.023998633,0.0630492344	-0.664127707,0.0661906004,-0.023998607,0.0630492344
p4	0	299	attn_residual-18	18	1024	23	1.423096e-06	2.503395e-06	-0.981393814,0.110710293,0.186233357,0.154769808	-0.981391311,0.110710368,0.186233148,0.154769689
p4	0	300	attn_post_norm-18	18	1024	25	1.427757e-06	1.144409e-05	-5.32412481,0.933564603,1.59651399,1.13698852	-5.32411337,0.933565617,1.59651291,1.13698816
p4	0	301	ffn_out-18	18	1024	90	4.856293e-07	1.341105e-07	-1.29461813,-0.0389828011,-0.135147244,0.299685627	-1.29461813,-0.0389827974,-0.135147184,0.299685597
p4	0	302	l_out-18	18	1024	20	1.221455e-06	2.384186e-06	-2.27601194,0.0717274919,0.0510861129,0.454455435	-2.27600956,0.0717275739,0.0510859638,0.454455286
p4	0	303	attn_norm-19	19	1024	20	1.056501e-06	7.629395e-06	-11.6471682,0.408253014,0.299696803,2.63613391	-11.6471605,0.40825364,0.299696058,2.63613391
p4	0	304	attn_pregate-19	19	2048	112	4.724514e-07	1.102686e-06	-0.442429662,-0.26149404,-0.52533859,-0.224258721	-0.44242999,-0.26149416,-0.525338769,-0.224258691
p4	0	305	attn_gated-19	19	2048	73	3.081786e-07	4.172325e-07	-0.015875604,-0.017425485,-0.0297681391,-0.0145734912	-0.0158756152,-0.0174254924,-0.0297681428,-0.0145734856
p4	0	306	attn_output-19	19	1024	117	7.134614e-07	1.788139e-07	1.68914711,0.0228888243,0.0175865591,-0.144197255	1.689147,0.0228887945,0.0175866187,-0.144197285
p4	0	307	attn_residual-19	19	1024	22	1.389043e-06	2.264977e-06	-0.586864829,0.0946163163,0.0686726719,0.31025818	-0.586862564,0.0946163684,0.0686725825,0.310258001
p4	0	308	attn_post_norm-19	19	1024	36	1.395928e-06	1.120567e-05	-3.28125143,0.783034503,0.519613862,1.95107484	-3.28124022,0.783035278,0.519613385,1.95107448
p4	0	309	ffn_out-19	19	1024	79	5.464611e-07	8.940697e-08	0.0485323519,-0.00629166886,-0.0727806389,-0.027778849	0.0485323966,-0.00629168749,-0.0727805942,-0.0277788006
p4	0	310	l_out-19	19	1024	17	1.422543e-06	2.264977e-06	-0.538332462,0.0883246511,-0.00410796702,0.282479346	-0.538330197,0.0883246809,-0.00410801172,0.282479197
p4	0	311	attn_norm-20	20	1024	28	1.279010e-06	1.430511e-05	-3.74036741,0.862093568,-0.0373663194,2.30085468	-3.74035311,0.862094164,-0.0373667441,2.30085444
p4	0	312	conv_output_silu-20	20	6144	838	4.252149e-07	2.741814e-06	0.147016689,-0.107801974,-0.052446533,0.08597105	0.147016525,-0.107801974,-0.0524464436,0.0859712884
p4	0	313	q_conv_predelta-20	20	2048	201	6.052882e-07	6.407499e-07	0.0641428679,-0.0470336266,-0.0228822399,0.0375088714	0.0641428009,-0.0470336229,-0.0228822008,0.037508972
p4	0	314	k_conv_predelta-20	20	2048	224	4.422833e-07	3.706664e-07	0.00146838906,-0.00665641762,0.028214762,-0.0320083089	0.00146838371,-0.00665641436,0.028214762,-0.0320083052
p4	0	315	v_conv_predelta-20	20	2048	303	2.063343e-07	5.662441e-07	0.0139005957,0.0249239244,0.0105910534,-0.00927954726	0.0139006432,0.0249239244,0.0105910767,-0.00927953236
p4	0	316	a_softplus-20	20	16	16	0.000000e+00	0.000000e+00	1.04142618,2.2906878,0.58190161,5.29066563	1.04142618,2.2906878,0.58190161,5.29066563
p4	0	317	gate-20	20	16	16	0.000000e+00	0.000000e+00	-0.232373595,-0.398061842,-0.105972156,-1.51580107	-0.232373595,-0.398061842,-0.105972156,-1.51580107
p4	0	318	beta_sigmoid-20	20	16	16	0.000000e+00	0.000000e+00	0.997398615,0.996779621,0.993665874,0.968834281	0.997398615,0.996779621,0.993665874,0.968834281
p4	0	319	state_predelta-20	20	262144	262144	0.000000e+00	0.000000e+00	0,0,0,0	0,0,0,0
p4	0	320	new_state-20	20	262144	11542	4.031323e-07	6.854534e-07	2.03583859e-05,-9.22874679e-05,0.000391181733,-0.000443777128	2.03583804e-05,-9.22877443e-05,0.000391183072,-0.000443778583
p4	0	321	attn_output-20	20	2048	81	7.905752e-07	2.421439e-08	0.000179103954,0.000321135361,0.000136461735,-0.000119563469	0.000179104551,0.000321135361,0.00013646204,-0.000119563279
p4	0	322	z-20	20	2048	139	4.768660e-07	3.337860e-06	0.0509408712,-0.165492535,0.704283476,-0.00994151831	0.0509406328,-0.165491581,0.704283774,-0.00994157791
p4	0	323	final_output-20	20	2048	58	8.582575e-07	2.771616e-06	0.00178861571,-0.00986231491,0.0237725433,0.00020360238	0.00178861269,-0.00986226276,0.0237726066,0.000203603282
p4	0	324	linear_attn_out-20	20	1024	67	6.056895e-07	1.788139e-07	0.0498993546,-0.0262342244,-0.0687540248,0.0271160267	0.0498993546,-0.0262342393,-0.0687541142,0.0271160975
p4	0	325	attn_residual-20	20	1024	28	1.385582e-06	2.264977e-06	-0.488433123,0.0620904267,-0.0728619918,0.309595376	-0.488430858,0.0620904416,-0.0728621259,0.309595287
p4	0	326	attn_post_norm-20	20	1024	25	1.380521e-06	1.001358e-05	-2.29276681,0.510736525,-0.606532097,2.00844622	-2.2927568,0.510736763,-0.606533468,2.00844622
p4	0	327	ffn_out-20	20	1024	44	7.088558e-07	1.490116e-07	0.174188644,0.0712438822,0.0326304883,0.0265233703	0.174188554,0.0712437928,0.0326304883,0.0265234374
p4	0	328	l_out-20	20	1024	24	1.344409e-06	2.175570e-06	-0.314244479,0.133334309,-0.0402315035,0.336118758	-0.314242303,0.133334234,-0.0402316377,0.336118728
p4	0	329	attn_norm-21	21	1024	20	1.239628e-06	1.299381e-05	-1.96476614,1.27995157,-0.352327377,2.73835969	-1.96475315,1.27995121,-0.352328628,2.73836017
p4	0	330	conv_output_silu-21	21	6144	635	5.142433e-07	2.384186e-06	-0.250014693,-0.193475887,0.03266716,-0.260980308	-0.250014752,-0.193475768,0.032666795,-0.260980338
p4	0	331	q_conv_predelta-21	21	2048	182	5.157522e-07	5.960464e-07	-0.109523401,-0.0847555697,0.0143104326,-0.114327088	-0.109523423,-0.0847555175,0.0143102724,-0.114327095
p4	0	332	k_conv_predelta-21	21	2048	169	4.826432e-07	4.172325e-07	-0.0444022454,0.0394084714,-0.0601643845,-0.00832765084	-0.0444022305,0.0394084714,-0.0601643771,-0.00832764246
p4	0	333	v_conv_predelta-21	21	2048	193	4.549254e-07	1.192093e-06	-0.0271373633,0.0530353114,0.155394152,-0.00491593825	-0.0271373317,0.0530353263,0.155394182,-0.00491593219
p4	0	334	a_softplus-21	21	16	16	0.000000e+00	0.000000e+00	2.87157059,5.32262278,0.110977821,1.8409301	2.87157059,5.32262278,0.110977821,1.8409301
p4	0	335	gate-21	21	16	16	0.000000e+00	0.000000e+00	-0.848834634,-1.37768388,-0.0414693803,-0.872997344	-0.848834634,-1.37768388,-0.0414693803,-0.872997344
p4	0	336	beta_sigmoid-21	21	16	16	0.000000e+00	0.000000e+00	0.972937644,0.880907178,0.978548169,0.982748687	0.972937644,0.880907178,0.978548169,0.982748687
p4	0	337	state_predelta-21	21	262144	262144	0.000000e+00	0.000000e+00	0,0,0,0	0,0,0,0
p4	0	338	new_state-21	21	262144	7983	6.538312e-07	7.748604e-07	0.00117235072,-0.00104050036,0.00158851792,0.000219874637	0.00117234909,-0.00104049919,0.00158851594,0.000219874171
p4	0	339	attn_output-21	21	2048	71	7.445806e-07	1.862645e-08	-0.000137517432,0.0002687542,0.00078745326,-2.49113073e-05	-0.000137517185,0.000268754055,0.000787452911,-2.491126e-05
p4	0	340	z-21	21	2048	128	5.508608e-07	3.099442e-06	-1.90541792,1.04469883,0.258241057,1.11325204	-1.90541756,1.04469824,0.258240461,1.11325228
p4	0	341	final_output-21	21	2048	45	9.478198e-07	3.337860e-06	0.0260251816,0.131517112,0.0794030353,-0.0179519206	0.0260251369,0.131516948,0.0794027969,-0.0179518927
p4	0	342	linear_attn_out-21	21	1024	69	7.653114e-07	2.458692e-07	0.0406674594,-0.00757458061,0.156890273,-0.109338418	0.0406677052,-0.00757455826,0.156890213,-0.109338492
p4	0	343	attn_residual-21	21	1024	32	1.301879e-06	2.443790e-06	-0.273577034,0.125759721,0.11665877,0.22678034	-0.273574591,0.125759676,0.116658576,0.226780236
p4	0	344	attn_post_norm-21	21	1024	23	1.265353e-06	1.013279e-05	-1.18931973,0.945061624,0.865104139,1.34448504	-1.1893096,0.945061743,0.865103006,1.34448493
p4	0	345	ffn_out-21	21	1024	29	8.524205e-07	3.278255e-07	-0.27255857,-0.00601583347,-0.0246489123,-0.0990874618	-0.272558898,-0.00601582043,-0.0246489383,-0.0990875289
p4	0	346	l_out-21	21	1024	26	1.273455e-06	2.086163e-06	-0.546135604,0.119743884,0.0920098573,0.127692878	-0.546133518,0.119743854,0.0920096338,0.127692699
p4	0	347	attn_norm-22	22	1024	30	1.192486e-06	1.144409e-05	-2.98842764,0.940029979,0.664593756,0.92112118	-2.98841691,0.940029979,0.664592326,0.921120107
p4	0	348	conv_output_silu-22	22	6144	703	4.329808e-07	1.192093e-06	-0.156384513,-0.2709409,-0.00690966612,0.024832312	-0.156384498,-0.27094093,-0.00690969033,0.0248323157
p4	0	349	q_conv_predelta-22	22	2048	185	4.580816e-07	4.172325e-07	-0.0676290616,-0.117169395,-0.00298811076,0.0107388254	-0.0676290616,-0.117169425,-0.00298812171,0.0107388282
p4	0	350	k_conv_predelta-22	22	2048	177	4.057884e-07	5.662441e-07	-0.00259187235,-0.00159800239,-0.045984488,0.168800324	-0.00259186723,-0.00159798015,-0.0459844992,0.168800339
p4	0	351	v_conv_predelta-22	22	2048	217	3.930683e-07	7.152557e-07	-0.00905043352,-0.00608356064,0.00271560345,-0.0255741756	-0.00905044284,-0.006083549,0.00271560485,-0.0255741645
p4	0	352	a_softplus-22	22	16	0	5.337981e-05	3.793240e-04	3.81490397,2.31649804,4.2882781,1.26323795	3.81492186,2.3164506,4.28834009,1.26310694
p4	0	353	gate-22	22	16	0	3.758604e-05	9.220839e-05	-0.705686271,-0.525020242,-2.81232142,-0.237355381	-0.705689609,-0.525009513,-2.81236219,-0.237330765
p4	0	354	beta_sigmoid-22	22	16	0	6.453225e-06	1.347065e-05	0.838188231,0.95578146,0.962606251,0.933629215	0.838195384,0.955785394,0.962607026,0.933631778
p4	0	355	state_predelta-22	22	262144	262144	0.000000e+00	0.000000e+00	0,0,0,0	0,0,0,0
p4	0	356	new_state-22	22	262144	1229	4.239089e-06	2.250075e-06	1.96618585e-05,1.21223929e-05,0.000348836795,-0.00128051371	1.96620076e-05,1.21223411e-05,0.000348840229,-0.00128052605
p4	0	357	attn_output-22	22	2048	4	5.703141e-06	7.357448e-08	-0.000168996557,-0.000113596856,5.07078075e-05,-0.000477540365	-0.000168998158,-0.000113597598,5.07082623e-05,-0.000477544236
p4	0	358	z-22	22	2048	179	3.724920e-07	2.384186e-06	1.36390185,-0.348752856,-3.84848905,0.274149477	1.36390185,-0.348752916,-3.84848952,0.274149537
p4	0	359	final_output-22	22	2048	8	6.217374e-06	1.609325e-05	-0.194650203,0.0157072134,-0.00406475924,-0.0668852106	-0.194651753,0.0157072973,-0.00406478811,-0.0668856651
p4	0	360	linear_attn_out-22	22	1024	8	4.157253e-06	1.788139e-06	0.668566048,0.0219578594,0.055725053,-0.233680263	0.668567181,0.0219580978,0.0557252169,-0.233680412
p4	0	361	attn_residual-22	22	1024	21	2.025979e-06	3.218651e-06	0.122430444,0.141701743,0.14773491,-0.105987385	0.122433662,0.141701952,0.147734851,-0.105987713
p4	0	362	attn_post_norm-22	22	1024	17	2.043398e-06	1.388788e-05	0.531265616,0.887149155,0.90844965,-0.535841823	0.531279504,0.887150288,0.908449173,-0.535843372
p4	0	363	ffn_out-22	22	1024	7	1.515836e-06	9.536743e-07	-0.516201794,-0.0124575794,-0.0585438013,0.113391042	-0.516202748,-0.0124575421,-0.0585439801,0.113391228
p4	0	364	l_out-22	22	1024	13	1.919800e-06	2.264977e-06	-0.39377135,0.129244164,0.0891911089,0.00740365684	-0.393769085,0.129244417,0.0891908705,0.00740351528
p4	0	365	attn_norm-23	23	1024	22	1.671498e-06	1.037121e-05	-1.66305923,0.698933065,0.498409897,0.0337710679	-1.66304886,0.698934138,0.498408318,0.0337704085
p4	0	366	attn_pregate-23	23	2048	4	1.842468e-04	1.868248e-03	-6.03453684,0.179828286,-0.276322961,0.202475742	-6.03517771,0.180037916,-0.27676177,0.20225206
p4	0	367	attn_gated-23	23	2048	0	2.934780e-04	1.702070e-03	-0.421105623,0.0300319418,-0.0412420109,0.0462870225	-0.421310157,0.0300731137,-0.0412977077,0.0462554879
p4	0	368	attn_output-23	23	1024	0	2.890694e-03	2.773583e-03	1.83899868,-0.198934555,0.0388420038,-0.410612404	1.83944416,-0.199297652,0.0390023924,-0.411272705
p4	0	369	attn_residual-23	23	1024	0	2.143221e-03	2.774000e-03	1.44522738,-0.0696903914,0.128033116,-0.403208733	1.44567513,-0.0700532347,0.128193259,-0.403869182
p4	0	370	attn_post_norm-23	23	1024	0	2.164003e-03	1.195747e-02	4.61837149,-0.269208014,0.455029845,-1.34049392	4.61986876,-0.270613551,0.455605537,-1.34270895
p4	0	371	ffn_out-23	23	1024	0	1.464936e-02	8.106112e-03	-1.89053619,-0.0180596691,-0.160261571,1.02514231	-1.88243008,-0.0169578511,-0.159927964,1.02876365
p4	0	372	l_out-23	23	1024	0	6.245896e-03	8.553863e-03	-0.445308805,-0.0877500623,-0.0322284549,0.621933579	-0.436754942,-0.087011084,-0.031734705,0.6248945
p4	0	373	result_norm	-1	1024	0	8.255154e-03	1.076998e-01	-0.298120469,-0.989405453,-0.352785766,7.59684038	-0.292368114,-0.980986774,-0.347350299,7.63233423
p4	0	374	result_output	-1	248320	0	1.520725e-02	1.773725e-01	1.73985863,3.45914364,6.23938513,2.74840593	1.66817248,3.42491364,6.24282455,2.81236935
p4	1	375	model.input_embed	-1	1024	1024	0.000000e+00	0.000000e+00	0.0149679184,-0.0224518776,-0.028439045,-0.00898075104	0.0149679184,-0.0224518776,-0.028439045,-0.00898075104
p4	1	376	attn_norm-0	0	1024	1024	0.000000e+00	0.000000e+00	1.32417631,-1.28602874,-1.93117678,-0.693640828	1.32417631,-1.28602874,-1.93117678,-0.693640828
p4	1	377	conv_output_silu-0	0	6144	6144	0.000000e+00	0.000000e+00	-0.0199038032,0.0064121047,-0.0311781056,-0.0159844179	-0.0199038032,0.0064121047,-0.0311781056,-0.0159844179
p4	1	378	q_conv_predelta-0	0	2048	2048	0.000000e+00	0.000000e+00	-0.0248693507,0.00801177882,-0.038956333,-0.019972166	-0.0248693507,0.00801177882,-0.038956333,-0.019972166
p4	1	379	k_conv_predelta-0	0	2048	2048	0.000000e+00	0.000000e+00	-0.0252393503,-0.0798191354,0.0527554564,0.00172415131	-0.0252393503,-0.0798191354,0.0527554564,0.00172415131
p4	1	380	v_conv_predelta-0	0	2048	2048	0.000000e+00	0.000000e+00	0.014797858,-0.016501734,-0.00478981249,0.0645483956	0.014797858,-0.016501734,-0.00478981249,0.0645483956
p4	1	381	a_softplus-0	0	16	16	0.000000e+00	0.000000e+00	3.03038049,0.000870683114,0.000659129291,5.90454483	3.03038049,0.000870683114,0.000659129291,5.90454483
p4	1	382	gate-0	0	16	16	0.000000e+00	0.000000e+00	-3.92160368,-0.000114208764,-7.87217723e-05,-3.351192	-3.92160368,-0.000114208764,-7.87217723e-05,-3.351192
p4	1	383	beta_sigmoid-0	0	16	16	0.000000e+00	0.000000e+00	0.607916415,0.470774174,0.704183161,0.988907754	0.607916415,0.470774174,0.704183161,0.988907754
p4	1	384	state_predelta-0	0	262144	262144	0.000000e+00	0.000000e+00	-3.93379878e-07,-3.18841703e-05,-3.61811362e-05,-1.31399872e-07	-3.93379878e-07,-3.18841703e-05,-3.61811362e-05,-1.31399872e-07
p4	1	385	new_state-0	0	262144	262144	0.000000e+00	0.000000e+00	-0.000227077442,-0.000718736555,0.000473905733,1.55089856e-05	-0.000227077442,-0.000718736555,0.000473905733,1.55089856e-05
p4	1	386	attn_output-0	0	2048	2048	0.000000e+00	0.000000e+00	5.01796712e-05,-5.59660912e-05,-1.62651668e-05,0.000219062742	5.01796712e-05,-5.59660912e-05,-1.62651668e-05,0.000219062742
p4	1	387	z-0	0	2048	2048	0.000000e+00	0.000000e+00	0.308605969,0.96531105,0.185285449,1.01937342	0.308605969,0.96531105,0.185285449,1.01937342
p4	1	388	final_output-0	0	2048	2048	0.000000e+00	0.000000e+00	0.00843618624,-0.0380078144,-0.00149816787,0.148804232	0.00843618624,-0.0380078144,-0.00149816787,0.148804232
p4	1	389	linear_attn_out-0	0	1024	1024	0.000000e+00	0.000000e+00	-0.199616343,-0.0281739309,-0.0345434844,0.018316783	-0.199616343,-0.0281739309,-0.0345434844,0.018316783
p4	1	390	attn_residual-0	0	1024	1024	0.000000e+00	0.000000e+00	-0.184648424,-0.0506258085,-0.0629825294,0.00933603197	-0.184648424,-0.0506258085,-0.0629825294,0.00933603197
p4	1	391	attn_post_norm-0	0	1024	7	1.279053e-07	4.768372e-07	-3.67594171,-1.84874225,-2.36667609,0.343755782	-3.67594147,-1.84874201,-2.36667585,0.343755752
p4	1	392	ffn_out-0	0	1024	56	4.122972e-07	7.450581e-08	0.193778262,0.0346853212,0.0315507576,0.00766588934	0.193778187,0.0346853286,0.0315507464,0.00766589679
p4	1	393	l_out-0	0	1024	99	3.324112e-07	7.450581e-08	0.00912983716,-0.0159404874,-0.0314317718,0.0170019213	0.00912976265,-0.0159404799,-0.031431783,0.0170019288
p4	1	394	attn_norm-1	1	1024	104	3.228275e-07	2.264977e-06	0.278393745,-0.629836023,-1.18792653,0.688956082	0.27839148,-0.629835784,-1.18792713,0.68895638
p4	1	395	conv_output_silu-1	1	6144	2549	1.729541e-07	4.768372e-07	-0.0123663433,-0.00484091649,-0.00115763175,-0.197024271	-0.012366347,-0.00484091928,-0.0011576059,-0.197024241
p4	1	396	q_conv_predelta-1	1	2048	408	2.521769e-07	2.086163e-07	-0.0135818627,-0.00531674223,-0.0012714183,-0.216390282	-0.0135818664,-0.00531674502,-0.00127138989,-0.216390237
p4	1	397	k_conv_predelta-1	1	2048	594	2.043865e-07	1.788139e-07	-0.0216047838,0.35182938,0.0271503646,0.00589399552	-0.0216047857,0.35182938,0.0271503646,0.00589399412
p4	1	398	v_conv_predelta-1	1	2048	1071	8.907487e-08	2.980232e-07	0.180203855,0.0471171476,0.0328047685,0.00462351087	0.180203855,0.0471171476,0.0328047685,0.00462351087
p4	1	399	a_softplus-1	1	16	16	0.000000e+00	0.000000e+00	1.21980286,0.923421979,1.36834764,1.8996551	1.21980286,0.923421979,1.36834764,1.8996551
p4	1	400	gate-1	1	16	16	0.000000e+00	0.000000e+00	-0.218698591,-0.996022582,-1.56728697,-0.57485348	-0.218698591,-0.996022582,-1.56728697,-0.57485348
p4	1	401	beta_sigmoid-1	1	16	16	0.000000e+00	0.000000e+00	0.960202098,0.558266521,0.929064095,0.813479125	0.960202098,0.558266521,0.929064095,0.813479125
p4	1	402	state_predelta-1	1	262144	262144	0.000000e+00	0.000000e+00	2.57077791e-05,-0.00196893164,-0.000129312044,4.84333759e-05	2.57077791e-05,-0.00196893164,-0.000129312044,4.84333759e-05
p4	1	403	new_state-1	1	262144	60509	1.519017e-07	2.086163e-07	-0.00371669489,0.0592798479,0.00459275721,0.0010585055	-0.00371669536,0.0592798479,0.00459275721,0.00105850527
p4	1	404	attn_output-1	1	2048	343	7.598406e-08	1.862645e-09	0.00115293986,0.000311128504,0.000198371155,2.89911477e-05	0.00115293975,0.000311128475,0.000198371155,2.89911477e-05
p4	1	405	z-1	1	2048	228	2.454185e-07	1.430511e-06	-5.51347637,-5.06877661,-1.23876822,-0.26649946	-5.51347637,-5.06877708,-1.2387681,-0.266499221
p4	1	406	final_output-1	1	2048	140	3.111086e-07	5.215406e-07	-0.0219599623,-0.00846144464,-0.0519324206,-0.00347533799	-0.0219599623,-0.00846144184,-0.051932428,-0.00347533636
p4	1	407	linear_attn_out-1	1	1024	120	2.937776e-07	2.980232e-08	-0.189839453,0.0111419726,0.00722718239,-0.0245501325	-0.189839423,0.0111419642,0.00722717494,-0.024550138
p4	1	408	attn_residual-1	1	1024	113	3.021983e-07	4.842877e-08	-0.180709615,-0.00479851477,-0.0242045894,-0.00754821114	-0.18070966,-0.0047985157,-0.0242046081,-0.00754820928
p4	1	409	attn_post_norm-1	1	1024	114	3.475906e-07	1.430511e-06	-2.6129384,-0.10929729,-0.556960523,-0.183370307	-2.61293936,-0.109297335,-0.556961,-0.183370307
p4	1	410	ffn_out-1	1	1024	38	6.417962e-07	1.788139e-07	0.157300696,-0.047730498,-0.0155556239,-0.0236858055	0.157300875,-0.0477305204,-0.0155556304,-0.023685813
p4	1	411	l_out-1	1	1024	70	4.858752e-07	1.341105e-07	-0.0234089196,-0.0525290146,-0.0397602133,-0.0312340166	-0.0234087855,-0.052529037,-0.0397602394,-0.0312340222
p4	1	412	attn_norm-2	2	1024	77	4.587138e-07	2.801418e-06	-0.47219187,-1.29799342,-0.948640764,-0.781637788	-0.472189069,-1.29799366,-0.948641121,-0.781637669
p4	1	413	conv_output_silu-2	2	6144	960	2.033216e-07	4.321337e-07	-0.0365573391,-0.0503447317,0.044044327,-0.0108081354	-0.036557354,-0.0503447317,0.0440443419,-0.0108081372
p4	1	414	q_conv_predelta-2	2	2048	353	2.071718e-07	2.384186e-07	-0.0329564251,-0.0453857556,0.0397059433,-0.00974352937	-0.0329564363,-0.0453857481,0.0397059508,-0.0097435303
p4	1	415	k_conv_predelta-2	2	2048	323	2.291392e-07	1.788139e-07	0.108680375,-0.00498832855,-0.0505181551,-0.29146862	0.10868036,-0.00498831971,-0.0505181774,-0.29146862
p4	1	416	v_conv_predelta-2	2	2048	275	1.409962e-07	4.172325e-07	-0.014431064,0.0547203273,-0.00170639309,-0.0402423479	-0.0144310603,0.0547203347,-0.00170640007,-0.040242359
p4	1	417	a_softplus-2	2	16	16	0.000000e+00	0.000000e+00	2.8431015,1.36383569,1.30202472,2.24770069	2.8431015,1.36383569,1.30202472,2.24770069
p4	1	418	gate-2	2	16	16	0.000000e+00	0.000000e+00	-2.55227566,-0.384687513,-0.387896389,-1.46833122	-2.55227566,-0.384687513,-0.387896389,-1.46833122
p4	1	419	beta_sigmoid-2	2	16	16	0.000000e+00	0.000000e+00	0.630513132,0.628855109,0.755060017,0.485650599	0.630513132,0.628855109,0.755060017,0.485650599
p4	1	420	state_predelta-2	2	262144	16066	1.780054e-07	1.490116e-07	-0.000216492306,2.72199259e-06,1.71848262e-06,-0.00114781724	-0.000216492233,2.72199532e-06,1.71848262e-06,-0.00114781677
p4	1	421	new_state-2	2	262144	17855	2.112966e-07	1.490116e-07	-0.00100830896,4.57183851e-05,0.000460988813,0.00256952038	-0.00100830849,4.57182905e-05,0.000460988871,0.00256951968
p4	1	422	attn_output-2	2	2048	203	1.438907e-07	7.450581e-09	-1.09788843e-05,4.20515535e-05,-1.1368827e-06,-3.35524965e-05	-1.09788771e-05,4.20515353e-05,-1.13688725e-06,-3.35524928e-05
p4	1	423	z-2	2	2048	454	1.532978e-07	9.536743e-07	-0.9134866,0.72074759,-1.29080939,0.804110527	-0.9134866,0.72074759,-1.29080963,0.804110765
p4	1	424	final_output-2	2	2048	138	2.126048e-07	2.384186e-07	0.00293014199,0.0135200256,0.00028891585,-0.0181790199	0.00293014012,0.0135200201,0.000288917014,-0.0181790255
p4	1	425	linear_attn_out-2	2	1024	36	6.667911e-07	1.788139e-07	-0.675268531,-0.00871129427,-0.0347110704,0.0100360475	-0.67526871,-0.00871129707,-0.0347111113,0.0100360401
p4	1	426	attn_residual-2	2	1024	50	4.914818e-07	1.192093e-07	-0.698677421,-0.061240308,-0.07447128,-0.0211979691	-0.69867748,-0.0612403341,-0.0744713545,-0.0211979821
p4	1	427	attn_post_norm-2	2	1024	58	5.040964e-07	2.175570e-06	-7.78646851,-1.07188785,-1.32315588,-0.375451595	-7.78646851,-1.07188821,-1.32315719,-0.375451803
p4	1	428	ffn_out-2	2	1024	42	4.153278e-07	1.192093e-07	0.645714819,0.0341557413,-0.0235942807,0.0312327966	0.645714939,0.0341557488,-0.0235942975,0.0312328134
p4	1	429	l_out-2	2	1024	40	5.884718e-07	1.341105e-07	-0.0529626012,-0.0270845667,-0.0980655625,0.0100348275	-0.0529625416,-0.0270845853,-0.098065652,0.0100348312
p4	1	430	attn_norm-3	3	1024	58	5.607602e-07	2.861023e-06	-1.05158556,-0.641989946,-2.10107398,0.226736575	-1.05158424,-0.641990304,-2.10107565,0.226736605
p4	1	431	attn_pregate-3	3	2048	121	7.846737e-07	3.576279e-06	0.52759099,0.148446709,0.553494394,0.487122476	0.527591169,0.148446783,0.553494573,0.487122715
p4	1	432	attn_gated-3	3	2048	65	6.405774e-07	5.960464e-07	0.025179293,0.00533352327,0.0123073524,0.0157002378	0.0251793079,0.00533352979,0.0123073645,0.015700249
p4	1	433	attn_output-3	3	1024	53	7.768341e-07	1.490116e-07	-0.201376766,0.0022623688,0.00337197818,0.00480500981	-0.201376617,0.00226234458,0.00337197632,0.00480503589
p4	1	434	attn_residual-3	3	1024	44	6.409150e-07	2.086163e-07	-0.254339367,-0.0248221979,-0.0946935862,0.0148398373	-0.254339159,-0.0248222407,-0.0946936756,0.0148398671
p4	1	435	attn_post_norm-3	3	1024	55	6.463374e-07	2.861023e-06	-3.21992683,-0.470607579,-1.84927046,0.292321205	-3.21992397,-0.470608324,-1.84927189,0.292321742
p4	1	436	ffn_out-3	3	1024	42	7.080860e-07	1.341105e-07	0.0427396707,0.0279871486,-0.00871040858,0.000846320763	0.0427396633,0.027987171,-0.00871038623,0.000846328214
p4	1	437	l_out-3	3	1024	41	7.269588e-07	1.937151e-07	-0.211599693,0.00316495076,-0.103403993,0.0156861581	-0.211599499,0.00316493027,-0.10340406,0.0156861953
p4	1	438	attn_norm-4	4	1024	58	6.913212e-07	4.291534e-06	-3.82632756,0.0754845515,-2.29847431,0.383540839	-3.82632327,0.0754840448,-2.29847527,0.383541673
p4	1	439	conv_output_silu-4	4	6144	985	1.490435e-07	1.907349e-06	0.000587411167,0.0109631121,0.045718506,0.105462074	0.000587392249,0.0109631103,0.0457184948,0.105462104
p4	1	440	q_conv_predelta-4	4	2048	228	2.955911e-07	5.066395e-07	0.000343093154,0.00640329812,0.0267031118,0.0615979359	0.000343082153,0.00640329765,0.02670311,0.0615979619
p4	1	441	k_conv_predelta-4	4	2048	271	3.232319e-07	2.086163e-07	0.00174729712,-0.123287298,0.0816952661,-0.02369087	0.00174728339,-0.123287261,0.081695281,-0.0236908719
p4	1	442	v_conv_predelta-4	4	2048	385	1.105414e-07	1.907349e-06	-0.0746139511,0.0047498066,-0.0113794142,0.00491644628	-0.0746139437,0.00474981591,-0.0113794105,0.00491645047
p4	1	443	a_softplus-4	4	16	16	0.000000e+00	0.000000e+00	1.03665602,3.40762901,0.482902646,2.08573985	1.03665602,3.40762901,0.482902646,2.08573985
p4	1	444	gate-4	4	16	16	0.000000e+00	0.000000e+00	-0.432142526,-3.31086063,-0.151952058,-1.09482265	-0.432142526,-3.31086063,-0.151952058,-1.09482265
p4	1	445	beta_sigmoid-4	4	16	16	0.000000e+00	0.000000e+00	0.822889924,0.799731076,0.742226541,0.833974183	0.822889924,0.799731076,0.742226541,0.833974183
p4	1	446	state_predelta-4	4	262144	18602	1.205389e-07	9.536743e-07	1.06224152e-05,-0.00139855721,0.000211163948,-8.41299261e-05	1.06223843e-05,-0.00139855652,0.000211163962,-8.41299261e-05
p4	1	447	new_state-4	4	262144	18769	1.376144e-07	9.834766e-07	-0.000104293904,0.00693754852,-0.00506160082,0.00145295623	-0.000104293053,0.00693754712,-0.00506160175,0.00145295635
p4	1	448	attn_output-4	4	2048	161	2.500690e-07	8.940697e-08	-0.000161205942,1.04954997e-05,-2.54617953e-05,1.08600443e-05	-0.00016120603,1.0495527e-05,-2.54617917e-05,1.0860057e-05
p4	1	449	z-4	4	2048	214	2.210344e-07	1.668930e-06	-2.74739432,-0.0949299037,-2.77174592,0.00597223639	-2.74739408,-0.0949301422,-2.77174592,0.00597167015
p4	1	450	final_output-4	4	2048	116	6.201194e-07	7.152557e-07	0.0234101247,-0.000500837923,0.00348205445,3.08380477e-05	0.0234101396,-0.000500840426,0.00348205399,3.08351518e-05
p4	1	451	linear_attn_out-4	4	1024	83	6.511265e-07	7.450581e-08	-0.0593607873,-0.013973536,0.0171791427,-0.0261786133	-0.0593608618,-0.013973536,0.0171791483,-0.0261786282
p4	1	452	attn_residual-4	4	1024	38	7.576224e-07	1.490116e-07	-0.27096048,-0.0108085852,-0.086224854,-0.0104924552	-0.270960361,-0.0108086057,-0.0862249136,-0.0104924329
p4	1	453	attn_post_norm-4	4	1024	38	7.601777e-07	2.875924e-06	-3.46363497,-0.201906398,-1.58407331,-0.202966362	-3.46363258,-0.201906726,-1.58407402,-0.20296587
p4	1	454	ffn_out-4	4	1024	56	5.734089e-07	8.568168e-08	0.0160754547,0.0191459209,-0.059567228,0.0555495508	0.0160754248,0.0191459209,-0.0595672615,0.0555495396
p4	1	455	l_out-4	4	1024	42	8.347818e-07	1.713634e-07	-0.254885018,0.00833733566,-0.145792082,0.0450570956	-0.254884928,0.00833731517,-0.145792171,0.0450571068
p4	1	456	attn_norm-5	5	1024	38	8.353510e-07	3.814697e-06	-4.59209251,0.202286452,-3.28988433,1.14418638	-4.59209013,0.202285945,-3.28988576,1.14418662
p4	1	457	conv_output_silu-5	5	6144	1011	1.667313e-07	4.768372e-07	0.0379801504,-0.228316441,0.0204900634,-0.0846322104	0.0379802771,-0.228316456,0.0204900634,-0.0846322253
p4	1	458	q_conv_predelta-5	5	2048	277	2.540011e-07	2.384186e-07	0.0236276686,-0.14203696,0.0127469851,-0.0526501797	0.0236277469,-0.14203696,0.0127469851,-0.0526501909
p4	1	459	k_conv_predelta-5	5	2048	338	2.980529e-07	2.682209e-07	-0.000526882242,0.00977554917,-0.243288606,0.0296877045	-0.000526884629,0.00977555197,-0.243288592,0.0296877082
p4	1	460	v_conv_predelta-5	5	2048	335	8.116977e-08	2.384186e-07	0.00320252194,-0.00307353493,-0.00722864177,0.00626552803	0.00320251402,-0.00307353167,-0.00722864969,0.00626551639
p4	1	461	a_softplus-5	5	16	16	0.000000e+00	0.000000e+00	0.93706429,0.308218271,2.86698341,0.0459498167	0.93706429,0.308218271,2.86698341,0.0459498167
p4	1	462	gate-5	5	16	16	0.000000e+00	0.000000e+00	-0.715671062,-0.0373911187,-0.730572283,-0.0192297027	-0.715671062,-0.0373911187,-0.730572283,-0.0192297027
p4	1	463	beta_sigmoid-5	5	16	16	0.000000e+00	0.000000e+00	0.887998581,0.759987533,0.86653024,0.851734102	0.887998581,0.759987533,0.86653024,0.851734102
p4	1	464	state_predelta-5	5	262144	20978	1.734399e-07	3.576279e-07	4.83950879e-09,-2.23015366e-08,3.8382359e-06,-9.39016118e-08	4.83949014e-09,-2.23014904e-08,3.8382268e-06,-9.39013987e-08
p4	1	465	new_state-5	5	262144	21063	1.705694e-07	3.576279e-07	-1.49473738e-06,2.77657127e-05,-0.000689413107,8.43098678e-05	-1.49474045e-06,2.77656527e-05,-0.000689411361,8.43096714e-05
p4	1	466	attn_output-5	5	2048	177	2.514666e-07	1.490116e-08	8.30572117e-06,-7.40730138e-06,-2.28349327e-05,1.60847285e-05	8.30569843e-06,-7.40729092e-06,-2.28349509e-05,1.60846976e-05
p4	1	467	z-5	5	2048	256	2.202593e-07	1.668930e-06	0.80908525,1.04677963,-0.128341973,1.24412954	0.809085071,1.04677963,-0.128341913,1.24412966
p4	1	468	final_output-5	5	2048	103	4.347471e-07	4.768372e-07	0.00444044685,-0.00528024929,0.00133667293,0.014988129	0.00444043335,-0.00528024137,0.00133667351,0.0149881002
p4	1	469	linear_attn_out-5	5	1024	63	5.808119e-07	4.190952e-08	-0.0843600854,0.0187377408,0.0153673925,-0.0101954415	-0.0843601227,0.0187377408,0.0153674055,-0.0101954388
p4	1	470	attn_residual-5	5	1024	37	8.433399e-07	1.788139e-07	-0.339245111,0.0270750765,-0.130424693,0.034861654	-0.339245051,0.027075056,-0.130424768,0.0348616689
p4	1	471	attn_post_norm-5	5	1024	44	8.843661e-07	3.337860e-06	-4.1366725,0.496266484,-2.2706573,0.672392964	-4.13667107,0.496265978,-2.27065802,0.672393024
p4	1	472	ffn_out-5	5	1024	47	5.032383e-07	6.705523e-08	0.155253381,-0.00194318406,-0.000647896435,0.0152157396	0.155253381,-0.00194318185,-0.000647884794,0.0152157079
p4	1	473	l_out-5	5	1024	31	9.391264e-07	1.788139e-07	-0.18399173,0.0251318924,-0.131072596,0.0500773937	-0.183991671,0.0251318738,-0.131072655,0.0500773787
p4	1	474	attn_norm-6	6	1024	33	9.729588e-07	4.768372e-06	-3.36489177,0.5955742,-3.00332689,1.25711679	-3.3648901,0.595573723,-3.00332785,1.25711632
p4	1	475	conv_output_silu-6	6	6144	1084	1.874691e-07	7.152557e-07	-0.0951460302,-0.200174272,-0.000844490191,-0.164374128	-0.0951459929,-0.200174257,-0.000844497641,-0.164374128
p4	1	476	q_conv_predelta-6	6	2048	286	2.080044e-07	1.788139e-07	-0.0207286645,-0.0436102822,-0.000183981974,-0.0358108096	-0.0207286589,-0.043610286,-0.000183983604,-0.0358108133
p4	1	477	k_conv_predelta-6	6	2048	394	2.757999e-07	1.788139e-07	-0.0307146069,0.0288406033,-0.0705605224,0.0849796534	-0.030714618,0.0288406089,-0.0705605224,0.0849796608
p4	1	478	v_conv_predelta-6	6	2048	369	9.501864e-08	2.384186e-07	-0.00213690777,0.00818572287,-0.0014474499,-0.000764081429	-0.00213691359,0.00818571914,-0.00144744781,-0.000764081487
p4	1	479	a_softplus-6	6	16	16	0.000000e+00	0.000000e+00	1.80975068,1.03618443,1.49459875,1.07676077	1.80975068,1.03618443,1.49459875,1.07676077
p4	1	480	gate-6	6	16	16	0.000000e+00	0.000000e+00	-0.329580069,-0.770026863,-0.455826879,-0.596971154	-0.329580069,-0.770026863,-0.455826879,-0.596971154
p4	1	481	beta_sigmoid-6	6	16	16	0.000000e+00	0.000000e+00	0.847949862,0.892963409,0.741965711,0.858062148	0.847949862,0.892963409,0.741965711,0.858062148
p4	1	482	state_predelta-6	6	262144	21368	4.001683e-07	1.639128e-07	2.35597909e-07,-3.0125895e-07,4.39698823e-07,-1.01180535e-06	2.35598634e-07,-3.01259831e-07,4.39700102e-07,-1.01180831e-06
p4	1	483	new_state-6	6	262144	19263	1.894161e-07	1.788139e-07	5.58014435e-05,-5.24543684e-05,0.000128119354,-0.000154647554	5.58016109e-05,-5.24545176e-05,0.000128119704,-0.000154647976
p4	1	484	attn_output-6	6	2048	149	1.228616e-07	1.862645e-09	-3.87144792e-06,1.48224053e-05,-2.60882939e-06,-1.3762849e-06	-3.87145883e-06,1.48223999e-05,-2.60882621e-06,-1.37628501e-06
p4	1	485	z-6	6	2048	300	1.608435e-07	1.430511e-06	-0.29036513,0.227172375,1.07621217,0.46406132	-0.29036513,0.227172136,1.07621205,0.464061469
p4	1	486	final_output-6	6	2048	96	3.601103e-07	1.788139e-07	0.000408393156,0.00182832847,-0.002019312,-0.000407635351	0.000408394291,0.00182832591,-0.00201930944,-0.000407635554
p4	1	487	linear_attn_out-6	6	1024	149	4.922399e-07	5.960464e-08	-0.150667384,-0.0108148158,-0.00443965942,-0.0170018803	-0.150667325,-0.0108148176,-0.00443965942,-0.0170018766
p4	1	488	attn_residual-6	6	1024	34	9.531891e-07	1.713634e-07	-0.3346591,0.0143170767,-0.135512263,0.0330755115	-0.33465898,0.0143170562,-0.135512322,0.033075504
p4	1	489	attn_post_norm-6	6	1024	38	1.021476e-06	3.635883e-06	-5.20899868,0.272978276,-2.55057907,0.645216346	-5.20899677,0.272977889,-2.55058026,0.645216227
p4	1	490	ffn_out-6	6	1024	100	3.597083e-07	8.940697e-08	0.300223321,0.00873512775,0.0127342623,0.0507861823	0.300223231,0.00873513147,0.0127342585,0.050786145
p4	1	491	l_out-6	6	1024	44	8.982254e-07	1.788139e-07	-0.0344357789,0.0230522044,-0.122777998,0.0838616937	-0.0344357491,0.0230521876,-0.122778066,0.083861649
p4	1	492	attn_norm-7	7	1024	48	8.952453e-07	3.337860e-06	-0.551059365,0.392008841,-2.15611553,1.71080446	-0.551058948,0.392008543,-2.15611672,1.71080351
p4	1	493	attn_pregate-7	7	2048	145	1.082389e-06	1.621246e-05	0.0905457512,-0.0450840816,1.46657312,0.0346097685	0.0905457139,-0.0450840145,1.46657312,0.0346097574
p4	1	494	attn_gated-7	7	2048	120	3.952641e-07	7.804483e-07	0.015803881,-0.00945126917,0.340599209,0.00732286228	0.0158038735,-0.00945125334,0.340599269,0.00732285995
p4	1	495	attn_output-7	7	1024	45	6.291811e-07	6.379560e-08	-0.242517084,-0.0071831774,0.00475651398,-0.0624224693	-0.242517114,-0.0071831625,0.00475652702,-0.0624224395
p4	1	496	attn_residual-7	7	1024	31	1.090507e-06	2.272427e-07	-0.276952863,0.015869027,-0.118021488,0.0214392245	-0.276952863,0.0158690251,-0.11802154,0.0214392096
p4	1	497	attn_post_norm-7	7	1024	29	1.196466e-06	4.887581e-06	-3.79644823,0.316773146,-2.27173615,0.445306242	-3.79644775,0.316773087,-2.2717371,0.445305914
p4	1	498	ffn_out-7	7	1024	95	4.471212e-07	4.470348e-08	0.0634147972,0.000148977153,0.0282531232,0.00451913103	0.0634147525,0.00014895387,0.0282531381,0.00451912358
p4	1	499	l_out-7	7	1024	30	1.107156e-06	2.197921e-07	-0.213538066,0.0160180032,-0.089768365,0.0259583555	-0.21353811,0.016017979,-0.0897684023,0.0259583332
p4	1	500	attn_norm-8	8	1024	35	1.200258e-06	5.900860e-06	-4.61259699,0.409322619,-2.08164907,0.71281296	-4.61259794,0.409321964,-2.08164954,0.712812245
p4	1	501	conv_output_silu-8	8	6144	906	2.507255e-07	1.668930e-06	0.00343544385,-0.0159491654,0.122787699,-0.0465391949	0.00343548134,-0.0159491636,0.122787699,-0.0465391763
p4	1	502	q_conv_predelta-8	8	2048	146	3.571324e-07	2.384186e-07	0.00128662854,-0.00597321708,0.045985952,-0.0174296703	0.00128664239,-0.00597321568,0.0459859446,-0.0174296629
p4	1	503	k_conv_predelta-8	8	2048	424	3.275836e-07	2.756715e-07	0.0413170643,-0.101086572,0.0565089248,-0.0373708755	0.0413170494,-0.101086594,0.0565089248,-0.0373708829
p4	1	504	v_conv_predelta-8	8	2048	265	1.175041e-07	4.768372e-07	0.0946211964,0.00123451266,-0.000519858673,-0.0064030583	0.0946211964,0.00123451033,-0.000519849826,-0.00640305085
p4	1	505	a_softplus-8	8	16	16	0.000000e+00	0.000000e+00	0.688179791,0.812565625,0.109976277,0.967059016	0.688179791,0.812565625,0.109976277,0.967059016
p4	1	506	gate-8	8	16	16	0.000000e+00	0.000000e+00	-0.241573825,-0.230992258,-0.0327638946,-0.146004066	-0.241573825,-0.230992258,-0.0327638946,-0.146004066
p4	1	507	beta_sigmoid-8	8	16	16	0.000000e+00	0.000000e+00	0.794898987,0.716275513,0.777524531,0.831059456	0.794898987,0.716275513,0.777524531,0.831059456
p4	1	508	state_predelta-8	8	262144	26612	1.926524e-07	2.086163e-07	0.000109462213,2.51580204e-05,0.000271694706,1.12525768e-05	0.000109462228,2.51580241e-05,0.000271694676,1.12525777e-05
p4	1	509	new_state-8	8	262144	16187	2.385042e-07	4.768372e-07	0.00319909491,-0.00759682897,0.00447117444,-0.00280695222	0.00319909374,-0.00759683084,0.00447117444,-0.00280695269
p4	1	510	attn_output-8	8	2048	127	3.008768e-07	2.980232e-08	-4.34993854e-05,2.44868056e-06,4.73704631e-06,1.03406876e-06	-4.34993635e-05,2.44868443e-06,4.73704176e-06,1.03406057e-06
p4	1	511	z-8	8	2048	184	2.402554e-07	1.549721e-06	0.129189953,0.852301598,0.84894979,0.0237883329	0.129190028,0.852301598,0.848949432,0.023788169
p4	1	512	final_output-8	8	2048	72	5.147846e-07	4.768372e-07	-0.00275981124,0.000954264135,0.00282700756,9.41754752e-06	-0.0027598117,0.000954265648,0.00282700337,9.41740836e-06
p4	1	513	linear_attn_out-8	8	1024	49	5.311329e-07	4.470348e-08	-0.15149346,-0.0106574269,0.0286827851,0.0128699066	-0.151493505,-0.0106574278,0.0286827944,0.0128699038
p4	1	514	attn_residual-8	8	1024	28	1.130668e-06	2.216548e-07	-0.36503154,0.00536057632,-0.0610855818,0.0388282612	-0.3650316,0.00536055118,-0.0610856079,0.0388282388
p4	1	515	attn_post_norm-8	8	1024	37	1.265797e-06	4.917383e-06	-4.97838831,0.106026947,-1.16677594,0.842149556	-4.97838879,0.106026448,-1.16677654,0.842149079
p4	1	516	ffn_out-8	8	1024	39	5.667997e-07	5.215406e-08	0.0220897403,0.0282460954,0.0327258036,-0.0175250992	0.0220897775,0.0282460768,0.0327257961,-0.0175250992
p4	1	517	l_out-8	8	1024	33	1.129491e-06	2.114102e-07	-0.342941791,0.0336066708,-0.0283597782,0.021303162	-0.342941821,0.0336066261,-0.0283598118,0.0213031396
p4	1	518	attn_norm-9	9	1024	39	1.248407e-06	5.804002e-06	-6.59553385,0.786173582,-0.653514326,0.589978397	-6.59553432,0.786172569,-0.6535151,0.589977801
p4	1	519	conv_output_silu-9	9	6144	530	2.639297e-07	7.152557e-07	0.0206494033,-0.0545470715,-0.276268095,0.113040417	0.0206494052,-0.0545471311,-0.276268065,0.113040321
p4	1	520	q_conv_predelta-9	9	2048	182	2.983175e-07	2.086163e-07	0.0154161407,-0.0407229848,-0.206252337,0.0843921229	0.0154161472,-0.0407230444,-0.206252381,0.0843920782
p4	1	521	k_conv_predelta-9	9	2048	222	3.263260e-07	2.980232e-07	-0.0963886604,-0.0715103671,-0.0530415662,0.00573689397	-0.0963886827,-0.0715103894,-0.0530415587,0.00573690049
p4	1	522	v_conv_predelta-9	9	2048	188	2.234679e-07	4.768372e-07	0.00970649906,-0.00355433184,0.00226925011,-0.0190204214	0.00970649533,-0.00355433719,0.00226925639,-0.0190204177
p4	1	523	a_softplus-9	9	16	16	0.000000e+00	0.000000e+00	0.552089632,0.0283197351,0.564460397,0.597851753	0.552089632,0.0283197351,0.564460397,0.597851753
p4	1	524	gate-9	9	16	16	0.000000e+00	0.000000e+00	-0.223937437,-0.00386271952,-0.192047983,-0.110591456	-0.223937437,-0.00386271952,-0.192047983,-0.110591456
p4	1	525	beta_sigmoid-9	9	16	16	0.000000e+00	0.000000e+00	0.90986383,0.650321066,0.678205192,0.382183999	0.90986383,0.650321066,0.678205192,0.382183999
p4	1	526	state_predelta-9	9	262144	14881	2.758634e-07	2.384186e-07	-1.78642167e-05,2.47036132e-05,-5.80216101e-06,-2.47557033e-08	-1.78642076e-05,2.47036041e-05,-5.80215556e-06,-2.47557157e-08
p4	1	527	new_state-9	9	262144	11236	3.651606e-07	7.152557e-07	-0.000868412142,-0.000613930053,-0.000474657078,5.08167432e-05	-0.000868412084,-0.000613930053,-0.000474656874,5.08167868e-05
p4	1	528	attn_output-9	9	2048	129	2.679409e-07	1.862645e-09	4.28209423e-05,-1.62228644e-05,9.97388634e-06,-8.15189705e-05	4.28209605e-05,-1.62228989e-05,9.97392181e-06,-8.15190142e-05
p4	1	529	z-9	9	2048	169	2.390671e-07	1.430511e-06	-0.293116748,0.737656653,-0.284891874,0.444851398	-0.293116361,0.737656951,-0.284891814,0.444851577
p4	1	530	final_output-9	9	2048	56	5.897023e-07	3.874302e-07	-0.00578282122,-0.00828345492,-0.00129122904,-0.0215765908	-0.00578281796,-0.00828347635,-0.00129123358,-0.0215766113
p4	1	531	linear_attn_out-9	9	1024	62	6.339759e-07	3.725290e-08	0.050242763,-0.0168769211,0.00722694583,-0.0313370675	0.0502427258,-0.0168769192,0.00722694956,-0.0313370675
p4	1	532	attn_residual-9	9	1024	29	1.176556e-06	2.011657e-07	-0.292699039,0.0167297497,-0.0211328324,-0.0100339055	-0.292699099,0.0167297069,-0.0211328622,-0.0100339279
p4	1	533	attn_post_norm-9	9	1024	36	1.321969e-06	4.589558e-06	-4.05196953,0.324357331,-0.395601004,-0.22000666	-4.05197048,0.324356467,-0.395601571,-0.220007166
p4	1	534	ffn_out-9	9	1024	63	5.801189e-07	7.450581e-08	-0.0451534241,0.0062840702,0.00112024788,0.00748808496	-0.0451533496,0.00628406461,0.0011202367,0.0074880817
p4	1	535	l_out-9	9	1024	27	1.161511e-06	2.160668e-07	-0.337852478,0.023013819,-0.0200125836,-0.00254582055	-0.337852448,0.0230137706,-0.0200126246,-0.00254584616
p4	1	536	attn_norm-10	10	1024	33	1.283215e-06	5.841255e-06	-6.99214077,0.49623546,-0.461353183,-0.0632784218	-6.99213982,0.496234387,-0.461354107,-0.0632790625
p4	1	537	conv_output_silu-10	10	6144	797	2.273738e-07	9.536743e-07	-0.000906724948,-0.00313336053,-0.00686200615,-0.0691637024	-0.000906725938,-0.00313336076,-0.00686200522,-0.0691637173
p4	1	538	q_conv_predelta-10	10	2048	278	1.912191e-07	1.639128e-07	-0.0030443999,-0.0105205029,-0.023039721,-0.232222542	-0.00304440269,-0.0105205029,-0.0230397172,-0.232222557
p4	1	539	k_conv_predelta-10	10	2048	200	3.590352e-07	6.556511e-07	-0.0592389591,0.118530758,0.212100759,0.0141299693	-0.059238974,0.118530795,0.212100789,0.0141299739
p4	1	540	v_conv_predelta-10	10	2048	245	4.511522e-07	9.536743e-07	0.0175546836,0.00169300346,-0.00910061318,0.00602991506	0.0175546892,0.00169300183,-0.00910061784,0.00602991879
p4	1	541	a_softplus-10	10	16	16	0.000000e+00	0.000000e+00	0.984134614,0.0163167976,3.95597577,1.03778517	0.984134614,0.0163167976,3.95597577,1.03778517
p4	1	542	gate-10	10	16	16	0.000000e+00	0.000000e+00	-0.753089845,-0.0946331248,-1.22550416,-0.212492466	-0.753089845,-0.0946331248,-1.22550416,-0.212492466
p4	1	543	beta_sigmoid-10	10	16	16	0.000000e+00	0.000000e+00	0.868023276,0.762460828,0.93000108,0.725994527	0.868023276,0.762460828,0.93000108,0.725994527
p4	1	544	state_predelta-10	10	262144	11432	6.083680e-07	9.872019e-08	0.000226150572,0.000204668308,0.000189284387,0.000356424833	0.000226150281,0.000204669181,0.000189284401,0.000356425066
p4	1	545	new_state-10	10	262144	10261	7.263213e-07	1.072884e-06	-0.000777986657,0.00186613528,0.00325596263,0.000378815021	-0.000777987298,0.00186613668,0.00325596402,0.000378815283
p4	1	546	attn_output-10	10	2048	100	5.164166e-07	2.561137e-09	-1.06160167e-06,-5.50795949e-06,1.66025475e-05,3.23997556e-05	-1.06159814e-06,-5.50800632e-06,1.66025347e-05,3.23997228e-05
p4	1	547	z-10	10	2048	259	1.803623e-07	1.430511e-06	1.05859542,0.727446735,0.453520805,0.637982666	1.0585953,0.727446735,0.453520536,0.637982726
p4	1	548	final_output-10	10	2048	72	4.730082e-07	2.682209e-07	-0.00074884604,-0.00288222614,0.00448068976,0.0138153965	-0.000748843479,-0.00288225058,0.00448068324,0.0138153853
p4	1	549	linear_attn_out-10	10	1024	86	4.435987e-07	2.980232e-08	-0.0608991757,-0.00457542203,-0.00193786994,-0.00417177193	-0.0608991571,-0.00457541645,-0.001937869,-0.0041717682
p4	1	550	attn_residual-10	10	1024	25	1.168004e-06	2.253801e-07	-0.398751646,0.018438397,-0.0219504535,-0.00671759248	-0.398751616,0.0184383541,-0.0219504945,-0.00671761436
p4	1	551	attn_post_norm-10	10	1024	32	1.290457e-06	4.768372e-06	-6.11436844,0.34901017,-0.414153814,-0.135436058	-6.11436844,0.349009365,-0.414154559,-0.13543649
p4	1	552	ffn_out-10	10	1024	77	3.773437e-07	3.725290e-08	0.153124437,-0.0159473512,0.0175187849,-0.0211585127	0.153124452,-0.0159473438,0.0175187755,-0.021158509
p4	1	553	l_out-10	10	1024	35	1.115106e-06	2.421439e-07	-0.24562721,0.00249104574,-0.00443166867,-0.0278761052	-0.245627165,0.00249101035,-0.00443171896,-0.0278761238
p4	1	554	attn_norm-11	11	1024	38	1.165939e-06	5.006790e-06	-4.01831532,0.0425049141,-0.0807552561,-0.560124457	-4.01831484,0.0425043143,-0.0807561651,-0.560124815
p4	1	555	attn_pregate-11	11	2048	127	8.655431e-07	2.098083e-05	0.0943846554,0.085355252,0.138614058,0.0896293744	0.0943849385,0.0853551775,0.138614014,0.0896291733
p4	1	556	attn_gated-11	11	2048	77	6.969889e-07	4.172325e-07	0.00418743584,0.00521155214,0.00902927946,0.00126564514	0.00418744702,0.00521154795,0.00902927294,0.00126564165
p4	1	557	attn_output-11	11	1024	94	1.144655e-06	5.587935e-08	-0.00115527958,-0.00561782345,-0.0203117169,-0.0187108554	-0.00115530193,-0.00561781786,-0.0203117039,-0.0187108628
p4	1	558	attn_residual-11	11	1024	23	1.159351e-06	2.272427e-07	-0.246782482,-0.00312677771,-0.0247433856,-0.0465869606	-0.246782467,-0.00312680751,-0.0247434229,-0.0465869866
p4	1	559	attn_post_norm-11	11	1024	30	1.255663e-06	4.649162e-06	-3.346452,-0.0601526275,-0.454225779,-0.920768499	-3.346452,-0.0601531975,-0.454226464,-0.920769036
p4	1	560	ffn_out-11	11	1024	82	2.913995e-07	3.725290e-08	0.0487173088,0.0438800454,0.0201121271,0.0631525889	0.0487173162,0.0438800342,0.0201121252,0.0631525666
p4	1	561	l_out-11	11	1024	24	1.129741e-06	2.309680e-07	-0.198065177,0.0407532677,-0.00463125855,0.0165656283	-0.198065147,0.0407532267,-0.00463129766,0.0165655799
p4	1	562	attn_norm-12	12	1024	28	1.218293e-06	6.079674e-06	-4.03403854,0.936478853,-0.110875599,0.423669457	-4.03403807,0.93647784,-0.110876538,0.423668206
p4	1	563	conv_output_silu-12	12	6144	9	5.507316e-04	3.759384e-03	0.00451606885,0.0664394274,0.0191037375,-0.0993347839	0.00452731038,0.0664665252,0.019058371,-0.0995595083
p4	1	564	q_conv_predelta-12	12	2048	1	9.018771e-04	9.167753e-04	0.00143666007,0.0211358313,0.00607731612,-0.031600561	0.00143967045,0.0211361442,0.00606050203,-0.0316596106
p4	1	565	k_conv_predelta-12	12	2048	0	5.192464e-04	4.291832e-04	0.0148611804,0.000446979393,0.0016313598,0.00401338935	0.0148608256,0.000444619858,0.00163194013,0.00401224475
p4	1	566	v_conv_predelta-12	12	2048	4	8.904606e-05	5.179048e-04	-0.00661794934,0.00409766287,0.00179680274,-0.0035937049	-0.00661866833,0.00409747753,0.00179543986,-0.00359456684
p4	1	567	a_softplus-12	12	16	16	0.000000e+00	0.000000e+00	0.226865485,1.32892585,0.176437929,0.197552815	0.226865485,1.32892585,0.176437929,0.197552815
p4	1	568	gate-12	12	16	16	0.000000e+00	0.000000e+00	-0.0457318388,-0.784292817,-0.0183081105,-0.0561593659	-0.0457318388,-0.784292817,-0.0183081105,-0.0561593659
p4	1	569	beta_sigmoid-12	12	16	16	0.000000e+00	0.000000e+00	0.767889261,0.714011669,0.67612201,0.569046736	0.767889261,0.714011669,0.67612201,0.569046736
p4	1	570	state_predelta-12	12	262144	11929	2.990332e-07	6.407499e-07	1.04884593e-05,-1.4741604e-06,7.63655748e-07,6.75247566e-06	1.04884593e-05,-1.47416051e-06,7.63654498e-07,6.75247657e-06
p4	1	571	new_state-12	12	262144	29	1.586588e-04	2.573943e-04	-6.46196931e-05,-3.65318692e-06,-7.46387786e-06,-1.37063562e-05	-6.46257467e-05,-3.64157108e-06,-7.46765454e-06,-1.37027218e-05
p4	1	572	attn_output-12	12	2048	0	2.735683e-04	3.373995e-05	-1.70556341e-05,1.32115756e-05,3.95110737e-06,-7.84585245e-06	-1.70598705e-05,1.3212506e-05,3.9496158e-06,-7.84929944e-06
p4	1	573	z-12	12	2048	0	6.849168e-04	7.432938e-03	-0.529264152,-0.283289045,-1.12343514,-0.497582674	-0.529440939,-0.283551157,-1.12436712,-0.498468935
p4	1	574	final_output-12	12	2048	0	2.238330e-03	2.605677e-03	0.00297117908,-0.00149896776,-0.00080120808,0.00135554955	0.00297254068,-0.00150021689,-0.000800996204,0.00135779451
p4	1	575	linear_attn_out-12	12	1024	0	1.215805e-02	7.508993e-04	-0.068680495,-0.00641502813,0.00438673701,0.0122893415	-0.0694313943,-0.0063712094,0.00439294241,0.012182463
p4	1	576	attn_residual-12	12	1024	0	2.106561e-03	7.508397e-04	-0.266745687,0.0343382396,-0.000244521536,0.0288549699	-0.267496526,0.0343820155,-0.000238355249,0.0287480429
p4	1	577	attn_post_norm-12	12	1024	0	2.221682e-03	9.974480e-03	-3.44971085,0.687112212,-0.00447598519,0.565787792	-3.45968533,0.688040733,-0.0043634437,0.563734233
p4	1	578	ffn_out-12	12	1024	0	1.756542e-02	1.470948e-03	0.0741366446,-0.0106940549,0.0063728774,-0.0103472574	0.0748820752,-0.0106998421,0.00615074812,-0.00955379102
p4	1	579	l_out-12	12	1024	0	7.093080e-03	1.856735e-03	-0.192609042,0.0236441847,0.00612835586,0.0185077116	-0.192614451,0.0236821733,0.00591239287,0.0191942528
p4	1	580	attn_norm-13	13	1024	0	7.677948e-03	4.888475e-02	-3.79919505,0.52866447,0.139584363,0.469706297	-3.79945779,0.529535592,0.134670943,0.487149984
p4	1	581	conv_output_silu-13	13	6144	1	4.306543e-03	1.040649e-02	-0.0376738869,-0.043833632,0.0160736162,-0.00984717347	-0.0387192741,-0.0425004959,0.0159546323,-0.00972065795
p4	1	582	q_conv_predelta-13	13	2048	0	6.627583e-03	4.157096e-03	-0.0179764703,-0.0209156517,0.00766968587,-0.00469867652	-0.0184690822,-0.0202727225,0.00761035504,-0.00463675102
p4	1	583	k_conv_predelta-13	13	2048	0	4.128941e-03	5.656011e-03	-0.0807593837,0.0252663605,0.0548276491,-0.132087022	-0.0808152407,0.0252850931,0.0547784232,-0.13305755
p4	1	584	v_conv_predelta-13	13	2048	1	1.505523e-03	2.986990e-03	-0.000525646203,-0.00783577934,0.00287325913,-0.000547885429	-0.000521197857,-0.00783226173,0.00287277973,-0.000565246504
p4	1	585	a_softplus-13	13	16	0	3.018690e-03	1.402533e-02	1.18727851,0.66599077,1.90289319,0.598098695	1.18973815,0.666691661,1.90535986,0.589482367
p4	1	586	gate-13	13	16	0	2.823513e-03	3.009588e-03	-0.319551677,-0.76655072,-0.956834793,-0.14317508	-0.320213675,-0.767357409,-0.958075106,-0.141112477
p4	1	587	beta_sigmoid-13	13	16	0	1.215186e-03	1.685917e-03	0.703353047,0.823563039,0.591835082,0.827780128	0.703001797,0.823352158,0.59071058,0.827036977
p4	1	588	state_predelta-13	13	262144	9180	4.990145e-07	9.685755e-08	-5.61268045e-08,-1.46817367e-08,9.56395425e-08,-9.85416682e-06	-5.61265878e-08,-1.46816799e-08,9.56392299e-08,-9.85413226e-06
p4	1	589	new_state-13	13	262144	2	3.345925e-03	1.181340e-03	3.0004443e-05,-9.41060534e-06,-2.0328258e-05,4.19820281e-05	2.97573133e-05,-9.33373576e-06,-2.01283747e-05,4.19067146e-05
p4	1	590	attn_output-13	13	2048	0	5.953014e-03	1.051521e-05	-1.16791352e-06,-1.74211254e-05,6.28016505e-06,-1.2482169e-06	-1.16585466e-06,-1.75300975e-05,6.32039382e-06,-1.2953825e-06
p4	1	591	z-13	13	2048	0	6.936412e-03	6.732392e-02	-0.816451132,-0.473782897,-0.490579367,0.178900927	-0.827592194,-0.474585444,-0.493262231,0.189071268
p4	1	592	final_output-13	13	2048	0	1.307711e-02	2.242804e-03	0.000309425581,0.00337769534,-0.00124006963,-0.000125902836	0.000310676085,0.00340284081,-0.00125273014,-0.00013872514
p4	1	593	linear_attn_out-13	13	1024	0	2.385485e-02	7.840097e-04	-0.101133168,-0.00114090554,-0.000927187502,0.00361985527	-0.100349158,-0.00104946271,-0.00085822586,0.00371689629
p4	1	594	attn_residual-13	13	1024	0	7.603690e-03	1.818262e-03	-0.29374221,0.0225032791,0.00520116836,0.0221275669	-0.292963624,0.0226327106,0.00505416701,0.02291115
p4	1	595	attn_post_norm-13	13	1024	0	8.067638e-03	3.694803e-02	-4.00033808,0.463482648,0.0988648534,0.41918546	-3.98979115,0.466154993,0.096071966,0.434035778
p4	1	596	ffn_out-13	13	1024	0	2.464937e-02	2.371892e-03	0.067415677,-0.0108788908,-0.000958580524,0.0224665478	0.0665011853,-0.0108349323,-0.000671368092,0.0216103438
p4	1	597	l_out-13	13	1024	0	1.276933e-02	3.275353e-03	-0.226326525,0.0116243884,0.00424258783,0.0445941165	-0.226462439,0.0117977783,0.00438279891,0.0445214957
p4	1	598	attn_norm-14	14	1024	0	1.343049e-02	8.405939e-02	-4.37901831,0.253914535,0.0860144868,1.04965615	-4.37692165,0.257423967,0.0887612924,1.04681647
p4	1	599	conv_output_silu-14	14	6144	0	6.933949e-03	1.860839e-02	0.0362493396,0.0528562218,-0.134193033,0.0437499881	0.0370284021,0.0538014397,-0.133209422,0.0483802073
p4	1	600	q_conv_predelta-14	14	2048	0	1.220731e-02	1.035710e-02	0.0080963783,0.011805567,-0.0299723409,0.00977166649	0.00827954803,0.0120299971,-0.0297856163,0.01081781
p4	1	601	k_conv_predelta-14	14	2048	0	1.047416e-02	1.408900e-02	0.0100039812,0.222604483,-0.00540699717,0.00211524405	0.00999500323,0.222456142,-0.00541430712,0.00212136889
p4	1	602	v_conv_predelta-14	14	2048	0	2.742825e-03	4.194379e-03	0.0026573264,0.0201985091,-0.00405033724,0.0167690217	0.00266529969,0.0201921165,-0.00404445594,0.0168169234
p4	1	603	a_softplus-14	14	16	0	7.187872e-03	1.922488e-02	0.668612838,0.152038202,0.819377661,0.00988091808	0.666230977,0.14874959,0.821531475,0.0098914234
p4	1	604	gate-14	14	16	0	6.081356e-03	5.682826e-03	-0.210388348,-0.025408132,-0.544758141,-0.0297303349	-0.209638864,-0.0248585492,-0.546190083,-0.029761944
p4	1	605	beta_sigmoid-14	14	16	0	1.676080e-03	2.804995e-03	0.671366692,0.467843652,0.654538751,0.815959215	0.671076536,0.46877414,0.655471087,0.817214489
p4	1	606	state_predelta-14	14	262144	12808	4.550912e-07	9.313226e-08	5.10589643e-07,-4.48670608e-06,-8.27633144e-08,5.18426191e-09	5.10592713e-07,-4.48672245e-06,-8.27637052e-08,5.18427834e-09
p4	1	607	new_state-14	14	262144	1	1.250114e-02	2.610195e-02	1.8177243e-05,0.0003916313,-9.66797325e-06,3.76012531e-06	1.82008062e-05,0.000392237445,-9.70223482e-06,3.77932224e-06
p4	1	608	attn_output-14	14	2048	0	6.447101e-03	4.448323e-05	3.35705494e-07,2.85505985e-06,-5.18409706e-07,1.48321294e-06	3.36480127e-07,2.8478712e-06,-5.16689227e-07,1.49296909e-06
p4	1	609	z-14	14	2048	0	1.027667e-02	5.683553e-02	-0.365319252,-0.462030739,0.0694033206,0.0376412272	-0.364162147,-0.478453577,0.0653496087,0.0230028629
p4	1	610	final_output-14	14	2048	0	1.756446e-02	1.097649e-02	-5.27398261e-05,-0.000509191537,-1.86878515e-05,2.59836652e-05	-5.273028e-05,-0.000520675734,-1.75036803e-05,1.5868538e-05
p4	1	611	linear_attn_out-14	14	1024	0	3.566772e-02	2.373064e-03	0.0112612713,-0.00995367579,0.0136400219,0.0111100245	0.0104172025,-0.00951756258,0.0135410689,0.0120179653
p4	1	612	attn_residual-14	14	1024	0	1.481689e-02	3.493043e-03	-0.215065256,0.00167071261,0.0178826097,0.0557041392	-0.216045231,0.00228021573,0.0179238673,0.056539461
p4	1	613	attn_post_norm-14	14	1024	0	1.478120e-02	6.782220e-02	-3.08790231,0.0336428918,0.337905347,1.02146101	-3.09683967,0.0458403863,0.338124484,1.03506291
p4	1	614	ffn_out-14	14	1024	0	3.099358e-02	4.256550e-03	0.203384191,-0.00871150754,-0.00962442439,0.0276728459	0.203561932,-0.00801096018,-0.00805305131,0.0268619861
p4	1	615	l_out-14	14	1024	0	1.910932e-02	5.185401e-03	-0.011681065,-0.00704079494,0.00825818535,0.0833769888	-0.0124832988,-0.00573074445,0.00987081602,0.083401449
p4	1	616	attn_norm-15	15	1024	0	1.877986e-02	9.020203e-02	-0.164347455,-0.11072097,0.129582271,1.30087245	-0.17509903,-0.0898448229,0.15441443,1.29728663
p4	1	617	attn_pregate-15	15	2048	0	2.567913e-02	9.323349e-01	-0.0885833427,0.101695597,0.0175428726,0.108653322	-0.0816639736,0.0971715748,0.00578358024,0.103920415
p4	1	618	attn_gated-15	15	2048	0	1.972866e-02	1.371080e-02	-0.00316519942,0.0073257084,0.000247296237,0.00824784115	-0.00286977459,0.00677380478,8.05191376e-05,0.00795931462
p4	1	619	attn_output-15	15	1024	0	4.674239e-02	3.547147e-03	-0.148249418,0.000675223768,-0.0228603557,0.0231972486	-0.145842329,0.00140383095,-0.0224051028,0.0219735354
p4	1	620	attn_residual-15	15	1024	0	2.265891e-02	6.050959e-03	-0.159930483,-0.00636557117,-0.0146021703,0.106574237	-0.158325627,-0.00432691351,-0.0125342868,0.105374984
p4	1	621	attn_post_norm-15	15	1024	0	2.285294e-02	1.012049e-01	-1.86856985,-0.11760129,-0.257276118,1.74238992	-1.84652209,-0.07979545,-0.220448375,1.71971238
p4	1	622	ffn_out-15	15	1024	0	3.858219e-02	9.132013e-03	0.126822188,0.0851223767,0.0361182541,0.0330342166	0.130776942,0.0833591074,0.0366215259,0.0366693698
p4	1	623	l_out-15	15	1024	0	2.712756e-02	9.516411e-03	-0.033108294,0.0787568092,0.0215160847,0.139608458	-0.0275486857,0.0790321976,0.0240872391,0.142044351
p4	1	624	attn_norm-16	16	1024	0	2.771979e-02	1.675112e-01	-0.415762812,1.42245793,0.323692858,2.35303473	-0.346324772,1.42898989,0.362769455,2.39670372
p4	1	625	conv_output_silu-16	16	6144	1	1.362410e-02	1.132460e-01	-0.226872355,0.00492378604,-0.0168743804,-0.250245482	-0.226124823,0.00549177686,-0.0149605144,-0.247535735
p4	1	626	q_conv_predelta-16	16	2048	0	2.148278e-02	1.437773e-02	-0.0215077046,0.000466779398,-0.00159970648,-0.0237234998	-0.0212173164,0.00051529397,-0.00140374666,-0.023226304
p4	1	627	k_conv_predelta-16	16	2048	0	1.622358e-02	1.264841e-02	0.105642729,-0.0568856373,0.0182325803,-0.0226752833	0.105548911,-0.0568262897,0.0182235613,-0.0227954183
p4	1	628	v_conv_predelta-16	16	2048	0	9.593458e-03	3.767248e-02	-0.200873002,0.012783967,0.549689054,0.00525254244	-0.200866118,0.0127968919,0.550193131,0.00525892433
p4	1	629	a_softplus-16	16	16	0	7.839348e-03	2.467871e-02	0.192185536,1.78237832,1.15002906,1.51872754	0.184419855,1.80695462,1.16401029,1.54340625
p4	1	630	gate-16	16	16	0	8.556537e-03	1.207489e-02	-0.0390448608,-0.722964525,-0.137351394,-0.328447878	-0.0374671668,-0.732933104,-0.139021203,-0.333785027
p4	1	631	beta_sigmoid-16	16	16	0	3.401843e-03	5.602479e-03	0.674779534,0.713853955,0.926736653,0.864367783	0.680382013,0.713947177,0.928276241,0.865738809
p4	1	632	state_predelta-16	16	262144	741	4.059215e-06	4.053116e-06	-0.000453704619,0.000110791836,3.07260998e-05,-0.000485629367	-0.000453706452,0.000110792207,3.07261544e-05,-0.000485630997
p4	1	633	new_state-16	16	262144	1	1.091012e-02	2.046186e-02	-0.0145352287,0.00769840926,-0.00240373937,0.00255917106	-0.0146393599,0.00775308907,-0.00242251018,0.0025995092
p4	1	634	attn_output-16	16	2048	0	1.139537e-02	8.458570e-04	-0.00147024263,9.32388066e-05,0.0041880426,3.72985669e-05	-0.00146455073,9.29964008e-05,0.00416471437,3.72774848e-05
p4	1	635	z-16	16	2048	0	1.952240e-02	1.172366e-01	-0.640003264,-0.517994881,-0.593826771,-0.305016696	-0.661121964,-0.537111998,-0.578685999,-0.330382168
p4	1	636	final_output-16	16	2048	0	1.906232e-02	6.003380e-02	0.11802531,-0.00677573355,-0.371243358,-0.00178161508	0.120276459,-0.00695282593,-0.364803135,-0.00190854946
p4	1	637	linear_attn_out-16	16	1024	0	4.025136e-02	7.792221e-03	0.0593788773,-0.0261118673,-0.148710012,-0.0219630972	0.0554488301,-0.0229389518,-0.149023786,-0.0209036097
p4	1	638	attn_residual-16	16	1024	0	3.011685e-02	1.056886e-02	0.0262705833,0.052644942,-0.127193928,0.117645361	0.0279001445,0.0560932457,-0.124936551,0.121140741
p4	1	639	attn_post_norm-16	16	1024	0	3.058362e-02	1.300123e-01	0.201207533,0.67888844,-1.60549188,1.24068594	0.213467821,0.722609699,-1.57537055,1.27622938
p4	1	640	ffn_out-16	16	1024	0	5.044881e-02	9.290792e-03	-0.128050208,0.00185482204,0.0433999076,-0.0145861134	-0.127286807,0.00147850066,0.0425126478,-0.013393797
p4	1	641	l_out-16	16	1024	0	3.474713e-02	1.346027e-02	-0.101779625,0.054499764,-0.0837940201,0.103059247	-0.0993866622,0.0575717464,-0.082423903,0.107746944
p4	1	642	attn_norm-17	17	1024	0	3.501446e-02	2.123491e-01	-1.18153346,0.85057348,-1.22254133,1.46385884	-1.15106678,0.89642477,-1.19975054,1.52687824
p4	1	643	conv_output_silu-17	17	6144	0	1.127198e-02	9.398746e-02	-0.250075936,-0.0858383626,-0.278226346,0.0359625071	-0.248898178,-0.0880660713,-0.278442204,0.0373227075
p4	1	644	q_conv_predelta-17	17	2048	0	2.403482e-02	1.783836e-02	-0.0574828647,-0.019730946,-0.0639535636,0.00826640055	-0.0573322102,-0.0202854946,-0.0641374961,0.0085970629
p4	1	645	k_conv_predelta-17	17	2048	0	1.616183e-02	2.036478e-02	0.0139436573,-0.0778619573,-0.0293681473,-0.0351151451	0.0148677509,-0.0788037181,-0.0292856712,-0.0343935601
p4	1	646	v_conv_predelta-17	17	2048	0	1.104258e-02	4.215991e-02	-0.273166299,-0.270327449,0.0567918643,-0.278417379	-0.273152173,-0.270800233,0.0586683489,-0.278464109
p4	1	647	a_softplus-17	17	16	0	1.335335e-02	8.003259e-02	3.72741866,0.191052213,3.67422533,2.03363633	3.69770813,0.186858132,3.59419274,2.06239963
p4	1	648	gate-17	17	16	0	1.335588e-02	2.023542e-02	-0.878449738,-0.0494511016,-0.928989649,-0.708318114	-0.871447802,-0.0483655222,-0.90875423,-0.718336403
p4	1	649	beta_sigmoid-17	17	16	0	2.868133e-03	6.153166e-03	0.835772812,0.686996877,0.975402653,0.752683222	0.835644662,0.693150043,0.974727452,0.751846373
p4	1	650	state_predelta-17	17	262144	9773	5.112456e-07	1.311302e-06	-0.000172685541,0.0010692958,0.000214257772,0.000100771846	-0.000172685599,0.00106929382,0.000214257656,0.00010077178
p4	1	651	new_state-17	17	262144	0	1.304580e-02	3.017852e-02	-0.00324089639,0.0181409232,0.00676389271,0.00802294351	-0.0034505974,0.0183536708,0.00674413051,0.00785730407
p4	1	652	attn_output-17	17	2048	0	1.042174e-02	2.079606e-03	-0.000702351448,-0.000727290753,0.000153941044,-0.0007190631	-0.000677480944,-0.000700056262,0.000152481574,-0.000693484617
p4	1	653	z-17	17	2048	0	2.382102e-02	1.594737e-01	0.372738987,-0.712786436,-0.794414461,-1.48566008	0.363660365,-0.700642467,-0.840185881,-1.50340605
p4	1	654	final_output-17	17	2048	0	3.580334e-02	3.251654e-02	-0.0939011574,0.114300586,-0.0176594593,0.117648512	-0.0893274322,0.110620327,-0.0181832965,0.11481829
p4	1	655	linear_attn_out-17	17	1024	0	5.464229e-02	6.848276e-03	-0.193723574,-0.0412215889,0.0527837947,-0.0548305959	-0.200286686,-0.0398290232,0.054783307,-0.0534224361
p4	1	656	attn_residual-17	17	1024	0	3.514328e-02	1.367433e-02	-0.295503199,0.0132781751,-0.0310102254,0.0482286513	-0.299673349,0.0177427232,-0.027640596,0.0543245077
p4	1	657	attn_post_norm-17	17	1024	0	3.572418e-02	1.663876e-01	-2.02790189,0.159800112,-0.360097706,0.49238044	-2.05211401,0.213072598,-0.320281208,0.553426623
p4	1	658	ffn_out-17	17	1024	0	5.280904e-02	1.186686e-02	-0.0309203602,-0.0251450092,0.00149492919,0.0208172537	-0.0243131053,-0.0282562226,0.00408710539,0.0207770169
p4	1	659	l_out-17	17	1024	0	3.902347e-02	1.678959e-02	-0.326423556,-0.011866834,-0.0295152962,0.0690459013	-0.323986441,-0.0105134994,-0.0235534906,0.0751015246
p4	1	660	attn_norm-18	18	1024	0	3.897487e-02	2.350235e-01	-3.54195786,-0.169437066,-0.405575335,0.922599852	-3.50789571,-0.149788633,-0.322951764,1.00134146
p4	1	661	conv_output_silu-18	18	6144	1	1.396326e-02	8.302116e-02	-0.261836022,-0.059716884,-0.251557797,-0.269120127	-0.259251982,-0.0863587111,-0.252833009,-0.271828353
p4	1	662	q_conv_predelta-18	18	2048	0	2.855916e-02	3.572747e-02	-0.0759143308,-0.0173137635,-0.0729343519,-0.0780262128	-0.0748217776,-0.0249236748,-0.0729692206,-0.078451395
p4	1	663	k_conv_predelta-18	18	2048	0	2.060152e-02	2.388963e-02	0.0199963413,-0.0446320958,-0.0427802391,-0.00689674215	0.0198043063,-0.0446643904,-0.0428651534,-0.0068713706
p4	1	664	v_conv_predelta-18	18	2048	1	9.896061e-03	6.280994e-02	0.191947535,-0.270627379,-0.0255185571,-0.19449386	0.191237807,-0.270666718,-0.0260503497,-0.193752214
p4	1	665	a_softplus-18	18	16	0	1.116600e-02	8.320069e-02	0.00279940362,5.55898046,0.00905219,3.82046533	0.00232414319,5.58261108,0.0084066093,3.84910274
p4	1	666	gate-18	18	16	0	9.063102e-03	1.379603e-02	-0.001166965,-1.12058651,-0.00269680889,-1.02826428	-0.000968847016,-1.12535,-0.00250447891,-1.035972
p4	1	667	beta_sigmoid-18	18	16	0	3.505660e-03	6.840885e-03	0.820128024,0.881893754,0.312327713,0.963789821	0.825030267,0.881138742,0.313162953,0.962705791
p4	1	668	state_predelta-18	18	262144	4211	2.397665e-06	2.098083e-05	-0.0028666039,-0.00549975084,-0.00312245241,9.23981206e-05	-0.00286659575,-0.00549974479,-0.00312244939,9.23981061e-05
p4	1	669	new_state-18	18	262144	1	1.386491e-02	4.249167e-02	-0.000448596431,-0.0108828992,-0.00828475133,-0.000740527874	-0.000471577514,-0.0108896112,-0.00829728041,-0.000737711962
p4	1	670	attn_output-18	18	2048	0	2.257040e-02	1.966952e-03	0.0047715106,-0.00519326329,-0.000609894283,-0.0050920276	0.00474943267,-0.00518354354,-0.000619330909,-0.00506906491
p4	1	671	z-18	18	2048	0	2.719541e-02	2.083664e-01	-2.37172723,-0.0662625432,-1.03026748,-0.442959994	-2.50692034,-0.0411533713,-1.05531931,-0.450734526
p4	1	672	final_output-18	18	2048	0	5.370248e-02	8.203172e-02	-0.0617052652,0.0124329906,0.0112811876,0.0572904646	-0.0574451871,0.00782291405,0.0115420483,0.0578744598
p4	1	673	linear_attn_out-18	18	1024	0	5.801965e-02	1.061110e-02	-0.0520831794,0.0797433555,0.112290226,-0.0743008107	-0.0527306944,0.082809031,0.113740519,-0.0642330423
p4	1	674	attn_residual-18	18	1024	0	4.237572e-02	2.193963e-02	-0.37850672,0.0678765178,0.0827749297,-0.0052549094	-0.37671715,0.0722955316,0.0901870281,0.0108684823
p4	1	675	attn_post_norm-18	18	1024	0	4.311378e-02	2.398736e-01	-2.58941293,0.72176981,0.894822478,-0.0486808158	-2.57457352,0.767985225,0.973967254,0.100582808
p4	1	676	ffn_out-18	18	1024	0	6.305771e-02	1.274829e-02	-0.571595311,0.0105085876,-0.0962307081,0.03577796	-0.568480372,0.00997103006,-0.0968730301,0.0300178602
p4	1	677	l_out-18	18	1024	0	4.533916e-02	2.277505e-02	-0.950102031,0.0783851072,-0.0134557784,0.0305230506	-0.945197523,0.0822665617,-0.00668600202,0.0408863425
p4	1	678	attn_norm-19	19	1024	0	4.388232e-02	1.898256e-01	-6.51279879,0.597625196,-0.105740093,0.237167791	-6.47277021,0.626597881,-0.0524889119,0.317377597
p4	1	679	attn_pregate-19	19	2048	0	3.083337e-02	8.648124e-02	-0.0171688348,-0.564522624,-0.0434040427,-0.157473952	-0.0297286138,-0.615055442,-0.0180636942,-0.180576265
p4	1	680	attn_gated-19	19	2048	0	3.409363e-02	3.676307e-02	-0.000456974842,-0.0431993492,-0.0013574172,-0.0104929721	-0.000777464884,-0.0452170409,-0.000545760849,-0.0115965353
p4	1	681	attn_output-19	19	1024	0	5.770347e-02	1.141226e-02	0.518569589,0.00938898325,0.00104814209,0.0301470533	0.529981852,0.00819688663,0.00333087333,0.0291473567
p4	1	682	attn_residual-19	19	1024	0	4.893799e-02	2.360545e-02	-0.431532443,0.0877740905,-0.0124076363,0.0606701039	-0.415215671,0.0904634446,-0.00335512869,0.0700336993
p4	1	683	attn_post_norm-19	19	1024	0	4.959803e-02	2.245314e-01	-2.94130445,0.885536134,-0.114448711,0.465104461	-2.83138657,0.913086593,-0.0309620686,0.537132859
p4	1	684	ffn_out-19	19	1024	0	7.263669e-02	1.794875e-02	-0.166125357,-0.0434850343,-0.12234737,0.104365967	-0.182263091,-0.0440425165,-0.120603219,0.106451504
p4	1	685	l_out-19	19	1024	0	5.338093e-02	2.789009e-02	-0.5976578,0.0442890562,-0.134755,0.165036067	-0.597478747,0.0464209281,-0.123958349,0.176485211
p4	1	686	attn_norm-20	20	1024	0	5.308159e-02	3.025695e-01	-4.77548075,0.497129709,-1.40961051,1.54590285	-4.78359032,0.522100568,-1.29926288,1.65645123
p4	1	687	conv_output_silu-20	20	6144	0	3.185656e-02	1.271371e-01	-0.0353061147,-0.114729524,-0.233037218,-0.0257545747	-0.0289837029,-0.113031432,-0.22958827,-0.0337754823
p4	1	688	q_conv_predelta-20	20	2048	0	3.727522e-02	3.105612e-02	-0.0134400828,-0.0436744243,-0.0887109563,-0.00980407	-0.0110764923,-0.0431964025,-0.087740086,-0.0129077313
p4	1	689	k_conv_predelta-20	20	2048	0	3.385380e-02	3.462794e-02	-0.00649574678,-0.0256030541,-0.0280315317,-0.0222887844	-0.00638944609,-0.0253165439,-0.0277842749,-0.0207078271
p4	1	690	v_conv_predelta-20	20	2048	0	2.622509e-02	8.857520e-02	-0.0324604586,-0.0243834071,0.0106973443,-0.0982159376	-0.0330362134,-0.0240001492,0.0103007844,-0.0988300741
p4	1	691	a_softplus-20	20	16	0	2.824380e-02	1.296995e-01	0.168683365,2.38533854,0.0500976145,3.31928158	0.153601483,2.30107236,0.04532478,3.21594548
p4	1	692	gate-20	20	16	0	2.162124e-02	3.182209e-02	-0.0376383476,-0.414509684,-0.00912345294,-0.95099014	-0.0342731252,-0.399866432,-0.00825425517,-0.921383858
p4	1	693	beta_sigmoid-20	20	16	0	3.134494e-03	6.420016e-03	0.987541139,0.996859312,0.952535093,0.961070001	0.987120152,0.996827543,0.951957643,0.960138619
p4	1	694	state_predelta-20	20	262144	11542	4.031323e-07	6.854534e-07	2.03583859e-05,-9.22874679e-05,0.000391181733,-0.000443777128	2.03583804e-05,-9.22877443e-05,0.000391183072,-0.000443778583
p4	1	695	new_state-20	20	262144	0	2.007880e-02	4.199981e-02	0.000277495943,0.000927595829,0.00148962007,0.000457509072	0.000276603969,0.000928847003,0.00149526051,0.000403873652
p4	1	696	attn_output-20	20	2048	0	2.040447e-02	2.324671e-03	-0.0014714353,-0.00105699676,0.000535517465,-0.0046233763	-0.00151710329,-0.0010482698,0.000527275726,-0.00472335843
p4	1	697	z-20	20	2048	0	3.533712e-02	2.806530e-01	-0.66277498,0.393157482,0.83030206,-0.364499301	-0.651037037,0.287357211,0.796026766,-0.351964772
p4	1	698	final_output-20	20	2048	0	6.223760e-02	1.206477e-01	0.0424100347,-0.0335651152,0.0382790864,0.079525739	0.0422336459,-0.0227173958,0.0348869748,0.0771125928
p4	1	699	linear_attn_out-20	20	1024	0	7.341176e-02	1.535330e-02	-0.042904146,-0.0564147346,0.0569685102,-0.0294200405	-0.0360348672,-0.0538507327,0.0610361211,-0.0334788486
p4	1	700	attn_residual-20	20	1024	0	5.695778e-02	3.476809e-02	-0.640561938,-0.0121256784,-0.0777864903,0.135616034	-0.633513629,-0.00742980465,-0.0629222244,0.143006355
p4	1	701	attn_post_norm-20	20	1024	0	5.760223e-02	3.098033e-01	-3.38723564,-0.112358987,-0.729434788,0.991074562	-3.37075114,-0.0692732558,-0.59370786,1.05156732
p4	1	702	ffn_out-20	20	1024	0	7.983289e-02	2.147058e-02	0.389315665,0.0325814486,-0.0654742271,0.0164420102	0.390188932,0.0345306806,-0.0845575631,0.0144184735
p4	1	703	l_out-20	20	1024	0	6.282470e-02	3.735846e-02	-0.251246274,0.0204557702,-0.143260717,0.15205805	-0.243324697,0.027100876,-0.147479787,0.157424822
p4	1	704	attn_norm-21	21	1024	0	6.234523e-02	3.800790e-01	-1.73002958,0.21626094,-1.38171315,1.36432493	-1.68340683,0.287868828,-1.42913187,1.41915762
p4	1	705	conv_output_silu-21	21	6144	0	3.097517e-02	2.502861e-01	-0.268097788,0.533432305,-0.244088665,-0.278121859	-0.26588136,0.469669998,-0.242490515,-0.278232247
p4	1	706	q_conv_predelta-21	21	2048	0	4.732594e-02	3.512061e-02	-0.0762943104,0.151802257,-0.0694618747,-0.0791469216	-0.0751258284,0.132707104,-0.0685166493,-0.0786156207
p4	1	707	k_conv_predelta-21	21	2048	0	3.504303e-02	3.152794e-02	0.0177563839,0.0144747002,0.0667189658,-0.0247696023	0.0160217136,0.0115646422,0.0681996793,-0.0237479992
p4	1	708	v_conv_predelta-21	21	2048	0	2.713750e-02	8.160889e-02	0.0260161925,-0.0738826543,0.027799597,-0.0155444993	0.027614193,-0.0741425082,0.0193697382,-0.0173528269
p4	1	709	a_softplus-21	21	16	0	1.428410e-02	1.069412e-01	2.16365457,6.00799322,0.177830949,3.20149255	2.11315513,5.91526318,0.182156384,3.15889931
p4	1	710	gate-21	21	16	0	1.445872e-02	2.400184e-02	-0.639575064,-1.55508208,-0.0664505735,-1.51819694	-0.624647439,-1.53108025,-0.0680668652,-1.4979986
p4	1	711	beta_sigmoid-21	21	16	0	5.839981e-03	1.636302e-02	0.952838719,0.957006097,0.882086933,0.989039063	0.95042026,0.958452046,0.877200782,0.988581002
p4	1	712	state_predelta-21	21	262144	7983	6.538312e-07	7.748604e-07	0.00117235072,-0.00104050036,0.00158851792,0.000219874637	0.00117234909,-0.00104049919,0.00158851594,0.000219874171
p4	1	713	new_state-21	21	262144	0	3.009582e-02	4.258272e-02	0.00117180427,-9.77834861e-05,0.00291723665,-0.000655946205	0.00115282089,-0.000178122573,0.00308570778,-0.000660571503
p4	1	714	attn_output-21	21	2048	0	4.272694e-02	5.384535e-03	0.00015308916,-0.000449430227,0.00027619701,-0.000104374674	0.000153964444,-0.000425514911,0.000214706524,-0.000110191511
p4	1	715	z-21	21	2048	0	5.370841e-02	2.824969e-01	0.770283341,0.941594183,-0.15684396,-1.23384786	0.788838267,0.853528976,-0.187971115,-1.28237021
p4	1	716	final_output-21	21	2048	0	8.176858e-02	1.321948e-01	0.0568104945,-0.177138224,-0.0126961097,0.0229484867	0.059583649,-0.150035962,-0.0117741972,0.0245471448
p4	1	717	linear_attn_out-21	21	1024	0	9.463590e-02	2.372490e-02	0.101661116,0.0313037485,0.00178652257,-0.0467889458	0.0812025964,0.02989861,0.00228650868,-0.0415588617
p4	1	718	attn_residual-21	21	1024	0	6.896193e-02	4.113907e-02	-0.149585158,0.0517595187,-0.141474187,0.105269104	-0.162122101,0.0569994859,-0.145193279,0.115865961
p4	1	719	attn_post_norm-21	21	1024	0	6.930437e-02	3.280035e-01	-0.721248865,0.431406289,-1.16360581,0.692196131	-0.783486605,0.476167619,-1.19692743,0.763619065
p4	1	720	ffn_out-21	21	1024	0	9.644532e-02	3.913472e-02	0.0612355731,0.0345058106,0.0574016646,0.141551822	0.0612696707,0.0418907031,0.0577299297,0.146074116
p4	1	721	l_out-21	21	1024	0	7.960362e-02	4.871728e-02	-0.0883495808,0.0862653255,-0.0840725228,0.246820927	-0.10085243,0.0988901854,-0.0874633491,0.261940062
p4	1	722	attn_norm-22	22	1024	0	7.886673e-02	3.904371e-01	-0.522104979,0.731367588,-0.655823648,1.92284	-0.600229263,0.844364703,-0.68712616,2.05513573
p4	1	723	conv_output_silu-22	22	6144	0	3.976275e-02	1.532242e-01	-0.0697763413,-0.182375982,0.090371266,0.0568780117	-0.0663021058,-0.189828515,0.0897351205,0.0580309406
p4	1	724	q_conv_predelta-22	22	2048	0	4.670471e-02	4.818824e-02	-0.0251392592,-0.0657070428,0.0325592682,0.0204922054	-0.0232843161,-0.0666649565,0.0315136425,0.0203796048
p4	1	725	k_conv_predelta-22	22	2048	0	4.738867e-02	4.453790e-02	0.0146780629,-0.0069857589,0.156838909,0.0403231159	0.0146636255,-0.00706623262,0.159916624,0.0401376486
p4	1	726	v_conv_predelta-22	22	2048	0	3.228910e-02	6.169283e-02	0.0236222558,0.00334634585,0.00936577655,-0.00642362377	0.0227498971,0.00199444219,0.00854617544,-0.00735825952
p4	1	727	a_softplus-22	22	16	0	1.536804e-02	7.665682e-02	1.3665359,3.1935463,3.61657214,0.449688822	1.31571352,3.16244555,3.54879618,0.422905982
p4	1	728	gate-22	22	16	0	1.581395e-02	4.444861e-02	-0.252783746,-0.723797917,-2.37180591,-0.0844940245	-0.243382543,-0.716749132,-2.32735729,-0.0794616789
p4	1	729	beta_sigmoid-22	22	16	0	1.176821e-02	2.398235e-02	0.675603092,0.93033576,0.954292953,0.591947138	0.6731112,0.923533201,0.951236248,0.57497561
p4	1	730	state_predelta-22	22	262144	1229	4.239089e-06	2.250075e-06	1.96618585e-05,1.21223929e-05,0.000348836795,-0.00128051371	1.96620076e-05,1.21223411e-05,0.000348840229,-0.00128052605
p4	1	731	new_state-22	22	262144	0	3.545664e-02	2.603485e-02	0.000262434536,-0.000108218759,0.00291193509,-0.000315490412	0.000253564096,-0.000105257997,0.00287066144,-0.000352026778
p4	1	732	attn_output-22	22	2048	0	2.580408e-02	4.254596e-04	8.24500676e-05,-8.54206064e-06,5.923969e-05,-0.000140494827	8.00129055e-05,-1.51870418e-05,5.57229832e-05,-0.000145494836
p4	1	733	z-22	22	2048	0	5.085530e-02	3.303702e-01	0.757918656,1.26367211,-4.73082829,-0.0292114392	0.684067309,1.19127238,-4.75559711,-0.0440312997
p4	1	734	final_output-22	22	2048	0	8.010475e-02	1.721938e-01	0.0484962426,-0.00866942108,-0.00262853294,0.00195450429	0.0414606258,-0.0142931361,-0.00242502033,0.00302783377
p4	1	735	linear_attn_out-22	22	1024	0	9.386181e-02	3.297789e-02	0.154114962,-0.00797390286,-0.0347981006,-0.163582146	0.121137068,-0.0130300894,-0.0434229672,-0.172299311
p4	1	736	attn_residual-22	22	1024	0	8.075002e-02	5.693479e-02	0.0657653809,0.0782914236,-0.118870623,0.0832387805	0.0202846378,0.0858600959,-0.130886316,0.0896407515
p4	1	737	attn_post_norm-22	22	1024	0	8.090919e-02	4.071437e-01	0.318150192,0.546447217,-0.814900994,0.469159693	0.0990383998,0.604821026,-0.905578375,0.509919882
p4	1	738	ffn_out-22	22	1024	0	9.627289e-02	2.950414e-02	-0.773885369,-0.0230498072,-0.0728940591,0.182099581	-0.754612803,-0.0272474345,-0.0820947364,0.193515867
p4	1	739	l_out-22	22	1024	0	8.054834e-02	5.737822e-02	-0.708119988,0.0552416146,-0.191764683,0.265338361	-0.734328151,0.0586126596,-0.212981045,0.283156633
p4	1	740	attn_norm-23	23	1024	0	7.902743e-02	3.050336e-01	-3.16146874,0.315798074,-1.13279724,1.27943146	-3.30329752,0.337605864,-1.26765168,1.37568557
p4	1	741	attn_pregate-23	23	2048	0	1.698797e-02	3.200636e-01	-6.31631756,-0.0749161392,-0.405030072,0.0232571885	-6.28009653,-0.0351682901,-0.399952233,0.00432079285
p4	1	742	attn_gated-23	23	2048	0	4.678946e-02	2.277353e-01	-0.379436702,-0.0140625313,-0.0674690828,0.00560778426	-0.375963748,-0.00647966797,-0.0649903342,0.00108028192
p4	1	743	attn_output-23	23	1024	0	6.294137e-02	4.022253e-02	0.572911024,-0.0929155201,-0.0119276941,0.107175887	0.560670853,-0.0934298337,-0.0194443241,0.11839582
p4	1	744	attn_residual-23	23	1024	0	8.796207e-02	6.447008e-02	-0.135208964,-0.0376739055,-0.203692377,0.372514248	-0.173657298,-0.0348171741,-0.232425362,0.401552439
p4	1	745	attn_post_norm-23	23	1024	0	8.728716e-02	3.513532e-01	-0.625665605,-0.210736528,-1.04827797,1.79333711	-0.81144768,-0.196663335,-1.20785809,1.95205474
p4	1	746	ffn_out-23	23	1024	0	9.453861e-02	7.171709e-02	-0.207013339,-0.0272767916,-0.115659617,-0.0819570795	-0.247036904,-0.0165152624,-0.0940932781,-0.109754369
p4	1	747	l_out-23	23	1024	0	9.007482e-02	9.807190e-02	-0.342222303,-0.0649506971,-0.319352001,0.290557176	-0.420694202,-0.0513324365,-0.326518655,0.291798055
p4	1	748	result_norm	-1	1024	0	8.972993e-02	1.485734e+00	-0.287202179,-0.918035805,-4.38217926,4.44907284	-0.356692463,-0.73301971,-4.52664518,4.51406956
p4	1	749	result_output	-1	248320	0	7.589604e-02	1.131443e+00	4.88982105,5.59596395,7.5546093,2.06305313	4.88499928,5.90332174,7.48480892,2.1060307
p4	2	750	model.input_embed	-1	1024	1024	0.000000e+00	0.000000e+00	0.0146448612,-0.0175738335,-0.0312423706,0.024408102	0.0146448612,-0.0175738335,-0.0312423706,0.024408102
p4	2	751	attn_norm-0	0	1024	1024	0.000000e+00	0.000000e+00	1.29330158,-1.00483465,-2.1177814,1.88185501	1.29330158,-1.00483465,-2.1177814,1.88185501
p4	2	752	conv_output_silu-0	0	6144	6144	0.000000e+00	0.000000e+00	-0.00736192241,0.000527896977,-0.00319354748,-0.277904302	-0.00736192241,0.000527896977,-0.00319354748,-0.277904302
p4	2	753	q_conv_predelta-0	0	2048	2048	0.000000e+00	0.000000e+00	-0.00870267767,0.000624037697,-0.00377515727,-0.328516334	-0.00870267767,0.000624037697,-0.00377515727,-0.328516334
p4	2	754	k_conv_predelta-0	0	2048	2048	0.000000e+00	0.000000e+00	-0.0242358707,-0.0255167447,-0.0529923737,0.00397556415	-0.0242358707,-0.0255167447,-0.0529923737,0.00397556415
p4	2	755	v_conv_predelta-0	0	2048	2048	0.000000e+00	0.000000e+00	-0.0266879387,0.00295418175,0.00922870077,-0.00507568289	-0.0266879387,0.00295418175,0.00922870077,-0.00507568289
p4	2	756	a_softplus-0	0	16	16	0.000000e+00	0.000000e+00	5.45917463,5.97220715e-05,4.10071552e-05,5.77334023	5.45917463,5.97220715e-05,4.10071552e-05,5.77334023
p4	2	757	gate-0	0	16	16	0.000000e+00	0.000000e+00	-7.06469679,-7.83383075e-06,-4.89760623e-06,-3.27672529	-7.06469679,-7.83383075e-06,-4.89760623e-06,-3.27672529
p4	2	758	beta_sigmoid-0	0	16	16	0.000000e+00	0.000000e+00	0.419071883,0.505235493,0.658482194,0.997189343	0.419071883,0.505235493,0.658482194,0.997189343
p4	2	759	state_predelta-0	0	262144	262144	0.000000e+00	0.000000e+00	-0.000227077442,-0.000718736555,0.000473905733,1.55089856e-05	-0.000227077442,-0.000718736555,0.000473905733,1.55089856e-05
p4	2	760	new_state-0	0	262144	262144	0.000000e+00	0.000000e+00	0.000270864082,0.000284769339,0.000593080942,-4.44501384e-05	0.000270864082,0.000284769339,0.000593080942,-4.44501384e-05
p4	2	761	attn_output-0	0	2048	2048	0.000000e+00	0.000000e+00	-1.09099019e-05,1.25032614e-06,3.77172864e-06,-2.25226472e-06	-1.09099019e-05,1.25032614e-06,3.77172864e-06,-2.25226472e-06
p4	2	762	z-0	0	2048	2048	0.000000e+00	0.000000e+00	-0.211147919,1.16224277,0.118394732,-1.16109598	-0.211147919,1.16224277,0.118394732,-1.16109598
p4	2	763	final_output-0	0	2048	2048	0.000000e+00	0.000000e+00	0.000992439804,0.00109589868,0.000219341367,0.000576294144	0.000992439804,0.00109589868,0.000219341367,0.000576294144
p4	2	764	linear_attn_out-0	0	1024	1024	0.000000e+00	0.000000e+00	-0.569723129,0.0173203051,-0.0036073029,-0.0111208521	-0.569723129,0.0173203051,-0.0036073029,-0.0111208521
p4	2	765	attn_residual-0	0	1024	1024	0.000000e+00	0.000000e+00	-0.555078268,-0.000253528357,-0.0348496735,0.01328725	-0.555078268,-0.000253528357,-0.0348496735,0.01328725
p4	2	766	attn_post_norm-0	0	1024	1024	0.000000e+00	0.000000e+00	-10.3263655,-0.00865169428,-1.22373569,0.457186103	-10.3263655,-0.00865169428,-1.22373569,0.457186103
p4	2	767	ffn_out-0	0	1024	320	1.089134e-07	1.117587e-08	0.11410664,0.00147140212,0.0517498851,0.0101103634	0.114106633,0.00147140212,0.0517498851,0.0101103615
p4	2	768	l_out-0	0	1024	449	7.601800e-08	2.980232e-08	-0.440971613,0.00121787377,0.0169002116,0.0233976133	-0.440971643,0.00121787377,0.0169002116,0.0233976115
p4	2	769	attn_norm-1	1	1024	500	8.403118e-08	9.536743e-07	-14.0991964,0.0504563041,0.669730663,0.994151056	-14.0991974,0.0504563041,0.669730663,0.994150996
p4	2	770	conv_output_silu-1	1	6144	886	2.387666e-07	4.768372e-07	0.000754745561,0.0112860193,-0.0767942518,-0.256346166	0.000754739565,0.0112860156,-0.0767942518,-0.256346166
p4	2	771	q_conv_predelta-1	1	2048	262	2.168014e-07	2.086163e-07	0.000825167459,0.0123390667,-0.0839595795,-0.280264676	0.000825161056,0.0123390649,-0.0839595944,-0.280264705
p4	2	772	k_conv_predelta-1	1	2048	311	2.896921e-07	2.235174e-07	-0.151810557,0.267190456,0.0324466638,-0.0100454073	-0.151810512,0.267190486,0.0324466489,-0.0100454157
p4	2	773	v_conv_predelta-1	1	2048	235	1.801028e-07	1.788139e-07	0.0826812461,-0.199749693,0.00618921407,-0.000436914619	0.0826812461,-0.199749723,0.00618921919,-0.000436912524
p4	2	774	a_softplus-1	1	16	16	0.000000e+00	0.000000e+00	0.031938158,0.547971189,0.964391351,1.52653933	0.031938158,0.547971189,0.964391351,1.52653933
p4	2	775	gate-1	1	16	16	0.000000e+00	0.000000e+00	-0.00572619587,-0.591053367,-1.10460091,-0.461945117	-0.00572619587,-0.591053367,-1.10460091,-0.461945117
p4	2	776	beta_sigmoid-1	1	16	16	0.000000e+00	0.000000e+00	0.955069661,0.653619409,0.303909153,0.687873721	0.955069661,0.653619409,0.303909153,0.687873721
p4	2	777	state_predelta-1	1	262144	60509	1.519017e-07	2.086163e-07	-0.00371669489,0.0592798479,0.00459275721,0.0010585055	-0.00371669536,0.0592798479,0.00459275721,0.00105850527
p4	2	778	new_state-1	1	262144	22776	1.862866e-07	1.639128e-07	-0.00684722699,0.0644885376,0.0052401619,0.000843907939	-0.00684722699,0.0644885376,0.00524016144,0.000843907474
p4	2	779	attn_output-1	1	2048	132	1.764987e-07	1.862645e-09	0.00162343599,-0.000979073346,0.0002306237,2.49180921e-05	0.00162343646,-0.000979073928,0.000230623802,2.49181121e-05
p4	2	780	z-1	1	2048	416	1.911542e-07	1.430511e-06	-4.57112598,-5.79239702,-0.153953493,-0.344445765	-4.57112694,-5.79239845,-0.153953612,-0.344445765
p4	2	781	final_output-1	1	2048	96	2.883091e-07	1.639128e-07	-0.0608462691,0.0137800993,-0.0143499868,-0.00343575026	-0.0608462393,0.0137800891,-0.0143500017,-0.00343575235
p4	2	782	linear_attn_out-1	1	1024	146	4.693679e-07	3.352761e-08	-0.282230616,-0.00302366912,0.0237395167,0.0154010206	-0.282230616,-0.00302367657,0.0237395167,0.0154010169
p4	2	783	attn_residual-1	1	1024	142	2.154631e-07	3.725290e-08	-0.723202229,-0.00180579536,0.0406397283,0.038798634	-0.723202229,-0.00180580281,0.0406397283,0.0387986302
p4	2	784	attn_post_norm-1	1	1024	164	2.512602e-07	1.013279e-06	-11.8394833,-0.0465689227,1.05877221,1.0671525	-11.8394833,-0.0465691164,1.05877221,1.06715238
p4	2	785	ffn_out-1	1	1024	122	2.593462e-07	2.421439e-08	0.126982659,0.0017410703,0.0259835739,0.0225349143	0.126982644,0.00174106471,0.0259835739,0.022534918
p4	2	786	l_out-1	1	1024	115	2.581691e-07	5.960464e-08	-0.59621954,-6.47250563e-05,0.0666233003,0.0613335483	-0.596219599,-6.47380948e-05,0.0666233003,0.0613335483
p4	2	787	attn_norm-2	2	1024	145	2.701389e-07	1.907349e-06	-16.2136707,-0.00215617334,2.14297557,2.06925368	-16.2136726,-0.00215660781,2.14297557,2.06925368
p4	2	788	conv_output_silu-2	2	6144	1098	2.123481e-07	5.960464e-07	0.0290282983,-0.0435350984,-0.0272603706,-0.0034311472	0.0290282983,-0.0435351133,-0.0272603817,-0.00343114976
p4	2	789	q_conv_predelta-2	2	2048	339	2.200318e-07	1.937151e-07	0.0192410462,-0.0288566984,-0.0180691984,-0.00227429322	0.0192410462,-0.0288567059,-0.0180692039,-0.00227429485
p4	2	790	k_conv_predelta-2	2	2048	354	2.347662e-07	1.788139e-07	0.0112831658,-0.077574335,-0.0100146458,-0.175012082	0.0112831732,-0.077574335,-0.0100146458,-0.175012216
p4	2	791	v_conv_predelta-2	2	2048	373	1.573039e-07	1.192093e-07	0.0111495405,-0.0217262246,-0.00473933388,-0.0457938723	0.0111495396,-0.0217262302,-0.00473933388,-0.0457938723
p4	2	792	a_softplus-2	2	16	16	0.000000e+00	0.000000e+00	0.324832141,0.0373852327,0.0678739175,0.265272915	0.324832141,0.0373852327,0.0678739175,0.265272915
p4	2	793	gate-2	2	16	16	0.000000e+00	0.000000e+00	-0.291604489,-0.0105449893,-0.0202208515,-0.173291981	-0.291604489,-0.0105449893,-0.0202208515,-0.173291981
p4	2	794	beta_sigmoid-2	2	16	16	0.000000e+00	0.000000e+00	0.262896419,0.675542355,0.908065856,0.396714151	0.262896419,0.675542355,0.908065856,0.396714151
p4	2	795	state_predelta-2	2	262144	17855	2.112966e-07	1.490116e-07	-0.00100830896,4.57183851e-05,0.000460988813,0.00256952038	-0.00100830849,4.57182905e-05,0.000460988871,0.00256951968
p4	2	796	new_state-2	2	262144	21151	2.153725e-07	1.490116e-07	-0.000723901379,-0.000167770035,0.000318320177,0.0014640427	-0.00072390103,-0.000167770108,0.000318320206,0.00146404188
p4	2	797	attn_output-2	2	2048	189	2.779557e-07	2.235174e-08	4.17143809e-07,-5.80546021e-06,1.33832009e-06,1.67552807e-05	4.17141166e-07,-5.80545611e-06,1.33832202e-06,1.67552807e-05
p4	2	798	z-2	2	2048	415	1.771586e-07	1.430511e-06	-0.129029632,-0.221824884,0.000503242016,0.0698781013	-0.129029393,-0.221824765,0.000503182411,0.0698779821
p4	2	799	final_output-2	2	2048	103	2.693602e-07	2.980232e-07	-2.57307856e-05,0.000380302867,3.07843663e-07,0.000591723016	-2.57305783e-05,0.000380302459,3.07807682e-07,0.000591721968
p4	2	800	linear_attn_out-2	2	1024	68	4.043188e-07	4.470348e-08	-0.287902385,-0.00235810876,-0.0107225571,0.0102320518	-0.287902415,-0.00235810596,-0.0107225534,0.0102320565
p4	2	801	attn_residual-2	2	1024	97	2.723223e-07	1.192093e-07	-0.884121895,-0.00242283382,0.0559007451,0.0715655982	-0.884122014,-0.00242284406,0.0559007451,0.0715656057
p4	2	802	attn_post_norm-2	2	1024	100	3.088402e-07	1.907349e-06	-12.3125095,-0.0529914983,1.24111044,1.58392501	-12.3125095,-0.0529917181,1.24111032,1.58392501
p4	2	803	ffn_out-2	2	1024	156	1.607059e-07	2.235174e-08	0.53694129,0.000252663158,0.00051677553,-0.0237415731	0.53694129,0.000252665021,0.000516783446,-0.0237415768
p4	2	804	l_out-2	2	1024	90	3.361751e-07	1.192093e-07	-0.347180605,-0.00217017066,0.0564175211,0.0478240252	-0.347180724,-0.00217017904,0.0564175285,0.0478240289
p4	2	805	attn_norm-3	3	1024	115	3.353097e-07	2.861023e-06	-9.03249264,-0.0674026608,1.58385587,1.41590667	-9.0324955,-0.0674029291,1.58385623,1.41590679
p4	2	806	attn_pregate-3	3	2048	74	7.290121e-07	2.622604e-06	0.249600902,-0.0437856503,0.374916703,0.137522116	0.249601424,-0.0437854901,0.37491709,0.137522668
p4	2	807	attn_gated-3	3	2048	72	6.833838e-07	6.705523e-07	0.0203364212,-0.00325910677,0.0417813547,0.0132462336	0.0203364734,-0.0032590949,0.0417814068,0.0132462829
p4	2	808	attn_output-3	3	1024	51	6.453499e-07	6.332994e-08	-0.308658093,0.0152899213,-0.0117371427,0.00418997975	-0.308658063,0.0152899176,-0.0117371427,0.00418998068
p4	2	809	attn_residual-3	3	1024	82	4.258617e-07	8.940697e-08	-0.655838728,0.0131197507,0.0446803793,0.0520140044	-0.655838788,0.0131197385,0.0446803868,0.0520140082
p4	2	810	attn_post_norm-3	3	1024	95	4.753564e-07	1.907349e-06	-9.78358555,0.293097943,1.02817082,1.2073133	-9.7835865,0.293097675,1.02817094,1.20731342
p4	2	811	ffn_out-3	3	1024	74	8.159393e-07	9.685755e-08	-0.0230578482,0.00889368728,0.014295429,-0.0158676431	-0.0230578631,0.00889368728,0.0142954178,-0.0158676505
p4	2	812	l_out-3	3	1024	62	6.259514e-07	1.192093e-07	-0.678896546,0.022013437,0.0589758083,0.0361463614	-0.678896666,0.0220134258,0.0589758046,0.0361463577
p4	2	813	attn_norm-4	4	1024	40	6.624800e-07	4.768372e-06	-15.7536421,0.673735142,1.68223441,1.13414824	-15.753643,0.673734784,1.68223405,1.13414812
p4	2	814	conv_output_silu-4	4	6144	916	1.684164e-07	9.536743e-07	0.179566458,0.00419321889,-0.0165612213,0.00295572635	0.179566458,0.00419321889,-0.0165612511,0.00295575918
p4	2	815	q_conv_predelta-4	4	2048	256	2.358371e-07	1.788139e-07	0.144490153,0.00337412022,-0.0133261709,0.00237835804	0.144490138,0.00337411999,-0.0133261932,0.00237838435
p4	2	816	k_conv_predelta-4	4	2048	372	2.821719e-07	2.682209e-07	-0.0122678922,-0.00481785554,0.0704249442,-0.00733254384	-0.0122678922,-0.00481786532,0.0704249516,-0.00733254012
p4	2	817	v_conv_predelta-4	4	2048	297	1.092694e-07	9.536743e-07	0.128320903,0.00748387305,0.00135920197,0.0158732925	0.128320888,0.00748388376,0.00135919428,0.0158732813
p4	2	818	a_softplus-4	4	16	16	0.000000e+00	0.000000e+00	0.442889154,1.61719203,0.0485270284,1.57385647	0.442889154,1.61719203,0.0485270284,1.57385647
p4	2	819	gate-4	4	16	16	0.000000e+00	0.000000e+00	-0.184623659,-1.57126772,-0.015269706,-0.826130688	-0.184623659,-1.57126772,-0.015269706,-0.826130688
p4	2	820	beta_sigmoid-4	4	16	16	0.000000e+00	0.000000e+00	0.734472513,0.903905451,0.654153109,0.748869002	0.734472513,0.903905451,0.654153109,0.748869002
p4	2	821	state_predelta-4	4	262144	18769	1.376144e-07	9.834766e-07	-0.000104293904,0.00693754852,-0.00506160082,0.00145295623	-0.000104293053,0.00693754712,-0.00506160175,0.00145295635
p4	2	822	new_state-4	4	262144	19108	1.482164e-07	1.668930e-06	-0.00148247345,0.00521985255,0.00380419428,0.00037376309	-0.00148247264,0.00521984976,0.00380419428,0.000373763731
p4	2	823	attn_output-4	4	2048	169	2.763391e-07	5.960464e-08	0.00016805678,2.43578997e-05,-1.47841865e-05,4.34904214e-05	0.000168056678,2.43579307e-05,-1.47841911e-05,4.34903959e-05
p4	2	824	z-4	4	2048	245	2.091825e-07	2.384186e-06	-0.492414534,0.692986608,-0.343007445,-0.0730923265	-0.492414713,0.692986488,-0.343007505,-0.0730919838
p4	2	825	final_output-4	4	2048	118	4.705219e-07	2.980232e-07	-0.0272556655,0.0117509328,0.00174553203,-0.00143656542	-0.0272556581,0.0117509468,0.00174553297,-0.00143655809
p4	2	826	linear_attn_out-4	4	1024	73	6.909804e-07	1.341105e-07	-0.127001241,-0.00847594813,0.00245629367,0.0223390609	-0.127001107,-0.00847594533,0.00245628529,0.0223390404
p4	2	827	attn_residual-4	4	1024	46	6.096610e-07	1.192093e-07	-0.805897772,0.0135374889,0.0614321008,0.0584854223	-0.805897772,0.0135374805,0.0614320897,0.0584853962
p4	2	828	attn_post_norm-4	4	1024	37	7.153219e-07	2.473593e-06	-12.0453644,0.295687616,1.31962943,1.32284319	-12.0453663,0.295687467,1.31962931,1.32284272
p4	2	829	ffn_out-4	4	1024	0	3.792304e-04	3.547221e-05	-0.0101391897,-0.0220173504,-0.00978918746,-0.0296616852	-0.0101217777,-0.0220248494,-0.00977211352,-0.0296512432
p4	2	830	l_out-4	4	1024	1	1.739640e-04	3.549457e-05	-0.81603694,-0.00847986154,0.0516429134,0.0288237371	-0.816019535,-0.00848736893,0.0516599752,0.028834153
p4	2	831	attn_norm-5	5	1024	0	1.917536e-04	1.019895e-03	-17.9184494,-0.250756741,1.42030537,0.892089009	-17.9180641,-0.250978678,1.42077434,0.892411172
p4	2	832	conv_output_silu-5	5	6144	2	7.210068e-04	2.825439e-03	0.119516663,-0.0180646125,0.0220067538,-0.163793743	0.119498558,-0.0182793234,0.0219655205,-0.163745299
p4	2	833	q_conv_predelta-5	5	2048	0	1.219750e-03	1.565635e-03	0.0768497884,-0.0116156321,0.0141504481,-0.105320156	0.0768465027,-0.011754971,0.014125471,-0.105300464
p4	2	834	k_conv_predelta-5	5	2048	0	6.414576e-04	5.451739e-04	-0.0113886008,-0.00239177304,-0.275179833,0.0471387431	-0.0113903992,-0.00238919538,-0.275217831,0.0471339487
p4	2	835	v_conv_predelta-5	5	2048	2	3.172171e-04	1.123428e-03	-0.0517397262,-0.0158953108,0.0228105877,0.00105127099	-0.0517399944,-0.0158934854,0.0227906667,0.00105111464
p4	2	836	a_softplus-5	5	16	0	9.466355e-04	6.903410e-04	0.150004312,0.0464086607,0.103089914,0.0111760097	0.149791896,0.0464335866,0.103223562,0.0111754201
p4	2	837	gate-5	5	16	0	1.160620e-03	5.994439e-04	-0.114563912,-0.00563000934,-0.0262696445,-0.004677088	-0.114401676,-0.00563303335,-0.0263037011,-0.00467684167
p4	2	838	beta_sigmoid-5	5	16	0	2.755517e-04	5.048513e-04	0.975458562,0.67536658,0.886795163,0.677951396	0.975433588,0.675232053,0.88682282,0.677446544
p4	2	839	state_predelta-5	5	262144	21063	1.705694e-07	3.576279e-07	-1.49473738e-06,2.77657127e-05,-0.000689413107,8.43098678e-05	-1.49474045e-06,2.77656527e-05,-0.000689411361,8.43096714e-05
p4	2	840	new_state-5	5	262144	67	1.829250e-04	2.842844e-04	0.000586853654,0.000148288018,0.0135974139,-0.00235938886	0.000586934097,0.000148156279,0.0135989813,-0.00235907873
p4	2	841	attn_output-5	5	2048	0	3.327104e-04	1.216214e-05	-0.000235042884,-8.02426002e-05,8.82149179e-05,1.78783666e-05	-0.00023509856,-8.02566137e-05,8.81373344e-05,1.78878454e-05
p4	2	842	z-5	5	2048	0	1.133145e-03	6.294966e-03	1.34627819,1.35624397,0.137592167,1.75746822	1.34777761,1.35671782,0.137669697,1.7573812
p4	2	843	final_output-5	5	2048	0	1.946592e-03	1.765496e-03	-0.230522528,-0.0765380934,0.00607682392,0.0248558577	-0.23089768,-0.07658308,0.00607491704,0.0248666517
p4	2	844	linear_attn_out-5	5	1024	0	8.891537e-03	7.347325e-04	-0.117525734,0.00539549254,0.00317811035,0.0349283144	-0.118039191,0.00533571932,0.00323500298,0.0349393897
p4	2	845	attn_residual-5	5	1024	0	3.256672e-03	7.250141e-04	-0.933562696,-0.003084369,0.0548210219,0.0637520552	-0.934058726,-0.00315164961,0.0548949763,0.0637735426
p4	2	846	attn_post_norm-5	5	1024	0	4.003439e-03	1.646081e-02	-12.7750578,-0.0634444132,1.07107699,1.37991118	-12.7823048,-0.0648306832,1.07256043,1.38042593
p4	2	847	ffn_out-5	5	1024	0	1.979290e-02	1.293920e-03	0.143192843,0.0133825447,0.00733657647,-0.0147227701	0.142600358,0.0126264328,0.00742690824,-0.0152979381
p4	2	848	l_out-5	5	1024	0	7.676178e-03	1.312619e-03	-0.790369868,0.0102981757,0.0621575974,0.0490292832	-0.791458368,0.0094747832,0.0623218864,0.0484756045
p4	2	849	attn_norm-6	6	1024	0	8.537347e-03	3.566265e-02	-16.6706181,0.281461865,1.64260626,1.41950846	-16.6922359,0.258936703,1.64681542,1.40336549
p4	2	850	conv_output_silu-6	6	6144	3	7.245289e-03	1.005632e-02	0.0268836692,-0.109166548,0.010444738,-0.199841782	0.0275994875,-0.111673072,0.0109745078,-0.198186725
p4	2	851	q_conv_predelta-6	6	2048	0	1.182004e-02	1.057230e-02	0.016475305,-0.0669012964,0.00640092138,-0.122470424	0.0169420186,-0.0685508102,0.00673673023,-0.121657446
p4	2	852	k_conv_predelta-6	6	2048	0	6.428148e-03	6.408542e-03	-0.0185271036,0.00400366588,-0.0266050603,0.0559843257	-0.0185163412,0.00387923,-0.0266689733,0.0560689904
p4	2	853	v_conv_predelta-6	6	2048	2	1.882077e-03	2.127767e-03	-0.00635687308,0.00382383866,-0.00223655091,-0.00205801963	-0.00636346033,0.00382290152,-0.00223674951,-0.00206011557
p4	2	854	a_softplus-6	6	16	0	1.187729e-03	2.489448e-03	0.549684227,0.0872110352,0.873370886,0.159713417	0.550876677,0.0866415501,0.874408245,0.160998508
p4	2	855	gate-6	6	16	0	2.626204e-03	1.327306e-03	-0.100104935,-0.0648097396,-0.266363084,-0.0885473415	-0.100322098,-0.0643865317,-0.266679466,-0.0892598107
p4	2	856	beta_sigmoid-6	6	16	0	7.813364e-04	1.602054e-03	0.923564374,0.96645242,0.740914285,0.949472427	0.92457962,0.96675384,0.741941154,0.950213134
p4	2	857	state_predelta-6	6	262144	19263	1.894161e-07	1.788139e-07	5.58014435e-05,-5.24543684e-05,0.000128119354,-0.000154647554	5.58016109e-05,-5.24545176e-05,0.000128119704,-0.000154647976
p4	2	858	new_state-6	6	262144	10	2.538414e-03	2.399400e-03	0.000141244222,-6.70703594e-05,0.000246244599,-0.000414165319	0.000141408236,-6.64982872e-05,0.000246860553,-0.000415239076
p4	2	859	attn_output-6	6	2048	0	3.529440e-03	3.401563e-05	-4.31563676e-05,4.17210322e-05,-1.67432154e-05,-1.41184955e-05	-4.34452522e-05,4.18410636e-05,-1.68304905e-05,-1.42121071e-05
p4	2	860	z-6	6	2048	0	7.654891e-03	3.968900e-02	0.764813185,0.615757227,1.15117931,1.08153975	0.765984535,0.619796634,1.14149249,1.07760119
p4	2	861	final_output-6	6	2048	0	1.532366e-02	2.000907e-02	-0.0183359962,0.01560333,-0.0135410763,-0.0113664679	-0.0184820313,0.0157630723,-0.0134570003,-0.0113814883
p4	2	862	linear_attn_out-6	6	1024	1	2.273464e-02	2.760835e-03	0.114264369,0.00926351454,-0.0160053931,-0.0108964518	0.111790553,0.00978512503,-0.0170306098,-0.010894672
p4	2	863	attn_residual-6	6	1024	0	1.360802e-02	3.562331e-03	-0.676105499,0.0195616893,0.0461522043,0.0381328315	-0.67966783,0.0192599073,0.0452912748,0.0375809334
p4	2	864	attn_post_norm-6	6	1024	0	1.464060e-02	6.219861e-02	-10.0837774,0.357385814,0.832357466,0.712779224	-10.1190243,0.351251543,0.815389335,0.70122385
p4	2	865	ffn_out-6	6	1024	0	3.689457e-02	4.786395e-03	0.183767825,0.0136220856,-0.0280249976,0.0370744355	0.183954,0.0133420788,-0.028347224,0.0362002514
p4	2	866	l_out-6	6	1024	0	1.898068e-02	4.723314e-03	-0.492337674,0.0331837758,0.0181272067,0.0752072632	-0.49571383,0.0326019861,0.0169440508,0.0737811849
p4	2	867	attn_norm-7	7	1024	0	1.877798e-02	8.675576e-02	-8.16299725,0.584665179,0.32982263,1.58962464	-8.2227335,0.574677408,0.308436215,1.56019545
p4	2	868	attn_pregate-7	7	2048	0	2.030070e-02	2.318487e-01	0.130815998,-0.151437744,0.922815919,-0.224278092	0.146009296,-0.137499988,0.892041028,-0.218430027
p4	2	869	attn_gated-7	7	2048	0	2.460169e-02	2.430704e-02	0.0266409144,-0.0392240472,0.279590189,-0.0364061669	0.0297045205,-0.035997726,0.274609059,-0.0358474664
p4	2	870	attn_output-7	7	1024	0	4.504321e-02	7.573210e-03	-0.0750476941,-0.000687003136,0.00784670562,-0.0601437986	-0.0674744844,-0.00109972991,0.00835541636,-0.0592697486
p4	2	871	attn_residual-7	7	1024	0	2.377017e-02	4.801601e-03	-0.567385375,0.0324967727,0.0259739123,0.0150634646	-0.563188314,0.0315022543,0.0252994671,0.0145114362
p4	2	872	attn_post_norm-7	7	1024	0	2.676224e-02	9.811902e-02	-7.27478313,0.606748402,0.467632294,0.29264757	-7.21801805,0.587939262,0.455303431,0.281807721
p4	2	873	ffn_out-7	7	1024	0	5.079512e-02	5.698375e-03	-0.217620313,0.0290186368,0.0162972622,-0.0350139998	-0.220172942,0.0304366164,0.014822281,-0.0343115665
p4	2	874	l_out-7	7	1024	0	2.473303e-02	4.903134e-03	-0.785005689,0.0615154095,0.0422711745,-0.0199505351	-0.783361256,0.0619388707,0.040121749,-0.0198001303
p4	2	875	attn_norm-8	8	1024	0	2.730606e-02	1.263449e-01	-15.8336172,1.46783888,0.915304482,-0.511552274	-15.8043432,1.47830749,0.868976772,-0.507820964
p4	2	876	conv_output_silu-8	8	6144	0	7.906798e-03	2.527943e-02	0.0114461072,-0.00995551888,0.00154008577,-0.0134663703	0.0126850689,-0.00992712379,-0.00128003396,-0.0113488482
p4	2	877	q_conv_predelta-8	8	2048	0	2.468679e-02	1.910682e-02	0.00681158435,-0.00592453498,0.000916505931,-0.00801384449	0.00749238906,-0.0058634188,-0.000756047375,-0.00670315512
p4	2	878	k_conv_predelta-8	8	2048	0	1.456298e-02	1.575530e-02	0.0220129713,0.0825768039,0.0772805363,-0.0107841687	0.0208644234,0.0830790028,0.0776076391,-0.0108259916
p4	2	879	v_conv_predelta-8	8	2048	0	1.512443e-03	9.315491e-03	-0.0772742182,-0.0154847037,-0.0238032807,0.0538599826	-0.0773125365,-0.0156197166,-0.0236559678,0.0538326427
p4	2	880	a_softplus-8	8	16	0	2.730004e-02	3.590024e-02	0.280390203,0.0896735191,0.0067262426,0.0508012548	0.28794536,0.0875853747,0.00637023849,0.0494435132
p4	2	881	gate-8	8	16	0	2.497742e-02	1.300222e-02	-0.0984262154,-0.0254919585,-0.00200386764,-0.00766984234	-0.101078324,-0.0248983502,-0.0018978077,-0.00746485405
p4	2	882	beta_sigmoid-8	8	16	0	4.741484e-03	8.348286e-03	0.787186444,0.583560526,0.446135253,0.680851579	0.783873618,0.578238904,0.443019867,0.677480102
p4	2	883	state_predelta-8	8	262144	16187	2.385042e-07	4.768372e-07	0.00319909491,-0.00759682897,0.00447117444,-0.00280695222	0.00319909374,-0.00759683084,0.00447117444,-0.00280695269
p4	2	884	new_state-8	8	262144	0	1.585350e-02	7.423711e-02	0.00140919338,-0.0124742277,-0.001178951,-0.00181387074	0.00148516858,-0.0124664493,-0.00118983584,-0.00180736999
p4	2	885	attn_output-8	8	2048	0	4.858729e-03	4.767403e-04	-0.000110476198,-1.36163326e-05,-2.0674388e-05,6.19146085e-05	-0.000108142289,-1.33939393e-05,-1.99339502e-05,6.0548773e-05
p4	2	886	z-8	8	2048	0	1.477919e-02	1.042972e-01	-0.274884403,1.03046012,0.462452769,-0.11809057	-0.278626859,1.04505479,0.48945421,-0.108633339
p4	2	887	final_output-8	8	2048	0	2.483075e-02	1.908147e-02	0.0120839067,-0.0067375889,-0.00588240661,-0.00260043913	0.0119647495,-0.00674744789,-0.00606561871,-0.00235124398
p4	2	888	linear_attn_out-8	8	1024	0	5.084522e-02	6.355613e-03	0.168411642,-0.0495535061,0.0209092498,0.00407937542	0.174767256,-0.0480833314,0.0212762114,0.00597825181
p4	2	889	attn_residual-8	8	1024	0	2.675980e-02	8.000076e-03	-0.616594076,0.0119619034,0.0631804243,-0.0158711597	-0.608594,0.0138555393,0.0613979623,-0.0138218785
p4	2	890	attn_post_norm-8	8	1024	0	3.043211e-02	1.318147e-01	-7.98927212,0.224778399,1.14651787,-0.327038944	-7.89434862,0.260650426,1.11540616,-0.285127193
p4	2	891	ffn_out-8	8	1024	0	5.110561e-02	3.916787e-03	0.0188042708,0.00215061475,-0.0104096401,0.0169384032	0.0156545583,0.00198288541,-0.00896695349,0.0188429244
p4	2	892	l_out-8	8	1024	0	3.012672e-02	7.124290e-03	-0.597789824,0.0141125182,0.052770786,0.00106724352	-0.592939436,0.0158384256,0.0524310097,0.00502104592
p4	2	893	attn_norm-9	9	1024	0	3.327744e-02	1.770040e-01	-11.6484776,0.334494174,1.23207438,0.0299465414	-11.5239029,0.374424905,1.22095656,0.140522525
p4	2	894	conv_output_silu-9	9	6144	0	1.918200e-02	3.558421e-02	0.0235578883,-0.162181526,-0.247162268,0.136633828	0.0216061771,-0.165400788,-0.2459234,0.139181316
p4	2	895	q_conv_predelta-9	9	2048	0	2.475093e-02	2.375075e-02	0.0165912118,-0.114220254,-0.174070001,0.0962276682	0.0151909832,-0.116290845,-0.172905102,0.0978563204
p4	2	896	k_conv_predelta-9	9	2048	0	1.511685e-02	1.349367e-02	-0.104457244,-0.0233511794,-0.17461662,-0.00713434909	-0.104453459,-0.0233212132,-0.174711496,-0.00714328885
p4	2	897	v_conv_predelta-9	9	2048	0	8.089437e-03	2.374060e-02	-0.00235851156,0.0197247081,0.0126298731,-0.0195243359	-0.00233164919,0.0197043549,0.0126305344,-0.0195189621
p4	2	898	a_softplus-9	9	16	0	1.465090e-02	1.170322e-02	0.0106503423,0.00269799726,0.146946445,0.111496188	0.0100580761,0.00286549656,0.141412377,0.104843624
p4	2	899	gate-9	9	16	0	2.979489e-02	1.172502e-02	-0.00431996956,-0.000367998029,-0.049996011,-0.0206247214	-0.00407973584,-0.00039084439,-0.0481131412,-0.0193941202
p4	2	900	beta_sigmoid-9	9	16	0	7.528939e-03	1.303658e-02	0.941923201,0.308716387,0.575491548,0.244720683	0.942439497,0.309696943,0.581827223,0.241731465
p4	2	901	state_predelta-9	9	262144	11236	3.651606e-07	7.152557e-07	-0.000868412142,-0.000613930053,-0.000474657078,5.08167432e-05	-0.000868412084,-0.000613930053,-0.000474656874,5.08167868e-05
p4	2	902	new_state-9	9	262144	0	7.974058e-03	1.048913e-02	-0.000356518314,-0.000497687724,0.00037684181,8.53039674e-05	-0.000360588776,-0.000498838723,0.000370759954,8.50967626e-05
p4	2	903	attn_output-9	9	2048	0	1.456444e-02	7.112557e-05	1.31793684e-06,8.56285405e-05,6.06768226e-05,-0.000111885238	1.33014032e-06,8.67021372e-05,6.14509772e-05,-0.00011303377
p4	2	904	z-9	9	2048	0	1.768548e-02	9.102580e-02	-0.254867196,0.264769107,-0.489326179,0.554365695	-0.311570674,0.238124073,-0.440716147,0.554340243
p4	2	905	final_output-9	9	2048	0	3.942254e-02	1.988536e-02	-0.000158980183,0.0131941913,-0.0120077943,-0.0386629924	-0.000189878207,0.0118740639,-0.011283081,-0.0390515663
p4	2	906	linear_attn_out-9	9	1024	0	5.214434e-02	2.392426e-03	0.0356797688,0.0110964449,-0.00651529711,-0.00335563649	0.0332873426,0.0101040751,-0.00686299708,-0.00451024808
p4	2	907	attn_residual-9	9	1024	0	3.003090e-02	6.375276e-03	-0.562110066,0.0252089631,0.0462554879,-0.00228839298	-0.55965209,0.0259425007,0.0455680117,0.000510797836
p4	2	908	attn_post_norm-9	9	1024	0	3.437218e-02	1.289871e-01	-7.64634037,0.480260223,0.850844741,-0.0493041836	-7.59152889,0.492847234,0.83584547,0.0109744081
p4	2	909	ffn_out-9	9	1024	0	6.223116e-02	6.810777e-03	-0.12377093,-0.00331624225,-0.00263236463,-0.0175874289	-0.130581707,-0.00327618234,-0.00332330912,-0.0167606995
p4	2	910	l_out-9	9	1024	0	3.199454e-02	6.808087e-03	-0.685881019,0.0218927208,0.0436231233,-0.0198758226	-0.690233827,0.0226663183,0.0422447026,-0.0162499025
p4	2	911	attn_norm-10	10	1024	0	3.467433e-02	1.587245e-01	-14.332119,0.476625651,1.01537311,-0.498805851	-14.3514757,0.491017938,0.978407681,-0.405784905
p4	2	912	conv_output_silu-10	10	6144	0	1.949304e-02	5.829787e-02	-0.0027794065,-0.00585737964,-0.0065138014,-0.0338060968	-0.00272626756,-0.0056090802,-0.00686782273,-0.0328241363
p4	2	913	q_conv_predelta-10	10	2048	0	2.249978e-02	1.863933e-02	-0.00796053372,-0.0167761948,-0.0186562613,-0.0968244672	-0.00781321526,-0.0160750728,-0.0196825042,-0.0940707549
p4	2	914	k_conv_predelta-10	10	2048	0	1.508111e-02	1.046915e-02	-0.0100482227,0.0662622228,0.233072132,0.00383541035	-0.0112841781,0.0731881484,0.234602079,0.00466617476
p4	2	915	v_conv_predelta-10	10	2048	0	8.435969e-03	4.098952e-03	0.00928807165,0.00585906859,-0.00456026196,0.000693610404	0.00964862667,0.0065264455,-0.0051690801,0.000829522556
p4	2	916	a_softplus-10	10	16	0	2.102988e-03	6.998062e-03	0.0540232025,0.000914393924,3.73865986,0.0773754641	0.0555171855,0.000889263407,3.74565792,0.0784305781
p4	2	917	gate-10	10	16	0	2.316865e-03	2.167940e-03	-0.0413402058,-0.00530324364,-1.15818274,-0.015843071	-0.0424834453,-0.00515749352,-1.16035068,-0.0160591118
p4	2	918	beta_sigmoid-10	10	16	0	6.411021e-03	1.239836e-02	0.764728785,0.570638955,0.956331193,0.764530838	0.763645351,0.563535213,0.956060886,0.76188606
p4	2	919	state_predelta-10	10	262144	10261	7.263213e-07	1.072884e-06	-0.000777986657,0.00186613528,0.00325596263,0.000378815021	-0.000777987298,0.00186613668,0.00325596402,0.000378815283
p4	2	920	new_state-10	10	262144	2	9.211795e-03	2.542891e-03	-0.00074633176,0.00178958266,0.00312066101,0.000363417348	-0.000748569029,0.00180759281,0.00318168267,0.000364275154
p4	2	921	attn_output-10	10	2048	0	1.695292e-02	5.159830e-05	-2.55779669e-05,1.06667458e-05,2.48605647e-05,4.71072099e-06	-2.31453287e-05,1.26953291e-05,2.22082999e-05,5.78141498e-06
p4	2	922	z-10	10	2048	0	1.351944e-02	1.183965e-01	2.31479931,0.503755093,0.776431322,0.964372337	2.31307125,0.507246256,0.755540371,0.946158051
p4	2	923	final_output-10	10	2048	0	5.679793e-02	1.960754e-02	-0.0483505726,0.00357257342,0.012862538,0.00335885584	-0.043714188,0.00428724568,0.0111076357,0.00402415451
p4	2	924	linear_attn_out-10	10	1024	0	5.735156e-02	8.875117e-03	0.11572367,0.0052132206,0.00322291045,-0.00328697963	0.124598786,0.00502253138,0.00328527251,-0.00422992557
p4	2	925	attn_residual-10	10	1024	0	3.085723e-02	5.658366e-03	-0.570157349,0.0271059424,0.0468460321,-0.0231628027	-0.565635026,0.0276888497,0.0455299765,-0.0204798281
p4	2	926	attn_post_norm-10	10	1024	0	3.417258e-02	1.140243e-01	-9.02415085,0.529592633,0.91233319,-0.482030213	-8.92902184,0.539558232,0.884370089,-0.425074875
p4	2	927	ffn_out-10	10	1024	0	5.225299e-02	6.406888e-03	0.149418831,-0.00630713115,0.00743097113,0.0111440923	0.143011943,-0.00621620612,0.00778769003,0.0105874734
p4	2	928	l_out-10	10	1024	0	3.276366e-02	5.606659e-03	-0.420738518,0.0207988117,0.0542770028,-0.0120187104	-0.422623098,0.0214726441,0.0533176661,-0.00989235472
p4	2	929	attn_norm-11	11	1024	0	3.378053e-02	1.276739e-01	-7.76579285,0.400407284,1.11590028,-0.272468507	-7.77651834,0.412104547,1.09279585,-0.223571554
p4	2	930	attn_pregate-11	11	2048	0	4.451682e-02	1.033576e+00	0.24328813,0.111819759,0.145025834,-0.0890625194	0.236701399,0.107075557,0.142590731,-0.0838796273
p4	2	931	attn_gated-11	11	2048	0	3.667416e-02	3.188020e-02	0.0111996774,0.00645518256,0.00864079222,-0.00458597159	0.0109215807,0.00613334728,0.00858989824,-0.00421461649
p4	2	932	attn_output-11	11	1024	0	7.963321e-02	3.192468e-03	-0.0864105076,-0.000324540772,-0.00306666084,-0.0276822746	-0.0848210603,-0.000402550213,-0.00266518258,-0.0255522095
p4	2	933	attn_residual-11	11	1024	0	3.579462e-02	6.331932e-03	-0.507149041,0.02047427,0.0512103438,-0.039700985	-0.507444143,0.0210700929,0.0506524816,-0.0354445651
p4	2	934	attn_post_norm-11	11	1024	0	3.985690e-02	1.372515e-01	-7.45052719,0.426724017,1.01847744,-0.850096941	-7.44015694,0.438275903,1.00539541,-0.757459283
p4	2	935	ffn_out-11	11	1024	0	6.823883e-02	1.011416e-02	-0.191261679,0.00711782416,-0.0198731683,0.0399247035	-0.181147516,0.00713098608,-0.0206560083,0.0385687053
p4	2	936	l_out-11	11	1024	0	3.654701e-02	9.819090e-03	-0.698410749,0.0275920946,0.0313371755,0.000223718584	-0.688591659,0.028201079,0.0299964733,0.0031241402
p4	2	937	attn_norm-12	12	1024	0	3.975599e-02	2.025785e-01	-14.9838123,0.667881966,0.790271521,0.0060269949	-14.7812338,0.682996154,0.756875038,0.0842106044
p4	2	938	conv_output_silu-12	12	6144	0	2.061734e-02	5.961239e-02	0.0165292583,0.0857984051,0.00193813932,-0.0628496334	0.0172708333,0.0852407664,-0.00228702324,-0.0556767471
p4	2	939	q_conv_predelta-12	12	2048	0	2.756388e-02	2.168563e-02	0.00765481871,0.0397338606,0.000897566264,-0.0291061178	0.00803758483,0.039669767,-0.00106434617,-0.0259111188
p4	2	940	k_conv_predelta-12	12	2048	0	1.235608e-02	1.222260e-02	0.0269389041,-0.00693112705,0.00928566046,0.0185660124	0.0268150922,-0.00694276858,0.00929606799,0.0185699835
p4	2	941	v_conv_predelta-12	12	2048	0	5.853180e-03	1.714456e-02	-0.0202664584,0.012946046,0.00913448073,-0.0147927813	-0.0203110967,0.012875081,0.00913628936,-0.0148107009
p4	2	942	a_softplus-12	12	16	0	1.931558e-02	6.800860e-03	0.00201153965,0.105921522,0.00329368701,0.00484127225	0.00178106863,0.0991206616,0.00298423879,0.00498196203
p4	2	943	gate-12	12	16	0	1.050365e-02	4.013665e-03	-0.000405488769,-0.062511757,-0.000341769948,-0.00137625367	-0.00035903012,-0.058498092,-0.000309660012,-0.00141624827
p4	2	944	beta_sigmoid-12	12	16	0	8.196623e-03	1.237193e-02	0.785927534,0.943372607,0.416788667,0.422652572	0.776692033,0.943166077,0.413315147,0.420836091
p4	2	945	state_predelta-12	12	262144	29	1.586588e-04	2.573943e-04	-6.46196931e-05,-3.65318692e-06,-7.46387786e-06,-1.37063562e-05	-6.46257467e-05,-3.64157108e-06,-7.46765454e-06,-1.37027218e-05
p4	2	946	new_state-12	12	262144	1	3.604939e-03	1.042786e-02	-0.000456828275,9.72666094e-05,-0.000142661564,-0.000284024922	-0.000451495027,9.65311192e-05,-0.000141590135,-0.000281628512
p4	2	947	attn_output-12	12	2048	0	8.273416e-03	1.057506e-03	-6.19776911e-05,4.10973917e-05,2.44267867e-05,-4.10899738e-05	-6.18625709e-05,4.08174419e-05,2.43023878e-05,-4.09398453e-05
p4	2	948	z-12	12	2048	0	2.216357e-02	2.780991e-01	-0.59115392,-0.150652796,-0.541525126,-0.408674687	-0.578611255,-0.157064021,-0.512507915,-0.395875454
p4	2	949	final_output-12	12	2048	0	4.155052e-02	4.630914e-02	0.0101066325,-0.00232649501,-0.00312014087,0.00536685297	0.00995020848,-0.00239984272,-0.00299096573,0.00521783577
p4	2	950	linear_attn_out-12	12	1024	0	6.823377e-02	8.488625e-03	0.0803230405,-0.0104939239,0.0206487123,-0.00938664842	0.0718344152,-0.0113425488,0.0205404963,-0.00811166689
p4	2	951	attn_residual-12	12	1024	0	3.713165e-02	7.575650e-03	-0.618087709,0.0170981698,0.0519858897,-0.00916292984	-0.616757274,0.0168585293,0.0505369678,-0.00498752668
p4	2	952	attn_post_norm-12	12	1024	0	4.103983e-02	1.550325e-01	-8.44555092,0.361486316,1.00542474,-0.189827845	-8.42466545,0.35630542,0.977088213,-0.103293091
p4	2	953	ffn_out-12	12	1024	0	6.982208e-02	7.111423e-03	0.0715295821,-0.00958773866,-0.00342456624,0.0100697353	0.0786410049,-0.0110431686,-0.00202720612,0.0104593355
p4	2	954	l_out-12	12	1024	0	3.810757e-02	8.511439e-03	-0.546558142,0.00751043111,0.0485613234,0.000906805508	-0.538116276,0.0058153607,0.0485097617,0.00547180884
p4	2	955	attn_norm-13	13	1024	0	4.144287e-02	2.278366e-01	-11.6887207,0.182069153,1.19922042,0.024951892	-11.5251036,0.141184241,1.19970846,0.150785059
p4	2	956	conv_output_silu-13	13	6144	0	1.921261e-02	5.187941e-02	-0.105130233,-0.115855984,0.0191043187,-0.0323795937	-0.111972898,-0.115975365,0.0184387416,-0.0329444222
p4	2	957	q_conv_predelta-13	13	2048	0	2.861986e-02	2.016455e-02	-0.0583638735,-0.0643183589,0.0106059127,-0.0179757867	-0.0621337481,-0.0643547177,0.010231656,-0.0182808563
p4	2	958	k_conv_predelta-13	13	2048	0	1.676393e-02	1.228439e-02	-0.00490562851,0.019693749,-0.0833955184,-0.302124232	-0.00466397963,0.0197571442,-0.084152557,-0.303447038
p4	2	959	v_conv_predelta-13	13	2048	0	1.093075e-02	1.046044e-02	-0.00292080664,0.00279587414,0.00280566234,-0.00235394505	-0.00310732308,0.00269130524,0.00273014954,-0.00219715363
p4	2	960	a_softplus-13	13	16	0	1.085633e-02	1.537907e-02	0.102285787,0.403594464,0.980053723,0.110541806	0.0943442509,0.418092608,0.995432794,0.106879577
p4	2	961	gate-13	13	16	0	2.537940e-02	1.668727e-02	-0.0275298469,-0.464534402,-0.492801964,-0.0264619086	-0.0253924113,-0.481221676,-0.500535071,-0.0255852304
p4	2	962	beta_sigmoid-13	13	16	0	3.999759e-03	4.909217e-03	0.872726977,0.946857452,0.668776155,0.914213002	0.877596021,0.950127602,0.671608806,0.915697336
p4	2	963	state_predelta-13	13	262144	2	3.345925e-03	1.181340e-03	3.0004443e-05,-9.41060534e-06,-2.0328258e-05,4.19820281e-05	2.97573133e-05,-9.33373576e-06,-2.01283747e-05,4.19067146e-05
p4	2	964	new_state-13	13	262144	0	1.153785e-02	4.485821e-03	4.08341803e-05,-5.59021064e-05,0.000178179631,0.00075799413	4.09128988e-05,-5.95165948e-05,0.000195119355,0.000815201376
p4	2	965	attn_output-13	13	2048	0	1.674074e-02	4.794169e-05	-1.56770966e-05,8.6619275e-06,1.67140879e-05,-1.27712665e-05	-1.65292204e-05,8.7873741e-06,1.60021827e-05,-1.18564085e-05
p4	2	966	z-13	13	2048	0	2.575634e-02	2.355613e-01	-0.011212796,0.556319118,0.0989540964,0.722174108	0.033654511,0.546848416,0.0809569061,0.709157586
p4	2	967	final_output-13	13	2048	0	4.083120e-02	1.794446e-02	9.20579478e-05,0.00324986293,0.000915157667,-0.00639425125	-0.000297961611,0.00323030911,0.00071084511,-0.0058056172
p4	2	968	linear_attn_out-13	13	1024	0	4.702737e-02	2.530189e-03	-0.0758028924,-0.0175244808,0.0221194383,-0.00163601991	-0.0764056817,-0.0169538837,0.021526793,0.000447253231
p4	2	969	attn_residual-13	13	1024	0	3.757665e-02	8.837461e-03	-0.622361064,-0.0100140497,0.0706807598,-0.0007292144	-0.61452198,-0.011138523,0.0700365528,0.00591906207
p4	2	970	attn_post_norm-13	13	1024	0	4.041030e-02	1.795502e-01	-8.74206829,-0.212734967,1.38574612,-0.0142485034	-8.65184212,-0.237167999,1.37627923,0.115922108
p4	2	971	ffn_out-13	13	1024	0	6.814475e-02	7.605925e-03	0.0384963676,0.0245229304,0.0302531756,0.0350153893	0.0381784737,0.0233585015,0.0299135633,0.0327571854
p4	2	972	l_out-13	13	1024	0	3.878732e-02	7.937729e-03	-0.583864689,0.0145088807,0.100933939,0.0342861749	-0.576343536,0.0122199785,0.0999501199,0.038676247
p4	2	973	attn_norm-14	14	1024	0	4.061259e-02	1.951868e-01	-11.4661684,0.321674138,2.07702994,0.819130898	-11.3213654,0.27099666,2.05731177,0.924250901
p4	2	974	conv_output_silu-14	14	6144	0	1.792195e-02	6.778407e-02	0.18725732,0.0115184309,-0.16743733,-0.112737738	0.182247251,0.0106743593,-0.167912364,-0.119274028
p4	2	975	q_conv_predelta-14	14	2048	0	3.024792e-02	3.296378e-02	0.0548346676,0.00337294862,-0.0490307659,-0.0330130532	0.0540551804,0.00316605275,-0.0498034023,-0.0353771001
p4	2	976	k_conv_predelta-14	14	2048	0	2.473714e-02	1.828398e-02	-0.00133542519,-0.043479085,0.0147685567,-0.0163401086	-0.0013371422,-0.0440600924,0.0148855615,-0.0162511561
p4	2	977	v_conv_predelta-14	14	2048	0	9.504683e-03	1.314786e-02	-0.00040607003,0.013618106,0.0168217681,-0.015629366	-0.00054529513,0.0137726739,0.0169872474,-0.015751997
p4	2	978	a_softplus-14	14	16	0	2.645876e-02	2.435428e-02	0.117821924,0.0480806269,0.202856496,0.00173561077	0.12084768,0.0468636602,0.201849863,0.00169741013
p4	2	979	gate-14	14	16	0	2.574300e-02	9.763449e-03	-0.0370743126,-0.00803507864,-0.134867877,-0.00522221625	-0.0380264074,-0.00783170294,-0.134198636,-0.00510727568
p4	2	980	beta_sigmoid-14	14	16	0	4.834124e-03	7.488817e-03	0.565374494,0.440191776,0.90384531,0.756937325	0.571237147,0.432702959,0.900974929,0.758805275
p4	2	981	state_predelta-14	14	262144	1	1.250114e-02	2.610195e-02	1.8177243e-05,0.0003916313,-9.66797325e-06,3.76012531e-06	1.82008062e-05,0.000392237445,-9.70223482e-06,3.77932224e-06
p4	2	982	new_state-14	14	262144	1	1.636162e-02	2.498931e-02	1.83667162e-05,0.000405086175,-1.87278492e-05,1.40365428e-05	1.84877154e-05,0.000409433589,-2.00943869e-05,1.5379057e-05
p4	2	983	attn_output-14	14	2048	0	1.164976e-02	1.233788e-04	9.9034412e-07,1.12558319e-05,2.21310597e-06,3.47403193e-06	9.90281251e-07,1.13576043e-05,2.07703465e-06,3.75117816e-06
p4	2	984	z-14	14	2048	0	2.252870e-02	1.530749e-01	-1.27327323,-1.03229558,0.0758982301,0.692075133	-1.3466506,-0.972573519,0.0551499724,0.735630095
p4	2	985	final_output-14	14	2048	0	4.279024e-02	3.856764e-02	-0.000286853319,-0.00302009005,8.6723463e-05,0.00145058928	-0.000286247814,-0.0029984198,5.85336384e-05,0.00168839807
p4	2	986	linear_attn_out-14	14	1024	0	4.835806e-02	4.061328e-03	0.156393379,0.0148842111,0.0160435345,0.00126658566	0.153402314,0.0150611326,0.0179460049,-0.00279474258
p4	2	987	attn_residual-14	14	1024	0	3.788874e-02	8.397453e-03	-0.42747131,0.0293930918,0.116977476,0.0355527624	-0.422941208,0.0272811111,0.117896125,0.0358815044
p4	2	988	attn_post_norm-14	14	1024	0	3.823771e-02	1.588527e-01	-5.88912058,0.567919791,2.12088251,0.625544012	-5.81369448,0.525935531,2.13276291,0.6299178
p4	2	989	ffn_out-14	14	1024	0	5.604862e-02	5.952680e-03	0.1624524,-0.0946649015,-0.0192567762,-0.0196772646	0.161215514,-0.0940913484,-0.019416701,-0.0198858902
p4	2	990	l_out-14	14	1024	0	3.749118e-02	9.303592e-03	-0.26501891,-0.0652718097,0.0977206975,0.0158754978	-0.261725694,-0.0668102354,0.0984794199,0.0159956142
p4	2	991	attn_norm-15	15	1024	0	3.660078e-02	1.456757e-01	-3.49177742,-0.961220443,1.43594134,0.231955707	-3.4418776,-0.98201853,1.44435835,0.233269513
p4	2	992	attn_pregate-15	15	2048	0	5.009459e-02	1.685139e+00	-0.0314089395,0.0655925125,-0.0501714572,0.0967820212	-0.00649170578,0.0548708439,-0.0714193881,0.0881072506
p4	2	993	attn_gated-15	15	2048	0	3.140653e-02	3.021884e-02	-0.00178475783,0.00797235593,-0.000566755829,0.0236773044	-0.000357383338,0.00636766246,-0.000765849254,0.0211442225
p4	2	994	attn_output-15	15	1024	0	6.165187e-02	4.707912e-03	-0.168152869,0.00174214318,-0.0238927379,0.00865536183	-0.168140948,0.00370542333,-0.0218738839,0.0109340772
p4	2	995	attn_residual-15	15	1024	0	4.087845e-02	9.739473e-03	-0.433171779,-0.0635296702,0.0738279596,0.0245308597	-0.429866642,-0.0631048083,0.076605536,0.0269296914
p4	2	996	attn_post_norm-15	15	1024	0	4.172204e-02	1.574851e-01	-4.77176237,-1.10660303,1.22643209,0.378134608	-4.72916889,-1.09776688,1.27091122,0.414569616
p4	2	997	ffn_out-15	15	1024	0	6.119955e-02	1.163888e-02	-0.218314514,-0.00250424445,-0.0423772819,0.0601055548	-0.221838504,0.000658426434,-0.0408704765,0.0536689758
p4	2	998	l_out-15	15	1024	0	3.862121e-02	1.143251e-02	-0.651486278,-0.0660339147,0.0314506777,0.0846364126	-0.651705146,-0.0624463819,0.0357350595,0.0805986673
p4	2	999	attn_norm-16	16	1024	0	4.031233e-02	2.054996e-01	-8.73271275,-1.27307332,0.505050659,1.52268088	-8.71337128,-1.20083892,0.572388053,1.4463408
p4	2	1000	conv_output_silu-16	16	6144	0	1.721233e-02	6.108586e-02	-0.257070005,0.133789331,-0.128052205,-0.156325147	-0.256656528,0.126035422,-0.129084677,-0.158615589
p4	2	1001	q_conv_predelta-16	16	2048	0	2.373414e-02	1.890504e-02	-0.0193960294,0.0100944554,-0.00966158696,-0.0117947916	-0.0194330756,0.0095429318,-0.00977380946,-0.0120097809
p4	2	1002	k_conv_predelta-16	16	2048	0	2.586872e-02	2.018282e-02	0.044448223,0.118444182,-0.047170803,-0.0965851471	0.0445915088,0.116210639,-0.0470206551,-0.0957954302
p4	2	1003	v_conv_predelta-16	16	2048	0	1.676144e-02	5.940193e-02	-0.158634007,-0.0176261831,0.441918641,0.0923589543	-0.158236668,-0.0170396343,0.442462832,0.0921153948
p4	2	1004	a_softplus-16	16	16	0	1.357180e-02	1.144025e-02	0.00145782018,0.180394515,0.00734012946,0.245699793	0.00143317948,0.179194018,0.00735172629,0.238297999
p4	2	1005	gate-16	16	16	0	8.496178e-03	3.841579e-03	-0.000296174141,-0.0731712431,-0.000876653474,-0.0531363077	-0.000291168079,-0.0726843029,-0.000878038525,-0.051535558
p4	2	1006	beta_sigmoid-16	16	16	0	5.464159e-03	1.012039e-02	0.805077136,0.887800813,0.783681571,0.782883763	0.801176727,0.887259305,0.781990469,0.779295564
p4	2	1007	state_predelta-16	16	262144	1	1.091012e-02	2.046186e-02	-0.0145352287,0.00769840926,-0.00240373937,0.00255917106	-0.0146393599,0.00775308907,-0.00242251018,0.0025995092
p4	2	1008	new_state-16	16	262144	0	1.378657e-02	2.320028e-02	-0.0168244801,0.0015843343,3.10160685e-05,0.00754226837	-0.0168786179,0.00190396141,-5.60688786e-05,0.00741847884
p4	2	1009	attn_output-16	16	2048	0	1.649633e-02	1.861103e-03	-0.00156013819,-0.000101508107,0.00439517479,0.000678808836	-0.00152157084,-9.4605246e-05,0.00430116244,0.00066021207
p4	2	1010	z-16	16	2048	0	2.406009e-02	1.417718e-01	0.117566749,0.255422056,0.194048524,0.335650623	0.0916424245,0.281443059,0.219775319,0.35923788
p4	2	1011	final_output-16	16	2048	0	3.410620e-02	4.842776e-02	-0.0347917974,-0.00541523146,0.193549022,0.0483615436	-0.0266329292,-0.00573318964,0.22121571,0.0518212505
p4	2	1012	linear_attn_out-16	16	1024	0	5.232696e-02	9.496083e-03	-0.116830692,-0.00285965577,-0.0359233655,0.0260574073	-0.112997502,-0.00151104853,-0.0363892429,0.0248684213
p4	2	1013	attn_residual-16	16	1024	0	3.839579e-02	1.518706e-02	-0.768316984,-0.0688935667,-0.00447268784,0.11069382	-0.764702678,-0.0639574304,-0.000654183328,0.105467089
p4	2	1014	attn_post_norm-16	16	1024	0	4.040862e-02	1.977787e-01	-6.34453297,-0.957866848,-0.0608688407,1.25862157	-6.31346035,-0.889064193,-0.0089010559,1.19895911
p4	2	1015	ffn_out-16	16	1024	0	4.994143e-02	1.322362e-02	0.0906277895,-0.0317195505,0.108013719,-0.0184072256	0.0790412426,-0.0361490548,0.109532699,-0.0221353769
p4	2	1016	l_out-16	16	1024	0	3.747121e-02	1.469408e-02	-0.677689195,-0.100613117,0.103541031,0.0922865942	-0.685661435,-0.100106485,0.108878516,0.0833317116
p4	2	1017	attn_norm-17	17	1024	0	3.831275e-02	2.050767e-01	-7.3685708,-1.47075152,1.41491556,1.22777379	-7.45629311,-1.46354973,1.48806119,1.10879326
p4	2	1018	conv_output_silu-17	17	6144	0	1.384334e-02	1.681862e-01	-0.183725893,-0.135530204,-0.271109819,-0.0312607326	-0.181959033,-0.137688532,-0.270581216,-0.0298556183
p4	2	1019	q_conv_predelta-17	17	2048	0	2.185249e-02	1.315963e-02	-0.0296716504,-0.0218880679,-0.0437841155,-0.00504859444	-0.0296780113,-0.0224573705,-0.044132527,-0.00486953231
p4	2	1020	k_conv_predelta-17	17	2048	0	2.537794e-02	1.518746e-02	-0.0269460995,-0.0839269608,-0.00844116136,-0.0343623608	-0.0244464949,-0.0836792067,-0.00829211157,-0.0273144655
p4	2	1021	v_conv_predelta-17	17	2048	0	1.820525e-02	9.823632e-02	-0.27805689,-0.229758814,-0.0168499555,-0.209899157	-0.277835846,-0.232479826,-0.0145149082,-0.21242623
p4	2	1022	a_softplus-17	17	16	0	2.965310e-02	1.801059e-02	0.00214965385,0.00295428722,0.140294492,0.4304097	0.00224374165,0.00289889798,0.136789098,0.41569826
p4	2	1023	gate-17	17	16	0	2.885423e-02	5.124003e-03	-0.000506614102,-0.000764674507,-0.0354720019,-0.149912238	-0.000528788019,-0.000750337786,-0.0345856994,-0.144788235
p4	2	1024	beta_sigmoid-17	17	16	0	2.133447e-03	3.457427e-03	0.918038726,0.680204451,0.793744922,0.958940268	0.917208374,0.678731799,0.792802215,0.958810151
p4	2	1025	state_predelta-17	17	262144	0	1.304580e-02	3.017852e-02	-0.00324089639,0.0181409232,0.00676389271,0.00802294351	-0.0034505974,0.0183536708,0.00674413051,0.00785730407
p4	2	1026	new_state-17	17	262144	2	1.821687e-02	3.775196e-02	0.00101308851,0.031376183,0.00809255987,0.0134415785	0.000369872432,0.0314150155,0.00803582836,0.012119785
p4	2	1027	attn_output-17	17	2048	0	1.434665e-02	2.311081e-03	-0.000845873496,-0.000640196609,-3.54436343e-05,-0.000665540923	-0.000861648819,-0.000659801823,-3.03758461e-05,-0.000683698687
p4	2	1028	z-17	17	2048	0	2.457611e-02	1.505637e-01	0.570047498,0.219860822,-0.514260232,-1.13524842	0.567769289,0.218017191,-0.533082247,-1.18174171
p4	2	1029	final_output-17	17	2048	0	4.201955e-02	5.171883e-02	-0.163150176,-0.0457597561,0.00276724738,0.0958671644	-0.164644346,-0.0465158857,0.00241850549,0.098504439
p4	2	1030	linear_attn_out-17	17	1024	0	6.147059e-02	7.013112e-03	-0.10068132,0.00350487977,0.0369194075,-0.0292504411	-0.104372561,0.00477862731,0.0344192535,-0.0275543965
p4	2	1031	attn_residual-17	17	1024	0	3.851521e-02	1.487584e-02	-0.7783705,-0.0971082374,0.140460432,0.0630361512	-0.790033996,-0.0953278542,0.143297762,0.0557773151
p4	2	1032	attn_post_norm-17	17	1024	0	4.006340e-02	1.587195e-01	-4.9206748,-1.07658494,1.50252938,0.592841923	-4.99346972,-1.05664825,1.53259265,0.524475396
p4	2	1033	ffn_out-17	17	1024	0	5.556262e-02	9.641185e-03	0.212986931,0.0217025429,-0.0480871536,0.0155089488	0.206671163,0.0242586024,-0.0480346158,0.012634417
p4	2	1034	l_out-17	17	1024	0	3.884695e-02	1.797926e-02	-0.565383554,-0.0754056945,0.0923732817,0.078545101	-0.583362818,-0.0710692555,0.0952631459,0.0684117302
p4	2	1035	attn_norm-18	18	1024	0	3.869855e-02	2.028694e-01	-5.864501,-1.02920926,1.21337986,1.00327647	-6.04758406,-0.969475091,1.25063515,0.873348117
p4	2	1036	conv_output_silu-18	18	6144	0	1.686479e-02	9.780094e-02	-0.158320308,0.0121451374,-0.157668203,-0.277193427	-0.156485766,-0.00227067852,-0.163242757,-0.277607143
p4	2	1037	q_conv_predelta-18	18	2048	0	3.209863e-02	4.131371e-02	-0.0433090478,0.00332234288,-0.0431306623,-0.0758271813	-0.043410942,-0.000629912189,-0.0452854075,-0.0770113915
p4	2	1038	k_conv_predelta-18	18	2048	0	2.480105e-02	1.908768e-02	-0.0963767469,-0.104793742,-0.0266777743,0.0583896674	-0.0962135494,-0.105092175,-0.0284291785,0.0550389662
p4	2	1039	v_conv_predelta-18	18	2048	0	1.707476e-02	5.586505e-02	0.0837393552,-0.203468069,-0.00434926758,-0.180537939	0.0812616944,-0.197494254,-0.00595774082,-0.179620132
p4	2	1040	a_softplus-18	18	16	0	1.810959e-02	5.999279e-02	0.000565726426,3.1443162,0.0022816835,1.27555454	0.000550357043,3.10612988,0.00223184726,1.25402534
p4	2	1041	gate-18	18	16	0	2.187375e-02	1.947683e-02	-0.000235829852,-0.633835316,-0.000679754245,-0.343310863	-0.000229422949,-0.626137674,-0.0006649071,-0.337516338
p4	2	1042	beta_sigmoid-18	18	16	0	2.402807e-03	4.469514e-03	0.801172316,0.924152315,0.0992730558,0.935258448	0.800708473,0.925664246,0.0972686186,0.935483634
p4	2	1043	state_predelta-18	18	262144	1	1.386491e-02	4.249167e-02	-0.000448596431,-0.0108828992,-0.00828475133,-0.000740527874	-0.000471577514,-0.0108896112,-0.00829728041,-0.000737711962
p4	2	1044	new_state-18	18	262144	0	1.703833e-02	5.701995e-02	0.000462969707,-0.00988927111,-0.0080304984,-0.00129255978	0.000601554872,-0.00971506909,-0.00797831919,-0.00135136629
p4	2	1045	attn_output-18	18	2048	0	2.709319e-02	4.191741e-03	0.00466427393,-0.00723294029,-0.000465872727,-0.00684036966	0.00468949275,-0.00726198684,-0.000512873405,-0.00695730792
p4	2	1046	z-18	18	2048	0	2.473821e-02	1.870489e-01	-3.14824533,-0.532201409,-0.580797553,-0.323776245	-3.22359371,-0.537145495,-0.567386627,-0.305096388
p4	2	1047	final_output-18	18	2048	0	5.663211e-02	8.918482e-02	-0.0320558362,0.0883727819,0.00550074596,0.0501336269	-0.030135734,0.0876407623,0.00585773587,0.0476822518
p4	2	1048	linear_attn_out-18	18	1024	0	6.298087e-02	6.946364e-03	-0.420760721,0.0294807348,0.0182042159,-0.0465713926	-0.42687431,0.0284762271,0.0185916908,-0.0396824814
p4	2	1049	attn_residual-18	18	1024	0	3.993663e-02	2.409279e-02	-0.986144304,-0.0459249616,0.110577494,0.0319737084	-1.0102371,-0.0425930284,0.11385484,0.0287292488
p4	2	1050	attn_post_norm-18	18	1024	0	4.164213e-02	1.773979e-01	-6.65957594,-0.482065886,1.18000317,0.292391032	-6.82023573,-0.44695735,1.21461296,0.262642652
p4	2	1051	ffn_out-18	18	1024	0	4.859685e-02	9.717502e-03	-0.829962969,0.0339473225,0.0286975913,0.119641349	-0.827157617,0.0289948899,0.0265350211,0.118756749
p4	2	1052	l_out-18	18	1024	0	3.685045e-02	2.128744e-02	-1.81610727,-0.011977639,0.139275089,0.151615053	-1.83739471,-0.0135981385,0.14038986,0.147486001
p4	2	1053	attn_norm-19	19	1024	0	3.546911e-02	1.413923e-01	-11.762393,-0.0862826332,1.0340966,1.11308134	-11.8974285,-0.0979327783,1.04212499,1.08250976
p4	2	1054	attn_pregate-19	19	2048	0	1.839458e-02	8.663201e-02	-0.333137512,-0.372268617,-0.218195781,-0.131501794	-0.349445611,-0.380137652,-0.228447989,-0.142903045
p4	2	1055	attn_gated-19	19	2048	0	1.965758e-02	3.815985e-02	-0.00694091665,-0.0218462031,-0.00848646276,-0.00334807695	-0.00742623629,-0.0222346075,-0.00886040367,-0.00364944758
p4	2	1056	attn_output-19	19	1024	0	4.735275e-02	1.750678e-02	0.673494816,-0.00378252566,0.0164225399,-2.2649765e-06	0.655988038,-0.00541175902,0.0185188651,0.00659258664
p4	2	1057	attn_residual-19	19	1024	0	4.187024e-02	3.879428e-02	-1.14261246,-0.0157601647,0.155697629,0.151612788	-1.18140674,-0.0190098975,0.158908725,0.154078588
p4	2	1058	attn_post_norm-19	19	1024	0	4.307167e-02	2.574716e-01	-7.82451582,-0.15974699,1.44289875,1.16773307	-8.08198738,-0.19249168,1.47116661,1.18552375
p4	2	1059	ffn_out-19	19	1024	0	6.434049e-02	1.366493e-02	-0.292188704,0.00224122033,-0.0678165704,0.105522968	-0.28272751,-0.0014687553,-0.067974396,0.101085216
p4	2	1060	l_out-19	19	1024	0	4.249332e-02	2.933311e-02	-1.4348011,-0.0135189444,0.0878810585,0.257135749	-1.46413422,-0.0204786528,0.0909343287,0.255163789
p4	2	1061	attn_norm-20	20	1024	0	4.208388e-02	2.377765e-01	-10.8947887,-0.144204453,0.873598933,2.288908	-11.1147346,-0.218387812,0.903723896,2.27078533
p4	2	1062	conv_output_silu-20	20	6144	0	2.348171e-02	7.769191e-02	-0.178561196,0.0350067988,-0.173987508,0.193949625	-0.180406675,0.0421056524,-0.178011686,0.191592976
p4	2	1063	q_conv_predelta-20	20	2048	0	2.876926e-02	2.329731e-02	-0.0641743764,0.012581341,-0.0625305995,0.0697049275	-0.0653393939,0.0152497552,-0.0644719824,0.0693908259
p4	2	1064	k_conv_predelta-20	20	2048	0	2.869634e-02	2.185944e-02	-0.0817484334,-0.0310386214,-0.0300516989,-0.0542672165	-0.0835365504,-0.0316202864,-0.0301248096,-0.0563350096
p4	2	1065	v_conv_predelta-20	20	2048	0	2.145028e-02	5.645436e-02	0.0032701015,-0.0153684327,0.0509036109,0.0406811498	0.000252394879,-0.0157682616,0.0515414476,0.0392383412
p4	2	1066	a_softplus-20	20	16	0	1.863883e-02	3.971648e-02	0.00592321809,0.181699127,0.0140582519,0.76026392	0.00629738765,0.187297121,0.0146419285,0.746769786
p4	2	1067	gate-20	20	16	0	1.731165e-02	1.943201e-02	-0.0013216486,-0.0315745734,-0.00256019784,-0.217819273	-0.00140513713,-0.0325473584,-0.00266649318,-0.213953137
p4	2	1068	beta_sigmoid-20	20	16	0	3.078498e-03	7.310852e-03	0.921120942,0.971959949,0.87218219,0.96760267	0.918506742,0.971399188,0.870533347,0.967571199
p4	2	1069	state_predelta-20	20	262144	0	2.007880e-02	4.199981e-02	0.000277495943,0.000927595829,0.00148962007,0.000457509072	0.000276603969,0.000928847003,0.00149526051,0.000403873652
p4	2	1070	new_state-20	20	262144	1	2.153906e-02	5.833164e-02	-0.00171321887,0.000170666084,0.000755976886,-0.000864351867	-0.00152804959,0.000244591618,0.000842509908,-0.000813445891
p4	2	1071	attn_output-20	20	2048	0	1.633066e-02	1.560802e-03	-5.06228644e-05,-0.000685015926,0.00187285512,0.000978329917	-0.000159429837,-0.000686086481,0.00188543543,0.000901138876
p4	2	1072	z-20	20	2048	0	2.600275e-02	2.012725e-01	-0.731115937,-2.68452883,0.572075725,0.00885352492	-0.767642856,-2.63839626,0.559887171,0.00743144751
p4	2	1073	final_output-20	20	2048	0	4.165944e-02	8.467245e-02	0.00169556076,0.0175263472,0.0933543891,0.000552236277	0.00546110142,0.017985044,0.0914355218,0.000426014012
p4	2	1074	linear_attn_out-20	20	1024	0	6.843500e-02	1.231780e-02	-0.344452977,-0.0186563358,-0.0493179113,0.0500355661	-0.339714408,-0.0201251432,-0.0504196286,0.0499877185
p4	2	1075	attn_residual-20	20	1024	0	4.394586e-02	2.459455e-02	-1.77925408,-0.0321752802,0.0385631472,0.307171315	-1.80384862,-0.0406037942,0.0405147001,0.305151522
p4	2	1076	attn_post_norm-20	20	1024	0	4.637420e-02	1.985047e-01	-9.09474754,-0.288199008,0.349561155,2.16992283	-9.21731758,-0.363570452,0.367125958,2.15491915
p4	2	1077	ffn_out-20	20	1024	0	6.977908e-02	1.523999e-02	-0.126082137,-0.0365991481,-0.0259036943,0.0335515141	-0.126060292,-0.0375562571,-0.0263400823,0.0297379792
p4	2	1078	l_out-20	20	1024	0	4.791540e-02	2.971307e-02	-1.90533626,-0.0687744319,0.0126594529,0.340722829	-1.92990887,-0.0781600475,0.0141746178,0.334889501
p4	2	1079	attn_norm-21	21	1024	0	4.887391e-02	2.842981e-01	-12.3816395,-0.686186135,0.115228087,2.88510919	-12.5277472,-0.7789855,0.128879666,2.83264542
p4	2	1080	conv_output_silu-21	21	6144	0	2.341670e-02	1.693678e-01	-0.212749526,0.63354671,-0.27516818,-0.250099838	-0.212241098,0.612074077,-0.274739861,-0.242930353
p4	2	1081	q_conv_predelta-21	21	2048	0	3.109044e-02	2.583618e-02	-0.0553581677,0.164851055,-0.0715997145,-0.0650768429	-0.0554187745,0.15982011,-0.0717379749,-0.0634321198
p4	2	1082	k_conv_predelta-21	21	2048	0	3.753003e-02	3.366392e-02	-0.00267437403,0.0465406179,0.0167743992,0.00289345859	-0.00544961588,0.0509099886,0.0175440516,0.00617745938
p4	2	1083	v_conv_predelta-21	21	2048	0	3.756875e-02	1.693678e-01	0.0201799162,-0.0856925324,-0.0984350592,-0.0145923505	0.015048434,-0.0877629369,-0.0994965285,-0.0144061334
p4	2	1084	a_softplus-21	21	16	0	4.539994e-02	8.276117e-02	0.459413618,0.738572121,0.00384128466,0.269700885	0.454701006,0.731908441,0.00386265991,0.258078843
p4	2	1085	gate-21	21	16	0	4.227754e-02	1.579525e-02	-0.135802403,-0.191168696,-0.00143538322,-0.127896309	-0.134409353,-0.189443901,-0.00144337048,-0.122384951
p4	2	1086	beta_sigmoid-21	21	16	0	4.240628e-03	9.983838e-03	0.801975846,0.918049753,0.83482182,0.98197192	0.794607341,0.917744637,0.833405316,0.981002092
p4	2	1087	state_predelta-21	21	262144	0	3.009582e-02	4.258272e-02	0.00117180427,-9.77834861e-05,0.00291723665,-0.000655946205	0.00115282089,-0.000178122573,0.00308570778,-0.000660571503
p4	2	1088	new_state-21	21	262144	0	3.854823e-02	5.533192e-02	0.00100701733,0.000192818494,0.00264705648,-0.000555355975	0.00100340985,-0.000114399387,0.00271186442,-0.000572478864
p4	2	1089	attn_output-21	21	2048	0	3.260344e-02	3.664320e-03	0.000123454651,-0.00046162447,-0.000390437257,-8.0163627e-05	0.000102779391,-0.000465617224,-0.000412809197,-8.0423335e-05
p4	2	1090	z-21	21	2048	0	3.505834e-02	2.168550e-01	-0.839715242,0.210238338,-0.197909236,0.882265627	-0.707527876,0.238942891,-0.109104395,0.838322639
p4	2	1091	final_output-21	21	2048	0	8.420185e-02	3.204694e-01	-0.0236473046,-0.0334739238,0.023766797,-0.042421367	-0.018210778,-0.0389780849,0.0145734046,-0.0400297791
p4	2	1092	linear_attn_out-21	21	1024	0	9.675112e-02	1.703113e-02	0.0177391618,-0.0394026265,0.0112468023,0.0850604028	0.0336787701,-0.0383764058,0.00442643836,0.0766077936
p4	2	1093	attn_residual-21	21	1024	0	5.281386e-02	3.305081e-02	-1.88759708,-0.108177058,0.0239062551,0.425783217	-1.8962301,-0.116536453,0.0186010562,0.411497295
p4	2	1094	attn_post_norm-21	21	1024	0	5.516324e-02	2.584333e-01	-8.75546741,-0.867370903,0.189153165,2.69333363	-8.80034161,-0.934910297,0.14725773,2.60439634
p4	2	1095	ffn_out-21	21	1024	0	7.300550e-02	3.108148e-02	-0.115171105,0.0207687616,-0.0781398341,0.0901453421	-0.112314478,0.0134134181,-0.0603739545,0.0853393003
p4	2	1096	l_out-21	21	1024	0	5.415224e-02	3.797604e-02	-2.00276828,-0.0874082968,-0.0542335808,0.515928566	-2.00854468,-0.103123039,-0.0417728983,0.496836603
p4	2	1097	attn_norm-22	22	1024	0	5.447404e-02	2.682669e-01	-10.625103,-0.665274978,-0.379795939,3.60827661	-10.646637,-0.784210682,-0.292284101,3.47178149
p4	2	1098	conv_output_silu-22	22	6144	0	3.103421e-02	1.015809e-01	-0.239682272,-0.0886932313,0.0405592509,0.075236544	-0.244303584,-0.090287216,0.0395538285,0.0721919462
p4	2	1099	q_conv_predelta-22	22	2048	0	3.165369e-02	2.578687e-02	-0.0594965704,-0.0220164098,0.0100680636,0.0186760426	-0.0606297404,-0.0224069189,0.00981622282,0.0179161467
p4	2	1100	k_conv_predelta-22	22	2048	0	4.902317e-02	2.621610e-02	-0.0187776741,0.0294118151,-0.0427569598,0.0226224232	-0.0182614028,0.0290135164,-0.0499693863,0.0248887967
p4	2	1101	v_conv_predelta-22	22	2048	0	4.932889e-02	1.015809e-01	-0.00901905075,0.00827084668,0.000182548101,-0.00229629083	-0.00714784442,0.00775440829,-0.00234629866,-0.0012559779
p4	2	1102	a_softplus-22	22	16	0	2.529526e-02	1.086392e-01	0.687445521,0.66922909,3.39769077,0.0843455866	0.706779957,0.649836481,3.30847192,0.0851028413
p4	2	1103	gate-22	22	16	0	2.531490e-02	5.851126e-02	-0.127164632,-0.151676729,-2.22826004,-0.0158480667	-0.130741149,-0.147281513,-2.16974878,-0.0159903504
p4	2	1104	beta_sigmoid-22	22	16	0	6.002809e-03	1.096201e-02	0.919650137,0.943893254,0.961062133,0.882989228	0.922546864,0.939979255,0.961720407,0.879832387
p4	2	1105	state_predelta-22	22	262144	0	3.545664e-02	2.603485e-02	0.000262434536,-0.000108218759,0.00291193509,-0.000315490412	0.000253564096,-0.000105257997,0.00287066144,-0.000352026778
p4	2	1106	new_state-22	22	262144	0	4.595986e-02	3.522892e-02	0.000476289308,-0.000479345588,0.00312252296,-0.000573213154	0.000429059437,-0.000420555734,0.00308409519,-0.000590423355
p4	2	1107	attn_output-22	22	2048	0	2.269868e-02	6.169789e-04	1.25311681e-05,6.52442977e-05,2.50835838e-05,-1.6901824e-05	1.91711006e-05,6.06035828e-05,5.57852582e-06,-1.18225726e-05
p4	2	1108	z-22	22	2048	0	3.079586e-02	1.989312e-01	1.8245331,0.367562503,-3.20136285,0.146918982	1.84977365,0.46353364,-3.0472846,0.167466819
p4	2	1109	final_output-22	22	2048	0	6.858728e-02	1.738340e-01	0.0219129939,0.0142542645,-0.00329079945,-0.00125790189	0.0340846926,0.0173361152,-0.000806925353,-0.00101185241
p4	2	1110	linear_attn_out-22	22	1024	0	8.128906e-02	2.781298e-02	0.234855101,0.0269584991,0.0863086432,-0.00717773894	0.221859097,0.0301595069,0.0927750245,-0.0223700237
p4	2	1111	attn_residual-22	22	1024	0	5.638959e-02	4.266709e-02	-1.76791322,-0.0604497977,0.0320750624,0.508750856	-1.78668559,-0.0729635358,0.0510021262,0.474466592
p4	2	1112	attn_post_norm-22	22	1024	0	5.754294e-02	2.631223e-01	-7.93817711,-0.391610086,0.204090506,2.66149163	-8.00931168,-0.471902281,0.323989362,2.47806549
p4	2	1113	ffn_out-22	22	1024	0	6.926781e-02	5.910289e-02	-0.459934294,-0.0659925565,0.0343848467,-0.0999331772	-0.400831401,-0.0556912683,0.0354715735,-0.112482101
p4	2	1114	l_out-22	22	1024	0	5.793817e-02	4.935130e-02	-2.22784758,-0.126442358,0.0664599091,0.408817679	-2.18751693,-0.128654808,0.0864737034,0.361984491
p4	2	1115	attn_norm-23	23	1024	0	5.623291e-02	2.341259e-01	-9.18971729,-0.667836785,0.362725377,1.8212992	-9.03260803,-0.680219173,0.47244072,1.61430919
p4	2	1116	attn_pregate-23	23	2048	0	1.294949e-02	1.443604e-01	-6.1595974,0.287014127,-0.346431851,-0.0680830032	-6.14258957,0.271228462,-0.349866033,-0.0982806236
p4	2	1117	attn_gated-23	23	2048	0	4.020590e-02	2.549634e-01	-0.63594836,0.0214133523,-0.0248221103,-0.00527445972	-0.633069992,0.0205560122,-0.0251908582,-0.00736336876
p4	2	1118	attn_output-23	23	1024	0	6.236054e-02	9.859681e-02	0.704748988,0.132042468,0.00400836766,0.14824158	0.606152177,0.128744841,-3.83257866e-05,0.172035784
p4	2	1119	attn_residual-23	23	1024	0	6.550250e-02	5.826616e-02	-1.52309859,0.0056001097,0.0704682767,0.557059288	-1.58136475,9.00328159e-05,0.0864353776,0.534020305
p4	2	1120	attn_post_norm-23	23	1024	0	6.558985e-02	2.848821e-01	-6.74083662,0.0299602002,0.346852064,2.56489396	-6.98531389,0.000480747578,0.424629629,2.45410919
p4	2	1121	ffn_out-23	23	1024	0	8.934388e-02	1.438192e-01	1.42226779,0.438157439,-0.289768249,0.720436454	1.28394282,0.444667727,-0.269624829,0.864255607
p4	2	1122	l_out-23	23	1024	0	7.900507e-02	1.965911e-01	-0.100830793,0.443757534,-0.219299972,1.27749574	-0.297421932,0.44475776,-0.183189452,1.39827585
p4	2	1123	result_norm	-1	1024	0	7.416839e-02	2.052598e+00	-0.0806096122,5.97497082,-2.86664104,18.6342373	-0.235162154,5.9226265,-2.36829567,20.171854
p4	2	1124	result_output	-1	248320	0	1.007480e-01	1.308566e+00	9.08821678,5.07140589,8.78228188,3.49695897	9.53794289,5.25139141,8.79698563,3.58992362
p4	3	1125	model.input_embed	-1	1024	1024	0.000000e+00	0.000000e+00	0.0132803321,-0.00204312801,-0.0122587681,0.0255391002	0.0132803321,-0.00204312801,-0.0122587681,0.0255391002
p4	3	1126	attn_norm-0	0	1024	1024	0.000000e+00	0.000000e+00	1.5558511,-0.154977351,-1.10237288,2.61217475	1.5558511,-0.154977351,-1.10237288,2.61217475
p4	3	1127	conv_output_silu-0	0	6144	6144	0.000000e+00	0.000000e+00	-0.00173317746,0.0157731082,-0.0130554149,-0.0155840311	-0.00173317746,0.0157731082,-0.0130554149,-0.0155840311
p4	3	1128	q_conv_predelta-0	0	2048	2048	0.000000e+00	0.000000e+00	-0.00360168656,0.0327778235,-0.027130235,-0.0323849097	-0.00360168656,0.0327778235,-0.027130235,-0.0323849097
p4	3	1129	k_conv_predelta-0	0	2048	2048	0.000000e+00	0.000000e+00	-0.075024724,0.0650910065,0.00634285575,0.00972129125	-0.075024724,0.0650910065,0.00634285575,0.00972129125
p4	3	1130	v_conv_predelta-0	0	2048	2048	0.000000e+00	0.000000e+00	0.00743849762,-0.00143130473,-0.0149791995,0.0210651662	0.00743849762,-0.00143130473,-0.0149791995,0.0210651662
p4	3	1131	a_softplus-0	0	16	16	0.000000e+00	0.000000e+00	4.62693262,0.00961801503,0.0230633877,5.78750658	4.62693262,0.00961801503,0.0230633877,5.78750658
p4	3	1132	gate-0	0	16	16	0.000000e+00	0.000000e+00	-5.98769569,-0.00126160902,-0.00275452901,-3.28476572	-5.98769569,-0.00126160902,-0.00275452901,-3.28476572
p4	3	1133	beta_sigmoid-0	0	16	16	0.000000e+00	0.000000e+00	0.774540186,0.362739265,0.698212206,0.997367084	0.774540186,0.362739265,0.698212206,0.997367084
p4	3	1134	state_predelta-0	0	262144	262144	0.000000e+00	0.000000e+00	0.000270864082,0.000284769339,0.000593080942,-4.44501384e-05	0.000270864082,0.000284769339,0.000593080942,-4.44501384e-05
p4	3	1135	new_state-0	0	262144	262144	0.000000e+00	0.000000e+00	-0.000430970977,0.000375212199,3.79815792e-05,5.58193788e-05	-0.000430970977,0.000375212199,3.79815792e-05,5.58193788e-05
p4	3	1136	attn_output-0	0	2048	2048	0.000000e+00	0.000000e+00	1.10316932e-05,-2.1286296e-06,-2.23369243e-05,3.14337449e-05	1.10316932e-05,-2.1286296e-06,-2.23369243e-05,3.14337449e-05
p4	3	1137	z-0	0	2048	2048	0.000000e+00	0.000000e+00	0.388505101,-1.41854525,0.805943251,-0.0319661349	0.388505101,-1.41854525,0.805943251,-0.0319661349
p4	3	1138	final_output-0	0	2048	2048	0.000000e+00	0.000000e+00	0.00245561614,0.000581721193,-0.0115246484,-0.000456167822	0.00245561614,0.000581721193,-0.0115246484,-0.000456167822
p4	3	1139	linear_attn_out-0	0	1024	1024	0.000000e+00	0.000000e+00	-0.672615767,-0.0215012804,-0.0450527668,-0.0392424576	-0.672615767,-0.0215012804,-0.0450527668,-0.0392424576
p4	3	1140	attn_residual-0	0	1024	1024	0.000000e+00	0.000000e+00	-0.659335434,-0.0235444084,-0.0573115349,-0.0137033574	-0.659335434,-0.0235444084,-0.0573115349,-0.0137033574
p4	3	1141	attn_post_norm-0	0	1024	1024	0.000000e+00	0.000000e+00	-10.2213392,-0.669530809,-1.67702353,-0.392910004	-10.2213392,-0.669530809,-1.67702353,-0.392910004
p4	3	1142	ffn_out-0	0	1024	338	9.977795e-08	1.117587e-08	0.256292999,-0.0103787575,0.0220440775,0.021410279	0.256292999,-0.0103787528,0.0220440794,0.0214102734
p4	3	1143	l_out-0	0	1024	539	5.971569e-08	1.490116e-08	-0.403042436,-0.033923164,-0.0352674574,0.00770692155	-0.403042436,-0.0339231603,-0.0352674574,0.00770691596
p4	3	1144	attn_norm-1	1	1024	575	6.883990e-08	4.768372e-07	-11.6759176,-1.27340353,-1.26630604,0.296700478	-11.6759176,-1.27340341,-1.26630604,0.296700269
p4	3	1145	conv_output_silu-1	1	6144	1035	1.972162e-07	3.576279e-07	-0.00389524852,0.00450199842,-0.0183636937,-0.275922656	-0.00389524898,0.0045019961,-0.0183636863,-0.275922656
p4	3	1146	q_conv_predelta-1	1	2048	292	1.816441e-07	1.788139e-07	-0.00240004621,0.00277389353,-0.0113147376,-0.170008957	-0.00240004668,0.00277389213,-0.0113147339,-0.170008957
p4	3	1147	k_conv_predelta-1	1	2048	267	2.303341e-07	1.192093e-07	-0.0996762589,-0.0498878546,0.0287723411,0.00484109996	-0.0996762961,-0.0498877838,0.0287723411,0.00484109996
p4	3	1148	v_conv_predelta-1	1	2048	328	1.620885e-07	2.384186e-07	0.153323218,-0.0611149743,-0.000993433874,0.00798586849	0.153323203,-0.0611149743,-0.000993432361,0.00798586849
p4	3	1149	a_softplus-1	1	16	16	0.000000e+00	0.000000e+00	0.0268594995,0.572213709,1.06260955,0.582225502	0.0268594995,0.572213709,1.06260955,0.582225502
p4	3	1150	gate-1	1	16	16	0.000000e+00	0.000000e+00	-0.00481564272,-0.617201865,-1.21709871,-0.176186904	-0.00481564272,-0.617201865,-1.21709871,-0.176186904
p4	3	1151	beta_sigmoid-1	1	16	16	0.000000e+00	0.000000e+00	0.233194217,0.883247256,0.955107272,0.864252567	0.233194217,0.883247256,0.955107272,0.864252567
p4	3	1152	state_predelta-1	1	262144	22776	1.862866e-07	1.639128e-07	-0.00684722699,0.0644885376,0.0052401619,0.000843907939	-0.00684722699,0.0644885376,0.00524016144,0.000843907474
p4	3	1153	new_state-1	1	262144	21499	2.211014e-07	1.490116e-07	-0.0102653401,0.0624515004,0.00621114857,0.00100746308	-0.010265341,0.0624515042,0.00621114764,0.00100746262
p4	3	1154	attn_output-1	1	2048	185	2.399595e-07	3.725290e-09	0.00125787279,-0.000781866082,0.00015300719,2.46491327e-05	0.00125787279,-0.000781866198,0.000153007219,2.46491454e-05
p4	3	1155	z-1	1	2048	458	1.373409e-07	9.536743e-07	-4.77189922,-6.17483187,-1.64922643,0.0820682645	-4.77189875,-6.17483187,-1.6492269,0.0820679665
p4	3	1156	final_output-1	1	2048	129	3.355324e-07	3.129244e-07	-0.0422935858,0.00839890726,-0.0373467989,0.00106556178	-0.0422936007,0.00839890912,-0.0373468027,0.00106555817
p4	3	1157	linear_attn_out-1	1	1024	163	6.221327e-07	5.960464e-08	-0.106518567,0.0144725889,0.035366863,0.0194927156	-0.106518507,0.0144725814,0.0353668928,0.0194927007
p4	3	1158	attn_residual-1	1	1024	151	2.930065e-07	5.960464e-08	-0.509561002,-0.0194505751,9.94056463e-05,0.0271996371	-0.509560943,-0.0194505788,9.94354486e-05,0.0271996167
p4	3	1159	attn_post_norm-1	1	1024	172	3.191590e-07	1.728535e-06	-7.97492456,-0.479531914,0.00247582654,0.715205014	-7.97492313,-0.479531974,0.0024765688,0.715204537
p4	3	1160	ffn_out-1	1	1024	80	3.347991e-07	8.940697e-08	0.361533701,0.0479648598,-0.00157867279,-0.0171391033	0.361533791,0.0479648635,-0.00157868024,-0.0171390921
p4	3	1161	l_out-1	1	1024	102	3.719074e-07	1.490116e-07	-0.148027301,0.0285142846,-0.00147926714,0.0100605339	-0.148027152,0.0285142846,-0.00147924479,0.0100605246
p4	3	1162	attn_norm-2	2	1024	137	3.780604e-07	4.053116e-06	-3.96714807,0.936127841,-0.0468920358,0.334501565	-3.96714401,0.936127841,-0.0468913279,0.334501266
p4	3	1163	conv_output_silu-2	2	6144	925	2.445932e-07	5.066395e-07	0.0299309976,-0.00653864816,0.123462096,0.00180222327	0.0299310219,-0.00653864257,0.123462088,0.00180221815
p4	3	1164	q_conv_predelta-2	2	2048	265	2.946801e-07	2.086163e-07	0.0446793772,-0.00976054184,0.184297562,0.0026902617	0.0446794145,-0.00976053253,0.184297547,0.00269025401
p4	3	1165	k_conv_predelta-2	2	2048	340	2.725921e-07	2.086163e-07	-0.0930610374,0.00830275845,0.063160494,-0.252294272	-0.0930610597,0.00830274448,0.063160494,-0.252294332
p4	3	1166	v_conv_predelta-2	2	2048	315	2.227685e-07	2.980232e-07	-0.0136338416,0.0377703682,-0.0199777205,-0.0250044726	-0.0136338407,0.0377703533,-0.0199777242,-0.0250044707
p4	3	1167	a_softplus-2	2	16	16	0.000000e+00	0.000000e+00	1.27330816,0.622782946,0.15191327,0.987670958	1.27330816,0.622782946,0.15191327,0.987670958
p4	3	1168	gate-2	2	16	16	0.000000e+00	0.000000e+00	-1.14305925,-0.175663993,-0.0452576727,-0.64520514	-1.14305925,-0.175663993,-0.0452576727,-0.64520514
p4	3	1169	beta_sigmoid-2	2	16	16	0.000000e+00	0.000000e+00	0.932127655,0.616050482,0.751882315,0.84200418	0.932127655,0.616050482,0.751882315,0.84200418
p4	3	1170	state_predelta-2	2	262144	21151	2.153725e-07	1.490116e-07	-0.000723901379,-0.000167770035,0.000318320177,0.0014640427	-0.00072390103,-0.000167770108,0.000318320206,0.00146404188
p4	3	1171	new_state-2	2	262144	20243	2.319667e-07	1.490116e-07	0.000853388919,-0.000150222695,-0.000634351745,0.00340613001	0.000853389269,-0.00015022255,-0.000634351745,0.00340613048
p4	3	1172	attn_output-2	2	2048	206	1.708112e-07	1.490116e-08	-7.68495302e-05,0.000214572487,-9.23776461e-05,-0.000110428526	-7.68494938e-05,0.000214572312,-9.2377617e-05,-0.000110428453
p4	3	1173	z-2	2	2048	263	2.138433e-07	1.907349e-06	-1.05675101,0.464830399,1.01623011,0.908680975	-1.05675113,0.464830458,1.01623011,0.908680916
p4	3	1174	final_output-2	2	2048	118	3.545750e-07	4.768372e-07	0.0206558406,0.0392458029,-0.0607863478,-0.0674001798	0.0206558295,0.0392457768,-0.0607863255,-0.0674001202
p4	3	1175	linear_attn_out-2	2	1024	76	4.495148e-07	1.192093e-07	-0.530821264,-0.0243851244,-0.000345610082,0.0132676549	-0.530821145,-0.0243851133,-0.000345591456,0.0132676698
p4	3	1176	attn_residual-2	2	1024	85	4.055205e-07	2.980232e-07	-0.678848565,0.0041291602,-0.00182487722,0.0233281888	-0.678848267,0.00412917137,-0.00182483625,0.0233281944
p4	3	1177	attn_post_norm-2	2	1024	86	4.258392e-07	3.814697e-06	-9.8039093,0.0936561376,-0.0420163609,0.535430729	-9.80390549,0.0936563984,-0.0420154184,0.535430908
p4	3	1178	ffn_out-2	2	1024	39	5.355532e-07	2.384186e-07	0.678884625,-0.00423469068,-0.0101740193,0.0286044478	0.678884387,-0.00423467485,-0.0101740099,0.0286044329
p4	3	1179	l_out-2	2	1024	55	5.438593e-07	1.415610e-07	3.60608101e-05,-0.000105530489,-0.0119988965,0.0519326366	3.61204147e-05,-0.000105503481,-0.0119988462,0.0519326255
p4	3	1180	attn_norm-3	3	1024	79	5.009313e-07	3.337860e-06	0.000841443369,-0.00293966848,-0.302120537,1.37900591	0.000842834357,-0.00293891714,-0.302119344,1.37900591
p4	3	1181	attn_pregate-3	3	2048	147	5.093417e-07	1.966953e-06	0.136373267,-0.424735278,0.667899668,0.326454699	0.136373281,-0.424735218,0.667899609,0.326454639
p4	3	1182	attn_gated-3	3	2048	92	4.005037e-07	3.874302e-07	0.00816533994,-0.0775795802,0.0734150708,0.00817868579	0.00816533342,-0.0775795728,0.0734150782,0.00817868486
p4	3	1183	attn_output-3	3	1024	77	4.719104e-07	8.195639e-08	-0.0873893425,0.0422674716,-0.0310739502,-0.0269364007	-0.0873892605,0.042267479,-0.0310739614,-0.0269363932
p4	3	1184	attn_residual-3	3	1024	47	5.694668e-07	1.452863e-07	-0.0873532817,0.0421619415,-0.0430728458,0.024996236	-0.0873531401,0.0421619751,-0.0430728085,0.0249962322
p4	3	1185	attn_post_norm-3	3	1024	56	5.758225e-07	3.159046e-06	-1.26388359,0.913554966,-0.961344123,0.562731504	-1.26388168,0.913555861,-0.961343348,0.562731445
p4	3	1186	ffn_out-3	3	1024	0	5.270906e-03	8.350145e-04	0.00607848167,0.00239705294,-0.0373698026,0.01497648	0.00537026674,0.0025002975,-0.0375618264,0.0146113532
p4	3	1187	l_out-3	3	1024	0	3.522722e-03	8.350685e-04	-0.0812748,0.0445589945,-0.0804426521,0.0399727151	-0.0819828734,0.0446622744,-0.0806346387,0.0396075845
p4	3	1188	attn_norm-4	4	1024	0	3.535542e-03	2.309978e-02	-1.74835873,1.26425302,-2.12714076,1.16269588	-1.7636646,1.26723659,-2.13230705,1.15212369
p4	3	1189	conv_output_silu-4	4	6144	1	3.232851e-03	1.555347e-02	-0.143355682,0.0366021618,-0.0754430816,0.0769901499	-0.142678261,0.0363590159,-0.0758838654,0.0747843385
p4	3	1190	q_conv_predelta-4	4	2048	0	5.461366e-03	4.699647e-03	-0.0566071644,0.0144531736,-0.0297903698,0.0304012634	-0.0561477989,0.0143082673,-0.0298623778,0.0294296816
p4	3	1191	k_conv_predelta-4	4	2048	0	3.721003e-03	3.591612e-03	0.0253902748,0.198521227,0.03504619,-0.0155000603	0.025388876,0.198711425,0.0350819603,-0.0155108673
p4	3	1192	v_conv_predelta-4	4	2048	1	1.315080e-03	7.386208e-03	-0.0822538808,0.00498243701,0.0204917081,-0.0127181523	-0.0821877196,0.00498322723,0.0204799622,-0.0127149904
p4	3	1193	a_softplus-4	4	16	0	1.951711e-03	4.168272e-03	0.2338662,2.36748672,0.121898241,1.65845191	0.235436276,2.3655951,0.120987542,1.66262019
p4	3	1194	gate-4	4	16	0	1.883750e-03	4.745841e-03	-0.0974899307,-2.30025578,-0.0383569822,-0.870535553	-0.0981444418,-2.29841805,-0.0380704179,-0.87272352
p4	3	1195	beta_sigmoid-4	4	16	0	1.129691e-03	1.729727e-03	0.719025075,0.93453598,0.592011273,0.820545673	0.719105363,0.934568048,0.593235433,0.819921374
p4	3	1196	state_predelta-4	4	262144	19108	1.482164e-07	1.668930e-06	-0.00148247345,0.00521985255,0.00380419428,0.00037376309	-0.00148247264,0.00521984976,0.00380419428,0.000373763731
p4	3	1197	new_state-4	4	262144	15	4.253274e-04	1.974851e-03	-0.00351713784,-0.0122503107,0.000452307519,0.00166521617	-0.00351374783,-0.0122509785,0.000450291904,0.00166445936
p4	3	1198	attn_output-4	4	2048	0	8.176363e-04	3.291368e-04	-2.25730582e-05,1.64421508e-05,2.01844396e-05,2.29164266e-06	-2.34807594e-05,1.64934845e-05,2.02462707e-05,2.2243521e-06
p4	3	1199	z-4	4	2048	1	4.957514e-03	4.070282e-02	-3.05916238,-0.133056298,-1.4359045,1.14936244	-3.07107115,-0.129968122,-1.44242501,1.14769328
p4	3	1200	final_output-4	4	2048	0	9.137372e-03	5.044429e-03	0.00270291814,-0.00107252738,-0.00464539276,0.00188711437	0.0027904762,-0.00105258182,-0.00465593813,0.00182821369
p4	3	1201	linear_attn_out-4	4	1024	0	2.273256e-02	1.408463e-03	0.029854022,0.000698337331,-0.0127149411,-0.0190760419	0.0303084478,0.000205695629,-0.013398407,-0.0187558606
p4	3	1202	attn_residual-4	4	1024	0	8.023973e-03	1.572177e-03	-0.051420778,0.0452573299,-0.0931575894,0.0208966732	-0.0516744256,0.04486797,-0.0940330476,0.0208517238
p4	3	1203	attn_post_norm-4	4	1024	0	8.486948e-03	3.686339e-02	-0.77078259,0.991373301,-2.00691104,0.474013984	-0.774268925,0.982443571,-2.0249455,0.472801536
p4	3	1204	ffn_out-4	4	1024	0	2.924613e-02	5.095005e-03	-0.0944930762,0.0077316016,0.0342368037,0.00815490633	-0.0893980712,0.00667317212,0.0357715636,0.00840122625
p4	3	1205	l_out-4	4	1024	0	1.948983e-02	4.841357e-03	-0.145913854,0.0529889315,-0.0589207858,0.0290515795	-0.141072497,0.0515411422,-0.0582614839,0.0292529501
p4	3	1206	attn_norm-5	5	1024	0	1.954477e-02	1.091270e-01	-3.05793524,1.49551284,-1.5466094,0.858161032	-2.94880819,1.45087993,-1.52533805,0.861868739
p4	3	1207	conv_output_silu-5	5	6144	0	1.132423e-02	3.812611e-02	0.519956589,-0.0723773986,0.0149008343,-0.234413236	0.514002085,-0.0764810219,0.0144796213,-0.232146904
p4	3	1208	q_conv_predelta-5	5	2048	0	1.523656e-02	2.186364e-02	0.296048969,-0.0412096977,0.00848412514,-0.133468449	0.294071525,-0.0437564217,0.00828410033,-0.132816181
p4	3	1209	k_conv_predelta-5	5	2048	0	1.221333e-02	1.279774e-02	-0.00961288344,0.00262597157,-0.0596308075,0.00399572449	-0.0096043516,0.00268549053,-0.059281081,0.00406482024
p4	3	1210	v_conv_predelta-5	5	2048	0	5.049904e-03	1.680160e-02	0.00580879254,-0.01092254,-0.00688434392,-0.00643718941	0.00574000319,-0.0109655121,-0.00712048728,-0.0064298925
p4	3	1211	a_softplus-5	5	16	0	1.387602e-02	1.191288e-02	0.084052451,0.0286183152,0.150635526,0.0106210914	0.0862628073,0.0286505185,0.151129246,0.0108040152
p4	3	1212	gate-5	5	16	0	1.508944e-02	1.036918e-02	-0.0641940013,-0.0034717957,-0.0383853428,-0.00444485852	-0.0658821389,-0.00347570237,-0.0385111533,-0.00452141091
p4	3	1213	beta_sigmoid-5	5	16	0	3.946481e-03	5.426645e-03	0.390759051,0.5846591,0.852390885,0.660683751	0.385885358,0.585551977,0.849513531,0.660505056
p4	3	1214	state_predelta-5	5	262144	67	1.829250e-04	2.842844e-04	0.000586853654,0.000148288018,0.0135974139,-0.00235938886	0.000586934097,0.000148156279,0.0135989813,-0.00235907873
p4	3	1215	new_state-5	5	262144	3	3.309491e-03	8.420927e-03	0.000500674942,0.000152641835,0.0124437306,-0.00219203485	0.000502016337,0.000151990331,0.0124387695,-0.00218856521
p4	3	1216	attn_output-5	5	2048	0	5.815836e-03	2.642944e-04	-0.000127844571,-4.48977589e-05,4.49968575e-05,1.12428324e-05	-0.000126565166,-4.43170611e-05,4.44031175e-05,1.13207952e-05
p4	3	1217	z-5	5	2048	0	1.535847e-02	1.071005e-01	1.89564037,0.954654038,0.756935716,1.35907102	1.87987816,0.959518909,0.775157273,1.34729552
p4	3	1218	final_output-5	5	2048	0	2.304329e-02	2.697521e-02	-0.199251994,-0.0281966422,0.0223759878,0.011614738	-0.195255131,-0.0280176513,0.0227483474,0.0115684578
p4	3	1219	linear_attn_out-5	5	1024	0	3.914676e-02	3.029022e-03	-0.147970825,-0.0201471001,0.0204322245,0.0100272484	-0.146198481,-0.0202159043,0.0205000006,0.0113908853
p4	3	1220	attn_residual-5	5	1024	0	2.321394e-02	6.613731e-03	-0.293884695,0.0328418314,-0.0384885594,0.0390788279	-0.287270963,0.031325236,-0.0377614833,0.0406438336
p4	3	1221	attn_post_norm-5	5	1024	0	2.475331e-02	1.159612e-01	-3.97254848,0.667309403,-0.742810547,0.835547864	-3.87671804,0.635440052,-0.727571607,0.86757046
p4	3	1222	ffn_out-5	5	1024	0	4.465191e-02	5.027689e-03	-0.0928582773,-0.0279314592,0.0050880136,-0.0137947854	-0.0936257839,-0.0297954977,0.00357211404,-0.0116052879
p4	3	1223	l_out-5	5	1024	0	3.017759e-02	6.936526e-03	-0.386742979,0.0049103722,-0.0334005468,0.0252840426	-0.380896747,0.00152973831,-0.0341893695,0.0290385447
p4	3	1224	attn_norm-6	6	1024	0	3.116013e-02	1.737564e-01	-7.45117521,0.122589901,-0.806257665,0.668667138	-7.31947231,0.0380914584,-0.823154807,0.76596427
p4	3	1225	conv_output_silu-6	6	6144	0	2.341854e-02	9.145403e-02	-0.0287112631,-0.00586638646,0.000839619839,-0.22000286	-0.0230010338,-0.0155649213,0.000941361999,-0.217305288
p4	3	1226	q_conv_predelta-6	6	2048	0	2.442861e-02	2.401024e-02	-0.01090826,-0.00222881394,0.000318996463,-0.083585605	-0.00860793237,-0.00582503295,0.000352296309,-0.0813245624
p4	3	1227	k_conv_predelta-6	6	2048	0	2.077911e-02	1.618981e-02	-0.0162797235,-0.000572482648,0.166362569,0.0405304544	-0.0161855482,-0.001522262,0.164573476,0.0409053564
p4	3	1228	v_conv_predelta-6	6	2048	0	1.242076e-02	7.530689e-03	-0.00175156258,-0.000727265025,-0.000854038983,0.00172718451	-0.00214964175,-0.000798589434,-0.000836086518,0.00183391315
p4	3	1229	a_softplus-6	6	16	0	2.284031e-02	3.519821e-02	0.460044265,0.127194613,0.494532168,0.0634104013	0.495242476,0.13198252,0.521883667,0.0667167231
p4	3	1230	gate-6	6	16	0	2.514570e-02	1.564842e-02	-0.0837802812,-0.0945230052,-0.150823802,-0.0351556093	-0.090190351,-0.0980810821,-0.159165531,-0.0369886793
p4	3	1231	beta_sigmoid-6	6	16	0	6.860568e-03	8.754551e-03	0.753421605,0.46912694,0.638049126,0.520264208	0.755947173,0.463624895,0.639423668,0.517259419
p4	3	1232	state_predelta-6	6	262144	10	2.538414e-03	2.399400e-03	0.000141244222,-6.70703594e-05,0.000246244599,-0.000414165319	0.000141408236,-6.64982872e-05,0.000246860553,-0.000415239076
p4	3	1233	new_state-6	6	262144	0	6.878891e-03	5.919173e-03	0.00011742919,-6.21184226e-05,0.000353821262,-0.000349850248	0.000122051817,-6.14367818e-05,0.000298382947,-0.000361329905
p4	3	1234	attn_output-6	6	2048	0	1.064824e-02	1.639370e-04	-2.52864102e-05,2.48349479e-05,-1.06948864e-05,-3.60027684e-06	-2.60091601e-05,2.447316e-05,-1.06054113e-05,-3.34884498e-06
p4	3	1235	z-6	6	2048	0	1.810383e-02	1.264771e-01	0.148541912,1.31328046,0.600165248,0.286361575	0.15987201,1.31700075,0.596381962,0.289773762
p4	3	1236	final_output-6	6	2048	0	3.680903e-02	5.885330e-02	-0.00169065257,0.0247538332,-0.00394558022,-0.000604210712	-0.00188125414,0.0244793147,-0.00388233014,-0.000569490367
p4	3	1237	linear_attn_out-6	6	1024	0	3.899179e-02	3.521520e-03	-0.0154235214,0.00780499354,-0.0151779801,0.0156489145	-0.0151101947,0.00785303861,-0.0141742993,0.0147032384
p4	3	1238	attn_residual-6	6	1024	0	2.898108e-02	6.159544e-03	-0.402166486,0.0127153657,-0.0485785268,0.0409329571	-0.396006942,0.00938277692,-0.0483636707,0.043741785
p4	3	1239	attn_post_norm-6	6	1024	0	3.050051e-02	1.133852e-01	-6.07451725,0.235264763,-0.887276232,0.774865329	-5.97452736,0.173402071,-0.882325053,0.82707423
p4	3	1240	ffn_out-6	6	1024	0	5.138257e-02	5.040057e-03	0.0170332789,0.0424744934,-0.0196299572,0.0453511067	0.0124640688,0.041896157,-0.0196931902,0.0480698496
p4	3	1241	l_out-6	6	1024	0	3.274806e-02	7.275708e-03	-0.385133207,0.0551898591,-0.0682084858,0.0862840638	-0.383542866,0.0512789339,-0.0680568591,0.0918116346
p4	3	1242	attn_norm-7	7	1024	0	3.179506e-02	1.328231e-01	-6.34149027,0.965682864,-1.23248529,1.81116986	-6.30119658,0.895247221,-1.22699845,1.92289281
p4	3	1243	attn_pregate-7	7	2048	0	2.523281e-02	1.369228e-01	0.0329504199,-0.0795913786,0.787916243,-0.275401443	0.0277788416,-0.0678207427,0.788051307,-0.283441901
p4	3	1244	attn_gated-7	7	2048	0	3.415454e-02	1.710619e-02	0.00439241715,-0.0146544985,0.0446171239,-0.0217335355	0.00378921442,-0.012263732,0.0425592028,-0.0225347914
p4	3	1245	attn_output-7	7	1024	0	5.119889e-02	5.299650e-03	-0.0336334333,-0.0122967605,0.0161797125,-0.0532872304	-0.0327379778,-0.0129357064,0.0164585467,-0.0530749746
p4	3	1246	attn_residual-7	7	1024	0	3.670764e-02	7.205443e-03	-0.418766648,0.0428930968,-0.0520287752,0.0329968333	-0.416280836,0.0383432284,-0.0515983105,0.03873666
p4	3	1247	attn_post_norm-7	7	1024	0	3.994528e-02	1.399474e-01	-5.17738771,0.7722404,-0.903248847,0.618143022	-5.14314079,0.689853907,-0.895164132,0.725174069
p4	3	1248	ffn_out-7	7	1024	0	6.390402e-02	1.141093e-02	-0.0543759912,0.0130198095,0.0417966545,-0.0422114991	-0.0429650582,0.0142608574,0.0426277444,-0.0462080352
p4	3	1249	l_out-7	7	1024	0	4.057450e-02	1.389673e-02	-0.473142624,0.0559129044,-0.0102321208,-0.00921466574	-0.45924589,0.0526040867,-0.00897056609,-0.00747137517
p4	3	1250	attn_norm-8	8	1024	0	4.353945e-02	2.882900e-01	-9.45312119,1.3215462,-0.219463721,-0.234040439	-9.16483116,1.2418977,-0.192182124,-0.189543068
p4	3	1251	conv_output_silu-8	8	6144	0	2.592531e-02	5.551386e-02	-0.00854395982,0.00233012857,-0.161164075,-0.0645563528	-0.00689161848,0.00235199044,-0.162835062,-0.0657361001
p4	3	1252	q_conv_predelta-8	8	2048	0	3.157116e-02	2.480546e-02	-0.00708136009,0.00193124474,-0.133575156,-0.053505253	-0.00580061972,0.0019796514,-0.137056962,-0.0553295426
p4	3	1253	k_conv_predelta-8	8	2048	0	3.108681e-02	2.478696e-02	-0.0215913169,0.158850253,0.073610194,-0.0182679631	-0.0228930563,0.150164843,0.0738358423,-0.0177066289
p4	3	1254	v_conv_predelta-8	8	2048	0	1.663963e-02	1.754314e-02	-0.183358505,-0.0238138847,-0.0171886757,0.0166835003	-0.184841201,-0.0233739857,-0.0178726651,0.0170596149
p4	3	1255	a_softplus-8	8	16	0	4.118189e-02	4.182041e-02	0.194626063,0.0626490712,0.0149371037,0.0249569081	0.198318794,0.0660626963,0.0160256661,0.0275180992
p4	3	1256	gate-8	8	16	0	3.302351e-02	1.032890e-02	-0.06832017,-0.0178095773,-0.00445002969,-0.00376792951	-0.0696164444,-0.0187799856,-0.00477433205,-0.00415461138
p4	3	1257	beta_sigmoid-8	8	16	0	1.055029e-02	1.193821e-02	0.732733369,0.272603393,0.264939576,0.318679214	0.735922754,0.277884632,0.274877429,0.319865912
p4	3	1258	state_predelta-8	8	262144	0	1.585350e-02	7.423711e-02	0.00140919338,-0.0124742277,-0.001178951,-0.00181387074	0.00148516858,-0.0124664493,-0.00118983584,-0.00180736999
p4	3	1259	new_state-8	8	262144	0	1.651937e-02	7.447457e-02	0.00365494587,-0.0288574155,-0.00907469541,0.000284736161	0.00390671613,-0.0281671323,-0.00924204104,0.000264366623
p4	3	1260	attn_output-8	8	2048	0	1.645304e-02	1.455821e-03	-0.000558504486,-6.10808493e-05,-5.48243952e-05,9.3171584e-05	-0.000571792771,-6.03892404e-05,-5.53096615e-05,9.24648848e-05
p4	3	1261	z-8	8	2048	0	2.019962e-02	1.761558e-01	-0.197495744,0.386555701,0.218177438,0.281128287	-0.193129659,0.36796391,0.182789952,0.287913382
p4	3	1262	final_output-8	8	2048	0	5.422241e-02	3.569782e-02	0.0455293246,-0.00910009444,-0.00660483865,0.0112081561	0.0456782207,-0.00849734712,-0.00549274823,0.0114215314
p4	3	1263	linear_attn_out-8	8	1024	0	6.866960e-02	4.634624e-03	-0.123315781,-0.022431897,-0.00954003725,0.020242244	-0.126313865,-0.0213164743,-0.0107936375,0.0171119962
p4	3	1264	attn_residual-8	8	1024	0	4.051034e-02	1.089871e-02	-0.596458435,0.0334810093,-0.0197721571,0.0110275783	-0.585559726,0.0312876105,-0.0197642036,0.00964062102
p4	3	1265	attn_post_norm-8	8	1024	0	4.548619e-02	1.654550e-01	-7.38414621,0.601125419,-0.342818767,0.217111692	-7.24422359,0.561357379,-0.342444658,0.189674333
p4	3	1266	ffn_out-8	8	1024	0	7.761437e-02	1.422406e-02	-0.134438708,-0.0352751538,0.0126882186,0.00708177593	-0.120214649,-0.0374905169,0.0157930497,0.00738874637
p4	3	1267	l_out-8	8	1024	0	4.173016e-02	2.512276e-02	-0.730897129,-0.00179414451,-0.00708393846,0.0181093551	-0.705774367,-0.00620290637,-0.00397115387,0.0170293674
p4	3	1268	attn_norm-9	9	1024	0	4.461938e-02	4.194393e-01	-12.6938343,-0.0379015878,-0.147412419,0.452899694	-12.274395,-0.131217837,-0.0827510729,0.426476628
p4	3	1269	conv_output_silu-9	9	6144	0	3.009845e-02	9.042192e-02	-0.0267589986,-0.229154676,-0.241708457,0.0928821787	-0.0264432952,-0.228410289,-0.243953735,0.0930626914
p4	3	1270	q_conv_predelta-9	9	2048	0	3.082590e-02	2.076659e-02	-0.0160645954,-0.137571573,-0.145108148,0.055761233	-0.015772609,-0.136239693,-0.145510882,0.0555090271
p4	3	1271	k_conv_predelta-9	9	2048	0	3.085063e-02	1.978454e-02	-0.0213594735,0.00237161689,-0.114991911,-0.0208196957	-0.0218025669,0.00240498618,-0.116831042,-0.0185418744
p4	3	1272	v_conv_predelta-9	9	2048	0	1.739949e-02	2.968955e-02	-0.000899735955,0.0396505743,0.00641453592,-0.00364806014	-8.71632728e-05,0.039474763,0.006457082,-0.00369156268
p4	3	1273	a_softplus-9	9	16	0	2.121164e-02	3.651851e-02	0.00761061208,0.0181835592,0.113639541,0.21298942	0.00796842203,0.0187456459,0.120967999,0.233962238
p4	3	1274	gate-9	9	16	0	4.496670e-02	1.087952e-02	-0.00308700046,-0.00248017814,-0.0386639088,-0.0393990837	-0.00323213451,-0.00255684485,-0.0411572903,-0.0432786644
p4	3	1275	beta_sigmoid-9	9	16	0	1.320654e-02	1.119936e-02	0.578285217,0.15076156,0.380839467,0.298632979	0.569080412,0.153837934,0.377462059,0.306934059
p4	3	1276	state_predelta-9	9	262144	0	7.974058e-03	1.048913e-02	-0.000356518314,-0.000497687724,0.00037684181,8.53039674e-05	-0.000360588776,-0.000498838723,0.000370759954,8.50967626e-05
p4	3	1277	new_state-9	9	262144	1	1.245129e-02	1.825703e-02	-0.000372945506,-0.000494207721,0.000281326124,6.79578807e-05	-0.000386517262,-0.00049424055,0.00022438803,6.17818296e-05
p4	3	1278	attn_output-9	9	2048	0	1.696119e-02	7.241499e-05	4.52660061e-06,0.000139688796,5.05200369e-05,-8.26113537e-05	6.71770067e-06,0.000133511232,4.97204128e-05,-8.24237723e-05
p4	3	1279	z-9	9	2048	0	2.227459e-02	1.898365e-01	0.263531953,-0.235569835,1.20936811,0.692186296	0.240292758,-0.246011287,1.20458102,0.701604426
p4	3	1280	final_output-9	9	2048	0	5.094470e-02	1.410180e-02	0.000731351727,-0.014941006,0.0500814542,-0.0374062024	0.000979860313,-0.0148295686,0.0490504391,-0.037956126
p4	3	1281	linear_attn_out-9	9	1024	0	7.165351e-02	3.544353e-03	0.00901418552,-0.000307232724,0.00770410802,-0.00421001576	0.00880541839,-1.02330232e-05,0.0086011393,-0.00638457295
p4	3	1282	attn_residual-9	9	1024	0	4.359534e-02	2.491397e-02	-0.721882939,-0.00210137712,0.000620169565,0.0138993394	-0.696968973,-0.00621313928,0.00462998543,0.0106447944
p4	3	1283	attn_post_norm-9	9	1024	0	4.831836e-02	2.890644e-01	-8.702075,-0.0354772061,0.0101093054,0.265381813	-8.4130106,-0.105036072,0.0755740032,0.203514919
p4	3	1284	ffn_out-9	9	1024	0	8.626850e-02	6.463774e-03	-0.0267636105,0.00398166291,-0.00295837759,-0.0367748812	-0.022614643,0.00461742468,-0.00212699687,-0.0413307287
p4	3	1285	l_out-9	9	1024	0	4.439744e-02	2.906293e-02	-0.748646557,0.0018802858,-0.00233820803,-0.0228755418	-0.719583631,-0.0015957146,0.00250298856,-0.0306859352
p4	3	1286	attn_norm-10	10	1024	0	4.687422e-02	5.426149e-01	-13.9943886,0.0366198868,-0.0486863889,-0.5135625	-13.4517736,-0.0310791787,0.0521200038,-0.688941658
p4	3	1287	conv_output_silu-10	10	6144	0	2.177519e-02	6.606281e-02	0.00873577036,-0.0062705907,0.00385468733,-0.0265601855	0.00878709462,-0.00617431197,0.00405051326,-0.0256991945
p4	3	1288	q_conv_predelta-10	10	2048	0	2.856055e-02	2.794498e-02	0.0229762811,-0.0164925177,0.0101383599,-0.0698569492	0.0231864266,-0.0162921026,0.0106880534,-0.0678122342
p4	3	1289	k_conv_predelta-10	10	2048	0	3.867146e-02	3.371769e-02	-0.0624434538,-0.0673733354,0.144851446,0.0216088593	-0.0641966164,-0.0642918423,0.147199914,0.0216323007
p4	3	1290	v_conv_predelta-10	10	2048	0	3.866484e-02	1.247349e-02	0.00482540252,0.0188953262,-0.00724295899,0.0105802165	0.00429967232,0.0190616027,-0.00651066331,0.0107899429
p4	3	1291	a_softplus-10	10	16	0	1.362002e-02	2.207324e-02	0.188942179,0.00314788753,3.50547361,0.233615756	0.208800927,0.00330283586,3.49808288,0.252807647
p4	3	1292	gate-10	10	16	0	1.744602e-02	1.519652e-02	-0.144584328,-0.0182569176,-1.08594501,-0.0478341654	-0.159780845,-0.0191555768,-1.08365548,-0.0517638177
p4	3	1293	beta_sigmoid-10	10	16	0	1.089694e-02	1.628706e-02	0.747367501,0.32730642,0.941047668,0.531429648	0.755364478,0.323472023,0.939932406,0.529263794
p4	3	1294	state_predelta-10	10	262144	2	9.211795e-03	2.542891e-03	-0.00074633176,0.00178958266,0.00312066101,0.000363417348	-0.000748569029,0.00180759281,0.00318168267,0.000364275154
p4	3	1295	new_state-10	10	262144	2	2.165453e-02	7.305130e-03	-0.000551647216,0.0016503256,0.00248201168,0.00028189132	-0.000519277528,0.00165959343,0.00243955525,0.000270467455
p4	3	1296	attn_output-10	10	2048	0	2.789505e-02	1.511981e-04	-1.0656423e-05,5.10551945e-05,-3.23421455e-06,2.92987042e-05	-1.08680315e-05,5.64526454e-05,-3.34215952e-06,3.23511922e-05
p4	3	1297	z-10	10	2048	0	1.906955e-02	2.080514e-01	1.12919497,0.96384275,0.862779081,0.888759613	1.14432335,0.958150625,0.874657452,0.921769202
p4	3	1298	final_output-10	10	2048	0	6.261134e-02	2.705057e-02	-0.00815654453,0.0379812643,-0.00190852559,0.0188375432	-0.00845949166,0.041675441,-0.00200605136,0.0217748489
p4	3	1299	linear_attn_out-10	10	1024	0	7.090202e-02	5.680531e-03	0.114823341,0.017804753,-0.00239211088,-0.0241387747	0.10914281,0.0182177592,-0.00306193321,-0.0238574687
p4	3	1300	attn_residual-10	10	1024	0	4.209744e-02	2.338237e-02	-0.633823216,0.0196850393,-0.00473031867,-0.0470143184	-0.61044085,0.0166220441,-0.000558944652,-0.0545434058
p4	3	1301	attn_post_norm-10	10	1024	0	4.508681e-02	3.304682e-01	-8.88348007,0.340578347,-0.0815782547,-0.866396427	-8.55301189,0.287491947,-0.00963636674,-1.00482225
p4	3	1302	ffn_out-10	10	1024	0	6.578809e-02	5.552381e-03	0.280993551,-0.0232501328,0.0290138479,0.0186430104	0.27544117,-0.0250334647,0.0284373276,0.0200022478
p4	3	1303	l_out-10	10	1024	0	4.364615e-02	1.782998e-02	-0.352829665,-0.0035650935,0.0242835283,-0.028371308	-0.334999681,-0.00841142051,0.0278783832,-0.0345411599
p4	3	1304	attn_norm-11	11	1024	0	4.252517e-02	3.081617e-01	-5.66728449,-0.0597270094,0.434467852,-0.559724331	-5.35912275,-0.140348747,0.496767104,-0.67868942
p4	3	1305	attn_pregate-11	11	2048	0	2.942652e-02	2.275335e-01	0.140084401,0.0799232721,0.115506113,0.0502538756	0.138791397,0.0749957934,0.120177023,0.0532800555
p4	3	1306	attn_gated-11	11	2048	0	4.056931e-02	2.391320e-02	0.00674809422,0.00430648448,0.00397357717,0.00367288222	0.00624685548,0.00383802829,0.00410582079,0.00393487187
p4	3	1307	attn_output-11	11	1024	0	7.109353e-02	7.821612e-03	-0.0873716325,-0.00619298033,-0.00588288158,-0.00750404224	-0.0795500204,-0.00654769782,-0.00540950522,-0.00638093986
p4	3	1308	attn_residual-11	11	1024	0	4.758311e-02	2.565157e-02	-0.440201283,-0.00975807384,0.0184006467,-0.0358753502	-0.414549708,-0.0149591183,0.022468878,-0.0409220979
p4	3	1309	attn_post_norm-11	11	1024	0	5.033264e-02	3.371344e-01	-5.70292759,-0.179348588,0.32271713,-0.677420735	-5.36579323,-0.27469492,0.39371419,-0.772024333
p4	3	1310	ffn_out-11	11	1024	0	7.308456e-02	9.757616e-03	-0.142223775,-0.0148431258,0.0048823338,0.0129533038	-0.148757488,-0.0158651788,0.00451117195,0.0154045047
p4	3	1311	l_out-11	11	1024	0	4.630643e-02	1.911789e-02	-0.582425058,-0.0246011987,0.0232829805,-0.0229220465	-0.563307166,-0.0308242962,0.0269800499,-0.0255175941
p4	3	1312	attn_norm-12	12	1024	0	4.818124e-02	3.989925e-01	-11.1174603,-0.529816389,0.522407234,-0.549422264	-10.7184677,-0.661735177,0.603441536,-0.60969758
p4	3	1313	conv_output_silu-12	12	6144	0	2.748226e-02	7.568699e-02	-0.00410658028,0.0925699994,0.0525575206,0.0110354936	-0.00536064524,0.0979359895,0.0522401482,0.0142405545
p4	3	1314	q_conv_predelta-12	12	2048	0	3.139321e-02	3.298417e-02	-0.0018433925,0.0415535159,0.0235924143,0.004953695	-0.00238995138,0.0436630733,0.0232903697,0.00634890562
p4	3	1315	k_conv_predelta-12	12	2048	0	2.838775e-02	1.959309e-02	-0.0892762467,-0.0292038638,-0.0353872143,-0.005388238	-0.0879442841,-0.0290859789,-0.0354565568,-0.00523960404
p4	3	1316	v_conv_predelta-12	12	2048	0	2.180937e-02	4.140076e-02	-0.0132619757,0.0100183031,0.0201403778,-0.0111748837	-0.0134765217,0.00991417095,0.020181343,-0.0112996697
p4	3	1317	a_softplus-12	12	16	0	3.955075e-02	1.333264e-02	0.0104819005,0.0470826067,0.0162215624,0.011449228	0.0106314709,0.0471099019,0.0156898573,0.0121247647
p4	3	1318	gate-12	12	16	0	3.276977e-02	4.396636e-03	-0.00211295509,-0.0277867652,-0.00168323307,-0.00325473165	-0.00214310572,-0.0278028753,-0.00162806059,-0.0034467699
p4	3	1319	beta_sigmoid-12	12	16	0	2.871336e-02	3.433168e-02	0.595619082,0.670716286,0.203792378,0.354279459	0.571706772,0.658860683,0.197294101,0.350454032
p4	3	1320	state_predelta-12	12	262144	1	3.604939e-03	1.042786e-02	-0.000456828275,9.72666094e-05,-0.000142661564,-0.000284024922	-0.000451495027,9.65311192e-05,-0.000141590135,-0.000281628512
p4	3	1321	new_state-12	12	262144	0	7.703924e-03	1.408637e-02	9.77280724e-05,0.000278151245,7.70717452e-05,-0.000250013545	8.59117717e-05,0.000273742335,7.49899482e-05,-0.000249065197
p4	3	1322	attn_output-12	12	2048	0	1.821456e-02	2.567224e-03	-7.15688802e-05,5.1170271e-05,6.97914002e-05,-5.37003325e-05	-7.07722429e-05,4.97511792e-05,6.73228133e-05,-5.27998709e-05
p4	3	1323	z-12	12	2048	0	2.016862e-02	1.986747e-01	-0.419642776,-0.13793686,-0.742968857,-0.0183618441	-0.425084293,-0.132254019,-0.720187724,-0.0510897785
p4	3	1324	final_output-12	12	2048	0	6.419149e-02	8.021510e-02	0.00959017687,-0.00277758413,-0.0111492174,0.00040676081	0.00959237572,-0.00260190596,-0.0106060207,0.00109641626
p4	3	1325	linear_attn_out-12	12	1024	0	6.760306e-02	7.273339e-03	-0.0952597633,0.00786060095,0.0144119728,0.00947603211	-0.102533102,0.00821914896,0.0134073552,0.0109874513
p4	3	1326	attn_residual-12	12	1024	0	4.527633e-02	1.184458e-02	-0.677684844,-0.0167405978,0.0376949534,-0.0134460144	-0.665840268,-0.0226051472,0.0403874069,-0.0145301428
p4	3	1327	attn_post_norm-12	12	1024	0	4.831410e-02	1.732430e-01	-7.89355659,-0.301703423,0.621461689,-0.237457663	-7.72671127,-0.405878723,0.663371503,-0.255647868
p4	3	1328	ffn_out-12	12	1024	0	7.890387e-02	7.810786e-03	-0.100530222,-0.0120444205,-0.0203823205,0.00146593526	-0.0927194357,-0.0139020216,-0.0215753876,0.00209214166
p4	3	1329	l_out-12	12	1024	0	4.766494e-02	1.965535e-02	-0.778215051,-0.0287850183,0.0173126329,-0.0119800791	-0.758559704,-0.0365071669,0.0188120194,-0.0124380011
p4	3	1330	attn_norm-13	13	1024	0	5.090206e-02	3.605728e-01	-13.838192,-0.580212533,0.355484545,-0.274093121	-13.4776192,-0.735262513,0.385955006,-0.284336567
p4	3	1331	conv_output_silu-13	13	6144	0	2.767461e-02	1.223001e-01	0.195080668,-0.0831419975,0.0269465204,-0.0500287525	0.197891146,-0.0796196982,0.027332522,-0.0502302758
p4	3	1332	q_conv_predelta-13	13	2048	0	3.135139e-02	2.138599e-02	0.127800226,-0.0544675514,0.0176530629,-0.0327745751	0.13120161,-0.0527877696,0.0181214307,-0.0333026163
p4	3	1333	k_conv_predelta-13	13	2048	0	3.895963e-02	2.270799e-02	-0.0108406991,0.00697696954,-0.0143264476,0.197678238	-0.0112419594,0.00695665972,-0.00364028709,0.220055252
p4	3	1334	v_conv_predelta-13	13	2048	0	4.741944e-02	6.264144e-02	-0.00616611168,-0.0120148528,-0.0060177967,0.000816115469	-0.00556590408,-0.0121659879,-0.00740985479,0.000896669342
p4	3	1335	a_softplus-13	13	16	0	2.634478e-02	3.066385e-02	0.0957626626,0.0962114483,0.381994963,0.0961001366	0.0985313505,0.0950184241,0.37930581,0.0983655229
p4	3	1336	gate-13	13	16	0	3.255711e-02	8.467592e-03	-0.0257741716,-0.110738702,-0.192079127,-0.0230048075	-0.0265193544,-0.109365538,-0.190726936,-0.0235471036
p4	3	1337	beta_sigmoid-13	13	16	0	2.212496e-02	2.697009e-02	0.460119963,0.640065789,0.545661867,0.477387637	0.453882575,0.630870521,0.541445017,0.473599106
p4	3	1338	state_predelta-13	13	262144	0	1.153785e-02	4.485821e-03	4.08341803e-05,-5.59021064e-05,0.000178179631,0.00075799413	4.09128988e-05,-5.95165948e-05,0.000195119355,0.000815201376
p4	3	1339	new_state-13	13	262144	0	2.951778e-02	1.822332e-02	6.38332203e-05,-6.99503507e-05,0.000205413206,0.000300377316	6.11566065e-05,-7.11486282e-05,0.000196914814,0.000376648444
p4	3	1340	attn_output-13	13	2048	0	2.334488e-02	7.709325e-05	-1.88594349e-05,-2.96582289e-06,1.25403349e-05,-1.14827108e-05	-1.93626583e-05,-3.7160321e-06,1.14355425e-05,-1.07440001e-05
p4	3	1341	z-13	13	2048	0	2.331641e-02	1.310409e-01	0.398309857,1.24885631,0.0451260731,1.04671788	0.420151055,1.25677013,0.0506675914,1.03679371
p4	3	1342	final_output-13	13	2048	0	4.772571e-02	2.410138e-02	-0.00473086582,-0.00305217854,0.000304916088,-0.00915726647	-0.0051684482,-0.00385535555,0.000313053344,-0.00846523978
p4	3	1343	linear_attn_out-13	13	1024	0	5.059064e-02	4.109822e-03	-0.0927067325,-0.0290448852,0.0144648729,-0.0350684412	-0.0915280953,-0.0300128311,0.0146693103,-0.036674656
p4	3	1344	attn_residual-13	13	1024	0	4.644009e-02	2.083397e-02	-0.870921791,-0.0578299016,0.0317775048,-0.0470485203	-0.850087821,-0.066519998,0.0334813297,-0.0491126552
p4	3	1345	attn_post_norm-13	13	1024	0	4.934764e-02	2.396221e-01	-9.98736858,-1.00295556,0.508630455,-0.750516236	-9.74774647,-1.15358603,0.535862982,-0.783386409
p4	3	1346	ffn_out-13	13	1024	0	7.176532e-02	9.886898e-03	0.015498355,-0.00187523663,-0.00173121318,0.0568127297	0.0253852531,-0.000702159479,-0.000513259321,0.0562142432
p4	3	1347	l_out-13	13	1024	0	4.834482e-02	3.072089e-02	-0.85542345,-0.0597051382,0.0300462916,0.00976420939	-0.824702561,-0.0672221556,0.0329680704,0.00710158795
p4	3	1348	attn_norm-14	14	1024	0	4.967613e-02	4.707985e-01	-13.9901524,-1.10237455,0.51491034,0.194270357	-13.5193539,-1.24407673,0.566306472,0.141625762
p4	3	1349	conv_output_silu-14	14	6144	0	1.989653e-02	1.038743e-01	0.0264385492,0.0229870938,-0.227357164,-0.0911750793	0.0268311687,0.024488844,-0.232061967,-0.0827130526
p4	3	1350	q_conv_predelta-14	14	2048	0	3.072501e-02	2.795824e-02	0.00783591717,0.00681296736,-0.0673846304,-0.0270226784	0.00786560588,0.00717894826,-0.0680293813,-0.0242474787
p4	3	1351	k_conv_predelta-14	14	2048	0	3.964604e-02	2.970490e-02	0.0108952839,-0.015098705,-0.0274648257,0.0186346807	0.0112843439,-0.0147331441,-0.0273193792,0.0176674351
p4	3	1352	v_conv_predelta-14	14	2048	0	2.117085e-02	3.740239e-02	0.01189717,-0.0263820924,-0.0197860003,-0.0194225479	0.0122775277,-0.0259767901,-0.0217164829,-0.0198106244
p4	3	1353	a_softplus-14	14	16	0	4.229111e-02	2.670112e-02	0.136637598,0.0326696895,0.0207794141,0.00211265869	0.140038759,0.0329302959,0.0211247243,0.00214608526
p4	3	1354	gate-14	14	16	0	4.744706e-02	8.401886e-03	-0.0429949276,-0.00545965275,-0.0138150649,-0.00635670219	-0.0440651476,-0.00550320419,-0.0140446415,-0.00645727804
p4	3	1355	beta_sigmoid-14	14	16	0	2.177198e-02	3.005004e-02	0.421832919,0.176531911,0.340805978,0.480828106	0.425946832,0.171109721,0.325099587,0.468357623
p4	3	1356	state_predelta-14	14	262144	1	1.636162e-02	2.498931e-02	1.83667162e-05,0.000405086175,-1.87278492e-05,1.40365428e-05	1.84877154e-05,0.000409433589,-2.00943869e-05,1.5379057e-05
p4	3	1357	new_state-14	14	262144	0	2.116862e-02	2.313010e-02	7.15706628e-05,0.000313237368,-0.000154004621,0.000105764862	7.62131749e-05,0.000315375102,-0.000160910873,0.000106342268
p4	3	1358	attn_output-14	14	2048	0	1.663287e-02	2.193907e-04	3.55964744e-06,4.28560361e-06,6.12817473e-07,-6.53029747e-06	3.52294819e-06,4.61265427e-06,-2.39959491e-07,-5.52414713e-06
p4	3	1359	z-14	14	2048	0	2.112376e-02	1.561241e-01	-0.0799927711,-0.726379871,0.157318413,1.00699139	-0.0747304559,-0.749531269,0.13141489,1.0259074
p4	3	1360	final_output-14	14	2048	0	5.093267e-02	5.744171e-02	-0.000142568897,-0.00100708043,5.18644956e-05,-0.00437255669	-0.000132147325,-0.00110084761,-1.67580329e-05,-0.00378646189
p4	3	1361	linear_attn_out-14	14	1024	0	5.142300e-02	7.486451e-03	0.357124269,-0.0233218223,-7.41332769e-07,-0.0248614829	0.351246804,-0.0242193379,-0.00470546447,-0.0272778086
p4	3	1362	attn_residual-14	14	1024	0	4.790038e-02	2.484342e-02	-0.498299181,-0.0830269605,0.0300455503,-0.0150972735	-0.473455757,-0.0914414972,0.0282626059,-0.0201762207
p4	3	1363	attn_post_norm-14	14	1024	0	4.770870e-02	2.795463e-01	-5.42840862,-1.26852727,0.430758029,-0.210049644	-5.14886236,-1.39467645,0.40449667,-0.280228764
p4	3	1364	ffn_out-14	14	1024	0	5.993605e-02	8.144241e-03	0.318695486,-0.00495662261,0.00803561136,-0.0216550548	0.311520696,-0.00709593017,0.00674694218,-0.0225762185
p4	3	1365	l_out-14	14	1024	0	4.788900e-02	1.766863e-02	-0.179603696,-0.0879835859,0.0380811617,-0.0367523283	-0.161935061,-0.0985374302,0.0350095481,-0.0427524373
p4	3	1366	attn_norm-15	15	1024	0	4.623472e-02	1.904782e-01	-1.912588,-1.04721403,0.452268958,-0.434009254	-1.72210979,-1.17124784,0.415228248,-0.50418371
p4	3	1367	attn_pregate-15	15	2048	0	3.461434e-02	9.890957e-01	-0.409077466,0.272222996,0.24994123,0.19463174	-0.397778362,0.288327724,0.283452064,0.188372999
p4	3	1368	attn_gated-15	15	2048	0	3.651758e-02	4.276407e-02	-0.0601847023,0.0153891323,0.00770645775,0.0499350503	-0.0568190739,0.0158902109,0.00886007305,0.0477867685
p4	3	1369	attn_output-15	15	1024	0	6.263507e-02	7.231519e-03	-0.200618744,0.0045510903,-0.0301013738,-0.00308421254	-0.203340024,0.00292167813,-0.0297375619,0.00154702365
p4	3	1370	attn_residual-15	15	1024	0	5.000767e-02	1.786837e-02	-0.38022244,-0.0834324956,0.00797978789,-0.0398365408	-0.365275085,-0.095615752,0.00527198613,-0.0412054136
p4	3	1371	attn_post_norm-15	15	1024	0	5.052111e-02	2.237312e-01	-3.25254059,-1.12853968,0.102939084,-0.476849824	-3.13109946,-1.29599369,0.0681483001,-0.494249344
p4	3	1372	ffn_out-15	15	1024	0	6.696443e-02	1.439801e-02	-0.250940114,-0.0188127328,-0.019253511,-0.0461595058	-0.241291791,-0.0228193235,-0.0235482194,-0.0484974086
p4	3	1373	l_out-15	15	1024	0	5.059070e-02	2.459562e-02	-0.631162524,-0.102245227,-0.0112737231,-0.0859960467	-0.606566906,-0.118435077,-0.0182762332,-0.0897028223
p4	3	1374	attn_norm-16	16	1024	0	5.159545e-02	2.642719e-01	-6.76266575,-1.57565892,-0.14471218,-1.236696	-6.50974274,-1.82813346,-0.234981045,-1.29210842
p4	3	1375	conv_output_silu-16	16	6144	0	2.103087e-02	8.457375e-02	-0.230397135,-0.117311105,-0.141157091,-0.220008999	-0.231888756,-0.115970373,-0.139931306,-0.219170868
p4	3	1376	q_conv_predelta-16	16	2048	0	3.484102e-02	3.339319e-02	-0.0191225857,-0.00973663013,-0.011715808,-0.0182603858	-0.019189138,-0.00959672034,-0.0115795238,-0.0181367137
p4	3	1377	k_conv_predelta-16	16	2048	0	3.380216e-02	2.375968e-02	0.12346679,0.0250758044,-0.0983275026,-0.122924171	0.12469966,0.0295504984,-0.0973687768,-0.122987002
p4	3	1378	v_conv_predelta-16	16	2048	0	1.853827e-02	3.209748e-02	-0.24374631,-0.00341776526,0.260012478,0.0415715799	-0.242636755,-0.00412562629,0.259134829,0.0434620827
p4	3	1379	a_softplus-16	16	16	0	9.928470e-02	7.626361e-02	0.0130073167,0.0707827806,0.00693426793,0.110636152	0.0133753167,0.0707760006,0.00666241767,0.113336354
p4	3	1380	gate-16	16	16	0	1.001234e-01	3.794754e-02	-0.00264259684,-0.028710762,-0.000828180229,-0.0239267461	-0.00271736039,-0.0287080128,-0.000795712345,-0.0245107058
p4	3	1381	beta_sigmoid-16	16	16	0	1.469563e-02	1.380426e-02	0.247689992,0.415752888,0.707980692,0.649441779	0.24360992,0.405977726,0.708046138,0.638953865
p4	3	1382	state_predelta-16	16	262144	0	1.378657e-02	2.320028e-02	-0.0168244801,0.0015843343,3.10160685e-05,0.00754226837	-0.0168786179,0.00190396141,-5.60688786e-05,0.00741847884
p4	3	1383	new_state-16	16	262144	0	1.562443e-02	1.909065e-02	-0.0214923099,0.000623110391,0.00378369959,0.0122138849	-0.0214934722,0.000794343301,0.00358324638,0.0119949933
p4	3	1384	attn_output-16	16	2048	0	1.168083e-02	9.485073e-04	-0.0015939814,-9.71779446e-05,0.00410380214,0.000646252825	-0.00161634607,-9.51356124e-05,0.00419791695,0.000656715129
p4	3	1385	z-16	16	2048	0	2.891260e-02	2.066439e-01	-0.0484610349,0.662021637,-2.46910834,0.873574972	-0.052921012,0.67656821,-2.42032671,0.874956965
p4	3	1386	final_output-16	16	2048	0	5.275241e-02	7.230997e-02	0.0138412239,-0.0161231887,-0.335467368,0.148589939	0.0150514795,-0.0159557182,-0.346287698,0.148914933
p4	3	1387	linear_attn_out-16	16	1024	0	6.646295e-02	1.063274e-02	-0.190320998,0.0514223576,-0.0344848149,0.0405699275	-0.195436716,0.0466652848,-0.0347942486,0.0397826731
p4	3	1388	attn_residual-16	16	1024	0	5.138750e-02	2.094692e-02	-0.821483493,-0.0508228689,-0.0457585379,-0.0454261191	-0.802003622,-0.0717697889,-0.0530704819,-0.0499201491
p4	3	1389	attn_post_norm-16	16	1024	0	5.285893e-02	2.404348e-01	-5.54131985,-0.577219248,-0.508690655,-0.421922386	-5.42671442,-0.817654014,-0.59180814,-0.465102941
p4	3	1390	ffn_out-16	16	1024	0	7.210563e-02	1.155628e-02	-0.204100743,-0.0248252079,0.0369427651,0.0238359235	-0.210799843,-0.0258106086,0.0253864806,0.0239418354
p4	3	1391	l_out-16	16	1024	0	5.107202e-02	2.193232e-02	-1.02558422,-0.0756480768,-0.00881577283,-0.0215901956	-1.01280344,-0.0975803956,-0.0276840013,-0.0259783138
p4	3	1392	attn_norm-17	17	1024	0	5.207926e-02	3.004868e-01	-10.3493891,-1.02629745,-0.111807026,-0.266579628	-10.2430878,-1.32678425,-0.351884335,-0.321472436
p4	3	1393	conv_output_silu-17	17	6144	0	1.510290e-02	1.491184e-01	-0.0906808823,-0.22199975,-0.273955256,-0.023899531	-0.0930004865,-0.224349111,-0.272801995,-0.0253945347
p4	3	1394	q_conv_predelta-17	17	2048	0	2.660441e-02	2.260774e-02	-0.013770977,-0.0337133184,-0.0416033827,-0.00362942973	-0.0141775552,-0.0342011303,-0.0415875837,-0.00387129607
p4	3	1395	k_conv_predelta-17	17	2048	0	2.948098e-02	1.998863e-02	-0.0409241319,-0.0992915109,-0.0527614839,-0.00870005693	-0.0405017771,-0.0998181924,-0.0540531836,-0.0126604615
p4	3	1396	v_conv_predelta-17	17	2048	0	2.109654e-02	8.387166e-02	-0.19486472,-0.207975402,-0.00809322018,-0.210423097	-0.196262941,-0.205630854,-0.0083357133,-0.217646286
p4	3	1397	a_softplus-17	17	16	0	5.675937e-02	4.646868e-02	0.00217344426,0.00339182513,0.411902696,0.227842689	0.00222958741,0.00338315242,0.455627948,0.248081759
p4	3	1398	gate-17	17	16	0	5.959147e-02	1.105548e-02	-0.000512220839,-0.000877924846,-0.104145311,-0.0793578923	-0.000525452255,-0.000875680009,-0.115200788,-0.0864071921
p4	3	1399	beta_sigmoid-17	17	16	0	1.190692e-02	1.599303e-02	0.629892766,0.0953524485,0.853295505,0.456853747	0.625523925,0.0926457867,0.857347548,0.452765882
p4	3	1400	state_predelta-17	17	262144	2	1.821687e-02	3.775196e-02	0.00101308851,0.031376183,0.00809255987,0.0134415785	0.000369872432,0.0314150155,0.00803582836,0.012119785
p4	3	1401	new_state-17	17	262144	0	1.997590e-02	3.623015e-02	0.00260852766,0.0352322832,0.0101460069,0.0137739796	0.00201781746,0.0354604162,0.0102311941,0.0126286112
p4	3	1402	attn_output-17	17	2048	0	3.349836e-02	4.450768e-03	-0.00096956105,-0.000857470557,-1.79690705e-05,-0.000805763179	-0.00097077759,-0.000861716107,-1.25757115e-05,-0.000816964428
p4	3	1403	z-17	17	2048	0	2.867399e-02	2.295312e-01	0.89687264,-0.382962495,0.233401537,-3.89656973	0.884394884,-0.391990334,0.226115584,-3.98076916
p4	3	1404	final_output-17	17	2048	0	3.923806e-02	8.116889e-02	-0.316287786,0.0754238889,-0.000918050529,0.0315251462	-0.31327486,0.077695787,-0.000624682172,0.0302711315
p4	3	1405	linear_attn_out-17	17	1024	0	5.343854e-02	9.180129e-03	-0.468365788,0.00383386016,0.0321602151,-0.0629031956	-0.47137621,0.00325509533,0.0300257728,-0.0630663186
p4	3	1406	attn_residual-17	17	1024	0	4.779697e-02	2.530970e-02	-1.49395001,-0.0718142167,0.0233444422,-0.0844933912	-1.48417962,-0.094325304,0.0023417715,-0.0890446305
p4	3	1407	attn_post_norm-17	17	1024	0	5.045267e-02	2.489754e-01	-8.12371635,-0.684830546,0.21479933,-0.683521748	-8.09816456,-0.90257287,0.0216209777,-0.72280097
p4	3	1408	ffn_out-17	17	1024	0	6.066373e-02	1.277020e-02	0.0324539281,-0.0103920996,-0.0187682919,0.0250855051	0.0196837261,-0.0125592966,-0.0168152116,0.027908897
p4	3	1409	l_out-17	17	1024	0	4.730613e-02	2.586456e-02	-1.46149611,-0.0822063163,0.00457615033,-0.0594078861	-1.4644959,-0.106884599,-0.0144734401,-0.0611357316
p4	3	1410	attn_norm-18	18	1024	0	4.797511e-02	2.961264e-01	-12.757123,-0.944217324,0.0505845472,-0.638576269	-12.8049889,-1.2297529,-0.160260066,-0.658263505
p4	3	1411	conv_output_silu-18	18	6144	0	1.615115e-02	8.300886e-02	-0.147098988,-0.109212764,-0.17276524,-0.265896767	-0.147821963,-0.125320166,-0.169975311,-0.265283495
p4	3	1412	q_conv_predelta-18	18	2048	0	2.775871e-02	2.051717e-02	-0.0345477089,-0.0256497394,-0.0405756906,-0.062448591	-0.0348267034,-0.0295253005,-0.0400460064,-0.0625005141
p4	3	1413	k_conv_predelta-18	18	2048	0	2.715442e-02	2.310555e-02	0.062407732,-0.0867104977,-0.0673184544,0.011914365	0.0574141592,-0.0861798301,-0.0686731562,0.0188421831
p4	3	1414	v_conv_predelta-18	18	2048	0	1.672889e-02	8.300886e-02	0.00233104592,-0.277188599,-0.00607312657,-0.177392453	0.000375568256,-0.276845843,-0.00702407537,-0.177550033
p4	3	1415	a_softplus-18	18	16	0	4.241001e-02	5.750775e-02	0.01407988,1.0902648,0.0185640529,1.1779536	0.0123478016,1.13135374,0.0195516534,1.20801961
p4	3	1416	gate-18	18	16	0	3.732021e-02	9.535730e-03	-0.00586936716,-0.219776988,-0.00553056272,-0.317041904	-0.00514732953,-0.228059754,-0.00582478661,-0.325134069
p4	3	1417	beta_sigmoid-18	18	16	0	4.337734e-03	6.134897e-03	0.42616263,0.952838182,0.259386629,0.877272427	0.420027733,0.952317655,0.261780024,0.88170284
p4	3	1418	state_predelta-18	18	262144	0	1.703833e-02	5.701995e-02	0.000462969707,-0.00988927111,-0.0080304984,-0.00129255978	0.000601554872,-0.00971506909,-0.00797831919,-0.00135136629
p4	3	1419	new_state-18	18	262144	0	1.771945e-02	4.831842e-02	-0.00173619366,-0.00677960273,-0.00561421504,-0.00170432415	-0.00141835515,-0.0066379006,-0.00552503485,-0.00200630887
p4	3	1420	attn_output-18	18	2048	0	1.521874e-02	1.546949e-03	0.00272620865,-0.00682339445,-0.000283737609,-0.00538811088	0.00265815831,-0.00669071451,-0.000316982798,-0.00535352621
p4	3	1421	z-18	18	2048	0	2.792305e-02	2.201276e-01	-0.833138227,-0.777053237,-1.43277836,-0.445734859	-0.932313561,-0.735329211,-1.42890489,-0.34036994
p4	3	1422	final_output-18	18	2048	0	5.436236e-02	5.978334e-02	-0.0448451973,0.127312407,0.00545367086,0.0621229857	-0.0458790585,0.12223728,0.00613039033,0.0504832044
p4	3	1423	linear_attn_out-18	18	1024	0	5.099274e-02	6.986953e-03	-0.685205817,0.0618845671,0.0065577589,-0.083779715	-0.679748893,0.0608116202,0.00561168045,-0.0887228176
p4	3	1424	attn_residual-18	18	1024	0	4.584627e-02	2.575123e-02	-2.14670181,-0.0203217492,0.0111339092,-0.143187597	-2.14424467,-0.0460729785,-0.00886175968,-0.149858549
p4	3	1425	attn_post_norm-18	18	1024	0	4.936567e-02	2.184559e-01	-11.6855268,-0.171944857,0.0957711339,-1.05547249	-11.6892662,-0.390400767,-0.0763384327,-1.10626554
p4	3	1426	ffn_out-18	18	1024	0	6.990538e-02	1.132937e-02	-0.193714052,0.0354371518,0.027389463,0.124611795	-0.19812499,0.0334723592,0.0261543058,0.125058442
p4	3	1427	l_out-18	18	1024	0	4.557452e-02	2.771602e-02	-2.34041595,0.0151154026,0.0385233723,-0.0185758024	-2.34236956,-0.0126006193,0.0172925461,-0.0248001069
p4	3	1428	attn_norm-19	19	1024	0	4.528349e-02	1.761094e-01	-13.3509531,0.0959040374,0.2519283,-0.120114982	-13.4050655,-0.0802053586,0.113450371,-0.160878286
p4	3	1429	attn_pregate-19	19	2048	0	3.197966e-02	1.962048e-01	-0.229361326,-0.391345978,-0.110182561,-0.0298546106	-0.2361276,-0.417485923,-0.0767933279,-0.036302492
p4	3	1430	attn_gated-19	19	2048	0	3.043490e-02	5.261666e-02	-0.0181552414,-0.0402191319,-0.0105866008,-0.00251663942	-0.0186443236,-0.0438133404,-0.00730098411,-0.00308492337
p4	3	1431	attn_output-19	19	1024	0	8.146157e-02	8.998469e-03	-0.217424095,-0.00217679143,-0.0799513012,0.261747926	-0.209935278,-0.00190681964,-0.0827529877,0.258215189
p4	3	1432	attn_residual-19	19	1024	0	4.671795e-02	2.828638e-02	-2.55784011,0.0129386112,-0.041427929,0.243172124	-2.55230474,-0.014507439,-0.0654604435,0.233415082
p4	3	1433	attn_post_norm-19	19	1024	0	5.011479e-02	2.222953e-01	-13.9670286,0.104575925,-0.30613941,1.4934603	-13.9918852,-0.117719352,-0.485643983,1.43920243
p4	3	1434	ffn_out-19	19	1024	0	7.483771e-02	3.225775e-02	0.000859115273,0.0139739476,-0.104726404,0.0854768679	-0.0313986316,0.015515497,-0.107929476,0.0909280106
p4	3	1435	l_out-19	19	1024	0	4.824969e-02	3.132964e-02	-2.55698109,0.0269125588,-0.146154329,0.328648984	-2.58370328,0.00100805797,-0.173389912,0.324343085
p4	3	1436	attn_norm-20	20	1024	0	4.977673e-02	2.948142e-01	-16.6570301,0.246282637,-1.24644017,2.50981164	-16.8620148,0.00924189668,-1.48142731,2.48147702
p4	3	1437	conv_output_silu-20	20	6144	0	2.413247e-02	1.544025e-01	-0.111925326,-0.277806073,-0.246970087,-0.216079831	-0.108780146,-0.27754882,-0.244961545,-0.211313784
p4	3	1438	q_conv_predelta-20	20	2048	0	3.167302e-02	2.353980e-02	-0.0376101993,-0.093351014,-0.0829892084,-0.0726091787	-0.0367832892,-0.0938512906,-0.0828321278,-0.0714543611
p4	3	1439	k_conv_predelta-20	20	2048	0	2.965301e-02	2.410949e-02	-0.0774203762,0.0083990097,0.0455386043,-0.0509988517	-0.0778751746,0.00804648548,0.0434161387,-0.0476169139
p4	3	1440	v_conv_predelta-20	20	2048	0	2.357628e-02	1.544025e-01	-0.00975018181,0.009221741,0.100469455,-0.0196376294	-0.00934936665,0.00826868694,0.095935367,-0.0191562958
p4	3	1441	a_softplus-20	20	16	0	3.310430e-02	5.816007e-02	0.1161246,0.568237901,0.0993474647,0.291678905	0.11324428,0.603180289,0.0919907913,0.301263809
p4	3	1442	gate-20	20	16	0	3.003187e-02	2.845585e-02	-0.0259109009,-0.0987449437,-0.0180925168,-0.0835674107	-0.0252682157,-0.104817018,-0.0167527683,-0.0863135308
p4	3	1443	beta_sigmoid-20	20	16	0	5.621399e-03	9.253204e-03	0.842811227,0.917242289,0.690688312,0.577222228	0.842999697,0.918810844,0.684553981,0.574284017
p4	3	1444	state_predelta-20	20	262144	1	2.153906e-02	5.833164e-02	-0.00171321887,0.000170666084,0.000755976886,-0.000864351867	-0.00152804959,0.000244591618,0.000842509908,-0.000813445891
p4	3	1445	new_state-20	20	262144	0	2.288060e-02	5.514205e-02	-0.000708692882,6.20779247e-05,0.000171554449,-0.000209401478	-0.000658485282,0.000152580076,0.000357954006,-0.000284765498
p4	3	1446	attn_output-20	20	2048	0	1.776665e-02	2.701908e-03	-0.0003866099,0.000102202641,0.00305094733,-0.000686382235	-0.000382812985,6.93105394e-05,0.00290867966,-0.000665226136
p4	3	1447	z-20	20	2048	0	2.821551e-02	2.040086e-01	-1.11114061,-3.15302849,0.997904956,0.235684872	-1.06355572,-3.11836743,1.02430844,0.253333688
p4	3	1448	final_output-20	20	2048	0	3.830274e-02	3.272238e-01	0.0130526144,-0.00171391829,0.263864875,-0.00998415705	0.0129566826,-0.00120112591,0.262832552,-0.0105944369
p4	3	1449	linear_attn_out-20	20	1024	0	6.293899e-02	1.279564e-02	-0.764017105,0.0150087634,-0.0152758798,0.0964381099	-0.766311944,0.0208774973,-0.0139998859,0.0837867558
p4	3	1450	attn_residual-20	20	1024	0	4.685787e-02	3.412910e-02	-3.32099819,0.0419213213,-0.16143021,0.425087094	-3.35001516,0.0218855552,-0.187389791,0.408129841
p4	3	1451	attn_post_norm-20	20	1024	0	5.205345e-02	2.494407e-01	-13.8517485,0.306399763,-1.1940397,2.45033145	-13.957799,0.159788385,-1.38456726,2.35006285
p4	3	1452	ffn_out-20	20	1024	0	6.952028e-02	1.383363e-02	0.161165446,-0.00649962714,-0.0399112441,0.0482211486	0.147331819,-0.0129807536,-0.0407808796,0.056655582
p4	3	1453	l_out-20	20	1024	0	4.899522e-02	4.285073e-02	-3.15983272,0.0354216956,-0.20134145,0.473308235	-3.20268345,0.00890480168,-0.228170663,0.464785427
p4	3	1454	attn_norm-21	21	1024	0	5.186697e-02	2.805671e-01	-17.6459141,0.30370912,-1.57488978,3.44412303	-17.8540859,0.076217778,-1.78164136,3.37621903
p4	3	1455	conv_output_silu-21	21	6144	0	1.646789e-02	1.200074e-01	-0.2756733,0.493179351,-0.2774252,-0.192500934	-0.275812656,0.478615433,-0.277804136,-0.197943062
p4	3	1456	q_conv_predelta-21	21	2048	0	2.961072e-02	3.698987e-02	-0.0547041595,0.0978657007,-0.0550517999,-0.03819957	-0.0546829216,0.0948908255,-0.0550777577,-0.0392444097
p4	3	1457	k_conv_predelta-21	21	2048	0	3.420992e-02	4.049984e-02	0.00703524798,-0.00238263654,0.0207235292,0.0233621076	0.00740877446,-0.00349591253,0.0159762911,0.0242564641
p4	3	1458	v_conv_predelta-21	21	2048	0	2.150227e-02	5.008700e-02	0.056773454,-0.0103487168,0.117251307,-0.0629787892	0.0618227385,-0.0109338909,0.115391672,-0.0643982366
p4	3	1459	a_softplus-21	21	16	0	4.915525e-02	1.196036e-01	0.616259813,0.710596025,0.0295198858,0.945779443	0.657732368,0.753172159,0.029093286,0.953578532
p4	3	1460	gate-21	21	16	0	4.261744e-02	2.282676e-02	-0.182166055,-0.183927491,-0.0110307755,-0.448503137	-0.194425315,-0.194947705,-0.0108713666,-0.452201575
p4	3	1461	beta_sigmoid-21	21	16	0	1.245764e-02	2.559039e-02	0.615592062,0.856994629,0.430596769,0.879591405	0.618699789,0.861467361,0.42378363,0.878559768
p4	3	1462	state_predelta-21	21	262144	0	3.854823e-02	5.533192e-02	0.00100701733,0.000192818494,0.00264705648,-0.000555355975	0.00100340985,-0.000114399387,0.00271186442,-0.000572478864
p4	3	1463	new_state-21	21	262144	1	3.526364e-02	5.655485e-02	0.00103175279,9.55327851e-05,0.0027730919,0.000176175003	0.00106081786,-0.000204933021,0.00273881247,0.000297095074
p4	3	1464	attn_output-21	21	2048	0	2.521014e-02	3.950611e-03	9.63854254e-05,-0.000138368399,2.27500786e-05,-9.07085778e-05	9.21493775e-05,-0.000136632138,9.36194283e-06,-8.98653234e-05
p4	3	1465	z-21	21	2048	0	3.541148e-02	2.180324e-01	1.60771596,0.335637093,0.829926729,0.616167307	1.70925832,0.440337062,0.750397146,0.450399876
p4	3	1466	final_output-21	21	2048	0	6.012152e-02	1.053726e-01	0.10574919,-0.0183144864,0.00971782859,-0.0333331935	0.109398648,-0.0247859545,0.00353200734,-0.0227350369
p4	3	1467	linear_attn_out-21	21	1024	0	7.427977e-02	1.237111e-02	-0.41858843,-0.0622465909,0.0275337361,-0.0145191327	-0.41596067,-0.0642057881,0.0275871754,-0.0161918905
p4	3	1468	attn_residual-21	21	1024	0	4.830993e-02	4.022312e-02	-3.57842112,-0.0268248953,-0.17380771,0.45878911	-3.61864424,-0.0553009883,-0.200583488,0.448593527
p4	3	1469	attn_post_norm-21	21	1024	0	5.308961e-02	2.544660e-01	-14.0080938,-0.181520313,-1.16061616,2.44924498	-14.1563377,-0.373970658,-1.3385427,2.39325857
p4	3	1470	ffn_out-21	21	1024	0	6.468967e-02	1.583206e-02	-0.281086087,0.0334474817,-0.180427015,0.0507762544	-0.27447629,0.0349987522,-0.176279128,0.0465543903
p4	3	1471	l_out-21	21	1024	0	4.867801e-02	4.040687e-02	-3.85950708,0.0066225864,-0.354234725,0.509565353	-3.89312053,-0.0203022361,-0.376862615,0.495147914
p4	3	1472	attn_norm-22	22	1024	0	5.069260e-02	2.524012e-01	-17.7684898,0.0437413752,-2.15272951,3.09261894	-17.9679279,-0.134428129,-2.29595232,3.01260996
p4	3	1473	conv_output_silu-22	22	6144	0	2.173140e-02	5.797195e-02	0.00372069585,-0.063785851,0.022926433,-0.0511525981	0.00887837913,-0.0655036271,0.0240054913,-0.0547914281
p4	3	1474	q_conv_predelta-22	22	2048	0	2.714547e-02	2.075557e-02	0.000799156202,-0.0137003558,0.00492429361,-0.0109869	0.0018936781,-0.0139713325,0.00512015447,-0.0116865179
p4	3	1475	k_conv_predelta-22	22	2048	0	3.546227e-02	2.376369e-02	-0.0205901358,0.233415797,-0.0693651065,-0.12536712	-0.0220218636,0.236456886,-0.0651806891,-0.126685649
p4	3	1476	v_conv_predelta-22	22	2048	0	2.632618e-02	4.346907e-02	-0.000715955277,0.00879437663,-0.00425853906,-0.017033631	-0.00186965754,0.00775578944,-0.00428559305,-0.0153651172
p4	3	1477	a_softplus-22	22	16	0	1.653436e-02	9.818465e-02	0.395868868,0.956509531,3.34080815,0.516281724	0.401520252,1.05469418,3.35040212,0.554551661
p4	3	1478	gate-22	22	16	0	8.641782e-03	2.225295e-02	-0.0732283816,-0.2167871,-2.1909554,-0.0970064625	-0.07427378,-0.239040047,-2.19724727,-0.104197167
p4	3	1479	beta_sigmoid-22	22	16	0	8.566818e-03	1.109275e-02	0.445816815,0.764082909,0.9623909,0.64600271	0.436529428,0.769370258,0.961634696,0.648969054
p4	3	1480	state_predelta-22	22	262144	0	4.595986e-02	3.522892e-02	0.000476289308,-0.000479345588,0.00312252296,-0.000573213154	0.000429059437,-0.000420555734,0.00308409519,-0.000590423355
p4	3	1481	new_state-22	22	262144	0	3.926671e-02	2.643874e-02	0.00042703643,-0.000268409553,0.00284941075,-0.000627851696	0.000398464268,-0.000391718146,0.00286367722,-0.000547480653
p4	3	1482	attn_output-22	22	2048	0	2.357470e-02	1.106698e-03	4.84711454e-05,4.98014415e-05,1.46839766e-05,-5.6273122e-05	4.35109541e-05,4.48070168e-05,5.72192857e-06,-5.01624672e-05
p4	3	1483	z-22	22	2048	0	2.904874e-02	2.865289e-01	2.20971203,-0.489020765,-1.91251206,-1.09514332	2.12638974,-0.411778867,-1.75680947,-1.1051079
p4	3	1484	final_output-22	22	2048	0	4.360302e-02	1.546295e-01	0.109286897,-0.00947417133,-0.0038523823,0.0148334261	0.0934778675,-0.00751454756,-0.00157502294,0.013226348
p4	3	1485	linear_attn_out-22	22	1024	0	7.085382e-02	2.342668e-02	0.227222919,-0.0583894923,0.0353688747,0.265745908	0.203796238,-0.0612772629,0.0329755619,0.262249053
p4	3	1486	attn_residual-22	22	1024	0	5.107104e-02	5.704021e-02	-3.63228416,-0.0517669059,-0.318865836,0.775311232	-3.68932438,-0.0815794989,-0.343887061,0.757396936
p4	3	1487	attn_post_norm-22	22	1024	0	5.393989e-02	2.672558e-01	-14.3098946,-0.29424426,-1.78016424,3.55871153	-14.5771503,-0.465056807,-1.92547131,3.48665857
p4	3	1488	ffn_out-22	22	1024	0	5.830350e-02	1.971845e-02	-0.212913245,-0.0713865384,0.0810194835,0.0859859139	-0.223610193,-0.0687183142,0.0707421824,0.0872436017
p4	3	1489	l_out-22	22	1024	0	5.155913e-02	6.773710e-02	-3.84519744,-0.123153448,-0.237846345,0.861297131	-3.91293454,-0.150297821,-0.273144871,0.844640553
p4	3	1490	attn_norm-23	23	1024	0	5.154571e-02	2.684555e-01	-14.8620071,-0.609489858,-1.21634507,3.59539652	-15.1304626,-0.74415493,-1.39747536,3.52741456
p4	3	1491	attn_pregate-23	23	2048	0	1.078267e-02	2.128544e-01	-6.35686731,-0.0380665064,-0.520269156,-0.0867115632	-6.33219337,-0.0483149886,-0.490543276,-0.0686852634
p4	3	1492	attn_gated-23	23	2048	0	3.715874e-02	1.932425e-01	-0.55688107,-0.00436314568,-0.0578083806,-0.0184241589	-0.548954129,-0.00543788122,-0.0529481061,-0.0144981295
p4	3	1493	attn_output-23	23	1024	0	5.544417e-02	2.877575e-02	-0.0848311931,0.0708257779,-0.0238217562,0.346576869	-0.0960087851,0.0725682527,-0.0229746103,0.352838695
p4	3	1494	attn_residual-23	23	1024	0	5.445719e-02	7.891488e-02	-3.93002868,-0.0523276702,-0.261668086,1.20787406	-4.00894356,-0.0777295679,-0.296119481,1.19747925
p4	3	1495	attn_post_norm-23	23	1024	0	5.642492e-02	3.158998e-01	-15.1891832,-0.244473889,-1.12474573,4.85671473	-15.5050831,-0.363406599,-1.27372611,4.81830645
p4	3	1496	ffn_out-23	23	1024	0	4.205789e-02	4.992056e-02	1.18235731,0.591896772,0.172491416,1.40960562	1.13243675,0.591120839,0.203323066,1.39997053
p4	3	1497	l_out-23	23	1024	0	5.758412e-02	1.288354e-01	-2.74767137,0.53956908,-0.0891766697,2.6174798	-2.87650681,0.513391256,-0.0927964151,2.59744978
p4	3	1498	result_norm	-1	1024	0	5.995511e-02	9.131193e-01	-1.92296076,6.35988235,-1.02046466,33.4231567	-2.02231979,6.07896042,-1.06673539,33.3188553
p4	3	1499	result_output	-1	248320	0	6.211174e-02	7.414272e-01	7.98747683,5.4302268,9.50121212,2.93149662	8.15899086,5.11412382,9.45156097,2.82928944
