label	pos	idx	tensor	layer	n	bit_equal	rel_l2	max_abs	llama_first4	apr_first4
orig	4	0	model.input_embed	-1	1024	1024	0.000000e+00	0.000000e+00	0.0102546215,-0.020509243,-0.0364608765,-0.0148122311	0.0102546215,-0.020509243,-0.0364608765,-0.0148122311
orig	4	1	attn_norm-0	0	1024	1024	0.000000e+00	0.000000e+00	1.12772536,-1.4603163,-3.07775044,-1.42213809	1.12772536,-1.4603163,-3.07775044,-1.42213809
orig	4	2	conv_output_silu-0	0	6144	6144	0.000000e+00	0.000000e+00	-0.00236968277,0.0145317502,0.037611559,-0.113674656	-0.00236968277,0.0145317502,0.037611559,-0.113674656
orig	4	3	q_conv_predelta-0	0	2048	2048	0.000000e+00	0.000000e+00	-0.00612217188,0.0375433713,0.0971710011,-0.293683112	-0.00612217188,0.0375433713,0.0971710011,-0.293683112
orig	4	4	k_conv_predelta-0	0	2048	2048	0.000000e+00	0.000000e+00	0.0881717354,-0.112645395,-0.0111633986,0.00594236702	0.0881717354,-0.112645395,-0.0111633986,0.00594236702
orig	4	5	v_conv_predelta-0	0	2048	2048	0.000000e+00	0.000000e+00	-0.0088395467,-0.00937544927,-0.000724908372,0.0194534138	-0.0088395467,-0.00937544927,-0.000724908372,0.0194534138
orig	4	6	a_softplus-0	0	16	16	0.000000e+00	0.000000e+00	2.8895278,0.0011778092,0.0072390642,5.7669363	2.8895278,0.0011778092,0.0072390642,5.7669363
orig	4	7	gate-0	0	16	16	0.000000e+00	0.000000e+00	-3.73932672,-0.000154494934,-0.000864582951,-3.2730906	-3.73932672,-0.000154494934,-0.000864582951,-3.2730906
orig	4	8	beta_sigmoid-0	0	16	16	0.000000e+00	0.000000e+00	0.168792516,0.352823824,0.637644529,0.993865788	0.168792516,0.352823824,0.637644529,0.993865788
orig	4	9	state_predelta-0	0	262144	262144	0.000000e+00	0.000000e+00	-6.82867976e-05,-3.24258035e-05,-4.12315967e-05,1.54033896e-05	-6.82867976e-05,-3.24258035e-05,-4.12315967e-05,1.54033896e-05
orig	4	10	new_state-0	0	262144	262144	0.000000e+00	0.000000e+00	-0.000133248468,0.000167389502,1.56849619e-05,-8.50479591e-06	-0.000133248468,0.000167389502,1.56849619e-05,-8.50479591e-06
orig	4	11	attn_output-0	0	2048	2048	0.000000e+00	0.000000e+00	-1.26600625e-07,-2.74729956e-07,-3.70372987e-07,6.62368791e-07	-1.26600625e-07,-2.74729956e-07,-3.70372987e-07,6.62368791e-07
orig	4	12	z-0	0	2048	2048	0.000000e+00	0.000000e+00	-2.63187838,-1.32995009,0.215324283,-1.38594782	-2.63187838,-1.32995009,0.215324283,-1.38594782
orig	4	13	final_output-0	0	2048	2048	0.000000e+00	0.000000e+00	2.15380605e-05,7.56787122e-05,-4.0961022e-05,-0.000169753082	2.15380605e-05,7.56787122e-05,-4.0961022e-05,-0.000169753082
orig	4	14	linear_attn_out-0	0	1024	1024	0.000000e+00	0.000000e+00	-0.751326323,0.00795625523,0.00532823801,0.0494123474	-0.751326323,0.00795625523,0.00532823801,0.0494123474
orig	4	15	attn_residual-0	0	1024	1024	0.000000e+00	0.000000e+00	-0.741071701,-0.0125529878,-0.0311326385,0.0346001163	-0.741071701,-0.0125529878,-0.0311326385,0.0346001163
orig	4	16	attn_post_norm-0	0	1024	1024	0.000000e+00	0.000000e+00	-10.037034,-0.311870039,-0.795896888,0.866737127	-10.037034,-0.311870039,-0.795896888,0.866737127
orig	4	17	ffn_out-0	0	1024	275	1.180641e-07	1.490116e-08	0.209194347,-0.0197349563,-0.0383122563,0.00140387053	0.209194332,-0.0197349526,-0.0383122563,0.00140387053
orig	4	18	l_out-0	0	1024	474	7.329331e-08	5.960464e-08	-0.531877339,-0.0322879441,-0.0694448948,0.0360039882	-0.531877398,-0.0322879404,-0.0694448948,0.0360039882
orig	4	19	attn_norm-1	1	1024	524	9.789933e-08	2.861023e-06	-13.5813999,-1.06832397,-2.19784832,1.22174561	-13.5814028,-1.06832373,-2.19784832,1.22174561
orig	4	20	conv_output_silu-1	1	6144	2883	1.540606e-07	7.152557e-07	-0.0161510985,-0.0189677346,-0.0915577188,-0.278463036	-0.0161511041,-0.0189677328,-0.0915577039,-0.278463066
orig	4	21	q_conv_predelta-1	1	2048	484	1.794510e-07	2.980232e-07	-0.0122945383,-0.014438618,-0.0696955621,-0.211971626	-0.0122945411,-0.0144386142,-0.0696955472,-0.211971611
orig	4	22	k_conv_predelta-1	1	2048	808	1.190964e-07	1.192093e-07	-0.0484246612,-0.0128006553,-0.0187205952,0.0529469103	-0.0484246612,-0.0128006553,-0.0187205952,0.0529469103
orig	4	23	v_conv_predelta-1	1	2048	1165	1.863771e-07	7.152557e-07	-0.00493195653,-0.0728338063,0.000355264201,0.00933027919	-0.00493196072,-0.0728338063,0.000355263968,0.00933028013
orig	4	24	a_softplus-1	1	16	16	0.000000e+00	0.000000e+00	0.193796068,2.98604155,2.04173899,2.52086115	0.193796068,2.98604155,2.04173899,2.52086115
orig	4	25	gate-1	1	16	16	0.000000e+00	0.000000e+00	-0.0347457193,-3.22080803,-2.33858037,-0.762836218	-0.0347457193,-3.22080803,-2.33858037,-0.762836218
orig	4	26	beta_sigmoid-1	1	16	16	0.000000e+00	0.000000e+00	0.491131455,0.119351991,0.28783673,0.524800003	0.491131455,0.119351991,0.28783673,0.524800003
orig	4	27	state_predelta-1	1	262144	166	4.908250e-04	5.338490e-04	-0.00985844154,-0.00123640848,-0.00100470567,0.00163891213	-0.00988652837,-0.0012219795,-0.00101165753,0.00163515029
orig	4	28	new_state-1	1	262144	1085	4.484015e-04	5.324185e-04	-0.00892203394,-0.00103564677,-0.000738536357,0.000927183137	-0.00894999597,-0.00102193118,-0.000745573489,0.000924462278
orig	4	29	attn_output-1	1	2048	1	1.950890e-04	3.350899e-06	-6.20602586e-05,-0.00081135449,-1.64601062e-07,1.55402086e-05	-6.26364053e-05,-0.000811003963,-1.17329826e-07,1.55280322e-05
orig	4	30	z-1	1	2048	359	2.002935e-07	2.384186e-06	-4.3530407,-4.63395166,-1.10070157,0.706582785	-4.3530407,-4.63395262,-1.10070133,0.706583023
orig	4	31	final_output-1	1	2048	2	2.232111e-04	4.042536e-04	0.00297944155,0.0313395672,4.29326356e-05,0.0076949806	0.00300718844,0.0313269086,3.06038346e-05,0.00768917566
orig	4	32	linear_attn_out-1	1	1024	0	9.788782e-04	7.355213e-05	-0.586553931,-0.00353957713,-0.000670775771,0.00136896968	-0.586582601,-0.00354966521,-0.000690981746,0.00138963759
orig	4	33	attn_residual-1	1	1024	0	3.781453e-04	7.355213e-05	-1.11843133,-0.0358275212,-0.0701156706,0.0373729579	-1.11845994,-0.0358376056,-0.0701358765,0.0373936258
orig	4	34	attn_post_norm-1	1	1024	0	4.571897e-04	1.562834e-03	-14.1939182,-0.716249645,-1.4160769,0.796870053	-14.1941452,-0.716444373,-1.41647136,0.79730314
orig	4	35	ffn_out-1	1	1024	0	1.614245e-02	1.366808e-03	0.458868086,0.0479389727,-0.0443562195,0.000785784912	0.458149821,0.047223594,-0.0447567478,-0.000128391694
orig	4	36	l_out-1	1	1024	0	7.746452e-03	1.346203e-03	-0.659563243,0.0121114515,-0.11447189,0.0381587446	-0.660310149,0.0113859884,-0.114892624,0.0372652337
orig	4	37	attn_norm-2	2	1024	0	7.995525e-03	3.807545e-02	-16.3472633,0.367723078,-3.35585642,1.17333817	-16.3665752,0.345713764,-3.36835527,1.1459198
orig	4	38	conv_output_silu-2	2	6144	0	9.175948e-03	2.369058e-02	-0.0182222892,-0.00719097117,0.00225068023,0.00483348221	-0.0172148403,-0.00633442216,0.00241815811,0.00483904546
orig	4	39	q_conv_predelta-2	2	2048	0	1.085273e-02	1.213205e-02	-0.0168745145,-0.00665910495,0.00208421308,0.00447598286	-0.0160562508,-0.00590810506,0.00225541182,0.00451336941
orig	4	40	k_conv_predelta-2	2	2048	0	1.157582e-02	8.134872e-03	0.00728583382,0.00752355671,-0.0176894534,-0.158648908	0.0069496166,0.00841408316,-0.01725493,-0.160406083
orig	4	41	v_conv_predelta-2	2	2048	0	7.698359e-03	1.125270e-02	0.017702559,0.0138805471,-0.0412701108,-0.0360118076	0.0173970107,0.0136934249,-0.040825326,-0.0356263071
orig	4	42	a_softplus-2	2	16	0	2.636264e-03	1.388454e-02	3.99106884,0.335518777,1.30631661,2.98336649	3.98852801,0.336969107,1.29243207,2.98683619
orig	4	43	gate-2	2	16	0	1.869089e-03	5.875826e-03	-3.58281541,-0.0946374163,-0.389175028,-1.94891167	-3.58053446,-0.0950464979,-0.385038584,-1.95117831
orig	4	44	beta_sigmoid-2	2	16	0	2.124672e-03	2.625883e-03	0.121656559,0.639844298,0.674891651,0.323643923	0.122314811,0.639530957,0.674199879,0.32373479
orig	4	45	state_predelta-2	2	262144	0	1.246877e-02	3.809768e-02	0.00126030785,-0.000555749692,-0.000899400504,-0.00638069818	0.00125579408,-0.000545804913,-0.000891849166,-0.00640559103
orig	4	46	new_state-2	2	262144	0	1.077544e-02	2.325341e-02	5.05692005e-05,5.9456579e-07,-6.27211848e-05,-0.000515662716	4.96192006e-05,2.50850189e-06,-6.11762734e-05,-0.000516184897
orig	4	47	attn_output-2	2	2048	0	4.810592e-03	1.968145e-04	6.66723236e-06,7.30484044e-06,-1.16061292e-05,-1.27414751e-05	6.63545597e-06,7.10582708e-06,-1.14727554e-05,-1.2615671e-05
orig	4	48	z-2	2	2048	0	8.773523e-03	7.185721e-02	1.02912486,0.0577385426,0.195348918,-0.442377776	1.02974558,0.0552427173,0.207434058,-0.433598071
orig	4	49	final_output-2	2	2048	0	1.125110e-02	1.736104e-02	0.00516532967,0.000144041507,-0.00113676523,0.00215311651	0.00514465384,0.000133898066,-0.00119972357,0.00210072775
orig	4	50	linear_attn_out-2	2	1024	0	2.288473e-02	6.516814e-03	-0.630560637,0.0177338943,0.0117432754,-0.021132255	-0.624043822,0.0176992491,0.0112626012,-0.0209434032
orig	4	51	attn_residual-2	2	1024	0	1.054895e-02	5.769968e-03	-1.29012394,0.0298453458,-0.102728613,0.0170264896	-1.28435397,0.0290852375,-0.103630021,0.0163218305
orig	4	52	attn_post_norm-2	2	1024	0	1.241882e-02	5.317071e-02	-15.637125,0.568133295,-1.98506749,0.327979356	-15.5906258,0.55449748,-2.00550056,0.314878911
orig	4	53	ffn_out-2	2	1024	0	2.469437e-02	4.479982e-03	0.741962016,0.0183550995,-0.0977825746,0.0248851515	0.746076941,0.0196838286,-0.0980188027,0.0240556188
orig	4	54	l_out-2	2	1024	0	1.842662e-02	9.884894e-03	-0.548161924,0.0482004434,-0.200511187,0.0419116393	-0.53827703,0.0487690642,-0.201648831,0.0403774492
orig	4	55	attn_norm-3	3	1024	0	1.783064e-02	1.562462e-01	-11.1648569,1.17199647,-4.4068923,0.971438468	-11.0086107,1.19069922,-4.45012188,0.939727366
orig	4	56	attn_pregate-3	3	2048	0	2.255541e-02	4.632914e-02	0.184655949,0.134550259,0.31392774,-0.561600745	0.169343576,0.122392967,0.319769591,-0.555214107
orig	4	57	attn_gated-3	3	2048	0	2.864636e-02	1.989982e-02	0.0035539649,0.00601127371,0.014910941,-0.0354234688	0.00321596209,0.00531543139,0.0147676598,-0.0342176706
orig	4	58	attn_output-3	3	1024	0	4.919746e-02	4.749230e-03	0.0137948282,-0.00249676034,0.0302124154,0.00790394749	0.0113342032,-0.00296119205,0.0303726122,0.00720250327
orig	4	59	attn_residual-3	3	1024	0	2.346357e-02	7.424235e-03	-0.534367085,0.045703683,-0.17029877,0.0498155877	-0.526942849,0.045807872,-0.171276212,0.0475799516
orig	4	60	attn_post_norm-3	3	1024	0	2.478787e-02	1.188527e-01	-6.78621674,0.869211435,-3.33616066,0.984355509	-6.72366524,0.87532419,-3.37121964,0.944637716
orig	4	61	ffn_out-3	3	1024	0	4.385373e-02	5.709913e-03	-0.0649669021,0.0259725787,0.00737767294,-0.0302664563	-0.0602819398,0.0258392449,0.00811656192,-0.0250836983
orig	4	62	l_out-3	3	1024	0	2.711611e-02	1.210922e-02	-0.599334002,0.0716762617,-0.162921101,0.0195491314	-0.587224782,0.0716471151,-0.163159654,0.0224962533
orig	4	63	attn_norm-4	4	1024	0	2.761821e-02	1.921425e-01	-11.4993401,1.81385827,-3.84252381,0.507176816	-11.3071976,1.81958902,-3.8618784,0.585718155
orig	4	64	conv_output_silu-4	4	6144	0	2.188342e-02	1.317251e-01	-0.0510673113,0.0122016929,-0.0807816312,-0.0152436616	-0.0448957421,0.0126173561,-0.0808925927,-0.0138836764
orig	4	65	q_conv_predelta-4	4	2048	0	2.935405e-02	3.074646e-02	-0.0306856316,0.00733182626,-0.0485405512,-0.00915970188	-0.0261972509,0.0073623918,-0.047201883,-0.00810130686
orig	4	66	k_conv_predelta-4	4	2048	0	2.472216e-02	1.523362e-02	0.00411438756,0.0925879851,-0.0225723796,0.00565116853	0.00410800567,0.0937909633,-0.0223572142,0.00581051875
orig	4	67	v_conv_predelta-4	4	2048	0	1.573214e-02	4.485595e-02	0.099472113,0.0235356912,-0.0142260836,0.0107238479	0.101698346,0.0224083718,-0.0155372079,0.0108121289
orig	4	68	a_softplus-4	4	16	0	1.080041e-02	2.963567e-02	0.749274969,2.34229732,0.0260233581,2.43088937	0.755136311,2.35293818,0.0271785874,2.46052504
orig	4	69	gate-4	4	16	0	1.122188e-02	4.602599e-02	-0.312344283,-2.27578187,-0.00818861276,-1.27599454	-0.314787656,-2.28612041,-0.00855212193,-1.29155064
orig	4	70	beta_sigmoid-4	4	16	0	4.771599e-03	7.068694e-03	0.720565319,0.741650999,0.697300196,0.514279425	0.723664999,0.734582305,0.697033286,0.516442895
orig	4	71	state_predelta-4	4	262144	0	1.139569e-02	1.226178e-01	-0.000950800721,-0.0120751886,0.000801351154,9.15651763e-05	-0.000882510853,-0.0112028783,0.000763984863,8.7366192e-05
orig	4	72	new_state-4	4	262144	1	1.180945e-02	1.239342e-01	-0.000316144986,-0.00029381644,-0.00149610383,0.000588364899	-0.000261282723,0.000564633869,-0.00152621407,0.000605361594
orig	4	73	attn_output-4	4	2048	0	3.096664e-02	1.000509e-02	0.000201725168,5.76582352e-05,-3.65819615e-05,2.2972381e-05	0.000199066912,5.3669839e-05,-3.76630669e-05,2.21992414e-05
orig	4	74	z-4	4	2048	0	1.723848e-02	1.463518e-01	-4.83081627,0.659484565,1.17201138,-0.0672706962	-4.83821106,0.682426453,1.15165114,-0.0579035878
orig	4	75	final_output-4	4	2048	0	3.782918e-02	3.167617e-02	-0.00650241738,0.0254069977,-0.0263507534,-0.000679962395	-0.00639365241,0.0247173049,-0.0265876818,-0.000569575524
orig	4	76	linear_attn_out-4	4	1024	0	4.687987e-02	7.524014e-03	-0.25443548,-0.00642214529,-0.0287405979,-0.00196900964	-0.261959493,-0.00625836942,-0.0285344105,-0.0039956742
orig	4	77	attn_residual-4	4	1024	0	2.840140e-02	7.462615e-03	-0.853769481,0.0652541146,-0.191661701,0.0175801218	-0.849184275,0.0653887466,-0.191694066,0.0185005795
orig	4	78	attn_post_norm-4	4	1024	0	3.167983e-02	1.427310e-01	-10.2974119,1.15013921,-3.32230449,0.320870697	-10.2727308,1.15595782,-3.33280015,0.338680387
orig	4	79	ffn_out-4	4	1024	0	5.338994e-02	6.231304e-03	0.3047252,-0.0176364537,-0.0492991209,-0.00596015528	0.302604795,-0.015280094,-0.0491277315,-0.00806697085
orig	4	80	l_out-4	4	1024	0	2.928833e-02	6.671645e-03	-0.549044251,0.047617659,-0.240960822,0.0116199665	-0.54657948,0.0501086526,-0.240821794,0.0104336087
orig	4	81	attn_norm-5	5	1024	0	3.057098e-02	1.581706e-01	-10.3426886,1.20800114,-5.68529415,0.308530599	-10.277174,1.26883852,-5.67148161,0.276517242
orig	4	82	conv_output_silu-5	5	6144	0	1.527958e-02	6.048369e-02	-0.0827591196,-0.0196915641,-0.0253059603,0.15845567	-0.0803172514,-0.028159989,-0.0258416198,0.154666677
orig	4	83	q_conv_predelta-5	5	2048	0	2.395996e-02	1.704800e-02	-0.0460894853,-0.0109664537,-0.0140931737,0.0882457495	-0.0445548855,-0.015621366,-0.0143352821,0.0857992098
orig	4	84	k_conv_predelta-5	5	2048	0	2.189567e-02	1.304340e-02	-0.00660782307,-0.025107896,-0.127598807,-0.0199604854	-0.00645845709,-0.0247349311,-0.124600865,-0.0197372697
orig	4	85	v_conv_predelta-5	5	2048	0	8.894122e-03	1.906300e-02	-0.0251435507,0.0147376927,-0.0292862076,0.00115634233	-0.0250563361,0.0148826409,-0.0283280555,0.000362128485
orig	4	86	a_softplus-5	5	16	0	3.203598e-02	6.003785e-02	0.804339647,0.14548704,0.350041896,0.00338493451	0.838939071,0.142980978,0.364031285,0.00343768322
orig	4	87	gate-5	5	16	0	3.122204e-02	4.528451e-02	-0.614304304,-0.0176495798,-0.0891986042,-0.0014165733	-0.640729189,-0.0173455607,-0.0927634165,-0.00143864832
orig	4	88	beta_sigmoid-5	5	16	0	4.536356e-03	8.365631e-03	0.700660706,0.752185762,0.713857114,0.477051497	0.701687276,0.750950992,0.716597021,0.485417128
orig	4	89	state_predelta-5	5	262144	0	1.031712e-02	2.152765e-02	-0.000127735228,0.00013516139,0.000480597257,0.000236279331	-0.000135379145,0.00015360539,0.000501361093,0.000271352183
orig	4	90	new_state-5	5	262144	0	1.029092e-02	2.232742e-02	4.21783407e-05,0.000495977874,0.00240895967,0.000463994598	3.68014735e-05,0.000495072396,0.00235036132,0.000473438413
orig	4	91	attn_output-5	5	2048	0	9.309886e-03	6.818883e-04	-3.60109407e-05,1.87835522e-05,-3.28355782e-05,5.73220063e-07	-3.59354417e-05,1.89073089e-05,-3.07747941e-05,-7.21471849e-07
orig	4	92	z-5	5	2048	0	1.921941e-02	1.147137e-01	0.826976299,2.01861644,0.114294291,0.186598167	0.831474483,2.00947356,0.155690312,0.174112707
orig	4	93	final_output-5	5	2048	0	4.924522e-02	2.921140e-02	-0.0197372902,0.0307188518,-0.00192852074,5.62606729e-05	-0.0198390521,0.0307619311,-0.00251125428,-6.57285855e-05
orig	4	94	linear_attn_out-5	5	1024	0	5.256353e-02	3.398773e-03	-0.331744403,0.000755710527,0.019219039,0.0126093263	-0.333764464,0.000841267407,0.0202712044,0.012792943
orig	4	95	attn_residual-5	5	1024	0	2.916250e-02	7.146265e-03	-0.880788684,0.0483733714,-0.221741781,0.0242292918	-0.880343914,0.05094992,-0.220550597,0.0232265517
orig	4	96	attn_post_norm-5	5	1024	0	3.310939e-02	1.370294e-01	-10.1316977,0.836420238,-3.6417675,0.440847903	-10.0890751,0.877708316,-3.60878873,0.421038061
orig	4	97	ffn_out-5	5	1024	0	5.214318e-02	4.647419e-03	0.257973552,0.00718222745,-0.0298569333,-0.0111127244	0.255803406,0.00742132217,-0.0300640296,-0.00928644277
orig	4	98	l_out-5	5	1024	0	3.081555e-02	7.698759e-03	-0.622815132,0.0555555969,-0.251598716,0.0131165674	-0.624540508,0.0583712421,-0.250614613,0.0139401089
orig	4	99	attn_norm-6	6	1024	0	3.233121e-02	1.686025e-01	-11.0059214,1.2721343,-5.57049227,0.318162203	-10.9865103,1.33056474,-5.52361584,0.336609572
orig	4	100	conv_output_silu-6	6	6144	0	2.859970e-02	6.151888e-02	0.0243653264,-0.155336857,-0.00751747936,0.0564884767	0.0283800066,-0.146955997,-0.0074015297,0.0575377978
orig	4	101	q_conv_predelta-6	6	2048	0	2.992403e-02	2.404234e-02	0.0138389897,-0.0882280469,-0.00426976942,0.0320842601	0.016294919,-0.0843775794,-0.00424972875,0.0330364183
orig	4	102	k_conv_predelta-6	6	2048	0	2.927792e-02	2.304921e-02	0.0478875265,-0.0389394872,-0.00917188358,0.01491684	0.047933124,-0.0383599102,-0.0102519961,0.0145420069
orig	4	103	v_conv_predelta-6	6	2048	0	2.014223e-02	1.792785e-02	-0.0058688703,-0.00042405905,-0.0118916882,0.0120661808	-0.0058664293,-0.000298360275,-0.01118071,0.0123807238
orig	4	104	a_softplus-6	6	16	0	9.866300e-03	2.492744e-02	0.559966564,0.312118292,0.802556515,0.318915188	0.584894001,0.318329841,0.820652902,0.336286843
orig	4	105	gate-6	6	16	0	1.076507e-02	1.082200e-02	-0.10197749,-0.231946617,-0.244765922,-0.176811025	-0.106517114,-0.236562639,-0.250285,-0.186442107
orig	4	106	beta_sigmoid-6	6	16	0	6.610810e-03	9.967864e-03	0.763787508,0.421970397,0.664702892,0.617087901	0.76050657,0.415040672,0.658195972,0.614391327
orig	4	107	state_predelta-6	6	262144	0	2.504824e-02	2.446890e-02	-3.68546862e-05,-0.000149208441,0.000444528821,0.000673719391	-4.19194694e-05,-0.000135614275,0.000527612516,0.000716614421
orig	4	108	new_state-6	6	262144	0	2.347939e-02	2.409840e-02	-0.000362753926,0.000133165988,0.000464535435,0.000505772477	-0.00037061359,0.00014452514,0.000545509742,0.000543202856
orig	4	109	attn_output-6	6	2048	0	1.737205e-02	2.709775e-04	2.49079476e-05,2.0271591e-05,-4.03859412e-05,-2.92599707e-05	2.7325681e-05,1.89885759e-05,-3.88040971e-05,-2.98506566e-05
orig	4	110	z-6	6	2048	0	1.682455e-02	1.320232e-01	0.860642195,0.390603006,0.971126556,1.47297132	0.840354264,0.383167475,0.94461751,1.52372706
orig	4	111	final_output-6	6	2048	0	3.613245e-02	1.821641e-02	0.0121170161,0.00436475687,-0.0259898733,-0.0345278233	0.0128914714,0.00399560854,-0.0240940899,-0.0367502533
orig	4	112	linear_attn_out-6	6	1024	0	6.416753e-02	6.303862e-03	-0.0802936256,-0.00194645114,0.00127357943,0.00433299132	-0.0739897639,-0.00183328893,0.00170766423,0.00542463735
orig	4	113	attn_residual-6	6	1024	0	3.218336e-02	6.866023e-03	-0.703108788,0.0536091477,-0.250325143,0.0174495578	-0.698530257,0.0565379523,-0.248906955,0.0193647463
orig	4	114	attn_post_norm-6	6	1024	0	3.456273e-02	1.184502e-01	-9.87879276,0.922661483,-4.25299072,0.307264954	-9.77855301,0.96950841,-4.21342278,0.339741319
orig	4	115	ffn_out-6	6	1024	0	4.982262e-02	6.135446e-03	-0.0974444002,-0.0121675376,-0.041842889,0.0642348528	-0.0985378325,-0.0114515936,-0.0432914644,0.0639772266
orig	4	116	l_out-6	6	1024	0	2.973842e-02	7.829383e-03	-0.800553203,0.0414416119,-0.292168021,0.0816844106	-0.797068119,0.0450863577,-0.29219842,0.083341971
orig	4	117	attn_norm-7	7	1024	0	2.943017e-02	1.221277e-01	-11.3875322,0.62642765,-4.56073761,1.4812448	-11.304616,0.67951715,-4.54779863,1.50685823
orig	4	118	attn_pregate-7	7	2048	0	4.082457e-02	4.557669e-01	0.200198933,0.15833874,-0.492000252,-0.15264754	0.173990011,0.145612314,-0.50093466,-0.120962314
orig	4	119	attn_gated-7	7	2048	0	3.914459e-02	3.423855e-02	0.0538970828,0.0494506918,-0.0353617817,-0.0130293304	0.0467114486,0.0458104946,-0.036003489,-0.0102856793
orig	4	120	attn_output-7	7	1024	0	6.415678e-02	5.654994e-03	-0.0252091512,-0.00749003142,0.0473912023,-0.0195435714	-0.0221971944,-0.0078545725,0.0467397943,-0.0218711868
orig	4	121	attn_residual-7	7	1024	0	3.483598e-02	9.236321e-03	-0.825762331,0.0339515805,-0.244776815,0.0621408373	-0.819265306,0.0372317843,-0.245458633,0.0614707842
orig	4	122	attn_post_norm-7	7	1024	0	3.948175e-02	1.551673e-01	-9.09312439,0.544433117,-3.78489256,1.03684366	-8.99710369,0.595413208,-3.78513741,1.02288079
orig	4	123	ffn_out-7	7	1024	0	6.811108e-02	7.392875e-03	0.106654994,0.0138699589,0.0155600077,-0.0162146911	0.11079742,0.0148170441,0.0143510746,-0.0173559263
orig	4	124	l_out-7	7	1024	0	3.235110e-02	1.063943e-02	-0.71910733,0.0478215404,-0.229216814,0.0459261462	-0.708467901,0.0520488285,-0.231107563,0.0441148579
orig	4	125	attn_norm-8	8	1024	0	3.552158e-02	2.025013e-01	-12.9361944,1.01770878,-4.42663002,1.05027008	-12.7336931,1.10670614,-4.45925522,1.00796926
orig	4	126	conv_output_silu-8	8	6144	0	2.546558e-02	4.952085e-02	0.0302516893,0.0183127876,-0.239864081,-0.0282045342	0.0319141075,0.0175824389,-0.241095111,-0.0296419822
orig	4	127	q_conv_predelta-8	8	2048	0	3.176377e-02	2.177060e-02	0.0238934662,0.0144638522,-0.189450055,-0.0222765766	0.0253166612,0.0139477076,-0.191254705,-0.0235142391
orig	4	128	k_conv_predelta-8	8	2048	0	3.107821e-02	1.878041e-02	0.0782232061,-0.198079124,0.0752646029,0.013752602	0.0780137256,-0.198811397,0.0754507408,0.0144291436
orig	4	129	v_conv_predelta-8	8	2048	0	2.296497e-02	4.952085e-02	-0.16913192,-0.0144332377,-0.0245302152,-0.00103501568	-0.16758728,-0.0139246481,-0.0234779492,-0.00081115152
orig	4	130	a_softplus-8	8	16	0	2.113935e-02	2.667606e-02	0.310172409,0.12658821,0.0840505883,0.0275938269	0.330344349,0.131198376,0.0859481394,0.0272929687
orig	4	131	gate-8	8	16	0	2.066107e-02	1.624316e-02	-0.108880751,-0.0359858908,-0.0250401702,-0.00416604476	-0.115961768,-0.0372964442,-0.0256054848,-0.00412062183
orig	4	132	beta_sigmoid-8	8	16	0	4.361228e-03	5.361080e-03	0.858758867,0.347772211,0.654733121,0.387892216	0.86037308,0.346810967,0.657155454,0.38279283
orig	4	133	state_predelta-8	8	262144	0	1.697324e-02	5.677730e-02	-0.00458578998,0.00779674947,-0.0061149383,0.000308795163	-0.00480437884,0.00704317447,-0.00651354762,0.000358242425
orig	4	134	new_state-8	8	262144	0	1.755878e-02	5.200076e-02	-0.0143890921,0.0330145806,-0.0153718106,-0.00152977591	-0.0145593453,0.0324722789,-0.0157436151,-0.00158251962
orig	4	135	attn_output-8	8	2048	0	2.728031e-02	2.043620e-03	-0.000911105366,-6.660894e-05,-9.86733648e-05,-1.51093418e-05	-0.000890731404,-6.73167451e-05,-9.45074862e-05,-9.21434912e-06
orig	4	136	z-8	8	2048	0	1.625392e-02	1.079602e-01	0.203998148,1.87105227,1.02306104,1.02273118	0.209227204,1.85383415,1.01828039,1.00092971
orig	4	137	final_output-8	8	2048	0	7.132019e-02	1.040529e-01	-0.0886382982,-0.0660976395,-0.069938004,-0.00807005074	-0.0892393515,-0.0661458597,-0.0667024329,-0.00479688542
orig	4	138	linear_attn_out-8	8	1024	0	6.482781e-02	6.141946e-03	-0.0745010599,0.00167609099,0.0130285537,-0.0156289078	-0.0683591142,0.00135436654,0.0141426567,-0.0134573244
orig	4	139	attn_residual-8	8	1024	0	3.361640e-02	1.678133e-02	-0.793608367,0.0494976304,-0.216188267,0.0302972384	-0.776827037,0.053403195,-0.2169649,0.0306575336
orig	4	140	attn_post_norm-8	8	1024	0	3.835340e-02	1.772690e-01	-8.57028675,0.775211036,-3.26972818,0.520325482	-8.39301777,0.83677268,-3.28302169,0.526761413
orig	4	141	ffn_out-8	8	1024	0	6.922182e-02	5.488309e-03	0.173887804,0.00365186995,-0.0329642594,0.0265341327	0.16842255,0.00376780936,-0.0358018614,0.0269109774
orig	4	142	l_out-8	8	1024	0	3.469257e-02	1.131606e-02	-0.619720578,0.053149499,-0.249152526,0.056831371	-0.608404517,0.0571710058,-0.252766758,0.0575685129
orig	4	143	attn_norm-9	9	1024	0	3.778406e-02	2.248964e-01	-10.1547155,1.05933774,-4.89170074,1.34098065	-9.92981911,1.13497996,-4.94301128,1.35299575
orig	4	144	conv_output_silu-9	9	6144	0	3.413420e-02	7.223439e-02	-0.0704009682,-0.146390632,-0.23212643,-0.0655087084	-0.0702853054,-0.146907464,-0.23590745,-0.0646277219
orig	4	145	q_conv_predelta-9	9	2048	0	3.656368e-02	2.366868e-02	-0.0471710786,-0.0980867818,-0.155532718,-0.0438930988	-0.046701245,-0.0976130366,-0.156749293,-0.0429420546
orig	4	146	k_conv_predelta-9	9	2048	0	3.934472e-02	5.958909e-02	0.256976128,-0.0149084171,0.000882348861,-0.0200696159	0.249328107,-0.0148014473,-0.00334784063,-0.0199271087
orig	4	147	v_conv_predelta-9	9	2048	0	2.762523e-02	3.332981e-02	-0.00492988946,-0.00350322179,0.00606615609,-0.00817974005	-0.00453312043,-0.00194292411,0.00516389636,-0.00879299361
orig	4	148	a_softplus-9	9	16	0	2.986490e-02	4.422164e-02	0.00247838674,0.0628864244,0.294723183,0.755158484	0.00262844539,0.067150645,0.307995766,0.783764303
orig	4	149	gate-9	9	16	0	5.153058e-02	2.503601e-02	-0.00100527797,-0.00857750326,-0.100274518,-0.13969028	-0.00106614444,-0.00915912911,-0.104790285,-0.144981816
orig	4	150	beta_sigmoid-9	9	16	0	9.527060e-03	9.024590e-03	0.312398255,0.626804471,0.307639688,0.367532045	0.314587533,0.635057688,0.316664279,0.371901065
orig	4	151	state_predelta-9	9	262144	0	2.047630e-02	1.773143e-02	-0.0010253886,-0.00101206673,-0.000801916525,3.97209442e-06	-0.00105742842,-0.00100531429,-0.000810232013,-1.28208958e-05
orig	4	152	new_state-9	9	262144	0	2.324159e-02	1.656413e-02	-0.00155002368,-0.00098055345,-0.000802915718,4.50221123e-05	-0.00153938413,-0.000975564704,-0.000802882132,2.5802281e-05
orig	4	153	attn_output-9	9	2048	0	2.726083e-02	3.055437e-04	3.35984914e-05,-1.59458214e-05,4.96046414e-05,-5.52418242e-05	3.56531782e-05,-1.4522524e-05,4.93557345e-05,-5.63262147e-05
orig	4	154	z-9	9	2048	0	2.190525e-02	1.609819e-01	0.891977906,-0.0687059313,2.89249468,1.28944719	0.872029364,-0.0731568262,2.88428497,1.23792243
orig	4	155	final_output-9	9	2048	0	5.769184e-02	2.273953e-02	0.0226963907,0.000535910542,0.142491832,-0.0539880767	0.0233905111,0.000518097135,0.141203865,-0.0522111543
orig	4	156	linear_attn_out-9	9	1024	0	6.497235e-02	3.586341e-03	-0.148481607,-0.00441323407,-0.002503125,-0.010379727	-0.149497896,-0.00412160624,-0.00307521597,-0.00956454966
orig	4	157	attn_residual-9	9	1024	0	3.430538e-02	1.029980e-02	-0.768202186,0.0487362668,-0.251655638,0.0464516431	-0.757902384,0.0530494004,-0.25584197,0.0480039641
orig	4	158	attn_post_norm-9	9	1024	0	3.900632e-02	1.417035e-01	-8.30132675,0.737587512,-3.67733669,0.795049131	-8.16594219,0.800502777,-3.72751665,0.819202065
orig	4	159	ffn_out-9	9	1024	0	6.582638e-02	8.942418e-03	0.107300758,-0.0381070189,-0.0124160387,-0.0205375757	0.116243176,-0.0386314392,-0.0114653371,-0.0189777631
orig	4	160	l_out-9	9	1024	0	3.404006e-02	1.924223e-02	-0.660901427,0.0106292479,-0.264071673,0.0259140674	-0.6416592,0.0144179612,-0.267307311,0.029026201
orig	4	161	attn_norm-10	10	1024	0	3.656334e-02	3.432722e-01	-11.4903669,0.19253771,-5.1140666,0.541100144	-11.1470947,0.26096192,-5.17267704,0.60560894
orig	4	162	conv_output_silu-10	10	6144	0	4.102343e-02	1.024127e-01	-0.000967504282,-0.00256691943,0.014867262,-0.00505928881	-0.00172379636,-0.00270642294,0.0148407416,-0.0044811992
orig	4	163	q_conv_predelta-10	10	2048	0	2.935313e-02	2.208076e-02	-0.00205186335,-0.00544387009,0.0315301828,-0.0107296361	-0.00372607703,-0.00585007621,0.0320790485,-0.00968634896
orig	4	164	k_conv_predelta-10	10	2048	0	4.370263e-02	5.814685e-02	-0.0760845691,-0.0827406719,0.0275302045,0.0193809085	-0.0819383487,-0.0791182369,0.0253597926,0.0194305684
orig	4	165	v_conv_predelta-10	10	2048	0	4.368868e-02	4.863808e-02	-0.00650106603,-0.00650232984,0.00338606746,0.00755481282	-0.00543010095,-0.00618098816,0.003103856,0.00760717597
orig	4	166	a_softplus-10	10	16	0	2.593767e-02	5.671430e-02	0.428261548,0.00755619025,3.76766443,0.340928376	0.437242806,0.00750448648,3.78554845,0.358697504
orig	4	167	gate-10	10	16	0	2.145042e-02	1.357648e-02	-0.327718824,-0.0438239127,-1.16716802,-0.0698070377	-0.334591538,-0.0435240455,-1.17270815,-0.0734453723
orig	4	168	beta_sigmoid-10	10	16	0	5.959325e-03	6.435454e-03	0.778142333,0.470827103,0.916586637,0.751774788	0.779495656,0.471962571,0.917289436,0.757009387
orig	4	169	state_predelta-10	10	262144	1	5.617175e-02	6.365733e-02	-0.000317882397,0.000359722675,0.000334608456,0.000231571918	-0.00029714033,0.000363666826,0.000371915754,0.000218436471
orig	4	170	new_state-10	10	262144	0	5.765574e-02	6.327690e-02	0.000282755995,0.000815789681,5.59151958e-05,3.64898879e-05	0.000241596295,0.000698856195,0.000125567953,4.8603164e-05
orig	4	171	attn_output-10	10	2048	0	3.267487e-02	2.434968e-04	-7.76835532e-06,-4.87633497e-06,-3.64766242e-06,1.52788798e-05	-5.64866014e-06,-5.55089673e-06,-4.03192053e-06,1.59431984e-05
orig	4	172	z-10	10	2048	0	1.612165e-02	1.629031e-01	2.24462891,1.38689506,1.68722594,1.57156527	2.23780704,1.36489105,1.6912334,1.55960226
orig	4	173	final_output-10	10	2048	0	4.674997e-02	1.438297e-02	-0.0141555807,-0.00577489147,-0.00505588669,0.02031615	-0.0102549745,-0.00644077035,-0.00560523011,0.0209945198
orig	4	174	linear_attn_out-10	10	1024	0	6.144658e-02	3.550226e-03	0.0137901455,0.0172665883,0.00214477628,-0.00789309852	0.0104913488,0.0180022046,0.00266890228,-0.00705137663
orig	4	175	attn_residual-10	10	1024	0	3.358417e-02	1.594347e-02	-0.647111297,0.0278958362,-0.261926889,0.0180209689	-0.631167829,0.0324201658,-0.264638424,0.0219748244
orig	4	176	attn_post_norm-10	10	1024	0	3.638152e-02	2.090611e-01	-8.0780468,0.42986545,-4.02324486,0.295785576	-7.86898565,0.498947591,-4.05971766,0.360222489
orig	4	177	ffn_out-10	10	1024	0	5.502823e-02	3.833277e-03	-0.0675271153,-0.00574480835,-0.0388801023,0.0163876731	-0.0704049096,-0.00699224882,-0.0412051305,0.01565383
orig	4	178	l_out-10	10	1024	0	3.113404e-02	1.306570e-02	-0.714638412,0.0221510269,-0.300806999,0.0344086438	-0.701572716,0.025427917,-0.305843562,0.0376286544
orig	4	179	attn_norm-11	11	1024	0	3.100393e-02	2.036972e-01	-9.82052326,0.317491472,-4.60439062,0.580765367	-9.61682606,0.363546312,-4.66975737,0.633523405
orig	4	180	attn_pregate-11	11	2048	0	3.074160e-02	5.111055e-01	0.472721368,0.142173052,0.183702901,-0.202766955	0.470393896,0.135472596,0.176019773,-0.208156109
orig	4	181	attn_gated-11	11	2048	0	4.180342e-02	2.957451e-02	0.0522407964,0.0208271351,0.0131983953,-0.0111008622	0.0515971631,0.0200050622,0.0128410934,-0.0119941663
orig	4	182	attn_output-11	11	1024	0	8.100437e-02	4.028883e-03	-0.00913181901,-0.00362234376,-0.00983697176,0.0127838627	-0.00609418005,-0.00332717411,-0.0103830751,0.0127452742
orig	4	183	attn_residual-11	11	1024	0	3.579667e-02	1.610339e-02	-0.723770261,0.0185286831,-0.310643971,0.0471925065	-0.707666874,0.0221007429,-0.316226631,0.0503739268
orig	4	184	attn_post_norm-11	11	1024	0	3.891554e-02	2.009807e-01	-8.10823536,0.294481128,-4.71119356,0.770574272	-7.9072547,0.350341052,-4.78341055,0.82038641
orig	4	185	ffn_out-11	11	1024	0	6.915163e-02	4.696060e-03	-0.0270160623,0.00396447908,0.00733451359,0.00515086483	-0.026414698,0.00257423101,0.00805996358,0.00293531851
orig	4	186	l_out-11	11	1024	0	3.466147e-02	1.670474e-02	-0.750786304,0.0224931613,-0.30330947,0.0523433723	-0.734081566,0.0246749744,-0.308166683,0.0533092469
orig	4	187	attn_norm-12	12	1024	0	3.669702e-02	3.325968e-01	-12.926796,0.436946929,-6.13854742,1.13167989	-12.5941992,0.477624476,-6.21465445,1.14846075
orig	4	188	conv_output_silu-12	12	6144	0	2.969960e-02	4.704198e-02	-0.00683739036,0.0234277435,0.0517109819,0.00833981857	-0.00684432546,0.0233193319,0.0494825654,0.0112203313
orig	4	189	q_conv_predelta-12	12	2048	0	2.903844e-02	1.344407e-02	-0.00551320985,0.0188905504,0.0416962467,0.00672466634	-0.00551247364,0.0187815744,0.0398536474,0.00903694332
orig	4	190	k_conv_predelta-12	12	2048	0	3.819476e-02	3.906405e-02	0.00730657298,-0.0131570324,0.00152276608,0.024497347	0.00648282282,-0.0133022564,0.000208840822,0.0247753952
orig	4	191	v_conv_predelta-12	12	2048	0	2.281040e-02	4.704198e-02	-0.000514232903,0.0016151414,-0.00463061268,-0.00469230674	0.000153817251,0.00181436923,-0.00509627536,-0.00453686574
orig	4	192	a_softplus-12	12	16	0	2.443512e-02	2.601379e-02	0.00169264991,0.377067804,0.144890606,0.00618756842	0.00171204796,0.376083881,0.152101383,0.00629158318
orig	4	193	gate-12	12	16	0	1.681004e-02	1.076210e-02	-0.000341206556,-0.222534299,-0.0150345974,-0.0017589723	-0.00034511686,-0.221953616,-0.0157828238,-0.00178854109
orig	4	194	beta_sigmoid-12	12	16	0	1.007988e-02	9.418368e-03	0.230297998,0.620742023,0.557342887,0.31305933	0.238289759,0.618418872,0.559965253,0.312469482
orig	4	195	state_predelta-12	12	262144	0	2.255988e-02	4.048827e-02	-0.000214014042,4.700106e-05,4.09660533e-05,-6.92317408e-05	-0.000208755242,4.63791221e-05,5.39652465e-05,-6.39722784e-05
orig	4	196	new_state-12	12	262144	1	2.210786e-02	4.416060e-02	-0.000212534316,4.44519465e-05,4.124525e-05,-6.44917382e-05	-0.000206573051,4.20332217e-05,5.40146066e-05,-5.58857864e-05
orig	4	197	attn_output-12	12	2048	0	6.084992e-03	7.218756e-04	-1.73056305e-05,2.05194519e-05,-4.29649845e-06,-2.99424264e-05	-1.41768132e-05,2.02001647e-05,-5.97342114e-06,-3.01015589e-05
orig	4	198	z-12	12	2048	0	1.710324e-02	1.855447e-01	-0.246789426,0.400548935,0.152265117,0.106709242	-0.253446937,0.385385126,0.156924754,0.10407716
orig	4	199	final_output-12	12	2048	0	4.225941e-02	3.045562e-02	0.00144775491,0.00399330212,-0.000225351163,-0.00134500919	0.00120873575,0.0037446986,-0.000322331878,-0.00131204678
orig	4	200	linear_attn_out-12	12	1024	0	6.081597e-02	2.618418e-03	-0.129508406,-0.00082457473,0.00962510239,-0.00296485284	-0.127643734,-0.00160805415,0.0094187893,-0.00280719297
orig	4	201	attn_residual-12	12	1024	0	3.407765e-02	1.856935e-02	-0.880294681,0.0216685869,-0.293684363,0.049378518	-0.86172533,0.0230669193,-0.298747897,0.0505020544
orig	4	202	attn_post_norm-12	12	1024	0	3.672631e-02	2.141752e-01	-9.16214371,0.348950595,-4.32649374,0.779210389	-8.94796848,0.370603502,-4.39083004,0.795082629
orig	4	203	ffn_out-12	12	1024	0	5.869245e-02	4.576426e-03	0.021061752,-0.0241828412,-0.00204125419,0.00596809573	0.0184652135,-0.0238245055,-0.00125821494,0.00361374021
orig	4	204	l_out-12	12	1024	0	3.331534e-02	1.597279e-02	-0.859232903,-0.0025142543,-0.295725614,0.0553466156	-0.843260109,-0.000757586211,-0.300006121,0.0541157946
orig	4	205	attn_norm-13	13	1024	0	3.562899e-02	2.918510e-01	-13.5772753,-0.0450351685,-5.39595747,1.12525642	-13.2854242,-0.0135296574,-5.45785332,1.09697473
orig	4	206	conv_output_silu-13	13	6144	0	3.103855e-02	1.348941e-01	0.156611532,0.0254866946,0.0330478996,-0.0133431507	0.159541562,0.0327612087,0.03286523,-0.0125742061
orig	4	207	q_conv_predelta-13	13	2048	0	2.945112e-02	2.570485e-02	0.139735833,0.0227403715,0.0294868164,-0.0119053572	0.142590761,0.0292804316,0.0293733999,-0.011238236
orig	4	208	k_conv_predelta-13	13	2048	0	4.089378e-02	6.201729e-02	0.00673228921,0.0422708131,0.175285235,-0.0125787118	0.00507074641,0.0429665707,0.166073307,-0.00736766355
orig	4	209	v_conv_predelta-13	13	2048	0	2.518857e-02	2.720959e-02	0.00383657147,0.0105381804,-0.00960256159,0.0122185415	0.00432296237,0.0105209854,-0.00844289083,0.0114119751
orig	4	210	a_softplus-13	13	16	0	1.077130e-02	2.673811e-02	0.15306133,0.874892831,1.17768896,0.178548262	0.150929987,0.876824975,1.18104649,0.183823496
orig	4	211	gate-13	13	16	0	1.002649e-02	1.063570e-02	-0.0411958992,-1.00699556,-0.592179179,-0.0427415445	-0.0406222567,-1.00921941,-0.593867481,-0.0440043509
orig	4	212	beta_sigmoid-13	13	16	0	6.270076e-03	8.216083e-03	0.59615761,0.912662745,0.358912259,0.817405403	0.589513481,0.912971914,0.360374212,0.822262466
orig	4	213	state_predelta-13	13	262144	0	3.661622e-02	2.328223e-02	4.71109197e-05,-1.2320822e-05,-0.000467551668,2.14254396e-05	6.43673093e-06,-2.05775541e-06,-0.000420352706,-8.54660466e-05
orig	4	214	new_state-13	13	262144	0	3.475676e-02	2.090958e-02	6.26634937e-05,9.77664167e-05,5.75723243e-06,-1.20504446e-05	2.0143767e-05,0.000116340831,5.3695403e-05,-0.000102352067
orig	4	215	attn_output-13	13	2048	0	2.614427e-02	1.228426e-04	8.7701701e-06,1.54228292e-05,-2.1220867e-05,3.4503566e-05	9.24185315e-06,1.261745e-05,-1.84660657e-05,3.22900523e-05
orig	4	216	z-13	13	2048	0	1.812422e-02	1.435028e-01	0.893524528,1.50852418,-0.0365058184,1.76362348	0.90074861,1.51280701,-0.0587522686,1.78948164
orig	4	217	final_output-13	13	2048	0	4.548182e-02	2.673095e-02	0.00576074794,0.0198813546,0.000394399103,0.0526243486	0.00613649143,0.0163344853,0.000546447351,0.0501906276
orig	4	218	linear_attn_out-13	13	1024	0	5.712786e-02	3.458849e-03	-0.231309533,-0.000102805905,0.0146876974,0.000934027368	-0.234571248,-0.000762739219,0.0130116781,0.00153320609
orig	4	219	attn_residual-13	13	1024	0	3.229502e-02	1.271105e-02	-1.09054244,-0.00261706021,-0.281037927,0.0562806427	-1.07783139,-0.00152032543,-0.286994457,0.0556490012
orig	4	220	attn_post_norm-13	13	1024	0	3.468985e-02	1.543293e-01	-11.0674438,-0.0401675925,-3.9808917,0.794522226	-10.9131145,-0.0232804716,-4.05585146,0.78378588
orig	4	221	ffn_out-13	13	1024	0	5.763433e-02	5.354609e-03	0.0864614248,-0.0107597578,-0.031785056,0.0374573842	0.0833841562,-0.0112548638,-0.0314832442,0.0392291993
orig	4	222	l_out-13	13	1024	0	3.252612e-02	1.096375e-02	-1.00408101,-0.013376818,-0.312822998,0.0937380269	-0.994447231,-0.0127751892,-0.31847769,0.0948781967
orig	4	223	attn_norm-14	14	1024	0	3.404394e-02	1.815987e-01	-14.3198509,-0.21537672,-4.67485189,1.62634909	-14.1382523,-0.205048919,-4.74452162,1.64100015
orig	4	224	conv_output_silu-14	14	6144	0	1.922480e-02	4.987025e-02	0.0716173351,-0.0375209413,-0.222192407,0.000521378184	0.0676390827,-0.0354903378,-0.221696422,0.00547234435
orig	4	225	q_conv_predelta-14	14	2048	0	2.344256e-02	1.672351e-02	0.0209426414,-0.0109720314,-0.0649744347,0.000152463588	0.0196649432,-0.010318228,-0.064454563,0.00159099349
orig	4	226	k_conv_predelta-14	14	2048	0	3.922358e-02	4.229663e-02	0.00490681501,-0.128231093,0.00811886508,-0.0418508388	0.00353557453,-0.127407849,0.00952429511,-0.043066401
orig	4	227	v_conv_predelta-14	14	2048	0	2.294449e-02	4.987025e-02	0.0225694999,-0.000673101458,-0.0288224258,-0.00732508861	0.0220973548,-0.0014518575,-0.0287857503,-0.00710104406
orig	4	228	a_softplus-14	14	16	0	2.892260e-02	3.879106e-02	0.342483461,0.175658792,0.918789685,0.0129633071	0.361506522,0.184376433,0.921934664,0.0132075688
orig	4	229	gate-14	14	16	0	2.339233e-02	1.294106e-02	-0.107767195,-0.0293555278,-0.610851645,-0.0390048251	-0.113753065,-0.030812392,-0.612942517,-0.0397397727
orig	4	230	beta_sigmoid-14	14	16	0	8.864965e-03	1.330492e-02	0.689314067,0.69707793,0.645305574,0.51042825	0.697726369,0.706066966,0.649577737,0.514554441
orig	4	231	state_predelta-14	14	262144	0	3.724871e-02	3.439039e-02	-0.000398445176,0.000337038888,-2.55610357e-05,0.000316757127	-0.000411973655,0.000210210448,-3.00482207e-05,0.000305454363
orig	4	232	new_state-14	14	262144	0	3.516673e-02	2.758430e-02	-0.000291334582,-0.00143274944,8.69232026e-05,-0.00028197249	-0.000320446619,-0.00151440385,0.000100415484,-0.000302702771
orig	4	233	attn_output-14	14	2048	0	1.603439e-02	1.826105e-04	2.0431055e-06,6.69665678e-06,4.93662492e-06,-6.86121211e-07	1.87803334e-06,6.44631609e-06,4.04507728e-06,-4.79709172e-07
orig	4	234	z-14	14	2048	0	1.661201e-02	1.532012e-01	0.358371496,1.22940409,0.674825728,0.250541568	0.330519557,1.23631454,0.722028196,0.226989239
orig	4	235	final_output-14	14	2048	0	4.114271e-02	3.435640e-02	0.000451238244,0.00634498568,0.00221026898,-8.80803564e-05	0.000378225523,0.0061529181,0.00196878822,-5.52281381e-05
orig	4	236	linear_attn_out-14	14	1024	0	5.202743e-02	4.715677e-03	0.115961991,0.00163815729,0.0264647119,-0.0118934214	0.119106568,0.00473603047,0.0240514111,-0.00926242582
orig	4	237	attn_residual-14	14	1024	0	3.355544e-02	1.296353e-02	-0.888119042,-0.0117386607,-0.286358297,0.0818446055	-0.875340641,-0.00803915877,-0.294426292,0.085615769
orig	4	238	attn_post_norm-14	14	1024	0	3.355950e-02	1.619883e-01	-8.67345142,-0.160782054,-3.68045402,1.02082634	-8.51146317,-0.109631665,-3.76768517,1.06321716
orig	4	239	ffn_out-14	14	1024	0	4.578084e-02	1.246120e-02	-0.0668911934,-0.0528089255,-0.0615366884,0.0100329975	-0.0793523937,-0.0538497157,-0.0618401878,0.00607069861
orig	4	240	l_out-14	14	1024	0	3.003772e-02	1.246301e-02	-0.955010235,-0.0645475835,-0.347894996,0.091877602	-0.954693019,-0.0618888736,-0.356266469,0.0916864648
orig	4	241	attn_norm-15	15	1024	0	2.929085e-02	1.228783e-01	-8.11424351,-0.612981856,-3.29661798,0.865680516	-8.09140301,-0.586273551,-3.3675611,0.861734092
orig	4	242	attn_pregate-15	15	2048	0	4.562387e-02	1.608721e+00	-0.288501352,0.148832574,-0.065359503,-0.151919082	-0.28598702,0.151010931,-0.0667686015,-0.171496019
orig	4	243	attn_gated-15	15	2048	0	3.294351e-02	2.454954e-02	-0.0382122621,0.0175783075,-0.00817719009,-0.0573821403	-0.0377780721,0.0171147399,-0.00842151139,-0.0638942495
orig	4	244	attn_output-15	15	1024	0	6.408388e-02	5.177945e-03	-0.198877245,0.0205116868,-0.0762160942,0.0407223701	-0.19767502,0.0210614726,-0.0759828314,0.0424912125
orig	4	245	attn_residual-15	15	1024	0	3.254982e-02	1.450477e-02	-1.15388751,-0.0440358967,-0.424111098,0.13259998	-1.15236807,-0.040827401,-0.432249308,0.134177685
orig	4	246	attn_post_norm-15	15	1024	1	3.365649e-02	1.544229e-01	-8.21440506,-0.495696753,-4.55298519,1.32090354	-8.18109417,-0.458319694,-4.62762785,1.332955
orig	4	247	ffn_out-15	15	1024	0	4.535902e-02	1.088059e-02	0.205079049,-0.0592279769,0.0564432852,0.108119696	0.202100128,-0.0598126389,0.0593056381,0.108635485
orig	4	248	l_out-15	15	1024	0	3.323718e-02	1.877162e-02	-0.948808432,-0.10326387,-0.367667824,0.240719676	-0.950267911,-0.100640044,-0.37294367,0.24281317
orig	4	249	attn_norm-16	16	1024	0	3.409140e-02	2.418784e-01	-8.21650124,-1.28617251,-3.81438923,2.79787111	-8.22399807,-1.25270891,-3.86670613,2.82044029
orig	4	250	conv_output_silu-16	16	6144	0	2.338159e-02	8.203745e-02	-0.190718606,-0.0920523927,0.158042416,-0.278453201	-0.198610112,-0.095978044,0.152997404,-0.278390408
orig	4	251	q_conv_predelta-16	16	2048	0	2.429588e-02	1.400344e-02	-0.0211351607,-0.0102011133,0.0175140332,-0.0308577828	-0.0220990758,-0.0106793456,0.0170238111,-0.0309761185
orig	4	252	k_conv_predelta-16	16	2048	0	3.295095e-02	2.456063e-02	0.186784506,-0.00924231671,-0.0223410465,-0.0974714309	0.183991268,-0.00704822876,-0.0252894443,-0.0970035195
orig	4	253	v_conv_predelta-16	16	2048	0	1.770047e-02	5.094284e-02	-0.191318661,0.0395527706,0.390138179,0.0406877585	-0.19556582,0.0405308977,0.394424498,0.0383309647
orig	4	254	a_softplus-16	16	16	0	1.643018e-02	6.738377e-02	0.00379710784,0.991264999,0.06110112,0.995266318	0.00421991386,1.01920044,0.0642006695,1.01016104
orig	4	255	gate-16	16	16	0	1.538403e-02	2.590525e-02	-0.000771429273,-0.402074814,-0.0072974884,-0.215241447	-0.000857327541,-0.413405925,-0.00766767655,-0.218462646
orig	4	256	beta_sigmoid-16	16	16	0	9.488444e-03	1.547348e-02	0.471676499,0.461919725,0.587144315,0.725561202	0.47592324,0.462802172,0.592278957,0.733053446
orig	4	257	state_predelta-16	16	262144	0	3.125861e-02	7.765508e-02	-0.0202229656,0.000307766255,-0.00376681611,0.00777046755	-0.0207906384,-0.000174296554,-0.00450325059,0.00784705114
orig	4	258	new_state-16	16	262144	0	3.085415e-02	8.054364e-02	-0.0279663391,0.000691451831,-0.00283587165,0.0118134078	-0.028787896,0.000132889487,-0.00339772645,0.0120660178
orig	4	259	attn_output-16	16	2048	0	2.380278e-02	1.779452e-03	-0.000977052376,0.000130581015,0.0036443721,8.07310498e-05	-0.00098008744,0.00013296392,0.00361235603,7.46158621e-05
orig	4	260	z-16	16	2048	0	1.991099e-02	1.383281e-01	-0.0230796933,0.816447735,-3.72319174,0.271173358	-0.045057416,0.800843418,-3.65843987,0.25270465
orig	4	261	final_output-16	16	2048	0	3.847472e-02	3.568947e-02	0.00519681349,0.0356598198,-0.17235674,0.00588354981	0.0101599488,0.0357839651,-0.180525333,0.00507496204
orig	4	262	linear_attn_out-16	16	1024	0	5.611795e-02	5.497571e-03	-0.385607868,0.0137968371,-0.0210257862,-0.071160242	-0.386280596,0.0123788202,-0.018591851,-0.0718832761
orig	4	263	attn_residual-16	16	1024	0	3.255979e-02	2.010091e-02	-1.33441627,-0.0894670337,-0.388693601,0.169559434	-1.33654857,-0.0882612243,-0.391535521,0.170929894
orig	4	264	attn_post_norm-16	16	1024	0	3.413686e-02	1.775588e-01	-7.60675955,-0.858694494,-3.65159845,1.33089221	-7.61377525,-0.846549749,-3.67581558,1.34074414
orig	4	265	ffn_out-16	16	1024	0	5.568818e-02	1.058009e-02	0.0636901557,0.0184013173,0.0117272362,0.0597991645	0.0705258101,0.018530935,0.00917752087,0.0553109795
orig	4	266	l_out-16	16	1024	0	3.346839e-02	2.371028e-02	-1.27072608,-0.0710657164,-0.376966357,0.229358599	-1.2660228,-0.0697302893,-0.382358015,0.226240873
orig	4	267	attn_norm-17	17	1024	0	3.426540e-02	2.650417e-01	-10.968852,-0.82471019,-4.08956528,2.42243004	-10.9256783,-0.809022069,-4.14708042,2.38893867
orig	4	268	conv_output_silu-17	17	6144	0	1.322891e-02	1.216888e-01	-0.235388577,-0.159793019,-0.270326853,0.0455609858	-0.235028267,-0.156555831,-0.271317393,0.0450275019
orig	4	269	q_conv_predelta-17	17	2048	0	2.066111e-02	2.459684e-02	-0.0254981499,-0.0173093621,-0.0292827897,0.00493533211	-0.0254123546,-0.0169275478,-0.029336106,0.00486858375
orig	4	270	k_conv_predelta-17	17	2048	0	3.114252e-02	3.277838e-02	-0.0124767181,-0.0842392445,-0.0523021147,-0.0778296441	-0.0117045073,-0.0843972638,-0.0527917445,-0.0771073997
orig	4	271	v_conv_predelta-17	17	2048	0	1.752505e-02	4.687323e-02	-0.0890964866,-0.0394651964,-0.00182650681,-0.192259774	-0.0926695466,-0.0518208183,-0.00150863943,-0.194077969
orig	4	272	a_softplus-17	17	16	0	1.616856e-02	5.944467e-02	0.399664849,0.00565180415,2.21092725,1.4501822	0.417322069,0.00598021736,2.27037191,1.4753325
orig	4	273	gate-17	17	16	0	2.193915e-02	2.395290e-02	-0.0941899791,-0.00146288774,-0.559009969,-0.50510031	-0.0983512998,-0.00154789269,-0.574039936,-0.513860166
orig	4	274	beta_sigmoid-17	17	16	0	3.694641e-03	6.406724e-03	0.80275023,0.215747803,0.970486879,0.74491924	0.80289948,0.21648787,0.971772134,0.743850827
orig	4	275	state_predelta-17	17	262144	0	2.773932e-02	5.129893e-02	0.00020097103,0.0145599339,0.00856642239,0.0146100521	0.000580056745,0.0147341527,0.00863013603,0.0146938413
orig	4	276	new_state-17	17	262144	0	2.690804e-02	5.015371e-02	0.000135209935,0.0129291108,0.00759644574,0.0129992263	0.000501716451,0.0131809078,0.00771347666,0.0131593244
orig	4	277	attn_output-17	17	2048	0	1.876629e-02	1.913317e-03	-0.000226176999,-0.000221651542,3.65171836e-05,-0.000402844744	-0.000227932149,-0.000237642511,3.64182379e-05,-0.000397855823
orig	4	278	z-17	17	2048	0	1.882947e-02	1.554375e-01	0.333160132,-0.409212887,-0.0691475868,-0.701289296	0.330616474,-0.404041827,-0.0312139988,-0.787877083
orig	4	279	final_output-17	17	2048	0	3.142685e-02	5.112201e-02	-0.0281769391,0.0257089138,-0.000599307648,0.0592183843	-0.0282518454,0.0273998436,-0.00027610446,0.0621866025
orig	4	280	linear_attn_out-17	17	1024	0	4.256755e-02	6.350182e-03	-0.686543286,-0.00502737053,0.0290099531,0.00344557874	-0.687464297,-0.00497538783,0.0281710476,0.00447459891
orig	4	281	attn_residual-17	17	1024	0	3.171767e-02	2.454765e-02	-1.95726943,-0.0760930851,-0.347956419,0.232804179	-1.95348716,-0.0747056752,-0.354186952,0.230715469
orig	4	282	attn_post_norm-17	17	1024	0	3.428623e-02	1.998255e-01	-9.47481918,-0.645980656,-2.85020375,1.67657125	-9.4569416,-0.634231329,-2.90137196,1.66160488
orig	4	283	ffn_out-17	17	1024	0	4.071395e-02	8.940496e-03	0.0890913606,-0.0816043094,0.0559403636,0.0962014496	0.0868290812,-0.0809506848,0.054495059,0.0928633064
orig	4	284	l_out-17	17	1024	0	3.126033e-02	2.317730e-02	-1.86817813,-0.157697394,-0.292016059,0.329005629	-1.86665809,-0.155656368,-0.299691886,0.323578775
orig	4	285	attn_norm-18	18	1024	0	3.158831e-02	2.204254e-01	-14.2080679,-1.57816696,-2.8124578,3.08129811	-14.2039146,-1.55855405,-2.88789082,3.03205395
orig	4	286	conv_output_silu-18	18	6144	0	1.255401e-02	5.920506e-02	-0.0903200656,-0.264304787,-0.0717390701,-0.263104141	-0.0921289846,-0.264845014,-0.073741287,-0.266374469
orig	4	287	q_conv_predelta-18	18	2048	0	2.182999e-02	2.449900e-02	-0.0296305306,-0.0867082104,-0.0235348213,-0.0863143206	-0.0302082896,-0.0868403688,-0.0241791252,-0.0873418599
orig	4	288	k_conv_predelta-18	18	2048	0	2.264241e-02	1.342598e-02	-0.076920189,-0.0483227558,-0.0175089054,-0.0525984541	-0.0757985935,-0.0477868915,-0.0211847648,-0.0551760234
orig	4	289	v_conv_predelta-18	18	2048	0	1.461995e-02	5.377358e-02	0.0407732725,-0.0491667911,-0.0446538888,-0.109363765	0.0403329656,-0.0525719188,-0.0414285474,-0.107840136
orig	4	290	a_softplus-18	18	16	0	5.116701e-03	2.385783e-02	0.00122079207,4.5988884,0.0446843058,4.04218054	0.00122674531,4.58443832,0.0455895104,4.05868626
orig	4	291	gate-18	18	16	0	4.851046e-03	6.379247e-03	-0.000508901838,-0.927049875,-0.0133122522,-1.08793819	-0.000511383521,-0.924137056,-0.0135819288,-1.09238064
orig	4	292	beta_sigmoid-18	18	16	0	2.787820e-03	4.845738e-03	0.591523111,0.767798543,0.329761952,0.907394588	0.589345574,0.772644281,0.331050158,0.908669829
orig	4	293	state_predelta-18	18	262144	1	2.460617e-02	7.931137e-02	-0.00109764014,-0.00866611581,-0.00483606476,-0.000242479698	-0.00107355823,-0.00846062507,-0.00500398828,-0.000287005823
orig	4	294	new_state-18	18	262144	0	2.370189e-02	7.399750e-02	-0.00104293576,-0.00862769131,-0.00482127909,-0.00020533106	-0.00107189629,-0.0084555978,-0.00500111887,-0.000286048831
orig	4	295	attn_output-18	18	2048	0	1.933538e-02	3.562912e-03	0.00349196605,-0.00668387301,-0.00117802131,-0.00527757872	0.00331947627,-0.00662506232,-0.00110240281,-0.00513546774
orig	4	296	z-18	18	2048	0	1.731083e-02	1.668172e-01	-0.227029234,-0.732321978,-0.31025511,-1.37412059	-0.166337788,-0.701509297,-0.286055803,-1.34331441
orig	4	297	final_output-18	18	2048	0	3.071714e-02	4.156089e-02	-0.0164518468,0.0870010108,0.00773062464,0.0696837455	-0.0120975683,0.0861217529,0.00690669008,0.0693708807
orig	4	298	linear_attn_out-18	18	1024	0	4.065486e-02	6.997958e-03	-0.447457403,-0.0329644904,0.0698433667,-0.0947624445	-0.443547517,-0.0310273618,0.068874985,-0.0957827866
orig	4	299	attn_residual-18	18	1024	0	2.974644e-02	2.182844e-02	-2.31563544,-0.190661877,-0.222172692,0.234243184	-2.3102057,-0.186683729,-0.230816901,0.227795988
orig	4	300	attn_post_norm-18	18	1024	0	3.179715e-02	1.502662e-01	-11.0428677,-1.4132762,-1.6742208,1.51266789	-11.0299349,-1.38541603,-1.7414068,1.47276437
orig	4	301	ffn_out-18	18	1024	0	4.207569e-02	8.416951e-03	-0.447470129,0.00793058425,-0.058880724,0.0781595111	-0.455887079,0.00398339331,-0.0572270416,0.0804306418
orig	4	302	l_out-18	18	1024	0	2.899760e-02	1.991421e-02	-2.76310563,-0.182731301,-0.281053424,0.312402695	-2.76609278,-0.182700336,-0.288043946,0.308226645
orig	4	303	attn_norm-19	19	1024	0	2.868503e-02	1.211071e-01	-13.4630432,-0.990276873,-1.56988573,1.72540426	-13.4642687,-0.989129841,-1.60734177,1.70065641
orig	4	304	attn_pregate-19	19	2048	0	3.931185e-02	2.000246e-01	0.0368847102,0.202110738,-0.0480976701,0.00556468964	0.0390378684,0.201351389,-0.0810015276,0.034140449
orig	4	305	attn_gated-19	19	2048	0	2.385130e-02	4.680812e-02	0.00121381332,0.00864826236,-0.00279879407,0.000236693697	0.00126507971,0.00847270247,-0.00464676507,0.00142010569
orig	4	306	attn_output-19	19	1024	0	7.404619e-02	2.404416e-02	0.208882093,-0.0175799429,-0.0834666193,0.203299791	0.184837937,-0.0206656456,-0.0861471593,0.21446833
orig	4	307	attn_residual-19	19	1024	0	3.269645e-02	2.703142e-02	-2.55422354,-0.200311244,-0.364520043,0.515702486	-2.58125496,-0.203365982,-0.374191105,0.522694945
orig	4	308	attn_post_norm-19	19	1024	0	3.453077e-02	1.454720e-01	-12.4150944,-1.44115222,-2.39777207,2.81928897	-12.5167084,-1.45965743,-2.4555459,2.85073447
orig	4	309	ffn_out-19	19	1024	0	5.758913e-02	1.352876e-02	0.370969117,-0.0423567779,0.00892015174,0.103833571	0.384497881,-0.0415424109,0.00656859204,0.111032777
orig	4	310	l_out-19	19	1024	0	3.598193e-02	2.409542e-02	-2.18325448,-0.242668018,-0.35559988,0.619536042	-2.19675708,-0.244908392,-0.367622524,0.633727729
orig	4	311	attn_norm-20	20	1024	0	3.633985e-02	1.977477e-01	-12.4941158,-1.95084369,-2.66411185,4.15629673	-12.5397015,-1.96389198,-2.74724221,4.24078894
orig	4	312	conv_output_silu-20	20	6144	0	2.097903e-02	1.342468e-01	0.1907022,-0.253445446,-0.200321153,-0.0609322116	0.177547678,-0.253439367,-0.202133894,-0.069082886
orig	4	313	q_conv_predelta-20	20	2048	0	2.269425e-02	1.677373e-02	0.0542880856,-0.0721495003,-0.0570263565,-0.0173458569	0.0509558171,-0.0727365687,-0.0580120049,-0.019826645
orig	4	314	k_conv_predelta-20	20	2048	0	2.910789e-02	2.358550e-02	-0.0356551409,-0.0152336117,0.0177385863,-0.0755571723	-0.0355360359,-0.0155863101,0.0161020365,-0.0763631016
orig	4	315	v_conv_predelta-20	20	2048	0	2.095104e-02	1.342468e-01	-0.110737681,0.0471736044,-0.0412567295,0.0572348982	-0.107714623,0.0481300615,-0.0416432135,0.0556184798
orig	4	316	a_softplus-20	20	16	0	6.240678e-03	2.808714e-02	0.448670745,0.300236791,0.126845405,3.29386258	0.425608605,0.303459793,0.128273755,3.28853536
orig	4	317	gate-20	20	16	0	5.773217e-03	1.374197e-02	-0.100111976,-0.0521733314,-0.0231002644,-0.943707466	-0.094966121,-0.0527334064,-0.0233603865,-0.94218117
orig	4	318	beta_sigmoid-20	20	16	0	4.898962e-03	1.039225e-02	0.904265523,0.965570688,0.910592616,0.742662251	0.905067563,0.965450346,0.912375331,0.748271108
orig	4	319	state_predelta-20	20	262144	0	2.680237e-02	5.187601e-02	-0.00134726544,-0.00279285107,-0.0010885722,-0.0019531427	-0.00120424968,-0.00293337321,-0.00128097925,-0.0018044454
orig	4	320	new_state-20	20	262144	2	2.593014e-02	5.162600e-02	0.00298640132,-0.000730075408,-0.00307703577,0.00714445906	0.00305342162,-0.000848033465,-0.00304472167,0.00727386167
orig	4	321	attn_output-20	20	2048	0	2.097275e-02	3.881782e-03	-0.00346588995,0.00180240301,-0.00145654532,0.00179885072	-0.00332362275,0.00181157247,-0.00142492028,0.00172861817
orig	4	322	z-20	20	2048	0	1.732840e-02	1.628656e-01	-0.167930096,-0.750593781,-0.191670045,1.59100616	-0.196884111,-0.700270414,-0.16889596,1.61127818
orig	4	323	final_output-20	20	2048	0	4.361065e-02	1.596575e-01	0.0287991483,-0.0495809577,0.0131839337,0.231245562	0.0321246311,-0.0484779142,0.011598587,0.227610365
orig	4	324	linear_attn_out-20	20	1024	0	4.204191e-02	1.614463e-02	-1.36336851,-0.0573470891,-0.00870027486,0.360146344	-1.34722388,-0.0520849414,-0.0136367902,0.353878468
orig	4	325	attn_residual-20	20	1024	0	3.381143e-02	2.425866e-02	-3.54662299,-0.300015092,-0.364300162,0.979682386	-3.54398108,-0.296993345,-0.381259322,0.987606168
orig	4	326	attn_post_norm-20	20	1024	0	3.714647e-02	1.431224e-01	-12.7441721,-1.88910961,-2.32142115,4.86511183	-12.7125092,-1.86682713,-2.42526031,4.89592361
orig	4	327	ffn_out-20	20	1024	0	5.702790e-02	1.209456e-02	0.386644453,-0.0485297106,-0.0730680078,0.0479469597	0.387983471,-0.0487141311,-0.0750318021,0.0546863861
orig	4	328	l_out-20	20	1024	0	3.572800e-02	2.720236e-02	-3.15997863,-0.348544806,-0.437368155,1.02762938	-3.15599751,-0.345707476,-0.456291139,1.04229259
orig	4	329	attn_norm-21	21	1024	0	3.710954e-02	2.110744e-01	-15.466898,-2.6193049,-2.99849343,6.55405569	-15.4060879,-2.59103251,-3.1198566,6.62979174
orig	4	330	conv_output_silu-21	21	6144	0	1.261861e-02	8.974123e-02	-0.0945494696,-0.0371630788,-0.26971525,-0.0957267731	-0.102273405,-0.0368091874,-0.270222366,-0.0969653502
orig	4	331	q_conv_predelta-21	21	2048	0	1.618935e-02	1.339117e-02	-0.0173962172,-0.00683765812,-0.0496250801,-0.0176128298	-0.0189792458,-0.00683081383,-0.0501461439,-0.017994212
orig	4	332	k_conv_predelta-21	21	2048	0	2.701185e-02	2.930937e-02	-0.0103376657,-0.0197884161,-0.0235132948,-0.044431407	-0.00993679464,-0.0211371295,-0.0237726998,-0.043629583
orig	4	333	v_conv_predelta-21	21	2048	0	1.573400e-02	3.874087e-02	-0.0055007115,-0.0150050512,-0.116569683,0.00364996889	-0.0052009318,-0.0125979083,-0.113139249,0.000538485125
orig	4	334	a_softplus-21	21	16	0	1.362740e-02	6.017113e-02	0.457394928,3.0025301,0.0455790348,1.45600903	0.457340151,2.96726418,0.0435219742,1.46668243
orig	4	335	gate-21	21	16	0	1.343402e-02	1.148391e-02	-0.135205686,-0.777161479,-0.0170316398,-0.690461874	-0.135189489,-0.768033385,-0.0162629727,-0.695523322
orig	4	336	beta_sigmoid-21	21	16	0	6.052866e-03	1.218778e-02	0.705976605,0.955593288,0.516176283,0.911329865	0.701726377,0.954690754,0.516660094,0.910590172
orig	4	337	state_predelta-21	21	262144	1	3.450693e-02	7.784021e-02	-0.0006177795,-0.00226448057,0.00375266117,-0.0035452717	-0.000927198096,-0.00191428128,0.0033738222,-0.00332888449
orig	4	338	new_state-21	21	262144	0	3.114656e-02	7.772201e-02	-0.000268557167,-0.00145917316,0.00389469974,-0.00193175115	-0.000563425245,-0.00114781503,0.00353699736,-0.00182551099
orig	4	339	attn_output-21	21	2048	0	1.044632e-02	1.079671e-03	-1.14202712e-05,3.54086137e-06,-8.55124817e-05,-8.27264466e-06	-6.08975461e-06,3.44416605e-07,-8.14683153e-05,-1.83300308e-05
orig	4	340	z-21	21	2048	0	2.367122e-02	1.911451e-01	-2.0583117,-1.85421371,-0.554563522,-2.59414148	-2.17753911,-1.93659282,-0.505496681,-2.63422775
orig	4	341	final_output-21	21	2048	0	5.024843e-02	7.254706e-02	0.00222396594,-0.000613218814,0.0130449412,0.00139782368	0.00112798531,-5.79938351e-05,0.0116841616,0.00302987476
orig	4	342	linear_attn_out-21	21	1024	0	5.220101e-02	7.158697e-03	-0.834378123,-0.0122459158,0.0794630945,0.195012838	-0.834673166,-0.00993363559,0.0817325413,0.193453133
orig	4	343	attn_residual-21	21	1024	0	3.422779e-02	2.785603e-02	-3.99435663,-0.36079073,-0.35790506,1.22264218	-3.99067068,-0.355641127,-0.374558598,1.23574567
orig	4	344	attn_post_norm-21	21	1024	0	3.760643e-02	1.548015e-01	-13.5781784,-2.12006736,-2.07536507,5.66794538	-13.5298929,-2.08429909,-2.16620851,5.71359158
orig	4	345	ffn_out-21	21	1024	0	5.400867e-02	1.158475e-02	0.268877029,-0.012216771,-0.0783274472,0.021952007	0.269497901,-0.0128816459,-0.0798463374,0.0170267448
orig	4	346	l_out-21	21	1024	0	3.606253e-02	2.826947e-02	-3.7254796,-0.373007506,-0.436232507,1.24459422	-3.72117281,-0.368522763,-0.45440495,1.25277245
orig	4	347	attn_norm-22	22	1024	0	3.703459e-02	1.853754e-01	-15.9024,-2.28425288,-2.45797896,7.00351524	-15.8396111,-2.2504797,-2.55321503,7.02982759
orig	4	348	conv_output_silu-22	22	6144	0	1.546810e-02	7.027483e-02	0.0511710048,-0.0129358871,0.0452132486,-0.0393068604	0.0407308899,-0.0125674484,0.0448793471,-0.0437539034
orig	4	349	q_conv_predelta-22	22	2048	0	1.602690e-02	1.264104e-02	0.0116074272,-0.00293432549,0.0102559943,-0.00891621225	0.00922844186,-0.00284742028,0.0101683624,-0.00991336908
orig	4	350	k_conv_predelta-22	22	2048	0	2.951610e-02	2.318243e-02	0.021461945,-0.128192082,-0.109970398,-0.0996854082	0.0220600348,-0.121261045,-0.10548193,-0.102831215
orig	4	351	v_conv_predelta-22	22	2048	0	2.268350e-02	5.344105e-02	0.00441153906,-0.0181777086,0.0110670365,-0.0219279751	0.00407279003,-0.018472014,0.00928580854,-0.0208010972
orig	4	352	a_softplus-22	22	16	0	9.159538e-03	8.170080e-02	2.49551082,4.72951174,4.31037569,0.218319222	2.50303459,4.73989296,4.3248148,0.219017461
orig	4	353	gate-22	22	16	0	7.489196e-03	2.779746e-02	-0.461623102,-1.07191527,-2.82681346,-0.0410209671	-0.463014871,-1.0742681,-2.83628273,-0.0411521606
orig	4	354	beta_sigmoid-22	22	16	0	5.076757e-03	1.228386e-02	0.603150606,0.884743035,0.952572525,0.578673005	0.604963064,0.884493947,0.952690959,0.590956867
orig	4	355	state_predelta-22	22	262144	0	3.358760e-02	4.050684e-02	0.000208134603,4.3005879e-05,0.000201893912,-3.98758566e-05	0.00019376562,2.64102564e-05,0.000159824995,-4.03430022e-05
orig	4	356	new_state-22	22	262144	0	2.949219e-02	4.039156e-02	0.0001885565,-0.000315611309,-0.000166755664,-0.000291636941	0.00017522597,-0.000276213046,-0.000154138819,-0.000273719954
orig	4	357	attn_output-22	22	2048	0	1.897954e-02	7.339679e-04	4.54151041e-06,-8.9648318e-05,0.00014627786,-0.000156325637	4.22249877e-06,-9.12062242e-05,0.000139060634,-0.000151218293
orig	4	358	z-22	22	2048	0	1.862752e-02	1.698952e-01	1.71651924,-0.787588954,-1.7377255,-0.303674877	1.71118867,-0.789071679,-1.75442576,-0.284274012
orig	4	359	final_output-22	22	2048	0	3.693808e-02	9.937263e-02	0.00750495447,0.0226619486,-0.0406540595,0.019416891	0.00694829645,0.0230684802,-0.0384567901,0.0177735854
orig	4	360	linear_attn_out-22	22	1024	0	5.154321e-02	8.313168e-03	-0.795028448,-0.0205417536,-0.0347787477,0.0528181344	-0.791946054,-0.0235779509,-0.0385663435,0.0460374802
orig	4	361	attn_residual-22	22	1024	0	3.475523e-02	3.190379e-02	-4.52050781,-0.393549263,-0.471011251,1.2974124	-4.51311874,-0.392100722,-0.492971301,1.29880989
orig	4	362	attn_post_norm-22	22	1024	0	3.759938e-02	1.536562e-01	-16.0110817,-2.01109099,-2.36406922,5.35391665	-15.9572172,-2.00021744,-2.47000313,5.35039806
orig	4	363	ffn_out-22	22	1024	0	4.970771e-02	1.363391e-02	-0.145454466,-0.0112539679,0.082274802,-0.0675094351	-0.134855628,-0.00721532851,0.0822837949,-0.0637304485
orig	4	364	l_out-22	22	1024	0	3.649657e-02	3.493156e-02	-4.66596222,-0.404803216,-0.388736457,1.22990298	-4.64797449,-0.399316043,-0.410687506,1.23507941
orig	4	365	attn_norm-23	23	1024	0	3.662166e-02	1.600556e-01	-16.2453289,-1.80464733,-1.79078758,4.62480164	-16.1606045,-1.77775407,-1.88932574,4.63792515
orig	4	366	attn_pregate-23	23	2048	0	1.039243e-02	1.726437e-01	-7.22501183,0.167170435,-0.484225214,0.117631659	-7.21022797,0.17923224,-0.478879094,0.0744639486
orig	4	367	attn_gated-23	23	2048	0	2.697586e-02	7.605386e-02	-1.35562956,0.0151921641,-0.05001387,0.0100568179	-1.3163389,0.0157922041,-0.0478663296,0.00642175972
orig	4	368	attn_output-23	23	1024	0	4.431234e-02	2.029532e-02	-0.30271703,-0.00186799094,-0.0164715908,0.164626896	-0.311138213,-0.00204145908,-0.0104110166,0.152620569
orig	4	369	attn_residual-23	23	1024	0	3.996142e-02	4.111061e-02	-4.96867943,-0.406671196,-0.405208051,1.39452982	-4.95911264,-0.401357502,-0.42109853,1.38769996
orig	4	370	attn_post_norm-23	23	1024	0	4.191724e-02	1.684582e-01	-17.7513161,-1.75628674,-1.61002469,5.18321991	-17.6692867,-1.72865713,-1.66864407,5.14390469
orig	4	371	ffn_out-23	23	1024	0	2.572638e-02	5.632043e-02	2.71523881,0.698509872,0.9516958,0.129282594	2.74381137,0.706013262,0.967958748,0.163436487
orig	4	372	l_out-23	23	1024	0	3.801988e-02	6.829238e-02	-2.25344062,0.291838676,0.546487749,1.52381241	-2.21530128,0.304655761,0.546860218,1.55113649
orig	4	373	result_norm	-1	1024	0	4.018837e-02	6.379957e-01	-1.35778403,2.96158242,5.3840127,16.752306	-1.32342041,3.06528449,5.34173584,16.9072723
orig	4	374	result_output	-1	248320	0	3.731365e-02	5.802412e-01	12.9184694,10.3695164,4.48706627,9.8991127	12.9439545,10.5589647,4.83277655,10.1038761
orig	28	375	model.input_embed	-1	1024	1024	0.000000e+00	0.000000e+00	-0.00443530083,-0.0236549377,0.0192196369,0.0280902386	-0.00443530083,-0.0236549377,0.0192196369,0.0280902386
orig	28	376	attn_norm-0	0	1024	1024	0.000000e+00	0.000000e+00	-0.355813235,-1.22866762,1.183496,1.96739697	-0.355813235,-1.22866762,1.183496,1.96739697
orig	28	377	conv_output_silu-0	0	6144	6144	0.000000e+00	0.000000e+00	-0.0379437357,-0.0100741265,-0.00457119057,-0.0573598966	-0.0379437357,-0.0100741265,-0.00457119057,-0.0573598966
orig	28	378	q_conv_predelta-0	0	2048	2048	0.000000e+00	0.000000e+00	-0.0646868423,-0.0171744656,-0.00779300882,-0.0977876931	-0.0646868423,-0.0171744656,-0.00779300882,-0.0977876931
orig	28	379	k_conv_predelta-0	0	2048	2048	0.000000e+00	0.000000e+00	0.0591997094,-0.127992496,-0.0746471658,0.00174158427	0.0591997094,-0.127992496,-0.0746471658,0.00174158427
orig	28	380	v_conv_predelta-0	0	2048	2048	0.000000e+00	0.000000e+00	0.0766799599,-0.0106751742,-0.00472295424,-0.036742989	0.0766799599,-0.0106751742,-0.00472295424,-0.036742989
orig	28	381	a_softplus-0	0	16	16	0.000000e+00	0.000000e+00	3.9730978,0.000217890847,0.00040475282,3.75231338	3.9730978,0.000217890847,0.00040475282,3.75231338
orig	28	382	gate-0	0	16	16	0.000000e+00	0.000000e+00	-5.14157057,-2.85810584e-05,-4.8340833e-05,-2.12966847	-5.14157057,-2.85810584e-05,-4.8340833e-05,-2.12966847
orig	28	383	beta_sigmoid-0	0	16	16	0.000000e+00	0.000000e+00	0.444926709,0.52553463,0.460861266,0.997994304	0.444926709,0.52553463,0.460861266,0.997994304
orig	28	384	state_predelta-0	0	262144	141208	7.288143e-08	1.490116e-07	-1.9852705e-06,4.34703088e-06,3.50095343e-06,2.674266e-07	-1.9852705e-06,4.34703088e-06,3.50095343e-06,2.674266e-07
orig	28	385	new_state-0	0	262144	142919	7.245410e-08	1.490116e-07	0.00201968523,-0.00436665164,-0.00254669203,5.94186131e-05	0.00201968523,-0.00436665164,-0.00254669203,5.94186131e-05
orig	28	386	attn_output-0	0	2048	1476	2.824174e-08	3.725290e-09	6.8563545e-06,-9.65426921e-07,-3.60865414e-07,-3.29754198e-06	6.8563545e-06,-9.65426921e-07,-3.60865414e-07,-3.29754198e-06
orig	28	387	z-0	0	2048	2048	0.000000e+00	0.000000e+00	0.963563442,-0.744903564,0.654985309,-1.23944759	0.963563442,-0.744903564,0.654985309,-1.23944759
orig	28	388	final_output-0	0	2048	1418	3.922960e-08	1.192093e-07	0.00460561551,0.000229250523,-0.000144311794,0.000848213851	0.00460561551,0.000229250523,-0.000144311794,0.000848213851
orig	28	389	linear_attn_out-0	0	1024	1024	0.000000e+00	0.000000e+00	-0.479343086,0.0208116993,-0.121387951,-0.0108986348	-0.479343086,0.0208116993,-0.121387951,-0.0108986348
orig	28	390	attn_residual-0	0	1024	1024	0.000000e+00	0.000000e+00	-0.483778387,-0.00284323841,-0.102168314,0.0171916038	-0.483778387,-0.00284323841,-0.102168314,0.0171916038
orig	28	391	attn_post_norm-0	0	1024	1024	0.000000e+00	0.000000e+00	-8.43921757,-0.0909809321,-3.36409044,0.554672718	-8.43921757,-0.0909809321,-3.36409044,0.554672718
orig	28	392	ffn_out-0	0	1024	347	1.094297e-07	1.117587e-08	0.0362266973,0.0326891318,0.0168542545,-0.028310677	0.0362266898,0.0326891281,0.0168542545,-0.0283106733
orig	28	393	l_out-0	0	1024	457	8.273086e-08	1.490116e-08	-0.447551697,0.0298458934,-0.0853140578,-0.0111190733	-0.447551697,0.0298458897,-0.0853140578,-0.0111190695
orig	28	394	attn_norm-1	1	1024	498	9.065631e-08	7.152557e-07	-14.0762701,1.2163496,-3.32574749,-0.464739978	-14.0762701,1.21634948,-3.32574749,-0.464739859
orig	28	395	conv_output_silu-1	1	6144	863	2.615913e-07	7.152557e-07	0.011661876,-0.01300437,-0.147895396,-0.278444409	0.011661876,-0.0130043738,-0.147895396,-0.278444409
orig	28	396	q_conv_predelta-1	1	2048	285	2.155037e-07	2.086163e-07	0.00423357822,-0.00472093979,-0.0536900535,-0.101082891	0.00423357869,-0.00472094165,-0.0536900572,-0.101082906
orig	28	397	k_conv_predelta-1	1	2048	223	2.991212e-07	2.384186e-07	-0.106026553,0.0245726667,-0.0124976626,0.0516721867	-0.10602656,0.0245727003,-0.0124976626,0.051672183
orig	28	398	v_conv_predelta-1	1	2048	240	3.166905e-07	7.152557e-07	-0.0835829675,0.0522022992,-0.00316645787,-0.0019307927	-0.0835830569,0.0522023253,-0.00316645601,-0.0019307948
orig	28	399	a_softplus-1	1	16	16	0.000000e+00	0.000000e+00	0.00625865022,0.610671878,0.653646231,0.417819947	0.00625865022,0.610671878,0.653646231,0.417819947
orig	28	400	gate-1	1	16	16	0.000000e+00	0.000000e+00	-0.00112211413,-0.658683658,-0.748677611,-0.126436234	-0.00112211413,-0.658683658,-0.748677611,-0.126436234
orig	28	401	beta_sigmoid-1	1	16	16	0.000000e+00	0.000000e+00	0.258447707,0.963361263,0.950765729,0.732100487	0.258447707,0.963361263,0.950765729,0.732100487
orig	28	402	state_predelta-1	1	262144	17528	2.573191e-04	3.207177e-04	-0.0130763259,0.021342054,0.00178249017,-0.0134303831	-0.0130991321,0.0213524811,0.00177767489,-0.0134294927
orig	28	403	new_state-1	1	262144	6264	2.095795e-04	3.186055e-04	-0.0105502633,0.0207360778,0.00207651709,-0.0146392547	-0.0105727874,0.0207464341,0.00207173754,-0.014638491
orig	28	404	attn_output-1	1	2048	78	4.508413e-05	1.493841e-06	-0.000713339774,0.000502837938,4.79848268e-07,2.67758733e-05	-0.000713498797,0.00050278299,4.94972653e-07,2.67690448e-05
orig	28	405	z-1	1	2048	552	1.480869e-07	9.536743e-07	-5.5540638,-5.95376921,-2.51962709,-0.212670088	-5.5540638,-5.95376921,-2.51962709,-0.21266973
orig	28	406	final_output-1	1	2048	48	2.988782e-05	2.657622e-05	0.0128283752,-0.00649372349,-8.26883916e-05,-0.00257626339	0.0128313387,-0.00649306644,-8.52953381e-05,-0.00257562334
orig	28	407	linear_attn_out-1	1	1024	43	1.023772e-06	4.209578e-07	-0.0345047712,-0.0251502749,-0.0797232091,0.0289953277	-0.034504801,-0.0251503065,-0.0797232464,0.0289953183
orig	28	408	attn_residual-1	1	1024	68	6.568284e-07	4.172325e-07	-0.482056469,0.00469561853,-0.165037274,0.0178762544	-0.482056499,0.00469558313,-0.165037304,0.0178762488
orig	28	409	attn_post_norm-1	1	1024	84	6.671373e-07	7.867813e-06	-7.31955242,0.112314045,-3.98792911,0.456037134	-7.31955242,0.112313204,-3.98792958,0.456036985
orig	28	410	ffn_out-1	1	1024	139	2.155357e-07	2.607703e-08	-0.0628211945,-0.00228133751,-0.033430595,-0.014658385	-0.0628211796,-0.00228133844,-0.03343058,-0.0146583822
orig	28	411	l_out-1	1	1024	58	6.519548e-07	4.172325e-07	-0.544877648,0.00241428101,-0.198467866,0.00321786944	-0.544877648,0.00241424469,-0.19846788,0.00321786664
orig	28	412	attn_norm-2	2	1024	81	7.050574e-07	1.430511e-05	-13.7469149,0.0746156946,-5.92259932,0.100719877	-13.7469149,0.0746145695,-5.92259932,0.100719795
orig	28	413	conv_output_silu-2	2	6144	0	6.271701e-03	3.959286e-02	0.0508381836,-0.037875399,-0.0228484161,-0.00707038725	0.0507954136,-0.0378615186,-0.0228707623,-0.00704903295
orig	28	414	q_conv_predelta-2	2	2048	0	4.060844e-03	5.724311e-03	0.032318335,-0.0240777638,-0.0145249628,-0.00449471455	0.0323266685,-0.0240954179,-0.0145551637,-0.00448606955
orig	28	415	k_conv_predelta-2	2	2048	0	1.025182e-02	1.109392e-02	0.0401377603,-0.0503263324,-0.0416972451,-0.166473895	0.0401884727,-0.0494480878,-0.0415849909,-0.166559264
orig	28	416	v_conv_predelta-2	2	2048	0	9.728424e-03	1.563007e-02	0.00316491793,-0.0354219414,-0.00813333876,-0.0134695042	0.00309200236,-0.0354028828,-0.0076023438,-0.0139740054
orig	28	417	a_softplus-2	2	16	16	0.000000e+00	0.000000e+00	1.29277742,0.0140563715,0.0476785824,0.742868423	1.29277742,0.0140563715,0.0476785824,0.742868423
orig	28	418	gate-2	2	16	16	0.000000e+00	0.000000e+00	-1.16053689,-0.00396478176,-0.0142043,-0.48528564	-1.16053689,-0.00396478176,-0.0142043,-0.48528564
orig	28	419	beta_sigmoid-2	2	16	16	0.000000e+00	0.000000e+00	0.425806671,0.285492867,0.269860327,0.716315091	0.425806671,0.285492867,0.269860327,0.716315091
orig	28	420	state_predelta-2	2	262144	0	9.591079e-03	1.328573e-02	6.35578772e-06,-1.21400299e-05,2.95600094e-05,0.000161745702	7.05480215e-06,-1.26377927e-05,3.10274263e-05,0.000164695652
orig	28	421	new_state-2	2	262144	0	9.513527e-03	1.215424e-02	5.52889251e-05,-7.06302817e-05,-4.61066447e-05,-0.000170377098	5.42689559e-05,-6.80127487e-05,-4.41461088e-05,-0.000164152196
orig	28	422	attn_output-2	2	2048	0	4.205676e-03	1.324331e-04	-2.01895e-06,1.95159719e-05,4.54867177e-06,7.14408998e-06	-2.01906528e-06,1.98671423e-05,4.33643754e-06,7.55994915e-06
orig	28	423	z-2	2	2048	319	1.572842e-07	1.430511e-06	1.23792195,0.105916649,0.196250081,-0.459848285	1.23792219,0.105916828,0.196250021,-0.459848195
orig	28	424	final_output-2	2	2048	0	7.746470e-03	1.099286e-02	-0.00197450328,0.000720538374,0.000446581776,-0.00123833597	-0.0019743985,0.000733424153,0.000425697886,-0.00131027505
orig	28	425	linear_attn_out-2	2	1024	0	2.140405e-02	1.733948e-03	-0.394632638,-0.0285854768,0.00960105471,-0.0383195058	-0.395660847,-0.0280276611,0.0083331205,-0.0392014123
orig	28	426	attn_residual-2	2	1024	0	9.337582e-03	1.733959e-03	-0.939510286,-0.0261711963,-0.188866809,-0.0351016372	-0.940538526,-0.025613416,-0.190134764,-0.0359835476
orig	28	427	attn_post_norm-2	2	1024	0	1.047845e-02	4.303169e-02	-12.6546555,-0.553631067,-4.05567169,-0.751401484	-12.6716862,-0.54196775,-4.08392477,-0.770473421
orig	28	428	ffn_out-2	2	1024	0	2.867135e-02	5.957663e-03	0.591763198,0.00991100166,-0.0277483966,-0.00983495824	0.597720861,0.00977591425,-0.0270194057,-0.011928495
orig	28	429	l_out-2	2	1024	0	2.162849e-02	4.929423e-03	-0.347747087,-0.0162601955,-0.2166152,-0.0449365973	-0.342817664,-0.0158375017,-0.217154175,-0.0479120426
orig	28	430	attn_norm-3	3	1024	0	2.156250e-02	1.083007e-01	-7.9798789,-0.445440382,-5.36378384,-1.17346287	-7.88548756,-0.434893608,-5.38992929,-1.25414109
orig	28	431	attn_pregate-3	3	2048	0	1.690894e-02	3.994707e-02	0.147749305,-0.0174730215,0.265874177,0.359543473	0.141983137,-0.00521160709,0.263554394,0.371372938
orig	28	432	attn_gated-3	3	2048	0	2.372802e-02	1.836610e-02	0.0454292521,-0.0013916546,0.0150021855,0.00543493731	0.0438261703,-0.000423583348,0.0152962422,0.00562283862
orig	28	433	attn_output-3	3	1024	0	3.765925e-02	3.434911e-03	-0.254446626,-0.0227011666,0.0206896961,-0.017520031	-0.252675861,-0.0229389071,0.0191681907,-0.0189569034
orig	28	434	attn_residual-3	3	1024	0	2.520331e-02	6.700158e-03	-0.602193713,-0.0389613621,-0.195925504,-0.0624566302	-0.595493555,-0.0387764089,-0.197985977,-0.066868946
orig	28	435	attn_post_norm-3	3	1024	0	2.707083e-02	1.230122e-01	-8.16881943,-0.791486382,-4.09978867,-1.31825781	-8.08566666,-0.7884835,-4.14687204,-1.41273916
orig	28	436	ffn_out-3	3	1024	0	4.902839e-02	5.981315e-03	-0.00602258742,-0.0292333942,0.00581762195,-0.0120726228	-0.0105544031,-0.0307189729,0.00761863589,-0.0095202513
orig	28	437	l_out-3	3	1024	0	2.858600e-02	5.246010e-03	-0.608216286,-0.0681947544,-0.190107882,-0.0745292529	-0.606047988,-0.0694953799,-0.190367341,-0.0763891935
orig	28	438	attn_norm-4	4	1024	0	2.971951e-02	1.393962e-01	-12.5194168,-1.85140324,-4.81018114,-2.07434392	-12.4989319,-1.89036572,-4.82606936,-2.13022614
orig	28	439	conv_output_silu-4	4	6144	1	2.070570e-02	1.495447e-01	-0.0287505928,0.0172714666,-0.0559585392,-0.195339352	-0.0358680449,0.0177934859,-0.0586791523,-0.19838427
orig	28	440	q_conv_predelta-4	4	2048	0	2.060010e-02	2.029629e-02	-0.00632281741,0.00379833323,-0.0123063764,-0.042958945	-0.00779015664,0.00386455515,-0.0127444854,-0.043086946
orig	28	441	k_conv_predelta-4	4	2048	0	2.627612e-02	2.288790e-02	-0.00145156472,0.426597536,0.0221505389,-0.00312491949	-0.00127293542,0.426917762,0.0221247766,-0.00385568291
orig	28	442	v_conv_predelta-4	4	2048	0	1.257421e-02	5.087018e-02	-0.0793101713,0.00101613859,-0.00268716342,-0.00342361489	-0.0781783685,0.00144441042,-0.00192956137,-0.00335939485
orig	28	443	a_softplus-4	4	16	0	1.267429e-02	2.626443e-02	0.115396641,2.14226627,0.015827151,1.60431397	0.112643749,2.12034774,0.0156305917,1.57804954
orig	28	444	gate-4	4	16	0	1.098168e-02	2.129602e-02	-0.0481044762,-2.08143115,-0.00498023396,-0.842118084	-0.0469569005,-2.06013513,-0.00491838343,-0.828331709
orig	28	445	beta_sigmoid-4	4	16	0	7.619981e-03	7.014781e-03	0.474845916,0.932374418,0.347021699,0.369117796	0.470410794,0.932982624,0.343852937,0.3689197
orig	28	446	state_predelta-4	4	262144	1	1.352483e-02	7.191586e-02	0.000942095765,-0.0270953905,0.000903770444,-0.00218584295	0.00108183559,-0.0282162055,0.000352595816,-0.00216730172
orig	28	447	new_state-4	4	262144	0	1.359681e-02	7.098341e-02	0.000927003333,-0.0343907997,0.00041644345,-0.00202042074	0.00105643575,-0.0350466743,-8.4640953e-05,-0.00199450599
orig	28	448	attn_output-4	4	2048	0	1.513339e-02	3.023416e-03	-9.95090159e-05,1.21936828e-05,2.13507337e-05,-1.3130847e-05	-0.000100253863,1.17515992e-05,2.19343419e-05,-1.15241901e-05
orig	28	449	z-4	4	2048	0	1.586166e-02	1.597986e-01	-6.03991699,0.603221178,-0.615869641,0.0809261501	-6.07596302,0.61249876,-0.638389409,0.114842907
orig	28	450	final_output-4	4	2048	0	3.637971e-02	2.654970e-02	0.00122760201,0.00491554523,-0.0037861797,-0.000513407635	0.00120187935,0.0048326063,-0.0039786282,-0.000650726433
orig	28	451	linear_attn_out-4	4	1024	0	4.679772e-02	3.506228e-03	-0.269764483,-0.0199125167,-0.0301715881,0.0216417015	-0.270831823,-0.0190135632,-0.0287380107,0.0236512274
orig	28	452	attn_residual-4	4	1024	0	2.863605e-02	6.377600e-03	-0.877980769,-0.088107273,-0.22027947,-0.0528875515	-0.876879811,-0.0885089412,-0.219105348,-0.0527379662
orig	28	453	attn_post_norm-4	4	1024	0	3.187897e-02	1.208526e-01	-11.2072897,-1.64354789,-4.04116154,-1.02162087	-11.204071,-1.65263891,-4.02351284,-1.01971757
orig	28	454	ffn_out-4	4	1024	0	5.434583e-02	1.289792e-02	0.1759101,0.0267655402,0.0214544479,-0.0243735313	0.188808024,0.0268878564,0.0205522198,-0.0235067997
orig	28	455	l_out-4	4	1024	0	3.318567e-02	1.399887e-02	-0.702070653,-0.0613417327,-0.198825017,-0.0772610828	-0.688071787,-0.0616210848,-0.19855313,-0.076244764
orig	28	456	attn_norm-5	5	1024	0	3.526457e-02	2.530308e-01	-13.7822361,-1.62169123,-4.8886652,-2.13779926	-13.5292053,-1.63170302,-4.88985157,-2.11307955
orig	28	457	conv_output_silu-5	5	6144	0	2.199184e-02	7.272059e-02	0.225434631,0.105488896,0.0206393655,-0.270030379	0.222483993,0.113374673,0.0214593131,-0.271032393
orig	28	458	q_conv_predelta-5	5	2048	0	2.809438e-02	2.080061e-02	0.111585595,0.0522148758,0.0102160703,-0.133659586	0.109562755,0.0558316186,0.0105676875,-0.13347052
orig	28	459	k_conv_predelta-5	5	2048	0	2.518963e-02	2.557835e-02	-0.00316421269,-0.0078090406,-0.0634616911,0.00318338955	-0.00296897814,-0.00760894828,-0.061314825,0.0027838815
orig	28	460	v_conv_predelta-5	5	2048	0	8.428738e-03	1.958454e-02	-0.023969993,0.012088283,0.0168936364,-0.0084376391	-0.0243155472,0.0121515049,0.0180583335,-0.00824378617
orig	28	461	a_softplus-5	5	16	0	2.031883e-02	6.342724e-03	0.0394092165,0.0223553348,0.00291042775,0.000651504903	0.0393943153,0.0233142786,0.00296498439,0.000658414501
orig	28	462	gate-5	5	16	0	3.633903e-02	8.041471e-03	-0.0300982948,-0.00271200994,-0.0007416429,-0.000272650621	-0.0300869141,-0.00282834284,-0.000755545159,-0.000275542232
orig	28	463	beta_sigmoid-5	5	16	0	6.753325e-03	5.478740e-03	0.109909087,0.384465009,0.605520785,0.0934311599	0.106142893,0.383731395,0.604780078,0.0905316547
orig	28	464	state_predelta-5	5	262144	0	1.467166e-02	3.193617e-02	0.000320158084,0.000378387776,0.00689999573,-4.11327019e-05	0.00030409958,0.000372431125,0.0065928502,-2.24313717e-05
orig	28	465	new_state-5	5	262144	0	1.377222e-02	3.046167e-02	0.000316696707,0.000382053375,0.00681637553,-4.59809598e-05	0.000300824322,0.000376097887,0.00651594391,-2.71467125e-05
orig	28	466	attn_output-5	5	2048	0	1.193609e-02	1.103222e-03	-0.000145679165,0.000214105676,0.000101115722,-6.38733545e-05	-0.000138621923,0.000209458987,0.00010957053,-6.57505661e-05
orig	28	467	z-5	5	2048	0	2.122714e-02	2.234812e-01	-0.277489871,1.57177961,0.3154715,1.75473428	-0.285626858,1.56301236,0.323140979,1.77369153
orig	28	468	final_output-5	5	2048	0	4.179492e-02	1.923925e-02	0.0137697617,0.212137595,0.014874883,-0.0762835741	0.0133460108,0.204858899,0.0164670218,-0.0791287869
orig	28	469	linear_attn_out-5	5	1024	0	6.678845e-02	8.368179e-03	-0.153671101,-0.0661173463,0.0119135492,0.0190988407	-0.16203928,-0.0666418821,0.0117014498,0.0186490342
orig	28	470	attn_residual-5	5	1024	0	3.376167e-02	7.917665e-03	-0.855741739,-0.127459079,-0.186911464,-0.0581622422	-0.850111067,-0.128262967,-0.18685168,-0.0575957298
orig	28	471	attn_post_norm-5	5	1024	0	3.869924e-02	1.474235e-01	-10.2881832,-2.30342698,-3.20838213,-1.1060499	-10.2318335,-2.32052779,-3.21091628,-1.09649253
orig	28	472	ffn_out-5	5	1024	0	6.665776e-02	7.272880e-03	-0.0785482451,0.0286345333,-0.0510216393,0.0681417212	-0.078039512,0.0310236458,-0.0501208752,0.0656330362
orig	28	473	l_out-5	5	1024	0	3.445969e-02	8.895770e-03	-0.934289992,-0.0988245457,-0.237933099,0.00997947901	-0.928150594,-0.097239323,-0.236972556,0.00803730637
orig	28	474	attn_norm-6	6	1024	0	3.746376e-02	1.908939e-01	-15.3716211,-2.10688448,-4.90468073,0.225375623	-15.2391825,-2.06882167,-4.87482691,0.181140214
orig	28	475	conv_output_silu-6	6	6144	0	2.892361e-02	1.681256e-01	-0.0863327011,-0.268652946,0.00151785277,0.0187982973	-0.0884073377,-0.267624259,0.00123097922,0.00332979858
orig	28	476	q_conv_predelta-6	6	2048	0	2.755603e-02	2.896714e-02	-0.0269842297,-0.0839704126,0.000474421453,0.00587561307	-0.0274058487,-0.0829622373,0.000381597638,0.00103222148
orig	28	477	k_conv_predelta-6	6	2048	0	3.252771e-02	2.726233e-02	-0.00525548542,-0.0213286802,0.0598398298,-0.0355511755	-0.00543766236,-0.0213841889,0.0583915077,-0.0360272564
orig	28	478	v_conv_predelta-6	6	2048	0	2.034843e-02	1.955450e-02	0.0182302818,-0.002199332,0.00677720457,0.00345513993	0.0185567513,-0.00307551539,0.00687323883,0.00326193008
orig	28	479	a_softplus-6	6	16	1	1.543424e-02	2.347368e-02	0.0101351375,0.0251317639,0.104968563,0.00256744958	0.010229893,0.0234141983,0.101976976,0.00237409375
orig	28	480	gate-6	6	16	1	1.752182e-02	1.258144e-02	-0.0018457456,-0.0186763406,-0.0320136026,-0.00142342981	-0.00186300196,-0.0173999537,-0.0311012212,-0.00131623063
orig	28	481	beta_sigmoid-6	6	16	0	1.983542e-02	1.663581e-02	0.451126784,0.242153525,0.465093344,0.347774565	0.434490979,0.232688546,0.453821063,0.335636675
orig	28	482	state_predelta-6	6	262144	0	3.143865e-02	2.192879e-02	-0.000770997372,-0.000662454811,0.00122540526,0.000629970513	-0.000753104337,-0.000669799512,0.00124197186,0.000608742645
orig	28	483	new_state-6	6	262144	0	3.106800e-02	2.200854e-02	-0.000768014113,-0.000654896023,0.00120536599,0.000639371749	-0.000750385923,-0.000663374958,0.00122552156,0.000616333098
orig	28	484	attn_output-6	6	2048	0	1.945050e-02	2.877768e-04	4.62573225e-05,-6.93651316e-07,4.0648436e-05,-2.23722236e-05	4.71746753e-05,-1.68435827e-06,4.01711695e-05,-1.84568835e-05
orig	28	485	z-6	6	2048	0	1.956846e-02	1.414949e-01	1.48213398,0.216175914,0.505450845,0.396418214	1.50293684,0.22523275,0.5011729,0.394224286
orig	28	486	final_output-6	6	2048	0	5.208598e-02	2.678913e-02	0.0459214747,-7.84417207e-05,0.0119651994,-0.00533601223	0.0476962067,-0.000199362359,0.0117118992,-0.00437623262
orig	28	487	linear_attn_out-6	6	1024	0	6.572700e-02	8.543581e-03	-0.0371719971,-0.00830430444,0.0219075084,0.00347328791	-0.0457155779,-0.00852145441,0.0221889243,0.00431420002
orig	28	488	attn_residual-6	6	1024	0	3.445365e-02	8.463904e-03	-0.971462011,-0.107128851,-0.216025591,0.0134527665	-0.973866165,-0.105760776,-0.214783639,0.0123515064
orig	28	489	attn_post_norm-6	6	1024	0	3.810369e-02	1.512119e-01	-13.2012234,-1.78326929,-3.54978609,0.229111642	-13.1896486,-1.75461054,-3.51757836,0.209653005
orig	28	490	ffn_out-6	6	1024	0	6.687511e-02	9.158693e-03	0.0474500135,0.0189836677,-0.0352114663,0.0231171157	0.0512605421,0.0185831487,-0.0335457958,0.0221175849
orig	28	491	l_out-6	6	1024	0	3.409284e-02	9.826291e-03	-0.924012005,-0.0881451815,-0.251237065,0.0365698822	-0.922605634,-0.0871776268,-0.248329431,0.0344690904
orig	28	492	attn_norm-7	7	1024	0	3.455449e-02	1.591708e-01	-13.2852535,-1.34674597,-3.96404791,0.670291901	-13.2207994,-1.32752144,-3.90510559,0.62967968
orig	28	493	attn_pregate-7	7	2048	0	3.498262e-02	2.897296e-01	-0.0461364016,-0.0248920377,-0.331976831,-0.0663920045	-0.0409116372,-0.0644833744,-0.347840071,-0.0718952566
orig	28	494	attn_gated-7	7	2048	0	3.138271e-02	3.149793e-02	-0.0112745371,-0.00480308617,-0.0294269249,-0.0199099667	-0.00985775143,-0.012393876,-0.0317037739,-0.0217231847
orig	28	495	attn_output-7	7	1024	0	6.391802e-02	5.877763e-03	-0.0400447696,-0.00317557901,0.0117187239,-0.0414554812	-0.0426801071,-0.00299000554,0.0119790789,-0.039942801
orig	28	496	attn_residual-7	7	1024	0	3.856844e-02	1.011044e-02	-0.96405679,-0.0913207605,-0.239518344,-0.00488559902	-0.965285718,-0.0901676342,-0.236350358,-0.0054737106
orig	28	497	attn_post_norm-7	7	1024	0	4.427971e-02	1.779986e-01	-10.2907467,-1.41951597,-3.59011412,-0.0790205821	-10.2680798,-1.39672375,-3.53032613,-0.0882253349
orig	28	498	ffn_out-7	7	1024	0	7.511503e-02	6.974313e-03	0.00454127789,0.0351868235,0.00262653641,0.0425706357	-0.00189971924,0.0354804657,0.00163783692,0.0435493067
orig	28	499	l_out-7	7	1024	0	3.663713e-02	9.899907e-03	-0.959515512,-0.0561339371,-0.236891806,0.0376850367	-0.967185438,-0.0546871684,-0.234712526,0.0380755961
orig	28	500	attn_norm-8	8	1024	0	3.963902e-02	1.877208e-01	-15.8580379,-1.09751415,-4.2030201,0.791761875	-15.8930407,-1.06308949,-4.14044905,0.795375407
orig	28	501	conv_output_silu-8	8	6144	0	2.235985e-02	3.962064e-02	0.0129566425,-1.43028146e-05,-0.175091237,0.120489053	0.00959483441,0.000234904321,-0.176925257,0.116532311
orig	28	502	q_conv_predelta-8	8	2048	0	3.133719e-02	2.246322e-02	0.00482351193,-5.32466584e-06,-0.0651831403,0.0448557846	0.0035376586,8.66102782e-05,-0.0652331337,0.0429659858
orig	28	503	k_conv_predelta-8	8	2048	0	3.404224e-02	2.204167e-02	-0.0253357925,-0.106471188,0.0317135565,-0.00477374578	-0.0220000334,-0.101611026,0.0320154689,-0.00613074517
orig	28	504	v_conv_predelta-8	8	2048	0	3.446008e-02	3.962064e-02	0.354133815,-0.00176603952,-0.0272706598,0.00870243274	0.337144256,-0.00192757987,-0.0267938357,0.00861985143
orig	28	505	a_softplus-8	8	16	0	1.686297e-02	1.306722e-02	0.0619802773,0.00662120758,0.00869512185,0.000724529964	0.0656526312,0.00682937261,0.00871154852,0.000718097261
orig	28	506	gate-8	8	16	0	1.316944e-02	4.732639e-03	-0.0217571221,-0.00188224518,-0.00259043183,-0.000109387664	-0.0230462402,-0.0019414213,-0.0025953257,-0.000108416469
orig	28	507	beta_sigmoid-8	8	16	0	5.689104e-03	8.978963e-03	0.637748599,0.124736391,0.290862381,0.104685046	0.637148738,0.124907948,0.288204193,0.103957996
orig	28	508	state_predelta-8	8	262144	0	2.414287e-02	3.589237e-02	-0.035472855,-0.0120385531,0.0102783451,-0.00610702625	-0.0339465886,-0.0129990391,0.00941433758,-0.00694525894
orig	28	509	new_state-8	8	262144	0	2.422170e-02	3.593445e-02	-0.039181944,-0.0305748805,0.0156555455,-0.00681830198	-0.036957819,-0.0301828273,0.0147074107,-0.00784168672
orig	28	510	attn_output-8	8	2048	0	1.997245e-02	1.212552e-03	-6.7472407e-05,2.39012297e-05,-1.81609485e-05,-4.05187602e-05	-5.40965957e-05,2.5519701e-05,-1.93110136e-05,-3.65106207e-05
orig	28	511	z-8	8	2048	0	1.860355e-02	1.324160e-01	-0.0339760743,0.719698906,1.20827413,0.635672808	-0.0467952713,0.672445714,1.21086502,0.622114778
orig	28	512	final_output-8	8	2048	0	4.914308e-02	2.167350e-02	0.00103355257,0.00750132417,-0.0168604478,-0.0126675135	0.00113313203,0.00736186001,-0.0179655217,-0.0111111477
orig	28	513	linear_attn_out-8	8	1024	0	9.707865e-02	9.767443e-03	0.0170073919,0.00265205838,0.0162951294,6.98491931e-05	0.00723994896,0.00208228268,0.0157132,0.00172775798
orig	28	514	attn_residual-8	8	1024	0	3.964214e-02	1.743740e-02	-0.942508101,-0.0534818769,-0.220596671,0.0377548859	-0.9599455,-0.0526048839,-0.218999326,0.0398033559
orig	28	515	attn_post_norm-8	8	1024	0	4.514239e-02	1.419991e-01	-9.66348743,-0.795246661,-3.16765738,0.615608931	-9.77778053,-0.777080774,-3.12411404,0.64475739
orig	28	516	ffn_out-8	8	1024	0	8.422307e-02	6.003670e-03	0.0907248855,0.00655343104,-0.0110035194,-0.010795461	0.0967285559,0.00727548916,-0.0118195992,-0.0119930739
orig	28	517	l_out-8	8	1024	0	3.747781e-02	1.143372e-02	-0.851783216,-0.0469284467,-0.231600195,0.0269594248	-0.863216937,-0.0453293957,-0.230818927,0.027810283
orig	28	518	attn_norm-9	9	1024	0	4.161923e-02	1.880936e-01	-12.7025976,-0.851261616,-4.13832951,0.578944027	-12.8300323,-0.819504201,-4.110569,0.595217526
orig	28	519	conv_output_silu-9	9	6144	0	2.884005e-02	6.484514e-02	-0.0601454452,-0.061212752,0.0992908552,-0.0627170205	-0.0601191446,-0.0588450916,0.0922460184,-0.0621089675
orig	28	520	q_conv_predelta-9	9	2048	0	3.348208e-02	2.698162e-02	-0.0222799927,-0.0226753615,0.0367808342,-0.023232596	-0.022389818,-0.0219153296,0.0343546383,-0.0231308751
orig	28	521	k_conv_predelta-9	9	2048	0	3.718449e-02	2.083534e-02	0.0322637819,-0.00394924078,-0.0102363117,0.00544349244	0.0332641453,-0.00389185548,-0.00964589976,0.00511164311
orig	28	522	v_conv_predelta-9	9	2048	0	3.734886e-02	6.484514e-02	0.0133084226,-0.0084910132,-0.00214018091,-0.00840786844	0.0129587296,-0.00892981142,-0.00281190779,-0.00850315485
orig	28	523	a_softplus-9	9	16	0	2.233352e-02	3.903496e-02	6.37749326e-05,0.00349375536,0.0395387076,0.0434306636	6.60397636e-05,0.00342877302,0.0402676798,0.0431942455
orig	28	524	gate-9	9	16	0	2.903616e-02	1.162919e-02	-2.58682539e-05,-0.000476536836,-0.0134523679,-0.00803386513	-2.67869091e-05,-0.000467673439,-0.0137003884,-0.00799013209
orig	28	525	beta_sigmoid-9	9	16	0	1.461511e-02	9.104073e-03	0.0344799459,0.192967713,0.140962169,0.0944284573	0.033449728,0.18995674,0.139950469,0.0915325508
orig	28	526	state_predelta-9	9	262144	0	2.727519e-02	1.583971e-02	-0.0028526003,-0.000959697121,-0.000800659356,0.000191007028	-0.00273660361,-0.000962630089,-0.000714757422,0.000182973366
orig	28	527	new_state-9	9	262144	0	2.732991e-02	1.580800e-02	-0.00284125283,-0.000961052196,-0.000804215437,0.000192904161	-0.00272528152,-0.000963920378,-0.00071800017,0.000184697041
orig	28	528	attn_output-9	9	2048	0	1.560912e-02	2.251975e-04	2.77809468e-05,1.88742248e-07,-9.02158208e-05,-0.000112122034	2.14179981e-05,-8.40327084e-06,-8.803112e-05,-0.000109997265
orig	28	529	z-9	9	2048	0	1.964208e-02	1.426749e-01	0.131981045,-0.556342363,0.934648871,1.35046637	0.135872871,-0.554750323,0.887201309,1.34758651
orig	28	530	final_output-9	9	2048	0	5.194855e-02	2.070288e-02	0.00154249952,-2.86594186e-05,-0.0469160937,-0.0859441459	0.00123908324,0.00128669373,-0.0433084555,-0.0849485993
orig	28	531	linear_attn_out-9	9	1024	0	5.763982e-02	3.626920e-03	-0.135137215,0.000265778974,0.0307083242,0.00288569182	-0.134842157,-0.000505791977,0.0305010825,0.00495392084
orig	28	532	attn_residual-9	9	1024	0	3.709502e-02	1.113868e-02	-0.986920416,-0.0466626659,-0.200891867,0.0298451167	-0.998059094,-0.0458351895,-0.200317845,0.0327642038
orig	28	533	attn_post_norm-9	9	1024	0	4.230094e-02	1.486541e-01	-9.64294338,-0.638537467,-2.65426731,0.461872101	-9.72077465,-0.625220239,-2.63826895,0.505434871
orig	28	534	ffn_out-9	9	1024	0	7.512524e-02	5.226582e-03	-0.029403314,-0.0178712197,-0.0220200624,0.0180468187	-0.0241767317,-0.0177217964,-0.0205555353,0.018633984
orig	28	535	l_out-9	9	1024	0	3.676562e-02	1.033957e-02	-1.01632369,-0.0645338893,-0.222911924,0.0478919372	-1.02223587,-0.0635569841,-0.220873386,0.0513981879
orig	28	536	attn_norm-10	10	1024	0	3.984315e-02	2.015182e-01	-15.3933983,-1.01837182,-3.76082492,0.871183693	-15.4226265,-0.999048531,-3.7119143,0.931321979
orig	28	537	conv_output_silu-10	10	6144	0	2.984703e-02	7.044053e-02	-0.00775825419,-0.00619595218,0.00264703692,0.0641374364	-0.00812687259,-0.006146851,0.00271929288,0.0579942614
orig	28	538	q_conv_predelta-10	10	2048	0	2.684303e-02	2.014035e-02	-0.00981101301,-0.00783534069,0.00334741734,0.0811075792	-0.0102579938,-0.00775874779,0.00343237678,0.0732021704
orig	28	539	k_conv_predelta-10	10	2048	0	3.690457e-02	4.055220e-02	-0.0588235818,0.0504135787,0.0672518313,0.0304453336	-0.0603609048,0.0545441993,0.0704804286,0.0304190032
orig	28	540	v_conv_predelta-10	10	2048	0	3.024859e-02	1.422130e-02	-0.0101108681,-0.0116752125,0.00610421225,0.00569169316	-0.00989606977,-0.0129589085,0.00535779074,0.00616501132
orig	28	541	a_softplus-10	10	16	0	3.250146e-03	1.077795e-02	0.218974859,0.00108302571,3.40020251,0.0321530104	0.218749776,0.00109695806,3.38942456,0.0328870378
orig	28	542	gate-10	10	16	0	3.384644e-03	3.338933e-03	-0.167566255,-0.00628126366,-1.05333364,-0.00658351323	-0.167394012,-0.00636206754,-1.04999471,-0.0067338096
orig	28	543	beta_sigmoid-10	10	16	0	1.598209e-02	2.380484e-02	0.802256465,0.288932443,0.934916139,0.551036835	0.802939534,0.287011713,0.934273899,0.551321626
orig	28	544	state_predelta-10	10	262144	1	4.520947e-02	5.984235e-02	0.000347729569,0.000592363242,2.63383699e-05,-0.000330636656	0.000372823677,0.000628456357,-3.97958502e-06,-0.000327290472
orig	28	545	new_state-10	10	262144	0	4.498833e-02	5.982023e-02	0.000492642401,0.000330801588,-0.000204735203,-0.000382395141	0.000517020409,0.00034936177,-0.000238836234,-0.000378471654
orig	28	546	attn_output-10	10	2048	0	1.740771e-02	1.291330e-04	-8.3968489e-06,-7.34436207e-06,2.86146746e-06,7.64531433e-06	-8.31154375e-06,-7.90177819e-06,2.11642441e-06,8.09408812e-06
orig	28	547	z-10	10	2048	0	1.420045e-02	9.048915e-02	1.95731461,1.02304959,1.37910891,0.962022543	1.95827103,1.01047993,1.38844848,0.939899385
orig	28	548	final_output-10	10	2048	0	5.457035e-02	2.419987e-02	-0.0129304314,-0.00589865353,0.0030690697,0.00543794082	-0.0128068179,-0.00624746364,0.00228962395,0.00559016783
orig	28	549	linear_attn_out-10	10	1024	0	6.377997e-02	4.772199e-03	-0.041797936,0.0212934949,0.0337712839,-0.000684982166	-0.0427314714,0.0214840993,0.0326743871,-0.00402503461
orig	28	550	attn_residual-10	10	1024	0	3.660115e-02	1.119311e-02	-1.05812168,-0.0432403944,-0.189140648,0.0472069532	-1.06496739,-0.0420728847,-0.188198999,0.0473731533
orig	28	551	attn_post_norm-10	10	1024	0	4.044246e-02	1.401796e-01	-11.5533161,-0.582809269,-2.54111838,0.677717209	-11.5902147,-0.565227509,-2.52023768,0.677889585
orig	28	552	ffn_out-10	10	1024	0	6.695504e-02	5.343189e-03	0.168449923,-0.0103059877,-0.0239155777,0.00593265099	0.172960684,-0.00957274158,-0.0234425217,0.00453221798
orig	28	553	l_out-10	10	1024	0	3.566973e-02	1.188809e-02	-0.889671743,-0.053546384,-0.213056222,0.0531396046	-0.892006695,-0.0516456254,-0.21164152,0.0519053712
orig	28	554	attn_norm-11	11	1024	0	3.745980e-02	1.831739e-01	-11.2818956,-0.70822674,-3.00941753,0.8276667	-11.2825298,-0.681336761,-2.98177719,0.806372225
orig	28	555	attn_pregate-11	11	2048	0	5.104057e-02	6.689925e-01	0.151145861,-0.0450963825,0.231342539,-0.0265922174	0.159687757,-0.0226713009,0.228680238,-0.038169764
orig	28	556	attn_gated-11	11	2048	0	4.425874e-02	3.312725e-02	0.00747949816,-0.00374710839,0.018884588,-0.00235200999	0.00760559412,-0.00182144286,0.0178287514,-0.00331790955
orig	28	557	attn_output-11	11	1024	0	7.399044e-02	4.676953e-03	-0.0556160733,7.32280314e-05,-0.00822224282,0.0133463144	-0.0534389913,0.000901594758,-0.00860706903,0.0116255693
orig	28	558	attn_residual-11	11	1024	0	3.739433e-02	1.088347e-02	-0.945287824,-0.0534731559,-0.221278459,0.0664859191	-0.945445657,-0.0507440306,-0.220248595,0.0635309368
orig	28	559	attn_post_norm-11	11	1024	0	4.120813e-02	1.439568e-01	-9.55428696,-0.766756177,-3.02771997,0.979444146	-9.55056477,-0.727218211,-3.01195168,0.935391784
orig	28	560	ffn_out-11	11	1024	0	6.534840e-02	6.428316e-03	0.145775229,0.0187966898,-0.0104018329,-0.000531332567	0.152203545,0.0188274309,-0.0112457369,0.00315853488
orig	28	561	l_out-11	11	1024	0	3.710294e-02	1.111704e-02	-0.799512625,-0.0346764661,-0.231680289,0.0659545884	-0.793242097,-0.0319165997,-0.231494337,0.0666894689
orig	28	562	attn_norm-12	12	1024	0	3.980332e-02	2.345366e-01	-12.7669182,-0.624739826,-4.34865427,1.32249212	-12.6772985,-0.575494528,-4.34876919,1.33833718
orig	28	563	conv_output_silu-12	12	6144	0	3.079959e-02	7.585567e-02	-0.0115379849,-0.111473471,0.0557291843,-0.17899473	-0.0107267704,-0.109583959,0.0589624308,-0.182923675
orig	28	564	q_conv_predelta-12	12	2048	0	2.761790e-02	1.530759e-02	-0.00787276402,-0.0760621876,0.038025938,-0.122134261	-0.00728102354,-0.0743824393,0.0400220044,-0.124163337
orig	28	565	k_conv_predelta-12	12	2048	0	3.720480e-02	2.804711e-02	0.0625781044,-0.0095088901,0.0647523031,-0.00374752656	0.0674467385,-0.0113168079,0.0660749301,-0.00347335963
orig	28	566	v_conv_predelta-12	12	2048	0	3.061201e-02	5.601466e-02	-0.00135608041,0.00851749629,0.0148236128,-0.00162361399	-0.00193905982,0.00813600421,0.0144171361,-0.000840572815
orig	28	567	a_softplus-12	12	16	0	4.431346e-02	1.677862e-02	0.000263298658,0.00291363709,0.000516877102,0.000849362987	0.000253406848,0.00305495458,0.000512826082,0.000856152154
orig	28	568	gate-12	12	16	0	4.525259e-02	1.590896e-02	-5.30760844e-05,-0.00171954266,-5.36338339e-05,-0.000241452843	-5.10820828e-05,-0.00180294411,-5.321348e-05,-0.000243382834
orig	28	569	beta_sigmoid-12	12	16	0	1.208799e-02	9.176165e-03	0.150392607,0.425334394,0.0768290535,0.0984402448	0.15357703,0.428132892,0.0777384192,0.100228772
orig	28	570	state_predelta-12	12	262144	0	2.528621e-02	4.733306e-02	-0.000602872635,0.000143206838,-0.000243687522,-0.00019395331	-0.000625296845,0.000141185024,-0.000227747165,-0.000188443373
orig	28	571	new_state-12	12	262144	0	2.507329e-02	4.745519e-02	-0.000572919322,0.000138652627,-0.000212713683,-0.000195734872	-0.000599829131,0.000136909977,-0.000202817115,-0.000189743645
orig	28	572	attn_output-12	12	2048	0	1.719077e-02	2.212018e-03	-5.62808636e-05,4.10983303e-05,8.29007113e-05,-0.000109444023	-5.42398957e-05,4.01755169e-05,8.41837464e-05,-0.00010494126
orig	28	573	z-12	12	2048	0	1.811897e-02	1.983552e-01	0.0643196404,0.914227962,0.50728178,-0.0265292972	0.0691732019,0.915893793,0.521030545,-0.0374936163
orig	28	574	final_output-12	12	2048	0	4.093416e-02	3.480929e-02	-0.00125182897,0.018868573,0.0145716118,0.000992729561	-0.00130038115,0.0184853803,0.0152749764,0.00133768027
orig	28	575	linear_attn_out-12	12	1024	0	5.102604e-02	3.333868e-03	-0.300168544,0.0159372911,0.0169313625,0.024809381	-0.301456928,0.0162030719,0.0174463298,0.0238841362
orig	28	576	attn_residual-12	12	1024	0	3.560559e-02	1.169867e-02	-1.09968114,-0.0187391751,-0.214748919,0.0907639712	-1.09469903,-0.0157135278,-0.214048013,0.0905736089
orig	28	577	attn_post_norm-12	12	1024	0	3.864595e-02	1.413855e-01	-10.2341137,-0.269834965,-2.82878971,1.28069174	-10.2090607,-0.226740494,-2.82545567,1.28067923
orig	28	578	ffn_out-12	12	1024	0	6.836824e-02	6.415974e-03	0.136090204,-0.0413997546,-0.0228377711,0.0189259537	0.137315229,-0.0403125361,-0.0229917578,0.0190647673
orig	28	579	l_out-12	12	1024	0	3.393553e-02	1.219200e-02	-0.96359092,-0.0601389296,-0.237586692,0.109689921	-0.957383811,-0.0560260639,-0.237039775,0.109638378
orig	28	580	attn_norm-13	13	1024	0	3.650740e-02	2.534513e-01	-13.8685141,-0.981146336,-3.94854593,2.03124666	-13.8038855,-0.915685296,-3.94652057,2.03393269
orig	28	581	conv_output_silu-13	13	6144	0	3.012588e-02	1.369410e-01	-0.24457711,-0.19058457,-0.008616779,-0.0449291579	-0.24504751,-0.194567665,-0.00911559723,-0.0457605496
orig	28	582	q_conv_predelta-13	13	2048	0	2.457404e-02	2.241650e-02	-0.0811028406,-0.0631986782,-0.00285736169,-0.0148987053	-0.0834959671,-0.0662957802,-0.00310599175,-0.0155921653
orig	28	583	k_conv_predelta-13	13	2048	0	3.237158e-02	2.487940e-02	-0.00513426168,-0.012739568,0.63671124,-0.014056229	-0.00561056798,-0.0127315028,0.642505944,-0.0154709499
orig	28	584	v_conv_predelta-13	13	2048	0	2.561086e-02	2.784979e-02	0.00158990268,0.00134884985,-0.0132655902,-0.00703889923	0.00246177241,0.00113849342,-0.0128957359,-0.00704779243
orig	28	585	a_softplus-13	13	16	0	1.078106e-02	1.298231e-02	0.00103479705,0.0886124223,0.362527281,0.00544007402	0.00106873608,0.0898122489,0.37550959,0.00543047022
orig	28	586	gate-13	13	16	0	2.469527e-02	6.527916e-03	-0.000278511841,-0.101992279,-0.182290167,-0.0013022651	-0.000287646428,-0.103373267,-0.188818082,-0.00129996613
orig	28	587	beta_sigmoid-13	13	16	0	6.278479e-03	6.452799e-03	0.255849063,0.495924115,0.442525715,0.232767001	0.256700516,0.502376914,0.441790581,0.233877301
orig	28	588	state_predelta-13	13	262144	0	3.224644e-02	2.908064e-02	0.000327392685,0.000460605603,0.000186953053,-9.10941744e-05	0.000320622552,0.000460722018,0.000415566785,-0.000282643188
orig	28	589	new_state-13	13	262144	0	3.187421e-02	2.366483e-02	0.000324704451,0.000454033347,0.000508965575,-9.81788035e-05	0.000316771824,0.000452060689,0.000845861505,-0.000292925892
orig	28	590	attn_output-13	13	2048	0	1.894219e-02	1.247595e-04	2.27587389e-05,1.18064117e-05,-2.37068689e-05,-3.60867234e-05	2.48216074e-05,1.37994039e-05,-2.24612322e-05,-3.08263552e-05
orig	28	591	z-13	13	2048	0	2.077221e-02	1.695957e-01	0.343717247,1.21878898,-0.226307392,1.47855783	0.339729726,1.25494361,-0.252135068,1.43161964
orig	28	592	final_output-13	13	2048	0	4.619551e-02	2.049251e-02	0.00457433704,0.0111820661,0.00238166074,-0.0424661674	0.00491787121,0.0135533698,0.00247543887,-0.0347779617
orig	28	593	linear_attn_out-13	13	1024	0	6.529633e-02	8.482024e-03	-0.190298989,-0.00840401091,0.0234761462,0.00265823491	-0.198781013,-0.00845379848,0.0220738277,0.00393545162
orig	28	594	attn_residual-13	13	1024	0	3.392904e-02	1.105838e-02	-1.15388989,-0.0685429424,-0.214110553,0.112348154	-1.15616488,-0.0644798651,-0.21496594,0.113573827
orig	28	595	attn_post_norm-13	13	1024	0	3.619545e-02	1.564858e-01	-10.7083902,-0.962010682,-2.7733748,1.45033371	-10.7406044,-0.905921161,-2.7873354,1.46767342
orig	28	596	ffn_out-13	13	1024	0	6.065286e-02	5.947595e-03	0.089046225,0.000976750627,-0.00237834547,-0.0122518353	0.0890647173,-0.000450564548,-0.00120631745,-0.0123658963
orig	28	597	l_out-13	13	1024	0	3.431519e-02	1.124762e-02	-1.06484365,-0.0675661936,-0.216488898,0.100096315	-1.06710017,-0.0649304315,-0.216172263,0.101207927
orig	28	598	attn_norm-14	14	1024	0	3.642359e-02	1.906666e-01	-14.402998,-1.03174567,-3.06833053,1.64707494	-14.4318724,-0.991384089,-3.06349301,1.66517627
orig	28	599	conv_output_silu-14	14	6144	0	1.785582e-02	5.891299e-02	-0.185617507,-0.0542343482,-0.24190627,-0.222483337	-0.186815038,-0.0531998836,-0.242716968,-0.219933897
orig	28	600	q_conv_predelta-14	14	2048	0	2.109029e-02	1.688483e-02	-0.0433497354,-0.0126660718,-0.0564955994,-0.0519595034	-0.0435399152,-0.0123989927,-0.0565686561,-0.0512587391
orig	28	601	k_conv_predelta-14	14	2048	0	3.618896e-02	2.923615e-02	-0.0092264656,-0.0501781814,-0.0317735262,0.0037616177	-0.0103726676,-0.0485583544,-0.0315449946,0.00396197475
orig	28	602	v_conv_predelta-14	14	2048	0	2.904634e-02	5.891299e-02	0.00887933467,0.000551674748,0.0135307685,0.00124768936	0.00963928178,0.000701343466,0.0136953248,7.22026161e-05
orig	28	603	a_softplus-14	14	16	0	1.816693e-02	8.266032e-03	0.0249614436,0.00408849632,0.00593945291,0.000177010123	0.0249019116,0.00398983294,0.00599621469,0.000175222303
orig	28	604	gate-14	14	16	0	1.701065e-02	2.200380e-03	-0.00785446633,-0.00068325625,-0.00394880865,-0.000532599341	-0.0078357337,-0.000666767941,-0.0039865463,-0.000527220021
orig	28	605	beta_sigmoid-14	14	16	0	8.019113e-03	8.499831e-03	0.501125932,0.129986495,0.286459208,0.214612797	0.495119929,0.126784146,0.280430764,0.213731781
orig	28	606	state_predelta-14	14	262144	0	2.916869e-02	2.739108e-02	-0.00215508346,-0.00972208008,-0.00125938782,-0.00301198312	-0.002058835,-0.00961211137,-0.00121837272,-0.00298206299
orig	28	607	new_state-14	14	262144	0	2.936951e-02	2.747467e-02	-0.00215072767,-0.00971402414,-0.00129259797,-0.00298332004	-0.00206198473,-0.00962706003,-0.00126731221,-0.00295144645
orig	28	608	attn_output-14	14	2048	0	1.347308e-02	1.439485e-04	1.21721505e-05,8.15532439e-06,7.77511741e-06,-9.88594547e-06	1.30588987e-05,7.508615e-06,6.66781398e-06,-8.88494287e-06
orig	28	609	z-14	14	2048	0	1.495531e-02	1.492524e-01	-0.0582280904,1.11866188,1.28519964,1.41388404	-0.0400034189,1.14199042,1.26429343,1.42977893
orig	28	610	final_output-14	14	2048	0	4.660662e-02	3.051230e-02	-0.000361092476,0.00686607556,0.00785700046,-0.0102698542	-0.000268719537,0.00649211695,0.00660008704,-0.0093652634
orig	28	611	linear_attn_out-14	14	1024	0	5.635000e-02	5.629268e-03	0.233566821,-0.0491480082,-0.0133349225,0.000277081504	0.228889003,-0.0522630066,-0.0167964231,0.00217420794
orig	28	612	attn_residual-14	14	1024	0	3.670589e-02	1.420321e-02	-0.831276834,-0.116714202,-0.229823828,0.100373395	-0.838211179,-0.117193438,-0.232968688,0.103382133
orig	28	613	attn_post_norm-14	14	1024	0	3.694390e-02	1.700526e-01	-7.79384232,-1.53471553,-2.83577538,1.20189238	-7.84787226,-1.5388633,-2.87056184,1.23618937
orig	28	614	ffn_out-14	14	1024	0	5.054435e-02	7.817694e-03	0.257919192,0.0248017199,-0.0266890898,-0.0237359889	0.251781821,0.020627588,-0.0288112499,-0.0290345047
orig	28	615	l_out-14	14	1024	0	3.549609e-02	1.596750e-02	-0.573357642,-0.0919124782,-0.25651291,0.0766374022	-0.586429358,-0.0965658501,-0.261779934,0.0743476301
orig	28	616	attn_norm-15	15	1024	0	3.545268e-02	1.652639e-01	-5.1777463,-0.927720726,-2.58347821,0.767474413	-5.28781748,-0.973222136,-2.63255572,0.743422806
orig	28	617	attn_pregate-15	15	2048	0	2.498385e-02	3.401031e-01	-0.249241933,0.215104029,0.240920737,0.130373538	-0.25754863,0.21408318,0.239803821,0.140477002
orig	28	618	attn_gated-15	15	2048	0	2.072900e-02	3.590149e-02	-0.0207171254,0.0162655003,0.00254596514,0.0327514447	-0.0212357081,0.0165057313,0.00251938403,0.0346529372
orig	28	619	attn_output-15	15	1024	0	5.611760e-02	8.533180e-03	-0.26784426,-0.0259658545,-0.0815073103,0.0790624917	-0.25931108,-0.0261504501,-0.0825303644,0.0805450529
orig	28	620	attn_residual-15	15	1024	0	3.642400e-02	1.459181e-02	-0.841201901,-0.117878333,-0.338020205,0.155699894	-0.845740438,-0.1227163,-0.344310284,0.154892683
orig	28	621	attn_post_norm-15	15	1024	0	3.698720e-02	1.571240e-01	-6.26926947,-1.38914406,-3.79894781,1.62375319	-6.29635191,-1.44461048,-3.86550164,1.61360717
orig	28	622	ffn_out-15	15	1024	0	5.921191e-02	1.491766e-02	0.0562952161,0.0389623605,0.105007961,0.0434729978	0.0712128729,0.0387006737,0.105552733,0.0411568098
orig	28	623	l_out-15	15	1024	0	3.519418e-02	1.650231e-02	-0.784906685,-0.0789159685,-0.233012244,0.199172884	-0.77452755,-0.0840156227,-0.238757551,0.196049497
orig	28	624	attn_norm-16	16	1024	0	3.570442e-02	2.237432e-01	-7.4843626,-1.08229125,-2.66180706,2.54902887	-7.37906837,-1.15124357,-2.72510242,2.50690675
orig	28	625	conv_output_silu-16	16	6144	0	1.635000e-02	7.686377e-02	-0.0533114634,0.134913757,0.109482683,-0.171837181	-0.0468983278,0.140107855,0.116212584,-0.169808626
orig	28	626	q_conv_predelta-16	16	2048	0	1.772467e-02	1.632062e-02	-0.0039512217,0.00999924075,0.00811439659,-0.0127358502	-0.00348574179,0.0104135871,0.0086375596,-0.0126211122
orig	28	627	k_conv_predelta-16	16	2048	0	2.677649e-02	1.481862e-02	0.0846972018,0.0368597694,0.0755008757,-0.0330478102	0.0863704681,0.0376870222,0.0792519748,-0.0339939259
orig	28	628	v_conv_predelta-16	16	2048	0	1.459662e-02	4.382992e-02	-0.277278155,-0.000867798924,0.878570139,-0.0558791757	-0.277058959,-0.00131600047,0.880939424,-0.0551942438
orig	28	629	a_softplus-16	16	16	0	1.869917e-02	3.753293e-02	0.000133147914,0.00985270645,0.00103443989,0.042461466	0.000141133845,0.010237799,0.0010370597,0.0437896922
orig	28	630	gate-16	16	16	0	1.485368e-02	9.269983e-03	-2.70506407e-05,-0.00399643416,-0.000123546226,-0.00918293651	-2.8673081e-05,-0.00415263465,-0.000123859121,-0.00947018526
orig	28	631	beta_sigmoid-16	16	16	0	1.328311e-02	2.142429e-02	0.102955446,0.308447719,0.49402675,0.213240102	0.106272757,0.307947129,0.492780894,0.217960015
orig	28	632	state_predelta-16	16	262144	0	3.140897e-02	1.094466e-01	-0.0270139966,-0.006666556,-0.00221748161,0.0337607861	-0.0272981599,-0.00811906438,-0.00223751948,0.0342562981
orig	28	633	new_state-16	16	262144	3	3.139037e-02	1.084146e-01	-0.0279324856,-0.00706641562,-0.0030368336,0.0341185406	-0.0282756016,-0.00854567159,-0.0031350567,0.0346403271
orig	28	634	attn_output-16	16	2048	0	1.745671e-02	2.031945e-03	-0.0042688665,-0.000100443103,0.00906938687,-0.000335664692	-0.00419584243,-9.04885819e-05,0.00904285721,-0.000329929928
orig	28	635	z-16	16	2048	0	1.695339e-02	1.930033e-01	-0.585023224,-0.0744126141,-7.11046171,-0.0600153804	-0.592111647,-0.0992951021,-7.11108685,-0.106223896
orig	28	636	final_output-16	16	2048	0	3.621084e-02	5.176681e-02	0.181527182,0.000756129972,-0.0123449191,0.00201637181	0.181648418,0.000906663423,-0.0124312649,0.00346041331
orig	28	637	linear_attn_out-16	16	1024	0	5.036111e-02	1.025453e-02	-0.476281941,-0.0459903702,-0.171131909,0.0769645795	-0.466027409,-0.041300416,-0.171959937,0.0753668994
orig	28	638	attn_residual-16	16	1024	0	3.401402e-02	2.063370e-02	-1.26118863,-0.124906339,-0.404144168,0.276137471	-1.24055493,-0.125316039,-0.410717487,0.271416396
orig	28	639	attn_post_norm-16	16	1024	0	3.500686e-02	1.515567e-01	-7.5278511,-1.2552861,-3.97552562,2.2694931	-7.41808844,-1.26168203,-4.04749632,2.23472786
orig	28	640	ffn_out-16	16	1024	0	5.041889e-02	1.194900e-02	0.225225031,0.0340355523,-0.0265827253,0.222518891	0.213276029,0.0346802548,-0.0268901307,0.219461441
orig	28	641	l_out-16	16	1024	0	3.399752e-02	1.701689e-02	-1.03596354,-0.0908707827,-0.430726886,0.498656362	-1.0272789,-0.090635784,-0.437607616,0.490877837
orig	28	642	attn_norm-17	17	1024	0	3.459455e-02	2.061241e-01	-8.98506641,-1.05957842,-4.69509268,5.29182196	-8.93012619,-1.05925608,-4.78100729,5.22119236
orig	28	643	conv_output_silu-17	17	6144	0	8.248165e-03	7.603836e-02	-0.200652659,0.0139287952,-0.172167182,-0.013073191	-0.201828182,0.0154989567,-0.178364918,-0.0123134051
orig	28	644	q_conv_predelta-17	17	2048	0	1.310334e-02	1.644026e-02	-0.0157782994,0.00109528925,-0.0135383476,-0.00102800888	-0.0158386752,0.00121629657,-0.0139973694,-0.000966307125
orig	28	645	k_conv_predelta-17	17	2048	0	1.913832e-02	2.027918e-02	-0.0227209758,-0.0528275296,-0.0453931615,-0.0569717214	-0.0227245484,-0.0533959083,-0.0455933101,-0.0574884154
orig	28	646	v_conv_predelta-17	17	2048	0	1.618461e-02	5.735314e-02	-0.0899752825,-0.25764218,0.0161948912,-0.267395854	-0.0903830826,-0.25906384,0.0166253075,-0.267072976
orig	28	647	a_softplus-17	17	16	0	3.048771e-02	9.587586e-03	0.000817084219,0.00197430141,0.118193775,0.0245093983	0.000853055331,0.00196157116,0.120947085,0.0259022098
orig	28	648	gate-17	17	16	0	3.038806e-02	1.666073e-03	-0.000192564214,-0.000511019316,-0.0298840664,-0.00853665452	-0.000201041606,-0.000507724297,-0.0305802114,-0.00902177207
orig	28	649	beta_sigmoid-17	17	16	0	1.132212e-02	1.125577e-02	0.426629007,0.0389422476,0.813383222,0.306803286	0.435281873,0.0391434133,0.818879187,0.312285393
orig	28	650	state_predelta-17	17	262144	1	2.590856e-02	5.226797e-02	0.00296234502,0.0280204751,0.016885275,0.0210120268	0.00337926834,0.0281032417,0.0170080829,0.0209770948
orig	28	651	new_state-17	17	262144	0	2.631625e-02	5.228680e-02	0.00277695921,0.0275853742,0.0165127907,0.0205445662	0.00316552119,0.0275969468,0.0165771749,0.0204338599
orig	28	652	attn_output-17	17	2048	0	1.496893e-02	2.517611e-03	-0.000342737825,-0.000685945153,4.58130744e-05,-0.000576936989	-0.00034341024,-0.000679852092,4.86337412e-05,-0.000579110929
orig	28	653	z-17	17	2048	0	1.675690e-02	1.429293e-01	0.307972789,-0.374717534,-1.16224384,-1.71582222	0.308226615,-0.362230569,-1.13060236,-1.75523961
orig	28	654	final_output-17	17	2048	0	4.066367e-02	5.293521e-02	-0.0373392664,0.071104385,-0.00596371526,0.0912046582	-0.0376243219,0.0689533129,-0.00633800961,0.0909931809
orig	28	655	linear_attn_out-17	17	1024	0	4.714881e-02	5.641241e-03	-0.645369232,-0.0013660118,-0.0021430552,0.0490975678	-0.647358418,-0.00213010609,-0.00195737928,0.0491393618
orig	28	656	attn_residual-17	17	1024	0	3.296550e-02	1.779861e-02	-1.68133283,-0.0922367945,-0.432869941,0.54775393	-1.67463732,-0.0927658901,-0.439565003,0.540017188
orig	28	657	attn_post_norm-17	17	1024	0	3.492944e-02	1.605420e-01	-8.26447392,-0.795096219,-3.60039115,4.00551081	-8.25388432,-0.801825523,-3.66599107,3.9596436
orig	28	658	ffn_out-17	17	1024	0	5.748177e-02	8.563314e-03	0.0509794876,0.0154553438,-0.0414784029,0.176851615	0.0445676781,0.0114284437,-0.0439939536,0.174178451
orig	28	659	l_out-17	17	1024	0	3.314841e-02	1.951337e-02	-1.63035333,-0.0767814517,-0.474348336,0.72460556	-1.63006961,-0.0813374445,-0.483558953,0.714195609
orig	28	660	attn_norm-18	18	1024	0	3.353255e-02	2.012911e-01	-12.9757147,-0.804113925,-4.78089762,7.10174179	-12.9958973,-0.853301167,-4.88216019,7.0118227
orig	28	661	conv_output_silu-18	18	6144	0	8.474977e-03	5.776286e-02	-0.13146244,-0.253188968,-0.0884656012,-0.127856135	-0.139931157,-0.244855613,-0.0921269059,-0.129204392
orig	28	662	q_conv_predelta-18	18	2048	0	1.438664e-02	1.598826e-02	-0.0339333192,-0.0653535873,-0.0228348989,-0.0330024511	-0.0362496115,-0.0634306297,-0.0238657687,-0.0334708095
orig	28	663	k_conv_predelta-18	18	2048	0	1.611913e-02	1.302710e-02	-0.0333168097,-0.0592868291,-0.0721446052,-0.0642738119	-0.0347422697,-0.0598433353,-0.0720678642,-0.0642896369
orig	28	664	v_conv_predelta-18	18	2048	0	1.406041e-02	5.278492e-02	0.010964063,-0.255990595,0.00698810304,-0.21863538	0.0123747941,-0.255695581,0.00671003247,-0.218352482
orig	28	665	a_softplus-18	18	16	0	3.189800e-02	2.107340e-02	3.11131407e-05,0.694358826,0.00317010935,0.450006902	3.1351552e-05,0.679344893,0.00303166057,0.464296997
orig	28	666	gate-18	18	16	0	3.251605e-02	4.629210e-03	-1.29698865e-05,-0.139969751,-0.000944432162,-0.121117719	-1.30692706e-05,-0.136943221,-0.000903185806,-0.124963842
orig	28	667	beta_sigmoid-18	18	16	0	4.534540e-03	7.441729e-03	0.17767255,0.818116963,0.211591855,0.853201687	0.178174779,0.821080804,0.210686296,0.859568775
orig	28	668	state_predelta-18	18	262144	0	2.283453e-02	7.019281e-02	0.00866354816,0.00190619915,-0.0026799757,0.0109562352	0.00859340653,0.00168995582,-0.00263308804,0.0105223535
orig	28	669	new_state-18	18	262144	1	2.279623e-02	6.892633e-02	0.00843569729,0.0015009176,-0.00317308726,0.0105167469	0.00835832115,0.00128519256,-0.00312047359,0.0100874035
orig	28	670	attn_output-18	18	2048	0	9.742231e-03	1.645327e-03	-0.000774436805,-0.0061719534,2.04708176e-05,-0.0111220134	-0.00068396586,-0.00596623216,0.00012560394,-0.011191519
orig	28	671	z-18	18	2048	0	1.506553e-02	1.919954e-01	-2.14829731,0.0168936253,-0.972720802,-2.03069353	-2.07372999,0.0135679841,-0.954590201,-1.96849239
orig	28	672	final_output-18	18	2048	0	4.184508e-02	7.015377e-02	0.00558853522,-0.00197722903,-0.000187635829,0.0856499523	0.00505846553,-0.00152243813,-0.00113721238,0.0876684859
orig	28	673	linear_attn_out-18	18	1024	0	3.730986e-02	7.687390e-03	-0.781493306,0.0225685444,0.0579908192,0.0350882821	-0.773805916,0.0245788675,0.0590501726,0.0346601009
orig	28	674	attn_residual-18	18	1024	0	3.079936e-02	1.913112e-02	-2.41184664,-0.0542129055,-0.416357517,0.759693861	-2.40387559,-0.0567585751,-0.42450878,0.74885571
orig	28	675	attn_post_norm-18	18	1024	0	3.325500e-02	1.337848e-01	-11.8203402,-0.412985116,-3.22446012,5.04177904	-11.8139067,-0.433575273,-3.29669333,4.98361635
orig	28	676	ffn_out-18	18	1024	0	4.937009e-02	2.130280e-02	-0.120439582,0.0504381247,-0.047498215,0.148006842	-0.0991367772,0.049566336,-0.0461481474,0.142831311
orig	28	677	l_out-18	18	1024	0	3.068298e-02	2.927375e-02	-2.53228617,-0.00377478078,-0.463855743,0.907700717	-2.50301242,-0.00719223917,-0.470656931,0.891687036
orig	28	678	attn_norm-19	19	1024	0	3.040337e-02	1.452827e-01	-12.6662302,-0.0210002419,-2.65981221,5.14644861	-12.577136,-0.0401958115,-2.71116924,5.07880497
orig	28	679	attn_pregate-19	19	2048	0	1.969015e-02	1.490372e-01	-0.105903998,-0.128961548,-0.274164051,0.367653161	-0.102474235,-0.136336416,-0.272528648,0.368025512
orig	28	680	attn_gated-19	19	2048	0	1.963063e-02	5.727708e-02	-0.0073118275,-0.0128512895,-0.0270599891,0.0259440448	-0.00690661371,-0.0133185452,-0.0271621812,0.0254083667
orig	28	681	attn_output-19	19	1024	0	6.902096e-02	1.410145e-02	-0.417872667,-0.0295018852,-0.134722859,0.36820069	-0.403771222,-0.0279821306,-0.133951157,0.371673971
orig	28	682	attn_residual-19	19	1024	0	3.203507e-02	4.337525e-02	-2.95015883,-0.033276666,-0.598578572,1.27590144	-2.90678358,-0.0351743698,-0.604608059,1.26336098
orig	28	683	attn_post_norm-19	19	1024	0	3.393748e-02	1.624246e-01	-13.8422308,-0.231107429,-3.8008194,6.73328638	-13.7243042,-0.245820105,-3.86319757,6.7089467
orig	28	684	ffn_out-19	19	1024	0	4.665109e-02	1.484162e-02	0.644663632,0.0331581049,-0.064722687,-0.219453245	0.659505248,0.0313766375,-0.061862547,-0.21172218
orig	28	685	l_out-19	19	1024	0	3.591476e-02	5.821705e-02	-2.30549526,-0.000118561089,-0.663301229,1.05644822	-2.24727821,-0.00379773229,-0.666470587,1.05163884
orig	28	686	attn_norm-20	20	1024	0	3.610495e-02	2.661667e-01	-13.3450146,-0.000964063744,-5.02637959,7.16872311	-13.0788479,-0.0310488679,-5.0778904,7.17493629
orig	28	687	conv_output_silu-20	20	6144	0	1.290183e-02	1.581516e-01	-0.0225913171,-0.156157121,-0.20544596,0.0911047384	-0.0119032608,-0.155070245,-0.20365268,0.0953139737
orig	28	688	q_conv_predelta-20	20	2048	0	1.353507e-02	9.639103e-03	-0.00520725269,-0.0359939002,-0.047354877,0.0209994577	-0.0027301074,-0.0355665907,-0.0467093587,0.0218610168
orig	28	689	k_conv_predelta-20	20	2048	0	1.627349e-02	1.614566e-02	-0.0390358716,-0.0183768068,-0.000466034311,-0.0480917729	-0.0388084874,-0.0178628787,-0.000869518553,-0.0477683991
orig	28	690	v_conv_predelta-20	20	2048	0	1.339032e-02	5.190647e-02	-0.0953221247,0.0793726966,0.0344707482,0.0202280376	-0.09620554,0.0779899657,0.0327582099,0.0197520237
orig	28	691	a_softplus-20	20	16	0	7.783457e-03	2.705026e-02	0.0388989896,0.0295929164,0.0123605179,0.192095816	0.0413626581,0.0319291539,0.0123344958,0.207810432
orig	28	692	gate-20	20	16	0	6.758819e-03	1.224023e-02	-0.00867953803,-0.00514247781,-0.00225101761,-0.0550363734	-0.00922925677,-0.00554845482,-0.00224627857,-0.0595386885
orig	28	693	beta_sigmoid-20	20	16	0	5.790851e-03	1.112020e-02	0.947267413,0.985690534,0.903468072,0.336959124	0.950048506,0.986421347,0.906057775,0.342321575
orig	28	694	state_predelta-20	20	262144	0	2.483841e-02	5.082166e-02	0.00721364561,0.00256905053,-0.000730658998,0.0104246801	0.00711823255,0.00249579991,-0.000977492076,0.0106012942
orig	28	695	new_state-20	20	262144	0	2.415596e-02	4.851568e-02	0.00565762585,0.00184367364,-0.00074217713,0.00849439297	0.00551180914,0.00176356197,-0.00100303942,0.00860708673
orig	28	696	attn_output-20	20	2048	0	1.200550e-02	3.009947e-03	-0.00681803701,0.005568719,0.00234758668,0.00157093513	-0.00687135663,0.00549613591,0.00222805189,0.00154960772
orig	28	697	z-20	20	2048	0	1.460922e-02	1.727905e-01	0.202752978,-2.93263555,1.13586974,1.55573702	0.193690568,-2.91149592,1.09749556,1.56733882
orig	28	698	final_output-20	20	2048	0	4.552804e-02	2.693887e-01	-0.0373360515,-0.0428640544,0.0957371593,0.0891541764	-0.0358085521,-0.0428620428,0.0869872421,0.0888000503
orig	28	699	linear_attn_out-20	20	1024	0	3.627606e-02	9.385783e-03	-2.11762547,-0.00213114917,-0.0391888618,0.551483035	-2.1120348,-0.000987291336,-0.0410474837,0.546193719
orig	28	700	attn_residual-20	20	1024	0	3.206406e-02	6.380749e-02	-4.4231205,-0.00224971026,-0.702490091,1.60793126	-4.35931301,-0.00478502363,-0.707518101,1.59783256
orig	28	701	attn_post_norm-20	20	1024	0	3.596436e-02	1.435113e-01	-14.7977419,-0.0131889656,-4.16778088,7.43438625	-14.6584578,-0.0281949807,-4.21896362,7.4252739
orig	28	702	ffn_out-20	20	1024	0	6.284845e-02	1.201635e-02	0.350739866,0.0275562406,-0.1441755,-0.0143855661	0.35404107,0.0281038918,-0.143278509,-0.0110252202
orig	28	703	l_out-20	20	1024	0	3.384513e-02	6.710863e-02	-4.07238054,0.0253065303,-0.846665621,1.59354568	-4.00527191,0.0233188681,-0.85079658,1.58680737
orig	28	704	attn_norm-21	21	1024	0	3.564804e-02	2.154980e-01	-18.5220432,0.176718324,-5.39373207,9.44407845	-18.3065453,0.163640305,-5.44674492,9.45046425
orig	28	705	conv_output_silu-21	21	6144	0	8.427144e-03	1.784925e-01	-0.0101829963,-0.184943512,-0.229517564,-0.109510638	0.011317336,-0.185097352,-0.227253497,-0.107406251
orig	28	706	q_conv_predelta-21	21	2048	0	1.008599e-02	1.153153e-02	-0.00117264327,-0.0212975405,-0.0264305547,-0.012610916	0.00130740169,-0.0213828217,-0.0262527876,-0.0124077881
orig	28	707	k_conv_predelta-21	21	2048	0	1.397457e-02	1.729551e-02	-0.0100268191,-0.00444598636,0.0212645158,-0.0334673747	-0.00844193622,-0.00210210634,0.0206918046,-0.0345544294
orig	28	708	v_conv_predelta-21	21	2048	0	1.745513e-02	1.249146e-01	-0.0177178159,-0.043024648,-0.137103915,-0.0157916807	-0.0185122825,-0.0417256951,-0.135854244,-0.016564291
orig	28	709	a_softplus-21	21	16	0	4.366197e-02	1.362737e-01	0.0816545114,1.64842319,0.000236244901,0.452899396	0.084815301,1.66205597,0.000231835191,0.471077293
orig	28	710	gate-21	21	16	0	3.837544e-02	2.190119e-02	-0.0241370276,-0.426670492,-8.82782697e-05,-0.214771852	-0.0250713546,-0.430199116,-8.66304836e-05,-0.223392084
orig	28	711	beta_sigmoid-21	21	16	0	3.025130e-03	5.842984e-03	0.574545741,0.915172458,0.335080802,0.846434355	0.580388725,0.91629076,0.334519833,0.851302087
orig	28	712	state_predelta-21	21	262144	0	2.518621e-02	7.476882e-02	-0.00203103013,0.000716236711,-0.000112348651,-0.000150357577	-0.00202516606,0.000948761357,-0.000248905097,-0.000138701653
orig	28	713	new_state-21	21	262144	0	2.547479e-02	7.517157e-02	-0.00212246133,0.000637137331,0.000186956313,-0.000613619166	-0.00208470505,0.000897958875,2.60947709e-05,-0.000584213878
orig	28	714	attn_output-21	21	2048	0	1.449655e-02	4.482754e-03	-8.25236275e-05,-9.65989166e-05,-0.00036373784,-6.16802063e-05	-8.4226951e-05,-9.20656457e-05,-0.000356970384,-6.09994859e-05
orig	28	715	z-21	21	2048	0	1.684943e-02	1.570644e-01	-0.455813468,-1.61522269,-1.96401548,-1.60205436	-0.503514528,-1.62741399,-1.94370139,-1.60054255
orig	28	716	final_output-21	21	2048	0	3.887496e-02	5.063349e-02	0.0115806237,0.0169541668,0.0629327223,0.0147431847	0.0126701985,0.0161063112,0.0621844046,0.0145766437
orig	28	717	linear_attn_out-21	21	1024	0	4.705281e-02	6.429680e-03	-0.77962482,-0.00957162678,0.0269164741,0.184070289	-0.774640322,-0.00973042101,0.0231000111,0.182957768
orig	28	718	attn_residual-21	21	1024	0	3.231893e-02	7.209349e-02	-4.85200548,0.0157349035,-0.819749117,1.77761602	-4.77991199,0.0135884471,-0.827696562,1.76976514
orig	28	719	attn_post_norm-21	21	1024	0	3.592701e-02	1.636682e-01	-15.2848501,0.0856847614,-4.40507078,7.63676548	-15.1448298,0.0744241625,-4.47350216,7.6470108
orig	28	720	ffn_out-21	21	1024	0	5.413798e-02	1.417398e-02	0.494166553,0.0373820513,-0.0147977564,0.0198533628	0.508340538,0.0417331457,-0.0112433648,0.0192402992
orig	28	721	l_out-21	21	1024	0	3.428737e-02	8.626747e-02	-4.35783911,0.0531169549,-0.834546864,1.79746938	-4.27157164,0.0553215928,-0.838939905,1.7890054
orig	28	722	attn_norm-22	22	1024	0	3.478571e-02	2.547417e-01	-17.7487831,0.310367823,-4.48670769,9.65087605	-17.4940414,0.325044811,-4.53537226,9.65877247
orig	28	723	conv_output_silu-22	22	6144	0	8.349719e-03	7.262039e-02	-0.147421435,-0.000804821611,0.0466892757,0.098925367	-0.154588655,-0.00082213548,0.0468326695,0.0981555358
orig	28	724	q_conv_predelta-22	22	2048	0	1.439485e-02	2.388296e-02	-0.0262573119,-0.000143347221,0.00831585284,0.0176196508	-0.0275796726,-0.000146674574,0.00835526828,0.0175116174
orig	28	725	k_conv_predelta-22	22	2048	0	1.971071e-02	1.622331e-02	-0.0130775832,-0.092527017,-0.0729173049,0.0214822553	-0.0111803934,-0.0936573893,-0.0722950548,0.0211116858
orig	28	726	v_conv_predelta-22	22	2048	0	1.271021e-02	2.127665e-02	-0.00369104696,-0.00772908516,-0.000249775127,-0.042716641	-0.00415579323,-0.00669747684,-6.81337042e-05,-0.0424256735
orig	28	727	a_softplus-22	22	16	0	1.315518e-02	6.750560e-02	0.376477063,2.38029242,3.30183983,0.00946935546	0.37517184,2.42010427,3.3362515,0.00974197872
orig	28	728	gate-22	22	16	0	1.317054e-02	3.114879e-02	-0.0696412548,-0.539478898,-2.16539955,-0.00177923916	-0.0693998113,-0.548501968,-2.18796706,-0.00183046353
orig	28	729	beta_sigmoid-22	22	16	0	5.413784e-03	8.340836e-03	0.722749352,0.93266499,0.930790901,0.160427034	0.724203348,0.935779989,0.930226624,0.16657652
orig	28	730	state_predelta-22	22	262144	0	2.080565e-02	4.325294e-02	-0.00016048312,-0.000750692736,-0.000867144263,0.000116240844	-0.000170161016,-0.000717930612,-0.00070192269,0.000203498668
orig	28	731	new_state-22	22	262144	0	2.052895e-02	4.207206e-02	-0.000104163977,-0.000378105062,-0.000554984319,3.36412122e-05	-0.000116496973,-0.000315825775,-0.000381628226,0.000110064975
orig	28	732	attn_output-22	22	2048	0	1.090207e-02	7.749144e-04	-1.85945664e-05,-7.49734609e-05,7.95624874e-05,-0.000328055699	-2.05135984e-05,-7.01227473e-05,7.98069595e-05,-0.000329081318
orig	28	733	z-22	22	2048	0	1.686481e-02	1.655240e-01	1.98602104,-1.00485373,-3.8576355,-0.862671256	1.92465353,-1.02615166,-3.90415955,-0.877960026
orig	28	734	final_output-22	22	2048	0	2.791783e-02	3.802046e-02	-0.0351169631,0.0197335146,-0.0064616357,0.0770303681	-0.0372618884,0.0185567643,-0.00626776088,0.07780274
orig	28	735	linear_attn_out-22	22	1024	0	5.071832e-02	9.733796e-03	-0.338592976,-0.112842828,-0.0718225017,-0.0476904511	-0.33749041,-0.113171756,-0.0791079104,-0.0473737791
orig	28	736	attn_residual-22	22	1024	0	3.370869e-02	8.736992e-02	-4.69643211,-0.0597258732,-0.906369388,1.74977899	-4.60906219,-0.0578501634,-0.918047786,1.74163163
orig	28	737	attn_post_norm-22	22	1024	0	3.566941e-02	2.011061e-01	-16.0941563,-0.295298904,-4.40150118,6.98623943	-15.8930502,-0.28780508,-4.48596048,6.99698734
orig	28	738	ffn_out-22	22	1024	0	4.667841e-02	2.339682e-02	0.342374831,0.0170442909,0.192958355,-0.21653682	0.318978012,0.0214978922,0.191074118,-0.216184169
orig	28	739	l_out-22	22	1024	0	3.557019e-02	6.397295e-02	-4.35405731,-0.0426815823,-0.713411033,1.53324223	-4.29008436,-0.0363522694,-0.726973653,1.52544749
orig	28	740	attn_norm-23	23	1024	0	3.542262e-02	1.715870e-01	-15.6157045,-0.196005836,-3.38539028,5.93899775	-15.4441175,-0.167567536,-3.46272063,5.93102169
orig	28	741	attn_pregate-23	23	2048	0	7.584707e-03	1.030384e-01	-6.7858243,0.0836462229,0.015156053,-0.0125094298	-6.79080343,0.0819712579,0.000472819433,-0.00343410484
orig	28	742	attn_gated-23	23	2048	0	2.847889e-02	8.341038e-02	-0.741183996,0.00875442754,0.00183277368,-0.000832624035	-0.732922196,0.00834771711,5.54020517e-05,-0.000216295462
orig	28	743	attn_output-23	23	1024	0	3.871575e-02	2.630040e-02	-0.251719236,0.131044954,0.23172617,-0.170764506	-0.278019637,0.124581866,0.229952067,-0.166054249
orig	28	744	attn_residual-23	23	1024	0	3.770112e-02	3.767300e-02	-4.60577679,0.0883633718,-0.481684864,1.36247778	-4.56810379,0.0882295966,-0.497021586,1.35939324
orig	28	745	attn_post_norm-23	23	1024	0	3.954166e-02	1.510133e-01	-16.9259987,0.392541945,-1.96869886,5.20910454	-16.8225536,0.392764866,-2.03561711,5.20814753
orig	28	746	ffn_out-23	23	1024	0	2.546265e-02	8.489084e-02	3.75571513,0.233653843,0.276879907,-1.00319564	3.67082429,0.241171598,0.277377963,-1.0050602
orig	28	747	l_out-23	23	1024	0	3.702167e-02	4.721785e-02	-0.850061655,0.322017223,-0.204804957,0.359282136	-0.897279501,0.329401195,-0.219643623,0.354333043
orig	28	748	result_norm	-1	1024	0	3.954604e-02	5.786029e-01	-0.554178715,3.53569579,-2.1831367,4.27359676	-0.586048841,3.62349463,-2.34566355,4.22256327
orig	28	749	result_output	-1	248320	0	3.947000e-02	6.232364e-01	5.23470402,5.69446611,1.61072624,4.10166883	5.24988794,5.78769302,1.63689482,4.26417923
