label	pos	idx	tensor	layer	n	bit_equal	rel_l2	max_abs	llama_first4	apr_first4
orig	4	0	model.input_embed	-1	1024	1024	0.000000e+00	0.000000e+00	0.0102546215,-0.020509243,-0.0364608765,-0.0148122311	0.0102546215,-0.020509243,-0.0364608765,-0.0148122311
orig	4	1	attn_norm-0	0	1024	1024	0.000000e+00	0.000000e+00	1.12772536,-1.4603163,-3.07775044,-1.42213809	1.12772536,-1.4603163,-3.07775044,-1.42213809
orig	4	2	conv_output_silu-0	0	6144	6144	0.000000e+00	0.000000e+00	-0.00236968277,0.0145317502,0.037611559,-0.113674656	-0.00236968277,0.0145317502,0.037611559,-0.113674656
orig	4	3	q_conv_predelta-0	0	2048	2048	0.000000e+00	0.000000e+00	-0.00612217188,0.0375433713,0.0971710011,-0.293683112	-0.00612217188,0.0375433713,0.0971710011,-0.293683112
orig	4	4	k_conv_predelta-0	0	2048	2048	0.000000e+00	0.000000e+00	0.0881717354,-0.112645395,-0.0111633986,0.00594236702	0.0881717354,-0.112645395,-0.0111633986,0.00594236702
orig	4	5	v_conv_predelta-0	0	2048	2048	0.000000e+00	0.000000e+00	-0.0088395467,-0.00937544927,-0.000724908372,0.0194534138	-0.0088395467,-0.00937544927,-0.000724908372,0.0194534138
orig	4	6	a_softplus-0	0	16	16	0.000000e+00	0.000000e+00	2.8895278,0.0011778092,0.0072390642,5.7669363	2.8895278,0.0011778092,0.0072390642,5.7669363
orig	4	7	gate-0	0	16	16	0.000000e+00	0.000000e+00	-3.73932672,-0.000154494934,-0.000864582951,-3.2730906	-3.73932672,-0.000154494934,-0.000864582951,-3.2730906
orig	4	8	beta_sigmoid-0	0	16	16	0.000000e+00	0.000000e+00	0.168792516,0.352823824,0.637644529,0.993865788	0.168792516,0.352823824,0.637644529,0.993865788
orig	4	9	state_predelta-0	0	262144	262144	0.000000e+00	0.000000e+00	-6.82867976e-05,-3.24258035e-05,-4.12315967e-05,1.54033896e-05	-6.82867976e-05,-3.24258035e-05,-4.12315967e-05,1.54033896e-05
orig	4	10	new_state-0	0	262144	262144	0.000000e+00	0.000000e+00	-0.000133248468,0.000167389502,1.56849619e-05,-8.50479591e-06	-0.000133248468,0.000167389502,1.56849619e-05,-8.50479591e-06
orig	4	11	attn_output-0	0	2048	2048	0.000000e+00	0.000000e+00	-1.26600625e-07,-2.74729956e-07,-3.70372987e-07,6.62368791e-07	-1.26600625e-07,-2.74729956e-07,-3.70372987e-07,6.62368791e-07
orig	4	12	z-0	0	2048	2048	0.000000e+00	0.000000e+00	-2.63187838,-1.32995009,0.215324283,-1.38594782	-2.63187838,-1.32995009,0.215324283,-1.38594782
orig	4	13	final_output-0	0	2048	2048	0.000000e+00	0.000000e+00	2.15380605e-05,7.56787122e-05,-4.0961022e-05,-0.000169753082	2.15380605e-05,7.56787122e-05,-4.0961022e-05,-0.000169753082
orig	4	14	linear_attn_out-0	0	1024	1024	0.000000e+00	0.000000e+00	-0.751326323,0.00795625523,0.00532823801,0.0494123474	-0.751326323,0.00795625523,0.00532823801,0.0494123474
orig	4	15	attn_residual-0	0	1024	1024	0.000000e+00	0.000000e+00	-0.741071701,-0.0125529878,-0.0311326385,0.0346001163	-0.741071701,-0.0125529878,-0.0311326385,0.0346001163
orig	4	16	attn_post_norm-0	0	1024	1024	0.000000e+00	0.000000e+00	-10.037034,-0.311870039,-0.795896888,0.866737127	-10.037034,-0.311870039,-0.795896888,0.866737127
orig	4	17	ffn_out-0	0	1024	1024	0.000000e+00	0.000000e+00	0.209194347,-0.0197349563,-0.0383122563,0.00140387053	0.209194347,-0.0197349563,-0.0383122563,0.00140387053
orig	4	18	l_out-0	0	1024	1024	0.000000e+00	0.000000e+00	-0.531877339,-0.0322879441,-0.0694448948,0.0360039882	-0.531877339,-0.0322879441,-0.0694448948,0.0360039882
orig	4	19	attn_norm-1	1	1024	1024	0.000000e+00	0.000000e+00	-13.5813999,-1.06832397,-2.19784832,1.22174561	-13.5813999,-1.06832397,-2.19784832,1.22174561
orig	4	20	conv_output_silu-1	1	6144	6144	0.000000e+00	0.000000e+00	-0.0161510985,-0.0189677346,-0.0915577188,-0.278463036	-0.0161510985,-0.0189677346,-0.0915577188,-0.278463036
orig	4	21	q_conv_predelta-1	1	2048	2048	0.000000e+00	0.000000e+00	-0.0122945383,-0.014438618,-0.0696955621,-0.211971626	-0.0122945383,-0.014438618,-0.0696955621,-0.211971626
orig	4	22	k_conv_predelta-1	1	2048	2048	0.000000e+00	0.000000e+00	-0.0484246612,-0.0128006553,-0.0187205952,0.0529469103	-0.0484246612,-0.0128006553,-0.0187205952,0.0529469103
orig	4	23	v_conv_predelta-1	1	2048	2048	0.000000e+00	0.000000e+00	-0.00493195653,-0.0728338063,0.000355264201,0.00933027919	-0.00493195653,-0.0728338063,0.000355264201,0.00933027919
orig	4	24	a_softplus-1	1	16	16	0.000000e+00	0.000000e+00	0.193796068,2.98604155,2.04173899,2.52086115	0.193796068,2.98604155,2.04173899,2.52086115
orig	4	25	gate-1	1	16	16	0.000000e+00	0.000000e+00	-0.0347457193,-3.22080803,-2.33858037,-0.762836218	-0.0347457193,-3.22080803,-2.33858037,-0.762836218
orig	4	26	beta_sigmoid-1	1	16	16	0.000000e+00	0.000000e+00	0.491131455,0.119351991,0.28783673,0.524800003	0.491131455,0.119351991,0.28783673,0.524800003
orig	4	27	state_predelta-1	1	262144	262144	0.000000e+00	0.000000e+00	-0.00985844154,-0.00123640848,-0.00100470567,0.00163891213	-0.00985844154,-0.00123640848,-0.00100470567,0.00163891213
orig	4	28	new_state-1	1	262144	262144	0.000000e+00	0.000000e+00	-0.00892203394,-0.00103564677,-0.000738536357,0.000927183137	-0.00892203394,-0.00103564677,-0.000738536357,0.000927183137
orig	4	29	attn_output-1	1	2048	2048	0.000000e+00	0.000000e+00	-6.20602586e-05,-0.00081135449,-1.64601062e-07,1.55402086e-05	-6.20602586e-05,-0.00081135449,-1.64601062e-07,1.55402086e-05
orig	4	30	z-1	1	2048	2048	0.000000e+00	0.000000e+00	-4.3530407,-4.63395166,-1.10070157,0.706582785	-4.3530407,-4.63395166,-1.10070157,0.706582785
orig	4	31	final_output-1	1	2048	2048	0.000000e+00	0.000000e+00	0.00297944155,0.0313395672,4.29326356e-05,0.0076949806	0.00297944155,0.0313395672,4.29326356e-05,0.0076949806
orig	4	32	linear_attn_out-1	1	1024	1024	0.000000e+00	0.000000e+00	-0.586553931,-0.00353957713,-0.000670775771,0.00136896968	-0.586553931,-0.00353957713,-0.000670775771,0.00136896968
orig	4	33	attn_residual-1	1	1024	1024	0.000000e+00	0.000000e+00	-1.11843133,-0.0358275212,-0.0701156706,0.0373729579	-1.11843133,-0.0358275212,-0.0701156706,0.0373729579
orig	4	34	attn_post_norm-1	1	1024	1024	0.000000e+00	0.000000e+00	-14.1939182,-0.716249645,-1.4160769,0.796870053	-14.1939182,-0.716249645,-1.4160769,0.796870053
orig	4	35	ffn_out-1	1	1024	1024	0.000000e+00	0.000000e+00	0.458868086,0.0479389727,-0.0443562195,0.000785784912	0.458868086,0.0479389727,-0.0443562195,0.000785784912
orig	4	36	l_out-1	1	1024	1024	0.000000e+00	0.000000e+00	-0.659563243,0.0121114515,-0.11447189,0.0381587446	-0.659563243,0.0121114515,-0.11447189,0.0381587446
orig	4	37	attn_norm-2	2	1024	1024	0.000000e+00	0.000000e+00	-16.3472633,0.367723078,-3.35585642,1.17333817	-16.3472633,0.367723078,-3.35585642,1.17333817
orig	4	38	conv_output_silu-2	2	6144	6144	0.000000e+00	0.000000e+00	-0.0182222892,-0.00719097117,0.00225068023,0.00483348221	-0.0182222892,-0.00719097117,0.00225068023,0.00483348221
orig	4	39	q_conv_predelta-2	2	2048	2048	0.000000e+00	0.000000e+00	-0.0168745145,-0.00665910495,0.00208421308,0.00447598286	-0.0168745145,-0.00665910495,0.00208421308,0.00447598286
orig	4	40	k_conv_predelta-2	2	2048	2048	0.000000e+00	0.000000e+00	0.00728583382,0.00752355671,-0.0176894534,-0.158648908	0.00728583382,0.00752355671,-0.0176894534,-0.158648908
orig	4	41	v_conv_predelta-2	2	2048	2048	0.000000e+00	0.000000e+00	0.017702559,0.0138805471,-0.0412701108,-0.0360118076	0.017702559,0.0138805471,-0.0412701108,-0.0360118076
orig	4	42	a_softplus-2	2	16	16	0.000000e+00	0.000000e+00	3.99106884,0.335518777,1.30631661,2.98336649	3.99106884,0.335518777,1.30631661,2.98336649
orig	4	43	gate-2	2	16	16	0.000000e+00	0.000000e+00	-3.58281541,-0.0946374163,-0.389175028,-1.94891167	-3.58281541,-0.0946374163,-0.389175028,-1.94891167
orig	4	44	beta_sigmoid-2	2	16	16	0.000000e+00	0.000000e+00	0.121656559,0.639844298,0.674891651,0.323643923	0.121656559,0.639844298,0.674891651,0.323643923
orig	4	45	state_predelta-2	2	262144	262144	0.000000e+00	0.000000e+00	0.00126030785,-0.000555749692,-0.000899400504,-0.00638069818	0.00126030785,-0.000555749692,-0.000899400504,-0.00638069818
orig	4	46	new_state-2	2	262144	262144	0.000000e+00	0.000000e+00	5.05692005e-05,5.9456579e-07,-6.27211848e-05,-0.000515662716	5.05692005e-05,5.9456579e-07,-6.27211848e-05,-0.000515662716
orig	4	47	attn_output-2	2	2048	2048	0.000000e+00	0.000000e+00	6.66723236e-06,7.30484044e-06,-1.16061292e-05,-1.27414751e-05	6.66723236e-06,7.30484044e-06,-1.16061292e-05,-1.27414751e-05
orig	4	48	z-2	2	2048	2048	0.000000e+00	0.000000e+00	1.02912486,0.0577385426,0.195348918,-0.442377776	1.02912486,0.0577385426,0.195348918,-0.442377776
orig	4	49	final_output-2	2	2048	2048	0.000000e+00	0.000000e+00	0.00516532967,0.000144041507,-0.00113676523,0.00215311651	0.00516532967,0.000144041507,-0.00113676523,0.00215311651
orig	4	50	linear_attn_out-2	2	1024	1024	0.000000e+00	0.000000e+00	-0.630560637,0.0177338943,0.0117432754,-0.021132255	-0.630560637,0.0177338943,0.0117432754,-0.021132255
orig	4	51	attn_residual-2	2	1024	1024	0.000000e+00	0.000000e+00	-1.29012394,0.0298453458,-0.102728613,0.0170264896	-1.29012394,0.0298453458,-0.102728613,0.0170264896
orig	4	52	attn_post_norm-2	2	1024	1024	0.000000e+00	0.000000e+00	-15.637125,0.568133295,-1.98506749,0.327979356	-15.637125,0.568133295,-1.98506749,0.327979356
orig	4	53	ffn_out-2	2	1024	1024	0.000000e+00	0.000000e+00	0.741962016,0.0183550995,-0.0977825746,0.0248851515	0.741962016,0.0183550995,-0.0977825746,0.0248851515
orig	4	54	l_out-2	2	1024	1024	0.000000e+00	0.000000e+00	-0.548161924,0.0482004434,-0.200511187,0.0419116393	-0.548161924,0.0482004434,-0.200511187,0.0419116393
orig	4	55	attn_norm-3	3	1024	1024	0.000000e+00	0.000000e+00	-11.1648569,1.17199647,-4.4068923,0.971438468	-11.1648569,1.17199647,-4.4068923,0.971438468
orig	4	56	attn_pregate-3	3	2048	275	7.756344e-07	4.529953e-06	0.184655949,0.134550259,0.31392774,-0.561600745	0.184655324,0.134549841,0.313928634,-0.561601281
orig	4	57	attn_gated-3	3	2048	295	1.211361e-06	2.622604e-06	0.0035539649,0.00601127371,0.014910941,-0.0354234688	0.00355395279,0.00601125509,0.0149109829,-0.0354235023
orig	4	58	attn_output-3	3	1024	8	2.616380e-06	2.346933e-07	0.0137948282,-0.00249676034,0.0302124154,0.00790394749	0.013794709,-0.00249668676,0.0302124582,0.00790395681
orig	4	59	attn_residual-3	3	1024	40	9.540382e-07	2.346933e-07	-0.534367085,0.045703683,-0.17029877,0.0498155877	-0.534367204,0.0457037576,-0.170298725,0.0498155951
orig	4	60	attn_post_norm-3	3	1024	40	1.001797e-06	4.798174e-06	-6.78621674,0.869211435,-3.33616066,0.984355509	-6.78621578,0.869212627,-3.33615875,0.98435545
orig	4	61	ffn_out-3	3	1024	54	5.745804e-07	6.705523e-08	-0.0649669021,0.0259725787,0.00737767294,-0.0302664563	-0.0649668947,0.0259725638,0.00737768225,-0.030266434
orig	4	62	l_out-3	3	1024	50	1.056174e-06	2.644956e-07	-0.599334002,0.0716762617,-0.162921101,0.0195491314	-0.599334121,0.0716763213,-0.162921041,0.0195491612
orig	4	63	attn_norm-4	4	1024	33	1.093776e-06	6.556511e-06	-11.4993401,1.81385827,-3.84252381,0.507176816	-11.499341,1.81385958,-3.84252167,0.507177532
orig	4	64	conv_output_silu-4	4	6144	840	3.399109e-07	2.861023e-06	-0.0510673113,0.0122016929,-0.0807816312,-0.0152436616	-0.0510672852,0.0122017013,-0.0807816386,-0.0152436905
orig	4	65	q_conv_predelta-4	4	2048	263	2.930694e-07	2.980232e-07	-0.0306856316,0.00733182626,-0.0485405512,-0.00915970188	-0.0306856167,0.00733183092,-0.0485405512,-0.00915971957
orig	4	66	k_conv_predelta-4	4	2048	192	3.011806e-07	2.980232e-07	0.00411438756,0.0925879851,-0.0225723796,0.00565116853	0.00411439221,0.0925880298,-0.0225723814,0.00565117458
orig	4	67	v_conv_predelta-4	4	2048	206	2.833223e-07	1.430511e-06	0.099472113,0.0235356912,-0.0142260836,0.0107238479	0.0994720533,0.0235356763,-0.0142260659,0.0107238563
orig	4	68	a_softplus-4	4	16	16	0.000000e+00	0.000000e+00	0.749274969,2.34229732,0.0260233581,2.43088937	0.749274969,2.34229732,0.0260233581,2.43088937
orig	4	69	gate-4	4	16	16	0.000000e+00	0.000000e+00	-0.312344283,-2.27578187,-0.00818861276,-1.27599454	-0.312344283,-2.27578187,-0.00818861276,-1.27599454
orig	4	70	beta_sigmoid-4	4	16	16	0.000000e+00	0.000000e+00	0.720565319,0.741650999,0.697300196,0.514279425	0.720565319,0.741650999,0.697300196,0.514279425
orig	4	71	state_predelta-4	4	262144	45278	7.286411e-08	9.536743e-07	-0.000950800721,-0.0120751886,0.000801351154,9.15651763e-05	-0.000950800546,-0.0120751839,0.000801350921,9.15652708e-05
orig	4	72	new_state-4	4	262144	31491	9.540910e-08	9.536743e-07	-0.000316144986,-0.00029381644,-0.00149610383,0.000588364899	-0.000316144666,-0.000293813646,-0.00149610313,0.00058836519
orig	4	73	attn_output-4	4	2048	157	1.011134e-07	2.980232e-08	0.000201725168,5.76582352e-05,-3.65819615e-05,2.2972381e-05	0.000201725037,5.76582133e-05,-3.6581936e-05,2.29724046e-05
orig	4	74	z-4	4	2048	345	1.672186e-07	1.430511e-06	-4.83081627,0.659484565,1.17201138,-0.0672706962	-4.83081627,0.659484446,1.17201149,-0.0672707558
orig	4	75	final_output-4	4	2048	128	5.119169e-07	6.258488e-07	-0.00650241738,0.0254069977,-0.0263507534,-0.000679962395	-0.00650241273,0.0254069846,-0.0263507366,-0.000679963734
orig	4	76	linear_attn_out-4	4	1024	102	4.001890e-07	8.940697e-08	-0.25443548,-0.00642214529,-0.0287405979,-0.00196900964	-0.25443539,-0.0064221397,-0.028740596,-0.00196900219
orig	4	77	attn_residual-4	4	1024	45	9.720027e-07	2.682209e-07	-0.853769481,0.0652541146,-0.191661701,0.0175801218	-0.853769541,0.0652541816,-0.191661641,0.017580159
orig	4	78	attn_post_norm-4	4	1024	36	1.089745e-06	5.185604e-06	-10.2974119,1.15013921,-3.32230449,0.320870697	-10.2974119,1.15014029,-3.32230306,0.320871383
orig	4	79	ffn_out-4	4	1024	111	4.245491e-07	5.960464e-08	0.3047252,-0.0176364537,-0.0492991209,-0.00596015528	0.30472523,-0.0176364724,-0.0492991284,-0.00596016273
orig	4	80	l_out-4	4	1024	39	1.109546e-06	2.682209e-07	-0.549044251,0.047617659,-0.240960822,0.0116199665	-0.549044311,0.0476177111,-0.240960777,0.0116199963
orig	4	81	attn_norm-5	5	1024	39	1.159519e-06	6.675720e-06	-10.3426886,1.20800114,-5.68529415,0.308530599	-10.3426876,1.20800221,-5.68529129,0.308531344
orig	4	82	conv_output_silu-5	5	6144	751	2.371571e-07	9.536743e-07	-0.0827591196,-0.0196915641,-0.0253059603,0.15845567	-0.0827590525,-0.019691579,-0.0253059473,0.15845564
orig	4	83	q_conv_predelta-5	5	2048	211	3.380676e-07	2.980232e-07	-0.0460894853,-0.0109664537,-0.0140931737,0.0882457495	-0.0460894592,-0.0109664639,-0.0140931699,0.0882457495
orig	4	84	k_conv_predelta-5	5	2048	257	2.707643e-07	2.384186e-07	-0.00660782307,-0.025107896,-0.127598807,-0.0199604854	-0.00660782447,-0.025107896,-0.127598763,-0.0199604854
orig	4	85	v_conv_predelta-5	5	2048	246	1.752190e-07	9.536743e-07	-0.0251435507,0.0147376927,-0.0292862076,0.00115634233	-0.025143547,0.0147376899,-0.0292862002,0.00115634548
orig	4	86	a_softplus-5	5	16	16	0.000000e+00	0.000000e+00	0.804339647,0.14548704,0.350041896,0.00338493451	0.804339647,0.14548704,0.350041896,0.00338493451
orig	4	87	gate-5	5	16	16	0.000000e+00	0.000000e+00	-0.614304304,-0.0176495798,-0.0891986042,-0.0014165733	-0.614304304,-0.0176495798,-0.0891986042,-0.0014165733
orig	4	88	beta_sigmoid-5	5	16	16	0.000000e+00	0.000000e+00	0.700660706,0.752185762,0.713857114,0.477051497	0.700660706,0.752185762,0.713857114,0.477051497
orig	4	89	state_predelta-5	5	262144	51005	9.175510e-08	4.768372e-07	-0.000127735228,0.00013516139,0.000480597257,0.000236279331	-0.000127735126,0.000135161332,0.00048059877,0.000236279215
orig	4	90	new_state-5	5	262144	36003	1.430378e-07	8.344650e-07	4.21783407e-05,0.000495977874,0.00240895967,0.000463994598	4.21783916e-05,0.000495977758,0.0024089592,0.000463994453
orig	4	91	attn_output-5	5	2048	199	1.565451e-07	1.303852e-08	-3.60109407e-05,1.87835522e-05,-3.28355782e-05,5.73220063e-07	-3.6010948e-05,1.87835612e-05,-3.28355745e-05,5.73224384e-07
orig	4	92	z-5	5	2048	98	4.160473e-07	3.337860e-06	0.826976299,2.01861644,0.114294291,0.186598167	0.82697612,2.01861596,0.114293993,0.186598077
orig	4	93	final_output-5	5	2048	72	9.819085e-07	1.096167e-06	-0.0197372902,0.0307188518,-0.00192852074,5.62606729e-05	-0.0197372884,0.0307188593,-0.00192851527,5.62610694e-05
orig	4	94	linear_attn_out-5	5	1024	48	8.522721e-07	8.940697e-08	-0.331744403,0.000755710527,0.019219039,0.0126093263	-0.331744492,0.000755731016,0.0192190297,0.0126093477
orig	4	95	attn_residual-5	5	1024	47	1.011401e-06	2.384186e-07	-0.880788684,0.0483733714,-0.221741781,0.0242292918	-0.880788803,0.0483734421,-0.221741751,0.024229344
orig	4	96	attn_post_norm-5	5	1024	29	1.151153e-06	4.537404e-06	-10.1316977,0.836420238,-3.6417675,0.440847903	-10.1316957,0.836421192,-3.64176583,0.440848738
orig	4	97	ffn_out-5	5	1024	58	4.868122e-07	8.940697e-08	0.257973552,0.00718222745,-0.0298569333,-0.0111127244	0.257973462,0.00718222093,-0.0298569333,-0.0111127337
orig	4	98	l_out-5	5	1024	38	1.113170e-06	2.384186e-07	-0.622815132,0.0555555969,-0.251598716,0.0131165674	-0.622815371,0.055555664,-0.251598686,0.0131166102
orig	4	99	attn_norm-6	6	1024	28	1.184745e-06	5.528331e-06	-11.0059214,1.2721343,-5.57049227,0.318162203	-11.0059223,1.27213562,-5.57049036,0.318163157
orig	4	100	conv_output_silu-6	6	6144	414	3.809637e-07	8.344650e-07	0.0243653264,-0.155336857,-0.00751747936,0.0564884767	0.0243652239,-0.155336872,-0.00751747796,0.0564884134
orig	4	101	q_conv_predelta-6	6	2048	194	3.040176e-07	2.384186e-07	0.0138389897,-0.0882280469,-0.00426976942,0.0320842601	0.0138389356,-0.0882280841,-0.00426976988,0.0320842341
orig	4	102	k_conv_predelta-6	6	2048	219	3.086180e-07	2.980232e-07	0.0478875265,-0.0389394872,-0.00917188358,0.01491684	0.047887519,-0.038939476,-0.00917189289,0.0149168493
orig	4	103	v_conv_predelta-6	6	2048	107	3.669537e-07	5.960464e-07	-0.0058688703,-0.00042405905,-0.0118916882,0.0120661808	-0.00586886099,-0.000424058293,-0.0118916817,0.0120661752
orig	4	104	a_softplus-6	6	16	16	0.000000e+00	0.000000e+00	0.559966564,0.312118292,0.802556515,0.318915188	0.559966564,0.312118292,0.802556515,0.318915188
orig	4	105	gate-6	6	16	16	0.000000e+00	0.000000e+00	-0.10197749,-0.231946617,-0.244765922,-0.176811025	-0.10197749,-0.231946617,-0.244765922,-0.176811025
orig	4	106	beta_sigmoid-6	6	16	16	0.000000e+00	0.000000e+00	0.763787508,0.421970397,0.664702892,0.617087901	0.763787508,0.421970397,0.664702892,0.617087901
orig	4	107	state_predelta-6	6	262144	41729	1.425416e-07	2.160668e-07	-3.68546862e-05,-0.000149208441,0.000444528821,0.000673719391	-3.68547662e-05,-0.000149208383,0.000444528443,0.000673719449
orig	4	108	new_state-6	6	262144	29380	2.584693e-07	5.066395e-07	-0.000362753926,0.000133165988,0.000464535435,0.000505772477	-0.000362753548,0.000133165653,0.000464535085,0.000505772536
orig	4	109	attn_output-6	6	2048	211	1.808088e-07	3.259629e-09	2.49079476e-05,2.0271591e-05,-4.03859412e-05,-2.92599707e-05	2.49079512e-05,2.02715964e-05,-4.03859412e-05,-2.9259978e-05
orig	4	110	z-6	6	2048	134	3.027323e-07	2.384186e-06	0.860642195,0.390603006,0.971126556,1.47297132	0.860642076,0.390602946,0.971126199,1.47297084
orig	4	111	final_output-6	6	2048	89	6.397641e-07	9.536743e-07	0.0121170161,0.00436475687,-0.0259898733,-0.0345278233	0.0121170161,0.00436475733,-0.0259898622,-0.0345278196
orig	4	112	linear_attn_out-6	6	1024	61	7.081574e-07	7.450581e-08	-0.0802936256,-0.00194645114,0.00127357943,0.00433299132	-0.0802935809,-0.00194644276,0.00127357477,0.00433299877
orig	4	113	attn_residual-6	6	1024	43	1.055528e-06	2.477318e-07	-0.703108788,0.0536091477,-0.250325143,0.0174495578	-0.703108966,0.0536092222,-0.250325114,0.0174496099
orig	4	114	attn_post_norm-6	6	1024	34	1.155568e-06	4.727393e-06	-9.87879276,0.922661483,-4.25299072,0.307264954	-9.87879467,0.922662735,-4.25298977,0.307265818
orig	4	115	ffn_out-6	6	1024	53	6.141947e-07	6.705523e-08	-0.0974444002,-0.0121675376,-0.041842889,0.0642348528	-0.0974444449,-0.0121675478,-0.0418428928,0.0642348528
orig	4	116	l_out-6	6	1024	36	9.941666e-07	2.831221e-07	-0.800553203,0.0414416119,-0.292168021,0.0816844106	-0.800553441,0.0414416753,-0.292168021,0.0816844627
orig	4	117	attn_norm-7	7	1024	37	1.000031e-06	4.410744e-06	-11.3875322,0.62642765,-4.56073761,1.4812448	-11.3875351,0.626428604,-4.56073713,1.48124564
orig	4	118	attn_pregate-7	7	2048	104	1.011942e-06	1.716614e-05	0.200198933,0.15833874,-0.492000252,-0.15264754	0.200199097,0.158338949,-0.492000103,-0.152647436
orig	4	119	attn_gated-7	7	2048	74	8.485441e-07	1.013279e-06	0.0538970828,0.0494506918,-0.0353617817,-0.0130293304	0.0538971387,0.0494507626,-0.035361778,-0.0130293332
orig	4	120	attn_output-7	7	1024	53	1.201118e-06	1.266599e-07	-0.0252091512,-0.00749003142,0.0473912023,-0.0195435714	-0.0252092779,-0.0074900249,0.0473911911,-0.0195435993
orig	4	121	attn_residual-7	7	1024	28	1.087782e-06	4.172325e-07	-0.825762331,0.0339515805,-0.244776815,0.0621408373	-0.825762749,0.0339516513,-0.24477683,0.0621408634
orig	4	122	attn_post_norm-7	7	1024	38	1.239374e-06	5.006790e-06	-9.09312439,0.544433117,-3.78489256,1.03684366	-9.0931282,0.54443419,-3.78489232,1.03684402
orig	4	123	ffn_out-7	7	1024	68	5.374428e-07	4.470348e-08	0.106654994,0.0138699589,0.0155600077,-0.0162146911	0.106654987,0.0138699673,0.0155600086,-0.0162146911
orig	4	124	l_out-7	7	1024	34	1.164321e-06	4.172325e-07	-0.71910733,0.0478215404,-0.229216814,0.0459261462	-0.719107747,0.0478216186,-0.229216814,0.0459261723
orig	4	125	attn_norm-8	8	1024	31	1.307781e-06	6.914139e-06	-12.9361944,1.01770878,-4.42663002,1.05027008	-12.9362001,1.01771033,-4.42662954,1.05027056
orig	4	126	conv_output_silu-8	8	6144	4	1.304028e-03	4.778624e-03	0.0302516893,0.0183127876,-0.239864081,-0.0282045342	0.0302470941,0.0182904787,-0.239852041,-0.0282039903
orig	4	127	q_conv_predelta-8	8	2048	0	5.380249e-04	6.917082e-04	0.0238934662,0.0144638522,-0.189450055,-0.0222765766	0.0238924045,0.014447785,-0.189460918,-0.0222785417
orig	4	128	k_conv_predelta-8	8	2048	0	1.805649e-03	1.102172e-03	0.0782232061,-0.198079124,0.0752646029,0.013752602	0.0782969743,-0.198044285,0.075246498,0.0138453776
orig	4	129	v_conv_predelta-8	8	2048	2	1.407115e-03	2.205491e-03	-0.16913192,-0.0144332377,-0.0245302152,-0.00103501568	-0.1687828,-0.0144675858,-0.024535805,-0.00102824613
orig	4	130	a_softplus-8	8	16	16	0.000000e+00	0.000000e+00	0.310172409,0.12658821,0.0840505883,0.0275938269	0.310172409,0.12658821,0.0840505883,0.0275938269
orig	4	131	gate-8	8	16	16	0.000000e+00	0.000000e+00	-0.108880751,-0.0359858908,-0.0250401702,-0.00416604476	-0.108880751,-0.0359858908,-0.0250401702,-0.00416604476
orig	4	132	beta_sigmoid-8	8	16	16	0.000000e+00	0.000000e+00	0.858758867,0.347772211,0.654733121,0.387892216	0.858758867,0.347772211,0.654733121,0.387892216
orig	4	133	state_predelta-8	8	262144	25	2.565085e-04	7.892251e-04	-0.00458578998,0.00779674947,-0.0061149383,0.000308795163	-0.00458534108,0.00779456133,-0.00611209311,0.000308720628
orig	4	134	new_state-8	8	262144	10	4.947832e-04	6.228909e-04	-0.0143890921,0.0330145806,-0.0153718106,-0.00152977591	-0.0143753979,0.0329499096,-0.015344793,-0.00153796677
orig	4	135	attn_output-8	8	2048	0	3.743383e-04	2.438575e-05	-0.000911105366,-6.660894e-05,-9.86733648e-05,-1.51093418e-05	-0.000910454139,-6.67409768e-05,-9.87463063e-05,-1.50587521e-05
orig	4	136	z-8	8	2048	191	3.107940e-07	3.337860e-06	0.203998148,1.87105227,1.02306104,1.02273118	0.203998268,1.87105203,1.02306163,1.02273107
orig	4	137	final_output-8	8	2048	0	1.957843e-03	6.786771e-04	-0.0886382982,-0.0660976395,-0.069938004,-0.00807005074	-0.0885668471,-0.0662225559,-0.0699833184,-0.00804228988
orig	4	138	linear_attn_out-8	8	1024	0	1.035522e-02	1.601651e-03	-0.0745010599,0.00167609099,0.0130285537,-0.0156289078	-0.0761027113,0.00164783001,0.0128375432,-0.0155836251
orig	4	139	attn_residual-8	8	1024	0	2.408959e-03	1.602113e-03	-0.793608367,0.0494976304,-0.216188267,0.0302972384	-0.795210481,0.0494694486,-0.21637927,0.0303425472
orig	4	140	attn_post_norm-8	8	1024	0	2.776007e-03	1.388645e-02	-8.57028675,0.775211036,-3.26972818,0.520325482	-8.5841732,0.774461508,-3.27131557,0.520896375
orig	4	141	ffn_out-8	8	1024	0	2.147661e-02	3.177240e-03	0.173887804,0.00365186995,-0.0329642594,0.0265341327	0.177065045,0.00326788379,-0.0326494984,0.0265406948
orig	4	142	l_out-8	8	1024	0	6.506379e-03	1.834059e-03	-0.619720578,0.053149499,-0.249152526,0.056831371	-0.618145466,0.0527373329,-0.249028772,0.056883242
orig	4	143	attn_norm-9	9	1024	0	7.457536e-03	4.373318e-02	-10.1547155,1.05933774,-4.89170074,1.34098065	-10.1318817,1.05143154,-4.89070702,1.3425988
orig	4	144	conv_output_silu-9	9	6144	0	9.238629e-03	1.465565e-02	-0.0704009682,-0.146390632,-0.23212643,-0.0655087084	-0.0710323155,-0.145872638,-0.231899798,-0.064849548
orig	4	145	q_conv_predelta-9	9	2048	0	1.145584e-02	7.848799e-03	-0.0471710786,-0.0980867818,-0.155532718,-0.0438930988	-0.0473454148,-0.0972289965,-0.154568985,-0.0432243943
orig	4	146	k_conv_predelta-9	9	2048	0	9.847777e-03	6.172344e-03	0.256976128,-0.0149084171,0.000882348861,-0.0200696159	0.256156564,-0.0150612574,0.000517575943,-0.0202266164
orig	4	147	v_conv_predelta-9	9	2048	0	7.331604e-03	1.401630e-02	-0.00492988946,-0.00350322179,0.00606615609,-0.00817974005	-0.00516083697,-0.00346539635,0.00584122119,-0.00812015217
orig	4	148	a_softplus-9	9	16	0	8.025972e-03	1.521921e-02	0.00247838674,0.0628864244,0.294723183,0.755158484	0.0024826678,0.0603115447,0.291175663,0.748858333
orig	4	149	gate-9	9	16	0	6.006366e-03	1.770958e-03	-0.00100527797,-0.00857750326,-0.100274518,-0.13969028	-0.00100701454,-0.0082262978,-0.0990675315,-0.13852486
orig	4	150	beta_sigmoid-9	9	16	0	3.599316e-03	3.484040e-03	0.312398255,0.626804471,0.307639688,0.367532045	0.313685954,0.626040101,0.308975965,0.36950022
orig	4	151	state_predelta-9	9	262144	8	3.041281e-03	3.230512e-03	-0.0010253886,-0.00101206673,-0.000801916525,3.97209442e-06	-0.00102609559,-0.00101199653,-0.000801843242,4.10533175e-06
orig	4	152	new_state-9	9	262144	9	5.244516e-03	6.030649e-03	-0.00155002368,-0.00098055345,-0.000802915718,4.50221123e-05	-0.00156926527,-0.000978980446,-0.000802135793,4.70724663e-05
orig	4	153	attn_output-9	9	2048	0	5.344390e-03	4.691165e-05	3.35984914e-05,-1.59458214e-05,4.96046414e-05,-5.52418242e-05	3.30772709e-05,-1.58942094e-05,4.90623461e-05,-5.49214637e-05
orig	4	154	z-9	9	2048	0	6.437640e-03	3.654736e-02	0.891977906,-0.0687059313,2.89249468,1.28944719	0.896032929,-0.0688034967,2.90294337,1.30290079
orig	4	155	final_output-9	9	2048	0	1.463926e-02	6.620869e-03	0.0226963907,0.000535910542,0.142491832,-0.0539880767	0.0224776659,0.000535034982,0.141554117,-0.054404933
orig	4	156	linear_attn_out-9	9	1024	0	2.901990e-02	1.686351e-03	-0.148481607,-0.00441323407,-0.002503125,-0.010379727	-0.147667736,-0.00444298051,-0.00238765217,-0.0102531882
orig	4	157	attn_residual-9	9	1024	0	8.487850e-03	2.494795e-03	-0.768202186,0.0487362668,-0.251655638,0.0464516431	-0.765813231,0.0482943505,-0.251416415,0.0466300547
orig	4	158	attn_post_norm-9	9	1024	0	1.003259e-02	4.564139e-02	-8.30132675,0.737587512,-3.67733669,0.795049131	-8.28008842,0.731303811,-3.67587328,0.798544228
orig	4	159	ffn_out-9	9	1024	0	2.972799e-02	2.177998e-03	0.107300758,-0.0381070189,-0.0124160387,-0.0205375757	0.109478757,-0.0378663503,-0.0119940946,-0.0206015464
orig	4	160	l_out-9	9	1024	0	1.095814e-02	4.566967e-03	-0.660901427,0.0106292479,-0.264071673,0.0259140674	-0.65633446,0.0104280002,-0.263410509,0.0260285083
orig	4	161	attn_norm-10	10	1024	0	1.234896e-02	6.707764e-02	-11.4903669,0.19253771,-5.1140666,0.541100144	-11.4232893,0.189096317,-5.10677099,0.544076622
orig	4	162	conv_output_silu-10	10	6144	0	1.560340e-02	3.257921e-02	-0.000967504282,-0.00256691943,0.014867262,-0.00505928881	-0.00106838031,-0.00253106258,0.0148245096,-0.00554930465
orig	4	163	q_conv_predelta-10	10	2048	0	1.507397e-02	1.054013e-02	-0.00205186335,-0.00544387009,0.0315301828,-0.0107296361	-0.00226840144,-0.00537399109,0.0314756259,-0.0117823686
orig	4	164	k_conv_predelta-10	10	2048	0	1.609906e-02	1.851170e-02	-0.0760845691,-0.0827406719,0.0275302045,0.0193809085	-0.0767341554,-0.0818070546,0.0306116566,0.0189876575
orig	4	165	v_conv_predelta-10	10	2048	0	1.153430e-02	6.684810e-03	-0.00650106603,-0.00650232984,0.00338606746,0.00755481282	-0.00629422022,-0.00694595743,0.00349221681,0.00762852933
orig	4	166	a_softplus-10	10	16	0	6.923699e-03	1.617503e-02	0.428261548,0.00755619025,3.76766443,0.340928376	0.427515835,0.0075089829,3.78383946,0.340626031
orig	4	167	gate-10	10	16	0	6.365666e-03	5.010724e-03	-0.327718824,-0.0438239127,-1.16716802,-0.0698070377	-0.327148169,-0.0435501225,-1.17217875,-0.0697451308
orig	4	168	beta_sigmoid-10	10	16	0	2.494168e-03	3.982455e-03	0.778142333,0.470827103,0.916586637,0.751774788	0.777727723,0.47263059,0.917167127,0.753360093
orig	4	169	state_predelta-10	10	262144	1	6.644661e-03	2.341762e-03	-0.000317882397,0.000359722675,0.000334608456,0.000231571918	-0.000313129392,0.000380239566,0.000320406281,0.000229620782
orig	4	170	new_state-10	10	262144	0	1.125724e-02	3.995090e-03	0.000282755995,0.000815789681,5.59151958e-05,3.64898879e-05	0.000270682271,0.000803405012,3.29595496e-05,4.27082268e-05
orig	4	171	attn_output-10	10	2048	0	1.253783e-02	5.808240e-05	-7.76835532e-06,-4.87633497e-06,-3.64766242e-06,1.52788798e-05	-7.05392495e-06,-5.47674654e-06,-3.49845504e-06,1.53339479e-05
orig	4	172	z-10	10	2048	0	7.027476e-03	4.870313e-02	2.24462891,1.38689506,1.68722594,1.57156527	2.24647427,1.39293969,1.70137501,1.5798794
orig	4	173	final_output-10	10	2048	0	1.897916e-02	7.245123e-03	-0.0141555807,-0.00577489147,-0.00505588669,0.02031615	-0.0128665548,-0.00652205432,-0.00490048202,0.0205264352
orig	4	174	linear_attn_out-10	10	1024	0	3.033034e-02	2.043530e-03	0.0137901455,0.0172665883,0.00214477628,-0.00789309852	0.0157682747,0.0171692371,0.00230096839,-0.00855367258
orig	4	175	attn_residual-10	10	1024	0	1.220827e-02	6.545126e-03	-0.647111297,0.0278958362,-0.261926889,0.0180209689	-0.64056617,0.0275972374,-0.261109531,0.0174748357
orig	4	176	attn_post_norm-10	10	1024	0	1.362860e-02	7.164574e-02	-8.0780468,0.42986545,-4.02324486,0.295785576	-8.00640106,0.425799072,-4.01573515,0.28718251
orig	4	177	ffn_out-10	10	1024	0	3.693083e-02	2.752138e-03	-0.0675271153,-0.00574480835,-0.0388801023,0.0163876731	-0.0655840933,-0.00702561624,-0.0397727154,0.0176686924
orig	4	178	l_out-10	10	1024	0	1.398769e-02	8.488119e-03	-0.714638412,0.0221510269,-0.300806999,0.0344086438	-0.706150293,0.0205716211,-0.30088225,0.0351435281
orig	4	179	attn_norm-11	11	1024	0	1.441561e-02	1.018648e-01	-9.82052326,0.317491472,-4.60439062,0.580765367	-9.71865845,0.295302838,-4.61255646,0.594072461
orig	4	180	attn_pregate-11	11	2048	0	2.857436e-02	4.384012e-01	0.472721368,0.142173052,0.183702901,-0.202766955	0.466834456,0.141706213,0.182717651,-0.201141119
orig	4	181	attn_gated-11	11	2048	0	2.447044e-02	1.305154e-02	0.0522407964,0.0208271351,0.0131983953,-0.0111008622	0.0508787408,0.0203479417,0.0129765486,-0.0110594863
orig	4	182	attn_output-11	11	1024	0	6.118848e-02	3.052672e-03	-0.00913181901,-0.00362234376,-0.00983697176,0.0127838627	-0.00801805407,-0.00430357829,-0.00989733264,0.0125353113
orig	4	183	attn_residual-11	11	1024	0	1.870122e-02	9.601891e-03	-0.723770261,0.0185286831,-0.310643971,0.0471925065	-0.71416837,0.0162680428,-0.310779572,0.0476788394
orig	4	184	attn_post_norm-11	11	1024	0	2.082064e-02	8.701420e-02	-8.10823536,0.294481128,-4.71119356,0.770574272	-8.02122116,0.259216398,-4.72535801,0.780515194
orig	4	185	ffn_out-11	11	1024	0	5.110399e-02	6.445058e-03	-0.0270160623,0.00396447908,0.00733451359,0.00515086483	-0.03346112,0.00467172172,0.00786976144,0.0029187568
orig	4	186	l_out-11	11	1024	0	1.845242e-02	4.374065e-03	-0.750786304,0.0224931613,-0.30330947,0.0523433723	-0.747629464,0.0209397636,-0.302909821,0.0505975969
orig	4	187	attn_norm-12	12	1024	0	2.052487e-02	9.614863e-02	-12.926796,0.436946929,-6.13854742,1.13167989	-12.8844385,0.40715,-6.13617134,1.09495509
orig	4	188	conv_output_silu-12	12	6144	0	1.954995e-02	3.523713e-02	-0.00683739036,0.0234277435,0.0517109819,0.00833981857	-0.00762782246,0.0277265105,0.0516130365,0.0118938815
orig	4	189	q_conv_predelta-12	12	2048	0	2.166218e-02	1.671630e-02	-0.00551320985,0.0188905504,0.0416962467,0.00672466634	-0.00616979273,0.0224266909,0.0417473949,0.00962041039
orig	4	190	k_conv_predelta-12	12	2048	0	2.053320e-02	1.311843e-02	0.00730657298,-0.0131570324,0.00152276608,0.024497347	0.00682080863,-0.0135064609,0.00070535054,0.0244652014
orig	4	191	v_conv_predelta-12	12	2048	0	1.234526e-02	3.091758e-02	-0.000514232903,0.0016151414,-0.00463061268,-0.00469230674	-0.000476535031,0.0017737326,-0.00526187662,-0.00499771209
orig	4	192	a_softplus-12	12	16	0	1.796047e-02	2.626920e-02	0.00169264991,0.377067804,0.144890606,0.00618756842	0.00162112375,0.370347083,0.138964042,0.00610688422
orig	4	193	gate-12	12	16	0	9.124682e-03	3.966376e-03	-0.000341206556,-0.222534299,-0.0150345974,-0.0017589723	-0.000326788228,-0.218567923,-0.0144196264,-0.0017360358
orig	4	194	beta_sigmoid-12	12	16	0	4.150940e-03	5.228996e-03	0.230297998,0.620742023,0.557342887,0.31305933	0.232166946,0.619464636,0.555208087,0.314794242
orig	4	195	state_predelta-12	12	262144	1	3.037932e-03	7.582724e-03	-0.000214014042,4.700106e-05,4.09660533e-05,-6.92317408e-05	-0.000214540225,4.70648665e-05,4.0985964e-05,-6.95444833e-05
orig	4	196	new_state-12	12	262144	1	4.808341e-03	1.111640e-02	-0.000212534316,4.44519465e-05,4.124525e-05,-6.44917382e-05	-0.000213095191,4.43268727e-05,4.11147557e-05,-6.45900946e-05
orig	4	197	attn_output-12	12	2048	0	4.190653e-03	6.427616e-04	-1.73056305e-05,2.05194519e-05,-4.29649845e-06,-2.99424264e-05	-1.73700573e-05,2.09321952e-05,-5.44480281e-06,-3.07100272e-05
orig	4	198	z-12	12	2048	0	1.158844e-02	9.963250e-02	-0.246789426,0.400548935,0.152265117,0.106709242	-0.218097061,0.412404209,0.166423917,0.0863821059
orig	4	199	final_output-12	12	2048	0	3.131038e-02	3.323582e-02	0.00144775491,0.00399330212,-0.000225351163,-0.00134500919	0.00130211259,0.00420505833,-0.000313500233,-0.00110358105
orig	4	200	linear_attn_out-12	12	1024	0	4.164551e-02	2.784878e-03	-0.129508406,-0.00082457473,0.00962510239,-0.00296485284	-0.132293284,-0.00090145634,0.0100684483,-0.00200545881
orig	4	201	attn_residual-12	12	1024	0	1.856280e-02	4.867380e-03	-0.880294681,0.0216685869,-0.293684363,0.049378518	-0.879922748,0.0200383067,-0.292841375,0.048592139
orig	4	202	attn_post_norm-12	12	1024	0	2.077731e-02	7.302657e-02	-9.16214371,0.348950595,-4.32649374,0.779210389	-9.16001987,0.322758198,-4.31489801,0.766947329
orig	4	203	ffn_out-12	12	1024	0	4.482345e-02	7.344607e-03	0.021061752,-0.0241828412,-0.00204125419,0.00596809573	0.0137171447,-0.023846183,-0.00278010592,0.00755348708
orig	4	204	l_out-12	12	1024	0	1.863798e-02	6.972671e-03	-0.859232903,-0.0025142543,-0.295725614,0.0553466156	-0.866205573,-0.00380787626,-0.295621485,0.0561456271
orig	4	205	attn_norm-13	13	1024	0	2.080916e-02	1.261700e-01	-13.5772753,-0.0450351685,-5.39595747,1.12525642	-13.6778421,-0.0681585446,-5.39026928,1.14069951
orig	4	206	conv_output_silu-13	13	6144	0	1.863809e-02	4.882401e-02	0.156611532,0.0254866946,0.0330478996,-0.0133431507	0.162479058,0.029890433,0.0321236923,-0.0137337381
orig	4	207	q_conv_predelta-13	13	2048	0	2.013135e-02	1.209334e-02	0.139735833,0.0227403715,0.0294868164,-0.0119053572	0.14377971,0.0264504105,0.0284266509,-0.0121531533
orig	4	208	k_conv_predelta-13	13	2048	0	2.393020e-02	2.340129e-02	0.00673228921,0.0422708131,0.175285235,-0.0125787118	0.00592006929,0.0429353565,0.180740923,-0.0140937427
orig	4	209	v_conv_predelta-13	13	2048	0	1.574636e-02	1.955837e-02	0.00383657147,0.0105381804,-0.00960256159,0.0122185415	0.00403352361,0.0106711648,-0.00949228834,0.0123381866
orig	4	210	a_softplus-13	13	16	0	7.791103e-03	2.002454e-02	0.15306133,0.874892831,1.17768896,0.178548262	0.150339454,0.863487959,1.15766442,0.179241166
orig	4	211	gate-13	13	16	0	1.343352e-02	1.312697e-02	-0.0411958992,-1.00699556,-0.592179179,-0.0427415445	-0.0404633172,-0.993868589,-0.582110226,-0.0429074168
orig	4	212	beta_sigmoid-13	13	16	0	2.840682e-03	3.771111e-03	0.59615761,0.912662745,0.358912259,0.817405403	0.597124755,0.91306895,0.359482944,0.818819761
orig	4	213	state_predelta-13	13	262144	1	1.046306e-02	4.492775e-03	4.71109197e-05,-1.2320822e-05,-0.000467551668,2.14254396e-05	4.85422788e-05,-1.18940334e-05,-0.00043157686,3.09653551e-05
orig	4	214	new_state-13	13	262144	0	1.537036e-02	1.294841e-02	6.26634937e-05,9.77664167e-05,5.75723243e-06,-1.20504446e-05	6.2502033e-05,0.000103781778,7.05016137e-05,-8.07892684e-06
orig	4	215	attn_output-13	13	2048	0	1.280354e-02	6.479700e-05	8.7701701e-06,1.54228292e-05,-2.1220867e-05,3.4503566e-05	9.25840777e-06,1.61738299e-05,-2.13722378e-05,3.42934763e-05
orig	4	216	z-13	13	2048	0	1.330347e-02	1.033468e-01	0.893524528,1.50852418,-0.0365058184,1.76362348	0.915499151,1.53254819,-0.0303213596,1.80531645
orig	4	217	final_output-13	13	2048	0	2.528377e-02	1.309961e-02	0.00576074794,0.0198813546,0.000394399103,0.0526243486	0.00627793558,0.0212979019,0.000331347197,0.0539254025
orig	4	218	linear_attn_out-13	13	1024	0	3.887436e-02	3.498882e-03	-0.231309533,-0.000102805905,0.0146876974,0.000934027368	-0.234808415,-0.000674844719,0.0143654142,0.000894494122
orig	4	219	attn_residual-13	13	1024	0	1.918703e-02	1.047158e-02	-1.09054244,-0.00261706021,-0.281037927,0.0562806427	-1.10101402,-0.00448272098,-0.28125608,0.0570401214
orig	4	220	attn_post_norm-13	13	1024	0	2.080705e-02	8.359241e-02	-11.0674438,-0.0401675925,-3.9808917,0.794522226	-11.1510363,-0.068662785,-3.9758954,0.803609371
orig	4	221	ffn_out-13	13	1024	0	4.220066e-02	3.713607e-03	0.0864614248,-0.0107597578,-0.031785056,0.0374573842	0.0866530836,-0.00926379114,-0.032844685,0.0357219614
orig	4	222	l_out-13	13	1024	0	1.913904e-02	1.027989e-02	-1.00408101,-0.013376818,-0.312822998,0.0937380269	-1.0143609,-0.0137465121,-0.314100772,0.0927620828
orig	4	223	attn_norm-14	14	1024	0	2.027368e-02	1.170177e-01	-14.3198509,-0.21537672,-4.67485189,1.62634909	-14.4368687,-0.220876336,-4.68434572,1.6061244
orig	4	224	conv_output_silu-14	14	6144	0	1.116812e-02	2.597761e-02	0.0716173351,-0.0375209413,-0.222192407,0.000521378184	0.0670737848,-0.0366168618,-0.223911107,0.000478183181
orig	4	225	q_conv_predelta-14	14	2048	0	1.500565e-02	1.064581e-02	0.0209426414,-0.0109720314,-0.0649744347,0.000152463588	0.01954953,-0.0106724631,-0.0652618185,0.000139372743
orig	4	226	k_conv_predelta-14	14	2048	0	2.227239e-02	1.509009e-02	0.00490681501,-0.128231093,0.00811886508,-0.0418508388	0.00483374344,-0.127424538,0.00833739899,-0.0410107747
orig	4	227	v_conv_predelta-14	14	2048	0	1.241186e-02	2.597761e-02	0.0225694999,-0.000673101458,-0.0288224258,-0.00732508861	0.0214484297,-0.000734811299,-0.0281752944,-0.0074812742
orig	4	228	a_softplus-14	14	16	0	9.394123e-03	1.263902e-02	0.342483461,0.175658792,0.918789685,0.0129633071	0.351664841,0.176794007,0.918728888,0.0126179922
orig	4	229	gate-14	14	16	0	8.103615e-03	5.066887e-03	-0.107767195,-0.0293555278,-0.610851645,-0.0390048251	-0.110656247,-0.029545242,-0.610811174,-0.0379658192
orig	4	230	beta_sigmoid-14	14	16	0	2.706265e-03	3.575206e-03	0.689314067,0.69707793,0.645305574,0.51042825	0.690907896,0.699320376,0.645522654,0.511001229
orig	4	231	state_predelta-14	14	262144	0	9.469149e-03	6.156862e-03	-0.000398445176,0.000337038888,-2.55610357e-05,0.000316757127	-0.000405561557,0.000328498776,-3.04177665e-05,0.000332260272
orig	4	232	new_state-14	14	262144	0	1.479997e-02	1.653734e-02	-0.000291334582,-0.00143274944,8.69232026e-05,-0.00028197249	-0.000301510183,-0.00132891804,7.8961988e-05,-0.000224899093
orig	4	233	attn_output-14	14	2048	0	5.549480e-03	6.052945e-05	2.0431055e-06,6.69665678e-06,4.93662492e-06,-6.86121211e-07	2.79005076e-06,6.67241329e-06,4.02472824e-06,-7.49435799e-07
orig	4	234	z-14	14	2048	0	1.219014e-02	1.269894e-01	0.358371496,1.22940409,0.674825728,0.250541568	0.330034554,1.23703361,0.687610805,0.215090007
orig	4	235	final_output-14	14	2048	0	2.371812e-02	1.490092e-02	0.000451238244,0.00634498568,0.00221026898,-8.80803564e-05	0.000560881977,0.00637254585,0.00184412836,-8.13148654e-05
orig	4	236	linear_attn_out-14	14	1024	0	3.627766e-02	9.019919e-03	0.115961991,0.00163815729,0.0264647119,-0.0118934214	0.12498191,0.00320656225,0.0243433118,-0.0101691131
orig	4	237	attn_residual-14	14	1024	0	1.852063e-02	5.868401e-03	-0.888119042,-0.0117386607,-0.286358297,0.0818446055	-0.889379025,-0.0105399499,-0.28975746,0.0825929716
orig	4	238	attn_post_norm-14	14	1024	0	1.876410e-02	7.894847e-02	-8.67345142,-0.160782054,-3.68045402,1.02082634	-8.67845726,-0.144242242,-3.72101259,1.02929485
orig	4	239	ffn_out-14	14	1024	0	3.367625e-02	5.580224e-03	-0.0668911934,-0.0528089255,-0.0615366884,0.0100329975	-0.0714184195,-0.0529725254,-0.061023958,0.00968759041
orig	4	240	l_out-14	14	1024	0	1.843429e-02	7.013414e-03	-0.955010235,-0.0645475835,-0.347894996,0.091877602	-0.960797429,-0.0635124743,-0.350781411,0.0922805592
orig	4	241	attn_norm-15	15	1024	0	1.831639e-02	6.983390e-02	-8.11424351,-0.612981856,-3.29661798,0.865680516	-8.1710577,-0.603716552,-3.32708144,0.870291293
orig	4	242	attn_pregate-15	15	2048	0	1.413262e-02	6.018600e-01	-0.288501352,0.148832574,-0.065359503,-0.151919082	-0.289484859,0.147200599,-0.072989434,-0.155887008
orig	4	243	attn_gated-15	15	2048	0	1.672263e-02	2.789479e-02	-0.0382122621,0.0175783075,-0.00817719009,-0.0573821403	-0.0380523428,0.0167036187,-0.00894909259,-0.0582123585
orig	4	244	attn_output-15	15	1024	0	4.129959e-02	3.853053e-03	-0.198877245,0.0205116868,-0.0762160942,0.0407223701	-0.197207406,0.0217663944,-0.0756173134,0.0395277292
orig	4	245	attn_residual-15	15	1024	0	1.979084e-02	8.201648e-03	-1.15388751,-0.0440358967,-0.424111098,0.13259998	-1.15800488,-0.0417460799,-0.426398724,0.131808281
orig	4	246	attn_post_norm-15	15	1024	0	2.042631e-02	8.454528e-02	-8.21440506,-0.495696753,-4.55298519,1.32090354	-8.25008011,-0.470283866,-4.5810771,1.31403053
orig	4	247	ffn_out-15	15	1024	0	3.259844e-02	7.482111e-03	0.205079049,-0.0592279769,0.0564432852,0.108119696	0.199490964,-0.0602401346,0.053887371,0.109246299
orig	4	248	l_out-15	15	1024	0	2.061701e-02	9.705484e-03	-0.948808432,-0.10326387,-0.367667824,0.240719676	-0.958513916,-0.101986215,-0.372511357,0.24105458
orig	4	249	attn_norm-16	16	1024	0	2.108734e-02	1.112603e-01	-8.21650124,-1.28617251,-3.81438923,2.79787111	-8.30450439,-1.27086449,-3.86648083,2.80309916
orig	4	250	conv_output_silu-16	16	6144	0	1.418521e-02	4.912820e-02	-0.190718606,-0.0920523927,0.158042416,-0.278453201	-0.191669211,-0.094316721,0.150660589,-0.278306574
orig	4	251	q_conv_predelta-16	16	2048	0	1.652657e-02	1.086496e-02	-0.0211351607,-0.0102011133,0.0175140332,-0.0308577828	-0.0212790668,-0.0104710171,0.0167263001,-0.0308975223
orig	4	252	k_conv_predelta-16	16	2048	0	2.156517e-02	1.650465e-02	0.186784506,-0.00924231671,-0.0223410465,-0.0974714309	0.184513673,-0.00618026778,-0.0242484361,-0.0969952792
orig	4	253	v_conv_predelta-16	16	2048	0	1.155301e-02	2.785951e-02	-0.191318661,0.0395527706,0.390138179,0.0406877585	-0.19231236,0.0400154963,0.400428832,0.0387745686
orig	4	254	a_softplus-16	16	16	0	6.896934e-03	2.642274e-02	0.00379710784,0.991264999,0.06110112,0.995266318	0.00384817226,1.00018251,0.060442172,0.998841524
orig	4	255	gate-16	16	16	0	7.998257e-03	1.471663e-02	-0.000771429273,-0.402074814,-0.0072974884,-0.215241447	-0.000781803625,-0.405691922,-0.00721878838,-0.216014639
orig	4	256	beta_sigmoid-16	16	16	0	8.066592e-03	9.540409e-03	0.471676499,0.461919725,0.587144315,0.725561202	0.481216908,0.465486407,0.587285042,0.731047392
orig	4	257	state_predelta-16	16	262144	2	9.685507e-03	2.613866e-02	-0.0202229656,0.000307766255,-0.00376681611,0.00777046755	-0.0202530976,0.000277904328,-0.00375342881,0.00778753404
orig	4	258	new_state-16	16	262144	3	1.016168e-02	2.540690e-02	-0.0279663391,0.000691451831,-0.00283587165,0.0118134078	-0.0281497929,0.000542716356,-0.00271064695,0.0119409086
orig	4	259	attn_output-16	16	2048	0	8.861409e-03	5.540792e-04	-0.000977052376,0.000130581015,0.0036443721,8.07310498e-05	-0.000991814421,0.000132320667,0.00372338761,7.5394797e-05
orig	4	260	z-16	16	2048	0	1.336244e-02	1.231470e-01	-0.0230796933,0.816447735,-3.72319174,0.271173358	-0.033385098,0.808688045,-3.68449354,0.245940149
orig	4	261	final_output-16	16	2048	0	2.288111e-02	2.455029e-02	0.00519681349,0.0356598198,-0.17235674,0.00588354981	0.00751121761,0.0353306085,-0.179067224,0.00487702666
orig	4	262	linear_attn_out-16	16	1024	0	3.774868e-02	5.593628e-03	-0.385607868,0.0137968371,-0.0210257862,-0.071160242	-0.391201496,0.0132547943,-0.0223480761,-0.0698989928
orig	4	263	attn_residual-16	16	1024	0	2.051802e-02	1.529920e-02	-1.33441627,-0.0894670337,-0.388693601,0.169559434	-1.34971547,-0.088731423,-0.394859433,0.171155587
orig	4	264	attn_post_norm-16	16	1024	0	2.128339e-02	8.609962e-02	-7.60675955,-0.858694494,-3.65159845,1.33089221	-7.69285917,-0.851511002,-3.70898724,1.34322643
orig	4	265	ffn_out-16	16	1024	0	3.650680e-02	5.787127e-03	0.0636901557,0.0184013173,0.0117272362,0.0597991645	0.061368838,0.0185783356,0.00928606093,0.0569378883
orig	4	266	l_out-16	16	1024	0	2.087196e-02	1.762056e-02	-1.27072608,-0.0710657164,-0.376966357,0.229358599	-1.28834665,-0.0701530874,-0.385573387,0.228093475
orig	4	267	attn_norm-17	17	1024	0	2.136608e-02	1.518965e-01	-10.968852,-0.82471019,-4.08956528,2.42243004	-11.1207485,-0.814104378,-4.18286324,2.40902424
orig	4	268	conv_output_silu-17	17	6144	0	8.712445e-03	1.168556e-01	-0.235388577,-0.159793019,-0.270326853,0.0455609858	-0.232200354,-0.160857841,-0.270760179,0.045378536
orig	4	269	q_conv_predelta-17	17	2048	0	1.163107e-02	9.300977e-03	-0.0254981499,-0.0173093621,-0.0292827897,0.00493533211	-0.0251798276,-0.017443439,-0.0293612611,0.00492085284
orig	4	270	k_conv_predelta-17	17	2048	0	1.933012e-02	1.840574e-02	-0.0124767181,-0.0842392445,-0.0523021147,-0.0778296441	-0.0123649491,-0.0840822533,-0.0523152649,-0.0775856078
orig	4	271	v_conv_predelta-17	17	2048	0	1.156017e-02	2.937865e-02	-0.0890964866,-0.0394651964,-0.00182650681,-0.192259774	-0.0878245607,-0.0405555815,0.000725464721,-0.190804169
orig	4	272	a_softplus-17	17	16	0	1.231041e-02	4.910326e-02	0.399664849,0.00565180415,2.21092725,1.4501822	0.38998121,0.00591551512,2.26003051,1.47641909
orig	4	273	gate-17	17	16	0	1.828285e-02	2.113926e-02	-0.0941899791,-0.00146288774,-0.559009969,-0.50510031	-0.0919078141,-0.00153114542,-0.5714252,-0.514238656
orig	4	274	beta_sigmoid-17	17	16	0	4.698463e-03	1.017207e-02	0.80275023,0.215747803,0.970486879,0.74491924	0.801662743,0.218676299,0.971204758,0.744762003
orig	4	275	state_predelta-17	17	262144	1	1.110044e-02	4.308015e-02	0.00020097103,0.0145599339,0.00856642239,0.0146100521	0.000105100771,0.0143139903,0.00832916796,0.0142780729
orig	4	276	new_state-17	17	262144	0	1.120724e-02	4.547179e-02	0.000135209935,0.0129291108,0.00759644574,0.0129992263	5.67301213e-05,0.0127909025,0.00743217161,0.0127787041
orig	4	277	attn_output-17	17	2048	0	1.346807e-02	1.718961e-03	-0.000226176999,-0.000221651542,3.65171836e-05,-0.000402844744	-0.000227178607,-0.000228681718,4.2202475e-05,-0.000399959274
orig	4	278	z-17	17	2048	0	1.230597e-02	1.108453e-01	0.333160132,-0.409212887,-0.0691475868,-0.701289296	0.336219519,-0.420800805,-0.03003335,-0.719764829
orig	4	279	final_output-17	17	2048	0	1.999810e-02	2.687686e-02	-0.0281769391,0.0257089138,-0.000599307648,0.0592183843	-0.028597245,0.0270849392,-0.000306908187,0.0595984831
orig	4	280	linear_attn_out-17	17	1024	0	3.572709e-02	1.110619e-02	-0.686543286,-0.00502737053,0.0290099531,0.00344557874	-0.697649479,-0.00457682274,0.0288744569,0.00562753342
orig	4	281	attn_residual-17	17	1024	0	2.097835e-02	2.872670e-02	-1.95726943,-0.0760930851,-0.347956419,0.232804179	-1.98599613,-0.074729912,-0.35669893,0.233721003
orig	4	282	attn_post_norm-17	17	1024	0	2.218155e-02	1.285496e-01	-9.47481918,-0.645980656,-2.85020375,1.67657125	-9.60336876,-0.633714437,-2.91862082,1.6813333
orig	4	283	ffn_out-17	17	1024	0	3.887296e-02	9.525180e-03	0.0890913606,-0.0816043094,0.0559403636,0.0962014496	0.0835399926,-0.0803647712,0.0504036807,0.097639665
orig	4	284	l_out-17	17	1024	0	2.252486e-02	3.427804e-02	-1.86817813,-0.157697394,-0.292016059,0.329005629	-1.90245616,-0.155094683,-0.306295246,0.331360668
orig	4	285	attn_norm-18	18	1024	0	2.250896e-02	2.742338e-01	-14.2080679,-1.57816696,-2.8124578,3.08129811	-14.4823017,-1.55357254,-2.95274353,3.10625815
orig	4	286	conv_output_silu-18	18	6144	0	9.085125e-03	1.001015e-01	-0.0903200656,-0.264304787,-0.0717390701,-0.263104141	-0.0924371704,-0.260882646,-0.0726612657,-0.263728321
orig	4	287	q_conv_predelta-18	18	2048	0	1.576808e-02	2.529991e-02	-0.0296305306,-0.0867082104,-0.0235348213,-0.0863143206	-0.0302790217,-0.0854555741,-0.0238011628,-0.0863877162
orig	4	288	k_conv_predelta-18	18	2048	0	1.442487e-02	1.020423e-02	-0.076920189,-0.0483227558,-0.0175089054,-0.0525984541	-0.0773753598,-0.0483116619,-0.0178436656,-0.0534401424
orig	4	289	v_conv_predelta-18	18	2048	0	1.130080e-02	5.079794e-02	0.0407732725,-0.0491667911,-0.0446538888,-0.109363765	0.0404965878,-0.0527043976,-0.0452523865,-0.112461701
orig	4	290	a_softplus-18	18	16	0	5.995558e-03	3.069925e-02	0.00122079207,4.5988884,0.0446843058,4.04218054	0.00119316892,4.62958765,0.0440923609,4.06866074
orig	4	291	gate-18	18	16	0	6.095570e-03	8.191705e-03	-0.000508901838,-0.927049875,-0.0133122522,-1.08793819	-0.000497386791,-0.933238268,-0.0131359007,-1.09506524
orig	4	292	beta_sigmoid-18	18	16	0	3.472351e-03	4.981011e-03	0.591523111,0.767798543,0.329761952,0.907394588	0.594442844,0.770131052,0.329945236,0.909246206
orig	4	293	state_predelta-18	18	262144	0	8.582632e-03	3.222024e-02	-0.00109764014,-0.00866611581,-0.00483606476,-0.000242479698	-0.00104959076,-0.00864957552,-0.00480817677,-0.000202998752
orig	4	294	new_state-18	18	262144	0	9.008045e-03	2.451956e-02	-0.00104293576,-0.00862769131,-0.00482127909,-0.00020533106	-0.00100377318,-0.0086169932,-0.00479533989,-0.000171613821
orig	4	295	attn_output-18	18	2048	0	1.189939e-02	2.329394e-03	0.00349196605,-0.00668387301,-0.00117802131,-0.00527757872	0.003456468,-0.00671318732,-0.00119590585,-0.00532584358
orig	4	296	z-18	18	2048	0	1.339739e-02	1.031097e-01	-0.227029234,-0.732321978,-0.31025511,-1.37412059	-0.217900485,-0.740468979,-0.294753134,-1.35315204
orig	4	297	final_output-18	18	2048	0	2.585963e-02	4.913592e-02	-0.0164518468,0.0870010108,0.00773062464,0.0696837455	-0.0157801826,0.0882660225,0.00755659165,0.0707319155
orig	4	298	linear_attn_out-18	18	1024	0	3.410393e-02	6.670117e-03	-0.447457403,-0.0329644904,0.0698433667,-0.0947624445	-0.45412752,-0.033391118,0.0665411279,-0.0965155065
orig	4	299	attn_residual-18	18	1024	0	2.255364e-02	4.094815e-02	-2.31563544,-0.190661877,-0.222172692,0.234243184	-2.3565836,-0.188485801,-0.239754111,0.234845161
orig	4	300	attn_post_norm-18	18	1024	0	2.365334e-02	1.947346e-01	-11.0428677,-1.4132762,-1.6742208,1.51266789	-11.2376022,-1.39707887,-1.80662167,1.51648235
orig	4	301	ffn_out-18	18	1024	0	3.539757e-02	8.433122e-03	-0.447470129,0.00793058425,-0.058880724,0.0781595111	-0.453087389,0.00842285063,-0.0571159869,0.08097893
orig	4	302	l_out-18	18	1024	0	2.195028e-02	4.656529e-02	-2.76310563,-0.182731301,-0.281053424,0.312402695	-2.80967093,-0.18006295,-0.296870112,0.315824091
orig	4	303	attn_norm-19	19	1024	0	2.148410e-02	2.073212e-01	-13.4630432,-0.990276873,-1.56988573,1.72540426	-13.6703644,-0.97442168,-1.65586352,1.74180782
orig	4	304	attn_pregate-19	19	2048	0	1.902631e-02	1.765800e-01	0.0368847102,0.202110738,-0.0480976701,0.00556468964	0.039236661,0.186758578,-0.0568070039,0.0154992454
orig	4	305	attn_gated-19	19	2048	0	1.554108e-02	4.088712e-02	0.00121381332,0.00864826236,-0.00279879407,0.000236693697	0.00129755144,0.00787832681,-0.00333989807,0.000653658062
orig	4	306	attn_output-19	19	1024	0	5.192180e-02	1.749742e-02	0.208882093,-0.0175799429,-0.0834666193,0.203299791	0.191384673,-0.0180182457,-0.0846790522,0.211355269
orig	4	307	attn_residual-19	19	1024	0	2.544445e-02	6.406260e-02	-2.55422354,-0.200311244,-0.364520043,0.515702486	-2.61828613,-0.198081195,-0.38154918,0.52717936
orig	4	308	attn_post_norm-19	19	1024	0	2.606159e-02	2.798386e-01	-12.4150944,-1.44115222,-2.39777207,2.81928897	-12.6949329,-1.42157567,-2.50356698,2.87488842
orig	4	309	ffn_out-19	19	1024	0	4.551057e-02	2.480528e-02	0.370969117,-0.0423567779,0.00892015174,0.103833571	0.395774394,-0.0408290625,0.00632342137,0.102955796
orig	4	310	l_out-19	19	1024	0	2.656887e-02	3.925729e-02	-2.18325448,-0.242668018,-0.35559988,0.619536042	-2.22251177,-0.238910258,-0.375225753,0.630135179
orig	4	311	attn_norm-20	20	1024	0	2.664008e-02	2.192240e-01	-12.4941158,-1.95084369,-2.66411185,4.15629673	-12.7133398,-1.91981423,-2.80994582,4.22559738
orig	4	312	conv_output_silu-20	20	6144	0	1.422015e-02	6.284618e-02	0.1907022,-0.253445446,-0.200321153,-0.0609322116	0.184203744,-0.253097653,-0.201603189,-0.0668026581
orig	4	313	q_conv_predelta-20	20	2048	0	1.803934e-02	1.824462e-02	0.0542880856,-0.0721495003,-0.0570263565,-0.0173458569	0.0524649322,-0.0720873103,-0.0574206486,-0.0190267432
orig	4	314	k_conv_predelta-20	20	2048	0	1.942453e-02	1.655516e-02	-0.0356551409,-0.0152336117,0.0177385863,-0.0755571723	-0.0355309509,-0.0154507523,0.0173733644,-0.0752269477
orig	4	315	v_conv_predelta-20	20	2048	0	1.306108e-02	5.829895e-02	-0.110737681,0.0471736044,-0.0412567295,0.0572348982	-0.1109953,0.046660874,-0.0408484042,0.0555659384
orig	4	316	a_softplus-20	20	16	0	7.027615e-03	4.338551e-02	0.448670745,0.300236791,0.126845405,3.29386258	0.427511007,0.299051404,0.12532489,3.2971096
orig	4	317	gate-20	20	16	0	5.645621e-03	1.963210e-02	-0.100111976,-0.0521733314,-0.0231002644,-0.943707466	-0.0953906029,-0.0519673415,-0.022823358,-0.944637716
orig	4	318	beta_sigmoid-20	20	16	0	5.211166e-03	7.951707e-03	0.904265523,0.965570688,0.910592616,0.742662251	0.907230198,0.966099381,0.913513064,0.747869313
orig	4	319	state_predelta-20	20	262144	0	1.246122e-02	1.660791e-02	-0.00134726544,-0.00279285107,-0.0010885722,-0.0019531427	-0.00110740727,-0.00279844366,-0.00113521121,-0.00183289964
orig	4	320	new_state-20	20	262144	0	1.261223e-02	2.184963e-02	0.00298640132,-0.000730075408,-0.00307703577,0.00714445906	0.00321723707,-0.000707062543,-0.00309725851,0.00727677858
orig	4	321	attn_output-20	20	2048	0	7.816156e-03	8.644667e-04	-0.00346588995,0.00180240301,-0.00145654532,0.00179885072	-0.00348294806,0.00177814637,-0.00144399039,0.00177302514
orig	4	322	z-20	20	2048	0	1.435206e-02	1.422205e-01	-0.167930096,-0.750593781,-0.191670045,1.59100616	-0.191823855,-0.69276154,-0.197616443,1.60655677
orig	4	323	final_output-20	20	2048	0	3.978391e-02	1.867900e-01	0.0287991483,-0.0495809577,0.0131839337,0.231245562	0.0325234048,-0.046781648,0.0133875636,0.229994237
orig	4	324	linear_attn_out-20	20	1024	0	3.866325e-02	1.332998e-02	-1.36336851,-0.0573470891,-0.00870027486,0.360146344	-1.37669849,-0.0552619509,-0.0102633573,0.363182813
orig	4	325	attn_residual-20	20	1024	0	2.577737e-02	5.258727e-02	-3.54662299,-0.300015092,-0.364300162,0.979682386	-3.59921026,-0.294172198,-0.385489106,0.993317962
orig	4	326	attn_post_norm-20	20	1024	0	2.779132e-02	1.635056e-01	-12.7441721,-1.88910961,-2.32142115,4.86511183	-12.9076777,-1.84867263,-2.45160794,4.92311716
orig	4	327	ffn_out-20	20	1024	0	4.713386e-02	9.270854e-03	0.386644453,-0.0485297106,-0.0730680078,0.0479469597	0.381988078,-0.0515256003,-0.0742574856,0.040705312
orig	4	328	l_out-20	20	1024	0	2.752712e-02	5.724359e-02	-3.15997863,-0.348544806,-0.437368155,1.02762938	-3.21722221,-0.34569779,-0.459746599,1.03402328
orig	4	329	attn_norm-21	21	1024	0	2.817263e-02	2.604141e-01	-15.466898,-2.6193049,-2.99849343,6.55405569	-15.7273121,-2.59464788,-3.14795756,6.58655405
orig	4	330	conv_output_silu-21	21	6144	0	9.350134e-03	6.834698e-02	-0.0945494696,-0.0371630788,-0.26971525,-0.0957267731	-0.0913153067,-0.0364315808,-0.269093364,-0.0948445871
orig	4	331	q_conv_predelta-21	21	2048	0	1.295848e-02	2.208290e-02	-0.0173962172,-0.00683765812,-0.0496250801,-0.0176128298	-0.0168587361,-0.00672604004,-0.0496803299,-0.0175103154
orig	4	332	k_conv_predelta-21	21	2048	0	2.131034e-02	1.954437e-02	-0.0103376657,-0.0197884161,-0.0235132948,-0.044431407	-0.0101217125,-0.0217078496,-0.02391899,-0.0434584729
orig	4	333	v_conv_predelta-21	21	2048	0	1.290638e-02	5.395845e-02	-0.0055007115,-0.0150050512,-0.116569683,0.00364996889	-0.00286438293,-0.0154124722,-0.112304442,0.00347215403
orig	4	334	a_softplus-21	21	16	0	7.110448e-03	4.485154e-02	0.457394928,3.0025301,0.0455790348,1.45600903	0.464276195,3.00786448,0.0440896228,1.44986904
orig	4	335	gate-21	21	16	0	6.775865e-03	8.560061e-03	-0.135205686,-0.777161479,-0.0170316398,-0.690461874	-0.137239784,-0.778542161,-0.0164750889,-0.687550187
orig	4	336	beta_sigmoid-21	21	16	0	3.426956e-03	7.839456e-03	0.705976605,0.955593288,0.516176283,0.911329865	0.704139709,0.954714894,0.516468942,0.910794616
orig	4	337	state_predelta-21	21	262144	0	1.546805e-02	2.763575e-02	-0.0006177795,-0.00226448057,0.00375266117,-0.0035452717	-0.000695560768,-0.0018668737,0.00385208474,-0.00334673421
orig	4	338	new_state-21	21	262144	0	1.369177e-02	2.642536e-02	-0.000268557167,-0.00145917316,0.00389469974,-0.00193175115	-0.000369346701,-0.0011191438,0.00391819933,-0.00189990306
orig	4	339	attn_output-21	21	2048	0	5.385684e-03	4.159063e-04	-1.14202712e-05,3.54086137e-06,-8.55124817e-05,-8.27264466e-06	-7.49789115e-06,3.33879098e-06,-8.50254073e-05,-8.92049138e-06
orig	4	340	z-21	21	2048	0	1.590004e-02	1.223695e-01	-2.0583117,-1.85421371,-0.554563522,-2.59414148	-2.1141212,-1.87234807,-0.562046468,-2.53304791
orig	4	341	final_output-21	21	2048	0	3.223722e-02	2.833676e-02	0.00222396594,-0.000613218814,0.0130449412,0.00139782368	0.00142664439,-0.00057460781,0.0130792242,0.00155721314
orig	4	342	linear_attn_out-21	21	1024	0	4.231157e-02	1.516998e-02	-0.834378123,-0.0122459158,0.0794630945,0.195012838	-0.819208145,-0.0124093145,0.0781224817,0.19023183
orig	4	343	attn_residual-21	21	1024	0	2.565527e-02	4.207373e-02	-3.99435663,-0.36079073,-0.35790506,1.22264218	-4.03643036,-0.35810709,-0.381624103,1.22425508
orig	4	344	attn_post_norm-21	21	1024	0	2.800879e-02	1.358712e-01	-13.5781784,-2.12006736,-2.07536507,5.66794538	-13.7108631,-2.10271215,-2.21123624,5.67114592
orig	4	345	ffn_out-21	21	1024	0	4.592554e-02	9.348959e-03	0.268877029,-0.012216771,-0.0783274472,0.021952007	0.275344372,-0.0169138536,-0.0783200562,0.0206367224
orig	4	346	l_out-21	21	1024	0	2.715873e-02	3.560638e-02	-3.7254796,-0.373007506,-0.436232507,1.24459422	-3.76108599,-0.375020951,-0.459944159,1.24489176
orig	4	347	attn_norm-22	22	1024	0	2.779442e-02	1.433897e-01	-15.9024,-2.28425288,-2.45797896,7.00351524	-16.0457897,-2.29535294,-2.59019589,7.00143814
orig	4	348	conv_output_silu-22	22	6144	0	1.211752e-02	1.113117e-01	0.0511710048,-0.0129358871,0.0452132486,-0.0393068604	0.0498061292,-0.013392834,0.047991287,-0.0421529338
orig	4	349	q_conv_predelta-22	22	2048	0	1.253920e-02	1.802584e-02	0.0116074272,-0.00293432549,0.0102559943,-0.00891621225	0.0112373363,-0.00302171172,0.0108278682,-0.00951061025
orig	4	350	k_conv_predelta-22	22	2048	0	2.505421e-02	2.153318e-02	0.021461945,-0.128192082,-0.109970398,-0.0996854082	0.0237435922,-0.124589995,-0.106179908,-0.100436658
orig	4	351	v_conv_predelta-22	22	2048	0	1.927972e-02	4.398185e-02	0.00441153906,-0.0181777086,0.0110670365,-0.0219279751	0.00459908508,-0.0185363926,0.0101729296,-0.0211587809
orig	4	352	a_softplus-22	22	16	0	6.670235e-03	6.147313e-02	2.49551082,4.72951174,4.31037569,0.218319222	2.49228621,4.68878841,4.34303617,0.221448585
orig	4	353	gate-22	22	16	0	5.641649e-03	2.141929e-02	-0.461623102,-1.07191527,-2.82681346,-0.0410209671	-0.461026609,-1.06268549,-2.84823275,-0.0416089557
orig	4	354	beta_sigmoid-22	22	16	0	4.646962e-03	6.565511e-03	0.603150606,0.884743035,0.952572525,0.578673005	0.599985301,0.886213124,0.952608109,0.585238516
orig	4	355	state_predelta-22	22	262144	0	2.130059e-02	1.609823e-02	0.000208134603,4.3005879e-05,0.000201893912,-3.98758566e-05	0.000187393889,4.19512799e-05,9.72179405e-05,-3.81304999e-05
orig	4	356	new_state-22	22	262144	0	1.914808e-02	3.574538e-02	0.0001885565,-0.000315611309,-0.000166755664,-0.000291636941	0.000184495017,-0.00032153356,-0.000235259635,-0.000304573856
orig	4	357	attn_output-22	22	2048	0	9.890702e-03	3.502220e-04	4.54151041e-06,-8.9648318e-05,0.00014627786,-0.000156325637	4.8052766e-06,-8.93058968e-05,0.000142063989,-0.000151818836
orig	4	358	z-22	22	2048	0	1.642092e-02	1.438794e-01	1.71651924,-0.787588954,-1.7377255,-0.303674877	1.71004605,-0.777313054,-1.83403587,-0.241139755
orig	4	359	final_output-22	22	2048	0	2.939987e-02	1.100856e-01	0.00750495447,0.0226619486,-0.0406540595,0.019416891	0.00791011564,0.0224585105,-0.0384063162,0.0155288549
orig	4	360	linear_attn_out-22	22	1024	0	4.220056e-02	1.246506e-02	-0.795028448,-0.0205417536,-0.0347787477,0.0528181344	-0.807493508,-0.0215609986,-0.0349504575,0.0619679317
orig	4	361	attn_residual-22	22	1024	0	2.665939e-02	4.807186e-02	-4.52050781,-0.393549263,-0.471011251,1.2974124	-4.56857967,-0.396581948,-0.494894624,1.30685973
orig	4	362	attn_post_norm-22	22	1024	0	2.862475e-02	1.437569e-01	-16.0110817,-2.01109099,-2.36406922,5.35391665	-16.1548386,-2.0232687,-2.4798739,5.38406754
orig	4	363	ffn_out-22	22	1024	0	4.183208e-02	1.549488e-02	-0.145454466,-0.0112539679,0.082274802,-0.0675094351	-0.154456437,-0.0083992444,0.0825603977,-0.0639838278
orig	4	364	l_out-22	22	1024	0	2.835857e-02	5.707407e-02	-4.66596222,-0.404803216,-0.388736457,1.22990298	-4.72303629,-0.404981196,-0.412334234,1.24287593
orig	4	365	attn_norm-23	23	1024	0	2.798622e-02	1.780987e-01	-16.2453289,-1.80464733,-1.79078758,4.62480164	-16.4234276,-1.80317736,-1.89711392,4.66772509
orig	4	366	attn_pregate-23	23	2048	0	6.376353e-03	1.092598e-01	-7.22501183,0.167170435,-0.484225214,0.117631659	-7.23518133,0.173321635,-0.475569934,0.0816231295
orig	4	367	attn_gated-23	23	2048	0	2.306875e-02	1.072197e-01	-1.35562956,0.0151921641,-0.05001387,0.0100568179	-1.30670261,0.0158848204,-0.0496706814,0.00716876704
orig	4	368	attn_output-23	23	1024	0	3.966699e-02	1.797129e-02	-0.30271703,-0.00186799094,-0.0164715908,0.164626896	-0.299488306,-0.00260809436,-0.0107826367,0.167321652
orig	4	369	attn_residual-23	23	1024	0	3.182709e-02	5.384541e-02	-4.96867943,-0.406671196,-0.405208051,1.39452982	-5.02252483,-0.407589287,-0.423116863,1.41019762
orig	4	370	attn_post_norm-23	23	1024	0	3.330153e-02	1.464252e-01	-17.7513161,-1.75628674,-1.61002469,5.18321991	-17.8977413,-1.75574446,-1.67687774,5.22803354
orig	4	371	ffn_out-23	23	1024	0	2.290994e-02	1.085615e-01	2.71523881,0.698509872,0.9516958,0.129282594	2.82380033,0.697023213,0.96525526,0.10843575
orig	4	372	l_out-23	23	1024	0	2.968739e-02	5.471611e-02	-2.25344062,0.291838676,0.546487749,1.52381241	-2.19872451,0.289433926,0.542138398,1.51863337
orig	4	373	result_norm	-1	1024	0	3.241773e-02	3.920897e-01	-1.35778403,2.96158242,5.3840127,16.752306	-1.32567763,2.93909025,5.34463835,16.7062321
orig	4	374	result_output	-1	248320	1	4.931089e-02	5.036502e-01	12.9184694,10.3695164,4.48706627,9.8991127	12.9041348,10.3365097,4.6512208,9.78972816
orig	28	375	model.input_embed	-1	1024	1024	0.000000e+00	0.000000e+00	-0.00443530083,-0.0236549377,0.0192196369,0.0280902386	-0.00443530083,-0.0236549377,0.0192196369,0.0280902386
orig	28	376	attn_norm-0	0	1024	1024	0.000000e+00	0.000000e+00	-0.355813235,-1.22866762,1.183496,1.96739697	-0.355813235,-1.22866762,1.183496,1.96739697
orig	28	377	conv_output_silu-0	0	6144	6144	0.000000e+00	0.000000e+00	-0.0379437357,-0.0100741265,-0.00457119057,-0.0573598966	-0.0379437357,-0.0100741265,-0.00457119057,-0.0573598966
orig	28	378	q_conv_predelta-0	0	2048	2048	0.000000e+00	0.000000e+00	-0.0646868423,-0.0171744656,-0.00779300882,-0.0977876931	-0.0646868423,-0.0171744656,-0.00779300882,-0.0977876931
orig	28	379	k_conv_predelta-0	0	2048	2048	0.000000e+00	0.000000e+00	0.0591997094,-0.127992496,-0.0746471658,0.00174158427	0.0591997094,-0.127992496,-0.0746471658,0.00174158427
orig	28	380	v_conv_predelta-0	0	2048	2048	0.000000e+00	0.000000e+00	0.0766799599,-0.0106751742,-0.00472295424,-0.036742989	0.0766799599,-0.0106751742,-0.00472295424,-0.036742989
orig	28	381	a_softplus-0	0	16	16	0.000000e+00	0.000000e+00	3.9730978,0.000217890847,0.00040475282,3.75231338	3.9730978,0.000217890847,0.00040475282,3.75231338
orig	28	382	gate-0	0	16	16	0.000000e+00	0.000000e+00	-5.14157057,-2.85810584e-05,-4.8340833e-05,-2.12966847	-5.14157057,-2.85810584e-05,-4.8340833e-05,-2.12966847
orig	28	383	beta_sigmoid-0	0	16	16	0.000000e+00	0.000000e+00	0.444926709,0.52553463,0.460861266,0.997994304	0.444926709,0.52553463,0.460861266,0.997994304
orig	28	384	state_predelta-0	0	262144	262144	0.000000e+00	0.000000e+00	-1.9852705e-06,4.34703088e-06,3.50095343e-06,2.674266e-07	-1.9852705e-06,4.34703088e-06,3.50095343e-06,2.674266e-07
orig	28	385	new_state-0	0	262144	262144	0.000000e+00	0.000000e+00	0.00201968523,-0.00436665164,-0.00254669203,5.94186131e-05	0.00201968523,-0.00436665164,-0.00254669203,5.94186131e-05
orig	28	386	attn_output-0	0	2048	2048	0.000000e+00	0.000000e+00	6.8563545e-06,-9.65426921e-07,-3.60865414e-07,-3.29754198e-06	6.8563545e-06,-9.65426921e-07,-3.60865414e-07,-3.29754198e-06
orig	28	387	z-0	0	2048	2048	0.000000e+00	0.000000e+00	0.963563442,-0.744903564,0.654985309,-1.23944759	0.963563442,-0.744903564,0.654985309,-1.23944759
orig	28	388	final_output-0	0	2048	2048	0.000000e+00	0.000000e+00	0.00460561551,0.000229250523,-0.000144311794,0.000848213851	0.00460561551,0.000229250523,-0.000144311794,0.000848213851
orig	28	389	linear_attn_out-0	0	1024	1024	0.000000e+00	0.000000e+00	-0.479343086,0.0208116993,-0.121387951,-0.0108986348	-0.479343086,0.0208116993,-0.121387951,-0.0108986348
orig	28	390	attn_residual-0	0	1024	1024	0.000000e+00	0.000000e+00	-0.483778387,-0.00284323841,-0.102168314,0.0171916038	-0.483778387,-0.00284323841,-0.102168314,0.0171916038
orig	28	391	attn_post_norm-0	0	1024	1024	0.000000e+00	0.000000e+00	-8.43921757,-0.0909809321,-3.36409044,0.554672718	-8.43921757,-0.0909809321,-3.36409044,0.554672718
orig	28	392	ffn_out-0	0	1024	1024	0.000000e+00	0.000000e+00	0.0362266973,0.0326891318,0.0168542545,-0.028310677	0.0362266973,0.0326891318,0.0168542545,-0.028310677
orig	28	393	l_out-0	0	1024	1024	0.000000e+00	0.000000e+00	-0.447551697,0.0298458934,-0.0853140578,-0.0111190733	-0.447551697,0.0298458934,-0.0853140578,-0.0111190733
orig	28	394	attn_norm-1	1	1024	1024	0.000000e+00	0.000000e+00	-14.0762701,1.2163496,-3.32574749,-0.464739978	-14.0762701,1.2163496,-3.32574749,-0.464739978
orig	28	395	conv_output_silu-1	1	6144	6144	0.000000e+00	0.000000e+00	0.011661876,-0.01300437,-0.147895396,-0.278444409	0.011661876,-0.01300437,-0.147895396,-0.278444409
orig	28	396	q_conv_predelta-1	1	2048	2048	0.000000e+00	0.000000e+00	0.00423357822,-0.00472093979,-0.0536900535,-0.101082891	0.00423357822,-0.00472093979,-0.0536900535,-0.101082891
orig	28	397	k_conv_predelta-1	1	2048	2048	0.000000e+00	0.000000e+00	-0.106026553,0.0245726667,-0.0124976626,0.0516721867	-0.106026553,0.0245726667,-0.0124976626,0.0516721867
orig	28	398	v_conv_predelta-1	1	2048	2048	0.000000e+00	0.000000e+00	-0.0835829675,0.0522022992,-0.00316645787,-0.0019307927	-0.0835829675,0.0522022992,-0.00316645787,-0.0019307927
orig	28	399	a_softplus-1	1	16	16	0.000000e+00	0.000000e+00	0.00625865022,0.610671878,0.653646231,0.417819947	0.00625865022,0.610671878,0.653646231,0.417819947
orig	28	400	gate-1	1	16	16	0.000000e+00	0.000000e+00	-0.00112211413,-0.658683658,-0.748677611,-0.126436234	-0.00112211413,-0.658683658,-0.748677611,-0.126436234
orig	28	401	beta_sigmoid-1	1	16	16	0.000000e+00	0.000000e+00	0.258447707,0.963361263,0.950765729,0.732100487	0.258447707,0.963361263,0.950765729,0.732100487
orig	28	402	state_predelta-1	1	262144	262144	0.000000e+00	0.000000e+00	-0.0130763259,0.021342054,0.00178249017,-0.0134303831	-0.0130763259,0.021342054,0.00178249017,-0.0134303831
orig	28	403	new_state-1	1	262144	262144	0.000000e+00	0.000000e+00	-0.0105502633,0.0207360778,0.00207651709,-0.0146392547	-0.0105502633,0.0207360778,0.00207651709,-0.0146392547
orig	28	404	attn_output-1	1	2048	2048	0.000000e+00	0.000000e+00	-0.000713339774,0.000502837938,4.79848268e-07,2.67758733e-05	-0.000713339774,0.000502837938,4.79848268e-07,2.67758733e-05
orig	28	405	z-1	1	2048	2048	0.000000e+00	0.000000e+00	-5.5540638,-5.95376921,-2.51962709,-0.212670088	-5.5540638,-5.95376921,-2.51962709,-0.212670088
orig	28	406	final_output-1	1	2048	2048	0.000000e+00	0.000000e+00	0.0128283752,-0.00649372349,-8.26883916e-05,-0.00257626339	0.0128283752,-0.00649372349,-8.26883916e-05,-0.00257626339
orig	28	407	linear_attn_out-1	1	1024	1024	0.000000e+00	0.000000e+00	-0.0345047712,-0.0251502749,-0.0797232091,0.0289953277	-0.0345047712,-0.0251502749,-0.0797232091,0.0289953277
orig	28	408	attn_residual-1	1	1024	1024	0.000000e+00	0.000000e+00	-0.482056469,0.00469561853,-0.165037274,0.0178762544	-0.482056469,0.00469561853,-0.165037274,0.0178762544
orig	28	409	attn_post_norm-1	1	1024	1024	0.000000e+00	0.000000e+00	-7.31955242,0.112314045,-3.98792911,0.456037134	-7.31955242,0.112314045,-3.98792911,0.456037134
orig	28	410	ffn_out-1	1	1024	1024	0.000000e+00	0.000000e+00	-0.0628211945,-0.00228133751,-0.033430595,-0.014658385	-0.0628211945,-0.00228133751,-0.033430595,-0.014658385
orig	28	411	l_out-1	1	1024	1024	0.000000e+00	0.000000e+00	-0.544877648,0.00241428101,-0.198467866,0.00321786944	-0.544877648,0.00241428101,-0.198467866,0.00321786944
orig	28	412	attn_norm-2	2	1024	1024	0.000000e+00	0.000000e+00	-13.7469149,0.0746156946,-5.92259932,0.100719877	-13.7469149,0.0746156946,-5.92259932,0.100719877
orig	28	413	conv_output_silu-2	2	6144	6144	0.000000e+00	0.000000e+00	0.0508381836,-0.037875399,-0.0228484161,-0.00707038725	0.0508381836,-0.037875399,-0.0228484161,-0.00707038725
orig	28	414	q_conv_predelta-2	2	2048	2048	0.000000e+00	0.000000e+00	0.032318335,-0.0240777638,-0.0145249628,-0.00449471455	0.032318335,-0.0240777638,-0.0145249628,-0.00449471455
orig	28	415	k_conv_predelta-2	2	2048	2048	0.000000e+00	0.000000e+00	0.0401377603,-0.0503263324,-0.0416972451,-0.166473895	0.0401377603,-0.0503263324,-0.0416972451,-0.166473895
orig	28	416	v_conv_predelta-2	2	2048	2048	0.000000e+00	0.000000e+00	0.00316491793,-0.0354219414,-0.00813333876,-0.0134695042	0.00316491793,-0.0354219414,-0.00813333876,-0.0134695042
orig	28	417	a_softplus-2	2	16	16	0.000000e+00	0.000000e+00	1.29277742,0.0140563715,0.0476785824,0.742868423	1.29277742,0.0140563715,0.0476785824,0.742868423
orig	28	418	gate-2	2	16	16	0.000000e+00	0.000000e+00	-1.16053689,-0.00396478176,-0.0142043,-0.48528564	-1.16053689,-0.00396478176,-0.0142043,-0.48528564
orig	28	419	beta_sigmoid-2	2	16	16	0.000000e+00	0.000000e+00	0.425806671,0.285492867,0.269860327,0.716315091	0.425806671,0.285492867,0.269860327,0.716315091
orig	28	420	state_predelta-2	2	262144	262144	0.000000e+00	0.000000e+00	6.35578772e-06,-1.21400299e-05,2.95600094e-05,0.000161745702	6.35578772e-06,-1.21400299e-05,2.95600094e-05,0.000161745702
orig	28	421	new_state-2	2	262144	262144	0.000000e+00	0.000000e+00	5.52889251e-05,-7.06302817e-05,-4.61066447e-05,-0.000170377098	5.52889251e-05,-7.06302817e-05,-4.61066447e-05,-0.000170377098
orig	28	422	attn_output-2	2	2048	2048	0.000000e+00	0.000000e+00	-2.01895e-06,1.95159719e-05,4.54867177e-06,7.14408998e-06	-2.01895e-06,1.95159719e-05,4.54867177e-06,7.14408998e-06
orig	28	423	z-2	2	2048	2048	0.000000e+00	0.000000e+00	1.23792195,0.105916649,0.196250081,-0.459848285	1.23792195,0.105916649,0.196250081,-0.459848285
orig	28	424	final_output-2	2	2048	2048	0.000000e+00	0.000000e+00	-0.00197450328,0.000720538374,0.000446581776,-0.00123833597	-0.00197450328,0.000720538374,0.000446581776,-0.00123833597
orig	28	425	linear_attn_out-2	2	1024	1024	0.000000e+00	0.000000e+00	-0.394632638,-0.0285854768,0.00960105471,-0.0383195058	-0.394632638,-0.0285854768,0.00960105471,-0.0383195058
orig	28	426	attn_residual-2	2	1024	1024	0.000000e+00	0.000000e+00	-0.939510286,-0.0261711963,-0.188866809,-0.0351016372	-0.939510286,-0.0261711963,-0.188866809,-0.0351016372
orig	28	427	attn_post_norm-2	2	1024	1024	0.000000e+00	0.000000e+00	-12.6546555,-0.553631067,-4.05567169,-0.751401484	-12.6546555,-0.553631067,-4.05567169,-0.751401484
orig	28	428	ffn_out-2	2	1024	1024	0.000000e+00	0.000000e+00	0.591763198,0.00991100166,-0.0277483966,-0.00983495824	0.591763198,0.00991100166,-0.0277483966,-0.00983495824
orig	28	429	l_out-2	2	1024	1024	0.000000e+00	0.000000e+00	-0.347747087,-0.0162601955,-0.2166152,-0.0449365973	-0.347747087,-0.0162601955,-0.2166152,-0.0449365973
orig	28	430	attn_norm-3	3	1024	1024	0.000000e+00	0.000000e+00	-7.9798789,-0.445440382,-5.36378384,-1.17346287	-7.9798789,-0.445440382,-5.36378384,-1.17346287
orig	28	431	attn_pregate-3	3	2048	98	5.738593e-07	1.460314e-06	0.147749305,-0.0174730215,0.265874177,0.359543473	0.14774926,-0.0174731519,0.265874863,0.359543532
orig	28	432	attn_gated-3	3	2048	111	5.894738e-07	6.854534e-07	0.0454292521,-0.0013916546,0.0150021855,0.00543493731	0.0454292409,-0.00139166496,0.0150022246,0.00543493824
orig	28	433	attn_output-3	3	1024	85	4.608090e-07	3.352761e-08	-0.254446626,-0.0227011666,0.0206896961,-0.017520031	-0.254446596,-0.0227011647,0.0206897017,-0.0175200328
orig	28	434	attn_residual-3	3	1024	197	1.802699e-07	3.725290e-08	-0.602193713,-0.0389613621,-0.195925504,-0.0624566302	-0.602193713,-0.0389613584,-0.195925504,-0.0624566302
orig	28	435	attn_post_norm-3	3	1024	213	1.975017e-07	9.536743e-07	-8.16881943,-0.791486382,-4.09978867,-1.31825781	-8.16881943,-0.791486263,-4.09978867,-1.31825781
orig	28	436	ffn_out-3	3	1024	121	5.188912e-07	6.705523e-08	-0.00602258742,-0.0292333942,0.00581762195,-0.0120726228	-0.00602263212,-0.0292333998,0.00581764057,-0.0120726153
orig	28	437	l_out-3	3	1024	113	3.554673e-07	7.450581e-08	-0.608216286,-0.0681947544,-0.190107882,-0.0745292529	-0.608216345,-0.0681947619,-0.190107867,-0.0745292455
orig	28	438	attn_norm-4	4	1024	122	3.744114e-07	1.937151e-06	-12.5194168,-1.85140324,-4.81018114,-2.07434392	-12.5194178,-1.85140359,-4.81018019,-2.07434368
orig	28	439	conv_output_silu-4	4	6144	1085	2.041243e-07	1.192093e-06	-0.0287505928,0.0172714666,-0.0559585392,-0.195339352	-0.0287506003,0.0172714703,-0.055958543,-0.195339352
orig	28	440	q_conv_predelta-4	4	2048	344	1.549054e-07	1.192093e-07	-0.00632281741,0.00379833323,-0.0123063764,-0.042958945	-0.00632282021,0.00379833439,-0.0123063792,-0.042958945
orig	28	441	k_conv_predelta-4	4	2048	371	2.418485e-07	1.788139e-07	-0.00145156472,0.426597536,0.0221505389,-0.00312491949	-0.00145156367,0.426597536,0.02215055,-0.00312492438
orig	28	442	v_conv_predelta-4	4	2048	269	2.557590e-07	1.192093e-06	-0.0793101713,0.00101613859,-0.00268716342,-0.00342361489	-0.0793101862,0.001016133,-0.00268716924,-0.00342361862
orig	28	443	a_softplus-4	4	16	16	0.000000e+00	0.000000e+00	0.115396641,2.14226627,0.015827151,1.60431397	0.115396641,2.14226627,0.015827151,1.60431397
orig	28	444	gate-4	4	16	16	0.000000e+00	0.000000e+00	-0.0481044762,-2.08143115,-0.00498023396,-0.842118084	-0.0481044762,-2.08143115,-0.00498023396,-0.842118084
orig	28	445	beta_sigmoid-4	4	16	16	0.000000e+00	0.000000e+00	0.474845916,0.932374418,0.347021699,0.369117796	0.474845916,0.932374418,0.347021699,0.369117796
orig	28	446	state_predelta-4	4	262144	8	1.000740e-03	3.647815e-03	0.000942095765,-0.0270953905,0.000903770444,-0.00218584295	0.00093193684,-0.0272096768,0.0009163043,-0.0021810676
orig	28	447	new_state-4	4	262144	52	9.434520e-04	3.327504e-03	0.000927003333,-0.0343907997,0.00041644345,-0.00202042074	0.000917241618,-0.0344762281,0.000429607986,-0.00201604189
orig	28	448	attn_output-4	4	2048	1	4.635912e-04	1.214594e-04	-9.95090159e-05,1.21936828e-05,2.13507337e-05,-1.3130847e-05	-9.97145762e-05,1.21917601e-05,2.13339772e-05,-1.30194449e-05
orig	28	449	z-4	4	2048	476	1.232255e-07	1.430511e-06	-6.03991699,0.603221178,-0.615869641,0.0809261501	-6.03991747,0.603221297,-0.615869641,0.0809261799
orig	28	450	final_output-4	4	2048	2	2.124627e-03	2.107739e-03	0.00122760201,0.00491554523,-0.0037861797,-0.000513407635	0.00123006722,0.00491449097,-0.00378299202,-0.000509022968
orig	28	451	linear_attn_out-4	4	1024	0	1.001266e-02	7.453188e-04	-0.269764483,-0.0199125167,-0.0301715881,0.0216417015	-0.270112514,-0.0196043402,-0.0300143622,0.0216371734
orig	28	452	attn_residual-4	4	1024	0	3.222642e-03	7.453375e-04	-0.877980769,-0.088107273,-0.22027947,-0.0528875515	-0.87832886,-0.0877991021,-0.220122233,-0.052892074
orig	28	453	attn_post_norm-4	4	1024	0	3.603394e-03	1.530117e-02	-11.2072897,-1.64354789,-4.04116154,-1.02162087	-11.2141495,-1.63815236,-4.03914738,-1.02192843
orig	28	454	ffn_out-4	4	1024	0	1.889726e-02	2.323426e-03	0.1759101,0.0267655402,0.0214544479,-0.0243735313	0.178094,0.0264710747,0.0211008377,-0.024174314
orig	28	455	l_out-4	4	1024	0	1.023341e-02	2.187166e-03	-0.702070653,-0.0613417327,-0.198825017,-0.0772610828	-0.70023489,-0.0613280274,-0.199021399,-0.0770663917
orig	28	456	attn_norm-5	5	1024	0	1.094334e-02	5.443266e-02	-13.7822361,-1.62169123,-4.8886652,-2.13779926	-13.7586346,-1.62279558,-4.89792013,-2.13434148
orig	28	457	conv_output_silu-5	5	6144	0	9.542010e-03	5.231547e-02	0.225434631,0.105488896,0.0206393655,-0.270030379	0.23021917,0.106484443,0.0208519585,-0.270048529
orig	28	458	q_conv_predelta-5	5	2048	0	1.228427e-02	1.034182e-02	0.111585595,0.0522148758,0.0102160703,-0.133659586	0.113497362,0.0524965115,0.0102799535,-0.133133128
orig	28	459	k_conv_predelta-5	5	2048	0	1.198876e-02	1.172769e-02	-0.00316421269,-0.0078090406,-0.0634616911,0.00318338955	-0.00323078479,-0.00786278304,-0.0642932802,0.00307395705
orig	28	460	v_conv_predelta-5	5	2048	0	5.124713e-03	2.174926e-02	-0.023969993,0.012088283,0.0168936364,-0.0084376391	-0.024057962,0.0121213254,0.0167092793,-0.00833122898
orig	28	461	a_softplus-5	5	16	0	7.716160e-03	2.095997e-03	0.0394092165,0.0223553348,0.00291042775,0.000651504903	0.0390525088,0.0221409332,0.00285979081,0.000647811801
orig	28	462	gate-5	5	16	0	1.269676e-02	2.657369e-03	-0.0300982948,-0.00271200994,-0.0007416429,-0.000272650621	-0.0298258625,-0.00268599996,-0.000728739426,-0.000271105062
orig	28	463	beta_sigmoid-5	5	16	0	3.272490e-03	4.957497e-03	0.109909087,0.384465009,0.605520785,0.0934311599	0.110336013,0.384632528,0.605476558,0.0931899473
orig	28	464	state_predelta-5	5	262144	0	5.346276e-03	1.759458e-02	0.000320158084,0.000378387776,0.00689999573,-4.11327019e-05	0.000315930345,0.000374639814,0.00680302037,-3.60215745e-05
orig	28	465	new_state-5	5	262144	0	5.156624e-03	1.751798e-02	0.000316696707,0.000382053375,0.00681637553,-4.59809598e-05	0.000312782184,0.000378563069,0.00672521023,-4.080082e-05
orig	28	466	attn_output-5	5	2048	0	5.174537e-03	4.510134e-04	-0.000145679165,0.000214105676,0.000101115722,-6.38733545e-05	-0.000143566649,0.000211088496,0.000100997429,-6.39222635e-05
orig	28	467	z-5	5	2048	0	9.958073e-03	8.625960e-02	-0.277489871,1.57177961,0.3154715,1.75473428	-0.293581367,1.57866061,0.331041187,1.75788045
orig	28	468	final_output-5	5	2048	0	2.016577e-02	1.326749e-02	0.0137697617,0.212137595,0.014874883,-0.0762835741	0.0141364727,0.208992422,0.0155945625,-0.0760343075
orig	28	469	linear_attn_out-5	5	1024	0	3.862747e-02	3.407285e-03	-0.153671101,-0.0661173463,0.0119135492,0.0190988407	-0.157078385,-0.0653544664,0.0108008701,0.0182040632
orig	28	470	attn_residual-5	5	1024	0	1.530338e-02	3.080525e-03	-0.855741739,-0.127459079,-0.186911464,-0.0581622422	-0.857313275,-0.12668249,-0.188220531,-0.0588623285
orig	28	471	attn_post_norm-5	5	1024	0	1.755270e-02	5.823886e-02	-10.2881832,-2.30342698,-3.20838213,-1.1060499	-10.3240595,-2.29316449,-3.23617578,-1.12120736
orig	28	472	ffn_out-5	5	1024	0	3.912517e-02	5.875401e-03	-0.0785482451,0.0286345333,-0.0510216393,0.0681417212	-0.0726728439,0.0291862786,-0.0507820286,0.0686483458
orig	28	473	l_out-5	5	1024	0	1.853024e-02	4.303873e-03	-0.934289992,-0.0988245457,-0.237933099,0.00997947901	-0.929986119,-0.0974962115,-0.239002556,0.00978601724
orig	28	474	attn_norm-6	6	1024	0	2.016034e-02	9.067684e-02	-15.3716211,-2.10688448,-4.90468073,0.225375623	-15.327014,-2.08212471,-4.93516397,0.221385002
orig	28	475	conv_output_silu-6	6	6144	0	1.626762e-02	7.745069e-02	-0.0863327011,-0.268652946,0.00151785277,0.0187982973	-0.090705812,-0.26888749,0.000443290774,0.0137950787
orig	28	476	q_conv_predelta-6	6	2048	0	1.666232e-02	2.159879e-02	-0.0269842297,-0.0839704126,0.000474421453,0.00587561307	-0.0285025518,-0.0844927058,0.000139295575,0.00433483766
orig	28	477	k_conv_predelta-6	6	2048	0	2.042766e-02	2.548552e-02	-0.00525548542,-0.0213286802,0.0598398298,-0.0355511755	-0.00536736008,-0.0211220644,0.0591122061,-0.035490483
orig	28	478	v_conv_predelta-6	6	2048	0	1.715779e-02	3.044903e-02	0.0182302818,-0.002199332,0.00677720457,0.00345513993	0.0182312112,-0.00223761122,0.0065907049,0.00344852894
orig	28	479	a_softplus-6	6	16	0	1.186550e-02	1.877081e-02	0.0101351375,0.0251317639,0.104968563,0.00256744958	0.00968483929,0.0241892245,0.103134319,0.00243474427
orig	28	480	gate-6	6	16	0	9.614588e-03	6.455898e-03	-0.0018457456,-0.0186763406,-0.0320136026,-0.00142342981	-0.00176374021,-0.017975904,-0.0314541906,-0.00134985615
orig	28	481	beta_sigmoid-6	6	16	0	1.060303e-02	8.835867e-03	0.451126784,0.242153525,0.465093344,0.347774565	0.444393218,0.233317658,0.463859558,0.339682937
orig	28	482	state_predelta-6	6	262144	0	1.653101e-02	1.154715e-02	-0.000770997372,-0.000662454811,0.00122540526,0.000629970513	-0.00075553963,-0.00065050181,0.00154012092,0.000559538195
orig	28	483	new_state-6	6	262144	0	1.638654e-02	1.155750e-02	-0.000768014113,-0.000654896023,0.00120536599,0.000639371749	-0.00075176364,-0.00063973543,0.00151048426,0.000574716309
orig	28	484	attn_output-6	6	2048	0	9.662782e-03	1.164069e-04	4.62573225e-05,-6.93651316e-07,4.0648436e-05,-2.23722236e-05	4.59425428e-05,1.44374178e-06,4.03114536e-05,-2.12273262e-05
orig	28	485	z-6	6	2048	0	1.247374e-02	1.252880e-01	1.48213398,0.216175914,0.505450845,0.396418214	1.48178363,0.20526284,0.522833109,0.382529378
orig	28	486	final_output-6	6	2048	0	3.550546e-02	2.566710e-02	0.0459214747,-7.84417207e-05,0.0119651994,-0.00533601223	0.0456404909,0.00015442165,0.0123664346,-0.00486305263
orig	28	487	linear_attn_out-6	6	1024	0	4.566902e-02	2.899833e-03	-0.0371719971,-0.00830430444,0.0219075084,0.00347328791	-0.0358834937,-0.00893499888,0.0232031103,0.00324629666
orig	28	488	attn_residual-6	6	1024	0	2.011501e-02	5.592406e-03	-0.971462011,-0.107128851,-0.216025591,0.0134527665	-0.965869606,-0.106431209,-0.215799451,0.0130323134
orig	28	489	attn_post_norm-6	6	1024	0	2.237224e-02	8.279002e-02	-13.2012234,-1.78326929,-3.54978609,0.229111642	-13.1408424,-1.77376401,-3.55028844,0.222215042
orig	28	490	ffn_out-6	6	1024	0	4.525707e-02	4.800595e-03	0.0474500135,0.0189836677,-0.0352114663,0.0231171157	0.0522506088,0.0178877432,-0.0336537585,0.0242379885
orig	28	491	l_out-6	6	1024	0	2.186116e-02	1.039302e-02	-0.924012005,-0.0881451815,-0.251237065,0.0365698822	-0.913618982,-0.0885434672,-0.249453217,0.0372703001
orig	28	492	attn_norm-7	7	1024	0	2.233208e-02	1.209269e-01	-13.2852535,-1.34674597,-3.96404791,0.670291901	-13.1643267,-1.35576653,-3.94444203,0.684612215
orig	28	493	attn_pregate-7	7	2048	0	2.926412e-02	2.887483e-01	-0.0461364016,-0.0248920377,-0.331976831,-0.0663920045	-0.0396509767,-0.0528627671,-0.342824012,-0.0759624541
orig	28	494	attn_gated-7	7	2048	0	2.612301e-02	3.501856e-02	-0.0112745371,-0.00480308617,-0.0294269249,-0.0199099667	-0.00950439647,-0.0101890527,-0.031681776,-0.0225223061
orig	28	495	attn_output-7	7	1024	0	5.259156e-02	4.869550e-03	-0.0400447696,-0.00317557901,0.0117187239,-0.0414554812	-0.0449143201,-0.0028129071,0.0121197794,-0.0408158004
orig	28	496	attn_residual-7	7	1024	0	2.659616e-02	5.909171e-03	-0.96405679,-0.0913207605,-0.239518344,-0.00488559902	-0.958533287,-0.0913563743,-0.237333432,-0.00354550034
orig	28	497	attn_post_norm-7	7	1024	0	3.089287e-02	1.025079e-01	-10.2907467,-1.41951597,-3.59011412,-0.0790205821	-10.2501669,-1.42262053,-3.56375527,-0.057448592
orig	28	498	ffn_out-7	7	1024	0	5.712564e-02	5.427100e-03	0.00454127789,0.0351868235,0.00262653641,0.0425706357	0.000101588666,0.037007641,0.00205325708,0.0454008654
orig	28	499	l_out-7	7	1024	0	2.636974e-02	6.559614e-03	-0.959515512,-0.0561339371,-0.236891806,0.0376850367	-0.958431721,-0.0543487333,-0.235280171,0.041855365
orig	28	500	attn_norm-8	8	1024	0	2.946449e-02	1.369634e-01	-15.8580379,-1.09751415,-4.2030201,0.791761875	-15.8339987,-1.06219923,-4.17281103,0.879040301
orig	28	501	conv_output_silu-8	8	6144	0	1.896277e-02	5.909491e-02	0.0129566425,-1.43028146e-05,-0.175091237,0.120489053	0.0124190431,-5.88831281e-05,-0.172552601,0.116250135
orig	28	502	q_conv_predelta-8	8	2048	0	2.505844e-02	2.585422e-02	0.00482351193,-5.32466584e-06,-0.0651831403,0.0448557846	0.00466732588,-2.21294613e-05,-0.0648487285,0.0436891317
orig	28	503	k_conv_predelta-8	8	2048	0	2.697403e-02	1.612163e-02	-0.0253357925,-0.106471188,0.0317135565,-0.00477374578	-0.0234264843,-0.10152594,0.0314560048,-0.00592120225
orig	28	504	v_conv_predelta-8	8	2048	0	2.875422e-02	3.458953e-02	0.354133815,-0.00176603952,-0.0272706598,0.00870243274	0.362336457,-0.00151761458,-0.0272074696,0.00792132318
orig	28	505	a_softplus-8	8	16	0	1.347250e-02	7.610708e-03	0.0619802773,0.00662120758,0.00869512185,0.000724529964	0.0645456165,0.00671677012,0.00879651308,0.000724410813
orig	28	506	gate-8	8	16	0	1.221635e-02	4.440397e-03	-0.0217571221,-0.00188224518,-0.00259043183,-0.000109387664	-0.0226576421,-0.00190941116,-0.00262063812,-0.000109369677
orig	28	507	beta_sigmoid-8	8	16	0	5.978007e-03	8.514881e-03	0.637748599,0.124736391,0.290862381,0.104685046	0.631773353,0.123903416,0.28944701,0.103471279
orig	28	508	state_predelta-8	8	262144	0	1.636135e-02	1.701642e-02	-0.035472855,-0.0120385531,0.0102783451,-0.00610702625	-0.0352488011,-0.0149886552,0.0107422806,-0.00643342175
orig	28	509	new_state-8	8	262144	1	1.657897e-02	1.664244e-02	-0.039181944,-0.0305748805,0.0156555455,-0.00681830198	-0.0386106223,-0.0326446742,0.0160760637,-0.00733861374
orig	28	510	attn_output-8	8	2048	0	1.682638e-02	1.433529e-03	-6.7472407e-05,2.39012297e-05,-1.81609485e-05,-4.05187602e-05	-7.1973358e-05,2.51543061e-05,-1.81705454e-05,-3.98365519e-05
orig	28	511	z-8	8	2048	0	1.598322e-02	1.299529e-01	-0.0339760743,0.719698906,1.20827413,0.635672808	-0.0348367579,0.697439432,1.1781646,0.602843761
orig	28	512	final_output-8	8	2048	0	3.919422e-02	2.655363e-02	0.00103355257,0.00750132417,-0.0168604478,-0.0126675135	0.00112932024,0.007590333,-0.0163252912,-0.0116697941
orig	28	513	linear_attn_out-8	8	1024	0	7.101012e-02	3.478926e-03	0.0170073919,0.00265205838,0.0162951294,6.98491931e-05	0.0146379061,0.00115898764,0.0167318135,0.000662879087
orig	28	514	attn_residual-8	8	1024	0	2.789141e-02	6.832458e-03	-0.942508101,-0.0534818769,-0.220596671,0.0377548859	-0.943793833,-0.053189747,-0.218548357,0.0425182432
orig	28	515	attn_post_norm-8	8	1024	0	3.294632e-02	1.068215e-01	-9.66348743,-0.795246661,-3.16765738,0.615608931	-9.67356205,-0.790648758,-3.13723612,0.693054616
orig	28	516	ffn_out-8	8	1024	0	6.134538e-02	4.680716e-03	0.0907248855,0.00655343104,-0.0110035194,-0.010795461	0.0911118388,0.00770951901,-0.0134641826,-0.010977339
orig	28	517	l_out-8	8	1024	0	2.617460e-02	5.627885e-03	-0.851783216,-0.0469284467,-0.231600195,0.0269594248	-0.852681994,-0.045480229,-0.23201254,0.0315409042
orig	28	518	attn_norm-9	9	1024	0	2.965152e-02	1.164951e-01	-12.7025976,-0.851261616,-4.13832951,0.578944027	-12.7040386,-0.824215531,-4.14179802,0.676692486
orig	28	519	conv_output_silu-9	9	6144	0	1.916317e-02	4.657297e-02	-0.0601454452,-0.061212752,0.0992908552,-0.0627170205	-0.0607522726,-0.069865115,0.104035422,-0.0622783713
orig	28	520	q_conv_predelta-9	9	2048	0	2.410555e-02	1.880126e-02	-0.0222799927,-0.0226753615,0.0367808342,-0.023232596	-0.0223920774,-0.0257508885,0.0383453853,-0.0229545664
orig	28	521	k_conv_predelta-9	9	2048	0	2.990302e-02	2.146372e-02	0.0322637819,-0.00394924078,-0.0102363117,0.00544349244	0.0334664993,-0.00395547785,-0.00991128571,0.00583218457
orig	28	522	v_conv_predelta-9	9	2048	0	1.876318e-02	3.040016e-02	0.0133084226,-0.0084910132,-0.00214018091,-0.00840786844	0.0128410617,-0.00914236158,-0.00177170325,-0.00874255411
orig	28	523	a_softplus-9	9	16	0	1.511637e-02	2.646494e-02	6.37749326e-05,0.00349375536,0.0395387076,0.0434306636	6.25829198e-05,0.00353271887,0.0385220274,0.043257039
orig	28	524	gate-9	9	16	0	1.948460e-02	7.884383e-03	-2.58682539e-05,-0.000476536836,-0.0134523679,-0.00803386513	-2.5384752e-05,-0.000481851312,-0.0131064607,-0.00800174754
orig	28	525	beta_sigmoid-9	9	16	0	2.023215e-02	1.176876e-02	0.0344799459,0.192967713,0.140962169,0.0944284573	0.0326875523,0.190975994,0.1392553,0.092147164
orig	28	526	state_predelta-9	9	262144	0	2.021288e-02	1.490381e-02	-0.0028526003,-0.000959697121,-0.000800659356,0.000191007028	-0.00281069428,-0.000964780105,-0.000810374273,0.000184730583
orig	28	527	new_state-9	9	262144	0	2.008205e-02	1.497552e-02	-0.00284125283,-0.000961052196,-0.000804215437,0.000192904161	-0.00279960106,-0.000966058287,-0.000813617778,0.000186646648
orig	28	528	attn_output-9	9	2048	0	1.465490e-02	1.916271e-04	2.77809468e-05,1.88742248e-07,-9.02158208e-05,-0.000112122034	2.3286515e-05,-2.04081948e-06,-9.02138563e-05,-0.000112661466
orig	28	529	z-9	9	2048	0	1.568188e-02	9.643626e-02	0.131981045,-0.556342363,0.934648871,1.35046637	0.132176265,-0.553013086,0.93381536,1.32933569
orig	28	530	final_output-9	9	2048	0	3.713328e-02	1.344790e-02	0.00154249952,-2.86594186e-05,-0.0469160937,-0.0859441459	0.00129871233,0.00030957337,-0.0469971783,-0.0848781988
orig	28	531	linear_attn_out-9	9	1024	0	4.731851e-02	3.569528e-03	-0.135137215,0.000265778974,0.0307083242,0.00288569182	-0.135370702,-0.000371828675,0.0311846603,0.00259415805
orig	28	532	attn_residual-9	9	1024	0	2.618440e-02	6.149035e-03	-0.986920416,-0.0466626659,-0.200891867,0.0298451167	-0.988052726,-0.0458520576,-0.200827882,0.0341350622
orig	28	533	attn_post_norm-9	9	1024	0	3.042841e-02	9.509826e-02	-9.64294338,-0.638537467,-2.65426731,0.461872101	-9.64189148,-0.626657605,-2.65009189,0.527598739
orig	28	534	ffn_out-9	9	1024	0	6.171141e-02	5.745146e-03	-0.029403314,-0.0178712197,-0.0220200624,0.0180468187	-0.0351484604,-0.0194313619,-0.0223894697,0.0192123093
orig	28	535	l_out-9	9	1024	0	2.611283e-02	6.877542e-03	-1.01632369,-0.0645338893,-0.222911924,0.0478919372	-1.02320123,-0.0652834177,-0.223217353,0.0533473715
orig	28	536	attn_norm-10	10	1024	0	2.843408e-02	1.191962e-01	-15.3933983,-1.01837182,-3.76082492,0.871183693	-15.4459963,-1.02677155,-3.75344586,0.967192113
orig	28	537	conv_output_silu-10	10	6144	0	2.476455e-02	7.983947e-02	-0.00775825419,-0.00619595218,0.00264703692,0.0641374364	-0.00799943507,-0.00616789144,0.00298866676,0.0653204769
orig	28	538	q_conv_predelta-10	10	2048	0	2.270615e-02	1.742075e-02	-0.00981101301,-0.00783534069,0.00334741734,0.0811075792	-0.0101357438,-0.00781507231,0.00378681254,0.0827647969
orig	28	539	k_conv_predelta-10	10	2048	0	2.864662e-02	2.693732e-02	-0.0588235818,0.0504135787,0.0672518313,0.0304453336	-0.0597133599,0.0478993021,0.0684882253,0.030168891
orig	28	540	v_conv_predelta-10	10	2048	0	2.715603e-02	1.681343e-02	-0.0101108681,-0.0116752125,0.00610421225,0.00569169316	-0.0107018603,-0.0119433505,0.00584013294,0.00591052417
orig	28	541	a_softplus-10	10	16	0	1.144585e-02	3.881216e-02	0.218974859,0.00108302571,3.40020251,0.0321530104	0.221210688,0.00106956961,3.36139035,0.030855
orig	28	542	gate-10	10	16	0	1.142593e-02	1.202345e-02	-0.167566255,-0.00628126366,-1.05333364,-0.00658351323	-0.169277176,-0.00620322209,-1.04131019,-0.00631773844
orig	28	543	beta_sigmoid-10	10	16	0	1.589892e-02	1.883513e-02	0.802256465,0.288932443,0.934916139,0.551036835	0.800388455,0.28567782,0.933566988,0.541694224
orig	28	544	state_predelta-10	10	262144	0	3.130912e-02	1.296790e-02	0.000347729569,0.000592363242,2.63383699e-05,-0.000330636656	0.000380679732,0.000649191614,-1.56437309e-05,-0.000336038211
orig	28	545	new_state-10	10	262144	0	3.097754e-02	1.423444e-02	0.000492642401,0.000330801588,-0.000204735203,-0.000382395141	0.000546893745,0.000367214205,-0.000271839497,-0.000397635333
orig	28	546	attn_output-10	10	2048	0	1.574484e-02	1.353631e-04	-8.3968489e-06,-7.34436207e-06,2.86146746e-06,7.64531433e-06	-9.45938609e-06,-8.36481649e-06,3.0854867e-06,7.99292593e-06
orig	28	547	z-10	10	2048	0	1.265761e-02	9.423065e-02	1.95731461,1.02304959,1.37910891,0.962022543	1.96375751,1.01589143,1.36617279,0.95467037
orig	28	548	final_output-10	10	2048	0	4.083301e-02	1.773527e-02	-0.0129304314,-0.00589865353,0.0030690697,0.00543794082	-0.0146261053,-0.0066585266,0.00326971058,0.00563020911
orig	28	549	linear_attn_out-10	10	1024	0	5.394329e-02	4.389041e-03	-0.041797936,0.0212934949,0.0337712839,-0.000684982166	-0.0427896753,0.0207684524,0.0342818238,-0.00157915615
orig	28	550	attn_residual-10	10	1024	0	2.661896e-02	7.869244e-03	-1.05812168,-0.0432403944,-0.189140648,0.0472069532	-1.06599092,-0.0445149653,-0.188935533,0.0517682135
orig	28	551	attn_post_norm-10	10	1024	0	2.941543e-02	9.437549e-02	-11.5533161,-0.582809269,-2.54111838,0.677717209	-11.5972052,-0.597821712,-2.52919626,0.740516126
orig	28	552	ffn_out-10	10	1024	0	5.617780e-02	4.742332e-03	0.168449923,-0.0103059877,-0.0239155777,0.00593265099	0.172679722,-0.00942663476,-0.0251062736,0.00394764263
orig	28	553	l_out-10	10	1024	0	2.642287e-02	6.773900e-03	-0.889671743,-0.053546384,-0.213056222,0.0531396046	-0.893311203,-0.0539416,-0.214041799,0.0557158552
orig	28	554	attn_norm-11	11	1024	0	2.778582e-02	1.131981e-01	-11.2818956,-0.70822674,-3.00941753,0.8276667	-11.2906065,-0.711095929,-3.0133462,0.864924431
orig	28	555	attn_pregate-11	11	2048	0	3.053727e-02	1.866150e-01	0.151145861,-0.0450963825,0.231342539,-0.0265922174	0.145731598,-0.0398333631,0.229919598,-0.034822762
orig	28	556	attn_gated-11	11	2048	0	3.371093e-02	2.301407e-02	0.00747949816,-0.00374710839,0.018884588,-0.00235200999	0.00699267955,-0.003184753,0.0181807932,-0.00296237832
orig	28	557	attn_output-11	11	1024	0	6.674795e-02	3.864639e-03	-0.0556160733,7.32280314e-05,-0.00822224282,0.0133463144	-0.0528398305,-3.93055379e-05,-0.00731950253,0.0121576786
orig	28	558	attn_residual-11	11	1024	0	2.819102e-02	8.805819e-03	-0.945287824,-0.0534731559,-0.221278459,0.0664859191	-0.946151018,-0.0539809056,-0.221361309,0.0678735375
orig	28	559	attn_post_norm-11	11	1024	0	3.115851e-02	1.227168e-01	-9.55428696,-0.766756177,-3.02771997,0.979444146	-9.55548954,-0.773428142,-3.02647138,0.999099612
orig	28	560	ffn_out-11	11	1024	0	6.105430e-02	6.278210e-03	0.145775229,0.0187966898,-0.0104018329,-0.000531332567	0.145913512,0.0182113275,-0.0103227682,0.0030117929
orig	28	561	l_out-11	11	1024	0	2.668142e-02	7.917769e-03	-0.799512625,-0.0346764661,-0.231680289,0.0659545884	-0.800237536,-0.0357695781,-0.231684074,0.0708853304
orig	28	562	attn_norm-12	12	1024	0	2.860518e-02	1.644082e-01	-12.7669182,-0.624739826,-4.34865427,1.32249212	-12.7678061,-0.643894613,-4.34508801,1.42017245
orig	28	563	conv_output_silu-12	12	6144	0	2.518255e-02	1.163857e-01	-0.0115379849,-0.111473471,0.0557291843,-0.17899473	-0.0106380237,-0.110581592,0.0557009652,-0.177594155
orig	28	564	q_conv_predelta-12	12	2048	0	2.039674e-02	1.349077e-02	-0.00787276402,-0.0760621876,0.038025938,-0.122134261	-0.00724816741,-0.0753442422,0.0379515886,-0.121002935
orig	28	565	k_conv_predelta-12	12	2048	0	2.866058e-02	2.744728e-02	0.0625781044,-0.0095088901,0.0647523031,-0.00374752656	0.0642952174,-0.00919480622,0.0583637469,-0.00354709523
orig	28	566	v_conv_predelta-12	12	2048	0	3.612098e-02	6.874084e-02	-0.00135608041,0.00851749629,0.0148236128,-0.00162361399	-0.00152784586,0.00812114496,0.0143467048,-0.00135166058
orig	28	567	a_softplus-12	12	16	0	1.678600e-02	6.022483e-03	0.000263298658,0.00291363709,0.000516877102,0.000849362987	0.000249831472,0.00283886981,0.000523311028,0.000849601231
orig	28	568	gate-12	12	16	0	1.626322e-02	5.710334e-03	-5.30760844e-05,-0.00171954266,-5.36338339e-05,-0.000241452843	-5.03613519e-05,-0.00167541718,-5.43014539e-05,-0.000241520567
orig	28	569	beta_sigmoid-12	12	16	0	1.355848e-02	6.884605e-03	0.150392607,0.425334394,0.0768290535,0.0984402448	0.156740263,0.420080006,0.0786263645,0.103541702
orig	28	570	state_predelta-12	12	262144	0	1.493443e-02	2.807488e-02	-0.000602872635,0.000143206838,-0.000243687522,-0.00019395331	-0.000591387507,0.000146970109,-0.000241041154,-0.000194481152
orig	28	571	new_state-12	12	262144	2	1.484830e-02	2.685852e-02	-0.000572919322,0.000138652627,-0.000212713683,-0.000195734872	-0.000559724635,0.00014243889,-0.000212314233,-0.000196216512
orig	28	572	attn_output-12	12	2048	0	1.278561e-02	1.674727e-03	-5.62808636e-05,4.10983303e-05,8.29007113e-05,-0.000109444023	-5.65776572e-05,4.05906576e-05,8.33767117e-05,-0.000109797118
orig	28	573	z-12	12	2048	0	1.387579e-02	1.402066e-01	0.0643196404,0.914227962,0.50728178,-0.0265292972	0.0674211383,0.9319188,0.511386335,-0.0562908053
orig	28	574	final_output-12	12	2048	0	4.220258e-02	5.817366e-02	-0.00125182897,0.018868573,0.0145716118,0.000992729561	-0.00131649419,0.0190254562,0.014745146,0.00207410706
orig	28	575	linear_attn_out-12	12	1024	0	4.311446e-02	2.776299e-03	-0.300168544,0.0159372911,0.0169313625,0.024809381	-0.297674239,0.0161196534,0.0172952246,0.025288051
orig	28	576	attn_residual-12	12	1024	0	2.638153e-02	8.008517e-03	-1.09968114,-0.0187391751,-0.214748919,0.0907639712	-1.09791183,-0.0196499247,-0.214388847,0.0961733833
orig	28	577	attn_post_norm-12	12	1024	0	2.870543e-02	1.050551e-01	-10.2341137,-0.269834965,-2.82878971,1.28069174	-10.2213173,-0.283050954,-2.82506084,1.35750663
orig	28	578	ffn_out-12	12	1024	0	5.594049e-02	4.919734e-03	0.136090204,-0.0413997546,-0.0228377711,0.0189259537	0.137366235,-0.0401303098,-0.0230937228,0.0178857557
orig	28	579	l_out-12	12	1024	0	2.522835e-02	7.703900e-03	-0.96359092,-0.0601389296,-0.237586692,0.109689921	-0.960545599,-0.0597802326,-0.237482578,0.114059135
orig	28	580	attn_norm-13	13	1024	0	2.708342e-02	1.310596e-01	-13.8685141,-0.981146336,-3.94854593,2.03124666	-13.832962,-0.975878239,-3.94917893,2.11342072
orig	28	581	conv_output_silu-13	13	6144	0	1.739316e-02	5.471396e-02	-0.24457711,-0.19058457,-0.008616779,-0.0449291579	-0.243437946,-0.194058672,-0.010318893,-0.0462047085
orig	28	582	q_conv_predelta-13	13	2048	0	1.769297e-02	1.337696e-02	-0.0811028406,-0.0631986782,-0.00285736169,-0.0148987053	-0.0808200389,-0.0644263998,-0.00342581491,-0.0153397061
orig	28	583	k_conv_predelta-13	13	2048	0	2.622225e-02	1.524979e-02	-0.00513426168,-0.012739568,0.63671124,-0.014056229	-0.00528812921,-0.0134287719,0.642298758,-0.0184731632
orig	28	584	v_conv_predelta-13	13	2048	0	2.132597e-02	1.685187e-02	0.00158990268,0.00134884985,-0.0132655902,-0.00703889923	0.00186078006,0.00115872512,-0.0137050925,-0.00681853574
orig	28	585	a_softplus-13	13	16	0	1.266982e-02	2.099967e-02	0.00103479705,0.0886124223,0.362527281,0.00544007402	0.00102110207,0.0891407654,0.367473274,0.0052537946
orig	28	586	gate-13	13	16	0	1.239819e-02	2.487004e-03	-0.000278511841,-0.101992279,-0.182290167,-0.0013022651	-0.000274825899,-0.102600396,-0.18477717,-0.00125767291
orig	28	587	beta_sigmoid-13	13	16	0	9.432799e-03	5.839467e-03	0.255849063,0.495924115,0.442525715,0.232767001	0.253836274,0.49956283,0.438190877,0.229367822
orig	28	588	state_predelta-13	13	262144	0	2.247745e-02	1.518378e-02	0.000327392685,0.000460605603,0.000186953053,-9.10941744e-05	0.000343148015,0.000482505304,0.000175768801,-0.000121336285
orig	28	589	new_state-13	13	262144	0	2.241224e-02	1.532245e-02	0.000324704451,0.000454033347,0.000508965575,-9.81788035e-05	0.000340047118,0.000474737724,0.000540903129,-0.000131805966
orig	28	590	attn_output-13	13	2048	0	1.425255e-02	1.336336e-04	2.27587389e-05,1.18064117e-05,-2.37068689e-05,-3.60867234e-05	2.27270593e-05,1.25208253e-05,-2.36039887e-05,-3.25667643e-05
orig	28	591	z-13	13	2048	0	1.627578e-02	1.466632e-01	0.343717247,1.21878898,-0.226307392,1.47855783	0.306927979,1.22511196,-0.253639281,1.50303912
orig	28	592	final_output-13	13	2048	0	3.773995e-02	2.284488e-02	0.00457433704,0.0111820661,0.00238166074,-0.0424661674	0.00401643617,0.0119369281,0.00261726882,-0.0391326807
orig	28	593	linear_attn_out-13	13	1024	0	5.258461e-02	3.969062e-03	-0.190298989,-0.00840401091,0.0234761462,0.00265823491	-0.190547213,-0.00759129319,0.0238335356,0.00320856553
orig	28	594	attn_residual-13	13	1024	0	2.502679e-02	7.920101e-03	-1.15388989,-0.0685429424,-0.214110553,0.112348154	-1.15109277,-0.0673715249,-0.213649035,0.117267698
orig	28	595	attn_post_norm-13	13	1024	0	2.668066e-02	1.032542e-01	-10.7083902,-0.962010682,-2.7733748,1.45033371	-10.6927643,-0.946484208,-2.77007318,1.51530576
orig	28	596	ffn_out-13	13	1024	0	5.669768e-02	5.331750e-03	0.089046225,0.000976750627,-0.00237834547,-0.0122518353	0.0884386897,0.000260259956,-0.000675727613,-0.0140248165
orig	28	597	l_out-13	13	1024	0	2.628596e-02	8.300204e-03	-1.06484365,-0.0675661936,-0.216488898,0.100096315	-1.06265402,-0.0671112686,-0.214324757,0.103242882
orig	28	598	attn_norm-14	14	1024	0	2.781268e-02	1.360654e-01	-14.402998,-1.03174567,-3.06833053,1.64707494	-14.3636684,-1.0241065,-3.03560519,1.69770336
orig	28	599	conv_output_silu-14	14	6144	0	1.469746e-02	6.167698e-02	-0.185617507,-0.0542343482,-0.24190627,-0.222483337	-0.182114139,-0.0553572848,-0.241092175,-0.221699908
orig	28	600	q_conv_predelta-14	14	2048	0	1.813697e-02	1.870230e-02	-0.0433497354,-0.0126660718,-0.0564955994,-0.0519595034	-0.0427952297,-0.0130084772,-0.0566545501,-0.0520975403
orig	28	601	k_conv_predelta-14	14	2048	0	3.206517e-02	3.228019e-02	-0.0092264656,-0.0501781814,-0.0317735262,0.0037616177	-0.00937073026,-0.049716942,-0.0328328907,0.00422811927
orig	28	602	v_conv_predelta-14	14	2048	0	1.667169e-02	3.161836e-02	0.00887933467,0.000551674748,0.0135307685,0.00124768936	0.00897285342,0.00149665715,0.0138661535,0.00109185721
orig	28	603	a_softplus-14	14	16	0	1.234423e-02	6.284013e-03	0.0249614436,0.00408849632,0.00593945291,0.000177010123	0.024737481,0.00406047748,0.00595402904,0.000174268789
orig	28	604	gate-14	14	16	0	1.371314e-02	1.977351e-03	-0.00785446633,-0.00068325625,-0.00394880865,-0.000532599341	-0.00778399361,-0.000678573851,-0.00395849906,-0.000524351024
orig	28	605	beta_sigmoid-14	14	16	0	1.142832e-02	1.277745e-02	0.501125932,0.129986495,0.286459208,0.214612797	0.491981417,0.127736196,0.281479686,0.212193757
orig	28	606	state_predelta-14	14	262144	0	2.187087e-02	2.211851e-02	-0.00215508346,-0.00972208008,-0.00125938782,-0.00301198312	-0.00205737934,-0.00967157725,-0.00126988767,-0.00302179321
orig	28	607	new_state-14	14	262144	0	2.173383e-02	2.069471e-02	-0.00215072767,-0.00971402414,-0.00129259797,-0.00298332004	-0.00205109827,-0.00964789838,-0.00129392766,-0.00299399905
orig	28	608	attn_output-14	14	2048	0	1.150581e-02	1.416095e-04	1.21721505e-05,8.15532439e-06,7.77511741e-06,-9.88594547e-06	1.26658297e-05,7.50320305e-06,7.33805064e-06,-9.05942215e-06
orig	28	609	z-14	14	2048	0	1.353202e-02	1.097585e-01	-0.0582280904,1.11866188,1.28519964,1.41388404	-0.0405195653,1.10452402,1.29254353,1.4253149
orig	28	610	final_output-14	14	2048	0	3.686827e-02	1.866114e-02	-0.000361092476,0.00686607556,0.00785700046,-0.0102698542	-0.000263812835,0.00621453999,0.00746849226,-0.00950712059
orig	28	611	linear_attn_out-14	14	1024	0	4.696374e-02	8.576244e-03	0.233566821,-0.0491480082,-0.0133349225,0.000277081504	0.224990577,-0.0488908738,-0.014895888,0.00112135895
orig	28	612	attn_residual-14	14	1024	0	2.847940e-02	1.072916e-02	-0.831276834,-0.116714202,-0.229823828,0.100373395	-0.837663412,-0.116002142,-0.229220644,0.104364239
orig	28	613	attn_post_norm-14	14	1024	0	2.860843e-02	1.336509e-01	-7.79384232,-1.53471553,-2.83577538,1.20189238	-7.83584213,-1.52187991,-2.82189417,1.24683464
orig	28	614	ffn_out-14	14	1024	0	4.383830e-02	1.173075e-02	0.257919192,0.0248017199,-0.0266890898,-0.0237359889	0.246188447,0.0238708779,-0.0296653695,-0.0252806898
orig	28	615	l_out-14	14	1024	0	2.784745e-02	1.811731e-02	-0.573357642,-0.0919124782,-0.25651291,0.0766374022	-0.59147495,-0.0921312645,-0.258886009,0.079083547
orig	28	616	attn_norm-15	15	1024	0	2.775057e-02	1.535988e-01	-5.1777463,-0.927720726,-2.58347821,0.767474413	-5.33134508,-0.928186238,-2.60249233,0.790486693
orig	28	617	attn_pregate-15	15	2048	0	3.930053e-02	1.144339e+00	-0.249241933,0.215104029,0.240920737,0.130373538	-0.25557065,0.201097846,0.22970672,0.120696917
orig	28	618	attn_gated-15	15	2048	0	1.492886e-02	2.242863e-02	-0.0207171254,0.0162655003,0.00254596514,0.0327514447	-0.0210587382,0.0147172539,0.00235891365,0.0303830672
orig	28	619	attn_output-15	15	1024	0	5.015639e-02	4.654914e-03	-0.26784426,-0.0259658545,-0.0815073103,0.0790624917	-0.266975343,-0.0257837176,-0.0828997046,0.0769270286
orig	28	620	attn_residual-15	15	1024	0	2.968170e-02	1.724839e-02	-0.841201901,-0.117878333,-0.338020205,0.155699894	-0.858450294,-0.117914982,-0.341785729,0.156010568
orig	28	621	attn_post_norm-15	15	1024	0	3.004942e-02	1.360731e-01	-6.26926947,-1.38914406,-3.79894781,1.62375319	-6.38658524,-1.38713634,-3.83452415,1.62413681
orig	28	622	ffn_out-15	15	1024	0	5.059944e-02	1.240066e-02	0.0562952161,0.0389623605,0.105007961,0.0434729978	0.0666086078,0.03784208,0.103290342,0.0386622958
orig	28	623	l_out-15	15	1024	0	2.769916e-02	1.368804e-02	-0.784906685,-0.0789159685,-0.233012244,0.199172884	-0.791841686,-0.0800729021,-0.23849538,0.194672868
orig	28	624	attn_norm-16	16	1024	0	2.800906e-02	1.733580e-01	-7.4843626,-1.08229125,-2.66180706,2.54902887	-7.54629612,-1.09754801,-2.72292995,2.49005342
orig	28	625	conv_output_silu-16	16	6144	0	1.493833e-02	1.227648e-01	-0.0533114634,0.134913757,0.109482683,-0.171837181	-0.0577696785,0.134516686,0.105378747,-0.169713214
orig	28	626	q_conv_predelta-16	16	2048	0	1.470850e-02	1.354960e-02	-0.0039512217,0.00999924075,0.00811439659,-0.0127358502	-0.00427637389,0.00995753612,0.00780061353,-0.0125629427
orig	28	627	k_conv_predelta-16	16	2048	0	2.380450e-02	1.675117e-02	0.0846972018,0.0368597694,0.0755008757,-0.0330478102	0.086393103,0.0375870019,0.0779747888,-0.0337333456
orig	28	628	v_conv_predelta-16	16	2048	0	1.236366e-02	4.096833e-02	-0.277278155,-0.000867798924,0.878570139,-0.0558791757	-0.277005821,-0.000958054326,0.869022131,-0.0542764738
orig	28	629	a_softplus-16	16	16	0	8.294893e-03	1.646942e-02	0.000133147914,0.00985270645,0.00103443989,0.042461466	0.00013302872,0.0101107098,0.000985017861,0.0417594761
orig	28	630	gate-16	16	16	0	1.085702e-02	8.781075e-03	-2.70506407e-05,-0.00399643416,-0.000123546226,-0.00918293651	-2.70264245e-05,-0.00410108501,-0.000117643613,-0.00903112069
orig	28	631	beta_sigmoid-16	16	16	0	5.309243e-03	5.151331e-03	0.102955446,0.308447719,0.49402675,0.213240102	0.104640856,0.307763368,0.492727965,0.214304864
orig	28	632	state_predelta-16	16	262144	0	1.545431e-02	2.968785e-02	-0.0270139966,-0.006666556,-0.00221748161,0.0337607861	-0.0269244555,-0.00740619423,-0.000881508517,0.0336398482
orig	28	633	new_state-16	16	262144	1	1.548936e-02	4.137361e-02	-0.0279324856,-0.00706641562,-0.0030368336,0.0341185406	-0.0278678332,-0.00781674497,-0.00173359271,0.0340075754
orig	28	634	attn_output-16	16	2048	0	8.667201e-03	9.996966e-04	-0.0042688665,-0.000100443103,0.00906938687,-0.000335664692	-0.00424409751,-9.52806367e-05,0.0090828687,-0.000333591423
orig	28	635	z-16	16	2048	0	1.271755e-02	1.694202e-01	-0.585023224,-0.0744126141,-7.11046171,-0.0600153804	-0.613689065,-0.0651992485,-7.13344622,-0.0781541765
orig	28	636	final_output-16	16	2048	0	2.777725e-02	2.495855e-02	0.181527182,0.000756129972,-0.0123449191,0.00201637181	0.186028332,0.000632081239,-0.0121335108,0.00258773752
orig	28	637	linear_attn_out-16	16	1024	0	4.662741e-02	6.078247e-03	-0.476281941,-0.0459903702,-0.171131909,0.0769645795	-0.475018084,-0.0416380763,-0.170813009,0.0765978992
orig	28	638	attn_residual-16	16	1024	0	2.792280e-02	1.473171e-02	-1.26118863,-0.124906339,-0.404144168,0.276137471	-1.26685977,-0.121710978,-0.409308374,0.271270752
orig	28	639	attn_post_norm-16	16	1024	0	2.921574e-02	1.512003e-01	-7.5278511,-1.2552861,-3.97552562,2.2694931	-7.56755161,-1.22411954,-4.0294404,2.23121977
orig	28	640	ffn_out-16	16	1024	0	4.357687e-02	1.434317e-02	0.225225031,0.0340355523,-0.0265827253,0.222518891	0.210881859,0.0362154767,-0.0249308255,0.222069234
orig	28	641	l_out-16	16	1024	0	2.846721e-02	2.001441e-02	-1.03596354,-0.0908707827,-0.430726886,0.498656362	-1.05597794,-0.0854955018,-0.434239209,0.493339986
orig	28	642	attn_norm-17	17	1024	0	2.896628e-02	1.775761e-01	-8.98506641,-1.05957842,-4.69509268,5.29182196	-9.15867996,-0.996903956,-4.73339128,5.23541832
orig	28	643	conv_output_silu-17	17	6144	0	7.348814e-03	1.089821e-01	-0.200652659,0.0139287952,-0.172167182,-0.013073191	-0.201792032,0.00942226872,-0.169180945,-0.0128680253
orig	28	644	q_conv_predelta-17	17	2048	0	1.139291e-02	1.386449e-02	-0.0157782994,0.00109528925,-0.0135383476,-0.00102800888	-0.0158371218,0.000739482173,-0.0132777253,-0.00100991351
orig	28	645	k_conv_predelta-17	17	2048	0	1.714301e-02	1.895359e-02	-0.0227209758,-0.0528275296,-0.0453931615,-0.0569717214	-0.022975076,-0.0534201749,-0.0456346683,-0.0572862625
orig	28	646	v_conv_predelta-17	17	2048	0	1.322976e-02	4.600015e-02	-0.0899752825,-0.25764218,0.0161948912,-0.267395854	-0.0915159211,-0.258023292,0.0159400497,-0.268782705
orig	28	647	a_softplus-17	17	16	0	2.834906e-02	8.953154e-03	0.000817084219,0.00197430141,0.118193775,0.0245093983	0.000747877755,0.00186531513,0.114914939,0.0239254013
orig	28	648	gate-17	17	16	0	2.803521e-02	1.555827e-03	-0.000192564214,-0.000511019316,-0.0298840664,-0.00853665452	-0.000176254151,-0.000482809817,-0.0290550459,-0.00833324715
orig	28	649	beta_sigmoid-17	17	16	0	5.827075e-03	6.146327e-03	0.426629007,0.0389422476,0.813383222,0.306803286	0.425337434,0.0376555882,0.811451256,0.303909183
orig	28	650	state_predelta-17	17	262144	0	1.646732e-02	2.868903e-02	0.00296234502,0.0280204751,0.016885275,0.0210120268	0.00303848647,0.0278250836,0.0166619588,0.0205530338
orig	28	651	new_state-17	17	262144	0	1.668010e-02	2.912068e-02	0.00277695921,0.0275853742,0.0165127907,0.0205445662	0.00287600281,0.0274436288,0.0163373481,0.0201456081
orig	28	652	attn_output-17	17	2048	0	1.082590e-02	1.591757e-03	-0.000342737825,-0.000685945153,4.58130744e-05,-0.000576936989	-0.000337384263,-0.000681139878,4.59529147e-05,-0.000578021398
orig	28	653	z-17	17	2048	0	1.518226e-02	1.593852e-01	0.307972789,-0.374717534,-1.16224384,-1.71582222	0.307030499,-0.3547135,-1.14106178,-1.7136234
orig	28	654	final_output-17	17	2048	1	3.418811e-02	5.952401e-02	-0.0373392664,0.071104385,-0.00596371526,0.0912046582	-0.0367691331,0.0678896084,-0.00599102536,0.0917791426
orig	28	655	linear_attn_out-17	17	1024	0	4.307605e-02	1.217306e-02	-0.645369232,-0.0013660118,-0.0021430552,0.0490975678	-0.633196175,-0.00134384446,0.000230595469,0.04851643
orig	28	656	attn_residual-17	17	1024	0	2.731620e-02	1.613666e-02	-1.68133283,-0.0922367945,-0.432869941,0.54775393	-1.68917418,-0.0868393481,-0.434008598,0.541856408
orig	28	657	attn_post_norm-17	17	1024	0	2.921719e-02	1.334956e-01	-8.26447392,-0.795096219,-3.60039115,4.00551081	-8.30678368,-0.748908877,-3.61149907,3.9641819
orig	28	658	ffn_out-17	17	1024	0	5.328849e-02	7.400267e-03	0.0509794876,0.0154553438,-0.0414784029,0.176851615	0.0445050299,0.0131999552,-0.0405115746,0.179043904
orig	28	659	l_out-17	17	1024	0	2.752326e-02	1.541802e-02	-1.63035333,-0.0767814517,-0.474348336,0.72460556	-1.64466918,-0.0736393929,-0.474520177,0.720900297
orig	28	660	attn_norm-18	18	1024	0	2.781297e-02	1.512380e-01	-12.9757147,-0.804113925,-4.78089762,7.10174179	-13.080411,-0.770663321,-4.77925301,7.06043768
orig	28	661	conv_output_silu-18	18	6144	0	7.771773e-03	6.441379e-02	-0.13146244,-0.253188968,-0.0884656012,-0.127856135	-0.133667707,-0.246191844,-0.0855526552,-0.128930017
orig	28	662	q_conv_predelta-18	18	2048	0	1.276154e-02	1.132488e-02	-0.0339333192,-0.0653535873,-0.0228348989,-0.0330024511	-0.0345578194,-0.0636492744,-0.0221183784,-0.0333329551
orig	28	663	k_conv_predelta-18	18	2048	0	1.471447e-02	1.619507e-02	-0.0333168097,-0.0592868291,-0.0721446052,-0.0642738119	-0.034143813,-0.060601119,-0.0720663071,-0.0638154
orig	28	664	v_conv_predelta-18	18	2048	0	1.268550e-02	6.441379e-02	0.010964063,-0.255990595,0.00698810304,-0.21863538	0.0125329448,-0.255924702,0.00614372967,-0.215333834
orig	28	665	a_softplus-18	18	16	0	3.284651e-02	2.766824e-02	3.11131407e-05,0.694358826,0.00317010935,0.450006902	2.93250559e-05,0.666690588,0.00292480993,0.446216226
orig	28	666	gate-18	18	16	0	2.981338e-02	5.577400e-03	-1.29698865e-05,-0.139969751,-0.000944432162,-0.121117719	-1.22245019e-05,-0.134392351,-0.000871353084,-0.120097473
orig	28	667	beta_sigmoid-18	18	16	0	5.089116e-03	7.753044e-03	0.17767255,0.818116963,0.211591855,0.853201687	0.175357997,0.817356825,0.20383881,0.856266618
orig	28	668	state_predelta-18	18	262144	0	1.348553e-02	6.468773e-02	0.00866354816,0.00190619915,-0.0026799757,0.0109562352	0.00839454494,0.0017112511,-0.0026497629,0.0107853943
orig	28	669	new_state-18	18	262144	0	1.342017e-02	6.275058e-02	0.00843569729,0.0015009176,-0.00317308726,0.0105167469	0.00816766731,0.00130873197,-0.00312837772,0.0103614153
orig	28	670	attn_output-18	18	2048	0	6.612455e-03	1.130138e-03	-0.000774436805,-0.0061719534,2.04708176e-05,-0.0111220134	-0.000691086287,-0.00606253743,4.92690888e-05,-0.0111112576
orig	28	671	z-18	18	2048	0	1.412414e-02	1.540923e-01	-2.14829731,0.0168936253,-0.972720802,-2.03069353	-2.12377644,0.0218649358,-0.977939129,-2.03918481
orig	28	672	final_output-18	18	2048	0	3.033692e-02	3.086931e-02	0.00558853522,-0.00197722903,-0.000187635829,0.0856499523	0.00504506845,-0.00252270978,-0.000452811131,0.0853771865
orig	28	673	linear_attn_out-18	18	1024	0	3.070259e-02	4.310407e-03	-0.781493306,0.0225685444,0.0579908192,0.0350882821	-0.778361976,0.0235009827,0.0572486743,0.0345768854
orig	28	674	attn_residual-18	18	1024	0	2.556274e-02	1.658151e-02	-2.41184664,-0.0542129055,-0.416357517,0.759693861	-2.42303109,-0.0501384102,-0.417271495,0.75547719
orig	28	675	attn_post_norm-18	18	1024	0	2.785182e-02	1.211293e-01	-11.8203402,-0.412985116,-3.22446012,5.04177904	-11.866888,-0.381680459,-3.22928929,5.01030493
orig	28	676	ffn_out-18	18	1024	0	4.742336e-02	1.845963e-02	-0.120439582,0.0504381247,-0.047498215,0.148006842	-0.101979949,0.0495143011,-0.0498367548,0.141277343
orig	28	677	l_out-18	18	1024	0	2.519613e-02	1.727051e-02	-2.53228617,-0.00377478078,-0.463855743,0.907700717	-2.52501106,-0.00062410906,-0.46710825,0.896754503
orig	28	678	attn_norm-19	19	1024	0	2.499092e-02	1.042275e-01	-12.6662302,-0.0210002419,-2.65981221,5.14644861	-12.6400728,-0.00347491936,-2.68063235,5.08850527
orig	28	679	attn_pregate-19	19	2048	0	1.716962e-02	1.078603e-01	-0.105903998,-0.128961548,-0.274164051,0.367653161	-0.105677322,-0.136853516,-0.283177942,0.347230315
orig	28	680	attn_gated-19	19	2048	0	1.449057e-02	2.861762e-02	-0.0073118275,-0.0128512895,-0.0270599891,0.0259440448	-0.00739734573,-0.0138354218,-0.0279126186,0.024714591
orig	28	681	attn_output-19	19	1024	0	6.434533e-02	1.807743e-02	-0.417872667,-0.0295018852,-0.134722859,0.36820069	-0.399795234,-0.0320213437,-0.134276628,0.366393358
orig	28	682	attn_residual-19	19	1024	0	2.662991e-02	2.535248e-02	-2.95015883,-0.033276666,-0.598578572,1.27590144	-2.92480636,-0.0326454528,-0.601384878,1.26314783
orig	28	683	attn_post_norm-19	19	1024	0	2.871483e-02	1.187465e-01	-13.8422308,-0.231107429,-3.8008194,6.73328638	-13.758625,-0.227307647,-3.82847452,6.6831522
orig	28	684	ffn_out-19	19	1024	0	4.626850e-02	1.148897e-02	0.644663632,0.0331581049,-0.064722687,-0.219453245	0.644821048,0.0343668871,-0.0683316961,-0.215978578
orig	28	685	l_out-19	19	1024	0	3.038624e-02	2.550983e-02	-2.30549526,-0.000118561089,-0.663301229,1.05644822	-2.27998543,0.0017214343,-0.669716597,1.04716921
orig	28	686	attn_norm-20	20	1024	0	3.102265e-02	1.646816e-01	-13.3450146,-0.000964063744,-5.02637959,7.16872311	-13.2094755,0.0140104713,-5.07965565,7.11228514
orig	28	687	conv_output_silu-20	20	6144	0	1.259310e-02	7.715845e-02	-0.0225913171,-0.156157121,-0.20544596,0.0911047384	-0.0219564568,-0.155941144,-0.207445487,0.0865977257
orig	28	688	q_conv_predelta-20	20	2048	0	1.317184e-02	1.292467e-02	-0.00520725269,-0.0359939002,-0.047354877,0.0209994577	-0.00502400799,-0.0356819667,-0.0474670269,0.0198150221
orig	28	689	k_conv_predelta-20	20	2048	0	1.699362e-02	2.279532e-02	-0.0390358716,-0.0183768068,-0.000466034311,-0.0480917729	-0.0388505049,-0.0176435541,-0.000582903915,-0.0474109463
orig	28	690	v_conv_predelta-20	20	2048	0	1.185252e-02	3.130412e-02	-0.0953221247,0.0793726966,0.0344707482,0.0202280376	-0.0959921032,0.0782112628,0.0340057872,0.0209933892
orig	28	691	a_softplus-20	20	16	0	9.303063e-03	3.535843e-02	0.0388989896,0.0295929164,0.0123605179,0.192095816	0.0391547643,0.0301996376,0.0119616361,0.194755971
orig	28	692	gate-20	20	16	0	9.405848e-03	1.729977e-02	-0.00867953803,-0.00514247781,-0.00225101761,-0.0550363734	-0.00873660948,-0.00524791004,-0.00217837584,-0.0557985231
orig	28	693	beta_sigmoid-20	20	16	0	4.760663e-03	7.974416e-03	0.947267413,0.985690534,0.903468072,0.336959124	0.949090898,0.986495495,0.905081928,0.335865468
orig	28	694	state_predelta-20	20	262144	2	1.700944e-02	4.134035e-02	0.00721364561,0.00256905053,-0.000730658998,0.0104246801	0.0069827768,0.0025703446,-0.000863007852,0.0103399875
orig	28	695	new_state-20	20	262144	0	1.673390e-02	4.061830e-02	0.00565762585,0.00184367364,-0.00074217713,0.00849439297	0.00540132355,0.00185737037,-0.00087831734,0.00839425251
orig	28	696	attn_output-20	20	2048	0	1.089867e-02	2.209454e-03	-0.00681803701,0.005568719,0.00234758668,0.00157093513	-0.00691427151,0.0055264784,0.00233478448,0.00163028797
orig	28	697	z-20	20	2048	0	1.348122e-02	2.055888e-01	0.202752978,-2.93263555,1.13586974,1.55573702	0.25060457,-2.85277629,1.12322068,1.55995238
orig	28	698	final_output-20	20	2048	0	2.282996e-02	3.555298e-02	-0.0373360515,-0.0428640544,0.0957371593,0.0891541764	-0.0475442186,-0.044391416,0.0933561176,0.0923386812
orig	28	699	linear_attn_out-20	20	1024	0	2.744586e-02	1.352835e-02	-2.11762547,-0.00213114917,-0.0391888618,0.551483035	-2.10409713,-0.000469528139,-0.0440071411,0.539614558
orig	28	700	attn_residual-20	20	1024	0	2.654635e-02	3.903770e-02	-4.4231205,-0.00224971026,-0.702490091,1.60793126	-4.38408279,0.00125190616,-0.713723719,1.58678377
orig	28	701	attn_post_norm-20	20	1024	0	3.004040e-02	1.162466e-01	-14.7977419,-0.0131889656,-4.16778088,7.43438625	-14.713459,0.00736249983,-4.24780083,7.3597784
orig	28	702	ffn_out-20	20	1024	0	5.212656e-02	9.231441e-03	0.350739866,0.0275562406,-0.1441755,-0.0143855661	0.350379169,0.0291900169,-0.142289087,-0.0103693902
orig	28	703	l_out-20	20	1024	0	2.747211e-02	3.867674e-02	-4.07238054,0.0253065303,-0.846665621,1.59354568	-4.0337038,0.0304419231,-0.856012821,1.57641435
orig	28	704	attn_norm-21	21	1024	0	2.915629e-02	1.315658e-01	-18.5220432,0.176718324,-5.39373207,9.44407845	-18.3950119,0.213145688,-5.46780729,9.36744022
orig	28	705	conv_output_silu-21	21	6144	0	6.946923e-03	1.045151e-01	-0.0101829963,-0.184943512,-0.229517564,-0.109510638	-0.00328886486,-0.181733504,-0.231368825,-0.107907265
orig	28	706	q_conv_predelta-21	21	2048	0	9.519363e-03	1.304604e-02	-0.00117264327,-0.0212975405,-0.0264305547,-0.012610916	-0.000378137571,-0.0208948292,-0.0266016554,-0.0124066491
orig	28	707	k_conv_predelta-21	21	2048	0	1.258611e-02	1.107830e-02	-0.0100268191,-0.00444598636,0.0212645158,-0.0334673747	-0.00980982091,-0.00357205444,0.0215326399,-0.0336628333
orig	28	708	v_conv_predelta-21	21	2048	0	1.248058e-02	4.284132e-02	-0.0177178159,-0.043024648,-0.137103915,-0.0157916807	-0.0193082318,-0.0417842008,-0.137753472,-0.0164005607
orig	28	709	a_softplus-21	21	16	0	1.996168e-02	5.731797e-02	0.0816545114,1.64842319,0.000236244901,0.452899396	0.0815184936,1.65570188,0.000216341461,0.473078609
orig	28	710	gate-21	21	16	0	2.069007e-02	1.093930e-02	-0.0241370276,-0.426670492,-8.82782697e-05,-0.214771852	-0.0240968205,-0.428554475,-8.0840895e-05,-0.224341139
orig	28	711	beta_sigmoid-21	21	16	0	7.361975e-03	1.383263e-02	0.574545741,0.915172458,0.335080802,0.846434355	0.57681042,0.915414035,0.331060648,0.849940538
orig	28	712	state_predelta-21	21	262144	0	1.453762e-02	2.574015e-02	-0.00203103013,0.000716236711,-0.000112348651,-0.000150357577	-0.00205511437,0.00100558309,-5.64262082e-05,-0.00017212161
orig	28	713	new_state-21	21	262144	0	1.445264e-02	2.569318e-02	-0.00212246133,0.000637137331,0.000186956313,-0.000613619166	-0.002126812,0.000937717268,0.000209695412,-0.000581961882
orig	28	714	attn_output-21	21	2048	0	9.297204e-03	2.269670e-03	-8.25236275e-05,-9.65989166e-05,-0.00036373784,-6.16802063e-05	-8.17884284e-05,-9.34706695e-05,-0.000365133485,-6.16108809e-05
orig	28	715	z-21	21	2048	0	1.457387e-02	1.463208e-01	-0.455813468,-1.61522269,-1.96401548,-1.60205436	-0.393759847,-1.5752728,-1.97811699,-1.56866598
orig	28	716	final_output-21	21	2048	0	3.331151e-02	4.734236e-02	0.0115806237,0.0169541668,0.0629327223,0.0147431847	0.0103012193,0.0165512767,0.062889196,0.014835272
orig	28	717	linear_attn_out-21	21	1024	0	4.128113e-02	5.563952e-03	-0.77962482,-0.00957162678,0.0269164741,0.184070289	-0.781785846,-0.0082327947,0.0251923203,0.18386434
orig	28	718	attn_residual-21	21	1024	0	2.628221e-02	3.651571e-02	-4.85200548,0.0157349035,-0.819749117,1.77761602	-4.81548977,0.0222091284,-0.830820501,1.7602787
orig	28	719	attn_post_norm-21	21	1024	0	2.958523e-02	1.125597e-01	-15.2848501,0.0856847614,-4.40507078,7.63676548	-15.2200117,0.121340469,-4.47933674,7.58730507
orig	28	720	ffn_out-21	21	1024	0	4.897891e-02	8.476824e-03	0.494166553,0.0373820513,-0.0147977564,0.0198533628	0.491075337,0.0366267301,-0.0120662451,0.0258955527
orig	28	721	l_out-21	21	1024	0	2.757151e-02	3.342485e-02	-4.35783911,0.0531169549,-0.834546864,1.79746938	-4.32441425,0.0588358566,-0.842886746,1.7861743
orig	28	722	attn_norm-22	22	1024	0	2.843207e-02	1.464746e-01	-17.7487831,0.310367823,-4.48670769,9.65087605	-17.6549873,0.344610333,-4.54243755,9.61328411
orig	28	723	conv_output_silu-22	22	6144	0	8.547592e-03	7.068253e-02	-0.147421435,-0.000804821611,0.0466892757,0.098925367	-0.150899723,-0.000890169933,0.0463576391,0.101761907
orig	28	724	q_conv_predelta-22	22	2048	0	1.329187e-02	1.586828e-02	-0.0262573119,-0.000143347221,0.00831585284,0.0176196508	-0.0268566664,-0.000158429699,0.00825058948,0.0181112699
orig	28	725	k_conv_predelta-22	22	2048	0	1.666013e-02	9.836502e-03	-0.0130775832,-0.092527017,-0.0729173049,0.0214822553	-0.0126061877,-0.0907182768,-0.0738218874,0.0251165312
orig	28	726	v_conv_predelta-22	22	2048	0	1.277344e-02	1.990581e-02	-0.00369104696,-0.00772908516,-0.000249775127,-0.042716641	-0.00414293678,-0.00756357983,0.000173828972,-0.0421598405
orig	28	727	a_softplus-22	22	16	0	7.212226e-03	5.348539e-02	0.376477063,2.38029242,3.30183983,0.00946935546	0.357739776,2.3887825,3.28713465,0.00884897634
orig	28	728	gate-22	22	16	0	6.147945e-03	1.819742e-02	-0.0696412548,-0.539478898,-2.16539955,-0.00177923916	-0.0661752075,-0.541403115,-2.15575552,-0.00166267343
orig	28	729	beta_sigmoid-22	22	16	0	9.204098e-03	2.056241e-02	0.722749352,0.93266499,0.930790901,0.160427034	0.709102094,0.932765067,0.929427385,0.155538619
orig	28	730	state_predelta-22	22	262144	0	1.550129e-02	1.619434e-02	-0.00016048312,-0.000750692736,-0.000867144263,0.000116240844	-0.000181893964,-0.000824641378,-0.000829378201,0.00017562366
orig	28	731	new_state-22	22	262144	1	1.458997e-02	1.581544e-02	-0.000104163977,-0.000378105062,-0.000554984319,3.36412122e-05	-0.000122305093,-0.000426833256,-0.000495524146,6.88591608e-05
orig	28	732	attn_output-22	22	2048	0	1.223738e-02	1.092140e-03	-1.85945664e-05,-7.49734609e-05,7.95624874e-05,-0.000328055699	-2.03478885e-05,-7.54801222e-05,8.24714734e-05,-0.000321579195
orig	28	733	z-22	22	2048	0	1.522609e-02	1.449170e-01	1.98602104,-1.00485373,-3.8576355,-0.862671256	1.92891526,-1.01678658,-3.90423059,-0.865720987
orig	28	734	final_output-22	22	2048	0	3.002530e-02	6.361492e-02	-0.0351169631,0.0197335146,-0.0064616357,0.0770303681	-0.0370800197,0.0199382175,-0.00647969916,0.0756541342
orig	28	735	linear_attn_out-22	22	1024	0	5.153033e-02	1.227286e-02	-0.338592976,-0.112842828,-0.0718225017,-0.0476904511	-0.350865841,-0.110601664,-0.0739310235,-0.0435681939
orig	28	736	attn_residual-22	22	1024	0	2.723626e-02	2.615127e-02	-4.69643211,-0.0597258732,-0.906369388,1.74977899	-4.67528009,-0.051765807,-0.916817784,1.74260616
orig	28	737	attn_post_norm-22	22	1024	0	2.937988e-02	1.234320e-01	-16.0941563,-0.295298904,-4.40150118,6.98623943	-16.050106,-0.256396681,-4.46014261,6.96994925
orig	28	738	ffn_out-22	22	1024	0	4.360798e-02	2.431080e-02	0.342374831,0.0170442909,0.192958355,-0.21653682	0.318064034,0.0212253183,0.198619217,-0.210968465
orig	28	739	l_out-22	22	1024	0	2.949934e-02	2.945693e-02	-4.35405731,-0.0426815823,-0.713411033,1.53324223	-4.35721588,-0.0305404887,-0.718198538,1.53163767
orig	28	740	attn_norm-23	23	1024	0	2.946511e-02	1.546925e-01	-15.6157045,-0.196005836,-3.38539028,5.93899775	-15.6293592,-0.140271395,-3.40861607,5.93366575
orig	28	741	attn_pregate-23	23	2048	0	6.217262e-03	1.152441e-01	-6.7858243,0.0836462229,0.015156053,-0.0125094298	-6.80464029,0.0889556408,-0.00381454639,-0.00261650607
orig	28	742	attn_gated-23	23	2048	0	2.339377e-02	7.327783e-02	-0.741183996,0.00875442754,0.00183277368,-0.000832624035	-0.757687151,0.00916037522,-0.000447410508,-0.000170469953
orig	28	743	attn_output-23	23	1024	0	3.597653e-02	1.921913e-02	-0.251719236,0.131044954,0.23172617,-0.170764506	-0.236597657,0.120619394,0.226755053,-0.176811427
orig	28	744	attn_residual-23	23	1024	0	3.194761e-02	3.023592e-02	-4.60577679,0.0883633718,-0.481684864,1.36247778	-4.59381342,0.0900789052,-0.491443485,1.35482621
orig	28	745	attn_post_norm-23	23	1024	0	3.360435e-02	1.344100e-01	-16.9259987,0.392541945,-1.96869886,5.20910454	-16.8858814,0.40025419,-2.00904131,5.18103123
orig	28	746	ffn_out-23	23	1024	0	2.485356e-02	8.384204e-02	3.75571513,0.233653843,0.276879907,-1.00319564	3.67187309,0.233447015,0.281141102,-1.04764998
orig	28	747	l_out-23	23	1024	0	3.262331e-02	7.187867e-02	-0.850061655,0.322017223,-0.204804957,0.359282136	-0.921940327,0.323525906,-0.210302383,0.307176232
orig	28	748	result_norm	-1	1024	0	3.422795e-02	6.253030e-01	-0.554178715,3.53569579,-2.1831367,4.27359676	-0.600131631,3.54690146,-2.23835492,3.64829373
orig	28	749	result_output	-1	248320	0	3.682645e-02	5.097845e-01	5.23470402,5.69446611,1.61072624,4.10166883	5.27890015,5.4916997,1.41687381,4.17657661
