label	pos	idx	tensor	layer	n	bit_equal	rel_l2	max_abs	llama_first4	apr_first4
p4	0	0	model.input_embed	-1	1024	1024	0.000000e+00	0.000000e+00	0.00861465931,0.012060523,0.0206751823,-0.0241210461	0.00861465931,0.012060523,0.0206751823,-0.0241210461
p4	0	1	attn_norm-0	0	1024	1024	0.000000e+00	0.000000e+00	0.804404795,0.729148924,1.48186445,-1.96639264	0.804404795,0.729148924,1.48186445,-1.96639264
p4	0	2	conv_output_silu-0	0	6144	6144	0.000000e+00	0.000000e+00	0.0151475985,-0.000458114344,0.00156917621,0.422838897	0.0151475985,-0.000458114344,0.00156917621,0.422838897
p4	0	3	q_conv_predelta-0	0	2048	2048	0.000000e+00	0.000000e+00	0.0284802243,-0.000861337816,0.00295033492,0.795013547	0.0284802243,-0.000861337816,0.00295033492,0.795013547
p4	0	4	k_conv_predelta-0	0	2048	2048	0.000000e+00	0.000000e+00	0.00106224918,0.0860972703,0.0977004319,0.000354820921	0.00106224918,0.0860972703,0.0977004319,0.000354820921
p4	0	5	v_conv_predelta-0	0	2048	2048	0.000000e+00	0.000000e+00	-0.000635103323,0.000963137485,0.000886906986,-0.00808946602	-0.000635103323,0.000963137485,0.000886906986,-0.00808946602
p4	0	6	a_softplus-0	0	16	16	0.000000e+00	0.000000e+00	3.65524697,0.000606591289,0.00199131458,6.23334169	3.65524697,0.000606591289,0.00199131458,6.23334169
p4	0	7	gate-0	0	16	16	0.000000e+00	0.000000e+00	-4.73024082,-7.95674569e-05,-0.000237828615,-3.53780437	-4.73024082,-7.95674569e-05,-0.000237828615,-3.53780437
p4	0	8	beta_sigmoid-0	0	16	16	0.000000e+00	0.000000e+00	0.583097696,0.541695356,0.753251016,0.97367245	0.583097696,0.541695356,0.753251016,0.97367245
p4	0	9	state_predelta-0	0	262144	262144	0.000000e+00	0.000000e+00	0,0,0,0	0,0,0,0
p4	0	10	new_state-0	0	262144	262144	0.000000e+00	0.000000e+00	-3.93379878e-07,-3.18841703e-05,-3.61811362e-05,-1.31399872e-07	-3.93379878e-07,-3.18841703e-05,-3.61811362e-05,-1.31399872e-07
p4	0	11	attn_output-0	0	2048	2048	0.000000e+00	0.000000e+00	1.0349617e-07,-1.56952453e-07,-1.44529963e-07,1.31825584e-06	1.0349617e-07,-1.56952453e-07,-1.44529963e-07,1.31825584e-06
p4	0	12	z-0	0	2048	2048	0.000000e+00	0.000000e+00	-0.479235053,0.140865922,0.34920913,-0.287062287	-0.479235053,0.140865922,0.34920913,-0.287062287
p4	0	13	final_output-0	0	2048	2048	0.000000e+00	0.000000e+00	-1.82688527e-05,-1.17163036e-05,-2.74584763e-05,-0.000149958025	-1.82688527e-05,-1.17163036e-05,-2.74584763e-05,-0.000149958025
p4	0	14	linear_attn_out-0	0	1024	1024	0.000000e+00	0.000000e+00	-0.249426872,0.0656647384,0.0067916438,0.00469857454	-0.249426872,0.0656647384,0.0067916438,0.00469857454
p4	0	15	attn_residual-0	0	1024	1024	0.000000e+00	0.000000e+00	-0.240812212,0.0777252614,0.0274668261,-0.0194224715	-0.240812212,0.0777252614,0.0274668261,-0.0194224715
p4	0	16	attn_post_norm-0	0	1024	1024	0.000000e+00	0.000000e+00	-4.77791166,2.8288064,1.02864087,-0.712736189	-4.77791166,2.8288064,1.02864087,-0.712736189
p4	0	17	ffn_out-0	0	1024	1024	0.000000e+00	0.000000e+00	0.0804717094,0.0927953497,0.038045492,-0.0299790148	0.0804717094,0.0927953497,0.038045492,-0.0299790148
p4	0	18	l_out-0	0	1024	1024	0.000000e+00	0.000000e+00	-0.160340503,0.170520604,0.0655123144,-0.0494014844	-0.160340503,0.170520604,0.0655123144,-0.0494014844
p4	0	19	attn_norm-1	1	1024	1024	0.000000e+00	0.000000e+00	-3.2413497,4.46672249,1.64145851,-1.32714915	-3.2413497,4.46672249,1.64145851,-1.32714915
p4	0	20	conv_output_silu-1	1	6144	6144	0.000000e+00	0.000000e+00	-0.00559159182,0.00330801494,-0.158168972,-0.231207356	-0.00559159182,0.00330801494,-0.158168972,-0.231207356
p4	0	21	q_conv_predelta-1	1	2048	2048	0.000000e+00	0.000000e+00	-0.00647618389,0.00383134396,-0.183191359,-0.267784446	-0.00647618389,0.00383134396,-0.183191359,-0.267784446
p4	0	22	k_conv_predelta-1	1	2048	2048	0.000000e+00	0.000000e+00	0.00134338893,-0.102888741,-0.00675734598,0.00253094058	0.00134338893,-0.102888741,-0.00675734598,0.00253094058
p4	0	23	v_conv_predelta-1	1	2048	2048	0.000000e+00	0.000000e+00	0.0199732278,0.00705860229,0.00145066355,0.000400472927	0.0199732278,0.00705860229,0.00145066355,0.000400472927
p4	0	24	a_softplus-1	1	16	16	0.000000e+00	0.000000e+00	1.37391865,1.2592541,3.16072679,1.58036625	1.37391865,1.2592541,3.16072679,1.58036625
p4	0	25	gate-1	1	16	16	0.000000e+00	0.000000e+00	-0.246330038,-1.35825825,-3.62025404,-0.478233665	-0.246330038,-1.35825825,-3.62025404,-0.478233665
p4	0	26	beta_sigmoid-1	1	16	16	0.000000e+00	0.000000e+00	0.958108187,0.886677265,0.90557152,0.720539868	0.958108187,0.886677265,0.90557152,0.720539868
p4	0	27	state_predelta-1	1	262144	262144	0.000000e+00	0.000000e+00	0,0,0,0	0,0,0,0
p4	0	28	new_state-1	1	262144	262144	0.000000e+00	0.000000e+00	2.57077791e-05,-0.00196893164,-0.000129312044,4.84333759e-05	2.57077791e-05,-0.00196893164,-0.000129312044,4.84333759e-05
p4	0	29	attn_output-1	1	2048	2048	0.000000e+00	0.000000e+00	0.0001789854,6.32540032e-05,1.29997807e-05,3.58874445e-06	0.0001789854,6.32540032e-05,1.29997807e-05,3.58874445e-06
p4	0	30	z-1	1	2048	2048	0.000000e+00	0.000000e+00	-4.22766209,-4.17285156,-1.04000878,0.475897104	-4.22766209,-4.17285156,-1.04000878,0.475897104
p4	0	31	final_output-1	1	2048	2048	0.000000e+00	0.000000e+00	-0.00939458981,-0.0034512803,-0.00333428569,0.00109658926	-0.00939458981,-0.0034512803,-0.00333428569,0.00109658926
p4	0	32	linear_attn_out-1	1	1024	1024	0.000000e+00	0.000000e+00	-0.466196597,-0.016215289,0.00400138274,-0.0173398815	-0.466196597,-0.016215289,0.00400138274,-0.0173398815
p4	0	33	attn_residual-1	1	1024	1024	0.000000e+00	0.000000e+00	-0.626537085,0.154305309,0.0695136935,-0.0667413622	-0.626537085,0.154305309,0.0695136935,-0.0667413622
p4	0	34	attn_post_norm-1	1	1024	1024	0.000000e+00	0.000000e+00	-6.69380999,2.59694147,1.18188632,-1.19800532	-6.69380999,2.59694147,1.18188632,-1.19800532
p4	0	35	ffn_out-1	1	1024	1024	0.000000e+00	0.000000e+00	0.456281126,0.000233195722,0.0123432875,0.0125877168	0.456281126,0.000233195722,0.0123432875,0.0125877168
p4	0	36	l_out-1	1	1024	1024	0.000000e+00	0.000000e+00	-0.170255959,0.154538512,0.0818569809,-0.0541536435	-0.170255959,0.154538512,0.0818569809,-0.0541536435
p4	0	37	attn_norm-2	2	1024	1024	0.000000e+00	0.000000e+00	-3.13030457,3.48062372,1.78014708,-1.2352432	-3.13030457,3.48062372,1.78014708,-1.2352432
p4	0	38	conv_output_silu-2	2	6144	6144	0.000000e+00	0.000000e+00	-0.0495844781,0.0192501824,0.0923690274,-0.00149168645	-0.0495844781,0.0192501824,0.0923690274,-0.00149168645
p4	0	39	q_conv_predelta-2	2	2048	2048	0.000000e+00	0.000000e+00	-0.0850164965,0.0330059566,0.158373982,-0.00255761389	-0.0850164965,0.0330059566,0.158373982,-0.00255761389
p4	0	40	k_conv_predelta-2	2	2048	2048	0.000000e+00	0.000000e+00	-0.080690816,0.00101453857,0.00064051128,-0.427813381	-0.080690816,0.00101453857,0.00064051128,-0.427813381
p4	0	41	v_conv_predelta-2	2	2048	2048	0.000000e+00	0.000000e+00	0.00318125635,-0.00973074045,0.00126899395,-0.00738393655	0.00318125635,-0.00973074045,0.00126899395,-0.00738393655
p4	0	42	a_softplus-2	2	16	16	0.000000e+00	0.000000e+00	2.95589399,0.863819838,1.42934632,2.38217902	2.95589399,0.863819838,1.42934632,2.38217902
p4	0	43	gate-2	2	16	16	0.000000e+00	0.000000e+00	-2.65353036,-0.243651569,-0.425827771,-1.55618036	-2.65353036,-0.243651569,-0.425827771,-1.55618036
p4	0	44	beta_sigmoid-2	2	16	16	0.000000e+00	0.000000e+00	0.843373001,0.96635437,0.672357023,0.742931783	0.843373001,0.96635437,0.672357023,0.742931783
p4	0	45	state_predelta-2	2	262144	262144	0.000000e+00	0.000000e+00	0,0,0,0	0,0,0,0
p4	0	46	new_state-2	2	262144	262144	0.000000e+00	0.000000e+00	-0.000216492306,2.72199259e-06,1.71848262e-06,-0.00114781724	-0.000216492306,2.72199259e-06,1.71848262e-06,-0.00114781724
p4	0	47	attn_output-2	2	2048	2048	0.000000e+00	0.000000e+00	3.80199822e-06,-1.16294495e-05,1.51660629e-06,-8.82472432e-06	3.80199822e-06,-1.16294495e-05,1.51660629e-06,-8.82472432e-06
p4	0	48	z-2	2	2048	2048	0.000000e+00	0.000000e+00	-0.0567511916,0.066301465,-1.2156136,1.05728281	-0.0567511916,0.066301465,-1.2156136,1.05728281
p4	0	49	final_output-2	2	2048	2048	0.000000e+00	0.000000e+00	-0.000106956257,-0.000264043949,-0.000384755142,-0.00675244676	-0.000106956257,-0.000264043949,-0.000384755142,-0.00675244676
p4	0	50	linear_attn_out-2	2	1024	1024	0.000000e+00	0.000000e+00	-1.09250832,0.00295895012,-0.0191954393,-0.0211988762	-1.09250832,0.00295895012,-0.0191954393,-0.0211988762
p4	0	51	attn_residual-2	2	1024	1024	0.000000e+00	0.000000e+00	-1.26276422,0.157497466,0.0626615435,-0.0753525198	-1.26276422,0.157497466,0.0626615435,-0.0753525198
p4	0	52	attn_post_norm-2	2	1024	1024	0.000000e+00	0.000000e+00	-11.9678469,2.34431219,0.946789086,-1.13497794	-11.9678469,2.34431219,0.946789086,-1.13497794
p4	0	53	ffn_out-2	2	1024	1024	0.000000e+00	0.000000e+00	0.0979637504,0.00773434481,-0.0161840878,-0.0237000175	0.0979637504,0.00773434481,-0.0161840878,-0.0237000175
p4	0	54	l_out-2	2	1024	1024	0.000000e+00	0.000000e+00	-1.16480041,0.165231809,0.0464774556,-0.0990525335	-1.16480041,0.165231809,0.0464774556,-0.0990525335
p4	0	55	attn_norm-3	3	1024	1024	0.000000e+00	0.000000e+00	-18.5056858,3.13385105,0.796793044,-1.79083502	-18.5056858,3.13385105,0.796793044,-1.79083502
p4	0	56	attn_pregate-3	3	2048	2048	0.000000e+00	0.000000e+00	0.208644763,-0.168411896,0.277770221,0.0260311589	0.208644763,-0.168411896,0.277770221,0.0260311589
p4	0	57	attn_gated-3	3	2048	2048	0.000000e+00	0.000000e+00	0.00828528777,-0.0068817935,0.0136747127,0.000880656764	0.00828528777,-0.0068817935,0.0136747127,0.000880656764
p4	0	58	attn_output-3	3	1024	1024	0.000000e+00	0.000000e+00	-0.132133871,0.00677717663,0.00432735309,-0.0235974491	-0.132133871,0.00677717663,0.00432735309,-0.0235974491
p4	0	59	attn_residual-3	3	1024	1024	0.000000e+00	0.000000e+00	-1.29693425,0.172008991,0.0508048087,-0.122649983	-1.29693425,0.172008991,0.0508048087,-0.122649983
p4	0	60	attn_post_norm-3	3	1024	1024	0.000000e+00	0.000000e+00	-12.834938,2.54925442,0.775582612,-1.88860881	-12.834938,2.54925442,0.775582612,-1.88860881
p4	0	61	ffn_out-3	3	1024	1024	0.000000e+00	0.000000e+00	1.09847665,-0.0151844015,-0.0394638143,-0.042871058	1.09847665,-0.0151844015,-0.0394638143,-0.042871058
p4	0	62	l_out-3	3	1024	1024	0.000000e+00	0.000000e+00	-0.198457599,0.156824589,0.0113409944,-0.165521041	-0.198457599,0.156824589,0.0113409944,-0.165521041
p4	0	63	attn_norm-4	4	1024	1024	0.000000e+00	0.000000e+00	-2.26533675,2.36103892,0.159129754,-2.55473661	-2.26533675,2.36103892,0.159129754,-2.55473661
p4	0	64	conv_output_silu-4	4	6144	6144	0.000000e+00	0.000000e+00	0.00287973788,-0.0302877408,0.0316320397,-0.116305888	0.00287973788,-0.0302877408,0.0316320397,-0.116305888
p4	0	65	q_conv_predelta-4	4	2048	2048	0.000000e+00	0.000000e+00	0.00248446385,-0.0261304323,0.0272902139,-0.100341685	0.00248446385,-0.0261304323,0.0272902139,-0.100341685
p4	0	66	k_conv_predelta-4	4	2048	2048	0.000000e+00	0.000000e+00	0.00165889808,-0.218412086,0.0329773836,-0.0131385354	0.00165889808,-0.218412086,0.0329773836,-0.0131385354
p4	0	67	v_conv_predelta-4	4	2048	2048	0.000000e+00	0.000000e+00	0.00944972131,-6.14294113e-05,-0.000586590788,-7.20890821e-05	0.00944972131,-6.14294113e-05,-0.000586590788,-7.20890821e-05
p4	0	68	a_softplus-4	4	16	16	0.000000e+00	0.000000e+00	0.108713917,1.59407103,0.0646035001,1.05245447	0.108713917,1.59407103,0.0646035001,1.05245447
p4	0	69	gate-4	4	16	16	0.000000e+00	0.000000e+00	-0.0453187041,-1.54880333,-0.0203283932,-0.552442372	-0.0453187041,-1.54880333,-0.0203283932,-0.552442372
p4	0	70	beta_sigmoid-4	4	16	16	0.000000e+00	0.000000e+00	0.677617431,0.862892807,0.954500675,0.704203188	0.677617431,0.862892807,0.954500675,0.704203188
p4	0	71	state_predelta-4	4	262144	262144	0.000000e+00	0.000000e+00	0,0,0,0	0,0,0,0
p4	0	72	new_state-4	4	262144	262144	0.000000e+00	0.000000e+00	1.06224152e-05,-0.00139855721,0.000211163948,-8.41299261e-05	1.06224152e-05,-0.00139855721,0.000211163948,-8.41299261e-05
p4	0	73	attn_output-4	4	2048	2048	0.000000e+00	0.000000e+00	2.19308513e-05,-1.42564986e-07,-1.361356e-06,-1.67303881e-07	2.19308513e-05,-1.42564986e-07,-1.361356e-06,-1.67303881e-07
p4	0	74	z-4	4	2048	2048	0.000000e+00	0.000000e+00	1.49524474,-1.18054867,-0.0483585,0.564092755	1.49524474,-1.18054867,-0.0483585,0.564092755
p4	0	75	final_output-4	4	2048	2048	0.000000e+00	0.000000e+00	0.0235361159,4.1788775e-05,2.69551183e-05,-5.71055389e-05	0.0235361159,4.1788775e-05,2.69551183e-05,-5.71055389e-05
p4	0	76	linear_attn_out-4	4	1024	1024	0.000000e+00	0.000000e+00	-0.0683432594,0.0219870172,0.00173766306,0.0160019454	-0.0683432594,0.0219870172,0.00173766306,0.0160019454
p4	0	77	attn_residual-4	4	1024	1024	0.000000e+00	0.000000e+00	-0.266800851,0.17881161,0.0130786579,-0.149519101	-0.266800851,0.17881161,0.0130786579,-0.149519101
p4	0	78	attn_post_norm-4	4	1024	1024	0.000000e+00	0.000000e+00	-2.08026028,2.0374229,0.146558255,-1.76420021	-2.08026028,2.0374229,0.146558255,-1.76420021
p4	0	79	ffn_out-4	4	1024	1024	0.000000e+00	0.000000e+00	0.0737441182,0.00332881627,0.0170618519,0.0159145016	0.0737441182,0.00332881627,0.0170618519,0.0159145016
p4	0	80	l_out-4	4	1024	1024	0.000000e+00	0.000000e+00	-0.193056732,0.182140425,0.0301405098,-0.133604601	-0.193056732,0.182140425,0.0301405098,-0.133604601
p4	0	81	attn_norm-5	5	1024	1024	0.000000e+00	0.000000e+00	-2.11806178,2.69112134,0.414175779,-2.06605744	-2.11806178,2.69112134,0.414175779,-2.06605744
p4	0	82	conv_output_silu-5	5	6144	6144	0.000000e+00	0.000000e+00	-0.0831810236,-0.101966873,-0.0301261842,-0.219639778	-0.0831810236,-0.101966873,-0.0301261842,-0.219639778
p4	0	83	q_conv_predelta-5	5	2048	2048	0.000000e+00	0.000000e+00	-0.0788058043,-0.0966035351,-0.0285415854,-0.208086997	-0.0788058043,-0.0966035351,-0.0285415854,-0.208086997
p4	0	84	k_conv_predelta-5	5	2048	2048	0.000000e+00	0.000000e+00	0.000349653012,-0.00161127909,0.277311355,-0.00678436272	0.000349653012,-0.00161127909,0.277311355,-0.00678436272
p4	0	85	v_conv_predelta-5	5	2048	2048	0.000000e+00	0.000000e+00	1.50620808e-05,0.000382675091,-0.00291267945,-8.66503178e-05	1.50620808e-05,0.000382675091,-0.00291267945,-8.66503178e-05
p4	0	86	a_softplus-5	5	16	16	0.000000e+00	0.000000e+00	0.0821074769,0.565568089,1.22268176,0.0116748894	0.0821074769,0.565568089,1.22268176,0.0116748894
p4	0	87	gate-5	5	16	16	0.000000e+00	0.000000e+00	-0.0627085567,-0.0686111972,-0.311567008,-0.00488586631	-0.0627085567,-0.0686111972,-0.311567008,-0.00488586631
p4	0	88	beta_sigmoid-5	5	16	16	0.000000e+00	0.000000e+00	0.918922782,0.990156412,0.825428128,0.980775595	0.918922782,0.990156412,0.825428128,0.980775595
p4	0	89	state_predelta-5	5	262144	262144	0.000000e+00	0.000000e+00	0,0,0,0	0,0,0,0
p4	0	90	new_state-5	5	262144	262144	0.000000e+00	0.000000e+00	4.83950879e-09,-2.23015366e-08,3.8382359e-06,-9.39016118e-08	4.83950879e-09,-2.23015366e-08,3.8382359e-06,-9.39016118e-08
p4	0	91	attn_output-5	5	2048	2048	0.000000e+00	0.000000e+00	-2.50157477e-08,-6.3556314e-07,4.83750273e-06,1.43912558e-07	-2.50157477e-08,-6.3556314e-07,4.83750273e-06,1.43912558e-07
p4	0	92	z-5	5	2048	2048	0.000000e+00	0.000000e+00	0.903356671,1.13450646,-0.201255262,-0.255754113	0.903356671,1.13450646,-0.201255262,-0.255754113
p4	0	93	final_output-5	5	2048	2048	0.000000e+00	0.000000e+00	-1.54382869e-05,-0.000504605356,-0.000429096312,-1.55785237e-05	-1.54382869e-05,-0.000504605356,-0.000429096312,-1.55785237e-05
p4	0	94	linear_attn_out-5	5	1024	1024	0.000000e+00	0.000000e+00	-0.0322286785,-0.0211507585,0.00222104043,-0.00874574482	-0.0322286785,-0.0211507585,0.00222104043,-0.00874574482
p4	0	95	attn_residual-5	5	1024	1024	0.000000e+00	0.000000e+00	-0.225285411,0.160989672,0.0323615521,-0.142350346	-0.225285411,0.160989672,0.0323615521,-0.142350346
p4	0	96	attn_post_norm-5	5	1024	1024	0.000000e+00	0.000000e+00	-1.706182,1.83272791,0.349925697,-1.70525146	-1.706182,1.83272791,0.349925697,-1.70525146
p4	0	97	ffn_out-5	5	1024	1024	0.000000e+00	0.000000e+00	0.01606372,-0.0110914949,0.0312921517,0.0320992321	0.01606372,-0.0110914949,0.0312921517,0.0320992321
p4	0	98	l_out-5	5	1024	1024	0.000000e+00	0.000000e+00	-0.209221691,0.149898171,0.0636537075,-0.110251114	-0.209221691,0.149898171,0.0636537075,-0.110251114
p4	0	99	attn_norm-6	6	1024	1024	0.000000e+00	0.000000e+00	-2.28993845,2.12594175,0.872888446,-1.65638471	-2.28993845,2.12594175,0.872888446,-1.65638471
p4	0	100	conv_output_silu-6	6	6144	6144	0.000000e+00	0.000000e+00	-0.0118301194,0.135970637,0.0484864824,-0.0683801174	-0.0118301194,0.135970637,0.0484864824,-0.0683801174
p4	0	101	q_conv_predelta-6	6	2048	2048	0.000000e+00	0.000000e+00	-0.00705961697,0.081140399,0.0289342795,-0.0408057943	-0.00705961697,0.081140399,0.0289342795,-0.0408057943
p4	0	102	k_conv_predelta-6	6	2048	2048	0.000000e+00	0.000000e+00	-0.00746137556,0.00954085775,-0.0139252432,0.0320438333	-0.00746137556,0.00954085775,-0.0139252432,0.0320438333
p4	0	103	v_conv_predelta-6	6	2048	2048	0.000000e+00	0.000000e+00	-3.39224971e-05,0.000103051352,2.41575635e-05,1.5774116e-05	-3.39224971e-05,0.000103051352,2.41575635e-05,1.5774116e-05
p4	0	104	a_softplus-6	6	16	16	0.000000e+00	0.000000e+00	0.167408228,0.274803162,1.78523827,0.162356123	0.167408228,0.274803162,1.78523827,0.162356123
p4	0	105	gate-6	6	16	16	0.000000e+00	0.000000e+00	-0.0304873027,-0.204216361,-0.544466913,-0.0900124907	-0.0304873027,-0.204216361,-0.544466913,-0.0900124907
p4	0	106	beta_sigmoid-6	6	16	16	0.000000e+00	0.000000e+00	0.930817902,0.597514987,0.90008986,0.868772566	0.930817902,0.597514987,0.90008986,0.868772566
p4	0	107	state_predelta-6	6	262144	262144	0.000000e+00	0.000000e+00	0,0,0,0	0,0,0,0
p4	0	108	new_state-6	6	262144	262144	0.000000e+00	0.000000e+00	2.35597909e-07,-3.0125895e-07,4.39698823e-07,-1.01180535e-06	2.35597909e-07,-3.0125895e-07,4.39698823e-07,-1.01180535e-06
p4	0	109	attn_output-6	6	2048	2048	0.000000e+00	0.000000e+00	-1.67303156e-07,5.08241385e-07,1.19143259e-07,7.77967344e-08	-1.67303156e-07,5.08241385e-07,1.19143259e-07,7.77967344e-08
p4	0	110	z-6	6	2048	2048	0.000000e+00	0.000000e+00	0.0973483324,0.36149919,1.4299202,1.59676278	0.0973483324,0.36149919,1.4299202,1.59676278
p4	0	111	final_output-6	6	2048	2048	0.000000e+00	0.000000e+00	-7.25507607e-06,0.000105724757,0.000132665256,0.000107459586	-7.25507607e-06,0.000105724757,0.000132665256,0.000107459586
p4	0	112	linear_attn_out-6	6	1024	1024	0.000000e+00	0.000000e+00	-0.582322001,0.0124833938,-0.433831096,-0.214487329	-0.582322001,0.0124833938,-0.433831096,-0.214487329
p4	0	113	attn_residual-6	6	1024	1024	0.000000e+00	0.000000e+00	-0.791543722,0.16238156,-0.370177388,-0.324738443	-0.791543722,0.16238156,-0.370177388,-0.324738443
p4	0	114	attn_post_norm-6	6	1024	1024	0.000000e+00	0.000000e+00	-1.80246925,0.45295161,-1.01932216,-0.926774085	-1.80246925,0.45295161,-1.01932216,-0.926774085
p4	0	115	ffn_out-6	6	1024	1024	0.000000e+00	0.000000e+00	0.163929909,-0.000286351889,-0.00994288363,0.0604319461	0.163929909,-0.000286351889,-0.00994288363,0.0604319461
p4	0	116	l_out-6	6	1024	1024	0.000000e+00	0.000000e+00	-0.627613783,0.162095204,-0.380120277,-0.264306486	-0.627613783,0.162095204,-0.380120277,-0.264306486
p4	0	117	attn_norm-7	7	1024	1024	0.000000e+00	0.000000e+00	-1.60707176,0.441070318,-1.06813657,-0.862777591	-1.60707176,0.441070318,-1.06813657,-0.862777591
p4	0	118	attn_pregate-7	7	2048	2048	0.000000e+00	0.000000e+00	-0.0924450308,0.150094211,-0.753982186,0.134367302	-0.0924450308,0.150094211,-0.753982186,0.134367302
p4	0	119	attn_gated-7	7	2048	2048	0.000000e+00	0.000000e+00	-0.0413280539,0.0662133768,-0.592255533,0.077137202	-0.0413280539,0.0662133768,-0.592255533,0.077137202
p4	0	120	attn_output-7	7	1024	1024	0.000000e+00	0.000000e+00	0.606915355,-0.0231537148,0.304088593,-0.027007591	0.606915355,-0.0231537148,0.304088593,-0.027007591
p4	0	121	attn_residual-7	7	1024	1024	0.000000e+00	0.000000e+00	-0.0206984282,0.138941497,-0.0760316849,-0.291314065	-0.0206984282,0.138941497,-0.0760316849,-0.291314065
p4	0	122	attn_post_norm-7	7	1024	1024	0.000000e+00	0.000000e+00	-0.0588460676,0.575226009,-0.303528786,-1.25493038	-0.0588460676,0.575226009,-0.303528786,-1.25493038
p4	0	123	ffn_out-7	7	1024	1024	0.000000e+00	0.000000e+00	-0.172659919,-0.0191443264,0.0117164608,0.0939309373	-0.172659919,-0.0191443264,0.0117164608,0.0939309373
p4	0	124	l_out-7	7	1024	1024	0.000000e+00	0.000000e+00	-0.193358347,0.11979717,-0.0643152222,-0.197383136	-0.193358347,0.11979717,-0.0643152222,-0.197383136
p4	0	125	attn_norm-8	8	1024	1024	0.000000e+00	0.000000e+00	-0.993710637,0.728334188,-0.354833603,-1.28954124	-0.993710637,0.728334188,-0.354833603,-1.28954124
p4	0	126	conv_output_silu-8	8	6144	6144	0.000000e+00	0.000000e+00	0.0841539279,-0.00981122814,-0.00118449458,-0.0881424546	0.0841539279,-0.00981122814,-0.00118449458,-0.0881424546
p4	0	127	q_conv_predelta-8	8	2048	2048	0.000000e+00	0.000000e+00	0.0690161139,-0.00804636069,-0.000971424859,-0.0722871721	0.0690161139,-0.00804636069,-0.000971424859,-0.0722871721
p4	0	128	k_conv_predelta-8	8	2048	2048	0.000000e+00	0.000000e+00	0.0737940818,0.0169603098,0.183163315,0.00758593809	0.0737940818,0.0169603098,0.183163315,0.00758593809
p4	0	129	v_conv_predelta-8	8	2048	2048	0.000000e+00	0.000000e+00	0.00152003579,0.00144625211,0.00211885944,-0.00100592338	0.00152003579,0.00144625211,0.00211885944,-0.00100592338
p4	0	130	a_softplus-8	8	16	16	0.000000e+00	0.000000e+00	2.47310996,0.160218522,0.124911927,0.54169935	2.47310996,0.160218522,0.124911927,0.54169935
p4	0	131	gate-8	8	16	16	0.000000e+00	0.000000e+00	-0.868143201,-0.0455461517,-0.0372134931,-0.0817843676	-0.868143201,-0.0455461517,-0.0372134931,-0.0817843676
p4	0	132	beta_sigmoid-8	8	16	16	0.000000e+00	0.000000e+00	0.975863099,0.88569361,0.985879123,0.978078187	0.975863099,0.88569361,0.985879123,0.978078187
p4	0	133	state_predelta-8	8	262144	262144	0.000000e+00	0.000000e+00	0,0,0,0	0,0,0,0
p4	0	134	new_state-8	8	262144	262144	0.000000e+00	0.000000e+00	0.000109462213,2.51580204e-05,0.000271694706,1.12525768e-05	0.000109462213,2.51580204e-05,0.000271694706,1.12525768e-05
p4	0	135	attn_output-8	8	2048	2048	0.000000e+00	0.000000e+00	2.3342338e-05,2.2209284e-05,3.25381407e-05,-1.54474019e-05	2.3342338e-05,2.2209284e-05,3.25381407e-05,-1.54474019e-05
p4	0	136	z-8	8	2048	2048	0.000000e+00	0.000000e+00	-0.0985240042,-0.378494978,1.00863421,0.209284782	-0.0985240042,-0.378494978,1.00863421,0.209284782
p4	0	137	final_output-8	8	2048	2048	0.000000e+00	0.000000e+00	-0.00100727752,-0.00222537294,0.0241030548,-0.00134871097	-0.00100727752,-0.00222537294,0.0241030548,-0.00134871097
p4	0	138	linear_attn_out-8	8	1024	1024	0.000000e+00	0.000000e+00	0.0256817117,0.0148785124,-0.0138804037,-0.00545597449	0.0256817117,0.0148785124,-0.0138804037,-0.00545597449
p4	0	139	attn_residual-8	8	1024	1024	0.000000e+00	0.000000e+00	-0.167676628,0.134675682,-0.0781956241,-0.202839106	-0.167676628,0.134675682,-0.0781956241,-0.202839106
p4	0	140	attn_post_norm-8	8	1024	1024	0.000000e+00	0.000000e+00	-0.535484135,0.623748779,-0.34974134,-1.03016961	-0.535484135,0.623748779,-0.34974134,-1.03016961
p4	0	141	ffn_out-8	8	1024	1024	0.000000e+00	0.000000e+00	0.326063335,0.000709315762,0.0220186822,0.032424558	0.326063335,0.000709315762,0.0220186822,0.032424558
p4	0	142	l_out-8	8	1024	1024	0.000000e+00	0.000000e+00	0.158386707,0.135384992,-0.0561769418,-0.170414552	0.158386707,0.135384992,-0.0561769418,-0.170414552
p4	0	143	attn_norm-9	9	1024	1024	0.000000e+00	0.000000e+00	0.740649283,0.770065725,-0.314756483,-1.14752734	0.740649283,0.770065725,-0.314756483,-1.14752734
p4	0	144	conv_output_silu-9	9	6144	6144	0.000000e+00	0.000000e+00	0.00550174899,-0.123704694,-0.244472265,-0.0464881621	0.00550174899,-0.123704694,-0.244472265,-0.0464881621
p4	0	145	q_conv_predelta-9	9	2048	2048	0.000000e+00	0.000000e+00	0.00470067002,-0.105692744,-0.208876029,-0.0397192799	0.00470067002,-0.105692744,-0.208876029,-0.0397192799
p4	0	146	k_conv_predelta-9	9	2048	2048	0.000000e+00	0.000000e+00	-0.0560228713,0.0774714798,-0.0181958005,-7.76348388e-05	-0.0560228713,0.0774714798,-0.0181958005,-7.76348388e-05
p4	0	147	v_conv_predelta-9	9	2048	2048	0.000000e+00	0.000000e+00	0.000319806626,-0.000680625555,3.6262114e-05,0.00185624999	0.000319806626,-0.000680625555,3.6262114e-05,0.00185624999
p4	0	148	a_softplus-9	9	16	16	0.000000e+00	0.000000e+00	0.26292178,1.06156111,0.0651986226,5.6563592	0.26292178,1.06156111,0.0651986226,5.6563592
p4	0	149	gate-9	9	16	16	0.000000e+00	0.000000e+00	-0.106645778,-0.144793466,-0.0221827142,-1.04632127	-0.106645778,-0.144793466,-0.0221827142,-1.04632127
p4	0	150	beta_sigmoid-9	9	16	16	0.000000e+00	0.000000e+00	0.997082651,0.999519944,8.06275366e-08,0.939084828	0.997082651,0.999519944,8.06275366e-08,0.939084828
p4	0	151	state_predelta-9	9	262144	262144	0.000000e+00	0.000000e+00	0,0,0,0	0,0,0,0
p4	0	152	new_state-9	9	262144	262144	0.000000e+00	0.000000e+00	-1.78642167e-05,2.47036132e-05,-5.80216101e-06,-2.47557033e-08	-1.78642167e-05,2.47036132e-05,-5.80216101e-06,-2.47557033e-08
p4	0	153	attn_output-9	9	2048	2048	0.000000e+00	0.000000e+00	-1.98226502e-08,4.21874589e-08,-2.24764918e-09,-1.15056743e-07	-1.98226502e-08,4.21874589e-08,-2.24764918e-09,-1.15056743e-07
p4	0	154	z-9	9	2048	2048	0.000000e+00	0.000000e+00	-0.0287249088,-0.567698479,0.461937904,-0.103290439	-0.0287249088,-0.567698479,0.461937904,-0.103290439
p4	0	155	final_output-9	9	2048	2048	0.000000e+00	0.000000e+00	3.06782766e-07,-8.98787221e-06,-6.83604071e-07,5.57806288e-06	3.06782766e-07,-8.98787221e-06,-6.83604071e-07,5.57806288e-06
p4	0	156	linear_attn_out-9	9	1024	1024	0.000000e+00	0.000000e+00	-0.17082867,-0.00940968283,-0.0110364091,-0.008922345	-0.17082867,-0.00940968283,-0.0110364091,-0.008922345
p4	0	157	attn_residual-9	9	1024	1024	0.000000e+00	0.000000e+00	-0.012441963,0.125975311,-0.067213349,-0.179336891	-0.012441963,0.125975311,-0.067213349,-0.179336891
p4	0	158	attn_post_norm-9	9	1024	1024	0.000000e+00	0.000000e+00	-0.0407423787,0.577739775,-0.297623903,-0.930139422	-0.0407423787,0.577739775,-0.297623903,-0.930139422
p4	0	159	ffn_out-9	9	1024	1024	0.000000e+00	0.000000e+00	0.0277954005,-0.0092399912,0.00719979731,0.00458307005	0.0277954005,-0.0092399912,0.00719979731,0.00458307005
p4	0	160	l_out-9	9	1024	1024	0.000000e+00	0.000000e+00	0.0153534375,0.116735317,-0.0600135513,-0.174753815	0.0153534375,0.116735317,-0.0600135513,-0.174753815
p4	0	161	attn_norm-10	10	1024	1024	0.000000e+00	0.000000e+00	0.079258278,0.627852082,-0.345092624,-1.08345413	0.079258278,0.627852082,-0.345092624,-1.08345413
p4	0	162	conv_output_silu-10	10	6144	6144	0.000000e+00	0.000000e+00	0.00398805318,0.00613736687,0.0104613258,-0.0788519904	0.00398805318,0.00613736687,0.0104613258,-0.0788519904
p4	0	163	q_conv_predelta-10	10	2048	2048	0.000000e+00	0.000000e+00	0.0154101113,0.0237152074,0.0404232778,-0.304689497	0.0154101113,0.0237152074,0.0404232778,-0.304689497
p4	0	164	k_conv_predelta-10	10	2048	2048	0.000000e+00	0.000000e+00	0.0670372993,0.0606693588,0.0561091378,0.105654202	0.0670372993,0.0606693588,0.0561091378,0.105654202
p4	0	165	v_conv_predelta-10	10	2048	2048	0.000000e+00	0.000000e+00	0.003558442,0.00115808565,-0.00426465645,-0.00371701038	0.003558442,0.00115808565,-0.00426465645,-0.00371701038
p4	0	166	a_softplus-10	10	16	16	0.000000e+00	0.000000e+00	1.04042971,0.0136279445,6.66927052,4.61354113	1.04042971,0.0136279445,6.66927052,4.61354113
p4	0	167	gate-10	10	16	16	0.000000e+00	0.000000e+00	-0.796168566,-0.0790384859,-2.06604362,-0.944649041	-0.796168566,-0.0790384859,-2.06604362,-0.944649041
p4	0	168	beta_sigmoid-10	10	16	16	0.000000e+00	0.000000e+00	0.948028266,0.968971789,0.883738935,0.994519174	0.948028266,0.968971789,0.883738935,0.994519174
p4	0	169	state_predelta-10	10	262144	262144	0.000000e+00	0.000000e+00	0,0,0,0	0,0,0,0
p4	0	170	new_state-10	10	262144	262144	0.000000e+00	0.000000e+00	0.000226150572,0.000204668308,0.000189284387,0.000356424833	0.000226150572,0.000204668308,0.000189284387,0.000356424833
p4	0	171	attn_output-10	10	2048	2048	0.000000e+00	0.000000e+00	4.44583275e-05,1.44688465e-05,-5.32816011e-05,-4.64394398e-05	4.44583275e-05,1.44688465e-05,-5.32816011e-05,-4.64394398e-05
p4	0	172	z-10	10	2048	2048	0.000000e+00	0.000000e+00	1.0535661,1.12115407,1.2693212,1.3052913	1.0535661,1.12115407,1.2693212,1.3052913
p4	0	173	final_output-10	10	2048	2048	0.000000e+00	0.000000e+00	0.0311578419,0.0130473105,-0.0513571352,-0.0486933477	0.0311578419,0.0130473105,-0.0513571352,-0.0486933477
p4	0	174	linear_attn_out-10	10	1024	1024	0.000000e+00	0.000000e+00	-0.410839736,-0.0224290341,-0.0298555642,-0.00652544945	-0.410839736,-0.0224290341,-0.0298555642,-0.00652544945
p4	0	175	attn_residual-10	10	1024	1024	0.000000e+00	0.000000e+00	-0.395486295,0.0943062827,-0.0898691118,-0.181279272	-0.395486295,0.0943062827,-0.0898691118,-0.181279272
p4	0	176	attn_post_norm-10	10	1024	1024	0.000000e+00	0.000000e+00	-1.45170832,0.427321106,-0.40590778,-0.874918401	-1.45170832,0.427321106,-0.40590778,-0.874918401
p4	0	177	ffn_out-10	10	1024	1024	0.000000e+00	0.000000e+00	-0.178529993,-0.00293818302,0.013532619,-0.0334991999	-0.178529993,-0.00293818302,0.013532619,-0.0334991999
p4	0	178	l_out-10	10	1024	1024	0.000000e+00	0.000000e+00	-0.574016273,0.0913681015,-0.0763364956,-0.214778468	-0.574016273,0.0913681015,-0.0763364956,-0.214778468
p4	0	179	attn_norm-11	11	1024	1024	0.000000e+00	0.000000e+00	-2.31128788,0.383719921,-0.342371851,-1.06219804	-2.31128788,0.383719921,-0.342371851,-1.06219804
p4	0	180	attn_pregate-11	11	2048	2048	0.000000e+00	0.000000e+00	0.317912698,0.16163069,0.155247793,-0.142066777	0.317912698,0.16163069,0.155247793,-0.142066777
p4	0	181	attn_gated-11	11	2048	2048	0.000000e+00	0.000000e+00	0.28658092,0.0567942187,0.0867285281,-0.0431167968	0.28658092,0.0567942187,0.0867285281,-0.0431167968
p4	0	182	attn_output-11	11	1024	1024	0.000000e+00	0.000000e+00	0.479531884,0.00335177034,0.147265539,0.150307998	0.479531884,0.00335177034,0.147265539,0.150307998
p4	0	183	attn_residual-11	11	1024	1024	0.000000e+00	0.000000e+00	-0.0944843888,0.0947198719,0.070929043,-0.06447047	-0.0944843888,0.0947198719,0.070929043,-0.06447047
p4	0	184	attn_post_norm-11	11	1024	1024	0.000000e+00	0.000000e+00	-0.466582626,0.663585544,0.474170983,-0.464029014	-0.466582626,0.663585544,0.474170983,-0.464029014
p4	0	185	ffn_out-11	11	1024	1024	0.000000e+00	0.000000e+00	0.120049164,-0.00567574846,0.0186890736,0.00477894116	0.120049164,-0.00567574846,0.0186890736,0.00477894116
p4	0	186	l_out-11	11	1024	1024	0.000000e+00	0.000000e+00	0.0255647749,0.0890441239,0.0896181166,-0.0596915297	0.0255647749,0.0890441239,0.0896181166,-0.0596915297
p4	0	187	attn_norm-12	12	1024	1024	0.000000e+00	0.000000e+00	0.249392107,0.980053127,1.02764142,-0.731207788	0.249392107,0.980053127,1.02764142,-0.731207788
p4	0	188	conv_output_silu-12	12	6144	6144	0.000000e+00	0.000000e+00	-0.0227191634,-0.104206994,0.0182637479,0.0374702476	-0.0227191634,-0.104206994,0.0182637479,0.0374702476
p4	0	189	q_conv_predelta-12	12	2048	2048	0.000000e+00	0.000000e+00	-0.0131268846,-0.0602096654,0.0105525944,0.021649899	-0.0131268846,-0.0602096654,0.0105525944,0.021649899
p4	0	190	k_conv_predelta-12	12	2048	2048	0.000000e+00	0.000000e+00	-0.00951877609,0.00133787072,-0.000693053938,-0.00612819334	-0.00951877609,0.00133787072,-0.000693053938,-0.00612819334
p4	0	191	v_conv_predelta-12	12	2048	2048	0.000000e+00	0.000000e+00	-0.00112512219,0.00126778742,0.00015907544,-0.000305970258	-0.00112512219,0.00126778742,0.00015907544,-0.000305970258
p4	0	192	a_softplus-12	12	16	16	0.000000e+00	0.000000e+00	0.300565183,2.517241,3.04856205,0.643720806	0.300565183,2.517241,3.04856205,0.643720806
p4	0	193	gate-12	12	16	16	0.000000e+00	0.000000e+00	-0.0605883189,-1.48560143,-0.316334516,-0.182993859	-0.0605883189,-1.48560143,-0.316334516,-0.182993859
p4	0	194	beta_sigmoid-12	12	16	16	0.000000e+00	0.000000e+00	0.979334116,0.858416557,0.961678028,0.859583199	0.979334116,0.858416557,0.961678028,0.859583199
p4	0	195	state_predelta-12	12	262144	262144	0.000000e+00	0.000000e+00	0,0,0,0	0,0,0,0
p4	0	196	new_state-12	12	262144	262144	0.000000e+00	0.000000e+00	1.04884593e-05,-1.4741604e-06,7.63655748e-07,6.75247566e-06	1.04884593e-05,-1.4741604e-06,7.63655748e-07,6.75247566e-06
p4	0	197	attn_output-12	12	2048	2048	0.000000e+00	0.000000e+00	-9.93948379e-06,1.1199807e-05,1.40529426e-06,-2.70298301e-06	-9.93948379e-06,1.1199807e-05,1.40529426e-06,-2.70298301e-06
p4	0	198	z-12	12	2048	2048	0.000000e+00	0.000000e+00	0.488871098,-0.216558158,1.38514912,-0.248447031	0.488871098,-0.216558158,1.38514912,-0.248447031
p4	0	199	final_output-12	12	2048	2048	0.000000e+00	0.000000e+00	-0.00265131937,-0.000999837182,0.001135397,0.000267912488	-0.00265131937,-0.000999837182,0.001135397,0.000267912488
p4	0	200	linear_attn_out-12	12	1024	1024	0.000000e+00	0.000000e+00	-0.0328301042,0.0153150856,0.00322440825,0.0075121969	-0.0328301042,0.0153150856,0.00322440825,0.0075121969
p4	0	201	attn_residual-12	12	1024	1024	0.000000e+00	0.000000e+00	-0.00726532936,0.10435921,0.0928425267,-0.0521793328	-0.00726532936,0.10435921,0.0928425267,-0.0521793328
p4	0	202	attn_post_norm-12	12	1024	1024	0.000000e+00	0.000000e+00	-0.0470381156,1.04541743,0.850800574,-0.512201428	-0.0470381156,1.04541743,0.850800574,-0.512201428
p4	0	203	ffn_out-12	12	1024	1024	0.000000e+00	0.000000e+00	-0.0610569641,-0.0224509127,-0.000427138526,-0.0120192822	-0.0610569641,-0.0224509127,-0.000427138526,-0.0120192822
p4	0	204	l_out-12	12	1024	1024	0.000000e+00	0.000000e+00	-0.0683222935,0.0819083005,0.0924153849,-0.0641986132	-0.0683222935,0.0819083005,0.0924153849,-0.0641986132
p4	0	205	attn_norm-13	13	1024	1024	0.000000e+00	0.000000e+00	-0.765304863,1.04001784,1.19534755,-0.925244272	-0.765304863,1.04001784,1.19534755,-0.925244272
p4	0	206	conv_output_silu-13	13	6144	6144	0.000000e+00	0.000000e+00	-0.0101590352,0.108969547,0.0324024186,-0.00662516477	-0.0101590352,0.108969547,0.0324024186,-0.00662516477
p4	0	207	q_conv_predelta-13	13	2048	2048	0.000000e+00	0.000000e+00	-0.00806564279,0.0865150541,0.0257255062,-0.00525996927	-0.00806564279,0.0865150541,0.0257255062,-0.00525996927
p4	0	208	k_conv_predelta-13	13	2048	2048	0.000000e+00	0.000000e+00	-0.00376070268,-0.000983730424,0.00640820153,-0.660265505	-0.00376070268,-0.000983730424,0.00640820153,-0.660265505
p4	0	209	v_conv_predelta-13	13	2048	2048	0.000000e+00	0.000000e+00	1.57384329e-05,0.000257036503,0.000123704085,7.88076941e-05	1.57384329e-05,0.000257036503,0.000123704085,7.88076941e-05
p4	0	210	a_softplus-13	13	16	16	0.000000e+00	0.000000e+00	2.25577807,0.61869359,1.61380255,2.79336405	2.25577807,0.61869359,1.61380255,2.79336405
p4	0	211	gate-13	13	16	16	0.000000e+00	0.000000e+00	-0.607134461,-0.71211201,-0.811470866,-0.668685853	-0.607134461,-0.71211201,-0.811470866,-0.668685853
p4	0	212	beta_sigmoid-13	13	16	16	0.000000e+00	0.000000e+00	0.94828707,0.862775028,0.659687579,0.978647351	0.94828707,0.862775028,0.659687579,0.978647351
p4	0	213	state_predelta-13	13	262144	262144	0.000000e+00	0.000000e+00	0,0,0,0	0,0,0,0
p4	0	214	new_state-13	13	262144	262144	0.000000e+00	0.000000e+00	-5.61268045e-08,-1.46817367e-08,9.56395425e-08,-9.85416682e-06	-5.61268045e-08,-1.46817367e-08,9.56395425e-08,-9.85416682e-06
p4	0	215	attn_output-13	13	2048	2048	0.000000e+00	0.000000e+00	-7.76941178e-09,-1.26888295e-07,-6.10675812e-08,-3.89040977e-08	-7.76941178e-09,-1.26888295e-07,-6.10675812e-08,-3.89040977e-08
p4	0	216	z-13	13	2048	2048	0.000000e+00	0.000000e+00	0.895652413,0.490358293,0.291368127,2.10842395	0.895652413,0.490358293,0.291368127,2.10842395
p4	0	217	final_output-13	13	2048	2048	0.000000e+00	0.000000e+00	-5.23780818e-06,-4.12077752e-05,-1.0807611e-05,-7.58230672e-05	-5.23780818e-06,-4.12077752e-05,-1.0807611e-05,-7.58230672e-05
p4	0	218	linear_attn_out-13	13	1024	1024	0.000000e+00	0.000000e+00	0.0288389921,-0.00534927985,-0.00153762102,-0.0123206824	0.0288389921,-0.00534927985,-0.00153762102,-0.0123206824
p4	0	219	attn_residual-13	13	1024	1024	0.000000e+00	0.000000e+00	-0.0394833013,0.0765590221,0.0908777639,-0.0765192956	-0.0394833013,0.0765590221,0.0908777639,-0.0765192956
p4	0	220	attn_post_norm-13	13	1024	1024	0.000000e+00	0.000000e+00	-0.313681304,0.919875145,1.00772834,-0.845645487	-0.313681304,0.919875145,1.00772834,-0.845645487
p4	0	221	ffn_out-13	13	1024	1024	0.000000e+00	0.000000e+00	-0.0895211101,0.0189485308,0.0230872333,-0.00262228586	-0.0895211101,0.0189485308,0.0230872333,-0.00262228586
p4	0	222	l_out-13	13	1024	1024	0.000000e+00	0.000000e+00	-0.129004419,0.0955075547,0.113964997,-0.0791415796	-0.129004419,0.0955075547,0.113964997,-0.0791415796
p4	0	223	attn_norm-14	14	1024	1024	0.000000e+00	0.000000e+00	-1.46559036,1.22495997,1.3566848,-1.09380758	-1.46559036,1.22495997,1.3566848,-1.09380758
p4	0	224	conv_output_silu-14	14	6144	6144	0.000000e+00	0.000000e+00	-0.205845341,-0.0156004308,-0.138333037,-0.213234365	-0.205845341,-0.0156004308,-0.138333037,-0.213234365
p4	0	225	q_conv_predelta-14	14	2048	2048	0.000000e+00	0.000000e+00	-0.0760359243,-0.00576254539,-0.0510979742,-0.0787653103	-0.0760359243,-0.00576254539,-0.0510979742,-0.0787653103
p4	0	226	k_conv_predelta-14	14	2048	2048	0.000000e+00	0.000000e+00	-0.00283959345,0.0249523688,0.000460279931,-2.88317551e-05	-0.00283959345,0.0249523688,0.000460279931,-2.88317551e-05
p4	0	227	v_conv_predelta-14	14	2048	2048	0.000000e+00	0.000000e+00	-0.000188239006,-0.000758873124,0.000272025296,-0.00259504514	-0.000188239006,-0.000758873124,0.000272025296,-0.00259504514
p4	0	228	a_softplus-14	14	16	16	0.000000e+00	0.000000e+00	0.371566474,1.53729486,0.768167675,0.0278056711	0.371566474,1.53729486,0.768167675,0.0278056711
p4	0	229	gate-14	14	16	16	0.000000e+00	0.000000e+00	-0.116918571,-0.256907731,-0.510711491,-0.083663471	-0.116918571,-0.256907731,-0.510711491,-0.083663471
p4	0	230	beta_sigmoid-14	14	16	16	0.000000e+00	0.000000e+00	0.955226183,0.984059811,0.890013814,0.929672539	0.955226183,0.984059811,0.890013814,0.929672539
p4	0	231	state_predelta-14	14	262144	262144	0.000000e+00	0.000000e+00	0,0,0,0	0,0,0,0
p4	0	232	new_state-14	14	262144	262144	0.000000e+00	0.000000e+00	5.10589643e-07,-4.48670608e-06,-8.27633144e-08,5.18426191e-09	5.10589643e-07,-4.48670608e-06,-8.27633144e-08,5.18426191e-09
p4	0	233	attn_output-14	14	2048	2048	0.000000e+00	0.000000e+00	-5.88776281e-08,-2.37361235e-07,8.5084416e-08,-8.11681389e-07	-5.88776281e-08,-2.37361235e-07,8.5084416e-08,-8.11681389e-07
p4	0	234	z-14	14	2048	2048	0.000000e+00	0.000000e+00	0.179047704,-0.743002355,0.519366384,0.991110086	0.179047704,-0.743002355,0.519366384,0.991110086
p4	0	235	final_output-14	14	2048	2048	0.000000e+00	0.000000e+00	-6.03308263e-06,5.68333708e-05,2.784553e-05,-0.000536564563	-6.03308263e-06,5.68333708e-05,2.784553e-05,-0.000536564563
p4	0	236	linear_attn_out-14	14	1024	1024	0.000000e+00	0.000000e+00	0.0223053917,-0.012047451,0.00294186175,-0.0148281641	0.0223053917,-0.012047451,0.00294186175,-0.0148281641
p4	0	237	attn_residual-14	14	1024	1024	0.000000e+00	0.000000e+00	-0.106699027,0.0834601074,0.116906859,-0.0939697474	-0.106699027,0.0834601074,0.116906859,-0.0939697474
p4	0	238	attn_post_norm-14	14	1024	1024	0.000000e+00	0.000000e+00	-0.917725921,1.0067687,1.3233155,-1.0322423	-0.917725921,1.0067687,1.3233155,-1.0322423
p4	0	239	ffn_out-14	14	1024	1024	0.000000e+00	0.000000e+00	-1.07878923,-0.162841201,-0.107965946,-0.187188208	-1.07878923,-0.162841201,-0.107965946,-0.187188208
p4	0	240	l_out-14	14	1024	1024	0.000000e+00	0.000000e+00	-1.18548822,-0.0793810934,0.00894091278,-0.28115797	-1.18548822,-0.0793810934,0.00894091278,-0.28115797
p4	0	241	attn_norm-15	15	1024	1024	0.000000e+00	0.000000e+00	-1.9908638,-0.149000958,0.0167458281,-0.523603678	-1.9908638,-0.149000958,0.0167458281,-0.523603678
p4	0	242	attn_pregate-15	15	2048	2048	0.000000e+00	0.000000e+00	-0.207333148,0.220410615,0.0850597024,0.0746375322	-0.207333148,0.220410615,0.0850597024,0.0746375322
p4	0	243	attn_gated-15	15	2048	2048	0.000000e+00	0.000000e+00	-0.0406258963,0.0546765104,0.0106401769,0.0260693859	-0.0406258963,0.0546765104,0.0106401769,0.0260693859
p4	0	244	attn_output-15	15	1024	1024	0.000000e+00	0.000000e+00	1.05939174,0.114625879,0.124200605,0.333968431	1.05939174,0.114625879,0.124200605,0.333968431
p4	0	245	attn_residual-15	15	1024	1024	0.000000e+00	0.000000e+00	-0.126096487,0.0352447852,0.133141518,0.0528104603	-0.126096487,0.0352447852,0.133141518,0.0528104603
p4	0	246	attn_post_norm-15	15	1024	1024	0.000000e+00	0.000000e+00	-0.863718212,0.381733745,1.37526548,0.506178916	-0.863718212,0.381733745,1.37526548,0.506178916
p4	0	247	ffn_out-15	15	1024	1024	0.000000e+00	0.000000e+00	0.0819580406,0.00984012708,-0.00527200475,0.0193425678	0.0819580406,0.00984012708,-0.00527200475,0.0193425678
p4	0	248	l_out-15	15	1024	1024	0.000000e+00	0.000000e+00	-0.0441384465,0.0450849123,0.127869517,0.0721530318	-0.0441384465,0.0450849123,0.127869517,0.0721530318
p4	0	249	attn_norm-16	16	1024	1024	0.000000e+00	0.000000e+00	-0.420596331,0.617905617,1.45974338,0.922806859	-0.420596331,0.617905617,1.45974338,0.922806859
p4	0	250	conv_output_silu-16	16	6144	6144	0.000000e+00	0.000000e+00	0.0330873653,0.0797003433,0.161502317,-0.245250002	0.0330873653,0.0797003433,0.161502317,-0.245250002
p4	0	251	q_conv_predelta-16	16	2048	2048	0.000000e+00	0.000000e+00	0.00564333051,0.0135935685,0.0275455881,-0.0418294668	0.00564333051,0.0135935685,0.0275455881,-0.0418294668
p4	0	252	k_conv_predelta-16	16	2048	2048	0.000000e+00	0.000000e+00	0.0637207329,-0.0155602051,-0.00431533949,0.0682044178	0.0637207329,-0.0155602051,-0.00431533949,0.0682044178
p4	0	253	v_conv_predelta-16	16	2048	2048	0.000000e+00	0.000000e+00	-0.00717367046,0.000262971502,0.116132341,-0.00048389312	-0.00717367046,0.000262971502,0.116132341,-0.00048389312
p4	0	254	a_softplus-16	16	16	16	0.000000e+00	0.000000e+00	0.448827356,1.52503705,0.508258998,2.00885415	0.448827356,1.52503705,0.508258998,2.00885415
p4	0	255	gate-16	16	16	16	0.000000e+00	0.000000e+00	-0.0911848098,-0.618582308,-0.0607028827,-0.434445202	-0.0911848098,-0.618582308,-0.0607028827,-0.434445202
p4	0	256	beta_sigmoid-16	16	16	16	0.000000e+00	0.000000e+00	0.992546856,0.92931366,0.993063748,0.985437751	0.992546856,0.92931366,0.993063748,0.985437751
p4	0	257	state_predelta-16	16	262144	262144	0.000000e+00	0.000000e+00	0,0,0,0	0,0,0,0
p4	0	258	new_state-16	16	262144	262144	0.000000e+00	0.000000e+00	-0.000453704619,0.000110791836,3.07260998e-05,-0.000485629367	-0.000453704619,0.000110791836,3.07260998e-05,-0.000485629367
p4	0	259	attn_output-16	16	2048	2048	0.000000e+00	0.000000e+00	-7.52336491e-05,2.75790535e-06,0.0012179343,-5.07481354e-06	-7.52336491e-05,2.75790535e-06,0.0012179343,-5.07481354e-06
p4	0	260	z-16	16	2048	2048	0.000000e+00	0.000000e+00	0.00579607487,0.171598077,-1.33328199,0.224167854	0.00579607487,0.171598077,-1.33328199,0.224167854
p4	0	261	final_output-16	16	2048	2048	0.000000e+00	0.000000e+00	-0.000170976578,0.000207762379,-0.305926889,-0.00050222635	-0.000170976578,0.000207762379,-0.305926889,-0.00050222635
p4	0	262	linear_attn_out-16	16	1024	1024	0.000000e+00	0.000000e+00	-0.141620919,0.0101328865,0.0407453105,-0.0199644268	-0.141620919,0.0101328865,0.0407453105,-0.0199644268
p4	0	263	attn_residual-16	16	1024	1024	0.000000e+00	0.000000e+00	-0.185759366,0.0552177988,0.168614835,0.0521886051	-0.185759366,0.0552177988,0.168614835,0.0521886051
p4	0	264	attn_post_norm-16	16	1024	1024	0.000000e+00	0.000000e+00	-1.22631383,0.613758147,1.83448386,0.474393964	-1.22631383,0.613758147,1.83448386,0.474393964
p4	0	265	ffn_out-16	16	1024	1024	0.000000e+00	0.000000e+00	0.0525972322,-0.00274102716,0.0105987983,0.0508981273	0.0525972322,-0.00274102716,0.0105987983,0.0508981273
p4	0	266	l_out-16	16	1024	1024	0.000000e+00	0.000000e+00	-0.133162141,0.0524767712,0.179213628,0.103086732	-0.133162141,0.0524767712,0.179213628,0.103086732
p4	0	267	attn_norm-17	17	1024	1024	0.000000e+00	0.000000e+00	-1.36029518,0.720695019,2.3008523,1.28849339	-1.36029518,0.720695019,2.3008523,1.28849339
p4	0	268	conv_output_silu-17	17	6144	6144	0.000000e+00	0.000000e+00	-0.246370107,-0.190535277,-0.127059102,0.000431360677	-0.246370107,-0.190535277,-0.127059102,0.000431360677
p4	0	269	q_conv_predelta-17	17	2048	2048	0.000000e+00	0.000000e+00	-0.0945899263,-0.073153019,-0.0487823412,0.000165614139	-0.0945899263,-0.073153019,-0.0487823412,0.000165614139
p4	0	270	k_conv_predelta-17	17	2048	2048	0.000000e+00	0.000000e+00	0.0185735095,-0.115010075,-0.0230448879,-0.0108387005	0.0185735095,-0.115010075,-0.0230448879,-0.0108387005
p4	0	271	v_conv_predelta-17	17	2048	2048	0.000000e+00	0.000000e+00	-0.00984986871,-0.203549266,0.0496629179,-0.0293378662	-0.00984986871,-0.203549266,0.0496629179,-0.0293378662
p4	0	272	a_softplus-17	17	16	16	0.000000e+00	0.000000e+00	2.67984772,0.228325143,3.6571908,3.08820295	2.67984772,0.228325143,3.6571908,3.08820295
p4	0	273	gate-17	17	16	16	0.000000e+00	0.000000e+00	-0.631566167,-0.0590986572,-0.924682617,-1.07562494	-0.631566167,-0.0590986572,-0.924682617,-1.07562494
p4	0	274	beta_sigmoid-17	17	16	16	0.000000e+00	0.000000e+00	0.943912089,0.994383693,0.985736072,0.963858068	0.943912089,0.994383693,0.985736072,0.963858068
p4	0	275	state_predelta-17	17	262144	262144	0.000000e+00	0.000000e+00	0,0,0,0	0,0,0,0
p4	0	276	new_state-17	17	262144	262144	0.000000e+00	0.000000e+00	-0.000172685541,0.0010692958,0.000214257772,0.000100771846	-0.000172685541,0.0010692958,0.000214257772,0.000100771846
p4	0	277	attn_output-17	17	2048	2048	0.000000e+00	0.000000e+00	-1.78147802e-05,-0.000368145644,8.98219077e-05,-5.30613834e-05	-1.78147802e-05,-0.000368145644,8.98219077e-05,-5.30613834e-05
p4	0	278	z-17	17	2048	2048	0.000000e+00	0.000000e+00	-0.121163137,-1.12228036,-1.33336186,-0.72130394	-0.121163137,-1.12228036,-1.33336186,-0.72130394
p4	0	279	final_output-17	17	2048	2048	0.000000e+00	0.000000e+00	0.000772866944,0.0855706856,-0.0145863844,0.00939947553	0.000772866944,0.0855706856,-0.0145863844,0.00939947553
p4	0	280	linear_attn_out-17	17	1024	1024	0.000000e+00	0.000000e+00	-0.163770691,0.0278424863,0.0490866378,-0.0507380925	-0.163770691,0.0278424863,0.0490866378,-0.0507380925
p4	0	281	attn_residual-17	17	1024	1024	0.000000e+00	0.000000e+00	-0.296932817,0.0803192556,0.228300273,0.0523486398	-0.296932817,0.0803192556,0.228300273,0.0523486398
p4	0	282	attn_post_norm-17	17	1024	1024	0.000000e+00	0.000000e+00	-1.82366204,0.865086973,2.37259316,0.47830227	-1.82366204,0.865086973,2.37259316,0.47830227
p4	0	283	ffn_out-17	17	1024	1024	0.000000e+00	0.000000e+00	-0.0203327909,-0.0357995667,-0.0180682763,0.0393719412	-0.0203327909,-0.0357995667,-0.0180682763,0.0393719412
p4	0	284	l_out-17	17	1024	1024	0.000000e+00	0.000000e+00	-0.3172656,0.0445196889,0.21023199,0.0917205811	-0.3172656,0.0445196889,0.21023199,0.0917205811
p4	0	285	attn_norm-18	18	1024	1024	0.000000e+00	0.000000e+00	-3.20808506,0.592361331,2.69205666,1.14209783	-3.20808506,0.592361331,2.69205666,1.14209783
p4	0	286	conv_output_silu-18	18	6144	6144	0.000000e+00	0.000000e+00	-0.259165525,-0.235831425,-0.0348478816,-0.27643773	-0.259165525,-0.235831425,-0.0348478816,-0.27643773
p4	0	287	q_conv_predelta-18	18	2048	2048	0.000000e+00	0.000000e+00	-0.0711625665,-0.06475541,-0.00956865121,-0.0759052262	-0.0711625665,-0.06475541,-0.00956865121,-0.0759052262
p4	0	288	k_conv_predelta-18	18	2048	2048	0.000000e+00	0.000000e+00	-0.035975568,-0.0690212771,-0.0391864404,0.00115958636	-0.035975568,-0.0690212771,-0.0391864404,0.00115958636
p4	0	289	v_conv_predelta-18	18	2048	2048	0.000000e+00	0.000000e+00	0.0800255463,0.0129866963,-0.00863330532,-0.102182172	0.0800255463,0.0129866963,-0.00863330532,-0.102182172
p4	0	290	a_softplus-18	18	16	16	0.000000e+00	0.000000e+00	0.0686918274,7.81408358,1.70992863,4.97774601	0.0686918274,7.81408358,1.70992863,4.97774601
p4	0	291	gate-18	18	16	16	0.000000e+00	0.000000e+00	-0.0286350138,-1.57517314,-0.509418249,-1.33974218	-0.0286350138,-1.57517314,-0.509418249,-1.33974218
p4	0	292	beta_sigmoid-18	18	16	16	0.000000e+00	0.000000e+00	0.995706618,0.985102296,0.97120285,0.980772376	0.995706618,0.985102296,0.97120285,0.980772376
p4	0	293	state_predelta-18	18	262144	262144	0.000000e+00	0.000000e+00	0,0,0,0	0,0,0,0
p4	0	294	new_state-18	18	262144	262144	0.000000e+00	0.000000e+00	-0.0028666039,-0.00549975084,-0.00312245241,9.23981206e-05	-0.0028666039,-0.00549975084,-0.00312245241,9.23981206e-05
p4	0	295	attn_output-18	18	2048	2048	0.000000e+00	0.000000e+00	0.00122041185,0.000198050751,-0.000131660316,-0.00155830663	0.00122041185,0.000198050751,-0.000131660316,-0.00155830663
p4	0	296	z-18	18	2048	2048	0.000000e+00	0.000000e+00	-3.5866909,-0.431511343,-0.967489421,-0.690627575	-3.5866909,-0.431511343,-0.967489421,-0.690627575
p4	0	297	final_output-18	18	2048	2048	0.000000e+00	0.000000e+00	-0.0441655777,-0.0147427823,0.0140354233,0.136824593	-0.0441655777,-0.0147427823,0.0140354233,0.136824593
p4	0	298	linear_attn_out-18	18	1024	1024	0.000000e+00	0.000000e+00	-0.664128184,0.0661906004,-0.023998633,0.0630492344	-0.664128184,0.0661906004,-0.023998633,0.0630492344
p4	0	299	attn_residual-18	18	1024	1024	0.000000e+00	0.000000e+00	-0.981393814,0.110710293,0.186233357,0.154769808	-0.981393814,0.110710293,0.186233357,0.154769808
p4	0	300	attn_post_norm-18	18	1024	1024	0.000000e+00	0.000000e+00	-5.32412481,0.933564603,1.59651399,1.13698852	-5.32412481,0.933564603,1.59651399,1.13698852
p4	0	301	ffn_out-18	18	1024	1024	0.000000e+00	0.000000e+00	-1.29461813,-0.0389828011,-0.135147244,0.299685627	-1.29461813,-0.0389828011,-0.135147244,0.299685627
p4	0	302	l_out-18	18	1024	1024	0.000000e+00	0.000000e+00	-2.27601194,0.0717274919,0.0510861129,0.454455435	-2.27601194,0.0717274919,0.0510861129,0.454455435
p4	0	303	attn_norm-19	19	1024	1024	0.000000e+00	0.000000e+00	-11.6471682,0.408253014,0.299696803,2.63613391	-11.6471682,0.408253014,0.299696803,2.63613391
p4	0	304	attn_pregate-19	19	2048	2048	0.000000e+00	0.000000e+00	-0.442429662,-0.26149404,-0.52533859,-0.224258721	-0.442429662,-0.26149404,-0.52533859,-0.224258721
p4	0	305	attn_gated-19	19	2048	2048	0.000000e+00	0.000000e+00	-0.015875604,-0.017425485,-0.0297681391,-0.0145734912	-0.015875604,-0.017425485,-0.0297681391,-0.0145734912
p4	0	306	attn_output-19	19	1024	1024	0.000000e+00	0.000000e+00	1.68914711,0.0228888243,0.0175865591,-0.144197255	1.68914711,0.0228888243,0.0175865591,-0.144197255
p4	0	307	attn_residual-19	19	1024	1024	0.000000e+00	0.000000e+00	-0.586864829,0.0946163163,0.0686726719,0.31025818	-0.586864829,0.0946163163,0.0686726719,0.31025818
p4	0	308	attn_post_norm-19	19	1024	1024	0.000000e+00	0.000000e+00	-3.28125143,0.783034503,0.519613862,1.95107484	-3.28125143,0.783034503,0.519613862,1.95107484
p4	0	309	ffn_out-19	19	1024	1024	0.000000e+00	0.000000e+00	0.0485323519,-0.00629166886,-0.0727806389,-0.027778849	0.0485323519,-0.00629166886,-0.0727806389,-0.027778849
p4	0	310	l_out-19	19	1024	1024	0.000000e+00	0.000000e+00	-0.538332462,0.0883246511,-0.00410796702,0.282479346	-0.538332462,0.0883246511,-0.00410796702,0.282479346
p4	0	311	attn_norm-20	20	1024	1024	0.000000e+00	0.000000e+00	-3.74036741,0.862093568,-0.0373663194,2.30085468	-3.74036741,0.862093568,-0.0373663194,2.30085468
p4	0	312	conv_output_silu-20	20	6144	6144	0.000000e+00	0.000000e+00	0.147016689,-0.107801974,-0.052446533,0.08597105	0.147016689,-0.107801974,-0.052446533,0.08597105
p4	0	313	q_conv_predelta-20	20	2048	2048	0.000000e+00	0.000000e+00	0.0641428679,-0.0470336266,-0.0228822399,0.0375088714	0.0641428679,-0.0470336266,-0.0228822399,0.0375088714
p4	0	314	k_conv_predelta-20	20	2048	2048	0.000000e+00	0.000000e+00	0.00146838906,-0.00665641762,0.028214762,-0.0320083089	0.00146838906,-0.00665641762,0.028214762,-0.0320083089
p4	0	315	v_conv_predelta-20	20	2048	2048	0.000000e+00	0.000000e+00	0.0139005957,0.0249239244,0.0105910534,-0.00927954726	0.0139005957,0.0249239244,0.0105910534,-0.00927954726
p4	0	316	a_softplus-20	20	16	16	0.000000e+00	0.000000e+00	1.04142618,2.2906878,0.58190161,5.29066563	1.04142618,2.2906878,0.58190161,5.29066563
p4	0	317	gate-20	20	16	16	0.000000e+00	0.000000e+00	-0.232373595,-0.398061842,-0.105972156,-1.51580107	-0.232373595,-0.398061842,-0.105972156,-1.51580107
p4	0	318	beta_sigmoid-20	20	16	16	0.000000e+00	0.000000e+00	0.997398615,0.996779621,0.993665874,0.968834281	0.997398615,0.996779621,0.993665874,0.968834281
p4	0	319	state_predelta-20	20	262144	262144	0.000000e+00	0.000000e+00	0,0,0,0	0,0,0,0
p4	0	320	new_state-20	20	262144	262144	0.000000e+00	0.000000e+00	2.03583859e-05,-9.22874679e-05,0.000391181733,-0.000443777128	2.03583859e-05,-9.22874679e-05,0.000391181733,-0.000443777128
p4	0	321	attn_output-20	20	2048	2048	0.000000e+00	0.000000e+00	0.000179103954,0.000321135361,0.000136461735,-0.000119563469	0.000179103954,0.000321135361,0.000136461735,-0.000119563469
p4	0	322	z-20	20	2048	2048	0.000000e+00	0.000000e+00	0.0509408712,-0.165492535,0.704283476,-0.00994151831	0.0509408712,-0.165492535,0.704283476,-0.00994151831
p4	0	323	final_output-20	20	2048	2048	0.000000e+00	0.000000e+00	0.00178861571,-0.00986231491,0.0237725433,0.00020360238	0.00178861571,-0.00986231491,0.0237725433,0.00020360238
p4	0	324	linear_attn_out-20	20	1024	1024	0.000000e+00	0.000000e+00	0.0498993546,-0.0262342244,-0.0687540248,0.0271160267	0.0498993546,-0.0262342244,-0.0687540248,0.0271160267
p4	0	325	attn_residual-20	20	1024	1024	0.000000e+00	0.000000e+00	-0.488433123,0.0620904267,-0.0728619918,0.309595376	-0.488433123,0.0620904267,-0.0728619918,0.309595376
p4	0	326	attn_post_norm-20	20	1024	1024	0.000000e+00	0.000000e+00	-2.29276681,0.510736525,-0.606532097,2.00844622	-2.29276681,0.510736525,-0.606532097,2.00844622
p4	0	327	ffn_out-20	20	1024	1024	0.000000e+00	0.000000e+00	0.174188644,0.0712438822,0.0326304883,0.0265233703	0.174188644,0.0712438822,0.0326304883,0.0265233703
p4	0	328	l_out-20	20	1024	1024	0.000000e+00	0.000000e+00	-0.314244479,0.133334309,-0.0402315035,0.336118758	-0.314244479,0.133334309,-0.0402315035,0.336118758
p4	0	329	attn_norm-21	21	1024	1024	0.000000e+00	0.000000e+00	-1.96476614,1.27995157,-0.352327377,2.73835969	-1.96476614,1.27995157,-0.352327377,2.73835969
p4	0	330	conv_output_silu-21	21	6144	6144	0.000000e+00	0.000000e+00	-0.250014693,-0.193475887,0.03266716,-0.260980308	-0.250014693,-0.193475887,0.03266716,-0.260980308
p4	0	331	q_conv_predelta-21	21	2048	2048	0.000000e+00	0.000000e+00	-0.109523401,-0.0847555697,0.0143104326,-0.114327088	-0.109523401,-0.0847555697,0.0143104326,-0.114327088
p4	0	332	k_conv_predelta-21	21	2048	2048	0.000000e+00	0.000000e+00	-0.0444022454,0.0394084714,-0.0601643845,-0.00832765084	-0.0444022454,0.0394084714,-0.0601643845,-0.00832765084
p4	0	333	v_conv_predelta-21	21	2048	2048	0.000000e+00	0.000000e+00	-0.0271373633,0.0530353114,0.155394152,-0.00491593825	-0.0271373633,0.0530353114,0.155394152,-0.00491593825
p4	0	334	a_softplus-21	21	16	16	0.000000e+00	0.000000e+00	2.87157059,5.32262278,0.110977821,1.8409301	2.87157059,5.32262278,0.110977821,1.8409301
p4	0	335	gate-21	21	16	16	0.000000e+00	0.000000e+00	-0.848834634,-1.37768388,-0.0414693803,-0.872997344	-0.848834634,-1.37768388,-0.0414693803,-0.872997344
p4	0	336	beta_sigmoid-21	21	16	16	0.000000e+00	0.000000e+00	0.972937644,0.880907178,0.978548169,0.982748687	0.972937644,0.880907178,0.978548169,0.982748687
p4	0	337	state_predelta-21	21	262144	262144	0.000000e+00	0.000000e+00	0,0,0,0	0,0,0,0
p4	0	338	new_state-21	21	262144	262144	0.000000e+00	0.000000e+00	0.00117235072,-0.00104050036,0.00158851792,0.000219874637	0.00117235072,-0.00104050036,0.00158851792,0.000219874637
p4	0	339	attn_output-21	21	2048	2048	0.000000e+00	0.000000e+00	-0.000137517432,0.0002687542,0.00078745326,-2.49113073e-05	-0.000137517432,0.0002687542,0.00078745326,-2.49113073e-05
p4	0	340	z-21	21	2048	2048	0.000000e+00	0.000000e+00	-1.90541792,1.04469883,0.258241057,1.11325204	-1.90541792,1.04469883,0.258241057,1.11325204
p4	0	341	final_output-21	21	2048	2048	0.000000e+00	0.000000e+00	0.0260251816,0.131517112,0.0794030353,-0.0179519206	0.0260251816,0.131517112,0.0794030353,-0.0179519206
p4	0	342	linear_attn_out-21	21	1024	1024	0.000000e+00	0.000000e+00	0.0406674594,-0.00757458061,0.156890273,-0.109338418	0.0406674594,-0.00757458061,0.156890273,-0.109338418
p4	0	343	attn_residual-21	21	1024	1024	0.000000e+00	0.000000e+00	-0.273577034,0.125759721,0.11665877,0.22678034	-0.273577034,0.125759721,0.11665877,0.22678034
p4	0	344	attn_post_norm-21	21	1024	1024	0.000000e+00	0.000000e+00	-1.18931973,0.945061624,0.865104139,1.34448504	-1.18931973,0.945061624,0.865104139,1.34448504
p4	0	345	ffn_out-21	21	1024	1024	0.000000e+00	0.000000e+00	-0.27255857,-0.00601583347,-0.0246489123,-0.0990874618	-0.27255857,-0.00601583347,-0.0246489123,-0.0990874618
p4	0	346	l_out-21	21	1024	1024	0.000000e+00	0.000000e+00	-0.546135604,0.119743884,0.0920098573,0.127692878	-0.546135604,0.119743884,0.0920098573,0.127692878
p4	0	347	attn_norm-22	22	1024	1024	0.000000e+00	0.000000e+00	-2.98842764,0.940029979,0.664593756,0.92112118	-2.98842764,0.940029979,0.664593756,0.92112118
p4	0	348	conv_output_silu-22	22	6144	6144	0.000000e+00	0.000000e+00	-0.156384513,-0.2709409,-0.00690966612,0.024832312	-0.156384513,-0.2709409,-0.00690966612,0.024832312
p4	0	349	q_conv_predelta-22	22	2048	2048	0.000000e+00	0.000000e+00	-0.0676290616,-0.117169395,-0.00298811076,0.0107388254	-0.0676290616,-0.117169395,-0.00298811076,0.0107388254
p4	0	350	k_conv_predelta-22	22	2048	2048	0.000000e+00	0.000000e+00	-0.00259187235,-0.00159800239,-0.045984488,0.168800324	-0.00259187235,-0.00159800239,-0.045984488,0.168800324
p4	0	351	v_conv_predelta-22	22	2048	2048	0.000000e+00	0.000000e+00	-0.00905043352,-0.00608356064,0.00271560345,-0.0255741756	-0.00905043352,-0.00608356064,0.00271560345,-0.0255741756
p4	0	352	a_softplus-22	22	16	16	0.000000e+00	0.000000e+00	3.81490397,2.31649804,4.2882781,1.26323795	3.81490397,2.31649804,4.2882781,1.26323795
p4	0	353	gate-22	22	16	16	0.000000e+00	0.000000e+00	-0.705686271,-0.525020242,-2.81232142,-0.237355381	-0.705686271,-0.525020242,-2.81232142,-0.237355381
p4	0	354	beta_sigmoid-22	22	16	16	0.000000e+00	0.000000e+00	0.838188231,0.95578146,0.962606251,0.933629215	0.838188231,0.95578146,0.962606251,0.933629215
p4	0	355	state_predelta-22	22	262144	262144	0.000000e+00	0.000000e+00	0,0,0,0	0,0,0,0
p4	0	356	new_state-22	22	262144	262144	0.000000e+00	0.000000e+00	1.96618585e-05,1.21223929e-05,0.000348836795,-0.00128051371	1.96618585e-05,1.21223929e-05,0.000348836795,-0.00128051371
p4	0	357	attn_output-22	22	2048	2048	0.000000e+00	0.000000e+00	-0.000168996557,-0.000113596856,5.07078075e-05,-0.000477540365	-0.000168996557,-0.000113596856,5.07078075e-05,-0.000477540365
p4	0	358	z-22	22	2048	2048	0.000000e+00	0.000000e+00	1.36390185,-0.348752856,-3.84848905,0.274149477	1.36390185,-0.348752856,-3.84848905,0.274149477
p4	0	359	final_output-22	22	2048	2048	0.000000e+00	0.000000e+00	-0.194650203,0.0157072134,-0.00406475924,-0.0668852106	-0.194650203,0.0157072134,-0.00406475924,-0.0668852106
p4	0	360	linear_attn_out-22	22	1024	1024	0.000000e+00	0.000000e+00	0.668566048,0.0219578594,0.055725053,-0.233680263	0.668566048,0.0219578594,0.055725053,-0.233680263
p4	0	361	attn_residual-22	22	1024	1024	0.000000e+00	0.000000e+00	0.122430444,0.141701743,0.14773491,-0.105987385	0.122430444,0.141701743,0.14773491,-0.105987385
p4	0	362	attn_post_norm-22	22	1024	1024	0.000000e+00	0.000000e+00	0.531265616,0.887149155,0.90844965,-0.535841823	0.531265616,0.887149155,0.90844965,-0.535841823
p4	0	363	ffn_out-22	22	1024	1024	0.000000e+00	0.000000e+00	-0.516201794,-0.0124575794,-0.0585438013,0.113391042	-0.516201794,-0.0124575794,-0.0585438013,0.113391042
p4	0	364	l_out-22	22	1024	1024	0.000000e+00	0.000000e+00	-0.39377135,0.129244164,0.0891911089,0.00740365684	-0.39377135,0.129244164,0.0891911089,0.00740365684
p4	0	365	attn_norm-23	23	1024	1024	0.000000e+00	0.000000e+00	-1.66305923,0.698933065,0.498409897,0.0337710679	-1.66305923,0.698933065,0.498409897,0.0337710679
p4	0	366	attn_pregate-23	23	2048	2048	0.000000e+00	0.000000e+00	-6.03453684,0.179828286,-0.276322961,0.202475742	-6.03453684,0.179828286,-0.276322961,0.202475742
p4	0	367	attn_gated-23	23	2048	2048	0.000000e+00	0.000000e+00	-0.421105623,0.0300319418,-0.0412420109,0.0462870225	-0.421105623,0.0300319418,-0.0412420109,0.0462870225
p4	0	368	attn_output-23	23	1024	1024	0.000000e+00	0.000000e+00	1.83899868,-0.198934555,0.0388420038,-0.410612404	1.83899868,-0.198934555,0.0388420038,-0.410612404
p4	0	369	attn_residual-23	23	1024	1024	0.000000e+00	0.000000e+00	1.44522738,-0.0696903914,0.128033116,-0.403208733	1.44522738,-0.0696903914,0.128033116,-0.403208733
p4	0	370	attn_post_norm-23	23	1024	1024	0.000000e+00	0.000000e+00	4.61837149,-0.269208014,0.455029845,-1.34049392	4.61837149,-0.269208014,0.455029845,-1.34049392
p4	0	371	ffn_out-23	23	1024	1024	0.000000e+00	0.000000e+00	-1.89053619,-0.0180596691,-0.160261571,1.02514231	-1.89053619,-0.0180596691,-0.160261571,1.02514231
p4	0	372	l_out-23	23	1024	1024	0.000000e+00	0.000000e+00	-0.445308805,-0.0877500623,-0.0322284549,0.621933579	-0.445308805,-0.0877500623,-0.0322284549,0.621933579
p4	0	373	result_norm	-1	1024	1024	0.000000e+00	0.000000e+00	-0.298120469,-0.989405453,-0.352785766,7.59684038	-0.298120469,-0.989405453,-0.352785766,7.59684038
p4	0	374	result_output	-1	248320	248320	0.000000e+00	0.000000e+00	1.73985863,3.45914364,6.23938513,2.74840593	1.73985863,3.45914364,6.23938513,2.74840593
p4	1	375	model.input_embed	-1	1024	1024	0.000000e+00	0.000000e+00	0.0149679184,-0.0224518776,-0.028439045,-0.00898075104	0.0149679184,-0.0224518776,-0.028439045,-0.00898075104
p4	1	376	attn_norm-0	0	1024	1024	0.000000e+00	0.000000e+00	1.32417631,-1.28602874,-1.93117678,-0.693640828	1.32417631,-1.28602874,-1.93117678,-0.693640828
p4	1	377	conv_output_silu-0	0	6144	6144	0.000000e+00	0.000000e+00	-0.0199038032,0.0064121047,-0.0311781056,-0.0159844179	-0.0199038032,0.0064121047,-0.0311781056,-0.0159844179
p4	1	378	q_conv_predelta-0	0	2048	2048	0.000000e+00	0.000000e+00	-0.0248693507,0.00801177882,-0.038956333,-0.019972166	-0.0248693507,0.00801177882,-0.038956333,-0.019972166
p4	1	379	k_conv_predelta-0	0	2048	2048	0.000000e+00	0.000000e+00	-0.0252393503,-0.0798191354,0.0527554564,0.00172415131	-0.0252393503,-0.0798191354,0.0527554564,0.00172415131
p4	1	380	v_conv_predelta-0	0	2048	2048	0.000000e+00	0.000000e+00	0.014797858,-0.016501734,-0.00478981249,0.0645483956	0.014797858,-0.016501734,-0.00478981249,0.0645483956
p4	1	381	a_softplus-0	0	16	16	0.000000e+00	0.000000e+00	3.03038049,0.000870683114,0.000659129291,5.90454483	3.03038049,0.000870683114,0.000659129291,5.90454483
p4	1	382	gate-0	0	16	16	0.000000e+00	0.000000e+00	-3.92160368,-0.000114208764,-7.87217723e-05,-3.351192	-3.92160368,-0.000114208764,-7.87217723e-05,-3.351192
p4	1	383	beta_sigmoid-0	0	16	16	0.000000e+00	0.000000e+00	0.607916415,0.470774174,0.704183161,0.988907754	0.607916415,0.470774174,0.704183161,0.988907754
p4	1	384	state_predelta-0	0	262144	262144	0.000000e+00	0.000000e+00	-3.93379878e-07,-3.18841703e-05,-3.61811362e-05,-1.31399872e-07	-3.93379878e-07,-3.18841703e-05,-3.61811362e-05,-1.31399872e-07
p4	1	385	new_state-0	0	262144	262144	0.000000e+00	0.000000e+00	-0.000227077442,-0.000718736555,0.000473905733,1.55089856e-05	-0.000227077442,-0.000718736555,0.000473905733,1.55089856e-05
p4	1	386	attn_output-0	0	2048	2048	0.000000e+00	0.000000e+00	5.01796712e-05,-5.59660912e-05,-1.62651668e-05,0.000219062742	5.01796712e-05,-5.59660912e-05,-1.62651668e-05,0.000219062742
p4	1	387	z-0	0	2048	2048	0.000000e+00	0.000000e+00	0.308605969,0.96531105,0.185285449,1.01937342	0.308605969,0.96531105,0.185285449,1.01937342
p4	1	388	final_output-0	0	2048	2048	0.000000e+00	0.000000e+00	0.00843618624,-0.0380078144,-0.00149816787,0.148804232	0.00843618624,-0.0380078144,-0.00149816787,0.148804232
p4	1	389	linear_attn_out-0	0	1024	1024	0.000000e+00	0.000000e+00	-0.199616343,-0.0281739309,-0.0345434844,0.018316783	-0.199616343,-0.0281739309,-0.0345434844,0.018316783
p4	1	390	attn_residual-0	0	1024	1024	0.000000e+00	0.000000e+00	-0.184648424,-0.0506258085,-0.0629825294,0.00933603197	-0.184648424,-0.0506258085,-0.0629825294,0.00933603197
p4	1	391	attn_post_norm-0	0	1024	1024	0.000000e+00	0.000000e+00	-3.67594171,-1.84874225,-2.36667609,0.343755782	-3.67594171,-1.84874225,-2.36667609,0.343755782
p4	1	392	ffn_out-0	0	1024	1024	0.000000e+00	0.000000e+00	0.193778262,0.0346853212,0.0315507576,0.00766588934	0.193778262,0.0346853212,0.0315507576,0.00766588934
p4	1	393	l_out-0	0	1024	1024	0.000000e+00	0.000000e+00	0.00912983716,-0.0159404874,-0.0314317718,0.0170019213	0.00912983716,-0.0159404874,-0.0314317718,0.0170019213
p4	1	394	attn_norm-1	1	1024	1024	0.000000e+00	0.000000e+00	0.278393745,-0.629836023,-1.18792653,0.688956082	0.278393745,-0.629836023,-1.18792653,0.688956082
p4	1	395	conv_output_silu-1	1	6144	6144	0.000000e+00	0.000000e+00	-0.0123663433,-0.00484091649,-0.00115763175,-0.197024271	-0.0123663433,-0.00484091649,-0.00115763175,-0.197024271
p4	1	396	q_conv_predelta-1	1	2048	2048	0.000000e+00	0.000000e+00	-0.0135818627,-0.00531674223,-0.0012714183,-0.216390282	-0.0135818627,-0.00531674223,-0.0012714183,-0.216390282
p4	1	397	k_conv_predelta-1	1	2048	2048	0.000000e+00	0.000000e+00	-0.0216047838,0.35182938,0.0271503646,0.00589399552	-0.0216047838,0.35182938,0.0271503646,0.00589399552
p4	1	398	v_conv_predelta-1	1	2048	2048	0.000000e+00	0.000000e+00	0.180203855,0.0471171476,0.0328047685,0.00462351087	0.180203855,0.0471171476,0.0328047685,0.00462351087
p4	1	399	a_softplus-1	1	16	16	0.000000e+00	0.000000e+00	1.21980286,0.923421979,1.36834764,1.8996551	1.21980286,0.923421979,1.36834764,1.8996551
p4	1	400	gate-1	1	16	16	0.000000e+00	0.000000e+00	-0.218698591,-0.996022582,-1.56728697,-0.57485348	-0.218698591,-0.996022582,-1.56728697,-0.57485348
p4	1	401	beta_sigmoid-1	1	16	16	0.000000e+00	0.000000e+00	0.960202098,0.558266521,0.929064095,0.813479125	0.960202098,0.558266521,0.929064095,0.813479125
p4	1	402	state_predelta-1	1	262144	262144	0.000000e+00	0.000000e+00	2.57077791e-05,-0.00196893164,-0.000129312044,4.84333759e-05	2.57077791e-05,-0.00196893164,-0.000129312044,4.84333759e-05
p4	1	403	new_state-1	1	262144	262144	0.000000e+00	0.000000e+00	-0.00371669489,0.0592798479,0.00459275721,0.0010585055	-0.00371669489,0.0592798479,0.00459275721,0.0010585055
p4	1	404	attn_output-1	1	2048	2048	0.000000e+00	0.000000e+00	0.00115293986,0.000311128504,0.000198371155,2.89911477e-05	0.00115293986,0.000311128504,0.000198371155,2.89911477e-05
p4	1	405	z-1	1	2048	2048	0.000000e+00	0.000000e+00	-5.51347637,-5.06877661,-1.23876822,-0.26649946	-5.51347637,-5.06877661,-1.23876822,-0.26649946
p4	1	406	final_output-1	1	2048	2048	0.000000e+00	0.000000e+00	-0.0219599623,-0.00846144464,-0.0519324206,-0.00347533799	-0.0219599623,-0.00846144464,-0.0519324206,-0.00347533799
p4	1	407	linear_attn_out-1	1	1024	1024	0.000000e+00	0.000000e+00	-0.189839453,0.0111419726,0.00722718239,-0.0245501325	-0.189839453,0.0111419726,0.00722718239,-0.0245501325
p4	1	408	attn_residual-1	1	1024	1024	0.000000e+00	0.000000e+00	-0.180709615,-0.00479851477,-0.0242045894,-0.00754821114	-0.180709615,-0.00479851477,-0.0242045894,-0.00754821114
p4	1	409	attn_post_norm-1	1	1024	1024	0.000000e+00	0.000000e+00	-2.6129384,-0.10929729,-0.556960523,-0.183370307	-2.6129384,-0.10929729,-0.556960523,-0.183370307
p4	1	410	ffn_out-1	1	1024	1024	0.000000e+00	0.000000e+00	0.157300696,-0.047730498,-0.0155556239,-0.0236858055	0.157300696,-0.047730498,-0.0155556239,-0.0236858055
p4	1	411	l_out-1	1	1024	1024	0.000000e+00	0.000000e+00	-0.0234089196,-0.0525290146,-0.0397602133,-0.0312340166	-0.0234089196,-0.0525290146,-0.0397602133,-0.0312340166
p4	1	412	attn_norm-2	2	1024	1024	0.000000e+00	0.000000e+00	-0.47219187,-1.29799342,-0.948640764,-0.781637788	-0.47219187,-1.29799342,-0.948640764,-0.781637788
p4	1	413	conv_output_silu-2	2	6144	6144	0.000000e+00	0.000000e+00	-0.0365573391,-0.0503447317,0.044044327,-0.0108081354	-0.0365573391,-0.0503447317,0.044044327,-0.0108081354
p4	1	414	q_conv_predelta-2	2	2048	2048	0.000000e+00	0.000000e+00	-0.0329564251,-0.0453857556,0.0397059433,-0.00974352937	-0.0329564251,-0.0453857556,0.0397059433,-0.00974352937
p4	1	415	k_conv_predelta-2	2	2048	2048	0.000000e+00	0.000000e+00	0.108680375,-0.00498832855,-0.0505181551,-0.29146862	0.108680375,-0.00498832855,-0.0505181551,-0.29146862
p4	1	416	v_conv_predelta-2	2	2048	2048	0.000000e+00	0.000000e+00	-0.014431064,0.0547203273,-0.00170639309,-0.0402423479	-0.014431064,0.0547203273,-0.00170639309,-0.0402423479
p4	1	417	a_softplus-2	2	16	16	0.000000e+00	0.000000e+00	2.8431015,1.36383569,1.30202472,2.24770069	2.8431015,1.36383569,1.30202472,2.24770069
p4	1	418	gate-2	2	16	16	0.000000e+00	0.000000e+00	-2.55227566,-0.384687513,-0.387896389,-1.46833122	-2.55227566,-0.384687513,-0.387896389,-1.46833122
p4	1	419	beta_sigmoid-2	2	16	16	0.000000e+00	0.000000e+00	0.630513132,0.628855109,0.755060017,0.485650599	0.630513132,0.628855109,0.755060017,0.485650599
p4	1	420	state_predelta-2	2	262144	262144	0.000000e+00	0.000000e+00	-0.000216492306,2.72199259e-06,1.71848262e-06,-0.00114781724	-0.000216492306,2.72199259e-06,1.71848262e-06,-0.00114781724
p4	1	421	new_state-2	2	262144	262144	0.000000e+00	0.000000e+00	-0.00100830896,4.57183851e-05,0.000460988813,0.00256952038	-0.00100830896,4.57183851e-05,0.000460988813,0.00256952038
p4	1	422	attn_output-2	2	2048	2048	0.000000e+00	0.000000e+00	-1.09788843e-05,4.20515535e-05,-1.1368827e-06,-3.35524965e-05	-1.09788843e-05,4.20515535e-05,-1.1368827e-06,-3.35524965e-05
p4	1	423	z-2	2	2048	2048	0.000000e+00	0.000000e+00	-0.9134866,0.72074759,-1.29080939,0.804110527	-0.9134866,0.72074759,-1.29080939,0.804110527
p4	1	424	final_output-2	2	2048	2048	0.000000e+00	0.000000e+00	0.00293014199,0.0135200256,0.00028891585,-0.0181790199	0.00293014199,0.0135200256,0.00028891585,-0.0181790199
p4	1	425	linear_attn_out-2	2	1024	1024	0.000000e+00	0.000000e+00	-0.675268531,-0.00871129427,-0.0347110704,0.0100360475	-0.675268531,-0.00871129427,-0.0347110704,0.0100360475
p4	1	426	attn_residual-2	2	1024	1024	0.000000e+00	0.000000e+00	-0.698677421,-0.061240308,-0.07447128,-0.0211979691	-0.698677421,-0.061240308,-0.07447128,-0.0211979691
p4	1	427	attn_post_norm-2	2	1024	1024	0.000000e+00	0.000000e+00	-7.78646851,-1.07188785,-1.32315588,-0.375451595	-7.78646851,-1.07188785,-1.32315588,-0.375451595
p4	1	428	ffn_out-2	2	1024	1024	0.000000e+00	0.000000e+00	0.645714819,0.0341557413,-0.0235942807,0.0312327966	0.645714819,0.0341557413,-0.0235942807,0.0312327966
p4	1	429	l_out-2	2	1024	1024	0.000000e+00	0.000000e+00	-0.0529626012,-0.0270845667,-0.0980655625,0.0100348275	-0.0529626012,-0.0270845667,-0.0980655625,0.0100348275
p4	1	430	attn_norm-3	3	1024	1024	0.000000e+00	0.000000e+00	-1.05158556,-0.641989946,-2.10107398,0.226736575	-1.05158556,-0.641989946,-2.10107398,0.226736575
p4	1	431	attn_pregate-3	3	2048	101	8.425838e-07	4.291534e-06	0.52759099,0.148446709,0.553494394,0.487122476	0.527591288,0.148447007,0.553494632,0.487122923
p4	1	432	attn_gated-3	3	2048	116	6.374933e-07	4.619360e-07	0.025179293,0.00533352327,0.0123073524,0.0157002378	0.0251793079,0.00533353398,0.012307358,0.0157002509
p4	1	433	attn_output-3	3	1024	77	6.981159e-07	8.568168e-08	-0.201376766,0.0022623688,0.00337197818,0.00480500981	-0.201376736,0.00226236507,0.00337197818,0.00480504334
p4	1	434	attn_residual-3	3	1024	157	2.269154e-07	8.195639e-08	-0.254339367,-0.0248221979,-0.0946935862,0.0148398373	-0.254339337,-0.0248222016,-0.0946935862,0.0148398709
p4	1	435	attn_post_norm-3	3	1024	179	2.371746e-07	1.311302e-06	-3.21992683,-0.470607579,-1.84927046,0.292321205	-3.2199266,-0.470607638,-1.84927046,0.292321831
p4	1	436	ffn_out-3	3	1024	77	4.540584e-07	8.195639e-08	0.0427396707,0.0279871486,-0.00871040858,0.000846320763	0.0427396372,0.0279871318,-0.00871039741,0.000846343115
p4	1	437	l_out-3	3	1024	103	3.517551e-07	9.685755e-08	-0.211599693,0.00316495076,-0.103403993,0.0156861581	-0.211599708,0.00316493027,-0.103403986,0.015686214
p4	1	438	attn_norm-4	4	1024	124	3.534435e-07	2.145767e-06	-3.82632756,0.0754845515,-2.29847431,0.383540839	-3.82632804,0.0754840672,-2.29847431,0.38354221
p4	1	439	conv_output_silu-4	4	6144	2565	7.269601e-08	4.768372e-07	0.000587411167,0.0109631121,0.045718506,0.105462074	0.000587392715,0.0109631056,0.0457185134,0.105462126
p4	1	440	q_conv_predelta-4	4	2048	343	2.445160e-07	2.831221e-07	0.000343093154,0.00640329812,0.0267031118,0.0615979359	0.000343082327,0.00640329346,0.0267031118,0.0615979619
p4	1	441	k_conv_predelta-4	4	2048	1041	1.673418e-07	2.682209e-07	0.00174729712,-0.123287298,0.0816952661,-0.02369087	0.00174729701,-0.123287283,0.0816952661,-0.02369087
p4	1	442	v_conv_predelta-4	4	2048	1159	1.759270e-08	2.458692e-07	-0.0746139511,0.0047498066,-0.0113794142,0.00491644628	-0.0746139511,0.00474980613,-0.0113794152,0.00491644628
p4	1	443	a_softplus-4	4	16	16	0.000000e+00	0.000000e+00	1.03665602,3.40762901,0.482902646,2.08573985	1.03665602,3.40762901,0.482902646,2.08573985
p4	1	444	gate-4	4	16	16	0.000000e+00	0.000000e+00	-0.432142526,-3.31086063,-0.151952058,-1.09482265	-0.432142526,-3.31086063,-0.151952058,-1.09482265
p4	1	445	beta_sigmoid-4	4	16	16	0.000000e+00	0.000000e+00	0.822889924,0.799731076,0.742226541,0.833974183	0.822889924,0.799731076,0.742226541,0.833974183
p4	1	446	state_predelta-4	4	262144	262144	0.000000e+00	0.000000e+00	1.06224152e-05,-0.00139855721,0.000211163948,-8.41299261e-05	1.06224152e-05,-0.00139855721,0.000211163948,-8.41299261e-05
p4	1	447	new_state-4	4	262144	101071	3.512919e-08	4.172325e-07	-0.000104293904,0.00693754852,-0.00506160082,0.00145295623	-0.000104293897,0.00693754759,-0.00506160082,0.00145295623
p4	1	448	attn_output-4	4	2048	549	1.785096e-07	8.940697e-08	-0.000161205942,1.04954997e-05,-2.54617953e-05,1.08600443e-05	-0.000161205957,1.04954997e-05,-2.54617971e-05,1.08600443e-05
p4	1	449	z-4	4	2048	267	1.809452e-07	1.430511e-06	-2.74739432,-0.0949299037,-2.77174592,0.00597223639	-2.74739408,-0.0949300826,-2.77174592,0.00597204268
p4	1	450	final_output-4	4	2048	238	3.915642e-07	4.172325e-07	0.0234101247,-0.000500837923,0.00348205445,3.08380477e-05	0.0234101303,-0.000500838854,0.00348205469,3.08370436e-05
p4	1	451	linear_attn_out-4	4	1024	117	4.729498e-07	8.195639e-08	-0.0593607873,-0.013973536,0.0171791427,-0.0261786133	-0.0593608692,-0.0139735322,0.0171791464,-0.0261786096
p4	1	452	attn_residual-4	4	1024	83	3.840166e-07	9.685755e-08	-0.27096048,-0.0108085852,-0.086224854,-0.0104924552	-0.270960569,-0.010808602,-0.0862248391,-0.0104923956
p4	1	453	attn_post_norm-4	4	1024	81	4.058242e-07	1.907349e-06	-3.46363497,-0.201906398,-1.58407331,-0.202966362	-3.46363568,-0.201906681,-1.58407283,-0.20296517
p4	1	454	ffn_out-4	4	1024	67	4.759861e-07	1.117587e-07	0.0160754547,0.0191459209,-0.059567228,0.0555495508	0.0160755664,0.0191459283,-0.0595672429,0.0555495284
p4	1	455	l_out-4	4	1024	81	4.686194e-07	1.080334e-07	-0.254885018,0.00833733566,-0.145792082,0.0450570956	-0.254885018,0.00833732635,-0.145792082,0.0450571328
p4	1	456	attn_norm-5	5	1024	90	4.803345e-07	2.384186e-06	-4.59209251,0.202286452,-3.28988433,1.14418638	-4.59209251,0.202286229,-3.28988433,1.14418733
p4	1	457	conv_output_silu-5	5	6144	2495	1.160487e-07	4.768372e-07	0.0379801504,-0.228316441,0.0204900634,-0.0846322104	0.0379802994,-0.228316456,0.0204900615,-0.08463227
p4	1	458	q_conv_predelta-5	5	2048	442	2.211255e-07	1.788139e-07	0.0236276686,-0.14203696,0.0127469851,-0.0526501797	0.023627758,-0.14203696,0.0127469823,-0.0526502095
p4	1	459	k_conv_predelta-5	5	2048	1001	1.854733e-07	2.086163e-07	-0.000526882242,0.00977554917,-0.243288606,0.0296877045	-0.000526882242,0.0097755501,-0.243288681,0.0296877027
p4	1	460	v_conv_predelta-5	5	2048	1030	4.122910e-08	1.490116e-07	0.00320252194,-0.00307353493,-0.00722864177,0.00626552803	0.00320252194,-0.00307353493,-0.00722864177,0.00626552803
p4	1	461	a_softplus-5	5	16	16	0.000000e+00	0.000000e+00	0.93706429,0.308218271,2.86698341,0.0459498167	0.93706429,0.308218271,2.86698341,0.0459498167
p4	1	462	gate-5	5	16	16	0.000000e+00	0.000000e+00	-0.715671062,-0.0373911187,-0.730572283,-0.0192297027	-0.715671062,-0.0373911187,-0.730572283,-0.0192297027
p4	1	463	beta_sigmoid-5	5	16	16	0.000000e+00	0.000000e+00	0.887998581,0.759987533,0.86653024,0.851734102	0.887998581,0.759987533,0.86653024,0.851734102
p4	1	464	state_predelta-5	5	262144	262144	0.000000e+00	0.000000e+00	4.83950879e-09,-2.23015366e-08,3.8382359e-06,-9.39016118e-08	4.83950879e-09,-2.23015366e-08,3.8382359e-06,-9.39016118e-08
p4	1	465	new_state-5	5	262144	93618	6.338718e-08	1.788139e-07	-1.49473738e-06,2.77657127e-05,-0.000689413107,8.43098678e-05	-1.49473738e-06,2.77657164e-05,-0.000689413282,8.43098605e-05
p4	1	466	attn_output-5	5	2048	296	1.137346e-07	3.725290e-09	8.30572117e-06,-7.40730138e-06,-2.28349327e-05,1.60847285e-05	8.30572299e-06,-7.4073032e-06,-2.28349381e-05,1.60847339e-05
p4	1	467	z-5	5	2048	253	2.136789e-07	1.430511e-06	0.80908525,1.04677963,-0.128341973,1.24412954	0.809085488,1.04677963,-0.128342211,1.24412942
p4	1	468	final_output-5	5	2048	144	3.271884e-07	4.768372e-07	0.00444044685,-0.00528024929,0.00133667293,0.014988129	0.00444045011,-0.00528025068,0.00133667549,0.0149881318
p4	1	469	linear_attn_out-5	5	1024	63	5.040532e-07	2.887100e-08	-0.0843600854,0.0187377408,0.0153673925,-0.0101954415	-0.084360078,0.0187377352,0.0153673999,-0.0101954229
p4	1	470	attn_residual-5	5	1024	62	4.811058e-07	9.872019e-08	-0.339245111,0.0270750765,-0.130424693,0.034861654	-0.339245081,0.0270750616,-0.130424678,0.0348617099
p4	1	471	attn_post_norm-5	5	1024	60	5.246347e-07	2.145767e-06	-4.1366725,0.496266484,-2.2706573,0.672392964	-4.13667202,0.496266156,-2.27065682,0.672393858
p4	1	472	ffn_out-5	5	1024	93	2.982631e-07	4.097819e-08	0.155253381,-0.00194318406,-0.000647896435,0.0152157396	0.155253366,-0.00194318965,-0.000647881068,0.0152157228
p4	1	473	l_out-5	5	1024	52	5.396104e-07	1.266599e-07	-0.18399173,0.0251318924,-0.131072596,0.0500773937	-0.183991715,0.0251318719,-0.131072566,0.0500774309
p4	1	474	attn_norm-6	6	1024	61	5.610699e-07	3.099442e-06	-3.36489177,0.5955742,-3.00332689,1.25711679	-3.36489153,0.595573783,-3.00332618,1.25711775
p4	1	475	conv_output_silu-6	6	6144	2690	1.372456e-07	4.768372e-07	-0.0951460302,-0.200174272,-0.000844490191,-0.164374128	-0.0951459929,-0.200174272,-0.000844492519,-0.164374098
p4	1	476	q_conv_predelta-6	6	2048	255	2.132922e-07	1.788139e-07	-0.0207286645,-0.0436102822,-0.000183981974,-0.0358108096	-0.0207286589,-0.0436102897,-0.000183982498,-0.0358108059
p4	1	477	k_conv_predelta-6	6	2048	898	1.827048e-07	2.086163e-07	-0.0307146069,0.0288406033,-0.0705605224,0.0849796534	-0.0307146106,0.0288406052,-0.0705605224,0.0849796608
p4	1	478	v_conv_predelta-6	6	2048	1225	2.149136e-08	7.450581e-08	-0.00213690777,0.00818572287,-0.0014474499,-0.000764081429	-0.00213690777,0.00818572287,-0.0014474499,-0.000764081487
p4	1	479	a_softplus-6	6	16	16	0.000000e+00	0.000000e+00	1.80975068,1.03618443,1.49459875,1.07676077	1.80975068,1.03618443,1.49459875,1.07676077
p4	1	480	gate-6	6	16	16	0.000000e+00	0.000000e+00	-0.329580069,-0.770026863,-0.455826879,-0.596971154	-0.329580069,-0.770026863,-0.455826879,-0.596971154
p4	1	481	beta_sigmoid-6	6	16	16	0.000000e+00	0.000000e+00	0.847949862,0.892963409,0.741965711,0.858062148	0.847949862,0.892963409,0.741965711,0.858062148
p4	1	482	state_predelta-6	6	262144	262144	0.000000e+00	0.000000e+00	2.35597909e-07,-3.0125895e-07,4.39698823e-07,-1.01180535e-06	2.35597909e-07,-3.0125895e-07,4.39698823e-07,-1.01180535e-06
p4	1	483	new_state-6	6	262144	91122	6.871352e-08	5.960464e-08	5.58014435e-05,-5.24543684e-05,0.000128119354,-0.000154647554	5.58014508e-05,-5.24543721e-05,0.000128119354,-0.000154647569
p4	1	484	attn_output-6	6	2048	383	8.570428e-08	1.396984e-09	-3.87144792e-06,1.48224053e-05,-2.60882939e-06,-1.3762849e-06	-3.87144837e-06,1.4822408e-05,-2.60883007e-06,-1.37628513e-06
p4	1	485	z-6	6	2048	331	1.554111e-07	9.536743e-07	-0.29036513,0.227172375,1.07621217,0.46406132	-0.290365279,0.227172315,1.07621205,0.464061201
p4	1	486	final_output-6	6	2048	180	3.063816e-07	1.490116e-07	0.000408393156,0.00182832847,-0.002019312,-0.000407635351	0.00040839336,0.00182832847,-0.00201931247,-0.000407635322
p4	1	487	linear_attn_out-6	6	1024	139	4.600644e-07	2.607703e-08	-0.150667384,-0.0108148158,-0.00443965942,-0.0170018803	-0.150667399,-0.0108148139,-0.00443965755,-0.0170018747
p4	1	488	attn_residual-6	6	1024	69	5.633272e-07	1.229346e-07	-0.3346591,0.0143170767,-0.135512263,0.0330755115	-0.3346591,0.014317058,-0.135512218,0.0330755562
p4	1	489	attn_post_norm-6	6	1024	80	6.041104e-07	2.503395e-06	-5.20899868,0.272978276,-2.55057907,0.645216346	-5.20899868,0.272977948,-2.55057836,0.645217299
p4	1	490	ffn_out-6	6	1024	85	3.764391e-07	1.490116e-07	0.300223321,0.00873512775,0.0127342623,0.0507861823	0.300223172,0.00873512961,0.0127342567,0.0507861525
p4	1	491	l_out-6	6	1024	64	5.657065e-07	1.490116e-07	-0.0344357789,0.0230522044,-0.122777998,0.0838616937	-0.0344359279,0.0230521876,-0.122777961,0.0838617086
p4	1	492	attn_norm-7	7	1024	70	5.637176e-07	2.443790e-06	-0.551059365,0.392008841,-2.15611553,1.71080446	-0.551061809,0.392008543,-2.15611482,1.71080482
p4	1	493	attn_pregate-7	7	2048	140	1.415676e-06	2.670288e-05	0.0905457512,-0.0450840816,1.46657312,0.0346097685	0.0905457959,-0.0450840257,1.46657336,0.0346097052
p4	1	494	attn_gated-7	7	2048	130	4.513185e-07	9.629875e-07	0.015803881,-0.00945126917,0.340599209,0.00732286228	0.0158038866,-0.00945125427,0.340599269,0.00732284691
p4	1	495	attn_output-7	7	1024	61	6.272919e-07	6.705523e-08	-0.242517084,-0.0071831774,0.00475651398,-0.0624224693	-0.242517069,-0.0071831746,0.0047565056,-0.0624224618
p4	1	496	attn_residual-7	7	1024	54	7.305695e-07	1.266599e-07	-0.276952863,0.015869027,-0.118021488,0.0214392245	-0.276952982,0.015869014,-0.118021458,0.0214392468
p4	1	497	attn_post_norm-7	7	1024	58	8.015393e-07	2.920628e-06	-3.79644823,0.316773146,-2.27173615,0.445306242	-3.79644966,0.316772878,-2.27173543,0.445306689
p4	1	498	ffn_out-7	7	1024	111	4.301730e-07	1.043081e-07	0.0634147972,0.000148977153,0.0282531232,0.00451913103	0.0634146929,0.000148962252,0.0282531194,0.00451912731
p4	1	499	l_out-7	7	1024	46	7.681184e-07	2.235174e-07	-0.213538066,0.0160180032,-0.089768365,0.0259583555	-0.213538289,0.0160179771,-0.0897683352,0.0259583741
p4	1	500	attn_norm-8	8	1024	59	8.314787e-07	5.245209e-06	-4.61259699,0.409322619,-2.08164907,0.71281296	-4.61260223,0.409321964,-2.08164811,0.712813437
p4	1	501	conv_output_silu-8	8	6144	1862	1.706775e-07	7.152557e-07	0.00343544385,-0.0159491654,0.122787699,-0.0465391949	0.00343546341,-0.0159491599,0.122787744,-0.0465391912
p4	1	502	q_conv_predelta-8	8	2048	245	2.658349e-07	1.788139e-07	0.00128662854,-0.00597321708,0.045985952,-0.0174296703	0.00128663564,-0.00597321382,0.0459859632,-0.0174296647
p4	1	503	k_conv_predelta-8	8	2048	556	2.038007e-07	2.309680e-07	0.0413170643,-0.101086572,0.0565089248,-0.0373708755	0.0413170531,-0.101086572,0.0565089285,-0.0373708755
p4	1	504	v_conv_predelta-8	8	2048	706	5.366974e-08	2.384186e-07	0.0946211964,0.00123451266,-0.000519858673,-0.0064030583	0.0946211964,0.00123451219,-0.000519856811,-0.00640305551
p4	1	505	a_softplus-8	8	16	16	0.000000e+00	0.000000e+00	0.688179791,0.812565625,0.109976277,0.967059016	0.688179791,0.812565625,0.109976277,0.967059016
p4	1	506	gate-8	8	16	16	0.000000e+00	0.000000e+00	-0.241573825,-0.230992258,-0.0327638946,-0.146004066	-0.241573825,-0.230992258,-0.0327638946,-0.146004066
p4	1	507	beta_sigmoid-8	8	16	16	0.000000e+00	0.000000e+00	0.794898987,0.716275513,0.777524531,0.831059456	0.794898987,0.716275513,0.777524531,0.831059456
p4	1	508	state_predelta-8	8	262144	262144	0.000000e+00	0.000000e+00	0.000109462213,2.51580204e-05,0.000271694706,1.12525768e-05	0.000109462213,2.51580204e-05,0.000271694706,1.12525768e-05
p4	1	509	new_state-8	8	262144	44624	1.186345e-07	1.788139e-07	0.00319909491,-0.00759682897,0.00447117444,-0.00280695222	0.00319909398,-0.00759682897,0.00447117491,-0.00280695222
p4	1	510	attn_output-8	8	2048	230	1.360549e-07	9.313226e-09	-4.34993854e-05,2.44868056e-06,4.73704631e-06,1.03406876e-06	-4.3499389e-05,2.4486817e-06,4.73704768e-06,1.03406603e-06
p4	1	511	z-8	8	2048	160	2.735096e-07	2.384186e-06	0.129189953,0.852301598,0.84894979,0.0237883329	0.129189998,0.852301598,0.84894979,0.0237882882
p4	1	512	final_output-8	8	2048	76	5.837270e-07	6.556511e-07	-0.00275981124,0.000954264135,0.00282700756,9.41754752e-06	-0.0027598124,0.0009542646,0.00282700825,9.41750568e-06
p4	1	513	linear_attn_out-8	8	1024	23	8.164114e-07	1.937151e-07	-0.15149346,-0.0106574269,0.0286827851,0.0128699066	-0.151493654,-0.0106574353,0.0286828056,0.0128699122
p4	1	514	attn_residual-8	8	1024	47	8.198212e-07	4.172325e-07	-0.36503154,0.00536057632,-0.0610855818,0.0388282612	-0.365031958,0.00536054187,-0.0610855296,0.0388282873
p4	1	515	attn_post_norm-8	8	1024	57	8.940733e-07	5.722046e-06	-4.97838831,0.106026947,-1.16677594,0.842149556	-4.97839403,0.106026262,-1.16677499,0.842150152
p4	1	516	ffn_out-8	8	1024	102	2.919858e-07	2.980232e-08	0.0220897403,0.0282460954,0.0327258036,-0.0175250992	0.0220897272,0.028246088,0.0327257924,-0.0175251029
p4	1	517	l_out-8	8	1024	36	8.181467e-07	4.470348e-07	-0.342941791,0.0336066708,-0.0283597782,0.021303162	-0.342942238,0.0336066298,-0.0283597372,0.0213031843
p4	1	518	attn_norm-9	9	1024	40	8.877565e-07	7.629395e-06	-6.59553385,0.786173582,-0.653514326,0.589978397	-6.59554148,0.786172569,-0.653513312,0.589978933
p4	1	519	conv_output_silu-9	9	6144	1800	2.674371e-07	9.536743e-07	0.0206494033,-0.0545470715,-0.276268095,0.113040417	0.0206494089,-0.0545471348,-0.276268065,0.113040343
p4	1	520	q_conv_predelta-9	9	2048	162	2.872469e-07	3.576279e-07	0.0154161407,-0.0407229848,-0.206252337,0.0843921229	0.015416149,-0.0407230407,-0.206252366,0.0843920857
p4	1	521	k_conv_predelta-9	9	2048	759	2.329083e-07	3.576279e-07	-0.0963886604,-0.0715103671,-0.0530415662,0.00573689397	-0.0963886604,-0.0715103671,-0.0530415587,0.00573689397
p4	1	522	v_conv_predelta-9	9	2048	766	1.881607e-07	5.960464e-07	0.00970649906,-0.00355433184,0.00226925011,-0.0190204214	0.00970649906,-0.003554333,0.00226924988,-0.0190204214
p4	1	523	a_softplus-9	9	16	16	0.000000e+00	0.000000e+00	0.552089632,0.0283197351,0.564460397,0.597851753	0.552089632,0.0283197351,0.564460397,0.597851753
p4	1	524	gate-9	9	16	16	0.000000e+00	0.000000e+00	-0.223937437,-0.00386271952,-0.192047983,-0.110591456	-0.223937437,-0.00386271952,-0.192047983,-0.110591456
p4	1	525	beta_sigmoid-9	9	16	16	0.000000e+00	0.000000e+00	0.90986383,0.650321066,0.678205192,0.382183999	0.90986383,0.650321066,0.678205192,0.382183999
p4	1	526	state_predelta-9	9	262144	262144	0.000000e+00	0.000000e+00	-1.78642167e-05,2.47036132e-05,-5.80216101e-06,-2.47557033e-08	-1.78642167e-05,2.47036132e-05,-5.80216101e-06,-2.47557033e-08
p4	1	527	new_state-9	9	262144	63821	2.716742e-07	7.152557e-07	-0.000868412142,-0.000613930053,-0.000474657078,5.08167432e-05	-0.000868412142,-0.000613930053,-0.000474657019,5.08167432e-05
p4	1	528	attn_output-9	9	2048	159	3.866225e-07	4.190952e-09	4.28209423e-05,-1.62228644e-05,9.97388634e-06,-8.15189705e-05	4.28209569e-05,-1.62228735e-05,9.97388815e-06,-8.15189924e-05
p4	1	529	z-9	9	2048	183	2.351980e-07	1.430511e-06	-0.293116748,0.737656653,-0.284891874,0.444851398	-0.293116599,0.737656415,-0.28489235,0.444851488
p4	1	530	final_output-9	9	2048	74	4.928731e-07	4.172325e-07	-0.00578282122,-0.00828345492,-0.00129122904,-0.0215765908	-0.00578282168,-0.00828345679,-0.00129123125,-0.0215766001
p4	1	531	linear_attn_out-9	9	1024	60	6.256803e-07	3.725290e-08	0.050242763,-0.0168769211,0.00722694583,-0.0313370675	0.0502427258,-0.0168769229,0.0072269463,-0.0313370675
p4	1	532	attn_residual-9	9	1024	35	8.644899e-07	4.768372e-07	-0.292699039,0.0167297497,-0.0211328324,-0.0100339055	-0.292699516,0.0167297069,-0.0211327914,-0.0100338832
p4	1	533	attn_post_norm-9	9	1024	41	9.411710e-07	6.675720e-06	-4.05196953,0.324357331,-0.395601004,-0.22000666	-4.0519762,0.324356467,-0.39560023,-0.220006183
p4	1	534	ffn_out-9	9	1024	50	6.134753e-07	5.215406e-08	-0.0451534241,0.0062840702,0.00112024788,0.00748808496	-0.0451533943,0.00628406554,0.00112023251,0.00748807751
p4	1	535	l_out-9	9	1024	41	8.544269e-07	4.172325e-07	-0.337852478,0.023013819,-0.0200125836,-0.00254582055	-0.337852895,0.0230137724,-0.0200125594,-0.00254580565
p4	1	536	attn_norm-10	10	1024	53	9.313262e-07	8.106232e-06	-6.99214077,0.49623546,-0.461353183,-0.0632784218	-6.99214888,0.496234447,-0.461352617,-0.0632780567
p4	1	537	conv_output_silu-10	10	6144	1989	2.278766e-07	9.536743e-07	-0.000906724948,-0.00313336053,-0.00686200615,-0.0691637024	-0.000906725181,-0.0031333603,-0.00686200988,-0.0691637173
p4	1	538	q_conv_predelta-10	10	2048	219	2.290497e-07	2.384186e-07	-0.0030443999,-0.0105205029,-0.023039721,-0.232222542	-0.0030443999,-0.0105205001,-0.0230397303,-0.232222542
p4	1	539	k_conv_predelta-10	10	2048	639	2.158456e-07	2.682209e-07	-0.0592389591,0.118530758,0.212100759,0.0141299693	-0.0592389815,0.118530735,0.2121007,0.0141299758
p4	1	540	v_conv_predelta-10	10	2048	872	1.063758e-07	1.192093e-07	0.0175546836,0.00169300346,-0.00910061318,0.00602991506	0.0175546855,0.00169300346,-0.00910061505,0.00602991786
p4	1	541	a_softplus-10	10	16	16	0.000000e+00	0.000000e+00	0.984134614,0.0163167976,3.95597577,1.03778517	0.984134614,0.0163167976,3.95597577,1.03778517
p4	1	542	gate-10	10	16	16	0.000000e+00	0.000000e+00	-0.753089845,-0.0946331248,-1.22550416,-0.212492466	-0.753089845,-0.0946331248,-1.22550416,-0.212492466
p4	1	543	beta_sigmoid-10	10	16	16	0.000000e+00	0.000000e+00	0.868023276,0.762460828,0.93000108,0.725994527	0.868023276,0.762460828,0.93000108,0.725994527
p4	1	544	state_predelta-10	10	262144	262144	0.000000e+00	0.000000e+00	0.000226150572,0.000204668308,0.000189284387,0.000356424833	0.000226150572,0.000204668308,0.000189284387,0.000356424833
p4	1	545	new_state-10	10	262144	58676	2.746103e-07	3.576279e-07	-0.000777986657,0.00186613528,0.00325596263,0.000378815021	-0.000777987065,0.00186613505,0.00325596193,0.000378815137
p4	1	546	attn_output-10	10	2048	286	2.907335e-07	1.047738e-09	-1.06160167e-06,-5.50795949e-06,1.66025475e-05,3.23997556e-05	-1.06160144e-06,-5.50795994e-06,1.66025438e-05,3.23997556e-05
p4	1	547	z-10	10	2048	121	3.067331e-07	1.907349e-06	1.05859542,0.727446735,0.453520805,0.637982666	1.05859578,0.727446854,0.453520983,0.637982726
p4	1	548	final_output-10	10	2048	97	4.479094e-07	2.235174e-07	-0.00074884604,-0.00288222614,0.00448068976,0.0138153965	-0.000748846331,-0.00288222707,0.00448069116,0.0138153993
p4	1	549	linear_attn_out-10	10	1024	108	4.239374e-07	2.980232e-08	-0.0608991757,-0.00457542203,-0.00193786994,-0.00417177193	-0.0608991906,-0.00457542017,-0.0019378718,-0.00417177193
p4	1	550	attn_residual-10	10	1024	33	8.683942e-07	4.470348e-07	-0.398751646,0.018438397,-0.0219504535,-0.00671759248	-0.398752093,0.0184383523,-0.0219504312,-0.00671757758
p4	1	551	attn_post_norm-10	10	1024	40	9.397454e-07	6.675720e-06	-6.11436844,0.34901017,-0.414153814,-0.135436058	-6.11437511,0.349009335,-0.414153367,-0.13543576
p4	1	552	ffn_out-10	10	1024	81	4.607731e-07	7.450581e-08	0.153124437,-0.0159473512,0.0175187849,-0.0211585127	0.153124511,-0.0159473419,0.017518783,-0.0211585127
p4	1	553	l_out-10	10	1024	42	8.249190e-07	3.725290e-07	-0.24562721,0.00249104574,-0.00443166867,-0.0278761052	-0.245627582,0.00249101035,-0.00443164818,-0.0278760903
p4	1	554	attn_norm-11	11	1024	49	8.585136e-07	6.198883e-06	-4.01831532,0.0425049141,-0.0807552561,-0.560124457	-4.01832151,0.0425043143,-0.0807548836,-0.560124159
p4	1	555	attn_pregate-11	11	2048	222	7.772946e-07	1.430511e-05	0.0943846554,0.085355252,0.138614058,0.0896293744	0.0943851173,0.0853553861,0.138614103,0.0896288678
p4	1	556	attn_gated-11	11	2048	60	5.301809e-07	2.682209e-07	0.00418743584,0.00521155214,0.00902927946,0.00126564514	0.004187454,0.00521155773,0.00902927853,0.00126563723
p4	1	557	attn_output-11	11	1024	84	1.236833e-06	5.960464e-08	-0.00115527958,-0.00561782345,-0.0203117169,-0.0187108554	-0.00115528703,-0.00561782904,-0.0203117132,-0.0187108498
p4	1	558	attn_residual-11	11	1024	39	8.733507e-07	3.874302e-07	-0.246782482,-0.00312677771,-0.0247433856,-0.0465869606	-0.246782869,-0.00312681869,-0.0247433614,-0.0465869382
p4	1	559	attn_post_norm-11	11	1024	46	9.330276e-07	5.245209e-06	-3.346452,-0.0601526275,-0.454225779,-0.920768499	-3.34645724,-0.0601534136,-0.454225332,-0.920768082
p4	1	560	ffn_out-11	11	1024	78	3.605636e-07	3.725290e-08	0.0487173088,0.0438800454,0.0201121271,0.0631525889	0.04871732,0.0438800454,0.0201121382,0.0631525964
p4	1	561	l_out-11	11	1024	40	8.646760e-07	3.725290e-07	-0.198065177,0.0407532677,-0.00463125855,0.0165656283	-0.198065549,0.0407532267,-0.00463122316,0.0165656582
p4	1	562	attn_norm-12	12	1024	38	9.237705e-07	7.152557e-06	-4.03403854,0.936478853,-0.110875599,0.423669457	-4.0340457,0.936477721,-0.110874742,0.423670173
p4	1	563	conv_output_silu-12	12	6144	2090	1.618086e-07	9.536743e-07	0.00451606885,0.0664394274,0.0191037375,-0.0993347839	0.00451607024,0.06643942,0.0191037282,-0.099334687
p4	1	564	q_conv_predelta-12	12	2048	189	2.655893e-07	2.533197e-07	0.00143666007,0.0211358313,0.00607731612,-0.031600561	0.00143666076,0.0211358331,0.0060773138,-0.0316005386
p4	1	565	k_conv_predelta-12	12	2048	1032	1.904897e-07	2.980232e-07	0.0148611804,0.000446979393,0.0016313598,0.00401338935	0.0148611758,0.000446979713,0.0016313598,0.00401338795
p4	1	566	v_conv_predelta-12	12	2048	863	3.109885e-08	1.490116e-07	-0.00661794934,0.00409766287,0.00179680274,-0.0035937049	-0.00661794888,0.00409766287,0.00179680274,-0.00359370513
p4	1	567	a_softplus-12	12	16	16	0.000000e+00	0.000000e+00	0.226865485,1.32892585,0.176437929,0.197552815	0.226865485,1.32892585,0.176437929,0.197552815
p4	1	568	gate-12	12	16	16	0.000000e+00	0.000000e+00	-0.0457318388,-0.784292817,-0.0183081105,-0.0561593659	-0.0457318388,-0.784292817,-0.0183081105,-0.0561593659
p4	1	569	beta_sigmoid-12	12	16	16	0.000000e+00	0.000000e+00	0.767889261,0.714011669,0.67612201,0.569046736	0.767889261,0.714011669,0.67612201,0.569046736
p4	1	570	state_predelta-12	12	262144	262144	0.000000e+00	0.000000e+00	1.04884593e-05,-1.4741604e-06,7.63655748e-07,6.75247566e-06	1.04884593e-05,-1.4741604e-06,7.63655748e-07,6.75247566e-06
p4	1	571	new_state-12	12	262144	75375	6.483267e-08	1.192093e-07	-6.46196931e-05,-3.65318692e-06,-7.46387786e-06,-1.37063562e-05	-6.4619664e-05,-3.65318874e-06,-7.46387695e-06,-1.37063471e-05
p4	1	572	attn_output-12	12	2048	222	9.501850e-08	1.117587e-08	-1.70556341e-05,1.32115756e-05,3.95110737e-06,-7.84585245e-06	-1.70556323e-05,1.32115756e-05,3.95110737e-06,-7.84585154e-06
p4	1	573	z-12	12	2048	155	2.405217e-07	1.907349e-06	-0.529264152,-0.283289045,-1.12343514,-0.497582674	-0.529263854,-0.283289135,-1.1234349,-0.497582257
p4	1	574	final_output-12	12	2048	92	6.481200e-07	5.960464e-07	0.00297117908,-0.00149896776,-0.00080120808,0.00135554955	0.00297117746,-0.00149896822,-0.000801207963,0.00135554851
p4	1	575	linear_attn_out-12	12	1024	76	9.009837e-07	4.470348e-08	-0.068680495,-0.00641502813,0.00438673701,0.0122893415	-0.0686804503,-0.0064150244,0.00438673142,0.0122893285
p4	1	576	attn_residual-12	12	1024	41	8.668025e-07	2.980232e-07	-0.266745687,0.0343382396,-0.000244521536,0.0288549699	-0.266745985,0.0343382023,-0.000244491734,0.0288549867
p4	1	577	attn_post_norm-12	12	1024	42	9.187142e-07	4.053116e-06	-3.44971085,0.687112212,-0.00447598519,0.565787792	-3.44971442,0.687111378,-0.00447543897,0.56578809
p4	1	578	ffn_out-12	12	1024	41	5.768383e-07	5.215406e-08	0.0741366446,-0.0106940549,0.0063728774,-0.0103472574	0.0741366223,-0.0106940707,0.00637285132,-0.0103472443
p4	1	579	l_out-12	12	1024	36	9.013062e-07	3.278255e-07	-0.192609042,0.0236441847,0.00612835586,0.0185077116	-0.19260937,0.0236441307,0.00612835959,0.0185077414
p4	1	580	attn_norm-13	13	1024	52	9.647981e-07	6.437302e-06	-3.79919505,0.52866447,0.139584363,0.469706297	-3.79920149,0.528663278,0.139584452,0.469707042
p4	1	581	conv_output_silu-13	13	6144	10	2.483297e-04	1.805782e-03	-0.0376738869,-0.043833632,0.0160736162,-0.00984717347	-0.0377412066,-0.0440318957,0.0160708074,-0.00986181479
p4	1	582	q_conv_predelta-13	13	2048	0	3.171552e-04	1.695380e-04	-0.0179764703,-0.0209156517,0.00766968587,-0.00469867652	-0.0180064458,-0.021007752,0.00766743161,-0.00470510218
p4	1	583	k_conv_predelta-13	13	2048	6	2.101907e-04	1.653731e-04	-0.0807593837,0.0252663605,0.0548276491,-0.132087022	-0.0807578117,0.0252675228,0.0548292883,-0.132057562
p4	1	584	v_conv_predelta-13	13	2048	3	6.123052e-05	7.966161e-05	-0.000525646203,-0.00783577934,0.00287325913,-0.000547885429	-0.000525577285,-0.0078360578,0.00287331548,-0.000547832868
p4	1	585	a_softplus-13	13	16	16	0.000000e+00	0.000000e+00	1.18727851,0.66599077,1.90289319,0.598098695	1.18727851,0.66599077,1.90289319,0.598098695
p4	1	586	gate-13	13	16	16	0.000000e+00	0.000000e+00	-0.319551677,-0.76655072,-0.956834793,-0.14317508	-0.319551677,-0.76655072,-0.956834793,-0.14317508
p4	1	587	beta_sigmoid-13	13	16	16	0.000000e+00	0.000000e+00	0.703353047,0.823563039,0.591835082,0.827780128	0.703353047,0.823563039,0.591835082,0.827780128
p4	1	588	state_predelta-13	13	262144	262144	0.000000e+00	0.000000e+00	-5.61268045e-08,-1.46817367e-08,9.56395425e-08,-9.85416682e-06	-5.61268045e-08,-1.46817367e-08,9.56395425e-08,-9.85416682e-06
p4	1	589	new_state-13	13	262144	85	1.479349e-04	4.987419e-05	3.0004443e-05,-9.41060534e-06,-2.0328258e-05,4.19820281e-05	2.9999941e-05,-9.40981135e-06,-2.03262061e-05,4.19646603e-05
p4	1	590	attn_output-13	13	2048	0	4.044212e-04	8.752104e-07	-1.16791352e-06,-1.74211254e-05,6.28016505e-06,-1.2482169e-06	-1.16828846e-06,-1.74296056e-05,6.28307771e-06,-1.24867756e-06
p4	1	591	z-13	13	2048	0	3.292300e-04	2.274632e-03	-0.816451132,-0.473782897,-0.490579367,0.178900927	-0.816897094,-0.473591059,-0.49087292,0.178455979
p4	1	592	final_output-13	13	2048	0	6.851936e-04	1.752004e-04	0.000309425581,0.00337769534,-0.00124006963,-0.000125902836	0.000309597846,0.00337836659,-0.00124115974,-0.000125610444
p4	1	593	linear_attn_out-13	13	1024	0	5.771027e-03	1.425929e-04	-0.101133168,-0.00114090554,-0.000927187502,0.00361985527	-0.101105988,-0.00113537395,-0.000895459671,0.00359079335
p4	1	594	attn_residual-13	13	1024	0	6.202956e-04	1.426246e-04	-0.29374221,0.0225032791,0.00520116836,0.0221275669	-0.293715358,0.0225087572,0.00523289992,0.0220985338
p4	1	595	attn_post_norm-13	13	1024	0	6.621428e-04	2.805516e-03	-4.00033808,0.463482648,0.0988648534,0.41918546	-3.99994373,0.463592142,0.0994672924,0.418632448
p4	1	596	ffn_out-13	13	1024	0	1.403072e-02	1.790605e-03	0.067415677,-0.0108788908,-0.000958580524,0.0224665478	0.0656250715,-0.0110000391,-0.00103726145,0.0225435812
p4	1	597	l_out-13	13	1024	0	6.508938e-03	1.763761e-03	-0.226326525,0.0116243884,0.00424258783,0.0445941165	-0.228090286,0.0115087181,0.00419563847,0.0446421131
p4	1	598	attn_norm-14	14	1024	0	6.850086e-03	3.595328e-02	-4.37901831,0.253914535,0.0860144868,1.04965615	-4.4121027,0.251328617,0.0850425512,1.05053794
p4	1	599	conv_output_silu-14	14	6144	3	4.583060e-03	2.158451e-02	0.0362493396,0.0528562218,-0.134193033,0.0437499881	0.0419855937,0.0528243333,-0.13243103,0.0476554073
p4	1	600	q_conv_predelta-14	14	2048	0	7.684380e-03	5.841643e-03	0.0080963783,0.011805567,-0.0299723409,0.00977166649	0.00938080903,0.0118025001,-0.029588962,0.0106476108
p4	1	601	k_conv_predelta-14	14	2048	0	5.568874e-03	6.306581e-03	0.0100039812,0.222604483,-0.00540699717,0.00211524405	0.0100074559,0.22257261,-0.005392191,0.00212021661
p4	1	602	v_conv_predelta-14	14	2048	1	1.896704e-03	5.053524e-03	0.0026573264,0.0201985091,-0.00405033724,0.0167690217	0.00266187778,0.0201943982,-0.00406168122,0.0168322381
p4	1	603	a_softplus-14	14	16	0	8.600308e-03	2.160859e-02	0.668612838,0.152038202,0.819377661,0.00988091808	0.679673254,0.153545454,0.826514125,0.00985719264
p4	1	604	gate-14	14	16	0	1.054657e-02	6.955743e-03	-0.210388348,-0.025408132,-0.544758141,-0.0297303349	-0.213868663,-0.0256600194,-0.54950279,-0.029658949
p4	1	605	beta_sigmoid-14	14	16	0	3.024413e-03	5.532682e-03	0.671366692,0.467843652,0.654538751,0.815959215	0.672364116,0.468503624,0.660071433,0.816499829
p4	1	606	state_predelta-14	14	262144	262144	0.000000e+00	0.000000e+00	5.10589643e-07,-4.48670608e-06,-8.27633144e-08,5.18426191e-09	5.10589643e-07,-4.48670608e-06,-8.27633144e-08,5.18426191e-09
p4	1	607	new_state-14	14	262144	0	6.131039e-03	7.942885e-03	1.8177243e-05,0.0003916313,-9.66797325e-06,3.76012531e-06	1.82361127e-05,0.000392791379,-9.67061987e-06,3.78040954e-06
p4	1	608	attn_output-14	14	2048	0	4.496890e-03	2.874970e-05	3.35705494e-07,2.85505985e-06,-5.18409706e-07,1.48321294e-06	3.31777244e-07,2.81014195e-06,-5.12907889e-07,1.48271886e-06
p4	1	609	z-14	14	2048	0	6.319585e-03	4.115534e-02	-0.365319252,-0.462030739,0.0694033206,0.0376412272	-0.380522966,-0.479482055,0.0809585452,0.0433524847
p4	1	610	final_output-14	14	2048	0	1.069228e-02	9.383634e-03	-5.27398261e-05,-0.000509191537,-1.86878515e-05,2.59836652e-05	-5.38070053e-05,-0.000514569459,-2.16888584e-05,3.00009251e-05
p4	1	611	linear_attn_out-14	14	1024	0	2.873745e-02	2.641026e-03	0.0112612713,-0.00995367579,0.0136400219,0.0111100245	0.00862024538,-0.00938173942,0.0139985085,0.0114263557
p4	1	612	attn_residual-14	14	1024	0	9.391536e-03	4.404783e-03	-0.215065256,0.00167071261,0.0178826097,0.0557041392	-0.219470039,0.00212697871,0.0181941465,0.0560684688
p4	1	613	attn_post_norm-14	14	1024	0	9.296018e-03	6.169796e-02	-3.08790231,0.0336428918,0.337905347,1.02146101	-3.14960027,0.0428096429,0.34362343,1.02763748
p4	1	614	ffn_out-14	14	1024	0	2.632794e-02	3.382169e-03	0.203384191,-0.00871150754,-0.00962442439,0.0276728459	0.200370908,-0.00746185239,-0.00877529383,0.0272843279
p4	1	615	l_out-14	14	1024	0	1.530449e-02	7.418066e-03	-0.011681065,-0.00704079494,0.00825818535,0.0833769888	-0.0190991312,-0.00533487368,0.00941885263,0.0833527967
p4	1	616	attn_norm-15	15	1024	0	1.506490e-02	1.042790e-01	-0.164347455,-0.11072097,0.129582271,1.30087245	-0.268626481,-0.0838662088,0.147745281,1.30005991
p4	1	617	attn_pregate-15	15	2048	0	2.051282e-02	7.724743e-01	-0.0885833427,0.101695597,0.0175428726,0.108653322	-0.0861523598,0.101007447,0.00906794891,0.101935051
p4	1	618	attn_gated-15	15	2048	0	1.635579e-02	2.025557e-02	-0.00316519942,0.0073257084,0.000247296237,0.00824784115	-0.0030869022,0.00718432013,0.000127685431,0.00777925551
p4	1	619	attn_output-15	15	1024	0	4.510536e-02	3.398083e-03	-0.148249418,0.000675223768,-0.0228603557,0.0231972486	-0.14533028,0.0015296191,-0.0225821286,0.0221970826
p4	1	620	attn_residual-15	15	1024	0	1.956008e-02	5.060617e-03	-0.159930483,-0.00636557117,-0.0146021703,0.106574237	-0.164429411,-0.00380525459,-0.013163276,0.105549879
p4	1	621	attn_post_norm-15	15	1024	0	1.974419e-02	8.817539e-02	-1.86856985,-0.11760129,-0.257276118,1.74238992	-1.92256904,-0.0703530237,-0.232097462,1.72693181
p4	1	622	ffn_out-15	15	1024	0	3.691090e-02	9.316072e-03	0.126822188,0.0851223767,0.0361182541,0.0330342166	0.134062693,0.085576959,0.0362095162,0.032651335
p4	1	623	l_out-15	15	1024	0	2.611980e-02	1.033247e-02	-0.033108294,0.0787568092,0.0215160847,0.139608458	-0.0303667188,0.0817717016,0.0230462402,0.138201207
p4	1	624	attn_norm-16	16	1024	0	2.666075e-02	1.805910e-01	-0.415762812,1.42245793,0.323692858,2.35303473	-0.381001294,1.47561848,0.34640941,2.32727742
p4	1	625	conv_output_silu-16	16	6144	0	1.155094e-02	6.487083e-02	-0.226872355,0.00492378604,-0.0168743804,-0.250245482	-0.226581141,0.00460569002,-0.0141546829,-0.249922261
p4	1	626	q_conv_predelta-16	16	2048	0	1.738788e-02	1.109464e-02	-0.0215077046,0.000466779398,-0.00159970648,-0.0237234998	-0.0213510487,0.000434000423,-0.00133381493,-0.0235505123
p4	1	627	k_conv_predelta-16	16	2048	0	1.656322e-02	2.020478e-02	0.105642729,-0.0568856373,0.0182325803,-0.0226752833	0.105378173,-0.0568913259,0.0183013026,-0.0230205078
p4	1	628	v_conv_predelta-16	16	2048	0	8.475451e-03	1.926899e-02	-0.200873002,0.012783967,0.549689054,0.00525254244	-0.200893342,0.0127799176,0.546969473,0.00524747977
p4	1	629	a_softplus-16	16	16	0	1.008884e-02	3.983736e-02	0.192185536,1.78237832,1.15002906,1.51872754	0.184899345,1.78472054,1.17913246,1.51887941
p4	1	630	gate-16	16	16	0	7.933461e-03	1.223820e-02	-0.0390448608,-0.722964525,-0.137351394,-0.328447878	-0.0375645831,-0.723914564,-0.140827298,-0.328480721
p4	1	631	beta_sigmoid-16	16	16	0	1.897376e-03	3.800690e-03	0.674779534,0.713853955,0.926736653,0.864367783	0.675851166,0.713806212,0.927307963,0.863921523
p4	1	632	state_predelta-16	16	262144	262144	0.000000e+00	0.000000e+00	-0.000453704619,0.000110791836,3.07260998e-05,-0.000485629367	-0.000453704619,0.000110791836,3.07260998e-05,-0.000485629367
p4	1	633	new_state-16	16	262144	1	1.010690e-02	1.632476e-02	-0.0145352287,0.00769840926,-0.00240373937,0.00255917106	-0.0145237446,0.00771183893,-0.00241689244,0.00260961545
p4	1	634	attn_output-16	16	2048	0	1.304985e-02	1.087997e-03	-0.00147024263,9.32388066e-05,0.0041880426,3.72985669e-05	-0.00147052296,9.32238763e-05,0.00416566106,3.72861687e-05
p4	1	635	z-16	16	2048	0	1.779901e-02	9.834814e-02	-0.640003264,-0.517994881,-0.593826771,-0.305016696	-0.647605062,-0.529759049,-0.613390088,-0.289357841
p4	1	636	final_output-16	16	2048	0	1.635854e-02	4.927540e-02	0.11802531,-0.00677573355,-0.371243358,-0.00178161508	0.118793532,-0.00687388191,-0.376432419,-0.00170393952
p4	1	637	linear_attn_out-16	16	1024	0	3.582633e-02	7.330526e-03	0.0593788773,-0.0261118673,-0.148710012,-0.0219630972	0.0631085113,-0.0246379673,-0.147843823,-0.0233164355
p4	1	638	attn_residual-16	16	1024	0	2.841488e-02	1.231116e-02	0.0262705833,0.052644942,-0.127193928,0.117645361	0.0327417925,0.0571337342,-0.124797583,0.114884771
p4	1	639	attn_post_norm-16	16	1024	0	2.881026e-02	1.488235e-01	0.201207533,0.67888844,-1.60549188,1.24068594	0.25140512,0.738637865,-1.579229,1.21463764
p4	1	640	ffn_out-16	16	1024	0	4.749949e-02	8.939296e-03	-0.128050208,0.00185482204,0.0433999076,-0.0145861134	-0.121737927,0.000373825431,0.0401598401,-0.0143937171
p4	1	641	l_out-16	16	1024	0	3.284405e-02	1.409044e-02	-0.101779625,0.054499764,-0.0837940201,0.103059247	-0.0889961347,0.0575075597,-0.0846377462,0.100491054
p4	1	642	attn_norm-17	17	1024	0	3.313271e-02	2.184386e-01	-1.18153346,0.85057348,-1.22254133,1.46385884	-1.0345248,0.898724675,-1.23651433,1.42930257
p4	1	643	conv_output_silu-17	17	6144	0	1.216713e-02	1.359272e-01	-0.250075936,-0.0858383626,-0.278226346,0.0359625071	-0.248131752,-0.0810799524,-0.278248727,0.0360513926
p4	1	644	q_conv_predelta-17	17	2048	0	2.392645e-02	2.183521e-02	-0.0574828647,-0.019730946,-0.0639535636,0.00826640055	-0.057127066,-0.0186669361,-0.0640608594,0.00830006786
p4	1	645	k_conv_predelta-17	17	2048	0	1.753343e-02	1.624103e-02	0.0139436573,-0.0778619573,-0.0293681473,-0.0351151451	0.0146454275,-0.0788769647,-0.029380355,-0.0350818336
p4	1	646	v_conv_predelta-17	17	2048	0	1.152808e-02	5.153033e-02	-0.273166299,-0.270327449,0.0567918643,-0.278417379	-0.273159921,-0.271003097,0.0591499656,-0.278427392
p4	1	647	a_softplus-17	17	16	0	1.602792e-02	1.119812e-01	3.72741866,0.191052213,3.67422533,2.03363633	3.61543751,0.190449044,3.63101101,2.01727343
p4	1	648	gate-17	17	16	0	1.569053e-02	2.639085e-02	-0.878449738,-0.0494511016,-0.928989649,-0.708318114	-0.852058887,-0.0492949784,-0.918063343,-0.702618897
p4	1	649	beta_sigmoid-17	17	16	0	1.652152e-03	2.389371e-03	0.835772812,0.686996877,0.975402653,0.752683222	0.833742797,0.688417256,0.97508961,0.751499116
p4	1	650	state_predelta-17	17	262144	262144	0.000000e+00	0.000000e+00	-0.000172685541,0.0010692958,0.000214257772,0.000100771846	-0.000172685541,0.0010692958,0.000214257772,0.000100771846
p4	1	651	new_state-17	17	262144	1	1.397305e-02	3.627902e-02	-0.00324089639,0.0181409232,0.00676389271,0.00802294351	-0.00339348847,0.0183359571,0.00675134035,0.00799534749
p4	1	652	attn_output-17	17	2048	0	1.409305e-02	2.319157e-03	-0.000702351448,-0.000727290753,0.000153941044,-0.0007190631	-0.000683321268,-0.00071238575,0.000156418595,-0.000699929893
p4	1	653	z-17	17	2048	0	2.296622e-02	1.547244e-01	0.372738987,-0.712786436,-0.794414461,-1.48566008	0.366844177,-0.741645336,-0.792568684,-1.49998224
p4	1	654	final_output-17	17	2048	0	4.102867e-02	6.781667e-02	-0.0939011574,0.114300586,-0.0176594593,0.117648512	-0.0905968845,0.115394145,-0.0181048214,0.115425855
p4	1	655	linear_attn_out-17	17	1024	0	6.120629e-02	9.624302e-03	-0.193723574,-0.0412215889,0.0527837947,-0.0548305959	-0.187308058,-0.0382238775,0.0528726056,-0.055452548
p4	1	656	attn_residual-17	17	1024	0	3.505424e-02	1.919901e-02	-0.295503199,0.0132781751,-0.0310102254,0.0482286513	-0.276304185,0.0192836821,-0.0317651406,0.0450385064
p4	1	657	attn_post_norm-17	17	1024	0	3.550168e-02	1.529428e-01	-2.02790189,0.159800112,-0.360097706,0.49238044	-1.90116644,0.232689396,-0.369840264,0.461028278
p4	1	658	ffn_out-17	17	1024	0	5.111638e-02	1.230615e-02	-0.0309203602,-0.0251450092,0.00149492919,0.0208172537	-0.0334999375,-0.0263714194,0.00191789214,0.0209108777
p4	1	659	l_out-17	17	1024	0	3.923693e-02	1.699428e-02	-0.326423556,-0.011866834,-0.0295152962,0.0690459013	-0.309804112,-0.00708773732,-0.0298472494,0.0659493804
p4	1	660	attn_norm-18	18	1024	0	3.916078e-02	2.387494e-01	-3.54195786,-0.169437066,-0.405575335,0.922599852	-3.37455821,-0.101589553,-0.411714911,0.884614587
p4	1	661	conv_output_silu-18	18	6144	2	1.349883e-02	7.247883e-02	-0.261836022,-0.059716884,-0.251557797,-0.269120127	-0.259904355,-0.0534936599,-0.252145529,-0.269697577
p4	1	662	q_conv_predelta-18	18	2048	0	2.912303e-02	2.702748e-02	-0.0759143308,-0.0173137635,-0.0729343519,-0.0780262128	-0.0752320439,-0.0154843014,-0.0729861706,-0.0780667961
p4	1	663	k_conv_predelta-18	18	2048	0	2.137209e-02	2.212009e-02	0.0199963413,-0.0446320958,-0.0427802391,-0.00689674215	0.0200004019,-0.044667352,-0.0427933075,-0.00687038852
p4	1	664	v_conv_predelta-18	18	2048	2	1.003138e-02	5.631101e-02	0.191947535,-0.270627379,-0.0255185571,-0.19449386	0.190320551,-0.270662308,-0.0261989832,-0.19346492
p4	1	665	a_softplus-18	18	16	0	5.475940e-03	4.211855e-02	0.00279940362,5.55898046,0.00905219,3.82046533	0.00278513855,5.57110739,0.00942188408,3.82748365
p4	1	666	gate-18	18	16	0	4.892655e-03	6.983966e-03	-0.001166965,-1.12058651,-0.00269680889,-1.02826428	-0.0011610185,-1.12303102,-0.00280694733,-1.03015327
p4	1	667	beta_sigmoid-18	18	16	0	1.864891e-03	3.693849e-03	0.820128024,0.881893754,0.312327713,0.963789821	0.822327077,0.880474865,0.313860059,0.963162303
p4	1	668	state_predelta-18	18	262144	262144	0.000000e+00	0.000000e+00	-0.0028666039,-0.00549975084,-0.00312245241,9.23981206e-05	-0.0028666039,-0.00549975084,-0.00312245241,9.23981206e-05
p4	1	669	new_state-18	18	262144	0	1.259863e-02	3.570104e-02	-0.000448596431,-0.0108828992,-0.00828475133,-0.000740527874	-0.00046927575,-0.0108399484,-0.00824108906,-0.000730078726
p4	1	670	attn_output-18	18	2048	0	2.296664e-02	1.675416e-03	0.0047715106,-0.00519326329,-0.000609894283,-0.0050920276	0.00476587191,-0.00524186203,-0.000627193367,-0.0050969813
p4	1	671	z-18	18	2048	0	2.612889e-02	1.828556e-01	-2.37172723,-0.0662625432,-1.03026748,-0.442959994	-2.45752287,-0.0583144426,-1.04982686,-0.501431048
p4	1	672	final_output-18	18	2048	0	5.199759e-02	7.650034e-02	-0.0617052652,0.0124329906,0.0112811876,0.0572904646	-0.0585744157,0.0110046715,0.0115627656,0.0621412657
p4	1	673	linear_attn_out-18	18	1024	0	5.627207e-02	1.213413e-02	-0.0520831794,0.0797433555,0.112290226,-0.0743008107	-0.0399490446,0.0809887946,0.11712113,-0.0694944933
p4	1	674	attn_residual-18	18	1024	0	4.124547e-02	2.875358e-02	-0.37850672,0.0678765178,0.0827749297,-0.0052549094	-0.349753141,0.0739010572,0.0872738808,-0.00354511291
p4	1	675	attn_post_norm-18	18	1024	0	4.171035e-02	1.857455e-01	-2.58941293,0.72176981,0.894822478,-0.0486808158	-2.40366745,0.789432347,0.947779715,-0.0329919346
p4	1	676	ffn_out-18	18	1024	0	5.972849e-02	1.429886e-02	-0.571595311,0.0105085876,-0.0962307081,0.03577796	-0.573395967,0.0135933729,-0.0947214365,0.0334703065
p4	1	677	l_out-18	18	1024	0	4.389119e-02	2.695292e-02	-0.950102031,0.0783851072,-0.0134557784,0.0305230506	-0.923149109,0.0874944329,-0.00744755566,0.0299251936
p4	1	678	attn_norm-19	19	1024	0	4.226286e-02	2.087153e-01	-6.51279879,0.597625196,-0.105740093,0.237167791	-6.3619523,0.670651555,-0.0588390604,0.233768448
p4	1	679	attn_pregate-19	19	2048	0	3.803207e-02	1.620276e-01	-0.0171688348,-0.564522624,-0.0434040427,-0.157473952	-0.0385741666,-0.538351715,-0.0380115807,-0.186787277
p4	1	680	attn_gated-19	19	2048	0	3.522246e-02	2.825952e-02	-0.000456974842,-0.0431993492,-0.0013574172,-0.0104929721	-0.00102656242,-0.0401068181,-0.00118666573,-0.0124316216
p4	1	681	attn_output-19	19	1024	0	5.960623e-02	1.613456e-02	0.518569589,0.00938898325,0.00104814209,0.0301470533	0.502435029,0.0116075873,-0.000394206494,0.0311624482
p4	1	682	attn_residual-19	19	1024	0	4.748385e-02	2.937970e-02	-0.431532443,0.0877740905,-0.0124076363,0.0606701039	-0.42071408,0.0991020203,-0.00784176216,0.0610876419
p4	1	683	attn_post_norm-19	19	1024	0	4.811698e-02	3.018782e-01	-2.94130445,0.885536134,-0.114448711,0.465104461	-2.88294601,1.0051837,-0.0727207735,0.47081697
p4	1	684	ffn_out-19	19	1024	0	7.058831e-02	1.751065e-02	-0.166125357,-0.0434850343,-0.12234737,0.104365967	-0.177726179,-0.0496723875,-0.119955756,0.106415547
p4	1	685	l_out-19	19	1024	0	5.320270e-02	2.760518e-02	-0.5976578,0.0442890562,-0.134755,0.165036067	-0.598440289,0.0494296327,-0.127797514,0.167503193
p4	1	686	attn_norm-20	20	1024	0	5.288635e-02	3.246180e-01	-4.77548075,0.497129709,-1.40961051,1.54590285	-4.80899954,0.557994664,-1.34445417,1.57795918
p4	1	687	conv_output_silu-20	20	6144	2	2.903109e-02	9.027100e-02	-0.0353061147,-0.114729524,-0.233037218,-0.0257545747	-0.0282395668,-0.108821206,-0.232112795,-0.0332518518
p4	1	688	q_conv_predelta-20	20	2048	0	3.656885e-02	3.172355e-02	-0.0134400828,-0.0436744243,-0.0887109563,-0.00980407	-0.0106733749,-0.0411298648,-0.087728925,-0.0125678098
p4	1	689	k_conv_predelta-20	20	2048	0	2.920090e-02	2.131855e-02	-0.00649574678,-0.0256030541,-0.0280315317,-0.0222887844	-0.00626312103,-0.024524197,-0.0268514566,-0.0213895272
p4	1	690	v_conv_predelta-20	20	2048	1	2.178526e-02	7.565498e-02	-0.0324604586,-0.0243834071,0.0106973443,-0.0982159376	-0.0311495494,-0.0239516236,0.0110901287,-0.101021476
p4	1	691	a_softplus-20	20	16	0	2.002994e-02	9.084177e-02	0.168683365,2.38533854,0.0500976145,3.31928158	0.188546658,2.39217496,0.0518880486,3.22843981
p4	1	692	gate-20	20	16	0	1.785510e-02	3.255010e-02	-0.0376383476,-0.414509684,-0.00912345294,-0.95099014	-0.0420704484,-0.415697664,-0.00944951549,-0.924963534
p4	1	693	beta_sigmoid-20	20	16	0	5.049597e-03	1.119438e-02	0.987541139,0.996859312,0.952535093,0.961070001	0.988173068,0.996895432,0.95525229,0.961600244
p4	1	694	state_predelta-20	20	262144	262144	0.000000e+00	0.000000e+00	2.03583859e-05,-9.22874679e-05,0.000391181733,-0.000443777128	2.03583859e-05,-9.22874679e-05,0.000391181733,-0.000443777128
p4	1	695	new_state-20	20	262144	0	1.740368e-02	3.263396e-02	0.000277495943,0.000927595829,0.00148962007,0.000457509072	0.000259851862,0.000852571568,0.00140542595,0.000395277049
p4	1	696	attn_output-20	20	2048	0	2.185424e-02	2.393022e-03	-0.0014714353,-0.00105699676,0.000535517465,-0.0046233763	-0.00144662918,-0.00106953399,0.000561777968,-0.0048550698
p4	1	697	z-20	20	2048	0	3.449336e-02	1.905279e-01	-0.66277498,0.393157482,0.83030206,-0.364499301	-0.636088669,0.39481172,0.811324358,-0.369208544
p4	1	698	final_output-20	20	2048	0	6.656697e-02	1.317483e-01	0.0424100347,-0.0335651152,0.0382790864,0.079525739	0.0394547135,-0.0330652259,0.0377956629,0.0817260519
p4	1	699	linear_attn_out-20	20	1024	0	7.867517e-02	1.934170e-02	-0.042904146,-0.0564147346,0.0569685102,-0.0294200405	-0.0235624462,-0.0555779301,0.0545091592,-0.028332524
p4	1	700	attn_residual-20	20	1024	0	5.695729e-02	3.266129e-02	-0.640561938,-0.0121256784,-0.0777864903,0.135616034	-0.622002721,-0.00614829734,-0.0732883513,0.139170676
p4	1	701	attn_post_norm-20	20	1024	0	5.743397e-02	2.955470e-01	-3.38723564,-0.112358987,-0.729434788,0.991074562	-3.31500149,-0.0574200787,-0.692666888,1.02506208
p4	1	702	ffn_out-20	20	1024	0	7.820046e-02	2.184163e-02	0.389315665,0.0325814486,-0.0654742271,0.0164420102	0.375572205,0.0316118971,-0.0760358348,0.0263801012
p4	1	703	l_out-20	20	1024	0	6.165752e-02	3.583470e-02	-0.251246274,0.0204557702,-0.143260717,0.15205805	-0.246430516,0.0254635997,-0.149324179,0.165550783
p4	1	704	attn_norm-21	21	1024	0	6.104363e-02	3.789978e-01	-1.73002958,0.21626094,-1.38171315,1.36432493	-1.71144247,0.271516383,-1.45256257,1.49814415
p4	1	705	conv_output_silu-21	21	6144	0	3.070428e-02	2.726946e-01	-0.268097788,0.533432305,-0.244088665,-0.278121859	-0.265337408,0.489711016,-0.238931596,-0.277641743
p4	1	706	q_conv_predelta-21	21	2048	0	4.186140e-02	3.619665e-02	-0.0762943104,0.151802257,-0.0694618747,-0.0791469216	-0.0749539882,0.138336286,-0.0674947277,-0.0784297809
p4	1	707	k_conv_predelta-21	21	2048	0	3.471776e-02	3.246924e-02	0.0177563839,0.0144747002,0.0667189658,-0.0247696023	0.018142391,0.0155234244,0.0708702952,-0.0241594892
p4	1	708	v_conv_predelta-21	21	2048	0	3.125880e-02	1.383822e-01	0.0260161925,-0.0738826543,0.027799597,-0.0155444993	0.025946226,-0.0737925321,0.0226387046,-0.017964527
p4	1	709	a_softplus-21	21	16	0	1.994996e-02	1.355076e-01	2.16365457,6.00799322,0.177830949,3.20149255	2.110847,5.98685503,0.176940441,3.17132998
p4	1	710	gate-21	21	16	0	1.669842e-02	2.364874e-02	-0.639575064,-1.55508208,-0.0664505735,-1.51819694	-0.623965144,-1.54961073,-0.0661178082,-1.50389338
p4	1	711	beta_sigmoid-21	21	16	0	4.093768e-03	1.066917e-02	0.952838719,0.957006097,0.882086933,0.989039063	0.950184107,0.959519386,0.877131104,0.988723516
p4	1	712	state_predelta-21	21	262144	262144	0.000000e+00	0.000000e+00	0.00117235072,-0.00104050036,0.00158851792,0.000219874637	0.00117235072,-0.00104050036,0.00158851792,0.000219874637
p4	1	713	new_state-21	21	262144	0	3.296576e-02	8.370399e-02	0.00117180427,-9.77834861e-05,0.00291723665,-0.000655946205	0.00119327824,-7.39798124e-05,0.00305867963,-0.00063472765
p4	1	714	attn_output-21	21	2048	0	3.633693e-02	3.913209e-03	0.00015308916,-0.000449430227,0.00027619701,-0.000104374674	0.000142793389,-0.000419935182,0.000227107637,-0.000112437599
p4	1	715	z-21	21	2048	0	4.966675e-02	2.447771e-01	0.770283341,0.941594183,-0.15684396,-1.23384786	0.780794501,0.893236697,-0.183680654,-1.24521208
p4	1	716	final_output-21	21	2048	0	7.886512e-02	1.552478e-01	0.0568104945,-0.177138224,-0.0126961097,0.0229484867	0.0548171923,-0.15752098,-0.0122561948,0.0251549836
p4	1	717	linear_attn_out-21	21	1024	0	8.881202e-02	2.687421e-02	0.101661116,0.0313037485,0.00178652257,-0.0467889458	0.0770028085,0.0360544659,0.00937132537,-0.0492114276
p4	1	718	attn_residual-21	21	1024	0	6.739959e-02	4.199678e-02	-0.149585158,0.0517595187,-0.141474187,0.105269104	-0.169427708,0.0615180656,-0.139952853,0.116339356
p4	1	719	attn_post_norm-21	21	1024	0	6.766714e-02	3.316433e-01	-0.721248865,0.431406289,-1.16360581,0.692196131	-0.821399212,0.515551567,-1.15740025,0.769180179
p4	1	720	ffn_out-21	21	1024	0	8.734888e-02	2.373189e-02	0.0612355731,0.0345058106,0.0574016646,0.141551822	0.0561905093,0.0461173616,0.0580655821,0.150252789
p4	1	721	l_out-21	21	1024	0	7.209570e-02	4.800582e-02	-0.0883495808,0.0862653255,-0.0840725228,0.246820927	-0.113237202,0.107635424,-0.081887275,0.266592145
p4	1	722	attn_norm-22	22	1024	0	7.170501e-02	3.705271e-01	-0.522104979,0.731367588,-0.655823648,1.92284	-0.67162472,0.915880561,-0.641111553,2.08445597
p4	1	723	conv_output_silu-22	22	6144	0	3.384793e-02	9.805679e-02	-0.0697763413,-0.182375982,0.090371266,0.0568780117	-0.0542005226,-0.183378771,0.0868277177,0.0572682507
p4	1	724	q_conv_predelta-22	22	2048	0	4.207960e-02	3.379507e-02	-0.0251392592,-0.0657070428,0.0325592682,0.0204922054	-0.0194369406,-0.0657617673,0.0311374329,0.0205370635
p4	1	725	k_conv_predelta-22	22	2048	0	3.931130e-02	3.458821e-02	0.0146780629,-0.0069857589,0.156838909,0.0403231159	0.0139441658,-0.0057303817,0.15601331,0.0414552912
p4	1	726	v_conv_predelta-22	22	2048	0	2.751522e-02	6.431735e-02	0.0236222558,0.00334634585,0.00936577655,-0.00642362377	0.023093665,0.00162297359,0.00878756866,-0.00533375842
p4	1	727	a_softplus-22	22	16	0	1.958122e-02	1.215492e-01	1.3665359,3.1935463,3.61657214,0.449688822	1.35556102,3.09054899,3.56121469,0.462699383
p4	1	728	gate-22	22	16	0	1.455339e-02	3.630424e-02	-0.252783746,-0.723797917,-2.37180591,-0.0844940245	-0.250753582,-0.700454235,-2.33550167,-0.086938642
p4	1	729	beta_sigmoid-22	22	16	0	7.649051e-03	1.685262e-02	0.675603092,0.93033576,0.954292953,0.591947138	0.672538221,0.922181845,0.954774976,0.575094521
p4	1	730	state_predelta-22	22	262144	262144	0.000000e+00	0.000000e+00	1.96618585e-05,1.21223929e-05,0.000348836795,-0.00128051371	1.96618585e-05,1.21223929e-05,0.000348836795,-0.00128051371
p4	1	731	new_state-22	22	262144	1	3.010332e-02	2.206659e-02	0.000262434536,-0.000108218759,0.00291193509,-0.000315490412	0.000244410243,-8.47190095e-05,0.00283484068,-0.000315384241
p4	1	732	attn_output-22	22	2048	0	2.893273e-02	5.702190e-04	8.24500676e-05,-8.54206064e-06,5.923969e-05,-0.000140494827	7.42366028e-05,-1.82709573e-05,5.48062562e-05,-0.000136427261
p4	1	733	z-22	22	2048	0	4.369652e-02	2.520895e-01	0.757918656,1.26367211,-4.73082829,-0.0292114392	0.721029341,1.18627119,-4.82926655,-0.000611111522
p4	1	734	final_output-22	22	2048	0	7.088721e-02	1.174456e-01	0.0484962426,-0.00866942108,-0.00262853294,0.00195450429	0.041089531,-0.0171217117,-0.00225383439,4.03221893e-05
p4	1	735	linear_attn_out-22	22	1024	0	8.951780e-02	2.219564e-02	0.154114962,-0.00797390286,-0.0347981006,-0.163582146	0.135813072,-0.00891224016,-0.0298026279,-0.171564788
p4	1	736	attn_residual-22	22	1024	0	7.281761e-02	6.108439e-02	0.0657653809,0.0782914236,-0.118870623,0.0832387805	0.0225758702,0.0987231806,-0.111689903,0.0950273573
p4	1	737	attn_post_norm-22	22	1024	0	7.323992e-02	4.158337e-01	0.318150192,0.546447217,-0.814900994,0.469159693	0.109573312,0.691319168,-0.768191814,0.537364602
p4	1	738	ffn_out-22	22	1024	0	8.436433e-02	3.191543e-02	-0.773885369,-0.0230498072,-0.0728940591,0.182099581	-0.805800796,-0.0265948977,-0.0753247887,0.181127489
p4	1	739	l_out-22	22	1024	0	7.261415e-02	7.510495e-02	-0.708119988,0.0552416146,-0.191764683,0.265338361	-0.78322494,0.072128281,-0.187014699,0.276154846
p4	1	740	attn_norm-23	23	1024	0	7.165277e-02	3.598258e-01	-3.16146874,0.315798074,-1.13279724,1.27943146	-3.50081897,0.412809581,-1.1060133,1.33312476
p4	1	741	attn_pregate-23	23	2048	0	1.748253e-02	4.607048e-01	-6.31631756,-0.0749161392,-0.405030072,0.0232571885	-6.3040123,-0.0370428264,-0.400366724,0.00601097196
p4	1	742	attn_gated-23	23	2048	0	4.226414e-02	1.111718e-01	-0.379436702,-0.0140625313,-0.0674690828,0.00560778426	-0.370456278,-0.00667799124,-0.0635811463,0.00150286127
p4	1	743	attn_output-23	23	1024	0	5.813000e-02	3.292759e-02	0.572911024,-0.0929155201,-0.0119276941,0.107175887	0.57770437,-0.0874249786,-0.0243765861,0.123508722
p4	1	744	attn_residual-23	23	1024	0	7.829771e-02	7.497999e-02	-0.135208964,-0.0376739055,-0.203692377,0.372514248	-0.20552057,-0.0152966976,-0.211391285,0.399663568
p4	1	745	attn_post_norm-23	23	1024	0	7.821761e-02	4.064987e-01	-0.625665605,-0.210736528,-1.04827797,1.79333711	-0.955360234,-0.0859551653,-1.09285831,1.9328078
p4	1	746	ffn_out-23	23	1024	0	8.629399e-02	4.591642e-02	-0.207013339,-0.0272767916,-0.115659617,-0.0819570795	-0.183561891,-0.00830680132,-0.107903823,-0.102738127
p4	1	747	l_out-23	23	1024	0	8.260227e-02	8.823037e-02	-0.342222303,-0.0649506971,-0.319352001,0.290557176	-0.389082462,-0.0236034989,-0.319295108,0.296925426
p4	1	748	result_norm	-1	1024	0	8.223681e-02	1.384600e+00	-0.287202179,-0.918035805,-4.38217926,4.44907284	-0.328161657,-0.335288703,-4.40331221,4.56932449
p4	1	749	result_output	-1	248320	0	7.349535e-02	1.015362e+00	4.88982105,5.59596395,7.5546093,2.06305313	4.82995224,5.80979252,7.71925163,2.20525956
p4	2	750	model.input_embed	-1	1024	1024	0.000000e+00	0.000000e+00	0.0146448612,-0.0175738335,-0.0312423706,0.024408102	0.0146448612,-0.0175738335,-0.0312423706,0.024408102
p4	2	751	attn_norm-0	0	1024	1024	0.000000e+00	0.000000e+00	1.29330158,-1.00483465,-2.1177814,1.88185501	1.29330158,-1.00483465,-2.1177814,1.88185501
p4	2	752	conv_output_silu-0	0	6144	6144	0.000000e+00	0.000000e+00	-0.00736192241,0.000527896977,-0.00319354748,-0.277904302	-0.00736192241,0.000527896977,-0.00319354748,-0.277904302
p4	2	753	q_conv_predelta-0	0	2048	2048	0.000000e+00	0.000000e+00	-0.00870267767,0.000624037697,-0.00377515727,-0.328516334	-0.00870267767,0.000624037697,-0.00377515727,-0.328516334
p4	2	754	k_conv_predelta-0	0	2048	2048	0.000000e+00	0.000000e+00	-0.0242358707,-0.0255167447,-0.0529923737,0.00397556415	-0.0242358707,-0.0255167447,-0.0529923737,0.00397556415
p4	2	755	v_conv_predelta-0	0	2048	2048	0.000000e+00	0.000000e+00	-0.0266879387,0.00295418175,0.00922870077,-0.00507568289	-0.0266879387,0.00295418175,0.00922870077,-0.00507568289
p4	2	756	a_softplus-0	0	16	16	0.000000e+00	0.000000e+00	5.45917463,5.97220715e-05,4.10071552e-05,5.77334023	5.45917463,5.97220715e-05,4.10071552e-05,5.77334023
p4	2	757	gate-0	0	16	16	0.000000e+00	0.000000e+00	-7.06469679,-7.83383075e-06,-4.89760623e-06,-3.27672529	-7.06469679,-7.83383075e-06,-4.89760623e-06,-3.27672529
p4	2	758	beta_sigmoid-0	0	16	16	0.000000e+00	0.000000e+00	0.419071883,0.505235493,0.658482194,0.997189343	0.419071883,0.505235493,0.658482194,0.997189343
p4	2	759	state_predelta-0	0	262144	262144	0.000000e+00	0.000000e+00	-0.000227077442,-0.000718736555,0.000473905733,1.55089856e-05	-0.000227077442,-0.000718736555,0.000473905733,1.55089856e-05
p4	2	760	new_state-0	0	262144	262144	0.000000e+00	0.000000e+00	0.000270864082,0.000284769339,0.000593080942,-4.44501384e-05	0.000270864082,0.000284769339,0.000593080942,-4.44501384e-05
p4	2	761	attn_output-0	0	2048	2048	0.000000e+00	0.000000e+00	-1.09099019e-05,1.25032614e-06,3.77172864e-06,-2.25226472e-06	-1.09099019e-05,1.25032614e-06,3.77172864e-06,-2.25226472e-06
p4	2	762	z-0	0	2048	2048	0.000000e+00	0.000000e+00	-0.211147919,1.16224277,0.118394732,-1.16109598	-0.211147919,1.16224277,0.118394732,-1.16109598
p4	2	763	final_output-0	0	2048	2048	0.000000e+00	0.000000e+00	0.000992439804,0.00109589868,0.000219341367,0.000576294144	0.000992439804,0.00109589868,0.000219341367,0.000576294144
p4	2	764	linear_attn_out-0	0	1024	1024	0.000000e+00	0.000000e+00	-0.569723129,0.0173203051,-0.0036073029,-0.0111208521	-0.569723129,0.0173203051,-0.0036073029,-0.0111208521
p4	2	765	attn_residual-0	0	1024	1024	0.000000e+00	0.000000e+00	-0.555078268,-0.000253528357,-0.0348496735,0.01328725	-0.555078268,-0.000253528357,-0.0348496735,0.01328725
p4	2	766	attn_post_norm-0	0	1024	1024	0.000000e+00	0.000000e+00	-10.3263655,-0.00865169428,-1.22373569,0.457186103	-10.3263655,-0.00865169428,-1.22373569,0.457186103
p4	2	767	ffn_out-0	0	1024	1024	0.000000e+00	0.000000e+00	0.11410664,0.00147140212,0.0517498851,0.0101103634	0.11410664,0.00147140212,0.0517498851,0.0101103634
p4	2	768	l_out-0	0	1024	1024	0.000000e+00	0.000000e+00	-0.440971613,0.00121787377,0.0169002116,0.0233976133	-0.440971613,0.00121787377,0.0169002116,0.0233976133
p4	2	769	attn_norm-1	1	1024	1024	0.000000e+00	0.000000e+00	-14.0991964,0.0504563041,0.669730663,0.994151056	-14.0991964,0.0504563041,0.669730663,0.994151056
p4	2	770	conv_output_silu-1	1	6144	6144	0.000000e+00	0.000000e+00	0.000754745561,0.0112860193,-0.0767942518,-0.256346166	0.000754745561,0.0112860193,-0.0767942518,-0.256346166
p4	2	771	q_conv_predelta-1	1	2048	2048	0.000000e+00	0.000000e+00	0.000825167459,0.0123390667,-0.0839595795,-0.280264676	0.000825167459,0.0123390667,-0.0839595795,-0.280264676
p4	2	772	k_conv_predelta-1	1	2048	2048	0.000000e+00	0.000000e+00	-0.151810557,0.267190456,0.0324466638,-0.0100454073	-0.151810557,0.267190456,0.0324466638,-0.0100454073
p4	2	773	v_conv_predelta-1	1	2048	2048	0.000000e+00	0.000000e+00	0.0826812461,-0.199749693,0.00618921407,-0.000436914619	0.0826812461,-0.199749693,0.00618921407,-0.000436914619
p4	2	774	a_softplus-1	1	16	16	0.000000e+00	0.000000e+00	0.031938158,0.547971189,0.964391351,1.52653933	0.031938158,0.547971189,0.964391351,1.52653933
p4	2	775	gate-1	1	16	16	0.000000e+00	0.000000e+00	-0.00572619587,-0.591053367,-1.10460091,-0.461945117	-0.00572619587,-0.591053367,-1.10460091,-0.461945117
p4	2	776	beta_sigmoid-1	1	16	16	0.000000e+00	0.000000e+00	0.955069661,0.653619409,0.303909153,0.687873721	0.955069661,0.653619409,0.303909153,0.687873721
p4	2	777	state_predelta-1	1	262144	262144	0.000000e+00	0.000000e+00	-0.00371669489,0.0592798479,0.00459275721,0.0010585055	-0.00371669489,0.0592798479,0.00459275721,0.0010585055
p4	2	778	new_state-1	1	262144	262144	0.000000e+00	0.000000e+00	-0.00684722699,0.0644885376,0.0052401619,0.000843907939	-0.00684722699,0.0644885376,0.0052401619,0.000843907939
p4	2	779	attn_output-1	1	2048	2048	0.000000e+00	0.000000e+00	0.00162343599,-0.000979073346,0.0002306237,2.49180921e-05	0.00162343599,-0.000979073346,0.0002306237,2.49180921e-05
p4	2	780	z-1	1	2048	2048	0.000000e+00	0.000000e+00	-4.57112598,-5.79239702,-0.153953493,-0.344445765	-4.57112598,-5.79239702,-0.153953493,-0.344445765
p4	2	781	final_output-1	1	2048	2048	0.000000e+00	0.000000e+00	-0.0608462691,0.0137800993,-0.0143499868,-0.00343575026	-0.0608462691,0.0137800993,-0.0143499868,-0.00343575026
p4	2	782	linear_attn_out-1	1	1024	1024	0.000000e+00	0.000000e+00	-0.282230616,-0.00302366912,0.0237395167,0.0154010206	-0.282230616,-0.00302366912,0.0237395167,0.0154010206
p4	2	783	attn_residual-1	1	1024	1024	0.000000e+00	0.000000e+00	-0.723202229,-0.00180579536,0.0406397283,0.038798634	-0.723202229,-0.00180579536,0.0406397283,0.038798634
p4	2	784	attn_post_norm-1	1	1024	1024	0.000000e+00	0.000000e+00	-11.8394833,-0.0465689227,1.05877221,1.0671525	-11.8394833,-0.0465689227,1.05877221,1.0671525
p4	2	785	ffn_out-1	1	1024	1024	0.000000e+00	0.000000e+00	0.126982659,0.0017410703,0.0259835739,0.0225349143	0.126982659,0.0017410703,0.0259835739,0.0225349143
p4	2	786	l_out-1	1	1024	1024	0.000000e+00	0.000000e+00	-0.59621954,-6.47250563e-05,0.0666233003,0.0613335483	-0.59621954,-6.47250563e-05,0.0666233003,0.0613335483
p4	2	787	attn_norm-2	2	1024	1024	0.000000e+00	0.000000e+00	-16.2136707,-0.00215617334,2.14297557,2.06925368	-16.2136707,-0.00215617334,2.14297557,2.06925368
p4	2	788	conv_output_silu-2	2	6144	6144	0.000000e+00	0.000000e+00	0.0290282983,-0.0435350984,-0.0272603706,-0.0034311472	0.0290282983,-0.0435350984,-0.0272603706,-0.0034311472
p4	2	789	q_conv_predelta-2	2	2048	2048	0.000000e+00	0.000000e+00	0.0192410462,-0.0288566984,-0.0180691984,-0.00227429322	0.0192410462,-0.0288566984,-0.0180691984,-0.00227429322
p4	2	790	k_conv_predelta-2	2	2048	2048	0.000000e+00	0.000000e+00	0.0112831658,-0.077574335,-0.0100146458,-0.175012082	0.0112831658,-0.077574335,-0.0100146458,-0.175012082
p4	2	791	v_conv_predelta-2	2	2048	2048	0.000000e+00	0.000000e+00	0.0111495405,-0.0217262246,-0.00473933388,-0.0457938723	0.0111495405,-0.0217262246,-0.00473933388,-0.0457938723
p4	2	792	a_softplus-2	2	16	16	0.000000e+00	0.000000e+00	0.324832141,0.0373852327,0.0678739175,0.265272915	0.324832141,0.0373852327,0.0678739175,0.265272915
p4	2	793	gate-2	2	16	16	0.000000e+00	0.000000e+00	-0.291604489,-0.0105449893,-0.0202208515,-0.173291981	-0.291604489,-0.0105449893,-0.0202208515,-0.173291981
p4	2	794	beta_sigmoid-2	2	16	16	0.000000e+00	0.000000e+00	0.262896419,0.675542355,0.908065856,0.396714151	0.262896419,0.675542355,0.908065856,0.396714151
p4	2	795	state_predelta-2	2	262144	262144	0.000000e+00	0.000000e+00	-0.00100830896,4.57183851e-05,0.000460988813,0.00256952038	-0.00100830896,4.57183851e-05,0.000460988813,0.00256952038
p4	2	796	new_state-2	2	262144	262144	0.000000e+00	0.000000e+00	-0.000723901379,-0.000167770035,0.000318320177,0.0014640427	-0.000723901379,-0.000167770035,0.000318320177,0.0014640427
p4	2	797	attn_output-2	2	2048	2048	0.000000e+00	0.000000e+00	4.17143809e-07,-5.80546021e-06,1.33832009e-06,1.67552807e-05	4.17143809e-07,-5.80546021e-06,1.33832009e-06,1.67552807e-05
p4	2	798	z-2	2	2048	2048	0.000000e+00	0.000000e+00	-0.129029632,-0.221824884,0.000503242016,0.0698781013	-0.129029632,-0.221824884,0.000503242016,0.0698781013
p4	2	799	final_output-2	2	2048	2048	0.000000e+00	0.000000e+00	-2.57307856e-05,0.000380302867,3.07843663e-07,0.000591723016	-2.57307856e-05,0.000380302867,3.07843663e-07,0.000591723016
p4	2	800	linear_attn_out-2	2	1024	1024	0.000000e+00	0.000000e+00	-0.287902385,-0.00235810876,-0.0107225571,0.0102320518	-0.287902385,-0.00235810876,-0.0107225571,0.0102320518
p4	2	801	attn_residual-2	2	1024	1024	0.000000e+00	0.000000e+00	-0.884121895,-0.00242283382,0.0559007451,0.0715655982	-0.884121895,-0.00242283382,0.0559007451,0.0715655982
p4	2	802	attn_post_norm-2	2	1024	1024	0.000000e+00	0.000000e+00	-12.3125095,-0.0529914983,1.24111044,1.58392501	-12.3125095,-0.0529914983,1.24111044,1.58392501
p4	2	803	ffn_out-2	2	1024	1024	0.000000e+00	0.000000e+00	0.53694129,0.000252663158,0.00051677553,-0.0237415731	0.53694129,0.000252663158,0.00051677553,-0.0237415731
p4	2	804	l_out-2	2	1024	1024	0.000000e+00	0.000000e+00	-0.347180605,-0.00217017066,0.0564175211,0.0478240252	-0.347180605,-0.00217017066,0.0564175211,0.0478240252
p4	2	805	attn_norm-3	3	1024	1024	0.000000e+00	0.000000e+00	-9.03249264,-0.0674026608,1.58385587,1.41590667	-9.03249264,-0.0674026608,1.58385587,1.41590667
p4	2	806	attn_pregate-3	3	2048	161	7.898632e-07	2.861023e-06	0.249600902,-0.0437856503,0.374916703,0.137522116	0.249601126,-0.043785274,0.37491706,0.137522519
p4	2	807	attn_gated-3	3	2048	187	7.405874e-07	8.195639e-07	0.0203364212,-0.00325910677,0.0417813547,0.0132462336	0.020336438,-0.0032590786,0.0417813957,0.0132462718
p4	2	808	attn_output-3	3	1024	35	6.991551e-07	1.490116e-07	-0.308658093,0.0152899213,-0.0117371427,0.00418997975	-0.308657944,0.0152899157,-0.0117371399,0.00419000024
p4	2	809	attn_residual-3	3	1024	92	3.219329e-07	1.788139e-07	-0.655838728,0.0131197507,0.0446803793,0.0520140044	-0.655838549,0.0131197451,0.0446803793,0.0520140268
p4	2	810	attn_post_norm-3	3	1024	81	3.595347e-07	1.907349e-06	-9.78358555,0.293097943,1.02817082,1.2073133	-9.78358364,0.293097854,1.02817082,1.2073139
p4	2	811	ffn_out-3	3	1024	85	7.302707e-07	7.264316e-08	-0.0230578482,0.00889368728,0.014295429,-0.0158676431	-0.0230578929,0.0088936612,0.014295429,-0.0158676393
p4	2	812	l_out-3	3	1024	78	4.994980e-07	1.192093e-07	-0.678896546,0.022013437,0.0589758083,0.0361463614	-0.678896427,0.0220134072,0.0589758083,0.0361463875
p4	2	813	attn_norm-4	4	1024	92	5.309066e-07	3.814697e-06	-15.7536421,0.673735142,1.68223441,1.13414824	-15.7536383,0.673734307,1.68223441,1.13414919
p4	2	814	conv_output_silu-4	4	6144	1146	1.595830e-07	1.430511e-06	0.179566458,0.00419321889,-0.0165612213,0.00295572635	0.179566503,0.00419321842,-0.0165612381,0.00295572914
p4	2	815	q_conv_predelta-4	4	2048	239	2.655785e-07	2.384186e-07	0.144490153,0.00337412022,-0.0133261709,0.00237835804	0.144490197,0.00337412022,-0.0133261848,0.0023783606
p4	2	816	k_conv_predelta-4	4	2048	465	2.447694e-07	1.788139e-07	-0.0122678922,-0.00481785554,0.0704249442,-0.00733254384	-0.0122678922,-0.00481788721,0.0704249516,-0.00733255269
p4	2	817	v_conv_predelta-4	4	2048	377	1.327408e-07	1.430511e-06	0.128320903,0.00748387305,0.00135920197,0.0158732925	0.128320932,0.00748388795,0.00135919277,0.0158732831
p4	2	818	a_softplus-4	4	16	16	0.000000e+00	0.000000e+00	0.442889154,1.61719203,0.0485270284,1.57385647	0.442889154,1.61719203,0.0485270284,1.57385647
p4	2	819	gate-4	4	16	16	0.000000e+00	0.000000e+00	-0.184623659,-1.57126772,-0.015269706,-0.826130688	-0.184623659,-1.57126772,-0.015269706,-0.826130688
p4	2	820	beta_sigmoid-4	4	16	16	0.000000e+00	0.000000e+00	0.734472513,0.903905451,0.654153109,0.748869002	0.734472513,0.903905451,0.654153109,0.748869002
p4	2	821	state_predelta-4	4	262144	101071	3.512919e-08	4.172325e-07	-0.000104293904,0.00693754852,-0.00506160082,0.00145295623	-0.000104293897,0.00693754759,-0.00506160082,0.00145295623
p4	2	822	new_state-4	4	262144	38824	9.249755e-08	1.251698e-06	-0.00148247345,0.00521985255,0.00380419428,0.00037376309	-0.00148247369,0.0052198479,0.00380419707,0.000373761926
p4	2	823	attn_output-4	4	2048	279	1.937739e-07	4.470348e-08	0.00016805678,2.43578997e-05,-1.47841865e-05,4.34904214e-05	0.000168056737,2.4357927e-05,-1.47842065e-05,4.34903959e-05
p4	2	824	z-4	4	2048	227	2.447656e-07	1.907349e-06	-0.492414534,0.692986608,-0.343007445,-0.0730923265	-0.492414176,0.692986488,-0.343007267,-0.0730925649
p4	2	825	final_output-4	4	2048	141	5.942556e-07	7.152557e-07	-0.0272556655,0.0117509328,0.00174553203,-0.00143656542	-0.027255645,0.0117509449,0.00174553355,-0.00143656903
p4	2	826	linear_attn_out-4	4	1024	48	7.737053e-07	4.470348e-08	-0.127001241,-0.00847594813,0.00245629367,0.0223390609	-0.127001196,-0.00847593881,0.0024562839,0.0223390441
p4	2	827	attn_residual-4	4	1024	62	5.263705e-07	1.788139e-07	-0.805897772,0.0135374889,0.0614321008,0.0584854223	-0.805897593,0.0135374684,0.0614320934,0.0584854335
p4	2	828	attn_post_norm-4	4	1024	40	6.208479e-07	2.384186e-06	-12.0453644,0.295687616,1.31962943,1.32284319	-12.0453644,0.295687228,1.31962943,1.32284379
p4	2	829	ffn_out-4	4	1024	0	3.792228e-04	3.546849e-05	-0.0101391897,-0.0220173504,-0.00978918746,-0.0296616852	-0.0101218075,-0.0220248606,-0.00977210794,-0.0296512432
p4	2	830	l_out-4	4	1024	0	1.739409e-04	3.545545e-05	-0.81603694,-0.00847986154,0.0516429134,0.0288237371	-0.816019416,-0.00848739222,0.0516599864,0.0288341902
p4	2	831	attn_norm-5	5	1024	0	1.917244e-04	1.018763e-03	-17.9184494,-0.250756741,1.42030537,0.892089009	-17.9180622,-0.250979394,1.4207747,0.892412424
p4	2	832	conv_output_silu-5	5	6144	1	7.209985e-04	2.825260e-03	0.119516663,-0.0180646125,0.0220067538,-0.163793743	0.119498551,-0.0182792973,0.0219655205,-0.163745254
p4	2	833	q_conv_predelta-5	5	2048	0	1.219741e-03	1.565576e-03	0.0768497884,-0.0116156321,0.0141504481,-0.105320156	0.0768464953,-0.0117549533,0.014125471,-0.105300434
p4	2	834	k_conv_predelta-5	5	2048	0	6.414547e-04	5.452335e-04	-0.0113886008,-0.00239177304,-0.275179833,0.0471387431	-0.0113904001,-0.00238919444,-0.275217772,0.0471339561
p4	2	835	v_conv_predelta-5	5	2048	1	3.171555e-04	1.122952e-03	-0.0517397262,-0.0158953108,0.0228105877,0.00105127099	-0.0517399944,-0.0158934817,0.0227906723,0.00105112011
p4	2	836	a_softplus-5	5	16	0	9.466355e-04	6.903410e-04	0.150004312,0.0464086607,0.103089914,0.0111760097	0.149791896,0.0464335866,0.103223562,0.0111754201
p4	2	837	gate-5	5	16	0	1.160620e-03	5.994439e-04	-0.114563912,-0.00563000934,-0.0262696445,-0.004677088	-0.114401676,-0.00563303335,-0.0263037011,-0.00467684167
p4	2	838	beta_sigmoid-5	5	16	0	2.755517e-04	5.048513e-04	0.975458562,0.67536658,0.886795163,0.677951396	0.975433588,0.675232053,0.88682282,0.677446544
p4	2	839	state_predelta-5	5	262144	93618	6.338718e-08	1.788139e-07	-1.49473738e-06,2.77657127e-05,-0.000689413107,8.43098678e-05	-1.49473738e-06,2.77657164e-05,-0.000689413282,8.43098605e-05
p4	2	840	new_state-5	5	262144	72	1.829290e-04	2.843067e-04	0.000586853654,0.000148288018,0.0135974139,-0.00235938886	0.000586934155,0.000148156294,0.0135989785,-0.00235907896
p4	2	841	attn_output-5	5	2048	0	3.327281e-04	1.216028e-05	-0.000235042884,-8.02426002e-05,8.82149179e-05,1.78783666e-05	-0.000235098531,-8.02566137e-05,8.81373853e-05,1.78878963e-05
p4	2	842	z-5	5	2048	0	1.133134e-03	6.294489e-03	1.34627819,1.35624397,0.137592167,1.75746822	1.34777737,1.35671759,0.137669697,1.75738096
p4	2	843	final_output-5	5	2048	0	1.946627e-03	1.765839e-03	-0.230522528,-0.0765380934,0.00607682392,0.0248558577	-0.230897576,-0.0765830725,0.00607492076,0.0248667188
p4	2	844	linear_attn_out-5	5	1024	0	8.891510e-03	7.347353e-04	-0.117525734,0.00539549254,0.00317811035,0.0349283144	-0.118039213,0.00533571187,0.00323501788,0.0349394083
p4	2	845	attn_residual-5	5	1024	0	3.256651e-03	7.250998e-04	-0.933562696,-0.003084369,0.0548210219,0.0637520552	-0.934058607,-0.00315168034,0.0548950061,0.0637736022
p4	2	846	attn_post_norm-5	5	1024	0	4.003417e-03	1.646274e-02	-12.7750578,-0.0634444132,1.07107699,1.37991118	-12.7823029,-0.0648313165,1.07256103,1.38042724
p4	2	847	ffn_out-5	5	1024	0	1.979285e-02	1.293913e-03	0.143192843,0.0133825447,0.00733657647,-0.0147227701	0.142600432,0.0126264459,0.00742690731,-0.0152979344
p4	2	848	l_out-5	5	1024	0	7.676127e-03	1.312640e-03	-0.790369868,0.0102981757,0.0621575974,0.0490292832	-0.791458189,0.00947476551,0.0623219125,0.0484756678
p4	2	849	attn_norm-6	6	1024	0	8.537293e-03	3.566322e-02	-16.6706181,0.281461865,1.64260626,1.41950846	-16.6922321,0.258936226,1.64681625,1.40336728
p4	2	850	conv_output_silu-6	6	6144	1	7.245299e-03	1.005620e-02	0.0268836692,-0.109166548,0.010444738,-0.199841782	0.0275994875,-0.111673035,0.0109745078,-0.198186725
p4	2	851	q_conv_predelta-6	6	2048	0	1.182004e-02	1.057230e-02	0.016475305,-0.0669012964,0.00640092138,-0.122470424	0.0169420205,-0.0685507953,0.00673673116,-0.121657453
p4	2	852	k_conv_predelta-6	6	2048	0	6.428148e-03	6.408572e-03	-0.0185271036,0.00400366588,-0.0266050603,0.0559843257	-0.0185163412,0.00387922628,-0.0266689584,0.0560689755
p4	2	853	v_conv_predelta-6	6	2048	0	1.882087e-03	2.127647e-03	-0.00635687308,0.00382383866,-0.00223655091,-0.00205801963	-0.00636345847,0.00382289849,-0.00223675114,-0.00206011697
p4	2	854	a_softplus-6	6	16	0	1.187729e-03	2.489448e-03	0.549684227,0.0872110352,0.873370886,0.159713417	0.550876677,0.0866415501,0.874408245,0.160998508
p4	2	855	gate-6	6	16	0	2.626204e-03	1.327306e-03	-0.100104935,-0.0648097396,-0.266363084,-0.0885473415	-0.100322098,-0.0643865317,-0.266679466,-0.0892598107
p4	2	856	beta_sigmoid-6	6	16	0	7.813364e-04	1.602054e-03	0.923564374,0.96645242,0.740914285,0.949472427	0.92457962,0.96675384,0.741941154,0.950213134
p4	2	857	state_predelta-6	6	262144	91122	6.871352e-08	5.960464e-08	5.58014435e-05,-5.24543684e-05,0.000128119354,-0.000154647554	5.58014508e-05,-5.24543721e-05,0.000128119354,-0.000154647569
p4	2	858	new_state-6	6	262144	4	2.538417e-03	2.399392e-03	0.000141244222,-6.70703594e-05,0.000246244599,-0.000414165319	0.000141408091,-6.64981344e-05,0.000246860203,-0.000415238639
p4	2	859	attn_output-6	6	2048	0	3.529465e-03	3.401516e-05	-4.31563676e-05,4.17210322e-05,-1.67432154e-05,-1.41184955e-05	-4.34452195e-05,4.18410491e-05,-1.68305014e-05,-1.42121144e-05
p4	2	860	z-6	6	2048	0	7.654870e-03	3.968883e-02	0.764813185,0.615757227,1.15117931,1.08153975	0.765984476,0.619796634,1.14149237,1.07760096
p4	2	861	final_output-6	6	2048	0	1.532365e-02	2.000904e-02	-0.0183359962,0.01560333,-0.0135410763,-0.0113664679	-0.0184820164,0.0157630667,-0.0134570077,-0.011381492
p4	2	862	linear_attn_out-6	6	1024	0	2.273462e-02	2.760828e-03	0.114264369,0.00926351454,-0.0160053931,-0.0108964518	0.111790538,0.00978511013,-0.017030606,-0.0108946683
p4	2	863	attn_residual-6	6	1024	0	1.360797e-02	3.562152e-03	-0.676105499,0.0195616893,0.0461522043,0.0381328315	-0.679667652,0.0192598756,0.0452913046,0.0375810005
p4	2	864	attn_post_norm-6	6	1024	0	1.464054e-02	6.219894e-02	-10.0837774,0.357385814,0.832357466,0.712779224	-10.1190224,0.351251006,0.81539005,0.701225162
p4	2	865	ffn_out-6	6	1024	0	3.689461e-02	4.786383e-03	0.183767825,0.0136220856,-0.0280249976,0.0370744355	0.183953956,0.0133420695,-0.0283472277,0.0362002477
p4	2	866	l_out-6	6	1024	0	1.898066e-02	4.723258e-03	-0.492337674,0.0331837758,0.0181272067,0.0752072632	-0.495713711,0.0326019451,0.0169440769,0.0737812519
p4	2	867	attn_norm-7	7	1024	0	1.877796e-02	8.675473e-02	-8.16299725,0.584665179,0.32982263,1.58962464	-8.22273064,0.574676692,0.308436692,1.56019688
p4	2	868	attn_pregate-7	7	2048	0	2.030042e-02	2.318470e-01	0.130815998,-0.151437744,0.922815919,-0.224278092	0.146009386,-0.137499869,0.892041385,-0.218430236
p4	2	869	attn_gated-7	7	2048	0	2.460151e-02	2.430677e-02	0.0266409144,-0.0392240472,0.279590189,-0.0364061669	0.0297045317,-0.0359977037,0.274609089,-0.0358474851
p4	2	870	attn_output-7	7	1024	0	4.504316e-02	7.573195e-03	-0.0750476941,-0.000687003136,0.00784670562,-0.0601437986	-0.0674744993,-0.00109972525,0.00835539587,-0.0592697449
p4	2	871	attn_residual-7	7	1024	0	2.377016e-02	4.801571e-03	-0.567385375,0.0324967727,0.0259739123,0.0150634646	-0.563188195,0.0315022208,0.0252994727,0.014511507
p4	2	872	attn_post_norm-7	7	1024	0	2.676223e-02	9.811842e-02	-7.27478313,0.606748402,0.467632294,0.29264757	-7.21801662,0.587938666,0.45530355,0.281809092
p4	2	873	ffn_out-7	7	1024	0	5.079512e-02	5.698361e-03	-0.217620313,0.0290186368,0.0162972622,-0.0350139998	-0.220172986,0.0304366276,0.0148222847,-0.0343115479
p4	2	874	l_out-7	7	1024	0	2.473300e-02	4.903190e-03	-0.785005689,0.0615154095,0.0422711745,-0.0199505351	-0.783361197,0.0619388483,0.0401217565,-0.0198000409
p4	2	875	attn_norm-8	8	1024	0	2.730602e-02	1.263438e-01	-15.8336172,1.46783888,0.915304482,-0.511552274	-15.8043413,1.47830677,0.868976831,-0.50781858
p4	2	876	conv_output_silu-8	8	6144	0	7.906798e-03	2.527947e-02	0.0114461072,-0.00995551888,0.00154008577,-0.0134663703	0.012685081,-0.00992712285,-0.0012800782,-0.0113488538
p4	2	877	q_conv_predelta-8	8	2048	0	2.468679e-02	1.910685e-02	0.00681158435,-0.00592453498,0.000916505931,-0.00801384449	0.00749239838,-0.0058634202,-0.000756073685,-0.00670316024
p4	2	878	k_conv_predelta-8	8	2048	0	1.456299e-02	1.575518e-02	0.0220129713,0.0825768039,0.0772805363,-0.0107841687	0.0208644327,0.083079122,0.0776076242,-0.0108259786
p4	2	879	v_conv_predelta-8	8	2048	0	1.512441e-03	9.315491e-03	-0.0772742182,-0.0154847037,-0.0238032807,0.0538599826	-0.0773125738,-0.0156197138,-0.0236559585,0.0538326465
p4	2	880	a_softplus-8	8	16	0	2.730004e-02	3.590024e-02	0.280390203,0.0896735191,0.0067262426,0.0508012548	0.28794536,0.0875853747,0.00637023849,0.0494435132
p4	2	881	gate-8	8	16	0	2.497742e-02	1.300222e-02	-0.0984262154,-0.0254919585,-0.00200386764,-0.00766984234	-0.101078324,-0.0248983502,-0.0018978077,-0.00746485405
p4	2	882	beta_sigmoid-8	8	16	0	4.741484e-03	8.348286e-03	0.787186444,0.583560526,0.446135253,0.680851579	0.783873618,0.578238904,0.443019867,0.677480102
p4	2	883	state_predelta-8	8	262144	44624	1.186345e-07	1.788139e-07	0.00319909491,-0.00759682897,0.00447117444,-0.00280695222	0.00319909398,-0.00759682897,0.00447117491,-0.00280695222
p4	2	884	new_state-8	8	262144	2	1.585346e-02	7.423735e-02	0.00140919338,-0.0124742277,-0.001178951,-0.00181387074	0.00148516777,-0.0124664567,-0.00118983584,-0.00180737011
p4	2	885	attn_output-8	8	2048	0	4.858659e-03	4.767329e-04	-0.000110476198,-1.36163326e-05,-2.0674388e-05,6.19146085e-05	-0.00010814234,-1.33939384e-05,-1.99339265e-05,6.0548773e-05
p4	2	886	z-8	8	2048	0	1.477918e-02	1.042976e-01	-0.274884403,1.03046012,0.462452769,-0.11809057	-0.27862674,1.04505432,0.48945412,-0.10863322
p4	2	887	final_output-8	8	2048	0	2.483080e-02	1.908112e-02	0.0120839067,-0.0067375889,-0.00588240661,-0.00260043913	0.0119647505,-0.00674744416,-0.0060656108,-0.00235124119
p4	2	888	linear_attn_out-8	8	1024	0	5.084526e-02	6.355613e-03	0.168411642,-0.0495535061,0.0209092498,0.00407937542	0.174767256,-0.0480833426,0.0212762207,0.00597824622
p4	2	889	attn_residual-8	8	1024	0	2.675975e-02	8.000135e-03	-0.616594076,0.0119619034,0.0631804243,-0.0158711597	-0.608593941,0.0138555057,0.0613979772,-0.0138217947
p4	2	890	attn_post_norm-8	8	1024	0	3.043205e-02	1.318146e-01	-7.98927212,0.224778399,1.14651787,-0.327038944	-7.89434767,0.2606498,1.11540639,-0.285125464
p4	2	891	ffn_out-8	8	1024	0	5.110563e-02	3.916796e-03	0.0188042708,0.00215061475,-0.0104096401,0.0169384032	0.0156545285,0.00198289007,-0.00896694232,0.0188429318
p4	2	892	l_out-8	8	1024	0	3.012664e-02	7.124305e-03	-0.597789824,0.0141125182,0.052770786,0.00106724352	-0.592939436,0.0158383958,0.0524310358,0.00502113719
p4	2	893	attn_norm-9	9	1024	0	3.327736e-02	1.770042e-01	-11.6484776,0.334494174,1.23207438,0.0299465414	-11.5239029,0.37442416,1.22095716,0.140525088
p4	2	894	conv_output_silu-9	9	6144	0	1.918204e-02	3.558421e-02	0.0235578883,-0.162181526,-0.247162268,0.136633828	0.0216061659,-0.165400788,-0.2459234,0.139181256
p4	2	895	q_conv_predelta-9	9	2048	0	2.475095e-02	2.375093e-02	0.0165912118,-0.114220254,-0.174070001,0.0962276682	0.0151909776,-0.116290852,-0.172905132,0.0978562981
p4	2	896	k_conv_predelta-9	9	2048	0	1.511683e-02	1.349368e-02	-0.104457244,-0.0233511794,-0.17461662,-0.00713434909	-0.104453459,-0.0233212151,-0.174711511,-0.00714327442
p4	2	897	v_conv_predelta-9	9	2048	0	8.089463e-03	2.374089e-02	-0.00235851156,0.0197247081,0.0126298731,-0.0195243359	-0.00233164546,0.0197043531,0.0126305306,-0.0195189584
p4	2	898	a_softplus-9	9	16	0	1.465090e-02	1.170322e-02	0.0106503423,0.00269799726,0.146946445,0.111496188	0.0100580761,0.00286549656,0.141412377,0.104843624
p4	2	899	gate-9	9	16	0	2.979489e-02	1.172502e-02	-0.00431996956,-0.000367998029,-0.049996011,-0.0206247214	-0.00407973584,-0.00039084439,-0.0481131412,-0.0193941202
p4	2	900	beta_sigmoid-9	9	16	0	7.528939e-03	1.303658e-02	0.941923201,0.308716387,0.575491548,0.244720683	0.942439497,0.309696943,0.581827223,0.241731465
p4	2	901	state_predelta-9	9	262144	63821	2.716742e-07	7.152557e-07	-0.000868412142,-0.000613930053,-0.000474657078,5.08167432e-05	-0.000868412142,-0.000613930053,-0.000474657019,5.08167432e-05
p4	2	902	new_state-9	9	262144	4	7.974096e-03	1.048916e-02	-0.000356518314,-0.000497687724,0.00037684181,8.53039674e-05	-0.000360589067,-0.000498838781,0.000370759459,8.50966317e-05
p4	2	903	attn_output-9	9	2048	0	1.456441e-02	7.112464e-05	1.31793684e-06,8.56285405e-05,6.06768226e-05,-0.000111885238	1.33015976e-06,8.67021445e-05,6.14509481e-05,-0.00011303374
p4	2	904	z-9	9	2048	0	1.768545e-02	9.102565e-02	-0.254867196,0.264769107,-0.489326179,0.554365695	-0.311570317,0.238123924,-0.440716356,0.554340124
p4	2	905	final_output-9	9	2048	0	3.942260e-02	1.988545e-02	-0.000158980183,0.0131941913,-0.0120077943,-0.0386629924	-0.000189880811,0.0118740564,-0.0112830801,-0.0390515476
p4	2	906	linear_attn_out-9	9	1024	0	5.214428e-02	2.392426e-03	0.0356797688,0.0110964449,-0.00651529711,-0.00335563649	0.0332873426,0.0101040676,-0.00686299615,-0.00451024575
p4	2	907	attn_residual-9	9	1024	0	3.003083e-02	6.375298e-03	-0.562110066,0.0252089631,0.0462554879,-0.00228839298	-0.55965209,0.0259424634,0.0455680415,0.000510891434
p4	2	908	attn_post_norm-9	9	1024	0	3.437209e-02	1.289874e-01	-7.64634037,0.480260223,0.850844741,-0.0493041836	-7.59152889,0.492846549,0.835846007,0.0109764189
p4	2	909	ffn_out-9	9	1024	0	6.223123e-02	6.810836e-03	-0.12377093,-0.00331624225,-0.00263236463,-0.0175874289	-0.130581766,-0.00327619538,-0.0033233054,-0.0167607069
p4	2	910	l_out-9	9	1024	0	3.199448e-02	6.808043e-03	-0.685881019,0.0218927208,0.0436231233,-0.0198758226	-0.690233827,0.0226662681,0.0422447361,-0.016249815
p4	2	911	attn_norm-10	10	1024	0	3.467427e-02	1.587238e-01	-14.332119,0.476625651,1.01537311,-0.498805851	-14.3514767,0.491016865,0.978408635,-0.405782759
p4	2	912	conv_output_silu-10	10	6144	0	1.949303e-02	5.829763e-02	-0.0027794065,-0.00585737964,-0.0065138014,-0.0338060968	-0.00272626616,-0.00560907833,-0.00686782086,-0.0328241251
p4	2	913	q_conv_predelta-10	10	2048	0	2.249980e-02	1.863933e-02	-0.00796053372,-0.0167761948,-0.0186562613,-0.0968244672	-0.0078132106,-0.0160750672,-0.0196824986,-0.0940707102
p4	2	914	k_conv_predelta-10	10	2048	0	1.508112e-02	1.046918e-02	-0.0100482227,0.0662622228,0.233072132,0.00383541035	-0.0112841753,0.0731882006,0.234602064,0.00466617616
p4	2	915	v_conv_predelta-10	10	2048	0	8.435948e-03	4.098931e-03	0.00928807165,0.00585906859,-0.00456026196,0.000693610404	0.00964862853,0.0065264455,-0.00516908197,0.000829521159
p4	2	916	a_softplus-10	10	16	0	2.102988e-03	6.998062e-03	0.0540232025,0.000914393924,3.73865986,0.0773754641	0.0555171855,0.000889263407,3.74565792,0.0784305781
p4	2	917	gate-10	10	16	0	2.316865e-03	2.167940e-03	-0.0413402058,-0.00530324364,-1.15818274,-0.015843071	-0.0424834453,-0.00515749352,-1.16035068,-0.0160591118
p4	2	918	beta_sigmoid-10	10	16	0	6.411021e-03	1.239836e-02	0.764728785,0.570638955,0.956331193,0.764530838	0.763645351,0.563535213,0.956060886,0.76188606
p4	2	919	state_predelta-10	10	262144	58676	2.746103e-07	3.576279e-07	-0.000777986657,0.00186613528,0.00325596263,0.000378815021	-0.000777987065,0.00186613505,0.00325596193,0.000378815137
p4	2	920	new_state-10	10	262144	2	9.211788e-03	2.542891e-03	-0.00074633176,0.00178958266,0.00312066101,0.000363417348	-0.000748568855,0.0018075913,0.00318168104,0.000364275009
p4	2	921	attn_output-10	10	2048	0	1.695305e-02	5.159969e-05	-2.55779669e-05,1.06667458e-05,2.48605647e-05,4.71072099e-06	-2.31453287e-05,1.26953564e-05,2.22082963e-05,5.78142908e-06
p4	2	922	z-10	10	2048	0	1.351944e-02	1.183960e-01	2.31479931,0.503755093,0.776431322,0.964372337	2.31307101,0.507246435,0.75554049,0.946157932
p4	2	923	final_output-10	10	2048	0	5.679794e-02	1.960744e-02	-0.0483505726,0.00357257342,0.012862538,0.00335885584	-0.0437141806,0.00428725639,0.0111076366,0.00402416382
p4	2	924	linear_attn_out-10	10	1024	0	5.735167e-02	8.875147e-03	0.11572367,0.0052132206,0.00322291045,-0.00328697963	0.124598816,0.00502253231,0.00328527368,-0.00422991952
p4	2	925	attn_residual-10	10	1024	0	3.085715e-02	5.658329e-03	-0.570157349,0.0271059424,0.0468460321,-0.0231628027	-0.565635026,0.0276888013,0.04553001,-0.020479735
p4	2	926	attn_post_norm-10	10	1024	0	3.417249e-02	1.140236e-01	-9.02415085,0.529592633,0.91233319,-0.482030213	-8.92902184,0.539557278,0.884370744,-0.425072908
p4	2	927	ffn_out-10	10	1024	0	5.225297e-02	6.406903e-03	0.149418831,-0.00630713115,0.00743097113,0.0111440923	0.143011928,-0.00621621078,0.00778769236,0.0105874902
p4	2	928	l_out-10	10	1024	0	3.276362e-02	5.606707e-03	-0.420738518,0.0207988117,0.0542770028,-0.0120187104	-0.422623098,0.02147259,0.0533177033,-0.00989224482
p4	2	929	attn_norm-11	11	1024	0	3.378048e-02	1.276751e-01	-7.76579285,0.400407284,1.11590028,-0.272468507	-7.77651834,0.412103504,1.09279668,-0.223569065
p4	2	930	attn_pregate-11	11	2048	0	4.451688e-02	1.033579e+00	0.24328813,0.111819759,0.145025834,-0.0890625194	0.236700952,0.107075393,0.142590702,-0.0838794708
p4	2	931	attn_gated-11	11	2048	0	3.667426e-02	3.188029e-02	0.0111996774,0.00645518256,0.00864079222,-0.00458597159	0.0109215602,0.00613333518,0.00858989544,-0.00421460718
p4	2	932	attn_output-11	11	1024	0	7.963326e-02	3.192475e-03	-0.0864105076,-0.000324540772,-0.00306666084,-0.0276822746	-0.0848210528,-0.000402550213,-0.00266517513,-0.0255522225
p4	2	933	attn_residual-11	11	1024	0	3.579459e-02	6.331977e-03	-0.507149041,0.02047427,0.0512103438,-0.039700985	-0.507444143,0.0210700408,0.0506525263,-0.0354444683
p4	2	934	attn_post_norm-11	11	1024	0	3.985687e-02	1.372524e-01	-7.45052719,0.426724017,1.01847744,-0.850096941	-7.44015694,0.438274801,1.00539637,-0.757457256
p4	2	935	ffn_out-11	11	1024	0	6.823883e-02	1.011409e-02	-0.191261679,0.00711782416,-0.0198731683,0.0399247035	-0.18114759,0.0071309749,-0.0206559952,0.0385686904
p4	2	936	l_out-11	11	1024	0	3.654701e-02	9.819031e-03	-0.698410749,0.0275920946,0.0313371755,0.000223718584	-0.688591719,0.0282010157,0.0299965311,0.00312422216
p4	2	937	attn_norm-12	12	1024	0	3.975600e-02	2.025776e-01	-14.9838123,0.667881966,0.790271521,0.0060269949	-14.7812347,0.682994604,0.756876409,0.0842128173
p4	2	938	conv_output_silu-12	12	6144	1	2.058967e-02	5.937827e-02	0.0165292583,0.0857984051,0.00193813932,-0.0628496334	0.0172709096,0.0852388442,-0.0022874577,-0.0556429736
p4	2	939	q_conv_predelta-12	12	2048	0	2.755554e-02	2.165210e-02	0.00765481871,0.0397338606,0.000897566264,-0.0291061178	0.00803831313,0.039672289,-0.00106464,-0.0258976314
p4	2	940	k_conv_predelta-12	12	2048	0	1.235448e-02	1.225943e-02	0.0269389041,-0.00693112705,0.00928566046,0.0185660124	0.0268137883,-0.00694716023,0.00929972343,0.0185683817
p4	2	941	v_conv_predelta-12	12	2048	1	5.781902e-03	1.715145e-02	-0.0202664584,0.012946046,0.00913448073,-0.0147927813	-0.0203076061,0.0128755383,0.00914552808,-0.0148016065
p4	2	942	a_softplus-12	12	16	0	1.931558e-02	6.800860e-03	0.00201153965,0.105921522,0.00329368701,0.00484127225	0.00178106863,0.0991206616,0.00298423879,0.00498196203
p4	2	943	gate-12	12	16	0	1.050365e-02	4.013665e-03	-0.000405488769,-0.062511757,-0.000341769948,-0.00137625367	-0.00035903012,-0.058498092,-0.000309660012,-0.00141624827
p4	2	944	beta_sigmoid-12	12	16	0	8.196623e-03	1.237193e-02	0.785927534,0.943372607,0.416788667,0.422652572	0.776692033,0.943166077,0.413315147,0.420836091
p4	2	945	state_predelta-12	12	262144	75375	6.483267e-08	1.192093e-07	-6.46196931e-05,-3.65318692e-06,-7.46387786e-06,-1.37063562e-05	-6.4619664e-05,-3.65318874e-06,-7.46387695e-06,-1.37063471e-05
p4	2	946	new_state-12	12	262144	2	3.572343e-03	1.008025e-02	-0.000456828275,9.72666094e-05,-0.000142661564,-0.000284024922	-0.000451407366,9.6566604e-05,-0.000141617333,-0.000281565532
p4	2	947	attn_output-12	12	2048	0	8.251616e-03	1.056015e-03	-6.19776911e-05,4.10973917e-05,2.44267867e-05,-4.10899738e-05	-6.18367121e-05,4.08064261e-05,2.43156392e-05,-4.09038475e-05
p4	2	948	z-12	12	2048	0	2.216356e-02	2.780981e-01	-0.59115392,-0.150652796,-0.541525126,-0.408674687	-0.578611255,-0.157064021,-0.512508035,-0.395875543
p4	2	949	final_output-12	12	2048	0	4.157962e-02	4.631670e-02	0.0101066325,-0.00232649501,-0.00312014087,0.00536685297	0.00994684733,-0.00239938777,-0.00299283699,0.0052136681
p4	2	950	linear_attn_out-12	12	1024	0	6.825779e-02	8.529618e-03	0.0803230405,-0.0104939239,0.0206487123,-0.00938664842	0.0717934221,-0.0112752561,0.0205407068,-0.00814016629
p4	2	951	attn_residual-12	12	1024	0	3.716314e-02	7.749125e-03	-0.618087709,0.0170981698,0.0519858897,-0.00916292984	-0.616798282,0.0169257596,0.050537236,-0.00501594413
p4	2	952	attn_post_norm-12	12	1024	0	4.107468e-02	1.585637e-01	-8.44555092,0.361486316,1.00542474,-0.189827845	-8.42533684,0.357731074,0.977106333,-0.103883006
p4	2	953	ffn_out-12	12	1024	0	7.142342e-02	8.484334e-03	0.0715295821,-0.00958773866,-0.00342456624,0.0100697353	0.0800139159,-0.011219969,-0.0018945476,0.0102808699
p4	2	954	l_out-12	12	1024	0	3.823333e-02	9.773791e-03	-0.546558142,0.00751043111,0.0485613234,0.000906805508	-0.536784351,0.00570579059,0.0486426875,0.00526492577
p4	2	955	attn_norm-13	13	1024	0	4.155279e-02	2.292379e-01	-11.6887207,0.182069153,1.19922042,0.024951892	-11.498518,0.13854751,1.20319903,0.145108551
p4	2	956	conv_output_silu-13	13	6144	0	1.938844e-02	5.894959e-02	-0.105130233,-0.115855984,0.0191043187,-0.0323795937	-0.109069519,-0.116314381,0.0184873212,-0.0330217108
p4	2	957	q_conv_predelta-13	13	2048	0	2.885251e-02	2.198428e-02	-0.0583638735,-0.0643183589,0.0106059127,-0.0179757867	-0.0602858588,-0.0642903075,0.0102184741,-0.0182520486
p4	2	958	k_conv_predelta-13	13	2048	0	1.527995e-02	1.165409e-02	-0.00490562851,0.019693749,-0.0833955184,-0.302124232	-0.00488897972,0.01962802,-0.0828792155,-0.302521944
p4	2	959	v_conv_predelta-13	13	2048	0	6.376816e-03	6.905437e-03	-0.00292080664,0.00279587414,0.00280566234,-0.00235394505	-0.00293908711,0.00281132734,0.00274569239,-0.00237402529
p4	2	960	a_softplus-13	13	16	0	9.985269e-03	1.306838e-02	0.102285787,0.403594464,0.980053723,0.110541806	0.0941826031,0.416662842,0.991989255,0.10601449
p4	2	961	gate-13	13	16	0	2.256000e-02	1.504162e-02	-0.0275298469,-0.464534402,-0.492801964,-0.0264619086	-0.0253489036,-0.479576021,-0.498803526,-0.0253781416
p4	2	962	beta_sigmoid-13	13	16	0	3.425537e-03	4.518807e-03	0.872726977,0.946857452,0.668776155,0.914213002	0.877243519,0.94989872,0.671662509,0.915122509
p4	2	963	state_predelta-13	13	262144	85	1.479349e-04	4.987419e-05	3.0004443e-05,-9.41060534e-06,-2.0328258e-05,4.19820281e-05	2.9999941e-05,-9.40981135e-06,-2.03262061e-05,4.19646603e-05
p4	2	964	new_state-13	13	262144	2	8.387401e-03	4.365780e-03	4.08341803e-05,-5.59021064e-05,0.000178179631,0.00075799413	4.09915629e-05,-5.63175745e-05,0.000179244889,0.000767522492
p4	2	965	attn_output-13	13	2048	0	1.606434e-02	5.526165e-05	-1.56770966e-05,8.6619275e-06,1.67140879e-05,-1.27712665e-05	-1.55751313e-05,9.31146405e-06,1.60160926e-05,-1.27007006e-05
p4	2	966	z-13	13	2048	0	2.546611e-02	2.149216e-01	-0.011212796,0.556319118,0.0989540964,0.722174108	0.0380315185,0.539979398,0.085032776,0.708360851
p4	2	967	final_output-13	13	2048	0	4.049962e-02	2.338290e-02	9.20579478e-05,0.00324986293,0.000915157667,-0.00639425125	-0.000317961676,0.00337146339,0.000748745922,-0.00621043332
p4	2	968	linear_attn_out-13	13	1024	0	5.070123e-02	3.176413e-03	-0.0758028924,-0.0175244808,0.0221194383,-0.00163601991	-0.0730867088,-0.0173413195,0.0214592926,0.000683753751
p4	2	969	attn_residual-13	13	1024	0	3.838976e-02	1.249003e-02	-0.622361064,-0.0100140497,0.0706807598,-0.0007292144	-0.60987103,-0.0116355289,0.0701019764,0.00594867952
p4	2	970	attn_post_norm-13	13	1024	0	4.107627e-02	1.767149e-01	-8.74206829,-0.212734967,1.38574612,-0.0142485034	-8.59449577,-0.247985289,1.37887013,0.116612531
p4	2	971	ffn_out-13	13	1024	0	6.857546e-02	7.203493e-03	0.0384963676,0.0245229304,0.0302531756,0.0350153893	0.0339056775,0.0239815209,0.0300976858,0.0334567167
p4	2	972	l_out-13	13	1024	0	3.935611e-02	7.899344e-03	-0.583864689,0.0145088807,0.100933939,0.0342861749	-0.575965345,0.012345992,0.100199662,0.0394053981
p4	2	973	attn_norm-14	14	1024	0	4.124438e-02	1.903454e-01	-11.4661684,0.321674138,2.07702994,0.819130898	-11.3067055,0.273616254,2.06113029,0.941073716
p4	2	974	conv_output_silu-14	14	6144	0	1.812020e-02	8.580661e-02	0.18725732,0.0115184309,-0.16743733,-0.112737738	0.178261697,0.0100616431,-0.169088185,-0.119100727
p4	2	975	q_conv_predelta-14	14	2048	0	3.062318e-02	3.899634e-02	0.0548346676,0.00337294862,-0.0490307659,-0.0330130532	0.0527439415,0.00297703175,-0.0500296876,-0.0352394395
p4	2	976	k_conv_predelta-14	14	2048	0	2.394880e-02	1.583784e-02	-0.00133542519,-0.043479085,0.0147685567,-0.0163401086	-0.00131479546,-0.0443049185,0.0144686308,-0.0162884574
p4	2	977	v_conv_predelta-14	14	2048	0	7.924676e-03	1.438799e-02	-0.00040607003,0.013618106,0.0168217681,-0.015629366	-0.000480088405,0.0137248356,0.0172110535,-0.0158294328
p4	2	978	a_softplus-14	14	16	0	2.464134e-02	2.732503e-02	0.117821924,0.0480806269,0.202856496,0.00173561077	0.119847834,0.0462542176,0.202746511,0.0016770598
p4	2	979	gate-14	14	16	0	2.660047e-02	1.095441e-02	-0.0370743126,-0.00803507864,-0.134867877,-0.00522221625	-0.0377117917,-0.0077298549,-0.134794757,-0.00504604448
p4	2	980	beta_sigmoid-14	14	16	0	4.308113e-03	6.932169e-03	0.565374494,0.440191776,0.90384531,0.756937325	0.564615607,0.433259606,0.900755227,0.759643316
p4	2	981	state_predelta-14	14	262144	0	6.131039e-03	7.942885e-03	1.8177243e-05,0.0003916313,-9.66797325e-06,3.76012531e-06	1.82361127e-05,0.000392791379,-9.67061987e-06,3.78040954e-06
p4	2	982	new_state-14	14	262144	2	1.130523e-02	7.469118e-03	1.83667162e-05,0.000405086175,-1.87278492e-05,1.40365428e-05	1.8454768e-05,0.000408365013,-1.9145933e-05,1.47105138e-05
p4	2	983	attn_output-14	14	2048	0	1.169186e-02	1.239516e-04	9.9034412e-07,1.12558319e-05,2.21310597e-06,3.47403193e-06	1.02284707e-06,1.15818311e-05,2.18364562e-06,3.8178041e-06
p4	2	984	z-14	14	2048	0	2.241278e-02	1.603737e-01	-1.27327323,-1.03229558,0.0758982301,0.692075133	-1.37027073,-0.98104459,0.0307101011,0.715584397
p4	2	985	final_output-14	14	2048	0	3.965024e-02	2.356434e-02	-0.000286853319,-0.00302009005,8.6723463e-05,0.00145058928	-0.0002951223,-0.00306403195,3.38456921e-05,0.00165996654
p4	2	986	linear_attn_out-14	14	1024	0	4.796599e-02	4.400128e-03	0.156393379,0.0148842111,0.0160435345,0.00126658566	0.155298993,0.0150551368,0.0174358264,-0.00190206803
p4	2	987	attn_residual-14	14	1024	0	3.850757e-02	8.141175e-03	-0.42747131,0.0293930918,0.116977476,0.0355527624	-0.420666337,0.0274011288,0.117635489,0.0375033319
p4	2	988	attn_post_norm-14	14	1024	0	3.873333e-02	1.554753e-01	-5.88912058,0.567919791,2.12088251,0.625544012	-5.77848482,0.527889371,2.12659836,0.657941282
p4	2	989	ffn_out-14	14	1024	0	5.775299e-02	6.578958e-03	0.1624524,-0.0946649015,-0.0192567762,-0.0196772646	0.161899388,-0.0947619379,-0.0201789699,-0.0185554884
p4	2	990	l_out-14	14	1024	0	3.820859e-02	9.246819e-03	-0.26501891,-0.0652718097,0.0977206975,0.0158754978	-0.258766949,-0.0673608109,0.0974565148,0.0189478435
p4	2	991	attn_norm-15	15	1024	0	3.714401e-02	1.484661e-01	-3.49177742,-0.961220443,1.43594134,0.231955707	-3.39627695,-0.988164544,1.42654538,0.275779545
p4	2	992	attn_pregate-15	15	2048	0	2.289505e-02	9.978380e-01	-0.0314089395,0.0655925125,-0.0501714572,0.0967820212	-0.013420295,0.0517036356,-0.0657182932,0.0906546414
p4	2	993	attn_gated-15	15	2048	0	2.462688e-02	2.747917e-02	-0.00178475783,0.00797235593,-0.000566755829,0.0236773044	-0.000740643998,0.00619550934,-0.000744420569,0.0218457077
p4	2	994	attn_output-15	15	1024	0	4.956762e-02	3.641328e-03	-0.168152869,0.00174214318,-0.0238927379,0.00865536183	-0.165227592,0.00277379155,-0.0231414028,0.0105903
p4	2	995	attn_residual-15	15	1024	0	3.995042e-02	9.609364e-03	-0.433171779,-0.0635296702,0.0738279596,0.0245308597	-0.423994541,-0.0645870194,0.0743151158,0.0295381434
p4	2	996	attn_post_norm-15	15	1024	0	4.047347e-02	1.551432e-01	-4.77176237,-1.10660303,1.22643209,0.378134608	-4.65386486,-1.12097347,1.23008358,0.453682184
p4	2	997	ffn_out-15	15	1024	0	5.704692e-02	8.917950e-03	-0.218314514,-0.00250424445,-0.0423772819,0.0601055548	-0.218699962,-0.000145509839,-0.0432220176,0.0568754002
p4	2	998	l_out-15	15	1024	0	3.795039e-02	1.183391e-02	-0.651486278,-0.0660339147,0.0314506777,0.0846364126	-0.642694473,-0.0647325292,0.0310930982,0.0864135474
p4	2	999	attn_norm-16	16	1024	0	3.944686e-02	2.178826e-01	-8.73271275,-1.27307332,0.505050659,1.52268088	-8.59094238,-1.24451816,0.497921944,1.55033588
p4	2	1000	conv_output_silu-16	16	6144	0	1.837707e-02	8.933020e-02	-0.257070005,0.133789331,-0.128052205,-0.156325147	-0.25899896,0.129197136,-0.13104251,-0.158211872
p4	2	1001	q_conv_predelta-16	16	2048	0	2.535770e-02	2.188893e-02	-0.0193960294,0.0100944554,-0.00966158696,-0.0117947916	-0.0196443964,0.00979926623,-0.00993923377,-0.0119999582
p4	2	1002	k_conv_predelta-16	16	2048	0	2.476036e-02	1.486145e-02	0.044448223,0.118444182,-0.047170803,-0.0965851471	0.0429120027,0.115787506,-0.048038099,-0.0961234197
p4	2	1003	v_conv_predelta-16	16	2048	0	1.803212e-02	5.567057e-02	-0.158634007,-0.0176261831,0.441918641,0.0923589543	-0.159602955,-0.0178210959,0.438345075,0.0924061984
p4	2	1004	a_softplus-16	16	16	0	1.367657e-02	1.184905e-02	0.00145782018,0.180394515,0.00734012946,0.245699793	0.00140591932,0.175890982,0.0073620216,0.240603924
p4	2	1005	gate-16	16	16	0	1.207293e-02	6.317645e-03	-0.000296174141,-0.0731712431,-0.000876653474,-0.0531363077	-0.000285629852,-0.0713445321,-0.000879268104,-0.0520342477
p4	2	1006	beta_sigmoid-16	16	16	0	6.681364e-03	1.077130e-02	0.805077136,0.887800813,0.783681571,0.782883763	0.801019728,0.887056231,0.782601953,0.777855396
p4	2	1007	state_predelta-16	16	262144	1	1.010690e-02	1.632476e-02	-0.0145352287,0.00769840926,-0.00240373937,0.00255917106	-0.0145237446,0.00771183893,-0.00241689244,0.00260961545
p4	2	1008	new_state-16	16	262144	1	1.375569e-02	1.385701e-02	-0.0168244801,0.0015843343,3.10160685e-05,0.00754226837	-0.0167420618,0.00171286333,7.17481598e-05,0.00758721679
p4	2	1009	attn_output-16	16	2048	0	1.664465e-02	1.700386e-03	-0.00156013819,-0.000101508107,0.00439517479,0.000678808836	-0.00153043866,-0.000100330304,0.00426361617,0.000662607199
p4	2	1010	z-16	16	2048	0	2.473371e-02	1.955075e-01	0.117566749,0.255422056,0.194048524,0.335650623	0.0867435783,0.2432217,0.226707518,0.33676514
p4	2	1011	final_output-16	16	2048	0	3.281510e-02	5.204856e-02	-0.0347917974,-0.00541523146,0.193549022,0.0483615436	-0.0252763964,-0.00516363792,0.226715505,0.0482652336
p4	2	1012	linear_attn_out-16	16	1024	0	5.075627e-02	9.379664e-03	-0.116830692,-0.00285965577,-0.0359233655,0.0260574073	-0.120493501,-0.00225977227,-0.0402576998,0.026501134
p4	2	1013	attn_residual-16	16	1024	0	3.840237e-02	1.293650e-02	-0.768316984,-0.0688935667,-0.00447268784,0.11069382	-0.763188004,-0.0669922978,-0.00916460156,0.112914681
p4	2	1014	attn_post_norm-16	16	1024	0	4.018899e-02	1.697116e-01	-6.34453297,-0.957866848,-0.0608688407,1.25862157	-6.28169727,-0.928405225,-0.124315791,1.27970076
p4	2	1015	ffn_out-16	16	1024	0	4.635600e-02	1.474404e-02	0.0906277895,-0.0317195505,0.108013719,-0.0184072256	0.0758837461,-0.035315074,0.10835956,-0.022122249
p4	2	1016	l_out-16	16	1024	0	3.664557e-02	1.431955e-02	-0.677689195,-0.100613117,0.103541031,0.0922865942	-0.687304258,-0.102307372,0.0991949588,0.0907924324
p4	2	1017	attn_norm-17	17	1024	0	3.734115e-02	1.857654e-01	-7.3685708,-1.47075152,1.41491556,1.22777379	-7.46148396,-1.49319017,1.35341537,1.20601547
p4	2	1018	conv_output_silu-17	17	6144	0	1.291415e-02	1.065264e-01	-0.183725893,-0.135530204,-0.271109819,-0.0312607326	-0.181078538,-0.141549692,-0.270079166,-0.032476075
p4	2	1019	q_conv_predelta-17	17	2048	0	2.331339e-02	2.200257e-02	-0.0296716504,-0.0218880679,-0.0437841155,-0.00504859444	-0.0294389836,-0.0230125505,-0.0439083315,-0.00527982321
p4	2	1020	k_conv_predelta-17	17	2048	0	2.412684e-02	1.465043e-02	-0.0269460995,-0.0839269608,-0.00844116136,-0.0343623608	-0.0255350173,-0.083133921,-0.00830420293,-0.0334542878
p4	2	1021	v_conv_predelta-17	17	2048	0	1.624202e-02	4.075967e-02	-0.27805689,-0.229758814,-0.0168499555,-0.209899157	-0.277959317,-0.228867769,-0.0132626593,-0.209114596
p4	2	1022	a_softplus-17	17	16	0	3.928283e-02	2.565414e-02	0.00214965385,0.00295428722,0.140294492,0.4304097	0.0021663073,0.00302143954,0.139285594,0.415441483
p4	2	1023	gate-17	17	16	0	3.375111e-02	5.213439e-03	-0.000506614102,-0.000764674507,-0.0354720019,-0.149912238	-0.00051053887,-0.000782055897,-0.0352169126,-0.144698799
p4	2	1024	beta_sigmoid-17	17	16	0	5.491994e-03	9.653509e-03	0.918038726,0.680204451,0.793744922,0.958940268	0.917340577,0.674361289,0.802517533,0.95778954
p4	2	1025	state_predelta-17	17	262144	1	1.397305e-02	3.627902e-02	-0.00324089639,0.0181409232,0.00676389271,0.00802294351	-0.00339348847,0.0183359571,0.00675134035,0.00799534749
p4	2	1026	new_state-17	17	262144	0	1.714249e-02	3.805542e-02	0.00101308851,0.031376183,0.00809255987,0.0134415785	0.000612390926,0.0313628353,0.00805007666,0.0132372351
p4	2	1027	attn_output-17	17	2048	0	1.796936e-02	3.584385e-03	-0.000845873496,-0.000640196609,-3.54436343e-05,-0.000665540923	-0.000859066378,-0.000647334789,-2.65629151e-05,-0.000673032016
p4	2	1028	z-17	17	2048	0	2.341001e-02	1.607757e-01	0.570047498,0.219860822,-0.514260232,-1.13524842	0.571669042,0.231860086,-0.500241637,-1.17317748
p4	2	1029	final_output-17	17	2048	0	4.609733e-02	7.664418e-02	-0.163150176,-0.0457597561,0.00276724738,0.0958671644	-0.164232865,-0.0484566577,0.00201022997,0.0961487368
p4	2	1030	linear_attn_out-17	17	1024	0	6.402163e-02	7.352475e-03	-0.10068132,0.00350487977,0.0369194075,-0.0292504411	-0.0970556885,0.00327156112,0.0343250334,-0.0268549677
p4	2	1031	attn_residual-17	17	1024	0	3.750667e-02	1.479799e-02	-0.7783705,-0.0971082374,0.140460432,0.0630361512	-0.784359932,-0.0990358144,0.133519992,0.0639374629
p4	2	1032	attn_post_norm-17	17	1024	0	3.907480e-02	1.584781e-01	-4.9206748,-1.07658494,1.50252938,0.592841923	-4.95430851,-1.09701836,1.42706788,0.600805581
p4	2	1033	ffn_out-17	17	1024	0	5.316067e-02	9.770112e-03	0.212986931,0.0217025429,-0.0480871536,0.0155089488	0.210531399,0.0235439017,-0.0455831885,0.0155087207
p4	2	1034	l_out-17	17	1024	0	3.729149e-02	1.651192e-02	-0.565383554,-0.0754056945,0.0923732817,0.078545101	-0.573828518,-0.0754919127,0.0879368037,0.0794461817
p4	2	1035	attn_norm-18	18	1024	0	3.722215e-02	2.239937e-01	-5.864501,-1.02920926,1.21337986,1.00327647	-5.9572525,-1.03127849,1.15610445,1.01566505
p4	2	1036	conv_output_silu-18	18	6144	0	1.732658e-02	1.109791e-01	-0.158320308,0.0121451374,-0.157668203,-0.277193427	-0.15930815,-0.00926567428,-0.161524385,-0.277846038
p4	2	1037	q_conv_predelta-18	18	2048	0	3.096061e-02	3.604953e-02	-0.0433090478,0.00332234288,-0.0431306623,-0.0758271813	-0.0436055362,-0.00253618346,-0.0442121588,-0.0760515109
p4	2	1038	k_conv_predelta-18	18	2048	0	2.582416e-02	1.985590e-02	-0.0963767469,-0.104793742,-0.0266777743,0.0583896674	-0.0958318487,-0.104313277,-0.0266511533,0.0550419912
p4	2	1039	v_conv_predelta-18	18	2048	0	2.147409e-02	1.109791e-01	0.0837393552,-0.203468069,-0.00434926758,-0.180537939	0.0808678567,-0.198136866,-0.00649304921,-0.177519232
p4	2	1040	a_softplus-18	18	16	0	1.179782e-02	2.979016e-02	0.000565726426,3.1443162,0.0022816835,1.27555454	0.000598370796,3.12433982,0.00215619639,1.29384363
p4	2	1041	gate-18	18	16	0	1.198249e-02	8.788228e-03	-0.000235829852,-0.633835316,-0.000679754245,-0.343310863	-0.000249438046,-0.629808486,-0.000642369385,-0.348233283
p4	2	1042	beta_sigmoid-18	18	16	0	5.063927e-03	7.986546e-03	0.801172316,0.924152315,0.0992730558,0.935258448	0.795876622,0.921788096,0.097878553,0.934481621
p4	2	1043	state_predelta-18	18	262144	0	1.259863e-02	3.570104e-02	-0.000448596431,-0.0108828992,-0.00828475133,-0.000740527874	-0.00046927575,-0.0108399484,-0.00824108906,-0.000730078726
p4	2	1044	new_state-18	18	262144	4	1.688352e-02	6.144667e-02	0.000462969707,-0.00988927111,-0.0080304984,-0.00129255978	0.000613879994,-0.0096583534,-0.00793783739,-0.00135195092
p4	2	1045	attn_output-18	18	2048	0	2.279527e-02	3.477946e-03	0.00466427393,-0.00723294029,-0.000465872727,-0.00684036966	0.00457880739,-0.0070786248,-0.000516059983,-0.00675617717
p4	2	1046	z-18	18	2048	0	2.364538e-02	1.922235e-01	-3.14824533,-0.532201409,-0.580797553,-0.323776245	-3.29904747,-0.536881328,-0.590845704,-0.287699938
p4	2	1047	final_output-18	18	2048	0	4.691189e-02	3.823757e-02	-0.0320558362,0.0883727819,0.00550074596,0.0501336269	-0.0285874978,0.0871840268,0.00617254199,0.045022659
p4	2	1048	linear_attn_out-18	18	1024	0	5.778402e-02	1.121590e-02	-0.420760721,0.0294807348,0.0182042159,-0.0465713926	-0.431976616,0.0288070627,0.0170090012,-0.0427371673
p4	2	1049	attn_residual-18	18	1024	0	3.761947e-02	1.966083e-02	-0.986144304,-0.0459249616,0.110577494,0.0319737084	-1.00580513,-0.04668485,0.104945809,0.0367090143
p4	2	1050	attn_post_norm-18	18	1024	0	3.914921e-02	1.690026e-01	-6.65957594,-0.482065886,1.18000317,0.292391032	-6.7915864,-0.489987314,1.1197803,0.335656464
p4	2	1051	ffn_out-18	18	1024	0	4.577647e-02	9.162230e-03	-0.829962969,0.0339473225,0.0286975913,0.119641349	-0.824625432,0.0300043076,0.0315920673,0.113890305
p4	2	1052	l_out-18	18	1024	0	3.511986e-02	1.813649e-02	-1.81610727,-0.011977639,0.139275089,0.151615053	-1.83043051,-0.0166805424,0.13653788,0.150599316
p4	2	1053	attn_norm-19	19	1024	0	3.415276e-02	1.619949e-01	-11.762393,-0.0862826332,1.0340966,1.11308134	-11.8526335,-0.120135054,1.01355708,1.10538852
p4	2	1054	attn_pregate-19	19	2048	0	2.060408e-02	8.629704e-02	-0.333137512,-0.372268617,-0.218195781,-0.131501794	-0.354269654,-0.362412959,-0.22123298,-0.135404706
p4	2	1055	attn_gated-19	19	2048	0	2.545606e-02	4.057872e-02	-0.00694091665,-0.0218462031,-0.00848646276,-0.00334807695	-0.00751024857,-0.0212517697,-0.00847970229,-0.00344358198
p4	2	1056	attn_output-19	19	1024	0	4.434622e-02	1.150823e-02	0.673494816,-0.00378252566,0.0164225399,-2.2649765e-06	0.661986589,-0.002756387,0.0160971582,0.00376188755
p4	2	1057	attn_residual-19	19	1024	0	3.926288e-02	2.583146e-02	-1.14261246,-0.0157601647,0.155697629,0.151612788	-1.16844392,-0.0194369294,0.152635038,0.154361203
p4	2	1058	attn_post_norm-19	19	1024	0	4.050866e-02	1.789572e-01	-7.82451582,-0.15974699,1.44289875,1.16773307	-7.99654627,-0.196895435,1.41365755,1.18817937
p4	2	1059	ffn_out-19	19	1024	0	5.833192e-02	1.072092e-02	-0.292188704,0.00224122033,-0.0678165704,0.105522968	-0.288210213,0.000259585679,-0.0663225278,0.100225478
p4	2	1060	l_out-19	19	1024	0	3.912288e-02	2.185297e-02	-1.4348011,-0.0135189444,0.0878810585,0.257135749	-1.45665407,-0.0191773437,0.0863125101,0.254586697
p4	2	1061	attn_norm-20	20	1024	0	3.895858e-02	2.245278e-01	-10.8947887,-0.144204453,0.873598933,2.288908	-11.0467796,-0.204303846,0.856924891,2.26336074
p4	2	1062	conv_output_silu-20	20	6144	0	2.294109e-02	7.866955e-02	-0.178561196,0.0350067988,-0.173987508,0.193949625	-0.176500916,0.0390304253,-0.17763339,0.186333939
p4	2	1063	q_conv_predelta-20	20	2048	0	2.797218e-02	2.181068e-02	-0.0641743764,0.012581341,-0.0625305995,0.0697049275	-0.0631857365,0.0139725404,-0.0635911524,0.0667058676
p4	2	1064	k_conv_predelta-20	20	2048	0	2.756537e-02	2.017221e-02	-0.0817484334,-0.0310386214,-0.0300516989,-0.0542672165	-0.0825205594,-0.029884642,-0.0303333551,-0.0537242852
p4	2	1065	v_conv_predelta-20	20	2048	0	2.046214e-02	7.034314e-02	0.0032701015,-0.0153684327,0.0509036109,0.0406811498	0.0043928572,-0.0158421807,0.0499131568,0.0398637243
p4	2	1066	a_softplus-20	20	16	0	2.277732e-02	3.733790e-02	0.00592321809,0.181699127,0.0140582519,0.76026392	0.00647814292,0.193371028,0.0148032103,0.768063188
p4	2	1067	gate-20	20	16	0	1.934175e-02	1.689535e-02	-0.0013216486,-0.0315745734,-0.00256019784,-0.217819273	-0.0014454691,-0.0336028449,-0.00269586476,-0.220053792
p4	2	1068	beta_sigmoid-20	20	16	0	3.120663e-03	7.695764e-03	0.921120942,0.971959949,0.87218219,0.96760267	0.921688735,0.971607685,0.87401408,0.96680361
p4	2	1069	state_predelta-20	20	262144	0	1.740368e-02	3.263396e-02	0.000277495943,0.000927595829,0.00148962007,0.000457509072	0.000259851862,0.000852571568,0.00140542595,0.000395277049
p4	2	1070	new_state-20	20	262144	0	2.026892e-02	5.044222e-02	-0.00171321887,0.000170666084,0.000755976886,-0.000864351867	-0.00176376407,0.000118627911,0.000659682148,-0.000922506908
p4	2	1071	attn_output-20	20	2048	0	1.465147e-02	1.272505e-03	-5.06228644e-05,-0.000685015926,0.00187285512,0.000978329917	1.84262603e-06,-0.000703680213,0.00186589942,0.000960213016
p4	2	1072	z-20	20	2048	0	2.390957e-02	1.829247e-01	-0.731115937,-2.68452883,0.572075725,0.00885352492	-0.755507827,-2.68419051,0.546830177,-0.00443702936
p4	2	1073	final_output-20	20	2048	0	4.270274e-02	8.642566e-02	0.00169556076,0.0175263472,0.0933543891,0.000552236277	-6.2004081e-05,0.0177988466,0.0870709717,-0.000266712537
p4	2	1074	linear_attn_out-20	20	1024	0	7.147831e-02	1.555422e-02	-0.344452977,-0.0186563358,-0.0493179113,0.0500355661	-0.360007197,-0.0195426196,-0.0503349975,0.0506477132
p4	2	1075	attn_residual-20	20	1024	0	4.252028e-02	3.740716e-02	-1.77925408,-0.0321752802,0.0385631472,0.307171315	-1.81666124,-0.0387199633,0.0359775126,0.305234402
p4	2	1076	attn_post_norm-20	20	1024	0	4.466741e-02	2.280943e-01	-9.09474754,-0.288199008,0.349561155,2.16992283	-9.2728157,-0.346329987,0.325661808,2.15318894
p4	2	1077	ffn_out-20	20	1024	0	6.794694e-02	2.377860e-02	-0.126082137,-0.0365991481,-0.0259036943,0.0335515141	-0.125311226,-0.0422435552,-0.0208596829,0.0349460877
p4	2	1078	l_out-20	20	1024	0	4.496582e-02	3.663623e-02	-1.90533626,-0.0687744319,0.0126594529,0.340722829	-1.94197249,-0.0809635222,0.0151178297,0.340180486
p4	2	1079	attn_norm-21	21	1024	0	4.570123e-02	3.196065e-01	-12.3816395,-0.686186135,0.115228087,2.88510919	-12.6143732,-0.807458878,0.137546316,2.87929749
p4	2	1080	conv_output_silu-21	21	6144	0	1.982190e-02	8.681619e-02	-0.212749526,0.63354671,-0.27516818,-0.250099838	-0.20996277,0.639678657,-0.273462474,-0.253173798
p4	2	1081	q_conv_predelta-21	21	2048	0	2.758661e-02	2.557663e-02	-0.0553581677,0.164851055,-0.0715997145,-0.0650768429	-0.0547839329,0.166906327,-0.0713524148,-0.0660586432
p4	2	1082	k_conv_predelta-21	21	2048	0	3.668593e-02	2.655761e-02	-0.00267437403,0.0465406179,0.0167743992,0.00289345859	-0.00294379471,0.0494036935,0.0143018495,0.00557449926
p4	2	1083	v_conv_predelta-21	21	2048	0	3.071444e-02	8.681619e-02	0.0201799162,-0.0856925324,-0.0984350592,-0.0145923505	0.0137654822,-0.083463788,-0.0961627886,-0.0147160748
p4	2	1084	a_softplus-21	21	16	0	3.185293e-02	5.313337e-02	0.459413618,0.738572121,0.00384128466,0.269700885	0.462135583,0.746685743,0.0039905454,0.258051574
p4	2	1085	gate-21	21	16	0	3.080654e-02	1.014069e-02	-0.135802403,-0.191168696,-0.00143538322,-0.127896309	-0.136607021,-0.193268791,-0.0014911578,-0.122372016
p4	2	1086	beta_sigmoid-21	21	16	0	2.801541e-03	5.508721e-03	0.801975846,0.918049753,0.83482182,0.98197192	0.797489047,0.921750009,0.837336838,0.981836498
p4	2	1087	state_predelta-21	21	262144	0	3.296576e-02	8.370399e-02	0.00117180427,-9.77834861e-05,0.00291723665,-0.000655946205	0.00119327824,-7.39798124e-05,0.00305867963,-0.00063472765
p4	2	1088	new_state-21	21	262144	0	3.722156e-02	8.087093e-02	0.00100701733,0.000192818494,0.00264705648,-0.000555355975	0.00103933818,-3.81202117e-05,0.00267577218,-0.000550700817
p4	2	1089	attn_output-21	21	2048	0	2.508851e-02	3.376432e-03	0.000123454651,-0.00046162447,-0.000390437257,-8.0163627e-05	9.96302115e-05,-0.000457256509,-0.00038791119,-8.49143762e-05
p4	2	1090	z-21	21	2048	0	3.469513e-02	2.072680e-01	-0.839715242,0.210238338,-0.197909236,0.882265627	-0.734155774,0.302371681,-0.155764401,0.890374899
p4	2	1091	final_output-21	21	2048	0	8.241671e-02	2.457541e-01	-0.0236473046,-0.0334739238,0.023766797,-0.042421367	-0.0179260671,-0.0496051162,0.0190009438,-0.0454205759
p4	2	1092	linear_attn_out-21	21	1024	0	9.190881e-02	1.864288e-02	0.0177391618,-0.0394026265,0.0112468023,0.0850604028	0.0182836503,-0.0393253714,0.00502819568,0.087785475
p4	2	1093	attn_residual-21	21	1024	0	4.853646e-02	4.075234e-02	-1.88759708,-0.108177058,0.0239062551,0.425783217	-1.92368889,-0.120288894,0.0201460253,0.427965969
p4	2	1094	attn_post_norm-21	21	1024	0	5.052153e-02	3.037455e-01	-8.75546741,-0.867370903,0.189153165,2.69333363	-8.92802906,-0.965041339,0.159493193,2.70870447
p4	2	1095	ffn_out-21	21	1024	0	6.968797e-02	2.239246e-02	-0.115171105,0.0207687616,-0.0781398341,0.0901453421	-0.115243033,0.0200596713,-0.0694039166,0.0809719115
p4	2	1096	l_out-21	21	1024	0	4.984609e-02	3.616357e-02	-2.00276828,-0.0874082968,-0.0542335808,0.515928566	-2.03893185,-0.100229219,-0.0492578894,0.508937895
p4	2	1097	attn_norm-22	22	1024	0	5.001587e-02	2.373625e-01	-10.625103,-0.665274978,-0.379795939,3.60827661	-10.8099813,-0.762364507,-0.344728887,3.55709028
p4	2	1098	conv_output_silu-22	22	6144	0	2.781284e-02	1.187043e-01	-0.239682272,-0.0886932313,0.0405592509,0.075236544	-0.244119167,-0.0867479444,0.0447617359,0.0690375566
p4	2	1099	q_conv_predelta-22	22	2048	0	2.841026e-02	1.797932e-02	-0.0594965704,-0.0220164098,0.0100680636,0.0186760426	-0.0609475709,-0.0216577686,0.0111753577,0.0172361359
p4	2	1100	k_conv_predelta-22	22	2048	0	4.251125e-02	2.509613e-02	-0.0187776741,0.0294118151,-0.0427569598,0.0226224232	-0.0145508908,0.0228659585,-0.0432623625,0.0186611246
p4	2	1101	v_conv_predelta-22	22	2048	0	4.536833e-02	1.187043e-01	-0.00901905075,0.00827084668,0.000182548101,-0.00229629083	-0.0075459131,0.00863797497,-0.00141863106,-0.00313862087
p4	2	1102	a_softplus-22	22	16	0	2.103472e-02	9.420466e-02	0.687445521,0.66922909,3.39769077,0.0843455866	0.663662791,0.668274641,3.30348611,0.0848364308
p4	2	1103	gate-22	22	16	0	2.301566e-02	6.178093e-02	-0.127164632,-0.151676729,-2.22826004,-0.0158480667	-0.122765273,-0.151460409,-2.16647911,-0.0159402937
p4	2	1104	beta_sigmoid-22	22	16	0	2.462918e-03	3.309011e-03	0.919650137,0.943893254,0.961062133,0.882989228	0.919321954,0.942213535,0.9637025,0.87972343
p4	2	1105	state_predelta-22	22	262144	1	3.010332e-02	2.206659e-02	0.000262434536,-0.000108218759,0.00291193509,-0.000315490412	0.000244410243,-8.47190095e-05,0.00283484068,-0.000315384241
p4	2	1106	new_state-22	22	262144	0	4.154517e-02	4.541598e-02	0.000476289308,-0.000479345588,0.00312252296,-0.000573213154	0.000384157174,-0.000338908518,0.00300677912,-0.000494382402
p4	2	1107	attn_output-22	22	2048	0	2.464383e-02	9.572598e-04	1.25311681e-05,6.52442977e-05,2.50835838e-05,-1.6901824e-05	2.08205893e-05,6.30228169e-05,1.3635291e-05,-1.99945698e-05
p4	2	1108	z-22	22	2048	0	2.947828e-02	1.995980e-01	1.8245331,0.367562503,-3.20136285,0.146918982	1.84407878,0.432739973,-3.10469842,0.180597186
p4	2	1109	final_output-22	22	2048	0	6.848537e-02	1.424592e-01	0.0219129939,0.0142542645,-0.00329079945,-0.00125790189	0.0369020142,0.0166419726,-0.00190357957,-0.00185790763
p4	2	1110	linear_attn_out-22	22	1024	0	8.662604e-02	3.990091e-02	0.234855101,0.0269584991,0.0863086432,-0.00717773894	0.194954187,0.034040086,0.0974638462,-0.0135237779
p4	2	1111	attn_residual-22	22	1024	0	5.359678e-02	7.606447e-02	-1.76791322,-0.0604497977,0.0320750624,0.508750856	-1.84397769,-0.0661891326,0.0482059568,0.495414108
p4	2	1112	attn_post_norm-22	22	1024	0	5.423350e-02	3.322945e-01	-7.93817711,-0.391610086,0.204090506,2.66149163	-8.27047157,-0.428312242,0.306387335,2.58882761
p4	2	1113	ffn_out-22	22	1024	0	7.008518e-02	4.218823e-02	-0.459934294,-0.0659925565,0.0343848467,-0.0999331772	-0.417746067,-0.0615780205,0.035126619,-0.105538949
p4	2	1114	l_out-22	22	1024	0	5.532441e-02	5.326360e-02	-2.22784758,-0.126442358,0.0664599091,0.408817679	-2.26172376,-0.127767146,0.0833325759,0.389875174
p4	2	1115	attn_norm-23	23	1024	0	5.358640e-02	2.556956e-01	-9.18971729,-0.667836785,0.362725377,1.8212992	-9.3225975,-0.674338043,0.45447886,1.73563313
p4	2	1116	attn_pregate-23	23	2048	0	1.469678e-02	3.118875e-01	-6.1595974,0.287014127,-0.346431851,-0.0680830032	-6.17694044,0.26099214,-0.359124959,-0.107097626
p4	2	1117	attn_gated-23	23	2048	0	4.558477e-02	3.809121e-01	-0.63594836,0.0214133523,-0.0248221103,-0.00527445972	-0.596703768,0.0193595532,-0.0260339957,-0.00823149923
p4	2	1118	attn_output-23	23	1024	0	6.027798e-02	7.595897e-02	0.704748988,0.132042468,0.00400836766,0.14824158	0.628790021,0.133871496,0.00851501524,0.16751036
p4	2	1119	attn_residual-23	23	1024	0	6.409496e-02	1.098351e-01	-1.52309859,0.0056001097,0.0704682767,0.557059288	-1.63293374,0.00610435009,0.0918475911,0.557385564
p4	2	1120	attn_post_norm-23	23	1024	0	6.378083e-02	4.740839e-01	-6.74083662,0.0299602002,0.346852064,2.56489396	-7.21492052,0.0326035433,0.451331496,2.56212878
p4	2	1121	ffn_out-23	23	1024	0	1.026827e-01	1.835695e-01	1.42226779,0.438157439,-0.289768249,0.720436454	1.33483696,0.449095398,-0.280327022,0.904005945
p4	2	1122	l_out-23	23	1024	0	8.483384e-02	1.972660e-01	-0.100830793,0.443757534,-0.219299972,1.27749574	-0.298096776,0.455199748,-0.188479424,1.46139145
p4	2	1123	result_norm	-1	1024	0	7.853037e-02	2.464056e+00	-0.0806096122,5.97497082,-2.86664104,18.6342373	-0.235873714,6.06625509,-2.43852544,21.0982933
p4	2	1124	result_output	-1	248320	0	1.082001e-01	1.226065e+00	9.08821678,5.07140589,8.78228188,3.49695897	9.45000935,5.4631958,8.91745472,3.48170161
p4	3	1125	model.input_embed	-1	1024	1024	0.000000e+00	0.000000e+00	0.0132803321,-0.00204312801,-0.0122587681,0.0255391002	0.0132803321,-0.00204312801,-0.0122587681,0.0255391002
p4	3	1126	attn_norm-0	0	1024	1024	0.000000e+00	0.000000e+00	1.5558511,-0.154977351,-1.10237288,2.61217475	1.5558511,-0.154977351,-1.10237288,2.61217475
p4	3	1127	conv_output_silu-0	0	6144	6144	0.000000e+00	0.000000e+00	-0.00173317746,0.0157731082,-0.0130554149,-0.0155840311	-0.00173317746,0.0157731082,-0.0130554149,-0.0155840311
p4	3	1128	q_conv_predelta-0	0	2048	2048	0.000000e+00	0.000000e+00	-0.00360168656,0.0327778235,-0.027130235,-0.0323849097	-0.00360168656,0.0327778235,-0.027130235,-0.0323849097
p4	3	1129	k_conv_predelta-0	0	2048	2048	0.000000e+00	0.000000e+00	-0.075024724,0.0650910065,0.00634285575,0.00972129125	-0.075024724,0.0650910065,0.00634285575,0.00972129125
p4	3	1130	v_conv_predelta-0	0	2048	2048	0.000000e+00	0.000000e+00	0.00743849762,-0.00143130473,-0.0149791995,0.0210651662	0.00743849762,-0.00143130473,-0.0149791995,0.0210651662
p4	3	1131	a_softplus-0	0	16	16	0.000000e+00	0.000000e+00	4.62693262,0.00961801503,0.0230633877,5.78750658	4.62693262,0.00961801503,0.0230633877,5.78750658
p4	3	1132	gate-0	0	16	16	0.000000e+00	0.000000e+00	-5.98769569,-0.00126160902,-0.00275452901,-3.28476572	-5.98769569,-0.00126160902,-0.00275452901,-3.28476572
p4	3	1133	beta_sigmoid-0	0	16	16	0.000000e+00	0.000000e+00	0.774540186,0.362739265,0.698212206,0.997367084	0.774540186,0.362739265,0.698212206,0.997367084
p4	3	1134	state_predelta-0	0	262144	262144	0.000000e+00	0.000000e+00	0.000270864082,0.000284769339,0.000593080942,-4.44501384e-05	0.000270864082,0.000284769339,0.000593080942,-4.44501384e-05
p4	3	1135	new_state-0	0	262144	262144	0.000000e+00	0.000000e+00	-0.000430970977,0.000375212199,3.79815792e-05,5.58193788e-05	-0.000430970977,0.000375212199,3.79815792e-05,5.58193788e-05
p4	3	1136	attn_output-0	0	2048	2048	0.000000e+00	0.000000e+00	1.10316932e-05,-2.1286296e-06,-2.23369243e-05,3.14337449e-05	1.10316932e-05,-2.1286296e-06,-2.23369243e-05,3.14337449e-05
p4	3	1137	z-0	0	2048	2048	0.000000e+00	0.000000e+00	0.388505101,-1.41854525,0.805943251,-0.0319661349	0.388505101,-1.41854525,0.805943251,-0.0319661349
p4	3	1138	final_output-0	0	2048	2048	0.000000e+00	0.000000e+00	0.00245561614,0.000581721193,-0.0115246484,-0.000456167822	0.00245561614,0.000581721193,-0.0115246484,-0.000456167822
p4	3	1139	linear_attn_out-0	0	1024	1024	0.000000e+00	0.000000e+00	-0.672615767,-0.0215012804,-0.0450527668,-0.0392424576	-0.672615767,-0.0215012804,-0.0450527668,-0.0392424576
p4	3	1140	attn_residual-0	0	1024	1024	0.000000e+00	0.000000e+00	-0.659335434,-0.0235444084,-0.0573115349,-0.0137033574	-0.659335434,-0.0235444084,-0.0573115349,-0.0137033574
p4	3	1141	attn_post_norm-0	0	1024	1024	0.000000e+00	0.000000e+00	-10.2213392,-0.669530809,-1.67702353,-0.392910004	-10.2213392,-0.669530809,-1.67702353,-0.392910004
p4	3	1142	ffn_out-0	0	1024	1024	0.000000e+00	0.000000e+00	0.256292999,-0.0103787575,0.0220440775,0.021410279	0.256292999,-0.0103787575,0.0220440775,0.021410279
p4	3	1143	l_out-0	0	1024	1024	0.000000e+00	0.000000e+00	-0.403042436,-0.033923164,-0.0352674574,0.00770692155	-0.403042436,-0.033923164,-0.0352674574,0.00770692155
p4	3	1144	attn_norm-1	1	1024	1024	0.000000e+00	0.000000e+00	-11.6759176,-1.27340353,-1.26630604,0.296700478	-11.6759176,-1.27340353,-1.26630604,0.296700478
p4	3	1145	conv_output_silu-1	1	6144	6144	0.000000e+00	0.000000e+00	-0.00389524852,0.00450199842,-0.0183636937,-0.275922656	-0.00389524852,0.00450199842,-0.0183636937,-0.275922656
p4	3	1146	q_conv_predelta-1	1	2048	2048	0.000000e+00	0.000000e+00	-0.00240004621,0.00277389353,-0.0113147376,-0.170008957	-0.00240004621,0.00277389353,-0.0113147376,-0.170008957
p4	3	1147	k_conv_predelta-1	1	2048	2048	0.000000e+00	0.000000e+00	-0.0996762589,-0.0498878546,0.0287723411,0.00484109996	-0.0996762589,-0.0498878546,0.0287723411,0.00484109996
p4	3	1148	v_conv_predelta-1	1	2048	2048	0.000000e+00	0.000000e+00	0.153323218,-0.0611149743,-0.000993433874,0.00798586849	0.153323218,-0.0611149743,-0.000993433874,0.00798586849
p4	3	1149	a_softplus-1	1	16	16	0.000000e+00	0.000000e+00	0.0268594995,0.572213709,1.06260955,0.582225502	0.0268594995,0.572213709,1.06260955,0.582225502
p4	3	1150	gate-1	1	16	16	0.000000e+00	0.000000e+00	-0.00481564272,-0.617201865,-1.21709871,-0.176186904	-0.00481564272,-0.617201865,-1.21709871,-0.176186904
p4	3	1151	beta_sigmoid-1	1	16	16	0.000000e+00	0.000000e+00	0.233194217,0.883247256,0.955107272,0.864252567	0.233194217,0.883247256,0.955107272,0.864252567
p4	3	1152	state_predelta-1	1	262144	262144	0.000000e+00	0.000000e+00	-0.00684722699,0.0644885376,0.0052401619,0.000843907939	-0.00684722699,0.0644885376,0.0052401619,0.000843907939
p4	3	1153	new_state-1	1	262144	262144	0.000000e+00	0.000000e+00	-0.0102653401,0.0624515004,0.00621114857,0.00100746308	-0.0102653401,0.0624515004,0.00621114857,0.00100746308
p4	3	1154	attn_output-1	1	2048	2048	0.000000e+00	0.000000e+00	0.00125787279,-0.000781866082,0.00015300719,2.46491327e-05	0.00125787279,-0.000781866082,0.00015300719,2.46491327e-05
p4	3	1155	z-1	1	2048	2048	0.000000e+00	0.000000e+00	-4.77189922,-6.17483187,-1.64922643,0.0820682645	-4.77189922,-6.17483187,-1.64922643,0.0820682645
p4	3	1156	final_output-1	1	2048	2048	0.000000e+00	0.000000e+00	-0.0422935858,0.00839890726,-0.0373467989,0.00106556178	-0.0422935858,0.00839890726,-0.0373467989,0.00106556178
p4	3	1157	linear_attn_out-1	1	1024	1024	0.000000e+00	0.000000e+00	-0.106518567,0.0144725889,0.035366863,0.0194927156	-0.106518567,0.0144725889,0.035366863,0.0194927156
p4	3	1158	attn_residual-1	1	1024	1024	0.000000e+00	0.000000e+00	-0.509561002,-0.0194505751,9.94056463e-05,0.0271996371	-0.509561002,-0.0194505751,9.94056463e-05,0.0271996371
p4	3	1159	attn_post_norm-1	1	1024	1024	0.000000e+00	0.000000e+00	-7.97492456,-0.479531914,0.00247582654,0.715205014	-7.97492456,-0.479531914,0.00247582654,0.715205014
p4	3	1160	ffn_out-1	1	1024	1024	0.000000e+00	0.000000e+00	0.361533701,0.0479648598,-0.00157867279,-0.0171391033	0.361533701,0.0479648598,-0.00157867279,-0.0171391033
p4	3	1161	l_out-1	1	1024	1024	0.000000e+00	0.000000e+00	-0.148027301,0.0285142846,-0.00147926714,0.0100605339	-0.148027301,0.0285142846,-0.00147926714,0.0100605339
p4	3	1162	attn_norm-2	2	1024	1024	0.000000e+00	0.000000e+00	-3.96714807,0.936127841,-0.0468920358,0.334501565	-3.96714807,0.936127841,-0.0468920358,0.334501565
p4	3	1163	conv_output_silu-2	2	6144	6144	0.000000e+00	0.000000e+00	0.0299309976,-0.00653864816,0.123462096,0.00180222327	0.0299309976,-0.00653864816,0.123462096,0.00180222327
p4	3	1164	q_conv_predelta-2	2	2048	2048	0.000000e+00	0.000000e+00	0.0446793772,-0.00976054184,0.184297562,0.0026902617	0.0446793772,-0.00976054184,0.184297562,0.0026902617
p4	3	1165	k_conv_predelta-2	2	2048	2048	0.000000e+00	0.000000e+00	-0.0930610374,0.00830275845,0.063160494,-0.252294272	-0.0930610374,0.00830275845,0.063160494,-0.252294272
p4	3	1166	v_conv_predelta-2	2	2048	2048	0.000000e+00	0.000000e+00	-0.0136338416,0.0377703682,-0.0199777205,-0.0250044726	-0.0136338416,0.0377703682,-0.0199777205,-0.0250044726
p4	3	1167	a_softplus-2	2	16	16	0.000000e+00	0.000000e+00	1.27330816,0.622782946,0.15191327,0.987670958	1.27330816,0.622782946,0.15191327,0.987670958
p4	3	1168	gate-2	2	16	16	0.000000e+00	0.000000e+00	-1.14305925,-0.175663993,-0.0452576727,-0.64520514	-1.14305925,-0.175663993,-0.0452576727,-0.64520514
p4	3	1169	beta_sigmoid-2	2	16	16	0.000000e+00	0.000000e+00	0.932127655,0.616050482,0.751882315,0.84200418	0.932127655,0.616050482,0.751882315,0.84200418
p4	3	1170	state_predelta-2	2	262144	262144	0.000000e+00	0.000000e+00	-0.000723901379,-0.000167770035,0.000318320177,0.0014640427	-0.000723901379,-0.000167770035,0.000318320177,0.0014640427
p4	3	1171	new_state-2	2	262144	262144	0.000000e+00	0.000000e+00	0.000853388919,-0.000150222695,-0.000634351745,0.00340613001	0.000853388919,-0.000150222695,-0.000634351745,0.00340613001
p4	3	1172	attn_output-2	2	2048	2048	0.000000e+00	0.000000e+00	-7.68495302e-05,0.000214572487,-9.23776461e-05,-0.000110428526	-7.68495302e-05,0.000214572487,-9.23776461e-05,-0.000110428526
p4	3	1173	z-2	2	2048	2048	0.000000e+00	0.000000e+00	-1.05675101,0.464830399,1.01623011,0.908680975	-1.05675101,0.464830399,1.01623011,0.908680975
p4	3	1174	final_output-2	2	2048	2048	0.000000e+00	0.000000e+00	0.0206558406,0.0392458029,-0.0607863478,-0.0674001798	0.0206558406,0.0392458029,-0.0607863478,-0.0674001798
p4	3	1175	linear_attn_out-2	2	1024	1024	0.000000e+00	0.000000e+00	-0.530821264,-0.0243851244,-0.000345610082,0.0132676549	-0.530821264,-0.0243851244,-0.000345610082,0.0132676549
p4	3	1176	attn_residual-2	2	1024	1024	0.000000e+00	0.000000e+00	-0.678848565,0.0041291602,-0.00182487722,0.0233281888	-0.678848565,0.0041291602,-0.00182487722,0.0233281888
p4	3	1177	attn_post_norm-2	2	1024	1024	0.000000e+00	0.000000e+00	-9.8039093,0.0936561376,-0.0420163609,0.535430729	-9.8039093,0.0936561376,-0.0420163609,0.535430729
p4	3	1178	ffn_out-2	2	1024	1024	0.000000e+00	0.000000e+00	0.678884625,-0.00423469068,-0.0101740193,0.0286044478	0.678884625,-0.00423469068,-0.0101740193,0.0286044478
p4	3	1179	l_out-2	2	1024	1024	0.000000e+00	0.000000e+00	3.60608101e-05,-0.000105530489,-0.0119988965,0.0519326366	3.60608101e-05,-0.000105530489,-0.0119988965,0.0519326366
p4	3	1180	attn_norm-3	3	1024	1024	0.000000e+00	0.000000e+00	0.000841443369,-0.00293966848,-0.302120537,1.37900591	0.000841443369,-0.00293966848,-0.302120537,1.37900591
p4	3	1181	attn_pregate-3	3	2048	317	7.448144e-07	4.053116e-06	0.136373267,-0.424735278,0.667899668,0.326454699	0.136373103,-0.424735397,0.667899609,0.32645452
p4	3	1182	attn_gated-3	3	2048	338	3.973298e-07	4.768372e-07	0.00816533994,-0.0775795802,0.0734150708,0.00817868579	0.00816532969,-0.0775796026,0.0734150633,0.00817868114
p4	3	1183	attn_output-3	3	1024	58	5.954573e-07	1.564622e-07	-0.0873893425,0.0422674716,-0.0310739502,-0.0269364007	-0.087389186,0.042267479,-0.031073967,-0.0269363932
p4	3	1184	attn_residual-3	3	1024	129	2.591068e-07	1.564622e-07	-0.0873532817,0.0421619415,-0.0430728458,0.024996236	-0.0873531252,0.042161949,-0.0430728644,0.0249962434
p4	3	1185	attn_post_norm-3	3	1024	149	2.656181e-07	2.145767e-06	-1.26388359,0.913554966,-0.961344123,0.562731504	-1.26388144,0.913555205,-0.96134454,0.562731624
p4	3	1186	ffn_out-3	3	1024	0	5.270913e-03	8.349996e-04	0.00607848167,0.00239705294,-0.0373698026,0.01497648	0.00537026674,0.00250028074,-0.0375618413,0.0146113755
p4	3	1187	l_out-3	3	1024	0	3.522726e-03	8.350126e-04	-0.0812748,0.0445589945,-0.0804426521,0.0399727151	-0.0819828585,0.0446622297,-0.0806347057,0.039607618
p4	3	1188	attn_norm-4	4	1024	0	3.535546e-03	2.309835e-02	-1.74835873,1.26425302,-2.12714076,1.16269588	-1.76366401,1.26723528,-2.13230848,1.15212452
p4	3	1189	conv_output_silu-4	4	6144	2	3.232859e-03	1.555347e-02	-0.143355682,0.0366021618,-0.0754430816,0.0769901499	-0.142678246,0.0363590159,-0.0758838356,0.074784331
p4	3	1190	q_conv_predelta-4	4	2048	0	5.461379e-03	4.699647e-03	-0.0566071644,0.0144531736,-0.0297903698,0.0304012634	-0.0561477877,0.0143082663,-0.029862361,0.029429676
p4	3	1191	k_conv_predelta-4	4	2048	0	3.721015e-03	3.591701e-03	0.0253902748,0.198521227,0.03504619,-0.0155000603	0.0253888741,0.198711425,0.0350819528,-0.0155108683
p4	3	1192	v_conv_predelta-4	4	2048	0	1.315068e-03	7.387161e-03	-0.0822538808,0.00498243701,0.0204917081,-0.0127181523	-0.0821877196,0.00498322211,0.0204799678,-0.0127149867
p4	3	1193	a_softplus-4	4	16	0	1.951711e-03	4.168272e-03	0.2338662,2.36748672,0.121898241,1.65845191	0.235436276,2.3655951,0.120987542,1.66262019
p4	3	1194	gate-4	4	16	0	1.883750e-03	4.745841e-03	-0.0974899307,-2.30025578,-0.0383569822,-0.870535553	-0.0981444418,-2.29841805,-0.0380704179,-0.87272352
p4	3	1195	beta_sigmoid-4	4	16	0	1.129691e-03	1.729727e-03	0.719025075,0.93453598,0.592011273,0.820545673	0.719105363,0.934568048,0.593235433,0.819921374
p4	3	1196	state_predelta-4	4	262144	38824	9.249755e-08	1.251698e-06	-0.00148247345,0.00521985255,0.00380419428,0.00037376309	-0.00148247369,0.0052198479,0.00380419707,0.000373761926
p4	3	1197	new_state-4	4	262144	14	4.253175e-04	1.974866e-03	-0.00351713784,-0.0122503107,0.000452307519,0.00166521617	-0.00351374876,-0.0122509822,0.000450294465,0.00166445796
p4	3	1198	attn_output-4	4	2048	0	8.176040e-04	3.291368e-04	-2.25730582e-05,1.64421508e-05,2.01844396e-05,2.29164266e-06	-2.34807085e-05,1.649347e-05,2.02462616e-05,2.2243587e-06
p4	3	1199	z-4	4	2048	0	4.957489e-03	4.070187e-02	-3.05916238,-0.133056298,-1.4359045,1.14936244	-3.07107091,-0.129967853,-1.44242513,1.1476934
p4	3	1200	final_output-4	4	2048	0	9.137292e-03	5.044103e-03	0.00270291814,-0.00107252738,-0.00464539276,0.00188711437	0.00279047037,-0.00105257914,-0.0046559358,0.00182821951
p4	3	1201	linear_attn_out-4	4	1024	0	2.273254e-02	1.408463e-03	0.029854022,0.000698337331,-0.0127149411,-0.0190760419	0.0303084292,0.000205693766,-0.0133984126,-0.0187558569
p4	3	1202	attn_residual-4	4	1024	0	8.023988e-03	1.572214e-03	-0.051420778,0.0452573299,-0.0931575894,0.0208966732	-0.0516744293,0.0448679253,-0.0940331221,0.0208517611
p4	3	1203	attn_post_norm-4	4	1024	0	8.486959e-03	3.686422e-02	-0.77078259,0.991373301,-2.00691104,0.474013984	-0.774268925,0.982442558,-2.02494693,0.472802341
p4	3	1204	ffn_out-4	4	1024	0	2.924615e-02	5.094945e-03	-0.0944930762,0.0077316016,0.0342368037,0.00815490633	-0.0893981308,0.00667313859,0.0357715823,0.00840125233
p4	3	1205	l_out-4	4	1024	0	1.948984e-02	4.841298e-03	-0.145913854,0.0529889315,-0.0589207858,0.0290515795	-0.141072556,0.0515410639,-0.0582615398,0.0292530134
p4	3	1206	attn_norm-5	5	1024	0	1.954477e-02	1.091261e-01	-3.05793524,1.49551284,-1.5466094,0.858161032	-2.94880915,1.45087755,-1.52533937,0.861870527
p4	3	1207	conv_output_silu-5	5	6144	0	1.175709e-02	4.209313e-02	0.519956589,-0.0723773986,0.0149008343,-0.234413236	0.513252914,-0.0752945766,0.0144013325,-0.232250571
p4	3	1208	q_conv_predelta-5	5	2048	0	1.552287e-02	2.361780e-02	0.296048969,-0.0412096977,0.00848412514,-0.133468449	0.293703467,-0.0430865102,0.00824100804,-0.132902905
p4	3	1209	k_conv_predelta-5	5	2048	0	1.235873e-02	1.166791e-02	-0.00961288344,0.00262597157,-0.0596308075,0.00399572449	-0.00960501283,0.0026845641,-0.0587417148,0.00405523693
p4	3	1210	v_conv_predelta-5	5	2048	0	5.764810e-03	2.203727e-02	0.00580879254,-0.01092254,-0.00688434392,-0.00643718941	0.00574019831,-0.0109672714,-0.0071025216,-0.00642972672
p4	3	1211	a_softplus-5	5	16	0	1.387602e-02	1.191288e-02	0.084052451,0.0286183152,0.150635526,0.0106210914	0.0862628073,0.0286505185,0.151129246,0.0108040152
p4	3	1212	gate-5	5	16	0	1.508944e-02	1.036918e-02	-0.0641940013,-0.0034717957,-0.0383853428,-0.00444485852	-0.0658821389,-0.00347570237,-0.0385111533,-0.00452141091
p4	3	1213	beta_sigmoid-5	5	16	0	3.946481e-03	5.426645e-03	0.390759051,0.5846591,0.852390885,0.660683751	0.385885358,0.585551977,0.849513531,0.660505056
p4	3	1214	state_predelta-5	5	262144	72	1.829290e-04	2.843067e-04	0.000586853654,0.000148288018,0.0135974139,-0.00235938886	0.000586934155,0.000148156294,0.0135989785,-0.00235907896
p4	3	1215	new_state-5	5	262144	5	3.544553e-03	9.732545e-03	0.000500674942,0.000152641835,0.0124437306,-0.00219203485	0.000502188108,0.000151936867,0.0124425041,-0.00218868675
p4	3	1216	attn_output-5	5	2048	0	5.691746e-03	2.252460e-04	-0.000127844571,-4.48977589e-05,4.49968575e-05,1.12428324e-05	-0.000126554281,-4.43138742e-05,4.43991885e-05,1.13285305e-05
p4	3	1217	z-5	5	2048	0	1.552158e-02	9.933615e-02	1.89564037,0.954654038,0.756935716,1.35907102	1.88053644,0.956782997,0.776674867,1.34450364
p4	3	1218	final_output-5	5	2048	0	2.351613e-02	2.666554e-02	-0.199251994,-0.0281966422,0.0223759878,0.011614738	-0.195323393,-0.0279145241,0.0228017308,0.0115456935
p4	3	1219	linear_attn_out-5	5	1024	0	3.982650e-02	3.101882e-03	-0.147970825,-0.0201471001,0.0204322245,0.0100272484	-0.145382717,-0.0199608542,0.0205871109,0.0109195355
p4	3	1220	attn_residual-5	5	1024	0	2.327697e-02	7.429421e-03	-0.293884695,0.0328418314,-0.0384885594,0.0390788279	-0.286455274,0.0315802097,-0.037674427,0.0401725471
p4	3	1221	attn_post_norm-5	5	1024	0	2.473093e-02	1.067290e-01	-3.97254848,0.667309403,-0.742810547,0.835547864	-3.86581945,0.640630245,-0.725914657,0.857534647
p4	3	1222	ffn_out-5	5	1024	0	4.514690e-02	4.833466e-03	-0.0928582773,-0.0279314592,0.0050880136,-0.0137947854	-0.0944006443,-0.029082261,0.00435719406,-0.0110863307
p4	3	1223	l_out-5	5	1024	0	3.017783e-02	6.032245e-03	-0.386742979,0.0049103722,-0.0334005468,0.0252840426	-0.380855918,0.00249794871,-0.0333172344,0.0290862173
p4	3	1224	attn_norm-6	6	1024	0	3.114376e-02	1.511645e-01	-7.45117521,0.122589901,-0.806257665,0.668667138	-7.32101965,0.0622203276,-0.80241257,0.767466187
p4	3	1225	conv_output_silu-6	6	6144	0	2.237705e-02	8.994198e-02	-0.0287112631,-0.00586638646,0.000839619839,-0.22000286	-0.0216288194,-0.0168614071,0.000340470695,-0.217788815
p4	3	1226	q_conv_predelta-6	6	2048	0	2.292342e-02	2.124137e-02	-0.01090826,-0.00222881394,0.000318996463,-0.083585605	-0.00803803466,-0.00626629591,0.000126530955,-0.0809380338
p4	3	1227	k_conv_predelta-6	6	2048	0	2.043257e-02	1.342493e-02	-0.0162797235,-0.000572482648,0.166362569,0.0405304544	-0.0160995498,-0.00153477059,0.165029719,0.0410700515
p4	3	1228	v_conv_predelta-6	6	2048	0	1.269240e-02	6.957173e-03	-0.00175156258,-0.000727265025,-0.000854038983,0.00172718451	-0.00215581618,-0.000797294022,-0.00084348378,0.00183740305
p4	3	1229	a_softplus-6	6	16	0	1.483700e-02	2.388096e-02	0.460044265,0.127194613,0.494532168,0.0634104013	0.483925223,0.131367102,0.509464324,0.0649001598
p4	3	1230	gate-6	6	16	0	1.646994e-02	1.116669e-02	-0.0837802812,-0.0945230052,-0.150823802,-0.0351556093	-0.0881293267,-0.0976237357,-0.15537785,-0.0359815508
p4	3	1231	beta_sigmoid-6	6	16	0	7.038992e-03	9.672016e-03	0.753421605,0.46912694,0.638049126,0.520264208	0.754528522,0.463432372,0.637185454,0.515788615
p4	3	1232	state_predelta-6	6	262144	4	2.538417e-03	2.399392e-03	0.000141244222,-6.70703594e-05,0.000246244599,-0.000414165319	0.000141408091,-6.64981344e-05,0.000246860203,-0.000415238639
p4	3	1233	new_state-6	6	262144	0	6.734270e-03	5.527005e-03	0.00011742919,-6.21184226e-05,0.000353821262,-0.000349850248	0.000122540703,-6.15499666e-05,0.000297159742,-0.000362509862
p4	3	1234	attn_output-6	6	2048	0	1.460435e-02	2.849177e-04	-2.52864102e-05,2.48349479e-05,-1.06948864e-05,-3.60027684e-06	-2.58912532e-05,2.43440954e-05,-1.05607869e-05,-3.36733842e-06
p4	3	1235	z-6	6	2048	0	1.875243e-02	1.269538e-01	0.148541912,1.31328046,0.600165248,0.286361575	0.1592132,1.31981826,0.605661809,0.289281309
p4	3	1236	final_output-6	6	2048	0	4.103135e-02	6.562787e-02	-0.00169065257,0.0247538332,-0.00394558022,-0.000604210712	-0.00186469289,0.0244201012,-0.00393960113,-0.000571618206
p4	3	1237	linear_attn_out-6	6	1024	0	3.682625e-02	3.035191e-03	-0.0154235214,0.00780499354,-0.0151779801,0.0156489145	-0.0127494484,0.00758055504,-0.0146543132,0.0154068265
p4	3	1238	attn_residual-6	6	1024	0	2.919950e-02	8.561134e-03	-0.402166486,0.0127153657,-0.0485785268,0.0409329571	-0.393605351,0.0100785038,-0.0479715466,0.0444930419
p4	3	1239	attn_post_norm-6	6	1024	0	3.057349e-02	1.355920e-01	-6.07451725,0.235264763,-0.887276232,0.774865329	-5.93892527,0.186279505,-0.875264287,0.841368318
p4	3	1240	ffn_out-6	6	1024	0	5.323780e-02	7.120542e-03	0.0170332789,0.0424744934,-0.0196299572,0.0453511067	0.00991273671,0.0428383946,-0.0193977468,0.0442774184
p4	3	1241	l_out-6	6	1024	0	3.295238e-02	6.917953e-03	-0.385133207,0.0551898591,-0.0682084858,0.0862840638	-0.383692622,0.0529168993,-0.0673692971,0.0887704641
p4	3	1242	attn_norm-7	7	1024	0	3.192154e-02	1.242322e-01	-6.34149027,0.965682864,-1.23248529,1.81116986	-6.30653667,0.924265563,-1.21515727,1.86004829
p4	3	1243	attn_pregate-7	7	2048	0	3.092581e-02	3.599885e-01	0.0329504199,-0.0795913786,0.787916243,-0.275401443	0.0323111974,-0.0993621945,0.817242861,-0.298080146
p4	3	1244	attn_gated-7	7	2048	0	3.794451e-02	4.149354e-02	0.00439241715,-0.0146544985,0.0446171239,-0.0217335355	0.00438491255,-0.0178863611,0.0450495742,-0.0234914832
p4	3	1245	attn_output-7	7	1024	0	5.929845e-02	6.648833e-03	-0.0336334333,-0.0122967605,0.0161797125,-0.0532872304	-0.0344235078,-0.0118050398,0.0160377547,-0.0553957932
p4	3	1246	attn_residual-7	7	1024	0	3.801084e-02	7.800598e-03	-0.418766648,0.0428930968,-0.0520287752,0.0329968333	-0.418116122,0.0411118604,-0.0513315424,0.0333746709
p4	3	1247	attn_post_norm-7	7	1024	0	4.136222e-02	1.525563e-01	-5.17738771,0.7722404,-0.903248847,0.618143022	-5.17552376,0.741055906,-0.892209649,0.625968516
p4	3	1248	ffn_out-7	7	1024	0	6.681035e-02	8.456483e-03	-0.0543759912,0.0130198095,0.0417966545,-0.0422114991	-0.0459195077,0.013980438,0.0418617874,-0.0420673117
p4	3	1249	l_out-7	7	1024	0	4.142148e-02	9.106994e-03	-0.473142624,0.0559129044,-0.0102321208,-0.00921466574	-0.46403563,0.0550922975,-0.00946975499,-0.00869264081
p4	3	1250	attn_norm-8	8	1024	0	4.429196e-02	2.187136e-01	-9.45312119,1.3215462,-0.219463721,-0.234040439	-9.26538658,1.30133843,-0.202985451,-0.220643997
p4	3	1251	conv_output_silu-8	8	6144	1	2.398173e-02	5.140984e-02	-0.00854395982,0.00233012857,-0.161164075,-0.0645563528	-0.0101904254,0.00214949832,-0.162134647,-0.0668125376
p4	3	1252	q_conv_predelta-8	8	2048	0	2.985264e-02	1.560479e-02	-0.00708136009,0.00193124474,-0.133575156,-0.053505253	-0.0084583126,0.00178413827,-0.134575889,-0.0554561056
p4	3	1253	k_conv_predelta-8	8	2048	0	3.003881e-02	1.850788e-02	-0.0215913169,0.158850253,0.073610194,-0.0182679631	-0.0225876831,0.149571463,0.0738036484,-0.0177951697
p4	3	1254	v_conv_predelta-8	8	2048	0	1.537935e-02	1.802579e-02	-0.183358505,-0.0238138847,-0.0171886757,0.0166835003	-0.184858963,-0.0234780349,-0.0176647119,0.0173433684
p4	3	1255	a_softplus-8	8	16	0	3.652644e-02	3.526068e-02	0.194626063,0.0626490712,0.0149371037,0.0249569081	0.200213432,0.0654834956,0.0156028941,0.0280903801
p4	3	1256	gate-8	8	16	0	2.709444e-02	8.708775e-03	-0.06832017,-0.0178095773,-0.00445002969,-0.00376792951	-0.0702815205,-0.0186153334,-0.00464838045,-0.00424101297
p4	3	1257	beta_sigmoid-8	8	16	0	5.589249e-03	7.357955e-03	0.732733369,0.272603393,0.264939576,0.318679214	0.729225814,0.273078263,0.26555118,0.315121204
p4	3	1258	state_predelta-8	8	262144	2	1.585346e-02	7.423735e-02	0.00140919338,-0.0124742277,-0.001178951,-0.00181387074	0.00148516777,-0.0124664567,-0.00118983584,-0.00180737011
p4	3	1259	new_state-8	8	262144	0	1.623369e-02	7.470536e-02	0.00365494587,-0.0288574155,-0.00907469541,0.000284736161	0.00385056227,-0.0279510356,-0.00916718598,0.000258223503
p4	3	1260	attn_output-8	8	2048	0	1.086361e-02	7.866547e-04	-0.000558504486,-6.10808493e-05,-5.48243952e-05,9.3171584e-05	-0.000569687632,-6.09126037e-05,-5.51316152e-05,9.23904518e-05
p4	3	1261	z-8	8	2048	0	2.036241e-02	1.486331e-01	-0.197495744,0.386555701,0.218177438,0.281128287	-0.191770673,0.33983779,0.189379722,0.283279538
p4	3	1262	final_output-8	8	2048	0	5.492690e-02	4.280460e-02	0.0455293246,-0.00910009444,-0.00660483865,0.0112081561	0.04522416,-0.00782467145,-0.00568951573,0.0112065263
p4	3	1263	linear_attn_out-8	8	1024	0	7.127809e-02	4.305623e-03	-0.123315781,-0.022431897,-0.00954003725,0.020242244	-0.127206668,-0.0215870962,-0.00971125253,0.0187972635
p4	3	1264	attn_residual-8	8	1024	0	4.198063e-02	8.429775e-03	-0.596458435,0.0334810093,-0.0197721571,0.0110275783	-0.591242313,0.0335052013,-0.0191810075,0.0101046227
p4	3	1265	attn_post_norm-8	8	1024	0	4.713911e-02	1.697687e-01	-7.38414621,0.601125419,-0.342818767,0.217111692	-7.3182292,0.60144943,-0.332508177,0.198903993
p4	3	1266	ffn_out-8	8	1024	0	7.529380e-02	1.137134e-02	-0.134438708,-0.0352751538,0.0126882186,0.00708177593	-0.123067364,-0.0371523127,0.0149437133,0.00861517806
p4	3	1267	l_out-8	8	1024	0	4.253435e-02	1.658744e-02	-0.730897129,-0.00179414451,-0.00708393846,0.0181093551	-0.714309692,-0.00364711136,-0.0042372942,0.0187197998
p4	3	1268	attn_norm-9	9	1024	0	4.574324e-02	2.744827e-01	-12.6938343,-0.0379015878,-0.147412419,0.452899694	-12.4193516,-0.0771302655,-0.0882721469,0.468679607
p4	3	1269	conv_output_silu-9	9	6144	0	2.896073e-02	6.503236e-02	-0.0267589986,-0.229154676,-0.241708457,0.0928821787	-0.0273778792,-0.230474368,-0.244017228,0.0914602578
p4	3	1270	q_conv_predelta-9	9	2048	0	3.195589e-02	2.079788e-02	-0.0160645954,-0.137571573,-0.145108148,0.055761233	-0.0164107587,-0.138150185,-0.14626801,0.0548228063
p4	3	1271	k_conv_predelta-9	9	2048	0	3.210208e-02	2.597828e-02	-0.0213594735,0.00237161689,-0.114991911,-0.0208196957	-0.0221706573,0.00266333832,-0.116920158,-0.0185454059
p4	3	1272	v_conv_predelta-9	9	2048	0	1.909605e-02	2.926770e-02	-0.000899735955,0.0396505743,0.00641453592,-0.00364806014	-9.13147669e-05,0.0392942168,0.00645547826,-0.00370912487
p4	3	1273	a_softplus-9	9	16	0	2.125824e-02	3.253730e-02	0.00761061208,0.0181835592,0.113639541,0.21298942	0.00826982968,0.0196120888,0.123828925,0.245526716
p4	3	1274	gate-9	9	16	0	3.754054e-02	6.731376e-03	-0.00308700046,-0.00248017814,-0.0386639088,-0.0393990837	-0.00335439085,-0.00267502479,-0.0421306714,-0.0454178788
p4	3	1275	beta_sigmoid-9	9	16	0	1.355456e-02	1.061651e-02	0.578285217,0.15076156,0.380839467,0.298632979	0.568734407,0.155418143,0.383099407,0.30924949
p4	3	1276	state_predelta-9	9	262144	4	7.974096e-03	1.048916e-02	-0.000356518314,-0.000497687724,0.00037684181,8.53039674e-05	-0.000360589067,-0.000498838781,0.000370759459,8.50966317e-05
p4	3	1277	new_state-9	9	262144	0	1.265791e-02	1.547300e-02	-0.000372945506,-0.000494207721,0.000281326124,6.79578807e-05	-0.000386791537,-0.00049387553,0.0002249674,6.18836493e-05
p4	3	1278	attn_output-9	9	2048	0	2.088534e-02	9.325054e-05	4.52660061e-06,0.000139688796,5.05200369e-05,-8.26113537e-05	6.19708271e-06,0.000134603222,5.02650655e-05,-8.26534379e-05
p4	3	1279	z-9	9	2048	0	2.232884e-02	1.666171e-01	0.263531953,-0.235569835,1.20936811,0.692186296	0.21988523,-0.23838824,1.22990513,0.687797666
p4	3	1280	final_output-9	9	2048	0	5.287889e-02	1.795782e-02	0.000731351727,-0.014941006,0.0500814542,-0.0374062024	0.000819669105,-0.0145487953,0.0509211868,-0.0371396802
p4	3	1281	linear_attn_out-9	9	1024	0	6.554393e-02	3.424400e-03	0.00901418552,-0.000307232724,0.00770410802,-0.00421001576	0.00558978505,0.000905598979,0.00717700459,-0.00441760616
p4	3	1282	attn_residual-9	9	1024	0	4.343049e-02	1.316303e-02	-0.721882939,-0.00210137712,0.000620169565,0.0138993394	-0.708719909,-0.00274151238,0.00293971039,0.0143021941
p4	3	1283	attn_post_norm-9	9	1024	0	4.875637e-02	2.112609e-01	-8.702075,-0.0354772061,0.0101093054,0.265381813	-8.54507732,-0.0462936051,0.0479292609,0.273127228
p4	3	1284	ffn_out-9	9	1024	0	8.394378e-02	6.165661e-03	-0.0267636105,0.00398166291,-0.00295837759,-0.0367748812	-0.0290542096,0.00471528759,-0.0017760531,-0.0406891257
p4	3	1285	l_out-9	9	1024	0	4.279912e-02	1.087242e-02	-0.748646557,0.0018802858,-0.00233820803,-0.0228755418	-0.737774134,0.00197377522,0.00116365729,-0.0263869315
p4	3	1286	attn_norm-10	10	1024	0	4.551182e-02	2.142839e-01	-13.9943886,0.0366198868,-0.0486863889,-0.5135625	-13.7801046,0.0384098701,0.0242103748,-0.59191972
p4	3	1287	conv_output_silu-10	10	6144	0	2.261227e-02	5.999303e-02	0.00873577036,-0.0062705907,0.00385468733,-0.0265601855	0.00918153115,-0.00610657874,0.00411285879,-0.0273182038
p4	3	1288	q_conv_predelta-10	10	2048	0	2.939741e-02	2.245468e-02	0.0229762811,-0.0164925177,0.0101383599,-0.0698569492	0.0243599322,-0.0162016377,0.0109120095,-0.0724791512
p4	3	1289	k_conv_predelta-10	10	2048	0	3.854404e-02	3.371867e-02	-0.0624434538,-0.0673733354,0.144851446,0.0216088593	-0.0644512475,-0.0635526553,0.1423949,0.0220731515
p4	3	1290	v_conv_predelta-10	10	2048	0	3.846587e-02	1.261856e-02	0.00482540252,0.0188953262,-0.00724295899,0.0105802165	0.00423603877,0.0188750904,-0.00642152689,0.0103289755
p4	3	1291	a_softplus-10	10	16	0	1.364955e-02	2.649391e-02	0.188942179,0.00314788753,3.50547361,0.233615756	0.202187076,0.00333277718,3.48820019,0.25586614
p4	3	1292	gate-10	10	16	0	1.380081e-02	1.013540e-02	-0.144584328,-0.0182569176,-1.08594501,-0.0478341654	-0.154719725,-0.0193292294,-1.08059394,-0.0523900613
p4	3	1293	beta_sigmoid-10	10	16	0	1.197005e-02	2.386552e-02	0.747367501,0.32730642,0.941047668,0.531429648	0.752567589,0.329340547,0.939977884,0.530437052
p4	3	1294	state_predelta-10	10	262144	2	9.211788e-03	2.542891e-03	-0.00074633176,0.00178958266,0.00312066101,0.000363417348	-0.000748568855,0.0018075913,0.00318168104,0.000364275009
p4	3	1295	new_state-10	10	262144	0	2.230242e-02	6.056949e-03	-0.000551647216,0.0016503256,0.00248201168,0.00028189132	-0.000519346329,0.00166870188,0.00245624268,0.000270303455
p4	3	1296	attn_output-10	10	2048	0	2.722096e-02	1.290943e-04	-1.0656423e-05,5.10551945e-05,-3.23421455e-06,2.92987042e-05	-9.37957611e-06,5.6558154e-05,-4.06522076e-06,3.15400575e-05
p4	3	1297	z-10	10	2048	0	1.749928e-02	1.738746e-01	1.12919497,0.96384275,0.862779081,0.888759613	1.10352576,0.989514232,0.861537576,0.914656937
p4	3	1298	final_output-10	10	2048	0	6.187673e-02	2.829108e-02	-0.00815654453,0.0379812643,-0.00190852559,0.0188375432	-0.00697025284,0.0434908159,-0.00239405991,0.0210216306
p4	3	1299	linear_attn_out-10	10	1024	0	6.653858e-02	3.622991e-03	0.114823341,0.017804753,-0.00239211088,-0.0241387747	0.115395755,0.0182131231,-0.00308665773,-0.0242179465
p4	3	1300	attn_residual-10	10	1024	0	4.220920e-02	1.144487e-02	-0.633823216,0.0196850393,-0.00473031867,-0.0470143184	-0.622378349,0.0201868974,-0.00192300044,-0.0506048799
p4	3	1301	attn_post_norm-10	10	1024	0	4.561837e-02	1.709093e-01	-8.88348007,0.340578347,-0.0815782547,-0.866396427	-8.72368813,0.349285901,-0.033166077,-0.93263042
p4	3	1302	ffn_out-10	10	1024	0	6.333646e-02	5.508242e-03	0.280993551,-0.0232501328,0.0290138479,0.0186430104	0.275706917,-0.0251503345,0.0279986337,0.0188999996
p4	3	1303	l_out-10	10	1024	0	4.350890e-02	9.422090e-03	-0.352829665,-0.0035650935,0.0242835283,-0.028371308	-0.346671432,-0.0049634371,0.0260756332,-0.0317048803
p4	3	1304	attn_norm-11	11	1024	0	4.279343e-02	1.926233e-01	-5.66728449,-0.0597270094,0.434467852,-0.559724331	-5.56157494,-0.0830523893,0.465962052,-0.624727666
p4	3	1305	attn_pregate-11	11	2048	0	3.895338e-02	7.262988e-01	0.140084401,0.0799232721,0.115506113,0.0502538756	0.137943,0.07346192,0.116899431,0.0546208322
p4	3	1306	attn_gated-11	11	2048	0	4.479144e-02	2.463233e-02	0.00674809422,0.00430648448,0.00397357717,0.00367288222	0.00617586309,0.0036652151,0.00394572131,0.00393591495
p4	3	1307	attn_output-11	11	1024	0	7.782875e-02	1.012573e-02	-0.0873716325,-0.00619298033,-0.00588288158,-0.00750404224	-0.0772458985,-0.00668320432,-0.00449130684,-0.00764884055
p4	3	1308	attn_residual-11	11	1024	0	4.670580e-02	1.628396e-02	-0.440201283,-0.00975807384,0.0184006467,-0.0358753502	-0.423917323,-0.0116466414,0.0215843264,-0.0393537208
p4	3	1309	attn_post_norm-11	11	1024	0	4.996496e-02	1.986322e-01	-5.70292759,-0.179348588,0.32271713,-0.677420735	-5.50429535,-0.214540154,0.379403591,-0.744769931
p4	3	1310	ffn_out-11	11	1024	0	7.652841e-02	1.230539e-02	-0.142223775,-0.0148431258,0.0048823338,0.0129533038	-0.154529169,-0.0150990272,0.00170901557,0.015925888
p4	3	1311	l_out-11	11	1024	0	4.662428e-02	9.216238e-03	-0.582425058,-0.0246011987,0.0232829805,-0.0229220465	-0.578446507,-0.0267456695,0.0232933424,-0.0234278329
p4	3	1312	attn_norm-12	12	1024	0	4.911824e-02	2.205364e-01	-11.1174603,-0.529816389,0.522407234,-0.549422264	-11.0646048,-0.577204585,0.523732543,-0.562719762
p4	3	1313	conv_output_silu-12	12	6144	0	3.250849e-02	1.296706e-01	-0.00410658028,0.0925699994,0.0525575206,0.0110354936	-0.00417588046,0.0972256958,0.0548789985,0.0136212818
p4	3	1314	q_conv_predelta-12	12	2048	0	3.746067e-02	3.513994e-02	-0.0018433925,0.0415535159,0.0235924143,0.004953695	-0.0018977673,0.0441851132,0.0249402653,0.00619031675
p4	3	1315	k_conv_predelta-12	12	2048	0	2.953701e-02	1.983801e-02	-0.0892762467,-0.0292038638,-0.0353872143,-0.005388238	-0.0881556794,-0.0291381255,-0.0354334712,-0.00535544381
p4	3	1316	v_conv_predelta-12	12	2048	0	2.244258e-02	4.596591e-02	-0.0132619757,0.0100183031,0.0201403778,-0.0111748837	-0.0134359151,0.00989696849,0.0202057511,-0.0112582156
p4	3	1317	a_softplus-12	12	16	0	6.367599e-02	1.984560e-02	0.0104819005,0.0470826067,0.0162215624,0.011449228	0.0103399772,0.0467983633,0.0175233502,0.0118089663
p4	3	1318	gate-12	12	16	0	4.033565e-02	6.544389e-03	-0.00211295509,-0.0277867652,-0.00168323307,-0.00325473165	-0.00208434602,-0.0276190136,-0.00181831326,-0.00335699623
p4	3	1319	beta_sigmoid-12	12	16	0	2.112931e-02	2.487567e-02	0.595619082,0.670716286,0.203792378,0.354279459	0.577536821,0.65692246,0.205088332,0.350430667
p4	3	1320	state_predelta-12	12	262144	2	3.572343e-03	1.008025e-02	-0.000456828275,9.72666094e-05,-0.000142661564,-0.000284024922	-0.000451407366,9.6566604e-05,-0.000141617333,-0.000281565532
p4	3	1321	new_state-12	12	262144	0	8.138998e-03	1.715979e-02	9.77280724e-05,0.000278151245,7.70717452e-05,-0.000250013545	8.96556885e-05,0.000274892605,7.57757225e-05,-0.000248166878
p4	3	1322	attn_output-12	12	2048	0	2.340747e-02	2.930183e-03	-7.15688802e-05,5.1170271e-05,6.97914002e-05,-5.37003325e-05	-7.13285772e-05,5.01883405e-05,6.83093313e-05,-5.32104968e-05
p4	3	1323	z-12	12	2048	0	2.314083e-02	2.206044e-01	-0.419642776,-0.13793686,-0.742968857,-0.0183618441	-0.453543752,-0.132963017,-0.677173257,-0.0417954624
p4	3	1324	final_output-12	12	2048	0	6.374884e-02	6.628501e-02	0.00959017687,-0.00277758413,-0.0111492174,0.00040676081	0.0101135634,-0.002631468,-0.0103884395,0.000906044093
p4	3	1325	linear_attn_out-12	12	1024	0	7.306811e-02	7.215768e-03	-0.0952597633,0.00786060095,0.0144119728,0.00947603211	-0.102475531,0.00722190132,0.0134803271,0.00950187072
p4	3	1326	attn_residual-12	12	1024	0	4.594053e-02	1.053379e-02	-0.677684844,-0.0167405978,0.0376949534,-0.0134460144	-0.680922031,-0.0195237678,0.0367736705,-0.0139259622
p4	3	1327	attn_post_norm-12	12	1024	0	4.937274e-02	1.904296e-01	-7.89355659,-0.301703423,0.621461689,-0.237457663	-7.93214035,-0.351901382,0.606340051,-0.245960802
p4	3	1328	ffn_out-12	12	1024	0	7.988820e-02	1.083826e-02	-0.100530222,-0.0120444205,-0.0203823205,0.00146593526	-0.0896919668,-0.0131104719,-0.0205345973,0.00105945393
p4	3	1329	l_out-12	12	1024	0	4.552413e-02	1.176202e-02	-0.778215051,-0.0287850183,0.0173126329,-0.0119800791	-0.770614028,-0.0326342396,0.0162390731,-0.0128665082
p4	3	1330	attn_norm-13	13	1024	0	4.871092e-02	2.621934e-01	-13.838192,-0.580212533,0.355484545,-0.274093121	-13.7271147,-0.658956468,0.334026903,-0.294891179
p4	3	1331	conv_output_silu-13	13	6144	0	2.932727e-02	1.154861e-01	0.195080668,-0.0831419975,0.0269465204,-0.0500287525	0.19057934,-0.077884078,0.0273891762,-0.0501512773
p4	3	1332	q_conv_predelta-13	13	2048	0	3.567709e-02	2.961880e-02	0.127800226,-0.0544675514,0.0176530629,-0.0327745751	0.128916398,-0.0526842773,0.0185272638,-0.0339245684
p4	3	1333	k_conv_predelta-13	13	2048	0	3.924434e-02	2.274390e-02	-0.0108406991,0.00697696954,-0.0143264476,0.197678238	-0.010968335,0.00628553843,-0.00250505912,0.220422134
p4	3	1334	v_conv_predelta-13	13	2048	0	4.136490e-02	4.539710e-02	-0.00616611168,-0.0120148528,-0.0060177967,0.000816115469	-0.00556875952,-0.0122260796,-0.00728965085,0.000949968293
p4	3	1335	a_softplus-13	13	16	0	2.360795e-02	2.094933e-02	0.0957626626,0.0962114483,0.381994963,0.0961001366	0.0988323689,0.0963655114,0.374123544,0.0979973599
p4	3	1336	gate-13	13	16	0	2.691133e-02	4.289865e-03	-0.0257741716,-0.110738702,-0.192079127,-0.0230048075	-0.026600372,-0.110916026,-0.188121125,-0.0234589726
p4	3	1337	beta_sigmoid-13	13	16	0	1.528144e-02	1.663822e-02	0.460119963,0.640065789,0.545661867,0.477387637	0.455530852,0.630905688,0.540130973,0.476823241
p4	3	1338	state_predelta-13	13	262144	2	8.387401e-03	4.365780e-03	4.08341803e-05,-5.59021064e-05,0.000178179631,0.00075799413	4.09915629e-05,-5.63175745e-05,0.000179244889,0.000767522492
p4	3	1339	new_state-13	13	262144	1	2.506513e-02	1.352698e-02	6.38332203e-05,-6.99503507e-05,0.000205413206,0.000300377316	6.11846845e-05,-6.7027795e-05,0.000179397422,0.00031994583
p4	3	1340	attn_output-13	13	2048	0	2.255073e-02	6.250583e-05	-1.88594349e-05,-2.96582289e-06,1.25403349e-05,-1.14827108e-05	-1.90176779e-05,-3.83131874e-06,1.20029999e-05,-1.18402904e-05
p4	3	1341	z-13	13	2048	0	2.447527e-02	1.750736e-01	0.398309857,1.24885631,0.0451260731,1.04671788	0.435992181,1.26538563,0.0624616407,1.08744919
p4	3	1342	final_output-13	13	2048	0	4.600704e-02	2.768996e-02	-0.00473086582,-0.00305217854,0.000304916088,-0.00915726647	-0.00529818656,-0.00400786567,0.000407201995,-0.00990811177
p4	3	1343	linear_attn_out-13	13	1024	0	4.927510e-02	3.803953e-03	-0.0927067325,-0.0290448852,0.0144648729,-0.0350684412	-0.0938845575,-0.029786583,0.0145362038,-0.0374240801
p4	3	1344	attn_residual-13	13	1024	0	4.376748e-02	1.179125e-02	-0.870921791,-0.0578299016,0.0317775048,-0.0470485203	-0.864498615,-0.0624208227,0.0307752769,-0.0502905883
p4	3	1345	attn_post_norm-13	13	1024	0	4.675951e-02	1.925024e-01	-9.98736858,-1.00295556,0.508630455,-0.750516236	-9.93084335,-1.08444774,0.493440092,-0.803619981
p4	3	1346	ffn_out-13	13	1024	0	6.671299e-02	6.002285e-03	0.015498355,-0.00187523663,-0.00173121318,0.0568127297	0.018442221,-0.00178494863,-0.0014206171,0.0549605936
p4	3	1347	l_out-13	13	1024	0	4.447076e-02	1.376638e-02	-0.85542345,-0.0597051382,0.0300462916,0.00976420939	-0.846056402,-0.0642057732,0.0293546598,0.00467000529
p4	3	1348	attn_norm-14	14	1024	0	4.594274e-02	2.869695e-01	-13.9901524,-1.10237455,0.51491034,0.194270357	-13.8528595,-1.18683493,0.503635764,0.0930219889
p4	3	1349	conv_output_silu-14	14	6144	0	2.124891e-02	1.079484e-01	0.0264385492,0.0229870938,-0.227357164,-0.0911750793	0.019496372,0.0214895103,-0.232074663,-0.0816739053
p4	3	1350	q_conv_predelta-14	14	2048	0	3.475892e-02	3.213790e-02	0.00783591717,0.00681296736,-0.0673846304,-0.0270226784	0.00571865309,0.00630327826,-0.068071872,-0.0239564944
p4	3	1351	k_conv_predelta-14	14	2048	0	4.104417e-02	3.093083e-02	0.0108952839,-0.015098705,-0.0274648257,0.0186346807	0.0106794387,-0.0128593203,-0.02718121,0.0178282354
p4	3	1352	v_conv_predelta-14	14	2048	0	2.142584e-02	3.786278e-02	0.01189717,-0.0263820924,-0.0197860003,-0.0194225479	0.0119831059,-0.0263737757,-0.0224319119,-0.0196732134
p4	3	1353	a_softplus-14	14	16	0	2.467923e-02	1.715869e-02	0.136637598,0.0326696895,0.0207794141,0.00211265869	0.141209424,0.0354032852,0.0213275589,0.00230844389
p4	3	1354	gate-14	14	16	0	3.238923e-02	5.399227e-03	-0.0429949276,-0.00545965275,-0.0138150649,-0.00635670219	-0.0444335155,-0.0059164823,-0.0141794952,-0.00694579305
p4	3	1355	beta_sigmoid-14	14	16	0	1.696088e-02	2.529973e-02	0.421832919,0.176531911,0.340805978,0.480828106	0.423068106,0.178931221,0.331172794,0.477486461
p4	3	1356	state_predelta-14	14	262144	2	1.130523e-02	7.469118e-03	1.83667162e-05,0.000405086175,-1.87278492e-05,1.40365428e-05	1.8454768e-05,0.000408365013,-1.9145933e-05,1.47105138e-05
p4	3	1357	new_state-14	14	262144	0	1.713292e-02	7.534057e-03	7.15706628e-05,0.000313237368,-0.000154004621,0.000105764862	7.12614856e-05,0.000326065783,-0.000154758411,0.000103565581
p4	3	1358	attn_output-14	14	2048	0	1.222210e-02	9.692105e-05	3.55964744e-06,4.28560361e-06,6.12817473e-07,-6.53029747e-06	3.36093422e-06,4.21296727e-06,-7.73621593e-08,-5.89202455e-06
p4	3	1359	z-14	14	2048	0	2.025384e-02	1.711569e-01	-0.0799927711,-0.726379871,0.157318413,1.00699139	-0.0887803137,-0.720327318,0.177274793,1.02455163
p4	3	1360	final_output-14	14	2048	0	4.928194e-02	7.283193e-02	-0.000142568897,-0.00100708043,5.18644956e-05,-0.00437255669	-0.000148792213,-0.000986282714,-7.44958379e-06,-0.00403485261
p4	3	1361	linear_attn_out-14	14	1024	0	4.871338e-02	7.427406e-03	0.357124269,-0.0233218223,-7.41332769e-07,-0.0248614829	0.351621926,-0.0236381665,-0.000601070002,-0.0243681744
p4	3	1362	attn_residual-14	14	1024	0	4.508109e-02	1.587211e-02	-0.498299181,-0.0830269605,0.0300455503,-0.0150972735	-0.494434476,-0.0878439397,0.0287535898,-0.0196981691
p4	3	1363	attn_post_norm-14	14	1024	0	4.502414e-02	2.213139e-01	-5.42840862,-1.26852727,0.430758029,-0.210049644	-5.36439657,-1.33666384,0.410558522,-0.27294746
p4	3	1364	ffn_out-14	14	1024	0	5.733437e-02	1.604170e-02	0.318695486,-0.00495662261,0.00803561136,-0.0216550548	0.30265379,-0.00736862607,0.00523486827,-0.0241206679
p4	3	1365	l_out-14	14	1024	0	4.494446e-02	1.429754e-02	-0.179603696,-0.0879835859,0.0380811617,-0.0367523283	-0.191780686,-0.0952125639,0.0339884572,-0.0438188389
p4	3	1366	attn_norm-15	15	1024	0	4.326386e-02	1.905193e-01	-1.912588,-1.04721403,0.452268958,-0.434009254	-2.03724027,-1.13047051,0.402669966,-0.516185999
p4	3	1367	attn_pregate-15	15	2048	0	2.587576e-02	6.685505e-01	-0.409077466,0.272222996,0.24994123,0.19463174	-0.427378923,0.277939945,0.262295395,0.193073124
p4	3	1368	attn_gated-15	15	2048	0	3.551746e-02	3.334388e-02	-0.0601847023,0.0153891323,0.00770645775,0.0499350503	-0.0605282299,0.0150674842,0.00814944413,0.049216561
p4	3	1369	attn_output-15	15	1024	0	5.809434e-02	7.605210e-03	-0.200618744,0.0045510903,-0.0301013738,-0.00308421254	-0.195108801,0.00403954089,-0.0296668261,-3.87728214e-05
p4	3	1370	attn_residual-15	15	1024	0	4.739258e-02	1.599604e-02	-0.38022244,-0.0834324956,0.00797978789,-0.0398365408	-0.386889488,-0.091173023,0.00432163104,-0.0438576117
p4	3	1371	attn_post_norm-15	15	1024	0	4.780779e-02	2.018825e-01	-3.25254059,-1.12853968,0.102939084,-0.476849824	-3.31200814,-1.2341485,0.0557899736,-0.525369048
p4	3	1372	ffn_out-15	15	1024	0	6.170702e-02	1.363698e-02	-0.250940114,-0.0188127328,-0.019253511,-0.0461595058	-0.243569687,-0.0216964502,-0.0220829062,-0.0475884117
p4	3	1373	l_out-15	15	1024	0	4.828465e-02	2.121102e-02	-0.631162524,-0.102245227,-0.0112737231,-0.0859960467	-0.630459189,-0.112869471,-0.0177612752,-0.0914460272
p4	3	1374	attn_norm-16	16	1024	0	4.914702e-02	3.098848e-01	-6.76266575,-1.57565892,-0.14471218,-1.236696	-6.76230049,-1.7412312,-0.22822997,-1.31646729
p4	3	1375	conv_output_silu-16	16	6144	0	2.161434e-02	1.302884e-01	-0.230397135,-0.117311105,-0.141157091,-0.220008999	-0.232625932,-0.11763674,-0.141467437,-0.215808794
p4	3	1376	q_conv_predelta-16	16	2048	0	3.374508e-02	2.698725e-02	-0.0191225857,-0.00973663013,-0.011715808,-0.0182603858	-0.0191453006,-0.00968159828,-0.0116428835,-0.0177612379
p4	3	1377	k_conv_predelta-16	16	2048	0	3.617514e-02	5.889328e-02	0.12346679,0.0250758044,-0.0983275026,-0.122924171	0.123996891,0.0276838876,-0.0965485424,-0.124107622
p4	3	1378	v_conv_predelta-16	16	2048	0	1.863092e-02	4.820251e-02	-0.24374631,-0.00341776526,0.260012478,0.0415715799	-0.243717968,-0.0037685968,0.271890044,0.042824097
p4	3	1379	a_softplus-16	16	16	0	5.488300e-02	4.769635e-02	0.0130073167,0.0707827806,0.00693426793,0.110636152	0.0132616842,0.0724280477,0.0064775506,0.112324163
p4	3	1380	gate-16	16	16	0	5.681543e-02	1.993334e-02	-0.00264259684,-0.028710762,-0.000828180229,-0.0239267461	-0.00269427453,-0.0293781124,-0.000773633132,-0.0242918041
p4	3	1381	beta_sigmoid-16	16	16	0	1.194824e-02	1.600626e-02	0.247689992,0.415752888,0.707980692,0.649441779	0.24829486,0.408217072,0.708319724,0.642985046
p4	3	1382	state_predelta-16	16	262144	1	1.375569e-02	1.385701e-02	-0.0168244801,0.0015843343,3.10160685e-05,0.00754226837	-0.0167420618,0.00171286333,7.17481598e-05,0.00758721679
p4	3	1383	new_state-16	16	262144	0	1.515984e-02	2.073656e-02	-0.0214923099,0.000623110391,0.00378369959,0.0122138849	-0.0214093924,0.000656156102,0.00374078588,0.0122833885
p4	3	1384	attn_output-16	16	2048	0	1.778734e-02	1.462936e-03	-0.0015939814,-9.71779446e-05,0.00410380214,0.000646252825	-0.00155593827,-9.35682547e-05,0.00397435902,0.000621459098
p4	3	1385	z-16	16	2048	0	2.604674e-02	2.070961e-01	-0.0484610349,0.662021637,-2.46910834,0.873574972	-0.0361155421,0.69739598,-2.38392544,0.900879681
p4	3	1386	final_output-16	16	2048	0	5.328947e-02	1.445029e-01	0.0138412239,-0.0161231887,-0.335467368,0.148589939	0.0103630582,-0.0169258863,-0.346928298,0.151911393
p4	3	1387	linear_attn_out-16	16	1024	0	6.434749e-02	1.883680e-02	-0.190320998,0.0514223576,-0.0344848149,0.0405699275	-0.209157795,0.0477440841,-0.0358330533,0.0365815647
p4	3	1388	attn_residual-16	16	1024	0	4.858288e-02	2.405378e-02	-0.821483493,-0.0508228689,-0.0457585379,-0.0454261191	-0.839617014,-0.0651253909,-0.0535943285,-0.0548644625
p4	3	1389	attn_post_norm-16	16	1024	0	4.977793e-02	2.530306e-01	-5.54131985,-0.577219248,-0.508690655,-0.421922386	-5.65512228,-0.738547444,-0.594903946,-0.508820355
p4	3	1390	ffn_out-16	16	1024	0	7.047041e-02	1.061417e-02	-0.204100743,-0.0248252079,0.0369427651,0.0238359235	-0.193486571,-0.02770737,0.0280896109,0.0268103331
p4	3	1391	l_out-16	16	1024	0	4.964620e-02	2.544242e-02	-1.02558422,-0.0756480768,-0.00881577283,-0.0215901956	-1.03310359,-0.092832759,-0.0255047176,-0.0280541293
p4	3	1392	attn_norm-17	17	1024	0	5.036662e-02	3.147106e-01	-10.3493891,-1.02629745,-0.111807026,-0.266579628	-10.4009457,-1.25649929,-0.322711796,-0.345583349
p4	3	1393	conv_output_silu-17	17	6144	0	1.483789e-02	1.366329e-01	-0.0906808823,-0.22199975,-0.273955256,-0.023899531	-0.0913247094,-0.224635139,-0.274448603,-0.0239231996
p4	3	1394	q_conv_predelta-17	17	2048	0	2.726662e-02	1.689823e-02	-0.013770977,-0.0337133184,-0.0416033827,-0.00362942973	-0.0139718354,-0.0343670994,-0.0419880971,-0.00366002833
p4	3	1395	k_conv_predelta-17	17	2048	0	3.014803e-02	3.678021e-02	-0.0409241319,-0.0992915109,-0.0527614839,-0.00870005693	-0.0418092906,-0.0998741016,-0.0539581105,-0.0120546427
p4	3	1396	v_conv_predelta-17	17	2048	0	1.834569e-02	5.889153e-02	-0.19486472,-0.207975402,-0.00809322018,-0.210423097	-0.196586132,-0.202842563,-0.00778892776,-0.220972404
p4	3	1397	a_softplus-17	17	16	0	3.571967e-02	3.296506e-02	0.00217344426,0.00339182513,0.411902696,0.227842689	0.00228037499,0.00336473715,0.422132522,0.248578638
p4	3	1398	gate-17	17	16	0	4.125578e-02	7.758141e-03	-0.000512220839,-0.000877924846,-0.104145311,-0.0793578923	-0.000537421496,-0.0008709135,-0.106731817,-0.0865802541
p4	3	1399	beta_sigmoid-17	17	16	0	1.020455e-02	1.556507e-02	0.629892766,0.0953524485,0.853295505,0.456853747	0.625531137,0.0958459377,0.852471948,0.451355934
p4	3	1400	state_predelta-17	17	262144	0	1.714249e-02	3.805542e-02	0.00101308851,0.031376183,0.00809255987,0.0134415785	0.000612390926,0.0313628353,0.00805007666,0.0132372351
p4	3	1401	new_state-17	17	262144	0	1.817081e-02	4.465869e-02	0.00260852766,0.0352322832,0.0101460069,0.0137739796	0.00226553623,0.0352958068,0.0101796873,0.0137068601
p4	3	1402	attn_output-17	17	2048	0	1.832645e-02	2.173260e-03	-0.00096956105,-0.000857470557,-1.79690705e-05,-0.000805763179	-0.000993174268,-0.000869894808,-6.28442012e-06,-0.000829477445
p4	3	1403	z-17	17	2048	0	2.735126e-02	2.820668e-01	0.89687264,-0.382962495,0.233401537,-3.89656973	0.888946533,-0.393489242,0.220882177,-3.9653945
p4	3	1404	final_output-17	17	2048	0	4.094217e-02	1.025360e-01	-0.316287786,0.0754238889,-0.000918050529,0.0315251462	-0.315349668,0.076899536,-0.000297417719,0.0303849261
p4	3	1405	linear_attn_out-17	17	1024	0	5.338365e-02	1.215161e-02	-0.468365788,0.00383386016,0.0321602151,-0.0629031956	-0.463692755,0.00462387502,0.0306108557,-0.0639760196
p4	3	1406	attn_residual-17	17	1024	0	4.679301e-02	2.607194e-02	-1.49395001,-0.0718142167,0.0233444422,-0.0844933912	-1.49679637,-0.088208884,0.00510613807,-0.0920301527
p4	3	1407	attn_post_norm-17	17	1024	0	4.935586e-02	2.348469e-01	-8.12371635,-0.684830546,0.21479933,-0.683521748	-8.12738419,-0.839951813,0.0469149612,-0.743411243
p4	3	1408	ffn_out-17	17	1024	0	5.778964e-02	1.244515e-02	0.0324539281,-0.0103920996,-0.0187682919,0.0250855051	0.0282696076,-0.0134657845,-0.0177534074,0.0264177024
p4	3	1409	l_out-17	17	1024	0	4.456540e-02	2.479415e-02	-1.46149611,-0.0822063163,0.00457615033,-0.0594078861	-1.46852672,-0.101674668,-0.0126472693,-0.0656124502
p4	3	1410	attn_norm-18	18	1024	0	4.512538e-02	2.981564e-01	-12.757123,-0.944217324,0.0505845472,-0.638576269	-12.8121681,-1.16725361,-0.139733344,-0.704921305
p4	3	1411	conv_output_silu-18	18	6144	0	1.675529e-02	9.329835e-02	-0.147098988,-0.109212764,-0.17276524,-0.265896767	-0.153823927,-0.137386531,-0.170398504,-0.266596675
p4	3	1412	q_conv_predelta-18	18	2048	0	2.612808e-02	2.047661e-02	-0.0345477089,-0.0256497394,-0.0405756906,-0.062448591	-0.0361925252,-0.032325048,-0.040092282,-0.0627263039
p4	3	1413	k_conv_predelta-18	18	2048	0	2.891392e-02	3.157575e-02	0.062407732,-0.0867104977,-0.0673184544,0.011914365	0.0609002598,-0.0876225829,-0.0699699819,0.0177181736
p4	3	1414	v_conv_predelta-18	18	2048	0	1.750793e-02	9.329835e-02	0.00233104592,-0.277188599,-0.00607312657,-0.177392453	0.00021960937,-0.276695162,-0.00840049144,-0.175744161
p4	3	1415	a_softplus-18	18	16	0	3.804264e-02	5.857325e-02	0.01407988,1.0902648,0.0185640529,1.1779536	0.0132008633,1.14883804,0.018719906,1.16446447
p4	3	1416	gate-18	18	16	0	3.192498e-02	1.180728e-02	-0.00586936716,-0.219776988,-0.00553056272,-0.317041904	-0.00550293829,-0.231584266,-0.0055769938,-0.313411355
p4	3	1417	beta_sigmoid-18	18	16	0	5.955722e-03	1.250535e-02	0.42616263,0.952838182,0.259386629,0.877272427	0.427725375,0.951862693,0.257562786,0.878040195
p4	3	1418	state_predelta-18	18	262144	4	1.688352e-02	6.144667e-02	0.000462969707,-0.00988927111,-0.0080304984,-0.00129255978	0.000613879994,-0.0096583534,-0.00793783739,-0.00135195092
p4	3	1419	new_state-18	18	262144	0	1.738733e-02	5.421025e-02	-0.00173619366,-0.00677960273,-0.00561421504,-0.00170432415	-0.0015702321,-0.00646772189,-0.00538876001,-0.00197899179
p4	3	1420	attn_output-18	18	2048	1	1.744540e-02	2.330087e-03	0.00272620865,-0.00682339445,-0.000283737609,-0.00538811088	0.00263496768,-0.00674814638,-0.00033748569,-0.00531395897
p4	3	1421	z-18	18	2048	0	2.526418e-02	2.063823e-01	-0.833138227,-0.777053237,-1.43277836,-0.445734859	-0.914663911,-0.737233639,-1.39854562,-0.403875172
p4	3	1422	final_output-18	18	2048	0	5.020955e-02	6.556779e-02	-0.0448451973,0.127312407,0.00545367086,0.0621229857	-0.0448302515,0.12247742,0.00649475399,0.0568160526
p4	3	1423	linear_attn_out-18	18	1024	0	5.051113e-02	7.493515e-03	-0.685205817,0.0618845671,0.0065577589,-0.083779715	-0.691251338,0.0602004565,0.00362153351,-0.0864158794
p4	3	1424	attn_residual-18	18	1024	0	4.362860e-02	2.547018e-02	-2.14670181,-0.0203217492,0.0111339092,-0.143187597	-2.15977812,-0.041474212,-0.00902573578,-0.152028322
p4	3	1425	attn_post_norm-18	18	1024	0	4.674644e-02	2.069348e-01	-11.6855268,-0.171944857,0.0957711339,-1.05547249	-11.736064,-0.350302249,-0.0775008202,-1.11867189
p4	3	1426	ffn_out-18	18	1024	0	6.914012e-02	1.918620e-02	-0.193714052,0.0354371518,0.027389463,0.124611795	-0.212900251,0.0347997993,0.0212094858,0.123880304
p4	3	1427	l_out-18	18	1024	0	4.442753e-02	3.226233e-02	-2.34041595,0.0151154026,0.0385233723,-0.0185758024	-2.37267828,-0.00667441264,0.01218375,-0.0281480178
p4	3	1428	attn_norm-19	19	1024	0	4.412584e-02	2.275987e-01	-13.3509531,0.0959040374,0.2519283,-0.120114982	-13.5055256,-0.0422555394,0.0795036405,-0.181614608
p4	3	1429	attn_pregate-19	19	2048	0	2.748164e-02	1.341904e-01	-0.229361326,-0.391345978,-0.110182561,-0.0298546106	-0.239006817,-0.385745972,-0.0920796469,-0.028877601
p4	3	1430	attn_gated-19	19	2048	0	2.871676e-02	4.758209e-02	-0.0181552414,-0.0402191319,-0.0105866008,-0.00251663942	-0.0187803563,-0.0383781679,-0.00843445677,-0.00235456484
p4	3	1431	attn_output-19	19	1024	0	8.284689e-02	1.400095e-02	-0.217424095,-0.00217679143,-0.0799513012,0.261747926	-0.203423142,0.000118456781,-0.0776863992,0.255583227
p4	3	1432	attn_residual-19	19	1024	0	4.594253e-02	2.936717e-02	-2.55784011,0.0129386112,-0.041427929,0.243172124	-2.5761013,-0.00655595586,-0.065502651,0.227435201
p4	3	1433	attn_post_norm-19	19	1024	0	4.913695e-02	2.124837e-01	-13.9670286,0.104575925,-0.30613941,1.4934603	-14.0588007,-0.0529583879,-0.483770698,1.39602196
p4	3	1434	ffn_out-19	19	1024	0	6.954678e-02	3.244347e-02	0.000859115273,0.0139739476,-0.104726404,0.0854768679	-0.0315843523,0.0194090456,-0.107293814,0.0888349339
p4	3	1435	l_out-19	19	1024	0	4.795883e-02	5.070448e-02	-2.55698109,0.0269125588,-0.146154329,0.328648984	-2.60768557,0.0128530897,-0.172796458,0.316270143
p4	3	1436	attn_norm-20	20	1024	0	4.917397e-02	2.744291e-01	-16.6570301,0.246282637,-1.24644017,2.50981164	-16.9123573,0.11710225,-1.4671464,2.40461707
p4	3	1437	conv_output_silu-20	20	6144	0	2.117415e-02	6.740344e-02	-0.111925326,-0.277806073,-0.246970087,-0.216079831	-0.104815662,-0.277791619,-0.248134479,-0.21740441
p4	3	1438	q_conv_predelta-20	20	2048	0	2.712891e-02	2.159560e-02	-0.0376101993,-0.093351014,-0.0829892084,-0.0726091787	-0.0352349505,-0.0933827385,-0.0834131613,-0.073082909
p4	3	1439	k_conv_predelta-20	20	2048	0	2.886342e-02	2.251597e-02	-0.0774203762,0.0083990097,0.0455386043,-0.0509988517	-0.0778894946,0.0070276726,0.0414595082,-0.0510421656
p4	3	1440	v_conv_predelta-20	20	2048	0	1.866043e-02	6.740344e-02	-0.00975018181,0.009221741,0.100469455,-0.0196376294	-0.0113007538,0.00887795258,0.0994946435,-0.0201029014
p4	3	1441	a_softplus-20	20	16	0	4.328077e-02	9.230447e-02	0.1161246,0.568237901,0.0993474647,0.291678905	0.124446996,0.600326002,0.102055989,0.31164372
p4	3	1442	gate-20	20	16	0	4.089251e-02	4.516172e-02	-0.0259109009,-0.0987449437,-0.0180925168,-0.0835674107	-0.027767878,-0.104321018,-0.0185857769,-0.0892874226
p4	3	1443	beta_sigmoid-20	20	16	0	6.635763e-03	9.070218e-03	0.842811227,0.917242289,0.690688312,0.577222228	0.846957207,0.921777427,0.69975853,0.570166826
p4	3	1444	state_predelta-20	20	262144	0	2.026892e-02	5.044222e-02	-0.00171321887,0.000170666084,0.000755976886,-0.000864351867	-0.00176376407,0.000118627911,0.000659682148,-0.000922506908
p4	3	1445	new_state-20	20	262144	0	2.063649e-02	4.654193e-02	-0.000708692882,6.20779247e-05,0.000171554449,-0.000209401478	-0.000583496294,1.32462446e-05,3.90865025e-05,-0.000155449088
p4	3	1446	attn_output-20	20	2048	0	1.497210e-02	1.682792e-03	-0.0003866099,0.000102202641,0.00305094733,-0.000686382235	-0.000431192166,9.56822623e-05,0.0031012937,-0.000707171508
p4	3	1447	z-20	20	2048	0	2.906619e-02	2.927661e-01	-1.11114061,-3.15302849,0.997904956,0.235684872	-1.07886338,-3.19979429,0.966525793,0.233760715
p4	3	1448	final_output-20	20	2048	0	2.341678e-02	9.634590e-02	0.0130526144,-0.00171391829,0.263864875,-0.00998415705	0.0141757522,-0.00152407598,0.252145112,-0.00997907761
p4	3	1449	linear_attn_out-20	20	1024	0	5.258215e-02	1.282791e-02	-0.764017105,0.0150087634,-0.0152758798,0.0964381099	-0.77325803,0.0134351961,-0.0192931108,0.0891153663
p4	3	1450	attn_residual-20	20	1024	0	4.644748e-02	5.994534e-02	-3.32099819,0.0419213213,-0.16143021,0.425087094	-3.38094354,0.0262882859,-0.192089573,0.405385494
p4	3	1451	attn_post_norm-20	20	1024	0	5.058212e-02	2.339112e-01	-13.8517485,0.306399763,-1.1940397,2.45033145	-14.0240841,0.191080481,-1.41298771,2.32389116
p4	3	1452	ffn_out-20	20	1024	0	6.969460e-02	1.312938e-02	0.161165446,-0.00649962714,-0.0399112441,0.0482211486	0.17004326,-0.010528083,-0.0378269851,0.0490517244
p4	3	1453	l_out-20	20	1024	0	4.807082e-02	5.106759e-02	-3.15983272,0.0354216956,-0.20134145,0.473308235	-3.21090031,0.015760202,-0.229916558,0.454437226
p4	3	1454	attn_norm-21	21	1024	0	5.059842e-02	2.871379e-01	-17.6459141,0.30370912,-1.57488978,3.44412303	-17.8560638,0.134564057,-1.79087806,3.29296637
p4	3	1455	conv_output_silu-21	21	6144	0	1.555815e-02	1.370777e-01	-0.2756733,0.493179351,-0.2774252,-0.192500934	-0.276661366,0.497746646,-0.277123362,-0.198260665
p4	3	1456	q_conv_predelta-21	21	2048	0	2.748800e-02	4.293749e-02	-0.0547041595,0.0978657007,-0.0550517999,-0.03819957	-0.0542324297,0.0975705832,-0.0543229915,-0.0388639681
p4	3	1457	k_conv_predelta-21	21	2048	0	3.140923e-02	2.250091e-02	0.00703524798,-0.00238263654,0.0207235292,0.0233621076	0.00501420768,-0.00354022696,0.0194420479,0.0221916307
p4	3	1458	v_conv_predelta-21	21	2048	0	2.135674e-02	5.043381e-02	0.056773454,-0.0103487168,0.117251307,-0.0629787892	0.0564740449,-0.00992626604,0.114117526,-0.0636088923
p4	3	1459	a_softplus-21	21	16	0	7.760950e-02	1.601633e-01	0.616259813,0.710596025,0.0295198858,0.945779443	0.658493876,0.76238811,0.0335670412,0.959473968
p4	3	1460	gate-21	21	16	0	6.463703e-02	3.080747e-02	-0.182166055,-0.183927491,-0.0110307755,-0.448503137	-0.194650412,-0.197333127,-0.0125430869,-0.454997301
p4	3	1461	beta_sigmoid-21	21	16	0	6.534955e-03	9.723604e-03	0.615592062,0.856994629,0.430596769,0.879591405	0.620377421,0.856737137,0.429576695,0.878694177
p4	3	1462	state_predelta-21	21	262144	0	3.722156e-02	8.087093e-02	0.00100701733,0.000192818494,0.00264705648,-0.000555355975	0.00103933818,-3.81202117e-05,0.00267577218,-0.000550700817
p4	3	1463	new_state-21	21	262144	0	3.439726e-02	7.389084e-02	0.00103175279,9.55327851e-05,0.0027730919,0.000176175003	0.00100074126,-0.000133921858,0.00276563573,0.00018949635
p4	3	1464	attn_output-21	21	2048	0	2.118613e-02	3.132723e-03	9.63854254e-05,-0.000138368399,2.27500786e-05,-9.07085778e-05	8.92024691e-05,-0.000133086782,1.94851054e-05,-9.314825e-05
p4	3	1465	z-21	21	2048	0	3.171227e-02	2.021083e-01	1.60771596,0.335637093,0.829926729,0.616167307	1.57957292,0.470916271,0.819898486,0.57553786
p4	3	1466	final_output-21	21	2048	0	5.719604e-02	8.814102e-02	0.10574919,-0.0183144864,0.00971782859,-0.0333331935	0.0956948847,-0.0260903426,0.00819713622,-0.0315129533
p4	3	1467	linear_attn_out-21	21	1024	0	7.095703e-02	1.067868e-02	-0.41858843,-0.0622465909,0.0275337361,-0.0145191327	-0.41996339,-0.0656220168,0.0273565464,-0.0127507299
p4	3	1468	attn_residual-21	21	1024	0	4.778100e-02	5.244255e-02	-3.57842112,-0.0268248953,-0.17380771,0.45878911	-3.63086367,-0.0498618148,-0.202560008,0.441686511
p4	3	1469	attn_post_norm-21	21	1024	0	5.202670e-02	2.309611e-01	-14.0080938,-0.181520313,-1.16061616,2.44924498	-14.162261,-0.336194277,-1.34774685,2.34946156
p4	3	1470	ffn_out-21	21	1024	0	6.237355e-02	1.412964e-02	-0.281086087,0.0334474817,-0.180427015,0.0507762544	-0.266956449,0.0341830291,-0.177478582,0.0465147793
p4	3	1471	l_out-21	21	1024	0	4.753769e-02	4.238202e-02	-3.85950708,0.0066225864,-0.354234725,0.509565353	-3.89782,-0.0156787857,-0.380038589,0.48820129
p4	3	1472	attn_norm-22	22	1024	0	4.953708e-02	2.692396e-01	-17.7684898,0.0437413752,-2.15272951,3.09261894	-17.9116554,-0.103364743,-2.30526733,2.95747232
p4	3	1473	conv_output_silu-22	22	6144	0	2.060521e-02	6.617713e-02	0.00372069585,-0.063785851,0.022926433,-0.0511525981	-0.0148155279,-0.0601717457,0.0260334816,-0.0460583717
p4	3	1474	q_conv_predelta-22	22	2048	0	2.651936e-02	1.881461e-02	0.000799156202,-0.0137003558,0.00492429361,-0.0109869	-0.0031754761,-0.0128968693,0.0055798688,-0.00987188984
p4	3	1475	k_conv_predelta-22	22	2048	0	3.522706e-02	1.747379e-02	-0.0205901358,0.233415797,-0.0693651065,-0.12536712	-0.02146901,0.226032808,-0.064818278,-0.121967509
p4	3	1476	v_conv_predelta-22	22	2048	0	2.378952e-02	3.112060e-02	-0.000715955277,0.00879437663,-0.00425853906,-0.017033631	-0.00212974614,0.00860786997,-0.00390312285,-0.0178138465
p4	3	1477	a_softplus-22	22	16	0	3.084072e-02	1.375045e-01	0.395868868,0.956509531,3.34080815,0.516281724	0.456977427,1.09401405,3.35536909,0.576881826
p4	3	1478	gate-22	22	16	0	1.721370e-02	3.116457e-02	-0.0732283816,-0.2167871,-2.1909554,-0.0970064625	-0.084532328,-0.247951671,-2.20050478,-0.108392887
p4	3	1479	beta_sigmoid-22	22	16	0	9.909689e-03	1.414850e-02	0.445816815,0.764082909,0.9623909,0.64600271	0.456827283,0.769050002,0.961583495,0.651125908
p4	3	1480	state_predelta-22	22	262144	0	4.154517e-02	4.541598e-02	0.000476289308,-0.000479345588,0.00312252296,-0.000573213154	0.000384157174,-0.000338908518,0.00300677912,-0.000494382402
p4	3	1481	new_state-22	22	262144	0	3.557368e-02	3.192165e-02	0.00042703643,-0.000268409553,0.00284941075,-0.000627851696	0.000357022072,-0.000353591953,0.00277514406,-0.000431562017
p4	3	1482	attn_output-22	22	2048	0	1.977636e-02	6.047878e-04	4.84711454e-05,4.98014415e-05,1.46839766e-05,-5.6273122e-05	4.49828585e-05,4.7487305e-05,9.36927427e-06,-5.84049158e-05
p4	3	1483	z-22	22	2048	0	2.816993e-02	2.273173e-01	2.20971203,-0.489020765,-1.91251206,-1.09514332	2.16967392,-0.425450325,-1.79479313,-1.11720943
p4	3	1484	final_output-22	22	2048	0	4.489703e-02	1.283680e-01	0.109286897,-0.00947417133,-0.0038523823,0.0148334261	0.099012658,-0.00815746281,-0.0025494718,0.0154206771
p4	3	1485	linear_attn_out-22	22	1024	0	7.562166e-02	2.856378e-02	0.227222919,-0.0583894923,0.0353688747,0.265745908	0.2203933,-0.05405185,0.0365287587,0.258631974
p4	3	1486	attn_residual-22	22	1024	0	4.954542e-02	4.514265e-02	-3.63228416,-0.0517669059,-0.318865836,0.775311232	-3.67742682,-0.0697306395,-0.343509823,0.746833265
p4	3	1487	attn_post_norm-22	22	1024	0	5.245809e-02	2.310737e-01	-14.3098946,-0.29424426,-1.78016424,3.55871153	-14.4702616,-0.395872325,-1.91543293,3.42386079
p4	3	1488	ffn_out-22	22	1024	0	5.894215e-02	1.976109e-02	-0.212913245,-0.0713865384,0.0810194835,0.0859859139	-0.193152159,-0.0678307265,0.0739361197,0.0883031487
p4	3	1489	l_out-22	22	1024	0	5.032654e-02	4.528126e-02	-3.84519744,-0.123153448,-0.237846345,0.861297131	-3.870579,-0.137561366,-0.269573689,0.835136414
p4	3	1490	attn_norm-23	23	1024	0	5.056026e-02	2.358655e-01	-14.8620071,-0.609489858,-1.21634507,3.59539652	-14.9387865,-0.67982465,-1.37663364,3.48122239
p4	3	1491	attn_pregate-23	23	2048	0	1.062146e-02	2.014413e-01	-6.35686731,-0.0380665064,-0.520269156,-0.0867115632	-6.34101868,-0.0693363994,-0.512224972,-0.105576225
p4	3	1492	attn_gated-23	23	2048	0	3.580169e-02	1.442111e-01	-0.55688107,-0.00436314568,-0.0578083806,-0.0184241589	-0.546210885,-0.00797784887,-0.0555587187,-0.0224958118
p4	3	1493	attn_output-23	23	1024	0	5.232504e-02	2.931893e-02	-0.0848311931,0.0708257779,-0.0238217562,0.346576869	-0.0969472155,0.0762445405,-0.0161691308,0.36354205
p4	3	1494	attn_residual-23	23	1024	0	5.270423e-02	4.339156e-02	-3.93002868,-0.0523276702,-0.261668086,1.20787406	-3.9675262,-0.0613168254,-0.285742819,1.19867849
p4	3	1495	attn_post_norm-23	23	1024	0	5.495646e-02	2.125596e-01	-15.1891832,-0.244473889,-1.12474573,4.85671473	-15.303915,-0.285907,-1.22580945,4.81025028
p4	3	1496	ffn_out-23	23	1024	0	5.136013e-02	1.707234e-01	1.18235731,0.591896772,0.172491416,1.40960562	1.01163387,0.61139524,0.201861069,1.48318267
p4	3	1497	l_out-23	23	1024	0	5.827005e-02	2.082210e-01	-2.74767137,0.53956908,-0.0891766697,2.6174798	-2.95589232,0.550078392,-0.0838817507,2.68186116
p4	3	1498	result_norm	-1	1024	0	5.881376e-02	8.773942e-01	-1.92296076,6.35988235,-1.02046466,33.4231567	-2.04770923,6.4180131,-0.950141311,33.8980255
p4	3	1499	result_output	-1	248320	0	6.083058e-02	7.791128e-01	7.98747683,5.4302268,9.50121212,2.93149662	8.03166771,5.14805031,9.44227219,2.95780993
