label	pos	idx	tensor	layer	n	bit_equal	rel_l2	max_abs	llama_first4	apr_first4
orig	4	0	model.input_embed	-1	1024	1024	0.000000e+00	0.000000e+00	0.0102546215,-0.020509243,-0.0364608765,-0.0148122311	0.0102546215,-0.020509243,-0.0364608765,-0.0148122311
orig	4	1	attn_norm-0	0	1024	1024	0.000000e+00	0.000000e+00	1.12772536,-1.4603163,-3.07775044,-1.42213809	1.12772536,-1.4603163,-3.07775044,-1.42213809
orig	4	2	conv_output_silu-0	0	6144	6144	0.000000e+00	0.000000e+00	-0.00236968277,0.0145317502,0.037611559,-0.113674656	-0.00236968277,0.0145317502,0.037611559,-0.113674656
orig	4	3	q_conv_predelta-0	0	2048	2048	0.000000e+00	0.000000e+00	-0.00612217188,0.0375433713,0.0971710011,-0.293683112	-0.00612217188,0.0375433713,0.0971710011,-0.293683112
orig	4	4	k_conv_predelta-0	0	2048	2048	0.000000e+00	0.000000e+00	0.0881717354,-0.112645395,-0.0111633986,0.00594236702	0.0881717354,-0.112645395,-0.0111633986,0.00594236702
orig	4	5	v_conv_predelta-0	0	2048	2048	0.000000e+00	0.000000e+00	-0.0088395467,-0.00937544927,-0.000724908372,0.0194534138	-0.0088395467,-0.00937544927,-0.000724908372,0.0194534138
orig	4	6	a_softplus-0	0	16	16	0.000000e+00	0.000000e+00	2.8895278,0.0011778092,0.0072390642,5.7669363	2.8895278,0.0011778092,0.0072390642,5.7669363
orig	4	7	gate-0	0	16	16	0.000000e+00	0.000000e+00	-3.73932672,-0.000154494934,-0.000864582951,-3.2730906	-3.73932672,-0.000154494934,-0.000864582951,-3.2730906
orig	4	8	beta_sigmoid-0	0	16	16	0.000000e+00	0.000000e+00	0.168792516,0.352823824,0.637644529,0.993865788	0.168792516,0.352823824,0.637644529,0.993865788
orig	4	9	state_predelta-0	0	262144	262144	0.000000e+00	0.000000e+00	-6.82867976e-05,-3.24258035e-05,-4.12315967e-05,1.54033896e-05	-6.82867976e-05,-3.24258035e-05,-4.12315967e-05,1.54033896e-05
orig	4	10	new_state-0	0	262144	262144	0.000000e+00	0.000000e+00	-0.000133248468,0.000167389502,1.56849619e-05,-8.50479591e-06	-0.000133248468,0.000167389502,1.56849619e-05,-8.50479591e-06
orig	4	11	attn_output-0	0	2048	2048	0.000000e+00	0.000000e+00	-1.26600625e-07,-2.74729956e-07,-3.70372987e-07,6.62368791e-07	-1.26600625e-07,-2.74729956e-07,-3.70372987e-07,6.62368791e-07
orig	4	12	z-0	0	2048	2048	0.000000e+00	0.000000e+00	-2.63187838,-1.32995009,0.215324283,-1.38594782	-2.63187838,-1.32995009,0.215324283,-1.38594782
orig	4	13	final_output-0	0	2048	2048	0.000000e+00	0.000000e+00	2.15380605e-05,7.56787122e-05,-4.0961022e-05,-0.000169753082	2.15380605e-05,7.56787122e-05,-4.0961022e-05,-0.000169753082
orig	4	14	linear_attn_out-0	0	1024	1024	0.000000e+00	0.000000e+00	-0.751326323,0.00795625523,0.00532823801,0.0494123474	-0.751326323,0.00795625523,0.00532823801,0.0494123474
orig	4	15	attn_residual-0	0	1024	1024	0.000000e+00	0.000000e+00	-0.741071701,-0.0125529878,-0.0311326385,0.0346001163	-0.741071701,-0.0125529878,-0.0311326385,0.0346001163
orig	4	16	attn_post_norm-0	0	1024	1024	0.000000e+00	0.000000e+00	-10.037034,-0.311870039,-0.795896888,0.866737127	-10.037034,-0.311870039,-0.795896888,0.866737127
orig	4	17	ffn_out-0	0	1024	1024	0.000000e+00	0.000000e+00	0.209194347,-0.0197349563,-0.0383122563,0.00140387053	0.209194347,-0.0197349563,-0.0383122563,0.00140387053
orig	4	18	l_out-0	0	1024	1024	0.000000e+00	0.000000e+00	-0.531877339,-0.0322879441,-0.0694448948,0.0360039882	-0.531877339,-0.0322879441,-0.0694448948,0.0360039882
orig	4	19	attn_norm-1	1	1024	1024	0.000000e+00	0.000000e+00	-13.5813999,-1.06832397,-2.19784832,1.22174561	-13.5813999,-1.06832397,-2.19784832,1.22174561
orig	4	20	conv_output_silu-1	1	6144	6144	0.000000e+00	0.000000e+00	-0.0161510985,-0.0189677346,-0.0915577188,-0.278463036	-0.0161510985,-0.0189677346,-0.0915577188,-0.278463036
orig	4	21	q_conv_predelta-1	1	2048	2048	0.000000e+00	0.000000e+00	-0.0122945383,-0.014438618,-0.0696955621,-0.211971626	-0.0122945383,-0.014438618,-0.0696955621,-0.211971626
orig	4	22	k_conv_predelta-1	1	2048	2048	0.000000e+00	0.000000e+00	-0.0484246612,-0.0128006553,-0.0187205952,0.0529469103	-0.0484246612,-0.0128006553,-0.0187205952,0.0529469103
orig	4	23	v_conv_predelta-1	1	2048	2048	0.000000e+00	0.000000e+00	-0.00493195653,-0.0728338063,0.000355264201,0.00933027919	-0.00493195653,-0.0728338063,0.000355264201,0.00933027919
orig	4	24	a_softplus-1	1	16	16	0.000000e+00	0.000000e+00	0.193796068,2.98604155,2.04173899,2.52086115	0.193796068,2.98604155,2.04173899,2.52086115
orig	4	25	gate-1	1	16	16	0.000000e+00	0.000000e+00	-0.0347457193,-3.22080803,-2.33858037,-0.762836218	-0.0347457193,-3.22080803,-2.33858037,-0.762836218
orig	4	26	beta_sigmoid-1	1	16	16	0.000000e+00	0.000000e+00	0.491131455,0.119351991,0.28783673,0.524800003	0.491131455,0.119351991,0.28783673,0.524800003
orig	4	27	state_predelta-1	1	262144	262144	0.000000e+00	0.000000e+00	-0.00985844154,-0.00123640848,-0.00100470567,0.00163891213	-0.00985844154,-0.00123640848,-0.00100470567,0.00163891213
orig	4	28	new_state-1	1	262144	262144	0.000000e+00	0.000000e+00	-0.00892203394,-0.00103564677,-0.000738536357,0.000927183137	-0.00892203394,-0.00103564677,-0.000738536357,0.000927183137
orig	4	29	attn_output-1	1	2048	2048	0.000000e+00	0.000000e+00	-6.20602586e-05,-0.00081135449,-1.64601062e-07,1.55402086e-05	-6.20602586e-05,-0.00081135449,-1.64601062e-07,1.55402086e-05
orig	4	30	z-1	1	2048	2048	0.000000e+00	0.000000e+00	-4.3530407,-4.63395166,-1.10070157,0.706582785	-4.3530407,-4.63395166,-1.10070157,0.706582785
orig	4	31	final_output-1	1	2048	2048	0.000000e+00	0.000000e+00	0.00297944155,0.0313395672,4.29326356e-05,0.0076949806	0.00297944155,0.0313395672,4.29326356e-05,0.0076949806
orig	4	32	linear_attn_out-1	1	1024	1024	0.000000e+00	0.000000e+00	-0.586553931,-0.00353957713,-0.000670775771,0.00136896968	-0.586553931,-0.00353957713,-0.000670775771,0.00136896968
orig	4	33	attn_residual-1	1	1024	1024	0.000000e+00	0.000000e+00	-1.11843133,-0.0358275212,-0.0701156706,0.0373729579	-1.11843133,-0.0358275212,-0.0701156706,0.0373729579
orig	4	34	attn_post_norm-1	1	1024	1024	0.000000e+00	0.000000e+00	-14.1939182,-0.716249645,-1.4160769,0.796870053	-14.1939182,-0.716249645,-1.4160769,0.796870053
orig	4	35	ffn_out-1	1	1024	1024	0.000000e+00	0.000000e+00	0.458868086,0.0479389727,-0.0443562195,0.000785784912	0.458868086,0.0479389727,-0.0443562195,0.000785784912
orig	4	36	l_out-1	1	1024	1024	0.000000e+00	0.000000e+00	-0.659563243,0.0121114515,-0.11447189,0.0381587446	-0.659563243,0.0121114515,-0.11447189,0.0381587446
orig	4	37	attn_norm-2	2	1024	1024	0.000000e+00	0.000000e+00	-16.3472633,0.367723078,-3.35585642,1.17333817	-16.3472633,0.367723078,-3.35585642,1.17333817
orig	4	38	conv_output_silu-2	2	6144	6144	0.000000e+00	0.000000e+00	-0.0182222892,-0.00719097117,0.00225068023,0.00483348221	-0.0182222892,-0.00719097117,0.00225068023,0.00483348221
orig	4	39	q_conv_predelta-2	2	2048	2048	0.000000e+00	0.000000e+00	-0.0168745145,-0.00665910495,0.00208421308,0.00447598286	-0.0168745145,-0.00665910495,0.00208421308,0.00447598286
orig	4	40	k_conv_predelta-2	2	2048	2048	0.000000e+00	0.000000e+00	0.00728583382,0.00752355671,-0.0176894534,-0.158648908	0.00728583382,0.00752355671,-0.0176894534,-0.158648908
orig	4	41	v_conv_predelta-2	2	2048	2048	0.000000e+00	0.000000e+00	0.017702559,0.0138805471,-0.0412701108,-0.0360118076	0.017702559,0.0138805471,-0.0412701108,-0.0360118076
orig	4	42	a_softplus-2	2	16	16	0.000000e+00	0.000000e+00	3.99106884,0.335518777,1.30631661,2.98336649	3.99106884,0.335518777,1.30631661,2.98336649
orig	4	43	gate-2	2	16	16	0.000000e+00	0.000000e+00	-3.58281541,-0.0946374163,-0.389175028,-1.94891167	-3.58281541,-0.0946374163,-0.389175028,-1.94891167
orig	4	44	beta_sigmoid-2	2	16	16	0.000000e+00	0.000000e+00	0.121656559,0.639844298,0.674891651,0.323643923	0.121656559,0.639844298,0.674891651,0.323643923
orig	4	45	state_predelta-2	2	262144	262144	0.000000e+00	0.000000e+00	0.00126030785,-0.000555749692,-0.000899400504,-0.00638069818	0.00126030785,-0.000555749692,-0.000899400504,-0.00638069818
orig	4	46	new_state-2	2	262144	262144	0.000000e+00	0.000000e+00	5.05692005e-05,5.9456579e-07,-6.27211848e-05,-0.000515662716	5.05692005e-05,5.9456579e-07,-6.27211848e-05,-0.000515662716
orig	4	47	attn_output-2	2	2048	2048	0.000000e+00	0.000000e+00	6.66723236e-06,7.30484044e-06,-1.16061292e-05,-1.27414751e-05	6.66723236e-06,7.30484044e-06,-1.16061292e-05,-1.27414751e-05
orig	4	48	z-2	2	2048	2048	0.000000e+00	0.000000e+00	1.02912486,0.0577385426,0.195348918,-0.442377776	1.02912486,0.0577385426,0.195348918,-0.442377776
orig	4	49	final_output-2	2	2048	2048	0.000000e+00	0.000000e+00	0.00516532967,0.000144041507,-0.00113676523,0.00215311651	0.00516532967,0.000144041507,-0.00113676523,0.00215311651
orig	4	50	linear_attn_out-2	2	1024	1024	0.000000e+00	0.000000e+00	-0.630560637,0.0177338943,0.0117432754,-0.021132255	-0.630560637,0.0177338943,0.0117432754,-0.021132255
orig	4	51	attn_residual-2	2	1024	1024	0.000000e+00	0.000000e+00	-1.29012394,0.0298453458,-0.102728613,0.0170264896	-1.29012394,0.0298453458,-0.102728613,0.0170264896
orig	4	52	attn_post_norm-2	2	1024	1024	0.000000e+00	0.000000e+00	-15.637125,0.568133295,-1.98506749,0.327979356	-15.637125,0.568133295,-1.98506749,0.327979356
orig	4	53	ffn_out-2	2	1024	1024	0.000000e+00	0.000000e+00	0.741962016,0.0183550995,-0.0977825746,0.0248851515	0.741962016,0.0183550995,-0.0977825746,0.0248851515
orig	4	54	l_out-2	2	1024	1024	0.000000e+00	0.000000e+00	-0.548161924,0.0482004434,-0.200511187,0.0419116393	-0.548161924,0.0482004434,-0.200511187,0.0419116393
orig	4	55	attn_norm-3	3	1024	1024	0.000000e+00	0.000000e+00	-11.1648569,1.17199647,-4.4068923,0.971438468	-11.1648569,1.17199647,-4.4068923,0.971438468
orig	4	56	attn_pregate-3	3	2048	2048	0.000000e+00	0.000000e+00	0.184655949,0.134550259,0.31392774,-0.561600745	0.184655949,0.134550259,0.31392774,-0.561600745
orig	4	57	attn_gated-3	3	2048	2048	0.000000e+00	0.000000e+00	0.0035539649,0.00601127371,0.014910941,-0.0354234688	0.0035539649,0.00601127371,0.014910941,-0.0354234688
orig	4	58	attn_output-3	3	1024	1024	0.000000e+00	0.000000e+00	0.0137948282,-0.00249676034,0.0302124154,0.00790394749	0.0137948282,-0.00249676034,0.0302124154,0.00790394749
orig	4	59	attn_residual-3	3	1024	1024	0.000000e+00	0.000000e+00	-0.534367085,0.045703683,-0.17029877,0.0498155877	-0.534367085,0.045703683,-0.17029877,0.0498155877
orig	4	60	attn_post_norm-3	3	1024	1024	0.000000e+00	0.000000e+00	-6.78621674,0.869211435,-3.33616066,0.984355509	-6.78621674,0.869211435,-3.33616066,0.984355509
orig	4	61	ffn_out-3	3	1024	1024	0.000000e+00	0.000000e+00	-0.0649669021,0.0259725787,0.00737767294,-0.0302664563	-0.0649669021,0.0259725787,0.00737767294,-0.0302664563
orig	4	62	l_out-3	3	1024	1024	0.000000e+00	0.000000e+00	-0.599334002,0.0716762617,-0.162921101,0.0195491314	-0.599334002,0.0716762617,-0.162921101,0.0195491314
orig	4	63	attn_norm-4	4	1024	1024	0.000000e+00	0.000000e+00	-11.4993401,1.81385827,-3.84252381,0.507176816	-11.4993401,1.81385827,-3.84252381,0.507176816
orig	4	64	conv_output_silu-4	4	6144	6144	0.000000e+00	0.000000e+00	-0.0510673113,0.0122016929,-0.0807816312,-0.0152436616	-0.0510673113,0.0122016929,-0.0807816312,-0.0152436616
orig	4	65	q_conv_predelta-4	4	2048	2048	0.000000e+00	0.000000e+00	-0.0306856316,0.00733182626,-0.0485405512,-0.00915970188	-0.0306856316,0.00733182626,-0.0485405512,-0.00915970188
orig	4	66	k_conv_predelta-4	4	2048	2048	0.000000e+00	0.000000e+00	0.00411438756,0.0925879851,-0.0225723796,0.00565116853	0.00411438756,0.0925879851,-0.0225723796,0.00565116853
orig	4	67	v_conv_predelta-4	4	2048	2048	0.000000e+00	0.000000e+00	0.099472113,0.0235356912,-0.0142260836,0.0107238479	0.099472113,0.0235356912,-0.0142260836,0.0107238479
orig	4	68	a_softplus-4	4	16	16	0.000000e+00	0.000000e+00	0.749274969,2.34229732,0.0260233581,2.43088937	0.749274969,2.34229732,0.0260233581,2.43088937
orig	4	69	gate-4	4	16	16	0.000000e+00	0.000000e+00	-0.312344283,-2.27578187,-0.00818861276,-1.27599454	-0.312344283,-2.27578187,-0.00818861276,-1.27599454
orig	4	70	beta_sigmoid-4	4	16	16	0.000000e+00	0.000000e+00	0.720565319,0.741650999,0.697300196,0.514279425	0.720565319,0.741650999,0.697300196,0.514279425
orig	4	71	state_predelta-4	4	262144	262144	0.000000e+00	0.000000e+00	-0.000950800721,-0.0120751886,0.000801351154,9.15651763e-05	-0.000950800721,-0.0120751886,0.000801351154,9.15651763e-05
orig	4	72	new_state-4	4	262144	262144	0.000000e+00	0.000000e+00	-0.000316144986,-0.00029381644,-0.00149610383,0.000588364899	-0.000316144986,-0.00029381644,-0.00149610383,0.000588364899
orig	4	73	attn_output-4	4	2048	2048	0.000000e+00	0.000000e+00	0.000201725168,5.76582352e-05,-3.65819615e-05,2.2972381e-05	0.000201725168,5.76582352e-05,-3.65819615e-05,2.2972381e-05
orig	4	74	z-4	4	2048	2048	0.000000e+00	0.000000e+00	-4.83081627,0.659484565,1.17201138,-0.0672706962	-4.83081627,0.659484565,1.17201138,-0.0672706962
orig	4	75	final_output-4	4	2048	2048	0.000000e+00	0.000000e+00	-0.00650241738,0.0254069977,-0.0263507534,-0.000679962395	-0.00650241738,0.0254069977,-0.0263507534,-0.000679962395
orig	4	76	linear_attn_out-4	4	1024	1024	0.000000e+00	0.000000e+00	-0.25443548,-0.00642214529,-0.0287405979,-0.00196900964	-0.25443548,-0.00642214529,-0.0287405979,-0.00196900964
orig	4	77	attn_residual-4	4	1024	1024	0.000000e+00	0.000000e+00	-0.853769481,0.0652541146,-0.191661701,0.0175801218	-0.853769481,0.0652541146,-0.191661701,0.0175801218
orig	4	78	attn_post_norm-4	4	1024	1024	0.000000e+00	0.000000e+00	-10.2974119,1.15013921,-3.32230449,0.320870697	-10.2974119,1.15013921,-3.32230449,0.320870697
orig	4	79	ffn_out-4	4	1024	1024	0.000000e+00	0.000000e+00	0.3047252,-0.0176364537,-0.0492991209,-0.00596015528	0.3047252,-0.0176364537,-0.0492991209,-0.00596015528
orig	4	80	l_out-4	4	1024	1024	0.000000e+00	0.000000e+00	-0.549044251,0.047617659,-0.240960822,0.0116199665	-0.549044251,0.047617659,-0.240960822,0.0116199665
orig	4	81	attn_norm-5	5	1024	1024	0.000000e+00	0.000000e+00	-10.3426886,1.20800114,-5.68529415,0.308530599	-10.3426886,1.20800114,-5.68529415,0.308530599
orig	4	82	conv_output_silu-5	5	6144	6144	0.000000e+00	0.000000e+00	-0.0827591196,-0.0196915641,-0.0253059603,0.15845567	-0.0827591196,-0.0196915641,-0.0253059603,0.15845567
orig	4	83	q_conv_predelta-5	5	2048	2048	0.000000e+00	0.000000e+00	-0.0460894853,-0.0109664537,-0.0140931737,0.0882457495	-0.0460894853,-0.0109664537,-0.0140931737,0.0882457495
orig	4	84	k_conv_predelta-5	5	2048	2048	0.000000e+00	0.000000e+00	-0.00660782307,-0.025107896,-0.127598807,-0.0199604854	-0.00660782307,-0.025107896,-0.127598807,-0.0199604854
orig	4	85	v_conv_predelta-5	5	2048	2048	0.000000e+00	0.000000e+00	-0.0251435507,0.0147376927,-0.0292862076,0.00115634233	-0.0251435507,0.0147376927,-0.0292862076,0.00115634233
orig	4	86	a_softplus-5	5	16	16	0.000000e+00	0.000000e+00	0.804339647,0.14548704,0.350041896,0.00338493451	0.804339647,0.14548704,0.350041896,0.00338493451
orig	4	87	gate-5	5	16	16	0.000000e+00	0.000000e+00	-0.614304304,-0.0176495798,-0.0891986042,-0.0014165733	-0.614304304,-0.0176495798,-0.0891986042,-0.0014165733
orig	4	88	beta_sigmoid-5	5	16	16	0.000000e+00	0.000000e+00	0.700660706,0.752185762,0.713857114,0.477051497	0.700660706,0.752185762,0.713857114,0.477051497
orig	4	89	state_predelta-5	5	262144	262144	0.000000e+00	0.000000e+00	-0.000127735228,0.00013516139,0.000480597257,0.000236279331	-0.000127735228,0.00013516139,0.000480597257,0.000236279331
orig	4	90	new_state-5	5	262144	262144	0.000000e+00	0.000000e+00	4.21783407e-05,0.000495977874,0.00240895967,0.000463994598	4.21783407e-05,0.000495977874,0.00240895967,0.000463994598
orig	4	91	attn_output-5	5	2048	2048	0.000000e+00	0.000000e+00	-3.60109407e-05,1.87835522e-05,-3.28355782e-05,5.73220063e-07	-3.60109407e-05,1.87835522e-05,-3.28355782e-05,5.73220063e-07
orig	4	92	z-5	5	2048	2048	0.000000e+00	0.000000e+00	0.826976299,2.01861644,0.114294291,0.186598167	0.826976299,2.01861644,0.114294291,0.186598167
orig	4	93	final_output-5	5	2048	2048	0.000000e+00	0.000000e+00	-0.0197372902,0.0307188518,-0.00192852074,5.62606729e-05	-0.0197372902,0.0307188518,-0.00192852074,5.62606729e-05
orig	4	94	linear_attn_out-5	5	1024	1024	0.000000e+00	0.000000e+00	-0.331744403,0.000755710527,0.019219039,0.0126093263	-0.331744403,0.000755710527,0.019219039,0.0126093263
orig	4	95	attn_residual-5	5	1024	1024	0.000000e+00	0.000000e+00	-0.880788684,0.0483733714,-0.221741781,0.0242292918	-0.880788684,0.0483733714,-0.221741781,0.0242292918
orig	4	96	attn_post_norm-5	5	1024	1024	0.000000e+00	0.000000e+00	-10.1316977,0.836420238,-3.6417675,0.440847903	-10.1316977,0.836420238,-3.6417675,0.440847903
orig	4	97	ffn_out-5	5	1024	1024	0.000000e+00	0.000000e+00	0.257973552,0.00718222745,-0.0298569333,-0.0111127244	0.257973552,0.00718222745,-0.0298569333,-0.0111127244
orig	4	98	l_out-5	5	1024	1024	0.000000e+00	0.000000e+00	-0.622815132,0.0555555969,-0.251598716,0.0131165674	-0.622815132,0.0555555969,-0.251598716,0.0131165674
orig	4	99	attn_norm-6	6	1024	1024	0.000000e+00	0.000000e+00	-11.0059214,1.2721343,-5.57049227,0.318162203	-11.0059214,1.2721343,-5.57049227,0.318162203
orig	4	100	conv_output_silu-6	6	6144	6144	0.000000e+00	0.000000e+00	0.0243653264,-0.155336857,-0.00751747936,0.0564884767	0.0243653264,-0.155336857,-0.00751747936,0.0564884767
orig	4	101	q_conv_predelta-6	6	2048	2048	0.000000e+00	0.000000e+00	0.0138389897,-0.0882280469,-0.00426976942,0.0320842601	0.0138389897,-0.0882280469,-0.00426976942,0.0320842601
orig	4	102	k_conv_predelta-6	6	2048	2048	0.000000e+00	0.000000e+00	0.0478875265,-0.0389394872,-0.00917188358,0.01491684	0.0478875265,-0.0389394872,-0.00917188358,0.01491684
orig	4	103	v_conv_predelta-6	6	2048	2048	0.000000e+00	0.000000e+00	-0.0058688703,-0.00042405905,-0.0118916882,0.0120661808	-0.0058688703,-0.00042405905,-0.0118916882,0.0120661808
orig	4	104	a_softplus-6	6	16	16	0.000000e+00	0.000000e+00	0.559966564,0.312118292,0.802556515,0.318915188	0.559966564,0.312118292,0.802556515,0.318915188
orig	4	105	gate-6	6	16	16	0.000000e+00	0.000000e+00	-0.10197749,-0.231946617,-0.244765922,-0.176811025	-0.10197749,-0.231946617,-0.244765922,-0.176811025
orig	4	106	beta_sigmoid-6	6	16	16	0.000000e+00	0.000000e+00	0.763787508,0.421970397,0.664702892,0.617087901	0.763787508,0.421970397,0.664702892,0.617087901
orig	4	107	state_predelta-6	6	262144	262144	0.000000e+00	0.000000e+00	-3.68546862e-05,-0.000149208441,0.000444528821,0.000673719391	-3.68546862e-05,-0.000149208441,0.000444528821,0.000673719391
orig	4	108	new_state-6	6	262144	262144	0.000000e+00	0.000000e+00	-0.000362753926,0.000133165988,0.000464535435,0.000505772477	-0.000362753926,0.000133165988,0.000464535435,0.000505772477
orig	4	109	attn_output-6	6	2048	2048	0.000000e+00	0.000000e+00	2.49079476e-05,2.0271591e-05,-4.03859412e-05,-2.92599707e-05	2.49079476e-05,2.0271591e-05,-4.03859412e-05,-2.92599707e-05
orig	4	110	z-6	6	2048	2048	0.000000e+00	0.000000e+00	0.860642195,0.390603006,0.971126556,1.47297132	0.860642195,0.390603006,0.971126556,1.47297132
orig	4	111	final_output-6	6	2048	2048	0.000000e+00	0.000000e+00	0.0121170161,0.00436475687,-0.0259898733,-0.0345278233	0.0121170161,0.00436475687,-0.0259898733,-0.0345278233
orig	4	112	linear_attn_out-6	6	1024	1024	0.000000e+00	0.000000e+00	-0.0802936256,-0.00194645114,0.00127357943,0.00433299132	-0.0802936256,-0.00194645114,0.00127357943,0.00433299132
orig	4	113	attn_residual-6	6	1024	1024	0.000000e+00	0.000000e+00	-0.703108788,0.0536091477,-0.250325143,0.0174495578	-0.703108788,0.0536091477,-0.250325143,0.0174495578
orig	4	114	attn_post_norm-6	6	1024	1024	0.000000e+00	0.000000e+00	-9.87879276,0.922661483,-4.25299072,0.307264954	-9.87879276,0.922661483,-4.25299072,0.307264954
orig	4	115	ffn_out-6	6	1024	1024	0.000000e+00	0.000000e+00	-0.0974444002,-0.0121675376,-0.041842889,0.0642348528	-0.0974444002,-0.0121675376,-0.041842889,0.0642348528
orig	4	116	l_out-6	6	1024	1024	0.000000e+00	0.000000e+00	-0.800553203,0.0414416119,-0.292168021,0.0816844106	-0.800553203,0.0414416119,-0.292168021,0.0816844106
orig	4	117	attn_norm-7	7	1024	1024	0.000000e+00	0.000000e+00	-11.3875322,0.62642765,-4.56073761,1.4812448	-11.3875322,0.62642765,-4.56073761,1.4812448
orig	4	118	attn_pregate-7	7	2048	2048	0.000000e+00	0.000000e+00	0.200198933,0.15833874,-0.492000252,-0.15264754	0.200198933,0.15833874,-0.492000252,-0.15264754
orig	4	119	attn_gated-7	7	2048	2048	0.000000e+00	0.000000e+00	0.0538970828,0.0494506918,-0.0353617817,-0.0130293304	0.0538970828,0.0494506918,-0.0353617817,-0.0130293304
orig	4	120	attn_output-7	7	1024	1024	0.000000e+00	0.000000e+00	-0.0252091512,-0.00749003142,0.0473912023,-0.0195435714	-0.0252091512,-0.00749003142,0.0473912023,-0.0195435714
orig	4	121	attn_residual-7	7	1024	1024	0.000000e+00	0.000000e+00	-0.825762331,0.0339515805,-0.244776815,0.0621408373	-0.825762331,0.0339515805,-0.244776815,0.0621408373
orig	4	122	attn_post_norm-7	7	1024	1024	0.000000e+00	0.000000e+00	-9.09312439,0.544433117,-3.78489256,1.03684366	-9.09312439,0.544433117,-3.78489256,1.03684366
orig	4	123	ffn_out-7	7	1024	1024	0.000000e+00	0.000000e+00	0.106654994,0.0138699589,0.0155600077,-0.0162146911	0.106654994,0.0138699589,0.0155600077,-0.0162146911
orig	4	124	l_out-7	7	1024	1024	0.000000e+00	0.000000e+00	-0.71910733,0.0478215404,-0.229216814,0.0459261462	-0.71910733,0.0478215404,-0.229216814,0.0459261462
orig	4	125	attn_norm-8	8	1024	1024	0.000000e+00	0.000000e+00	-12.9361944,1.01770878,-4.42663002,1.05027008	-12.9361944,1.01770878,-4.42663002,1.05027008
orig	4	126	conv_output_silu-8	8	6144	6144	0.000000e+00	0.000000e+00	0.0302516893,0.0183127876,-0.239864081,-0.0282045342	0.0302516893,0.0183127876,-0.239864081,-0.0282045342
orig	4	127	q_conv_predelta-8	8	2048	2048	0.000000e+00	0.000000e+00	0.0238934662,0.0144638522,-0.189450055,-0.0222765766	0.0238934662,0.0144638522,-0.189450055,-0.0222765766
orig	4	128	k_conv_predelta-8	8	2048	2048	0.000000e+00	0.000000e+00	0.0782232061,-0.198079124,0.0752646029,0.013752602	0.0782232061,-0.198079124,0.0752646029,0.013752602
orig	4	129	v_conv_predelta-8	8	2048	2048	0.000000e+00	0.000000e+00	-0.16913192,-0.0144332377,-0.0245302152,-0.00103501568	-0.16913192,-0.0144332377,-0.0245302152,-0.00103501568
orig	4	130	a_softplus-8	8	16	16	0.000000e+00	0.000000e+00	0.310172409,0.12658821,0.0840505883,0.0275938269	0.310172409,0.12658821,0.0840505883,0.0275938269
orig	4	131	gate-8	8	16	16	0.000000e+00	0.000000e+00	-0.108880751,-0.0359858908,-0.0250401702,-0.00416604476	-0.108880751,-0.0359858908,-0.0250401702,-0.00416604476
orig	4	132	beta_sigmoid-8	8	16	16	0.000000e+00	0.000000e+00	0.858758867,0.347772211,0.654733121,0.387892216	0.858758867,0.347772211,0.654733121,0.387892216
orig	4	133	state_predelta-8	8	262144	262144	0.000000e+00	0.000000e+00	-0.00458578998,0.00779674947,-0.0061149383,0.000308795163	-0.00458578998,0.00779674947,-0.0061149383,0.000308795163
orig	4	134	new_state-8	8	262144	262144	0.000000e+00	0.000000e+00	-0.0143890921,0.0330145806,-0.0153718106,-0.00152977591	-0.0143890921,0.0330145806,-0.0153718106,-0.00152977591
orig	4	135	attn_output-8	8	2048	2048	0.000000e+00	0.000000e+00	-0.000911105366,-6.660894e-05,-9.86733648e-05,-1.51093418e-05	-0.000911105366,-6.660894e-05,-9.86733648e-05,-1.51093418e-05
orig	4	136	z-8	8	2048	2048	0.000000e+00	0.000000e+00	0.203998148,1.87105227,1.02306104,1.02273118	0.203998148,1.87105227,1.02306104,1.02273118
orig	4	137	final_output-8	8	2048	2048	0.000000e+00	0.000000e+00	-0.0886382982,-0.0660976395,-0.069938004,-0.00807005074	-0.0886382982,-0.0660976395,-0.069938004,-0.00807005074
orig	4	138	linear_attn_out-8	8	1024	1024	0.000000e+00	0.000000e+00	-0.0745010599,0.00167609099,0.0130285537,-0.0156289078	-0.0745010599,0.00167609099,0.0130285537,-0.0156289078
orig	4	139	attn_residual-8	8	1024	1024	0.000000e+00	0.000000e+00	-0.793608367,0.0494976304,-0.216188267,0.0302972384	-0.793608367,0.0494976304,-0.216188267,0.0302972384
orig	4	140	attn_post_norm-8	8	1024	1024	0.000000e+00	0.000000e+00	-8.57028675,0.775211036,-3.26972818,0.520325482	-8.57028675,0.775211036,-3.26972818,0.520325482
orig	4	141	ffn_out-8	8	1024	1024	0.000000e+00	0.000000e+00	0.173887804,0.00365186995,-0.0329642594,0.0265341327	0.173887804,0.00365186995,-0.0329642594,0.0265341327
orig	4	142	l_out-8	8	1024	1024	0.000000e+00	0.000000e+00	-0.619720578,0.053149499,-0.249152526,0.056831371	-0.619720578,0.053149499,-0.249152526,0.056831371
orig	4	143	attn_norm-9	9	1024	1024	0.000000e+00	0.000000e+00	-10.1547155,1.05933774,-4.89170074,1.34098065	-10.1547155,1.05933774,-4.89170074,1.34098065
orig	4	144	conv_output_silu-9	9	6144	6144	0.000000e+00	0.000000e+00	-0.0704009682,-0.146390632,-0.23212643,-0.0655087084	-0.0704009682,-0.146390632,-0.23212643,-0.0655087084
orig	4	145	q_conv_predelta-9	9	2048	2048	0.000000e+00	0.000000e+00	-0.0471710786,-0.0980867818,-0.155532718,-0.0438930988	-0.0471710786,-0.0980867818,-0.155532718,-0.0438930988
orig	4	146	k_conv_predelta-9	9	2048	2048	0.000000e+00	0.000000e+00	0.256976128,-0.0149084171,0.000882348861,-0.0200696159	0.256976128,-0.0149084171,0.000882348861,-0.0200696159
orig	4	147	v_conv_predelta-9	9	2048	2048	0.000000e+00	0.000000e+00	-0.00492988946,-0.00350322179,0.00606615609,-0.00817974005	-0.00492988946,-0.00350322179,0.00606615609,-0.00817974005
orig	4	148	a_softplus-9	9	16	16	0.000000e+00	0.000000e+00	0.00247838674,0.0628864244,0.294723183,0.755158484	0.00247838674,0.0628864244,0.294723183,0.755158484
orig	4	149	gate-9	9	16	16	0.000000e+00	0.000000e+00	-0.00100527797,-0.00857750326,-0.100274518,-0.13969028	-0.00100527797,-0.00857750326,-0.100274518,-0.13969028
orig	4	150	beta_sigmoid-9	9	16	16	0.000000e+00	0.000000e+00	0.312398255,0.626804471,0.307639688,0.367532045	0.312398255,0.626804471,0.307639688,0.367532045
orig	4	151	state_predelta-9	9	262144	262144	0.000000e+00	0.000000e+00	-0.0010253886,-0.00101206673,-0.000801916525,3.97209442e-06	-0.0010253886,-0.00101206673,-0.000801916525,3.97209442e-06
orig	4	152	new_state-9	9	262144	262144	0.000000e+00	0.000000e+00	-0.00155002368,-0.00098055345,-0.000802915718,4.50221123e-05	-0.00155002368,-0.00098055345,-0.000802915718,4.50221123e-05
orig	4	153	attn_output-9	9	2048	2048	0.000000e+00	0.000000e+00	3.35984914e-05,-1.59458214e-05,4.96046414e-05,-5.52418242e-05	3.35984914e-05,-1.59458214e-05,4.96046414e-05,-5.52418242e-05
orig	4	154	z-9	9	2048	2048	0.000000e+00	0.000000e+00	0.891977906,-0.0687059313,2.89249468,1.28944719	0.891977906,-0.0687059313,2.89249468,1.28944719
orig	4	155	final_output-9	9	2048	2048	0.000000e+00	0.000000e+00	0.0226963907,0.000535910542,0.142491832,-0.0539880767	0.0226963907,0.000535910542,0.142491832,-0.0539880767
orig	4	156	linear_attn_out-9	9	1024	1024	0.000000e+00	0.000000e+00	-0.148481607,-0.00441323407,-0.002503125,-0.010379727	-0.148481607,-0.00441323407,-0.002503125,-0.010379727
orig	4	157	attn_residual-9	9	1024	1024	0.000000e+00	0.000000e+00	-0.768202186,0.0487362668,-0.251655638,0.0464516431	-0.768202186,0.0487362668,-0.251655638,0.0464516431
orig	4	158	attn_post_norm-9	9	1024	1024	0.000000e+00	0.000000e+00	-8.30132675,0.737587512,-3.67733669,0.795049131	-8.30132675,0.737587512,-3.67733669,0.795049131
orig	4	159	ffn_out-9	9	1024	1024	0.000000e+00	0.000000e+00	0.107300758,-0.0381070189,-0.0124160387,-0.0205375757	0.107300758,-0.0381070189,-0.0124160387,-0.0205375757
orig	4	160	l_out-9	9	1024	1024	0.000000e+00	0.000000e+00	-0.660901427,0.0106292479,-0.264071673,0.0259140674	-0.660901427,0.0106292479,-0.264071673,0.0259140674
orig	4	161	attn_norm-10	10	1024	1024	0.000000e+00	0.000000e+00	-11.4903669,0.19253771,-5.1140666,0.541100144	-11.4903669,0.19253771,-5.1140666,0.541100144
orig	4	162	conv_output_silu-10	10	6144	6144	0.000000e+00	0.000000e+00	-0.000967504282,-0.00256691943,0.014867262,-0.00505928881	-0.000967504282,-0.00256691943,0.014867262,-0.00505928881
orig	4	163	q_conv_predelta-10	10	2048	2048	0.000000e+00	0.000000e+00	-0.00205186335,-0.00544387009,0.0315301828,-0.0107296361	-0.00205186335,-0.00544387009,0.0315301828,-0.0107296361
orig	4	164	k_conv_predelta-10	10	2048	2048	0.000000e+00	0.000000e+00	-0.0760845691,-0.0827406719,0.0275302045,0.0193809085	-0.0760845691,-0.0827406719,0.0275302045,0.0193809085
orig	4	165	v_conv_predelta-10	10	2048	2048	0.000000e+00	0.000000e+00	-0.00650106603,-0.00650232984,0.00338606746,0.00755481282	-0.00650106603,-0.00650232984,0.00338606746,0.00755481282
orig	4	166	a_softplus-10	10	16	16	0.000000e+00	0.000000e+00	0.428261548,0.00755619025,3.76766443,0.340928376	0.428261548,0.00755619025,3.76766443,0.340928376
orig	4	167	gate-10	10	16	16	0.000000e+00	0.000000e+00	-0.327718824,-0.0438239127,-1.16716802,-0.0698070377	-0.327718824,-0.0438239127,-1.16716802,-0.0698070377
orig	4	168	beta_sigmoid-10	10	16	16	0.000000e+00	0.000000e+00	0.778142333,0.470827103,0.916586637,0.751774788	0.778142333,0.470827103,0.916586637,0.751774788
orig	4	169	state_predelta-10	10	262144	262144	0.000000e+00	0.000000e+00	-0.000317882397,0.000359722675,0.000334608456,0.000231571918	-0.000317882397,0.000359722675,0.000334608456,0.000231571918
orig	4	170	new_state-10	10	262144	262144	0.000000e+00	0.000000e+00	0.000282755995,0.000815789681,5.59151958e-05,3.64898879e-05	0.000282755995,0.000815789681,5.59151958e-05,3.64898879e-05
orig	4	171	attn_output-10	10	2048	2048	0.000000e+00	0.000000e+00	-7.76835532e-06,-4.87633497e-06,-3.64766242e-06,1.52788798e-05	-7.76835532e-06,-4.87633497e-06,-3.64766242e-06,1.52788798e-05
orig	4	172	z-10	10	2048	2048	0.000000e+00	0.000000e+00	2.24462891,1.38689506,1.68722594,1.57156527	2.24462891,1.38689506,1.68722594,1.57156527
orig	4	173	final_output-10	10	2048	2048	0.000000e+00	0.000000e+00	-0.0141555807,-0.00577489147,-0.00505588669,0.02031615	-0.0141555807,-0.00577489147,-0.00505588669,0.02031615
orig	4	174	linear_attn_out-10	10	1024	1024	0.000000e+00	0.000000e+00	0.0137901455,0.0172665883,0.00214477628,-0.00789309852	0.0137901455,0.0172665883,0.00214477628,-0.00789309852
orig	4	175	attn_residual-10	10	1024	1024	0.000000e+00	0.000000e+00	-0.647111297,0.0278958362,-0.261926889,0.0180209689	-0.647111297,0.0278958362,-0.261926889,0.0180209689
orig	4	176	attn_post_norm-10	10	1024	1024	0.000000e+00	0.000000e+00	-8.0780468,0.42986545,-4.02324486,0.295785576	-8.0780468,0.42986545,-4.02324486,0.295785576
orig	4	177	ffn_out-10	10	1024	1024	0.000000e+00	0.000000e+00	-0.0675271153,-0.00574480835,-0.0388801023,0.0163876731	-0.0675271153,-0.00574480835,-0.0388801023,0.0163876731
orig	4	178	l_out-10	10	1024	1024	0.000000e+00	0.000000e+00	-0.714638412,0.0221510269,-0.300806999,0.0344086438	-0.714638412,0.0221510269,-0.300806999,0.0344086438
orig	4	179	attn_norm-11	11	1024	1024	0.000000e+00	0.000000e+00	-9.82052326,0.317491472,-4.60439062,0.580765367	-9.82052326,0.317491472,-4.60439062,0.580765367
orig	4	180	attn_pregate-11	11	2048	2048	0.000000e+00	0.000000e+00	0.472721368,0.142173052,0.183702901,-0.202766955	0.472721368,0.142173052,0.183702901,-0.202766955
orig	4	181	attn_gated-11	11	2048	2048	0.000000e+00	0.000000e+00	0.0522407964,0.0208271351,0.0131983953,-0.0111008622	0.0522407964,0.0208271351,0.0131983953,-0.0111008622
orig	4	182	attn_output-11	11	1024	1024	0.000000e+00	0.000000e+00	-0.00913181901,-0.00362234376,-0.00983697176,0.0127838627	-0.00913181901,-0.00362234376,-0.00983697176,0.0127838627
orig	4	183	attn_residual-11	11	1024	1024	0.000000e+00	0.000000e+00	-0.723770261,0.0185286831,-0.310643971,0.0471925065	-0.723770261,0.0185286831,-0.310643971,0.0471925065
orig	4	184	attn_post_norm-11	11	1024	1024	0.000000e+00	0.000000e+00	-8.10823536,0.294481128,-4.71119356,0.770574272	-8.10823536,0.294481128,-4.71119356,0.770574272
orig	4	185	ffn_out-11	11	1024	1024	0.000000e+00	0.000000e+00	-0.0270160623,0.00396447908,0.00733451359,0.00515086483	-0.0270160623,0.00396447908,0.00733451359,0.00515086483
orig	4	186	l_out-11	11	1024	1024	0.000000e+00	0.000000e+00	-0.750786304,0.0224931613,-0.30330947,0.0523433723	-0.750786304,0.0224931613,-0.30330947,0.0523433723
orig	4	187	attn_norm-12	12	1024	1024	0.000000e+00	0.000000e+00	-12.926796,0.436946929,-6.13854742,1.13167989	-12.926796,0.436946929,-6.13854742,1.13167989
orig	4	188	conv_output_silu-12	12	6144	6144	0.000000e+00	0.000000e+00	-0.00683739036,0.0234277435,0.0517109819,0.00833981857	-0.00683739036,0.0234277435,0.0517109819,0.00833981857
orig	4	189	q_conv_predelta-12	12	2048	2048	0.000000e+00	0.000000e+00	-0.00551320985,0.0188905504,0.0416962467,0.00672466634	-0.00551320985,0.0188905504,0.0416962467,0.00672466634
orig	4	190	k_conv_predelta-12	12	2048	2048	0.000000e+00	0.000000e+00	0.00730657298,-0.0131570324,0.00152276608,0.024497347	0.00730657298,-0.0131570324,0.00152276608,0.024497347
orig	4	191	v_conv_predelta-12	12	2048	2048	0.000000e+00	0.000000e+00	-0.000514232903,0.0016151414,-0.00463061268,-0.00469230674	-0.000514232903,0.0016151414,-0.00463061268,-0.00469230674
orig	4	192	a_softplus-12	12	16	16	0.000000e+00	0.000000e+00	0.00169264991,0.377067804,0.144890606,0.00618756842	0.00169264991,0.377067804,0.144890606,0.00618756842
orig	4	193	gate-12	12	16	16	0.000000e+00	0.000000e+00	-0.000341206556,-0.222534299,-0.0150345974,-0.0017589723	-0.000341206556,-0.222534299,-0.0150345974,-0.0017589723
orig	4	194	beta_sigmoid-12	12	16	16	0.000000e+00	0.000000e+00	0.230297998,0.620742023,0.557342887,0.31305933	0.230297998,0.620742023,0.557342887,0.31305933
orig	4	195	state_predelta-12	12	262144	262144	0.000000e+00	0.000000e+00	-0.000214014042,4.700106e-05,4.09660533e-05,-6.92317408e-05	-0.000214014042,4.700106e-05,4.09660533e-05,-6.92317408e-05
orig	4	196	new_state-12	12	262144	262144	0.000000e+00	0.000000e+00	-0.000212534316,4.44519465e-05,4.124525e-05,-6.44917382e-05	-0.000212534316,4.44519465e-05,4.124525e-05,-6.44917382e-05
orig	4	197	attn_output-12	12	2048	2048	0.000000e+00	0.000000e+00	-1.73056305e-05,2.05194519e-05,-4.29649845e-06,-2.99424264e-05	-1.73056305e-05,2.05194519e-05,-4.29649845e-06,-2.99424264e-05
orig	4	198	z-12	12	2048	2048	0.000000e+00	0.000000e+00	-0.246789426,0.400548935,0.152265117,0.106709242	-0.246789426,0.400548935,0.152265117,0.106709242
orig	4	199	final_output-12	12	2048	2048	0.000000e+00	0.000000e+00	0.00144775491,0.00399330212,-0.000225351163,-0.00134500919	0.00144775491,0.00399330212,-0.000225351163,-0.00134500919
orig	4	200	linear_attn_out-12	12	1024	1024	0.000000e+00	0.000000e+00	-0.129508406,-0.00082457473,0.00962510239,-0.00296485284	-0.129508406,-0.00082457473,0.00962510239,-0.00296485284
orig	4	201	attn_residual-12	12	1024	1024	0.000000e+00	0.000000e+00	-0.880294681,0.0216685869,-0.293684363,0.049378518	-0.880294681,0.0216685869,-0.293684363,0.049378518
orig	4	202	attn_post_norm-12	12	1024	1024	0.000000e+00	0.000000e+00	-9.16214371,0.348950595,-4.32649374,0.779210389	-9.16214371,0.348950595,-4.32649374,0.779210389
orig	4	203	ffn_out-12	12	1024	1024	0.000000e+00	0.000000e+00	0.021061752,-0.0241828412,-0.00204125419,0.00596809573	0.021061752,-0.0241828412,-0.00204125419,0.00596809573
orig	4	204	l_out-12	12	1024	1024	0.000000e+00	0.000000e+00	-0.859232903,-0.0025142543,-0.295725614,0.0553466156	-0.859232903,-0.0025142543,-0.295725614,0.0553466156
orig	4	205	attn_norm-13	13	1024	1024	0.000000e+00	0.000000e+00	-13.5772753,-0.0450351685,-5.39595747,1.12525642	-13.5772753,-0.0450351685,-5.39595747,1.12525642
orig	4	206	conv_output_silu-13	13	6144	6144	0.000000e+00	0.000000e+00	0.156611532,0.0254866946,0.0330478996,-0.0133431507	0.156611532,0.0254866946,0.0330478996,-0.0133431507
orig	4	207	q_conv_predelta-13	13	2048	2048	0.000000e+00	0.000000e+00	0.139735833,0.0227403715,0.0294868164,-0.0119053572	0.139735833,0.0227403715,0.0294868164,-0.0119053572
orig	4	208	k_conv_predelta-13	13	2048	2048	0.000000e+00	0.000000e+00	0.00673228921,0.0422708131,0.175285235,-0.0125787118	0.00673228921,0.0422708131,0.175285235,-0.0125787118
orig	4	209	v_conv_predelta-13	13	2048	2048	0.000000e+00	0.000000e+00	0.00383657147,0.0105381804,-0.00960256159,0.0122185415	0.00383657147,0.0105381804,-0.00960256159,0.0122185415
orig	4	210	a_softplus-13	13	16	16	0.000000e+00	0.000000e+00	0.15306133,0.874892831,1.17768896,0.178548262	0.15306133,0.874892831,1.17768896,0.178548262
orig	4	211	gate-13	13	16	16	0.000000e+00	0.000000e+00	-0.0411958992,-1.00699556,-0.592179179,-0.0427415445	-0.0411958992,-1.00699556,-0.592179179,-0.0427415445
orig	4	212	beta_sigmoid-13	13	16	16	0.000000e+00	0.000000e+00	0.59615761,0.912662745,0.358912259,0.817405403	0.59615761,0.912662745,0.358912259,0.817405403
orig	4	213	state_predelta-13	13	262144	262144	0.000000e+00	0.000000e+00	4.71109197e-05,-1.2320822e-05,-0.000467551668,2.14254396e-05	4.71109197e-05,-1.2320822e-05,-0.000467551668,2.14254396e-05
orig	4	214	new_state-13	13	262144	262144	0.000000e+00	0.000000e+00	6.26634937e-05,9.77664167e-05,5.75723243e-06,-1.20504446e-05	6.26634937e-05,9.77664167e-05,5.75723243e-06,-1.20504446e-05
orig	4	215	attn_output-13	13	2048	2048	0.000000e+00	0.000000e+00	8.7701701e-06,1.54228292e-05,-2.1220867e-05,3.4503566e-05	8.7701701e-06,1.54228292e-05,-2.1220867e-05,3.4503566e-05
orig	4	216	z-13	13	2048	2048	0.000000e+00	0.000000e+00	0.893524528,1.50852418,-0.0365058184,1.76362348	0.893524528,1.50852418,-0.0365058184,1.76362348
orig	4	217	final_output-13	13	2048	2048	0.000000e+00	0.000000e+00	0.00576074794,0.0198813546,0.000394399103,0.0526243486	0.00576074794,0.0198813546,0.000394399103,0.0526243486
orig	4	218	linear_attn_out-13	13	1024	1024	0.000000e+00	0.000000e+00	-0.231309533,-0.000102805905,0.0146876974,0.000934027368	-0.231309533,-0.000102805905,0.0146876974,0.000934027368
orig	4	219	attn_residual-13	13	1024	1024	0.000000e+00	0.000000e+00	-1.09054244,-0.00261706021,-0.281037927,0.0562806427	-1.09054244,-0.00261706021,-0.281037927,0.0562806427
orig	4	220	attn_post_norm-13	13	1024	1024	0.000000e+00	0.000000e+00	-11.0674438,-0.0401675925,-3.9808917,0.794522226	-11.0674438,-0.0401675925,-3.9808917,0.794522226
orig	4	221	ffn_out-13	13	1024	1024	0.000000e+00	0.000000e+00	0.0864614248,-0.0107597578,-0.031785056,0.0374573842	0.0864614248,-0.0107597578,-0.031785056,0.0374573842
orig	4	222	l_out-13	13	1024	1024	0.000000e+00	0.000000e+00	-1.00408101,-0.013376818,-0.312822998,0.0937380269	-1.00408101,-0.013376818,-0.312822998,0.0937380269
orig	4	223	attn_norm-14	14	1024	1024	0.000000e+00	0.000000e+00	-14.3198509,-0.21537672,-4.67485189,1.62634909	-14.3198509,-0.21537672,-4.67485189,1.62634909
orig	4	224	conv_output_silu-14	14	6144	6144	0.000000e+00	0.000000e+00	0.0716173351,-0.0375209413,-0.222192407,0.000521378184	0.0716173351,-0.0375209413,-0.222192407,0.000521378184
orig	4	225	q_conv_predelta-14	14	2048	2048	0.000000e+00	0.000000e+00	0.0209426414,-0.0109720314,-0.0649744347,0.000152463588	0.0209426414,-0.0109720314,-0.0649744347,0.000152463588
orig	4	226	k_conv_predelta-14	14	2048	2048	0.000000e+00	0.000000e+00	0.00490681501,-0.128231093,0.00811886508,-0.0418508388	0.00490681501,-0.128231093,0.00811886508,-0.0418508388
orig	4	227	v_conv_predelta-14	14	2048	2048	0.000000e+00	0.000000e+00	0.0225694999,-0.000673101458,-0.0288224258,-0.00732508861	0.0225694999,-0.000673101458,-0.0288224258,-0.00732508861
orig	4	228	a_softplus-14	14	16	16	0.000000e+00	0.000000e+00	0.342483461,0.175658792,0.918789685,0.0129633071	0.342483461,0.175658792,0.918789685,0.0129633071
orig	4	229	gate-14	14	16	16	0.000000e+00	0.000000e+00	-0.107767195,-0.0293555278,-0.610851645,-0.0390048251	-0.107767195,-0.0293555278,-0.610851645,-0.0390048251
orig	4	230	beta_sigmoid-14	14	16	16	0.000000e+00	0.000000e+00	0.689314067,0.69707793,0.645305574,0.51042825	0.689314067,0.69707793,0.645305574,0.51042825
orig	4	231	state_predelta-14	14	262144	262144	0.000000e+00	0.000000e+00	-0.000398445176,0.000337038888,-2.55610357e-05,0.000316757127	-0.000398445176,0.000337038888,-2.55610357e-05,0.000316757127
orig	4	232	new_state-14	14	262144	262144	0.000000e+00	0.000000e+00	-0.000291334582,-0.00143274944,8.69232026e-05,-0.00028197249	-0.000291334582,-0.00143274944,8.69232026e-05,-0.00028197249
orig	4	233	attn_output-14	14	2048	2048	0.000000e+00	0.000000e+00	2.0431055e-06,6.69665678e-06,4.93662492e-06,-6.86121211e-07	2.0431055e-06,6.69665678e-06,4.93662492e-06,-6.86121211e-07
orig	4	234	z-14	14	2048	2048	0.000000e+00	0.000000e+00	0.358371496,1.22940409,0.674825728,0.250541568	0.358371496,1.22940409,0.674825728,0.250541568
orig	4	235	final_output-14	14	2048	2048	0.000000e+00	0.000000e+00	0.000451238244,0.00634498568,0.00221026898,-8.80803564e-05	0.000451238244,0.00634498568,0.00221026898,-8.80803564e-05
orig	4	236	linear_attn_out-14	14	1024	1024	0.000000e+00	0.000000e+00	0.115961991,0.00163815729,0.0264647119,-0.0118934214	0.115961991,0.00163815729,0.0264647119,-0.0118934214
orig	4	237	attn_residual-14	14	1024	1024	0.000000e+00	0.000000e+00	-0.888119042,-0.0117386607,-0.286358297,0.0818446055	-0.888119042,-0.0117386607,-0.286358297,0.0818446055
orig	4	238	attn_post_norm-14	14	1024	1024	0.000000e+00	0.000000e+00	-8.67345142,-0.160782054,-3.68045402,1.02082634	-8.67345142,-0.160782054,-3.68045402,1.02082634
orig	4	239	ffn_out-14	14	1024	1024	0.000000e+00	0.000000e+00	-0.0668911934,-0.0528089255,-0.0615366884,0.0100329975	-0.0668911934,-0.0528089255,-0.0615366884,0.0100329975
orig	4	240	l_out-14	14	1024	1024	0.000000e+00	0.000000e+00	-0.955010235,-0.0645475835,-0.347894996,0.091877602	-0.955010235,-0.0645475835,-0.347894996,0.091877602
orig	4	241	attn_norm-15	15	1024	1024	0.000000e+00	0.000000e+00	-8.11424351,-0.612981856,-3.29661798,0.865680516	-8.11424351,-0.612981856,-3.29661798,0.865680516
orig	4	242	attn_pregate-15	15	2048	2048	0.000000e+00	0.000000e+00	-0.288501352,0.148832574,-0.065359503,-0.151919082	-0.288501352,0.148832574,-0.065359503,-0.151919082
orig	4	243	attn_gated-15	15	2048	2048	0.000000e+00	0.000000e+00	-0.0382122621,0.0175783075,-0.00817719009,-0.0573821403	-0.0382122621,0.0175783075,-0.00817719009,-0.0573821403
orig	4	244	attn_output-15	15	1024	1024	0.000000e+00	0.000000e+00	-0.198877245,0.0205116868,-0.0762160942,0.0407223701	-0.198877245,0.0205116868,-0.0762160942,0.0407223701
orig	4	245	attn_residual-15	15	1024	1024	0.000000e+00	0.000000e+00	-1.15388751,-0.0440358967,-0.424111098,0.13259998	-1.15388751,-0.0440358967,-0.424111098,0.13259998
orig	4	246	attn_post_norm-15	15	1024	1024	0.000000e+00	0.000000e+00	-8.21440506,-0.495696753,-4.55298519,1.32090354	-8.21440506,-0.495696753,-4.55298519,1.32090354
orig	4	247	ffn_out-15	15	1024	1024	0.000000e+00	0.000000e+00	0.205079049,-0.0592279769,0.0564432852,0.108119696	0.205079049,-0.0592279769,0.0564432852,0.108119696
orig	4	248	l_out-15	15	1024	1024	0.000000e+00	0.000000e+00	-0.948808432,-0.10326387,-0.367667824,0.240719676	-0.948808432,-0.10326387,-0.367667824,0.240719676
orig	4	249	attn_norm-16	16	1024	1024	0.000000e+00	0.000000e+00	-8.21650124,-1.28617251,-3.81438923,2.79787111	-8.21650124,-1.28617251,-3.81438923,2.79787111
orig	4	250	conv_output_silu-16	16	6144	6144	0.000000e+00	0.000000e+00	-0.190718606,-0.0920523927,0.158042416,-0.278453201	-0.190718606,-0.0920523927,0.158042416,-0.278453201
orig	4	251	q_conv_predelta-16	16	2048	2048	0.000000e+00	0.000000e+00	-0.0211351607,-0.0102011133,0.0175140332,-0.0308577828	-0.0211351607,-0.0102011133,0.0175140332,-0.0308577828
orig	4	252	k_conv_predelta-16	16	2048	2048	0.000000e+00	0.000000e+00	0.186784506,-0.00924231671,-0.0223410465,-0.0974714309	0.186784506,-0.00924231671,-0.0223410465,-0.0974714309
orig	4	253	v_conv_predelta-16	16	2048	2048	0.000000e+00	0.000000e+00	-0.191318661,0.0395527706,0.390138179,0.0406877585	-0.191318661,0.0395527706,0.390138179,0.0406877585
orig	4	254	a_softplus-16	16	16	16	0.000000e+00	0.000000e+00	0.00379710784,0.991264999,0.06110112,0.995266318	0.00379710784,0.991264999,0.06110112,0.995266318
orig	4	255	gate-16	16	16	16	0.000000e+00	0.000000e+00	-0.000771429273,-0.402074814,-0.0072974884,-0.215241447	-0.000771429273,-0.402074814,-0.0072974884,-0.215241447
orig	4	256	beta_sigmoid-16	16	16	16	0.000000e+00	0.000000e+00	0.471676499,0.461919725,0.587144315,0.725561202	0.471676499,0.461919725,0.587144315,0.725561202
orig	4	257	state_predelta-16	16	262144	262144	0.000000e+00	0.000000e+00	-0.0202229656,0.000307766255,-0.00376681611,0.00777046755	-0.0202229656,0.000307766255,-0.00376681611,0.00777046755
orig	4	258	new_state-16	16	262144	262144	0.000000e+00	0.000000e+00	-0.0279663391,0.000691451831,-0.00283587165,0.0118134078	-0.0279663391,0.000691451831,-0.00283587165,0.0118134078
orig	4	259	attn_output-16	16	2048	2048	0.000000e+00	0.000000e+00	-0.000977052376,0.000130581015,0.0036443721,8.07310498e-05	-0.000977052376,0.000130581015,0.0036443721,8.07310498e-05
orig	4	260	z-16	16	2048	2048	0.000000e+00	0.000000e+00	-0.0230796933,0.816447735,-3.72319174,0.271173358	-0.0230796933,0.816447735,-3.72319174,0.271173358
orig	4	261	final_output-16	16	2048	2048	0.000000e+00	0.000000e+00	0.00519681349,0.0356598198,-0.17235674,0.00588354981	0.00519681349,0.0356598198,-0.17235674,0.00588354981
orig	4	262	linear_attn_out-16	16	1024	1024	0.000000e+00	0.000000e+00	-0.385607868,0.0137968371,-0.0210257862,-0.071160242	-0.385607868,0.0137968371,-0.0210257862,-0.071160242
orig	4	263	attn_residual-16	16	1024	1024	0.000000e+00	0.000000e+00	-1.33441627,-0.0894670337,-0.388693601,0.169559434	-1.33441627,-0.0894670337,-0.388693601,0.169559434
orig	4	264	attn_post_norm-16	16	1024	1024	0.000000e+00	0.000000e+00	-7.60675955,-0.858694494,-3.65159845,1.33089221	-7.60675955,-0.858694494,-3.65159845,1.33089221
orig	4	265	ffn_out-16	16	1024	1024	0.000000e+00	0.000000e+00	0.0636901557,0.0184013173,0.0117272362,0.0597991645	0.0636901557,0.0184013173,0.0117272362,0.0597991645
orig	4	266	l_out-16	16	1024	1024	0.000000e+00	0.000000e+00	-1.27072608,-0.0710657164,-0.376966357,0.229358599	-1.27072608,-0.0710657164,-0.376966357,0.229358599
orig	4	267	attn_norm-17	17	1024	1024	0.000000e+00	0.000000e+00	-10.968852,-0.82471019,-4.08956528,2.42243004	-10.968852,-0.82471019,-4.08956528,2.42243004
orig	4	268	conv_output_silu-17	17	6144	6144	0.000000e+00	0.000000e+00	-0.235388577,-0.159793019,-0.270326853,0.0455609858	-0.235388577,-0.159793019,-0.270326853,0.0455609858
orig	4	269	q_conv_predelta-17	17	2048	2048	0.000000e+00	0.000000e+00	-0.0254981499,-0.0173093621,-0.0292827897,0.00493533211	-0.0254981499,-0.0173093621,-0.0292827897,0.00493533211
orig	4	270	k_conv_predelta-17	17	2048	2048	0.000000e+00	0.000000e+00	-0.0124767181,-0.0842392445,-0.0523021147,-0.0778296441	-0.0124767181,-0.0842392445,-0.0523021147,-0.0778296441
orig	4	271	v_conv_predelta-17	17	2048	2048	0.000000e+00	0.000000e+00	-0.0890964866,-0.0394651964,-0.00182650681,-0.192259774	-0.0890964866,-0.0394651964,-0.00182650681,-0.192259774
orig	4	272	a_softplus-17	17	16	16	0.000000e+00	0.000000e+00	0.399664849,0.00565180415,2.21092725,1.4501822	0.399664849,0.00565180415,2.21092725,1.4501822
orig	4	273	gate-17	17	16	16	0.000000e+00	0.000000e+00	-0.0941899791,-0.00146288774,-0.559009969,-0.50510031	-0.0941899791,-0.00146288774,-0.559009969,-0.50510031
orig	4	274	beta_sigmoid-17	17	16	16	0.000000e+00	0.000000e+00	0.80275023,0.215747803,0.970486879,0.74491924	0.80275023,0.215747803,0.970486879,0.74491924
orig	4	275	state_predelta-17	17	262144	262144	0.000000e+00	0.000000e+00	0.00020097103,0.0145599339,0.00856642239,0.0146100521	0.00020097103,0.0145599339,0.00856642239,0.0146100521
orig	4	276	new_state-17	17	262144	262144	0.000000e+00	0.000000e+00	0.000135209935,0.0129291108,0.00759644574,0.0129992263	0.000135209935,0.0129291108,0.00759644574,0.0129992263
orig	4	277	attn_output-17	17	2048	2048	0.000000e+00	0.000000e+00	-0.000226176999,-0.000221651542,3.65171836e-05,-0.000402844744	-0.000226176999,-0.000221651542,3.65171836e-05,-0.000402844744
orig	4	278	z-17	17	2048	2048	0.000000e+00	0.000000e+00	0.333160132,-0.409212887,-0.0691475868,-0.701289296	0.333160132,-0.409212887,-0.0691475868,-0.701289296
orig	4	279	final_output-17	17	2048	2048	0.000000e+00	0.000000e+00	-0.0281769391,0.0257089138,-0.000599307648,0.0592183843	-0.0281769391,0.0257089138,-0.000599307648,0.0592183843
orig	4	280	linear_attn_out-17	17	1024	1024	0.000000e+00	0.000000e+00	-0.686543286,-0.00502737053,0.0290099531,0.00344557874	-0.686543286,-0.00502737053,0.0290099531,0.00344557874
orig	4	281	attn_residual-17	17	1024	1024	0.000000e+00	0.000000e+00	-1.95726943,-0.0760930851,-0.347956419,0.232804179	-1.95726943,-0.0760930851,-0.347956419,0.232804179
orig	4	282	attn_post_norm-17	17	1024	1024	0.000000e+00	0.000000e+00	-9.47481918,-0.645980656,-2.85020375,1.67657125	-9.47481918,-0.645980656,-2.85020375,1.67657125
orig	4	283	ffn_out-17	17	1024	1024	0.000000e+00	0.000000e+00	0.0890913606,-0.0816043094,0.0559403636,0.0962014496	0.0890913606,-0.0816043094,0.0559403636,0.0962014496
orig	4	284	l_out-17	17	1024	1024	0.000000e+00	0.000000e+00	-1.86817813,-0.157697394,-0.292016059,0.329005629	-1.86817813,-0.157697394,-0.292016059,0.329005629
orig	4	285	attn_norm-18	18	1024	1024	0.000000e+00	0.000000e+00	-14.2080679,-1.57816696,-2.8124578,3.08129811	-14.2080679,-1.57816696,-2.8124578,3.08129811
orig	4	286	conv_output_silu-18	18	6144	6144	0.000000e+00	0.000000e+00	-0.0903200656,-0.264304787,-0.0717390701,-0.263104141	-0.0903200656,-0.264304787,-0.0717390701,-0.263104141
orig	4	287	q_conv_predelta-18	18	2048	2048	0.000000e+00	0.000000e+00	-0.0296305306,-0.0867082104,-0.0235348213,-0.0863143206	-0.0296305306,-0.0867082104,-0.0235348213,-0.0863143206
orig	4	288	k_conv_predelta-18	18	2048	2048	0.000000e+00	0.000000e+00	-0.076920189,-0.0483227558,-0.0175089054,-0.0525984541	-0.076920189,-0.0483227558,-0.0175089054,-0.0525984541
orig	4	289	v_conv_predelta-18	18	2048	2048	0.000000e+00	0.000000e+00	0.0407732725,-0.0491667911,-0.0446538888,-0.109363765	0.0407732725,-0.0491667911,-0.0446538888,-0.109363765
orig	4	290	a_softplus-18	18	16	16	0.000000e+00	0.000000e+00	0.00122079207,4.5988884,0.0446843058,4.04218054	0.00122079207,4.5988884,0.0446843058,4.04218054
orig	4	291	gate-18	18	16	16	0.000000e+00	0.000000e+00	-0.000508901838,-0.927049875,-0.0133122522,-1.08793819	-0.000508901838,-0.927049875,-0.0133122522,-1.08793819
orig	4	292	beta_sigmoid-18	18	16	16	0.000000e+00	0.000000e+00	0.591523111,0.767798543,0.329761952,0.907394588	0.591523111,0.767798543,0.329761952,0.907394588
orig	4	293	state_predelta-18	18	262144	262144	0.000000e+00	0.000000e+00	-0.00109764014,-0.00866611581,-0.00483606476,-0.000242479698	-0.00109764014,-0.00866611581,-0.00483606476,-0.000242479698
orig	4	294	new_state-18	18	262144	262144	0.000000e+00	0.000000e+00	-0.00104293576,-0.00862769131,-0.00482127909,-0.00020533106	-0.00104293576,-0.00862769131,-0.00482127909,-0.00020533106
orig	4	295	attn_output-18	18	2048	2048	0.000000e+00	0.000000e+00	0.00349196605,-0.00668387301,-0.00117802131,-0.00527757872	0.00349196605,-0.00668387301,-0.00117802131,-0.00527757872
orig	4	296	z-18	18	2048	2048	0.000000e+00	0.000000e+00	-0.227029234,-0.732321978,-0.31025511,-1.37412059	-0.227029234,-0.732321978,-0.31025511,-1.37412059
orig	4	297	final_output-18	18	2048	2048	0.000000e+00	0.000000e+00	-0.0164518468,0.0870010108,0.00773062464,0.0696837455	-0.0164518468,0.0870010108,0.00773062464,0.0696837455
orig	4	298	linear_attn_out-18	18	1024	1024	0.000000e+00	0.000000e+00	-0.447457403,-0.0329644904,0.0698433667,-0.0947624445	-0.447457403,-0.0329644904,0.0698433667,-0.0947624445
orig	4	299	attn_residual-18	18	1024	1024	0.000000e+00	0.000000e+00	-2.31563544,-0.190661877,-0.222172692,0.234243184	-2.31563544,-0.190661877,-0.222172692,0.234243184
orig	4	300	attn_post_norm-18	18	1024	1024	0.000000e+00	0.000000e+00	-11.0428677,-1.4132762,-1.6742208,1.51266789	-11.0428677,-1.4132762,-1.6742208,1.51266789
orig	4	301	ffn_out-18	18	1024	1024	0.000000e+00	0.000000e+00	-0.447470129,0.00793058425,-0.058880724,0.0781595111	-0.447470129,0.00793058425,-0.058880724,0.0781595111
orig	4	302	l_out-18	18	1024	1024	0.000000e+00	0.000000e+00	-2.76310563,-0.182731301,-0.281053424,0.312402695	-2.76310563,-0.182731301,-0.281053424,0.312402695
orig	4	303	attn_norm-19	19	1024	1024	0.000000e+00	0.000000e+00	-13.4630432,-0.990276873,-1.56988573,1.72540426	-13.4630432,-0.990276873,-1.56988573,1.72540426
orig	4	304	attn_pregate-19	19	2048	2048	0.000000e+00	0.000000e+00	0.0368847102,0.202110738,-0.0480976701,0.00556468964	0.0368847102,0.202110738,-0.0480976701,0.00556468964
orig	4	305	attn_gated-19	19	2048	2048	0.000000e+00	0.000000e+00	0.00121381332,0.00864826236,-0.00279879407,0.000236693697	0.00121381332,0.00864826236,-0.00279879407,0.000236693697
orig	4	306	attn_output-19	19	1024	1024	0.000000e+00	0.000000e+00	0.208882093,-0.0175799429,-0.0834666193,0.203299791	0.208882093,-0.0175799429,-0.0834666193,0.203299791
orig	4	307	attn_residual-19	19	1024	1024	0.000000e+00	0.000000e+00	-2.55422354,-0.200311244,-0.364520043,0.515702486	-2.55422354,-0.200311244,-0.364520043,0.515702486
orig	4	308	attn_post_norm-19	19	1024	1024	0.000000e+00	0.000000e+00	-12.4150944,-1.44115222,-2.39777207,2.81928897	-12.4150944,-1.44115222,-2.39777207,2.81928897
orig	4	309	ffn_out-19	19	1024	1024	0.000000e+00	0.000000e+00	0.370969117,-0.0423567779,0.00892015174,0.103833571	0.370969117,-0.0423567779,0.00892015174,0.103833571
orig	4	310	l_out-19	19	1024	1024	0.000000e+00	0.000000e+00	-2.18325448,-0.242668018,-0.35559988,0.619536042	-2.18325448,-0.242668018,-0.35559988,0.619536042
orig	4	311	attn_norm-20	20	1024	1024	0.000000e+00	0.000000e+00	-12.4941158,-1.95084369,-2.66411185,4.15629673	-12.4941158,-1.95084369,-2.66411185,4.15629673
orig	4	312	conv_output_silu-20	20	6144	6144	0.000000e+00	0.000000e+00	0.1907022,-0.253445446,-0.200321153,-0.0609322116	0.1907022,-0.253445446,-0.200321153,-0.0609322116
orig	4	313	q_conv_predelta-20	20	2048	2048	0.000000e+00	0.000000e+00	0.0542880856,-0.0721495003,-0.0570263565,-0.0173458569	0.0542880856,-0.0721495003,-0.0570263565,-0.0173458569
orig	4	314	k_conv_predelta-20	20	2048	2048	0.000000e+00	0.000000e+00	-0.0356551409,-0.0152336117,0.0177385863,-0.0755571723	-0.0356551409,-0.0152336117,0.0177385863,-0.0755571723
orig	4	315	v_conv_predelta-20	20	2048	2048	0.000000e+00	0.000000e+00	-0.110737681,0.0471736044,-0.0412567295,0.0572348982	-0.110737681,0.0471736044,-0.0412567295,0.0572348982
orig	4	316	a_softplus-20	20	16	16	0.000000e+00	0.000000e+00	0.448670745,0.300236791,0.126845405,3.29386258	0.448670745,0.300236791,0.126845405,3.29386258
orig	4	317	gate-20	20	16	16	0.000000e+00	0.000000e+00	-0.100111976,-0.0521733314,-0.0231002644,-0.943707466	-0.100111976,-0.0521733314,-0.0231002644,-0.943707466
orig	4	318	beta_sigmoid-20	20	16	16	0.000000e+00	0.000000e+00	0.904265523,0.965570688,0.910592616,0.742662251	0.904265523,0.965570688,0.910592616,0.742662251
orig	4	319	state_predelta-20	20	262144	262144	0.000000e+00	0.000000e+00	-0.00134726544,-0.00279285107,-0.0010885722,-0.0019531427	-0.00134726544,-0.00279285107,-0.0010885722,-0.0019531427
orig	4	320	new_state-20	20	262144	262144	0.000000e+00	0.000000e+00	0.00298640132,-0.000730075408,-0.00307703577,0.00714445906	0.00298640132,-0.000730075408,-0.00307703577,0.00714445906
orig	4	321	attn_output-20	20	2048	2048	0.000000e+00	0.000000e+00	-0.00346588995,0.00180240301,-0.00145654532,0.00179885072	-0.00346588995,0.00180240301,-0.00145654532,0.00179885072
orig	4	322	z-20	20	2048	2048	0.000000e+00	0.000000e+00	-0.167930096,-0.750593781,-0.191670045,1.59100616	-0.167930096,-0.750593781,-0.191670045,1.59100616
orig	4	323	final_output-20	20	2048	2048	0.000000e+00	0.000000e+00	0.0287991483,-0.0495809577,0.0131839337,0.231245562	0.0287991483,-0.0495809577,0.0131839337,0.231245562
orig	4	324	linear_attn_out-20	20	1024	1024	0.000000e+00	0.000000e+00	-1.36336851,-0.0573470891,-0.00870027486,0.360146344	-1.36336851,-0.0573470891,-0.00870027486,0.360146344
orig	4	325	attn_residual-20	20	1024	1024	0.000000e+00	0.000000e+00	-3.54662299,-0.300015092,-0.364300162,0.979682386	-3.54662299,-0.300015092,-0.364300162,0.979682386
orig	4	326	attn_post_norm-20	20	1024	1024	0.000000e+00	0.000000e+00	-12.7441721,-1.88910961,-2.32142115,4.86511183	-12.7441721,-1.88910961,-2.32142115,4.86511183
orig	4	327	ffn_out-20	20	1024	1024	0.000000e+00	0.000000e+00	0.386644453,-0.0485297106,-0.0730680078,0.0479469597	0.386644453,-0.0485297106,-0.0730680078,0.0479469597
orig	4	328	l_out-20	20	1024	1024	0.000000e+00	0.000000e+00	-3.15997863,-0.348544806,-0.437368155,1.02762938	-3.15997863,-0.348544806,-0.437368155,1.02762938
orig	4	329	attn_norm-21	21	1024	1024	0.000000e+00	0.000000e+00	-15.466898,-2.6193049,-2.99849343,6.55405569	-15.466898,-2.6193049,-2.99849343,6.55405569
orig	4	330	conv_output_silu-21	21	6144	6144	0.000000e+00	0.000000e+00	-0.0945494696,-0.0371630788,-0.26971525,-0.0957267731	-0.0945494696,-0.0371630788,-0.26971525,-0.0957267731
orig	4	331	q_conv_predelta-21	21	2048	2048	0.000000e+00	0.000000e+00	-0.0173962172,-0.00683765812,-0.0496250801,-0.0176128298	-0.0173962172,-0.00683765812,-0.0496250801,-0.0176128298
orig	4	332	k_conv_predelta-21	21	2048	2048	0.000000e+00	0.000000e+00	-0.0103376657,-0.0197884161,-0.0235132948,-0.044431407	-0.0103376657,-0.0197884161,-0.0235132948,-0.044431407
orig	4	333	v_conv_predelta-21	21	2048	2048	0.000000e+00	0.000000e+00	-0.0055007115,-0.0150050512,-0.116569683,0.00364996889	-0.0055007115,-0.0150050512,-0.116569683,0.00364996889
orig	4	334	a_softplus-21	21	16	16	0.000000e+00	0.000000e+00	0.457394928,3.0025301,0.0455790348,1.45600903	0.457394928,3.0025301,0.0455790348,1.45600903
orig	4	335	gate-21	21	16	16	0.000000e+00	0.000000e+00	-0.135205686,-0.777161479,-0.0170316398,-0.690461874	-0.135205686,-0.777161479,-0.0170316398,-0.690461874
orig	4	336	beta_sigmoid-21	21	16	16	0.000000e+00	0.000000e+00	0.705976605,0.955593288,0.516176283,0.911329865	0.705976605,0.955593288,0.516176283,0.911329865
orig	4	337	state_predelta-21	21	262144	262144	0.000000e+00	0.000000e+00	-0.0006177795,-0.00226448057,0.00375266117,-0.0035452717	-0.0006177795,-0.00226448057,0.00375266117,-0.0035452717
orig	4	338	new_state-21	21	262144	262144	0.000000e+00	0.000000e+00	-0.000268557167,-0.00145917316,0.00389469974,-0.00193175115	-0.000268557167,-0.00145917316,0.00389469974,-0.00193175115
orig	4	339	attn_output-21	21	2048	2048	0.000000e+00	0.000000e+00	-1.14202712e-05,3.54086137e-06,-8.55124817e-05,-8.27264466e-06	-1.14202712e-05,3.54086137e-06,-8.55124817e-05,-8.27264466e-06
orig	4	340	z-21	21	2048	2048	0.000000e+00	0.000000e+00	-2.0583117,-1.85421371,-0.554563522,-2.59414148	-2.0583117,-1.85421371,-0.554563522,-2.59414148
orig	4	341	final_output-21	21	2048	2048	0.000000e+00	0.000000e+00	0.00222396594,-0.000613218814,0.0130449412,0.00139782368	0.00222396594,-0.000613218814,0.0130449412,0.00139782368
orig	4	342	linear_attn_out-21	21	1024	1024	0.000000e+00	0.000000e+00	-0.834378123,-0.0122459158,0.0794630945,0.195012838	-0.834378123,-0.0122459158,0.0794630945,0.195012838
orig	4	343	attn_residual-21	21	1024	1024	0.000000e+00	0.000000e+00	-3.99435663,-0.36079073,-0.35790506,1.22264218	-3.99435663,-0.36079073,-0.35790506,1.22264218
orig	4	344	attn_post_norm-21	21	1024	1024	0.000000e+00	0.000000e+00	-13.5781784,-2.12006736,-2.07536507,5.66794538	-13.5781784,-2.12006736,-2.07536507,5.66794538
orig	4	345	ffn_out-21	21	1024	1024	0.000000e+00	0.000000e+00	0.268877029,-0.012216771,-0.0783274472,0.021952007	0.268877029,-0.012216771,-0.0783274472,0.021952007
orig	4	346	l_out-21	21	1024	1024	0.000000e+00	0.000000e+00	-3.7254796,-0.373007506,-0.436232507,1.24459422	-3.7254796,-0.373007506,-0.436232507,1.24459422
orig	4	347	attn_norm-22	22	1024	1024	0.000000e+00	0.000000e+00	-15.9024,-2.28425288,-2.45797896,7.00351524	-15.9024,-2.28425288,-2.45797896,7.00351524
orig	4	348	conv_output_silu-22	22	6144	6144	0.000000e+00	0.000000e+00	0.0511710048,-0.0129358871,0.0452132486,-0.0393068604	0.0511710048,-0.0129358871,0.0452132486,-0.0393068604
orig	4	349	q_conv_predelta-22	22	2048	2048	0.000000e+00	0.000000e+00	0.0116074272,-0.00293432549,0.0102559943,-0.00891621225	0.0116074272,-0.00293432549,0.0102559943,-0.00891621225
orig	4	350	k_conv_predelta-22	22	2048	2048	0.000000e+00	0.000000e+00	0.021461945,-0.128192082,-0.109970398,-0.0996854082	0.021461945,-0.128192082,-0.109970398,-0.0996854082
orig	4	351	v_conv_predelta-22	22	2048	2048	0.000000e+00	0.000000e+00	0.00441153906,-0.0181777086,0.0110670365,-0.0219279751	0.00441153906,-0.0181777086,0.0110670365,-0.0219279751
orig	4	352	a_softplus-22	22	16	16	0.000000e+00	0.000000e+00	2.49551082,4.72951174,4.31037569,0.218319222	2.49551082,4.72951174,4.31037569,0.218319222
orig	4	353	gate-22	22	16	16	0.000000e+00	0.000000e+00	-0.461623102,-1.07191527,-2.82681346,-0.0410209671	-0.461623102,-1.07191527,-2.82681346,-0.0410209671
orig	4	354	beta_sigmoid-22	22	16	16	0.000000e+00	0.000000e+00	0.603150606,0.884743035,0.952572525,0.578673005	0.603150606,0.884743035,0.952572525,0.578673005
orig	4	355	state_predelta-22	22	262144	262144	0.000000e+00	0.000000e+00	0.000208134603,4.3005879e-05,0.000201893912,-3.98758566e-05	0.000208134603,4.3005879e-05,0.000201893912,-3.98758566e-05
orig	4	356	new_state-22	22	262144	262144	0.000000e+00	0.000000e+00	0.0001885565,-0.000315611309,-0.000166755664,-0.000291636941	0.0001885565,-0.000315611309,-0.000166755664,-0.000291636941
orig	4	357	attn_output-22	22	2048	2048	0.000000e+00	0.000000e+00	4.54151041e-06,-8.9648318e-05,0.00014627786,-0.000156325637	4.54151041e-06,-8.9648318e-05,0.00014627786,-0.000156325637
orig	4	358	z-22	22	2048	2048	0.000000e+00	0.000000e+00	1.71651924,-0.787588954,-1.7377255,-0.303674877	1.71651924,-0.787588954,-1.7377255,-0.303674877
orig	4	359	final_output-22	22	2048	2048	0.000000e+00	0.000000e+00	0.00750495447,0.0226619486,-0.0406540595,0.019416891	0.00750495447,0.0226619486,-0.0406540595,0.019416891
orig	4	360	linear_attn_out-22	22	1024	1024	0.000000e+00	0.000000e+00	-0.795028448,-0.0205417536,-0.0347787477,0.0528181344	-0.795028448,-0.0205417536,-0.0347787477,0.0528181344
orig	4	361	attn_residual-22	22	1024	1024	0.000000e+00	0.000000e+00	-4.52050781,-0.393549263,-0.471011251,1.2974124	-4.52050781,-0.393549263,-0.471011251,1.2974124
orig	4	362	attn_post_norm-22	22	1024	1024	0.000000e+00	0.000000e+00	-16.0110817,-2.01109099,-2.36406922,5.35391665	-16.0110817,-2.01109099,-2.36406922,5.35391665
orig	4	363	ffn_out-22	22	1024	1024	0.000000e+00	0.000000e+00	-0.145454466,-0.0112539679,0.082274802,-0.0675094351	-0.145454466,-0.0112539679,0.082274802,-0.0675094351
orig	4	364	l_out-22	22	1024	1024	0.000000e+00	0.000000e+00	-4.66596222,-0.404803216,-0.388736457,1.22990298	-4.66596222,-0.404803216,-0.388736457,1.22990298
orig	4	365	attn_norm-23	23	1024	1024	0.000000e+00	0.000000e+00	-16.2453289,-1.80464733,-1.79078758,4.62480164	-16.2453289,-1.80464733,-1.79078758,4.62480164
orig	4	366	attn_pregate-23	23	2048	2048	0.000000e+00	0.000000e+00	-7.22501183,0.167170435,-0.484225214,0.117631659	-7.22501183,0.167170435,-0.484225214,0.117631659
orig	4	367	attn_gated-23	23	2048	2048	0.000000e+00	0.000000e+00	-1.35562956,0.0151921641,-0.05001387,0.0100568179	-1.35562956,0.0151921641,-0.05001387,0.0100568179
orig	4	368	attn_output-23	23	1024	1024	0.000000e+00	0.000000e+00	-0.30271703,-0.00186799094,-0.0164715908,0.164626896	-0.30271703,-0.00186799094,-0.0164715908,0.164626896
orig	4	369	attn_residual-23	23	1024	1024	0.000000e+00	0.000000e+00	-4.96867943,-0.406671196,-0.405208051,1.39452982	-4.96867943,-0.406671196,-0.405208051,1.39452982
orig	4	370	attn_post_norm-23	23	1024	1024	0.000000e+00	0.000000e+00	-17.7513161,-1.75628674,-1.61002469,5.18321991	-17.7513161,-1.75628674,-1.61002469,5.18321991
orig	4	371	ffn_out-23	23	1024	1024	0.000000e+00	0.000000e+00	2.71523881,0.698509872,0.9516958,0.129282594	2.71523881,0.698509872,0.9516958,0.129282594
orig	4	372	l_out-23	23	1024	1024	0.000000e+00	0.000000e+00	-2.25344062,0.291838676,0.546487749,1.52381241	-2.25344062,0.291838676,0.546487749,1.52381241
orig	4	373	result_norm	-1	1024	1024	0.000000e+00	0.000000e+00	-1.35778403,2.96158242,5.3840127,16.752306	-1.35778403,2.96158242,5.3840127,16.752306
orig	4	374	result_output	-1	248320	248320	0.000000e+00	0.000000e+00	12.9184694,10.3695164,4.48706627,9.8991127	12.9184694,10.3695164,4.48706627,9.8991127
orig	28	375	model.input_embed	-1	1024	1024	0.000000e+00	0.000000e+00	-0.00443530083,-0.0236549377,0.0192196369,0.0280902386	-0.00443530083,-0.0236549377,0.0192196369,0.0280902386
orig	28	376	attn_norm-0	0	1024	1024	0.000000e+00	0.000000e+00	-0.355813235,-1.22866762,1.183496,1.96739697	-0.355813235,-1.22866762,1.183496,1.96739697
orig	28	377	conv_output_silu-0	0	6144	6144	0.000000e+00	0.000000e+00	-0.0379437357,-0.0100741265,-0.00457119057,-0.0573598966	-0.0379437357,-0.0100741265,-0.00457119057,-0.0573598966
orig	28	378	q_conv_predelta-0	0	2048	2048	0.000000e+00	0.000000e+00	-0.0646868423,-0.0171744656,-0.00779300882,-0.0977876931	-0.0646868423,-0.0171744656,-0.00779300882,-0.0977876931
orig	28	379	k_conv_predelta-0	0	2048	2048	0.000000e+00	0.000000e+00	0.0591997094,-0.127992496,-0.0746471658,0.00174158427	0.0591997094,-0.127992496,-0.0746471658,0.00174158427
orig	28	380	v_conv_predelta-0	0	2048	2048	0.000000e+00	0.000000e+00	0.0766799599,-0.0106751742,-0.00472295424,-0.036742989	0.0766799599,-0.0106751742,-0.00472295424,-0.036742989
orig	28	381	a_softplus-0	0	16	16	0.000000e+00	0.000000e+00	3.9730978,0.000217890847,0.00040475282,3.75231338	3.9730978,0.000217890847,0.00040475282,3.75231338
orig	28	382	gate-0	0	16	16	0.000000e+00	0.000000e+00	-5.14157057,-2.85810584e-05,-4.8340833e-05,-2.12966847	-5.14157057,-2.85810584e-05,-4.8340833e-05,-2.12966847
orig	28	383	beta_sigmoid-0	0	16	16	0.000000e+00	0.000000e+00	0.444926709,0.52553463,0.460861266,0.997994304	0.444926709,0.52553463,0.460861266,0.997994304
orig	28	384	state_predelta-0	0	262144	262144	0.000000e+00	0.000000e+00	-1.9852705e-06,4.34703088e-06,3.50095343e-06,2.674266e-07	-1.9852705e-06,4.34703088e-06,3.50095343e-06,2.674266e-07
orig	28	385	new_state-0	0	262144	262144	0.000000e+00	0.000000e+00	0.00201968523,-0.00436665164,-0.00254669203,5.94186131e-05	0.00201968523,-0.00436665164,-0.00254669203,5.94186131e-05
orig	28	386	attn_output-0	0	2048	2048	0.000000e+00	0.000000e+00	6.8563545e-06,-9.65426921e-07,-3.60865414e-07,-3.29754198e-06	6.8563545e-06,-9.65426921e-07,-3.60865414e-07,-3.29754198e-06
orig	28	387	z-0	0	2048	2048	0.000000e+00	0.000000e+00	0.963563442,-0.744903564,0.654985309,-1.23944759	0.963563442,-0.744903564,0.654985309,-1.23944759
orig	28	388	final_output-0	0	2048	2048	0.000000e+00	0.000000e+00	0.00460561551,0.000229250523,-0.000144311794,0.000848213851	0.00460561551,0.000229250523,-0.000144311794,0.000848213851
orig	28	389	linear_attn_out-0	0	1024	1024	0.000000e+00	0.000000e+00	-0.479343086,0.0208116993,-0.121387951,-0.0108986348	-0.479343086,0.0208116993,-0.121387951,-0.0108986348
orig	28	390	attn_residual-0	0	1024	1024	0.000000e+00	0.000000e+00	-0.483778387,-0.00284323841,-0.102168314,0.0171916038	-0.483778387,-0.00284323841,-0.102168314,0.0171916038
orig	28	391	attn_post_norm-0	0	1024	1024	0.000000e+00	0.000000e+00	-8.43921757,-0.0909809321,-3.36409044,0.554672718	-8.43921757,-0.0909809321,-3.36409044,0.554672718
orig	28	392	ffn_out-0	0	1024	1024	0.000000e+00	0.000000e+00	0.0362266973,0.0326891318,0.0168542545,-0.028310677	0.0362266973,0.0326891318,0.0168542545,-0.028310677
orig	28	393	l_out-0	0	1024	1024	0.000000e+00	0.000000e+00	-0.447551697,0.0298458934,-0.0853140578,-0.0111190733	-0.447551697,0.0298458934,-0.0853140578,-0.0111190733
orig	28	394	attn_norm-1	1	1024	1024	0.000000e+00	0.000000e+00	-14.0762701,1.2163496,-3.32574749,-0.464739978	-14.0762701,1.2163496,-3.32574749,-0.464739978
orig	28	395	conv_output_silu-1	1	6144	6144	0.000000e+00	0.000000e+00	0.011661876,-0.01300437,-0.147895396,-0.278444409	0.011661876,-0.01300437,-0.147895396,-0.278444409
orig	28	396	q_conv_predelta-1	1	2048	2048	0.000000e+00	0.000000e+00	0.00423357822,-0.00472093979,-0.0536900535,-0.101082891	0.00423357822,-0.00472093979,-0.0536900535,-0.101082891
orig	28	397	k_conv_predelta-1	1	2048	2048	0.000000e+00	0.000000e+00	-0.106026553,0.0245726667,-0.0124976626,0.0516721867	-0.106026553,0.0245726667,-0.0124976626,0.0516721867
orig	28	398	v_conv_predelta-1	1	2048	2048	0.000000e+00	0.000000e+00	-0.0835829675,0.0522022992,-0.00316645787,-0.0019307927	-0.0835829675,0.0522022992,-0.00316645787,-0.0019307927
orig	28	399	a_softplus-1	1	16	16	0.000000e+00	0.000000e+00	0.00625865022,0.610671878,0.653646231,0.417819947	0.00625865022,0.610671878,0.653646231,0.417819947
orig	28	400	gate-1	1	16	16	0.000000e+00	0.000000e+00	-0.00112211413,-0.658683658,-0.748677611,-0.126436234	-0.00112211413,-0.658683658,-0.748677611,-0.126436234
orig	28	401	beta_sigmoid-1	1	16	16	0.000000e+00	0.000000e+00	0.258447707,0.963361263,0.950765729,0.732100487	0.258447707,0.963361263,0.950765729,0.732100487
orig	28	402	state_predelta-1	1	262144	262144	0.000000e+00	0.000000e+00	-0.0130763259,0.021342054,0.00178249017,-0.0134303831	-0.0130763259,0.021342054,0.00178249017,-0.0134303831
orig	28	403	new_state-1	1	262144	262144	0.000000e+00	0.000000e+00	-0.0105502633,0.0207360778,0.00207651709,-0.0146392547	-0.0105502633,0.0207360778,0.00207651709,-0.0146392547
orig	28	404	attn_output-1	1	2048	2048	0.000000e+00	0.000000e+00	-0.000713339774,0.000502837938,4.79848268e-07,2.67758733e-05	-0.000713339774,0.000502837938,4.79848268e-07,2.67758733e-05
orig	28	405	z-1	1	2048	2048	0.000000e+00	0.000000e+00	-5.5540638,-5.95376921,-2.51962709,-0.212670088	-5.5540638,-5.95376921,-2.51962709,-0.212670088
orig	28	406	final_output-1	1	2048	2048	0.000000e+00	0.000000e+00	0.0128283752,-0.00649372349,-8.26883916e-05,-0.00257626339	0.0128283752,-0.00649372349,-8.26883916e-05,-0.00257626339
orig	28	407	linear_attn_out-1	1	1024	1024	0.000000e+00	0.000000e+00	-0.0345047712,-0.0251502749,-0.0797232091,0.0289953277	-0.0345047712,-0.0251502749,-0.0797232091,0.0289953277
orig	28	408	attn_residual-1	1	1024	1024	0.000000e+00	0.000000e+00	-0.482056469,0.00469561853,-0.165037274,0.0178762544	-0.482056469,0.00469561853,-0.165037274,0.0178762544
orig	28	409	attn_post_norm-1	1	1024	1024	0.000000e+00	0.000000e+00	-7.31955242,0.112314045,-3.98792911,0.456037134	-7.31955242,0.112314045,-3.98792911,0.456037134
orig	28	410	ffn_out-1	1	1024	1024	0.000000e+00	0.000000e+00	-0.0628211945,-0.00228133751,-0.033430595,-0.014658385	-0.0628211945,-0.00228133751,-0.033430595,-0.014658385
orig	28	411	l_out-1	1	1024	1024	0.000000e+00	0.000000e+00	-0.544877648,0.00241428101,-0.198467866,0.00321786944	-0.544877648,0.00241428101,-0.198467866,0.00321786944
orig	28	412	attn_norm-2	2	1024	1024	0.000000e+00	0.000000e+00	-13.7469149,0.0746156946,-5.92259932,0.100719877	-13.7469149,0.0746156946,-5.92259932,0.100719877
orig	28	413	conv_output_silu-2	2	6144	6144	0.000000e+00	0.000000e+00	0.0508381836,-0.037875399,-0.0228484161,-0.00707038725	0.0508381836,-0.037875399,-0.0228484161,-0.00707038725
orig	28	414	q_conv_predelta-2	2	2048	2048	0.000000e+00	0.000000e+00	0.032318335,-0.0240777638,-0.0145249628,-0.00449471455	0.032318335,-0.0240777638,-0.0145249628,-0.00449471455
orig	28	415	k_conv_predelta-2	2	2048	2048	0.000000e+00	0.000000e+00	0.0401377603,-0.0503263324,-0.0416972451,-0.166473895	0.0401377603,-0.0503263324,-0.0416972451,-0.166473895
orig	28	416	v_conv_predelta-2	2	2048	2048	0.000000e+00	0.000000e+00	0.00316491793,-0.0354219414,-0.00813333876,-0.0134695042	0.00316491793,-0.0354219414,-0.00813333876,-0.0134695042
orig	28	417	a_softplus-2	2	16	16	0.000000e+00	0.000000e+00	1.29277742,0.0140563715,0.0476785824,0.742868423	1.29277742,0.0140563715,0.0476785824,0.742868423
orig	28	418	gate-2	2	16	16	0.000000e+00	0.000000e+00	-1.16053689,-0.00396478176,-0.0142043,-0.48528564	-1.16053689,-0.00396478176,-0.0142043,-0.48528564
orig	28	419	beta_sigmoid-2	2	16	16	0.000000e+00	0.000000e+00	0.425806671,0.285492867,0.269860327,0.716315091	0.425806671,0.285492867,0.269860327,0.716315091
orig	28	420	state_predelta-2	2	262144	262144	0.000000e+00	0.000000e+00	6.35578772e-06,-1.21400299e-05,2.95600094e-05,0.000161745702	6.35578772e-06,-1.21400299e-05,2.95600094e-05,0.000161745702
orig	28	421	new_state-2	2	262144	262144	0.000000e+00	0.000000e+00	5.52889251e-05,-7.06302817e-05,-4.61066447e-05,-0.000170377098	5.52889251e-05,-7.06302817e-05,-4.61066447e-05,-0.000170377098
orig	28	422	attn_output-2	2	2048	2048	0.000000e+00	0.000000e+00	-2.01895e-06,1.95159719e-05,4.54867177e-06,7.14408998e-06	-2.01895e-06,1.95159719e-05,4.54867177e-06,7.14408998e-06
orig	28	423	z-2	2	2048	2048	0.000000e+00	0.000000e+00	1.23792195,0.105916649,0.196250081,-0.459848285	1.23792195,0.105916649,0.196250081,-0.459848285
orig	28	424	final_output-2	2	2048	2048	0.000000e+00	0.000000e+00	-0.00197450328,0.000720538374,0.000446581776,-0.00123833597	-0.00197450328,0.000720538374,0.000446581776,-0.00123833597
orig	28	425	linear_attn_out-2	2	1024	1024	0.000000e+00	0.000000e+00	-0.394632638,-0.0285854768,0.00960105471,-0.0383195058	-0.394632638,-0.0285854768,0.00960105471,-0.0383195058
orig	28	426	attn_residual-2	2	1024	1024	0.000000e+00	0.000000e+00	-0.939510286,-0.0261711963,-0.188866809,-0.0351016372	-0.939510286,-0.0261711963,-0.188866809,-0.0351016372
orig	28	427	attn_post_norm-2	2	1024	1024	0.000000e+00	0.000000e+00	-12.6546555,-0.553631067,-4.05567169,-0.751401484	-12.6546555,-0.553631067,-4.05567169,-0.751401484
orig	28	428	ffn_out-2	2	1024	1024	0.000000e+00	0.000000e+00	0.591763198,0.00991100166,-0.0277483966,-0.00983495824	0.591763198,0.00991100166,-0.0277483966,-0.00983495824
orig	28	429	l_out-2	2	1024	1024	0.000000e+00	0.000000e+00	-0.347747087,-0.0162601955,-0.2166152,-0.0449365973	-0.347747087,-0.0162601955,-0.2166152,-0.0449365973
orig	28	430	attn_norm-3	3	1024	1024	0.000000e+00	0.000000e+00	-7.9798789,-0.445440382,-5.36378384,-1.17346287	-7.9798789,-0.445440382,-5.36378384,-1.17346287
orig	28	431	attn_pregate-3	3	2048	2048	0.000000e+00	0.000000e+00	0.147749305,-0.0174730215,0.265874177,0.359543473	0.147749305,-0.0174730215,0.265874177,0.359543473
orig	28	432	attn_gated-3	3	2048	2048	0.000000e+00	0.000000e+00	0.0454292521,-0.0013916546,0.0150021855,0.00543493731	0.0454292521,-0.0013916546,0.0150021855,0.00543493731
orig	28	433	attn_output-3	3	1024	1024	0.000000e+00	0.000000e+00	-0.254446626,-0.0227011666,0.0206896961,-0.017520031	-0.254446626,-0.0227011666,0.0206896961,-0.017520031
orig	28	434	attn_residual-3	3	1024	1024	0.000000e+00	0.000000e+00	-0.602193713,-0.0389613621,-0.195925504,-0.0624566302	-0.602193713,-0.0389613621,-0.195925504,-0.0624566302
orig	28	435	attn_post_norm-3	3	1024	1024	0.000000e+00	0.000000e+00	-8.16881943,-0.791486382,-4.09978867,-1.31825781	-8.16881943,-0.791486382,-4.09978867,-1.31825781
orig	28	436	ffn_out-3	3	1024	1024	0.000000e+00	0.000000e+00	-0.00602258742,-0.0292333942,0.00581762195,-0.0120726228	-0.00602258742,-0.0292333942,0.00581762195,-0.0120726228
orig	28	437	l_out-3	3	1024	1024	0.000000e+00	0.000000e+00	-0.608216286,-0.0681947544,-0.190107882,-0.0745292529	-0.608216286,-0.0681947544,-0.190107882,-0.0745292529
orig	28	438	attn_norm-4	4	1024	1024	0.000000e+00	0.000000e+00	-12.5194168,-1.85140324,-4.81018114,-2.07434392	-12.5194168,-1.85140324,-4.81018114,-2.07434392
orig	28	439	conv_output_silu-4	4	6144	6144	0.000000e+00	0.000000e+00	-0.0287505928,0.0172714666,-0.0559585392,-0.195339352	-0.0287505928,0.0172714666,-0.0559585392,-0.195339352
orig	28	440	q_conv_predelta-4	4	2048	2048	0.000000e+00	0.000000e+00	-0.00632281741,0.00379833323,-0.0123063764,-0.042958945	-0.00632281741,0.00379833323,-0.0123063764,-0.042958945
orig	28	441	k_conv_predelta-4	4	2048	2048	0.000000e+00	0.000000e+00	-0.00145156472,0.426597536,0.0221505389,-0.00312491949	-0.00145156472,0.426597536,0.0221505389,-0.00312491949
orig	28	442	v_conv_predelta-4	4	2048	2048	0.000000e+00	0.000000e+00	-0.0793101713,0.00101613859,-0.00268716342,-0.00342361489	-0.0793101713,0.00101613859,-0.00268716342,-0.00342361489
orig	28	443	a_softplus-4	4	16	16	0.000000e+00	0.000000e+00	0.115396641,2.14226627,0.015827151,1.60431397	0.115396641,2.14226627,0.015827151,1.60431397
orig	28	444	gate-4	4	16	16	0.000000e+00	0.000000e+00	-0.0481044762,-2.08143115,-0.00498023396,-0.842118084	-0.0481044762,-2.08143115,-0.00498023396,-0.842118084
orig	28	445	beta_sigmoid-4	4	16	16	0.000000e+00	0.000000e+00	0.474845916,0.932374418,0.347021699,0.369117796	0.474845916,0.932374418,0.347021699,0.369117796
orig	28	446	state_predelta-4	4	262144	262144	0.000000e+00	0.000000e+00	0.000942095765,-0.0270953905,0.000903770444,-0.00218584295	0.000942095765,-0.0270953905,0.000903770444,-0.00218584295
orig	28	447	new_state-4	4	262144	262144	0.000000e+00	0.000000e+00	0.000927003333,-0.0343907997,0.00041644345,-0.00202042074	0.000927003333,-0.0343907997,0.00041644345,-0.00202042074
orig	28	448	attn_output-4	4	2048	2048	0.000000e+00	0.000000e+00	-9.95090159e-05,1.21936828e-05,2.13507337e-05,-1.3130847e-05	-9.95090159e-05,1.21936828e-05,2.13507337e-05,-1.3130847e-05
orig	28	449	z-4	4	2048	2048	0.000000e+00	0.000000e+00	-6.03991699,0.603221178,-0.615869641,0.0809261501	-6.03991699,0.603221178,-0.615869641,0.0809261501
orig	28	450	final_output-4	4	2048	2048	0.000000e+00	0.000000e+00	0.00122760201,0.00491554523,-0.0037861797,-0.000513407635	0.00122760201,0.00491554523,-0.0037861797,-0.000513407635
orig	28	451	linear_attn_out-4	4	1024	1024	0.000000e+00	0.000000e+00	-0.269764483,-0.0199125167,-0.0301715881,0.0216417015	-0.269764483,-0.0199125167,-0.0301715881,0.0216417015
orig	28	452	attn_residual-4	4	1024	1024	0.000000e+00	0.000000e+00	-0.877980769,-0.088107273,-0.22027947,-0.0528875515	-0.877980769,-0.088107273,-0.22027947,-0.0528875515
orig	28	453	attn_post_norm-4	4	1024	1024	0.000000e+00	0.000000e+00	-11.2072897,-1.64354789,-4.04116154,-1.02162087	-11.2072897,-1.64354789,-4.04116154,-1.02162087
orig	28	454	ffn_out-4	4	1024	1024	0.000000e+00	0.000000e+00	0.1759101,0.0267655402,0.0214544479,-0.0243735313	0.1759101,0.0267655402,0.0214544479,-0.0243735313
orig	28	455	l_out-4	4	1024	1024	0.000000e+00	0.000000e+00	-0.702070653,-0.0613417327,-0.198825017,-0.0772610828	-0.702070653,-0.0613417327,-0.198825017,-0.0772610828
orig	28	456	attn_norm-5	5	1024	1024	0.000000e+00	0.000000e+00	-13.7822361,-1.62169123,-4.8886652,-2.13779926	-13.7822361,-1.62169123,-4.8886652,-2.13779926
orig	28	457	conv_output_silu-5	5	6144	6144	0.000000e+00	0.000000e+00	0.225434631,0.105488896,0.0206393655,-0.270030379	0.225434631,0.105488896,0.0206393655,-0.270030379
orig	28	458	q_conv_predelta-5	5	2048	2048	0.000000e+00	0.000000e+00	0.111585595,0.0522148758,0.0102160703,-0.133659586	0.111585595,0.0522148758,0.0102160703,-0.133659586
orig	28	459	k_conv_predelta-5	5	2048	2048	0.000000e+00	0.000000e+00	-0.00316421269,-0.0078090406,-0.0634616911,0.00318338955	-0.00316421269,-0.0078090406,-0.0634616911,0.00318338955
orig	28	460	v_conv_predelta-5	5	2048	2048	0.000000e+00	0.000000e+00	-0.023969993,0.012088283,0.0168936364,-0.0084376391	-0.023969993,0.012088283,0.0168936364,-0.0084376391
orig	28	461	a_softplus-5	5	16	16	0.000000e+00	0.000000e+00	0.0394092165,0.0223553348,0.00291042775,0.000651504903	0.0394092165,0.0223553348,0.00291042775,0.000651504903
orig	28	462	gate-5	5	16	16	0.000000e+00	0.000000e+00	-0.0300982948,-0.00271200994,-0.0007416429,-0.000272650621	-0.0300982948,-0.00271200994,-0.0007416429,-0.000272650621
orig	28	463	beta_sigmoid-5	5	16	16	0.000000e+00	0.000000e+00	0.109909087,0.384465009,0.605520785,0.0934311599	0.109909087,0.384465009,0.605520785,0.0934311599
orig	28	464	state_predelta-5	5	262144	262144	0.000000e+00	0.000000e+00	0.000320158084,0.000378387776,0.00689999573,-4.11327019e-05	0.000320158084,0.000378387776,0.00689999573,-4.11327019e-05
orig	28	465	new_state-5	5	262144	262144	0.000000e+00	0.000000e+00	0.000316696707,0.000382053375,0.00681637553,-4.59809598e-05	0.000316696707,0.000382053375,0.00681637553,-4.59809598e-05
orig	28	466	attn_output-5	5	2048	2048	0.000000e+00	0.000000e+00	-0.000145679165,0.000214105676,0.000101115722,-6.38733545e-05	-0.000145679165,0.000214105676,0.000101115722,-6.38733545e-05
orig	28	467	z-5	5	2048	2048	0.000000e+00	0.000000e+00	-0.277489871,1.57177961,0.3154715,1.75473428	-0.277489871,1.57177961,0.3154715,1.75473428
orig	28	468	final_output-5	5	2048	2048	0.000000e+00	0.000000e+00	0.0137697617,0.212137595,0.014874883,-0.0762835741	0.0137697617,0.212137595,0.014874883,-0.0762835741
orig	28	469	linear_attn_out-5	5	1024	1024	0.000000e+00	0.000000e+00	-0.153671101,-0.0661173463,0.0119135492,0.0190988407	-0.153671101,-0.0661173463,0.0119135492,0.0190988407
orig	28	470	attn_residual-5	5	1024	1024	0.000000e+00	0.000000e+00	-0.855741739,-0.127459079,-0.186911464,-0.0581622422	-0.855741739,-0.127459079,-0.186911464,-0.0581622422
orig	28	471	attn_post_norm-5	5	1024	1024	0.000000e+00	0.000000e+00	-10.2881832,-2.30342698,-3.20838213,-1.1060499	-10.2881832,-2.30342698,-3.20838213,-1.1060499
orig	28	472	ffn_out-5	5	1024	1024	0.000000e+00	0.000000e+00	-0.0785482451,0.0286345333,-0.0510216393,0.0681417212	-0.0785482451,0.0286345333,-0.0510216393,0.0681417212
orig	28	473	l_out-5	5	1024	1024	0.000000e+00	0.000000e+00	-0.934289992,-0.0988245457,-0.237933099,0.00997947901	-0.934289992,-0.0988245457,-0.237933099,0.00997947901
orig	28	474	attn_norm-6	6	1024	1024	0.000000e+00	0.000000e+00	-15.3716211,-2.10688448,-4.90468073,0.225375623	-15.3716211,-2.10688448,-4.90468073,0.225375623
orig	28	475	conv_output_silu-6	6	6144	6144	0.000000e+00	0.000000e+00	-0.0863327011,-0.268652946,0.00151785277,0.0187982973	-0.0863327011,-0.268652946,0.00151785277,0.0187982973
orig	28	476	q_conv_predelta-6	6	2048	2048	0.000000e+00	0.000000e+00	-0.0269842297,-0.0839704126,0.000474421453,0.00587561307	-0.0269842297,-0.0839704126,0.000474421453,0.00587561307
orig	28	477	k_conv_predelta-6	6	2048	2048	0.000000e+00	0.000000e+00	-0.00525548542,-0.0213286802,0.0598398298,-0.0355511755	-0.00525548542,-0.0213286802,0.0598398298,-0.0355511755
orig	28	478	v_conv_predelta-6	6	2048	2048	0.000000e+00	0.000000e+00	0.0182302818,-0.002199332,0.00677720457,0.00345513993	0.0182302818,-0.002199332,0.00677720457,0.00345513993
orig	28	479	a_softplus-6	6	16	16	0.000000e+00	0.000000e+00	0.0101351375,0.0251317639,0.104968563,0.00256744958	0.0101351375,0.0251317639,0.104968563,0.00256744958
orig	28	480	gate-6	6	16	16	0.000000e+00	0.000000e+00	-0.0018457456,-0.0186763406,-0.0320136026,-0.00142342981	-0.0018457456,-0.0186763406,-0.0320136026,-0.00142342981
orig	28	481	beta_sigmoid-6	6	16	16	0.000000e+00	0.000000e+00	0.451126784,0.242153525,0.465093344,0.347774565	0.451126784,0.242153525,0.465093344,0.347774565
orig	28	482	state_predelta-6	6	262144	262144	0.000000e+00	0.000000e+00	-0.000770997372,-0.000662454811,0.00122540526,0.000629970513	-0.000770997372,-0.000662454811,0.00122540526,0.000629970513
orig	28	483	new_state-6	6	262144	262144	0.000000e+00	0.000000e+00	-0.000768014113,-0.000654896023,0.00120536599,0.000639371749	-0.000768014113,-0.000654896023,0.00120536599,0.000639371749
orig	28	484	attn_output-6	6	2048	2048	0.000000e+00	0.000000e+00	4.62573225e-05,-6.93651316e-07,4.0648436e-05,-2.23722236e-05	4.62573225e-05,-6.93651316e-07,4.0648436e-05,-2.23722236e-05
orig	28	485	z-6	6	2048	2048	0.000000e+00	0.000000e+00	1.48213398,0.216175914,0.505450845,0.396418214	1.48213398,0.216175914,0.505450845,0.396418214
orig	28	486	final_output-6	6	2048	2048	0.000000e+00	0.000000e+00	0.0459214747,-7.84417207e-05,0.0119651994,-0.00533601223	0.0459214747,-7.84417207e-05,0.0119651994,-0.00533601223
orig	28	487	linear_attn_out-6	6	1024	1024	0.000000e+00	0.000000e+00	-0.0371719971,-0.00830430444,0.0219075084,0.00347328791	-0.0371719971,-0.00830430444,0.0219075084,0.00347328791
orig	28	488	attn_residual-6	6	1024	1024	0.000000e+00	0.000000e+00	-0.971462011,-0.107128851,-0.216025591,0.0134527665	-0.971462011,-0.107128851,-0.216025591,0.0134527665
orig	28	489	attn_post_norm-6	6	1024	1024	0.000000e+00	0.000000e+00	-13.2012234,-1.78326929,-3.54978609,0.229111642	-13.2012234,-1.78326929,-3.54978609,0.229111642
orig	28	490	ffn_out-6	6	1024	1024	0.000000e+00	0.000000e+00	0.0474500135,0.0189836677,-0.0352114663,0.0231171157	0.0474500135,0.0189836677,-0.0352114663,0.0231171157
orig	28	491	l_out-6	6	1024	1024	0.000000e+00	0.000000e+00	-0.924012005,-0.0881451815,-0.251237065,0.0365698822	-0.924012005,-0.0881451815,-0.251237065,0.0365698822
orig	28	492	attn_norm-7	7	1024	1024	0.000000e+00	0.000000e+00	-13.2852535,-1.34674597,-3.96404791,0.670291901	-13.2852535,-1.34674597,-3.96404791,0.670291901
orig	28	493	attn_pregate-7	7	2048	2048	0.000000e+00	0.000000e+00	-0.0461364016,-0.0248920377,-0.331976831,-0.0663920045	-0.0461364016,-0.0248920377,-0.331976831,-0.0663920045
orig	28	494	attn_gated-7	7	2048	2048	0.000000e+00	0.000000e+00	-0.0112745371,-0.00480308617,-0.0294269249,-0.0199099667	-0.0112745371,-0.00480308617,-0.0294269249,-0.0199099667
orig	28	495	attn_output-7	7	1024	1024	0.000000e+00	0.000000e+00	-0.0400447696,-0.00317557901,0.0117187239,-0.0414554812	-0.0400447696,-0.00317557901,0.0117187239,-0.0414554812
orig	28	496	attn_residual-7	7	1024	1024	0.000000e+00	0.000000e+00	-0.96405679,-0.0913207605,-0.239518344,-0.00488559902	-0.96405679,-0.0913207605,-0.239518344,-0.00488559902
orig	28	497	attn_post_norm-7	7	1024	1024	0.000000e+00	0.000000e+00	-10.2907467,-1.41951597,-3.59011412,-0.0790205821	-10.2907467,-1.41951597,-3.59011412,-0.0790205821
orig	28	498	ffn_out-7	7	1024	1024	0.000000e+00	0.000000e+00	0.00454127789,0.0351868235,0.00262653641,0.0425706357	0.00454127789,0.0351868235,0.00262653641,0.0425706357
orig	28	499	l_out-7	7	1024	1024	0.000000e+00	0.000000e+00	-0.959515512,-0.0561339371,-0.236891806,0.0376850367	-0.959515512,-0.0561339371,-0.236891806,0.0376850367
orig	28	500	attn_norm-8	8	1024	1024	0.000000e+00	0.000000e+00	-15.8580379,-1.09751415,-4.2030201,0.791761875	-15.8580379,-1.09751415,-4.2030201,0.791761875
orig	28	501	conv_output_silu-8	8	6144	6144	0.000000e+00	0.000000e+00	0.0129566425,-1.43028146e-05,-0.175091237,0.120489053	0.0129566425,-1.43028146e-05,-0.175091237,0.120489053
orig	28	502	q_conv_predelta-8	8	2048	2048	0.000000e+00	0.000000e+00	0.00482351193,-5.32466584e-06,-0.0651831403,0.0448557846	0.00482351193,-5.32466584e-06,-0.0651831403,0.0448557846
orig	28	503	k_conv_predelta-8	8	2048	2048	0.000000e+00	0.000000e+00	-0.0253357925,-0.106471188,0.0317135565,-0.00477374578	-0.0253357925,-0.106471188,0.0317135565,-0.00477374578
orig	28	504	v_conv_predelta-8	8	2048	2048	0.000000e+00	0.000000e+00	0.354133815,-0.00176603952,-0.0272706598,0.00870243274	0.354133815,-0.00176603952,-0.0272706598,0.00870243274
orig	28	505	a_softplus-8	8	16	16	0.000000e+00	0.000000e+00	0.0619802773,0.00662120758,0.00869512185,0.000724529964	0.0619802773,0.00662120758,0.00869512185,0.000724529964
orig	28	506	gate-8	8	16	16	0.000000e+00	0.000000e+00	-0.0217571221,-0.00188224518,-0.00259043183,-0.000109387664	-0.0217571221,-0.00188224518,-0.00259043183,-0.000109387664
orig	28	507	beta_sigmoid-8	8	16	16	0.000000e+00	0.000000e+00	0.637748599,0.124736391,0.290862381,0.104685046	0.637748599,0.124736391,0.290862381,0.104685046
orig	28	508	state_predelta-8	8	262144	262144	0.000000e+00	0.000000e+00	-0.035472855,-0.0120385531,0.0102783451,-0.00610702625	-0.035472855,-0.0120385531,0.0102783451,-0.00610702625
orig	28	509	new_state-8	8	262144	262144	0.000000e+00	0.000000e+00	-0.039181944,-0.0305748805,0.0156555455,-0.00681830198	-0.039181944,-0.0305748805,0.0156555455,-0.00681830198
orig	28	510	attn_output-8	8	2048	2048	0.000000e+00	0.000000e+00	-6.7472407e-05,2.39012297e-05,-1.81609485e-05,-4.05187602e-05	-6.7472407e-05,2.39012297e-05,-1.81609485e-05,-4.05187602e-05
orig	28	511	z-8	8	2048	2048	0.000000e+00	0.000000e+00	-0.0339760743,0.719698906,1.20827413,0.635672808	-0.0339760743,0.719698906,1.20827413,0.635672808
orig	28	512	final_output-8	8	2048	2048	0.000000e+00	0.000000e+00	0.00103355257,0.00750132417,-0.0168604478,-0.0126675135	0.00103355257,0.00750132417,-0.0168604478,-0.0126675135
orig	28	513	linear_attn_out-8	8	1024	1024	0.000000e+00	0.000000e+00	0.0170073919,0.00265205838,0.0162951294,6.98491931e-05	0.0170073919,0.00265205838,0.0162951294,6.98491931e-05
orig	28	514	attn_residual-8	8	1024	1024	0.000000e+00	0.000000e+00	-0.942508101,-0.0534818769,-0.220596671,0.0377548859	-0.942508101,-0.0534818769,-0.220596671,0.0377548859
orig	28	515	attn_post_norm-8	8	1024	1024	0.000000e+00	0.000000e+00	-9.66348743,-0.795246661,-3.16765738,0.615608931	-9.66348743,-0.795246661,-3.16765738,0.615608931
orig	28	516	ffn_out-8	8	1024	1024	0.000000e+00	0.000000e+00	0.0907248855,0.00655343104,-0.0110035194,-0.010795461	0.0907248855,0.00655343104,-0.0110035194,-0.010795461
orig	28	517	l_out-8	8	1024	1024	0.000000e+00	0.000000e+00	-0.851783216,-0.0469284467,-0.231600195,0.0269594248	-0.851783216,-0.0469284467,-0.231600195,0.0269594248
orig	28	518	attn_norm-9	9	1024	1024	0.000000e+00	0.000000e+00	-12.7025976,-0.851261616,-4.13832951,0.578944027	-12.7025976,-0.851261616,-4.13832951,0.578944027
orig	28	519	conv_output_silu-9	9	6144	6144	0.000000e+00	0.000000e+00	-0.0601454452,-0.061212752,0.0992908552,-0.0627170205	-0.0601454452,-0.061212752,0.0992908552,-0.0627170205
orig	28	520	q_conv_predelta-9	9	2048	2048	0.000000e+00	0.000000e+00	-0.0222799927,-0.0226753615,0.0367808342,-0.023232596	-0.0222799927,-0.0226753615,0.0367808342,-0.023232596
orig	28	521	k_conv_predelta-9	9	2048	2048	0.000000e+00	0.000000e+00	0.0322637819,-0.00394924078,-0.0102363117,0.00544349244	0.0322637819,-0.00394924078,-0.0102363117,0.00544349244
orig	28	522	v_conv_predelta-9	9	2048	2048	0.000000e+00	0.000000e+00	0.0133084226,-0.0084910132,-0.00214018091,-0.00840786844	0.0133084226,-0.0084910132,-0.00214018091,-0.00840786844
orig	28	523	a_softplus-9	9	16	16	0.000000e+00	0.000000e+00	6.37749326e-05,0.00349375536,0.0395387076,0.0434306636	6.37749326e-05,0.00349375536,0.0395387076,0.0434306636
orig	28	524	gate-9	9	16	16	0.000000e+00	0.000000e+00	-2.58682539e-05,-0.000476536836,-0.0134523679,-0.00803386513	-2.58682539e-05,-0.000476536836,-0.0134523679,-0.00803386513
orig	28	525	beta_sigmoid-9	9	16	16	0.000000e+00	0.000000e+00	0.0344799459,0.192967713,0.140962169,0.0944284573	0.0344799459,0.192967713,0.140962169,0.0944284573
orig	28	526	state_predelta-9	9	262144	262144	0.000000e+00	0.000000e+00	-0.0028526003,-0.000959697121,-0.000800659356,0.000191007028	-0.0028526003,-0.000959697121,-0.000800659356,0.000191007028
orig	28	527	new_state-9	9	262144	262144	0.000000e+00	0.000000e+00	-0.00284125283,-0.000961052196,-0.000804215437,0.000192904161	-0.00284125283,-0.000961052196,-0.000804215437,0.000192904161
orig	28	528	attn_output-9	9	2048	2048	0.000000e+00	0.000000e+00	2.77809468e-05,1.88742248e-07,-9.02158208e-05,-0.000112122034	2.77809468e-05,1.88742248e-07,-9.02158208e-05,-0.000112122034
orig	28	529	z-9	9	2048	2048	0.000000e+00	0.000000e+00	0.131981045,-0.556342363,0.934648871,1.35046637	0.131981045,-0.556342363,0.934648871,1.35046637
orig	28	530	final_output-9	9	2048	2048	0.000000e+00	0.000000e+00	0.00154249952,-2.86594186e-05,-0.0469160937,-0.0859441459	0.00154249952,-2.86594186e-05,-0.0469160937,-0.0859441459
orig	28	531	linear_attn_out-9	9	1024	1024	0.000000e+00	0.000000e+00	-0.135137215,0.000265778974,0.0307083242,0.00288569182	-0.135137215,0.000265778974,0.0307083242,0.00288569182
orig	28	532	attn_residual-9	9	1024	1024	0.000000e+00	0.000000e+00	-0.986920416,-0.0466626659,-0.200891867,0.0298451167	-0.986920416,-0.0466626659,-0.200891867,0.0298451167
orig	28	533	attn_post_norm-9	9	1024	1024	0.000000e+00	0.000000e+00	-9.64294338,-0.638537467,-2.65426731,0.461872101	-9.64294338,-0.638537467,-2.65426731,0.461872101
orig	28	534	ffn_out-9	9	1024	1024	0.000000e+00	0.000000e+00	-0.029403314,-0.0178712197,-0.0220200624,0.0180468187	-0.029403314,-0.0178712197,-0.0220200624,0.0180468187
orig	28	535	l_out-9	9	1024	1024	0.000000e+00	0.000000e+00	-1.01632369,-0.0645338893,-0.222911924,0.0478919372	-1.01632369,-0.0645338893,-0.222911924,0.0478919372
orig	28	536	attn_norm-10	10	1024	1024	0.000000e+00	0.000000e+00	-15.3933983,-1.01837182,-3.76082492,0.871183693	-15.3933983,-1.01837182,-3.76082492,0.871183693
orig	28	537	conv_output_silu-10	10	6144	6144	0.000000e+00	0.000000e+00	-0.00775825419,-0.00619595218,0.00264703692,0.0641374364	-0.00775825419,-0.00619595218,0.00264703692,0.0641374364
orig	28	538	q_conv_predelta-10	10	2048	2048	0.000000e+00	0.000000e+00	-0.00981101301,-0.00783534069,0.00334741734,0.0811075792	-0.00981101301,-0.00783534069,0.00334741734,0.0811075792
orig	28	539	k_conv_predelta-10	10	2048	2048	0.000000e+00	0.000000e+00	-0.0588235818,0.0504135787,0.0672518313,0.0304453336	-0.0588235818,0.0504135787,0.0672518313,0.0304453336
orig	28	540	v_conv_predelta-10	10	2048	2048	0.000000e+00	0.000000e+00	-0.0101108681,-0.0116752125,0.00610421225,0.00569169316	-0.0101108681,-0.0116752125,0.00610421225,0.00569169316
orig	28	541	a_softplus-10	10	16	16	0.000000e+00	0.000000e+00	0.218974859,0.00108302571,3.40020251,0.0321530104	0.218974859,0.00108302571,3.40020251,0.0321530104
orig	28	542	gate-10	10	16	16	0.000000e+00	0.000000e+00	-0.167566255,-0.00628126366,-1.05333364,-0.00658351323	-0.167566255,-0.00628126366,-1.05333364,-0.00658351323
orig	28	543	beta_sigmoid-10	10	16	16	0.000000e+00	0.000000e+00	0.802256465,0.288932443,0.934916139,0.551036835	0.802256465,0.288932443,0.934916139,0.551036835
orig	28	544	state_predelta-10	10	262144	262144	0.000000e+00	0.000000e+00	0.000347729569,0.000592363242,2.63383699e-05,-0.000330636656	0.000347729569,0.000592363242,2.63383699e-05,-0.000330636656
orig	28	545	new_state-10	10	262144	262144	0.000000e+00	0.000000e+00	0.000492642401,0.000330801588,-0.000204735203,-0.000382395141	0.000492642401,0.000330801588,-0.000204735203,-0.000382395141
orig	28	546	attn_output-10	10	2048	2048	0.000000e+00	0.000000e+00	-8.3968489e-06,-7.34436207e-06,2.86146746e-06,7.64531433e-06	-8.3968489e-06,-7.34436207e-06,2.86146746e-06,7.64531433e-06
orig	28	547	z-10	10	2048	2048	0.000000e+00	0.000000e+00	1.95731461,1.02304959,1.37910891,0.962022543	1.95731461,1.02304959,1.37910891,0.962022543
orig	28	548	final_output-10	10	2048	2048	0.000000e+00	0.000000e+00	-0.0129304314,-0.00589865353,0.0030690697,0.00543794082	-0.0129304314,-0.00589865353,0.0030690697,0.00543794082
orig	28	549	linear_attn_out-10	10	1024	1024	0.000000e+00	0.000000e+00	-0.041797936,0.0212934949,0.0337712839,-0.000684982166	-0.041797936,0.0212934949,0.0337712839,-0.000684982166
orig	28	550	attn_residual-10	10	1024	1024	0.000000e+00	0.000000e+00	-1.05812168,-0.0432403944,-0.189140648,0.0472069532	-1.05812168,-0.0432403944,-0.189140648,0.0472069532
orig	28	551	attn_post_norm-10	10	1024	1024	0.000000e+00	0.000000e+00	-11.5533161,-0.582809269,-2.54111838,0.677717209	-11.5533161,-0.582809269,-2.54111838,0.677717209
orig	28	552	ffn_out-10	10	1024	1024	0.000000e+00	0.000000e+00	0.168449923,-0.0103059877,-0.0239155777,0.00593265099	0.168449923,-0.0103059877,-0.0239155777,0.00593265099
orig	28	553	l_out-10	10	1024	1024	0.000000e+00	0.000000e+00	-0.889671743,-0.053546384,-0.213056222,0.0531396046	-0.889671743,-0.053546384,-0.213056222,0.0531396046
orig	28	554	attn_norm-11	11	1024	1024	0.000000e+00	0.000000e+00	-11.2818956,-0.70822674,-3.00941753,0.8276667	-11.2818956,-0.70822674,-3.00941753,0.8276667
orig	28	555	attn_pregate-11	11	2048	2048	0.000000e+00	0.000000e+00	0.151145861,-0.0450963825,0.231342539,-0.0265922174	0.151145861,-0.0450963825,0.231342539,-0.0265922174
orig	28	556	attn_gated-11	11	2048	2048	0.000000e+00	0.000000e+00	0.00747949816,-0.00374710839,0.018884588,-0.00235200999	0.00747949816,-0.00374710839,0.018884588,-0.00235200999
orig	28	557	attn_output-11	11	1024	1024	0.000000e+00	0.000000e+00	-0.0556160733,7.32280314e-05,-0.00822224282,0.0133463144	-0.0556160733,7.32280314e-05,-0.00822224282,0.0133463144
orig	28	558	attn_residual-11	11	1024	1024	0.000000e+00	0.000000e+00	-0.945287824,-0.0534731559,-0.221278459,0.0664859191	-0.945287824,-0.0534731559,-0.221278459,0.0664859191
orig	28	559	attn_post_norm-11	11	1024	1024	0.000000e+00	0.000000e+00	-9.55428696,-0.766756177,-3.02771997,0.979444146	-9.55428696,-0.766756177,-3.02771997,0.979444146
orig	28	560	ffn_out-11	11	1024	1024	0.000000e+00	0.000000e+00	0.145775229,0.0187966898,-0.0104018329,-0.000531332567	0.145775229,0.0187966898,-0.0104018329,-0.000531332567
orig	28	561	l_out-11	11	1024	1024	0.000000e+00	0.000000e+00	-0.799512625,-0.0346764661,-0.231680289,0.0659545884	-0.799512625,-0.0346764661,-0.231680289,0.0659545884
orig	28	562	attn_norm-12	12	1024	1024	0.000000e+00	0.000000e+00	-12.7669182,-0.624739826,-4.34865427,1.32249212	-12.7669182,-0.624739826,-4.34865427,1.32249212
orig	28	563	conv_output_silu-12	12	6144	6144	0.000000e+00	0.000000e+00	-0.0115379849,-0.111473471,0.0557291843,-0.17899473	-0.0115379849,-0.111473471,0.0557291843,-0.17899473
orig	28	564	q_conv_predelta-12	12	2048	2048	0.000000e+00	0.000000e+00	-0.00787276402,-0.0760621876,0.038025938,-0.122134261	-0.00787276402,-0.0760621876,0.038025938,-0.122134261
orig	28	565	k_conv_predelta-12	12	2048	2048	0.000000e+00	0.000000e+00	0.0625781044,-0.0095088901,0.0647523031,-0.00374752656	0.0625781044,-0.0095088901,0.0647523031,-0.00374752656
orig	28	566	v_conv_predelta-12	12	2048	2048	0.000000e+00	0.000000e+00	-0.00135608041,0.00851749629,0.0148236128,-0.00162361399	-0.00135608041,0.00851749629,0.0148236128,-0.00162361399
orig	28	567	a_softplus-12	12	16	16	0.000000e+00	0.000000e+00	0.000263298658,0.00291363709,0.000516877102,0.000849362987	0.000263298658,0.00291363709,0.000516877102,0.000849362987
orig	28	568	gate-12	12	16	16	0.000000e+00	0.000000e+00	-5.30760844e-05,-0.00171954266,-5.36338339e-05,-0.000241452843	-5.30760844e-05,-0.00171954266,-5.36338339e-05,-0.000241452843
orig	28	569	beta_sigmoid-12	12	16	16	0.000000e+00	0.000000e+00	0.150392607,0.425334394,0.0768290535,0.0984402448	0.150392607,0.425334394,0.0768290535,0.0984402448
orig	28	570	state_predelta-12	12	262144	262144	0.000000e+00	0.000000e+00	-0.000602872635,0.000143206838,-0.000243687522,-0.00019395331	-0.000602872635,0.000143206838,-0.000243687522,-0.00019395331
orig	28	571	new_state-12	12	262144	262144	0.000000e+00	0.000000e+00	-0.000572919322,0.000138652627,-0.000212713683,-0.000195734872	-0.000572919322,0.000138652627,-0.000212713683,-0.000195734872
orig	28	572	attn_output-12	12	2048	2048	0.000000e+00	0.000000e+00	-5.62808636e-05,4.10983303e-05,8.29007113e-05,-0.000109444023	-5.62808636e-05,4.10983303e-05,8.29007113e-05,-0.000109444023
orig	28	573	z-12	12	2048	2048	0.000000e+00	0.000000e+00	0.0643196404,0.914227962,0.50728178,-0.0265292972	0.0643196404,0.914227962,0.50728178,-0.0265292972
orig	28	574	final_output-12	12	2048	2048	0.000000e+00	0.000000e+00	-0.00125182897,0.018868573,0.0145716118,0.000992729561	-0.00125182897,0.018868573,0.0145716118,0.000992729561
orig	28	575	linear_attn_out-12	12	1024	1024	0.000000e+00	0.000000e+00	-0.300168544,0.0159372911,0.0169313625,0.024809381	-0.300168544,0.0159372911,0.0169313625,0.024809381
orig	28	576	attn_residual-12	12	1024	1024	0.000000e+00	0.000000e+00	-1.09968114,-0.0187391751,-0.214748919,0.0907639712	-1.09968114,-0.0187391751,-0.214748919,0.0907639712
orig	28	577	attn_post_norm-12	12	1024	1024	0.000000e+00	0.000000e+00	-10.2341137,-0.269834965,-2.82878971,1.28069174	-10.2341137,-0.269834965,-2.82878971,1.28069174
orig	28	578	ffn_out-12	12	1024	1024	0.000000e+00	0.000000e+00	0.136090204,-0.0413997546,-0.0228377711,0.0189259537	0.136090204,-0.0413997546,-0.0228377711,0.0189259537
orig	28	579	l_out-12	12	1024	1024	0.000000e+00	0.000000e+00	-0.96359092,-0.0601389296,-0.237586692,0.109689921	-0.96359092,-0.0601389296,-0.237586692,0.109689921
orig	28	580	attn_norm-13	13	1024	1024	0.000000e+00	0.000000e+00	-13.8685141,-0.981146336,-3.94854593,2.03124666	-13.8685141,-0.981146336,-3.94854593,2.03124666
orig	28	581	conv_output_silu-13	13	6144	6144	0.000000e+00	0.000000e+00	-0.24457711,-0.19058457,-0.008616779,-0.0449291579	-0.24457711,-0.19058457,-0.008616779,-0.0449291579
orig	28	582	q_conv_predelta-13	13	2048	2048	0.000000e+00	0.000000e+00	-0.0811028406,-0.0631986782,-0.00285736169,-0.0148987053	-0.0811028406,-0.0631986782,-0.00285736169,-0.0148987053
orig	28	583	k_conv_predelta-13	13	2048	2048	0.000000e+00	0.000000e+00	-0.00513426168,-0.012739568,0.63671124,-0.014056229	-0.00513426168,-0.012739568,0.63671124,-0.014056229
orig	28	584	v_conv_predelta-13	13	2048	2048	0.000000e+00	0.000000e+00	0.00158990268,0.00134884985,-0.0132655902,-0.00703889923	0.00158990268,0.00134884985,-0.0132655902,-0.00703889923
orig	28	585	a_softplus-13	13	16	16	0.000000e+00	0.000000e+00	0.00103479705,0.0886124223,0.362527281,0.00544007402	0.00103479705,0.0886124223,0.362527281,0.00544007402
orig	28	586	gate-13	13	16	16	0.000000e+00	0.000000e+00	-0.000278511841,-0.101992279,-0.182290167,-0.0013022651	-0.000278511841,-0.101992279,-0.182290167,-0.0013022651
orig	28	587	beta_sigmoid-13	13	16	16	0.000000e+00	0.000000e+00	0.255849063,0.495924115,0.442525715,0.232767001	0.255849063,0.495924115,0.442525715,0.232767001
orig	28	588	state_predelta-13	13	262144	262144	0.000000e+00	0.000000e+00	0.000327392685,0.000460605603,0.000186953053,-9.10941744e-05	0.000327392685,0.000460605603,0.000186953053,-9.10941744e-05
orig	28	589	new_state-13	13	262144	262144	0.000000e+00	0.000000e+00	0.000324704451,0.000454033347,0.000508965575,-9.81788035e-05	0.000324704451,0.000454033347,0.000508965575,-9.81788035e-05
orig	28	590	attn_output-13	13	2048	2048	0.000000e+00	0.000000e+00	2.27587389e-05,1.18064117e-05,-2.37068689e-05,-3.60867234e-05	2.27587389e-05,1.18064117e-05,-2.37068689e-05,-3.60867234e-05
orig	28	591	z-13	13	2048	2048	0.000000e+00	0.000000e+00	0.343717247,1.21878898,-0.226307392,1.47855783	0.343717247,1.21878898,-0.226307392,1.47855783
orig	28	592	final_output-13	13	2048	2048	0.000000e+00	0.000000e+00	0.00457433704,0.0111820661,0.00238166074,-0.0424661674	0.00457433704,0.0111820661,0.00238166074,-0.0424661674
orig	28	593	linear_attn_out-13	13	1024	1024	0.000000e+00	0.000000e+00	-0.190298989,-0.00840401091,0.0234761462,0.00265823491	-0.190298989,-0.00840401091,0.0234761462,0.00265823491
orig	28	594	attn_residual-13	13	1024	1024	0.000000e+00	0.000000e+00	-1.15388989,-0.0685429424,-0.214110553,0.112348154	-1.15388989,-0.0685429424,-0.214110553,0.112348154
orig	28	595	attn_post_norm-13	13	1024	1024	0.000000e+00	0.000000e+00	-10.7083902,-0.962010682,-2.7733748,1.45033371	-10.7083902,-0.962010682,-2.7733748,1.45033371
orig	28	596	ffn_out-13	13	1024	1024	0.000000e+00	0.000000e+00	0.089046225,0.000976750627,-0.00237834547,-0.0122518353	0.089046225,0.000976750627,-0.00237834547,-0.0122518353
orig	28	597	l_out-13	13	1024	1024	0.000000e+00	0.000000e+00	-1.06484365,-0.0675661936,-0.216488898,0.100096315	-1.06484365,-0.0675661936,-0.216488898,0.100096315
orig	28	598	attn_norm-14	14	1024	1024	0.000000e+00	0.000000e+00	-14.402998,-1.03174567,-3.06833053,1.64707494	-14.402998,-1.03174567,-3.06833053,1.64707494
orig	28	599	conv_output_silu-14	14	6144	6144	0.000000e+00	0.000000e+00	-0.185617507,-0.0542343482,-0.24190627,-0.222483337	-0.185617507,-0.0542343482,-0.24190627,-0.222483337
orig	28	600	q_conv_predelta-14	14	2048	2048	0.000000e+00	0.000000e+00	-0.0433497354,-0.0126660718,-0.0564955994,-0.0519595034	-0.0433497354,-0.0126660718,-0.0564955994,-0.0519595034
orig	28	601	k_conv_predelta-14	14	2048	2048	0.000000e+00	0.000000e+00	-0.0092264656,-0.0501781814,-0.0317735262,0.0037616177	-0.0092264656,-0.0501781814,-0.0317735262,0.0037616177
orig	28	602	v_conv_predelta-14	14	2048	2048	0.000000e+00	0.000000e+00	0.00887933467,0.000551674748,0.0135307685,0.00124768936	0.00887933467,0.000551674748,0.0135307685,0.00124768936
orig	28	603	a_softplus-14	14	16	16	0.000000e+00	0.000000e+00	0.0249614436,0.00408849632,0.00593945291,0.000177010123	0.0249614436,0.00408849632,0.00593945291,0.000177010123
orig	28	604	gate-14	14	16	16	0.000000e+00	0.000000e+00	-0.00785446633,-0.00068325625,-0.00394880865,-0.000532599341	-0.00785446633,-0.00068325625,-0.00394880865,-0.000532599341
orig	28	605	beta_sigmoid-14	14	16	16	0.000000e+00	0.000000e+00	0.501125932,0.129986495,0.286459208,0.214612797	0.501125932,0.129986495,0.286459208,0.214612797
orig	28	606	state_predelta-14	14	262144	262144	0.000000e+00	0.000000e+00	-0.00215508346,-0.00972208008,-0.00125938782,-0.00301198312	-0.00215508346,-0.00972208008,-0.00125938782,-0.00301198312
orig	28	607	new_state-14	14	262144	262144	0.000000e+00	0.000000e+00	-0.00215072767,-0.00971402414,-0.00129259797,-0.00298332004	-0.00215072767,-0.00971402414,-0.00129259797,-0.00298332004
orig	28	608	attn_output-14	14	2048	2048	0.000000e+00	0.000000e+00	1.21721505e-05,8.15532439e-06,7.77511741e-06,-9.88594547e-06	1.21721505e-05,8.15532439e-06,7.77511741e-06,-9.88594547e-06
orig	28	609	z-14	14	2048	2048	0.000000e+00	0.000000e+00	-0.0582280904,1.11866188,1.28519964,1.41388404	-0.0582280904,1.11866188,1.28519964,1.41388404
orig	28	610	final_output-14	14	2048	2048	0.000000e+00	0.000000e+00	-0.000361092476,0.00686607556,0.00785700046,-0.0102698542	-0.000361092476,0.00686607556,0.00785700046,-0.0102698542
orig	28	611	linear_attn_out-14	14	1024	1024	0.000000e+00	0.000000e+00	0.233566821,-0.0491480082,-0.0133349225,0.000277081504	0.233566821,-0.0491480082,-0.0133349225,0.000277081504
orig	28	612	attn_residual-14	14	1024	1024	0.000000e+00	0.000000e+00	-0.831276834,-0.116714202,-0.229823828,0.100373395	-0.831276834,-0.116714202,-0.229823828,0.100373395
orig	28	613	attn_post_norm-14	14	1024	1024	0.000000e+00	0.000000e+00	-7.79384232,-1.53471553,-2.83577538,1.20189238	-7.79384232,-1.53471553,-2.83577538,1.20189238
orig	28	614	ffn_out-14	14	1024	1024	0.000000e+00	0.000000e+00	0.257919192,0.0248017199,-0.0266890898,-0.0237359889	0.257919192,0.0248017199,-0.0266890898,-0.0237359889
orig	28	615	l_out-14	14	1024	1024	0.000000e+00	0.000000e+00	-0.573357642,-0.0919124782,-0.25651291,0.0766374022	-0.573357642,-0.0919124782,-0.25651291,0.0766374022
orig	28	616	attn_norm-15	15	1024	1024	0.000000e+00	0.000000e+00	-5.1777463,-0.927720726,-2.58347821,0.767474413	-5.1777463,-0.927720726,-2.58347821,0.767474413
orig	28	617	attn_pregate-15	15	2048	2048	0.000000e+00	0.000000e+00	-0.249241933,0.215104029,0.240920737,0.130373538	-0.249241933,0.215104029,0.240920737,0.130373538
orig	28	618	attn_gated-15	15	2048	2048	0.000000e+00	0.000000e+00	-0.0207171254,0.0162655003,0.00254596514,0.0327514447	-0.0207171254,0.0162655003,0.00254596514,0.0327514447
orig	28	619	attn_output-15	15	1024	1024	0.000000e+00	0.000000e+00	-0.26784426,-0.0259658545,-0.0815073103,0.0790624917	-0.26784426,-0.0259658545,-0.0815073103,0.0790624917
orig	28	620	attn_residual-15	15	1024	1024	0.000000e+00	0.000000e+00	-0.841201901,-0.117878333,-0.338020205,0.155699894	-0.841201901,-0.117878333,-0.338020205,0.155699894
orig	28	621	attn_post_norm-15	15	1024	1024	0.000000e+00	0.000000e+00	-6.26926947,-1.38914406,-3.79894781,1.62375319	-6.26926947,-1.38914406,-3.79894781,1.62375319
orig	28	622	ffn_out-15	15	1024	1024	0.000000e+00	0.000000e+00	0.0562952161,0.0389623605,0.105007961,0.0434729978	0.0562952161,0.0389623605,0.105007961,0.0434729978
orig	28	623	l_out-15	15	1024	1024	0.000000e+00	0.000000e+00	-0.784906685,-0.0789159685,-0.233012244,0.199172884	-0.784906685,-0.0789159685,-0.233012244,0.199172884
orig	28	624	attn_norm-16	16	1024	1024	0.000000e+00	0.000000e+00	-7.4843626,-1.08229125,-2.66180706,2.54902887	-7.4843626,-1.08229125,-2.66180706,2.54902887
orig	28	625	conv_output_silu-16	16	6144	6144	0.000000e+00	0.000000e+00	-0.0533114634,0.134913757,0.109482683,-0.171837181	-0.0533114634,0.134913757,0.109482683,-0.171837181
orig	28	626	q_conv_predelta-16	16	2048	2048	0.000000e+00	0.000000e+00	-0.0039512217,0.00999924075,0.00811439659,-0.0127358502	-0.0039512217,0.00999924075,0.00811439659,-0.0127358502
orig	28	627	k_conv_predelta-16	16	2048	2048	0.000000e+00	0.000000e+00	0.0846972018,0.0368597694,0.0755008757,-0.0330478102	0.0846972018,0.0368597694,0.0755008757,-0.0330478102
orig	28	628	v_conv_predelta-16	16	2048	2048	0.000000e+00	0.000000e+00	-0.277278155,-0.000867798924,0.878570139,-0.0558791757	-0.277278155,-0.000867798924,0.878570139,-0.0558791757
orig	28	629	a_softplus-16	16	16	16	0.000000e+00	0.000000e+00	0.000133147914,0.00985270645,0.00103443989,0.042461466	0.000133147914,0.00985270645,0.00103443989,0.042461466
orig	28	630	gate-16	16	16	16	0.000000e+00	0.000000e+00	-2.70506407e-05,-0.00399643416,-0.000123546226,-0.00918293651	-2.70506407e-05,-0.00399643416,-0.000123546226,-0.00918293651
orig	28	631	beta_sigmoid-16	16	16	16	0.000000e+00	0.000000e+00	0.102955446,0.308447719,0.49402675,0.213240102	0.102955446,0.308447719,0.49402675,0.213240102
orig	28	632	state_predelta-16	16	262144	262144	0.000000e+00	0.000000e+00	-0.0270139966,-0.006666556,-0.00221748161,0.0337607861	-0.0270139966,-0.006666556,-0.00221748161,0.0337607861
orig	28	633	new_state-16	16	262144	262144	0.000000e+00	0.000000e+00	-0.0279324856,-0.00706641562,-0.0030368336,0.0341185406	-0.0279324856,-0.00706641562,-0.0030368336,0.0341185406
orig	28	634	attn_output-16	16	2048	2048	0.000000e+00	0.000000e+00	-0.0042688665,-0.000100443103,0.00906938687,-0.000335664692	-0.0042688665,-0.000100443103,0.00906938687,-0.000335664692
orig	28	635	z-16	16	2048	2048	0.000000e+00	0.000000e+00	-0.585023224,-0.0744126141,-7.11046171,-0.0600153804	-0.585023224,-0.0744126141,-7.11046171,-0.0600153804
orig	28	636	final_output-16	16	2048	2048	0.000000e+00	0.000000e+00	0.181527182,0.000756129972,-0.0123449191,0.00201637181	0.181527182,0.000756129972,-0.0123449191,0.00201637181
orig	28	637	linear_attn_out-16	16	1024	1024	0.000000e+00	0.000000e+00	-0.476281941,-0.0459903702,-0.171131909,0.0769645795	-0.476281941,-0.0459903702,-0.171131909,0.0769645795
orig	28	638	attn_residual-16	16	1024	1024	0.000000e+00	0.000000e+00	-1.26118863,-0.124906339,-0.404144168,0.276137471	-1.26118863,-0.124906339,-0.404144168,0.276137471
orig	28	639	attn_post_norm-16	16	1024	1024	0.000000e+00	0.000000e+00	-7.5278511,-1.2552861,-3.97552562,2.2694931	-7.5278511,-1.2552861,-3.97552562,2.2694931
orig	28	640	ffn_out-16	16	1024	1024	0.000000e+00	0.000000e+00	0.225225031,0.0340355523,-0.0265827253,0.222518891	0.225225031,0.0340355523,-0.0265827253,0.222518891
orig	28	641	l_out-16	16	1024	1024	0.000000e+00	0.000000e+00	-1.03596354,-0.0908707827,-0.430726886,0.498656362	-1.03596354,-0.0908707827,-0.430726886,0.498656362
orig	28	642	attn_norm-17	17	1024	1024	0.000000e+00	0.000000e+00	-8.98506641,-1.05957842,-4.69509268,5.29182196	-8.98506641,-1.05957842,-4.69509268,5.29182196
orig	28	643	conv_output_silu-17	17	6144	6144	0.000000e+00	0.000000e+00	-0.200652659,0.0139287952,-0.172167182,-0.013073191	-0.200652659,0.0139287952,-0.172167182,-0.013073191
orig	28	644	q_conv_predelta-17	17	2048	2048	0.000000e+00	0.000000e+00	-0.0157782994,0.00109528925,-0.0135383476,-0.00102800888	-0.0157782994,0.00109528925,-0.0135383476,-0.00102800888
orig	28	645	k_conv_predelta-17	17	2048	2048	0.000000e+00	0.000000e+00	-0.0227209758,-0.0528275296,-0.0453931615,-0.0569717214	-0.0227209758,-0.0528275296,-0.0453931615,-0.0569717214
orig	28	646	v_conv_predelta-17	17	2048	2048	0.000000e+00	0.000000e+00	-0.0899752825,-0.25764218,0.0161948912,-0.267395854	-0.0899752825,-0.25764218,0.0161948912,-0.267395854
orig	28	647	a_softplus-17	17	16	16	0.000000e+00	0.000000e+00	0.000817084219,0.00197430141,0.118193775,0.0245093983	0.000817084219,0.00197430141,0.118193775,0.0245093983
orig	28	648	gate-17	17	16	16	0.000000e+00	0.000000e+00	-0.000192564214,-0.000511019316,-0.0298840664,-0.00853665452	-0.000192564214,-0.000511019316,-0.0298840664,-0.00853665452
orig	28	649	beta_sigmoid-17	17	16	16	0.000000e+00	0.000000e+00	0.426629007,0.0389422476,0.813383222,0.306803286	0.426629007,0.0389422476,0.813383222,0.306803286
orig	28	650	state_predelta-17	17	262144	262144	0.000000e+00	0.000000e+00	0.00296234502,0.0280204751,0.016885275,0.0210120268	0.00296234502,0.0280204751,0.016885275,0.0210120268
orig	28	651	new_state-17	17	262144	262144	0.000000e+00	0.000000e+00	0.00277695921,0.0275853742,0.0165127907,0.0205445662	0.00277695921,0.0275853742,0.0165127907,0.0205445662
orig	28	652	attn_output-17	17	2048	2048	0.000000e+00	0.000000e+00	-0.000342737825,-0.000685945153,4.58130744e-05,-0.000576936989	-0.000342737825,-0.000685945153,4.58130744e-05,-0.000576936989
orig	28	653	z-17	17	2048	2048	0.000000e+00	0.000000e+00	0.307972789,-0.374717534,-1.16224384,-1.71582222	0.307972789,-0.374717534,-1.16224384,-1.71582222
orig	28	654	final_output-17	17	2048	2048	0.000000e+00	0.000000e+00	-0.0373392664,0.071104385,-0.00596371526,0.0912046582	-0.0373392664,0.071104385,-0.00596371526,0.0912046582
orig	28	655	linear_attn_out-17	17	1024	1024	0.000000e+00	0.000000e+00	-0.645369232,-0.0013660118,-0.0021430552,0.0490975678	-0.645369232,-0.0013660118,-0.0021430552,0.0490975678
orig	28	656	attn_residual-17	17	1024	1024	0.000000e+00	0.000000e+00	-1.68133283,-0.0922367945,-0.432869941,0.54775393	-1.68133283,-0.0922367945,-0.432869941,0.54775393
orig	28	657	attn_post_norm-17	17	1024	1024	0.000000e+00	0.000000e+00	-8.26447392,-0.795096219,-3.60039115,4.00551081	-8.26447392,-0.795096219,-3.60039115,4.00551081
orig	28	658	ffn_out-17	17	1024	1024	0.000000e+00	0.000000e+00	0.0509794876,0.0154553438,-0.0414784029,0.176851615	0.0509794876,0.0154553438,-0.0414784029,0.176851615
orig	28	659	l_out-17	17	1024	1024	0.000000e+00	0.000000e+00	-1.63035333,-0.0767814517,-0.474348336,0.72460556	-1.63035333,-0.0767814517,-0.474348336,0.72460556
orig	28	660	attn_norm-18	18	1024	1024	0.000000e+00	0.000000e+00	-12.9757147,-0.804113925,-4.78089762,7.10174179	-12.9757147,-0.804113925,-4.78089762,7.10174179
orig	28	661	conv_output_silu-18	18	6144	6144	0.000000e+00	0.000000e+00	-0.13146244,-0.253188968,-0.0884656012,-0.127856135	-0.13146244,-0.253188968,-0.0884656012,-0.127856135
orig	28	662	q_conv_predelta-18	18	2048	2048	0.000000e+00	0.000000e+00	-0.0339333192,-0.0653535873,-0.0228348989,-0.0330024511	-0.0339333192,-0.0653535873,-0.0228348989,-0.0330024511
orig	28	663	k_conv_predelta-18	18	2048	2048	0.000000e+00	0.000000e+00	-0.0333168097,-0.0592868291,-0.0721446052,-0.0642738119	-0.0333168097,-0.0592868291,-0.0721446052,-0.0642738119
orig	28	664	v_conv_predelta-18	18	2048	2048	0.000000e+00	0.000000e+00	0.010964063,-0.255990595,0.00698810304,-0.21863538	0.010964063,-0.255990595,0.00698810304,-0.21863538
orig	28	665	a_softplus-18	18	16	16	0.000000e+00	0.000000e+00	3.11131407e-05,0.694358826,0.00317010935,0.450006902	3.11131407e-05,0.694358826,0.00317010935,0.450006902
orig	28	666	gate-18	18	16	16	0.000000e+00	0.000000e+00	-1.29698865e-05,-0.139969751,-0.000944432162,-0.121117719	-1.29698865e-05,-0.139969751,-0.000944432162,-0.121117719
orig	28	667	beta_sigmoid-18	18	16	16	0.000000e+00	0.000000e+00	0.17767255,0.818116963,0.211591855,0.853201687	0.17767255,0.818116963,0.211591855,0.853201687
orig	28	668	state_predelta-18	18	262144	262144	0.000000e+00	0.000000e+00	0.00866354816,0.00190619915,-0.0026799757,0.0109562352	0.00866354816,0.00190619915,-0.0026799757,0.0109562352
orig	28	669	new_state-18	18	262144	262144	0.000000e+00	0.000000e+00	0.00843569729,0.0015009176,-0.00317308726,0.0105167469	0.00843569729,0.0015009176,-0.00317308726,0.0105167469
orig	28	670	attn_output-18	18	2048	2048	0.000000e+00	0.000000e+00	-0.000774436805,-0.0061719534,2.04708176e-05,-0.0111220134	-0.000774436805,-0.0061719534,2.04708176e-05,-0.0111220134
orig	28	671	z-18	18	2048	2048	0.000000e+00	0.000000e+00	-2.14829731,0.0168936253,-0.972720802,-2.03069353	-2.14829731,0.0168936253,-0.972720802,-2.03069353
orig	28	672	final_output-18	18	2048	2048	0.000000e+00	0.000000e+00	0.00558853522,-0.00197722903,-0.000187635829,0.0856499523	0.00558853522,-0.00197722903,-0.000187635829,0.0856499523
orig	28	673	linear_attn_out-18	18	1024	1024	0.000000e+00	0.000000e+00	-0.781493306,0.0225685444,0.0579908192,0.0350882821	-0.781493306,0.0225685444,0.0579908192,0.0350882821
orig	28	674	attn_residual-18	18	1024	1024	0.000000e+00	0.000000e+00	-2.41184664,-0.0542129055,-0.416357517,0.759693861	-2.41184664,-0.0542129055,-0.416357517,0.759693861
orig	28	675	attn_post_norm-18	18	1024	1024	0.000000e+00	0.000000e+00	-11.8203402,-0.412985116,-3.22446012,5.04177904	-11.8203402,-0.412985116,-3.22446012,5.04177904
orig	28	676	ffn_out-18	18	1024	1024	0.000000e+00	0.000000e+00	-0.120439582,0.0504381247,-0.047498215,0.148006842	-0.120439582,0.0504381247,-0.047498215,0.148006842
orig	28	677	l_out-18	18	1024	1024	0.000000e+00	0.000000e+00	-2.53228617,-0.00377478078,-0.463855743,0.907700717	-2.53228617,-0.00377478078,-0.463855743,0.907700717
orig	28	678	attn_norm-19	19	1024	1024	0.000000e+00	0.000000e+00	-12.6662302,-0.0210002419,-2.65981221,5.14644861	-12.6662302,-0.0210002419,-2.65981221,5.14644861
orig	28	679	attn_pregate-19	19	2048	2048	0.000000e+00	0.000000e+00	-0.105903998,-0.128961548,-0.274164051,0.367653161	-0.105903998,-0.128961548,-0.274164051,0.367653161
orig	28	680	attn_gated-19	19	2048	2048	0.000000e+00	0.000000e+00	-0.0073118275,-0.0128512895,-0.0270599891,0.0259440448	-0.0073118275,-0.0128512895,-0.0270599891,0.0259440448
orig	28	681	attn_output-19	19	1024	1024	0.000000e+00	0.000000e+00	-0.417872667,-0.0295018852,-0.134722859,0.36820069	-0.417872667,-0.0295018852,-0.134722859,0.36820069
orig	28	682	attn_residual-19	19	1024	1024	0.000000e+00	0.000000e+00	-2.95015883,-0.033276666,-0.598578572,1.27590144	-2.95015883,-0.033276666,-0.598578572,1.27590144
orig	28	683	attn_post_norm-19	19	1024	1024	0.000000e+00	0.000000e+00	-13.8422308,-0.231107429,-3.8008194,6.73328638	-13.8422308,-0.231107429,-3.8008194,6.73328638
orig	28	684	ffn_out-19	19	1024	1024	0.000000e+00	0.000000e+00	0.644663632,0.0331581049,-0.064722687,-0.219453245	0.644663632,0.0331581049,-0.064722687,-0.219453245
orig	28	685	l_out-19	19	1024	1024	0.000000e+00	0.000000e+00	-2.30549526,-0.000118561089,-0.663301229,1.05644822	-2.30549526,-0.000118561089,-0.663301229,1.05644822
orig	28	686	attn_norm-20	20	1024	1024	0.000000e+00	0.000000e+00	-13.3450146,-0.000964063744,-5.02637959,7.16872311	-13.3450146,-0.000964063744,-5.02637959,7.16872311
orig	28	687	conv_output_silu-20	20	6144	6144	0.000000e+00	0.000000e+00	-0.0225913171,-0.156157121,-0.20544596,0.0911047384	-0.0225913171,-0.156157121,-0.20544596,0.0911047384
orig	28	688	q_conv_predelta-20	20	2048	2048	0.000000e+00	0.000000e+00	-0.00520725269,-0.0359939002,-0.047354877,0.0209994577	-0.00520725269,-0.0359939002,-0.047354877,0.0209994577
orig	28	689	k_conv_predelta-20	20	2048	2048	0.000000e+00	0.000000e+00	-0.0390358716,-0.0183768068,-0.000466034311,-0.0480917729	-0.0390358716,-0.0183768068,-0.000466034311,-0.0480917729
orig	28	690	v_conv_predelta-20	20	2048	2048	0.000000e+00	0.000000e+00	-0.0953221247,0.0793726966,0.0344707482,0.0202280376	-0.0953221247,0.0793726966,0.0344707482,0.0202280376
orig	28	691	a_softplus-20	20	16	16	0.000000e+00	0.000000e+00	0.0388989896,0.0295929164,0.0123605179,0.192095816	0.0388989896,0.0295929164,0.0123605179,0.192095816
orig	28	692	gate-20	20	16	16	0.000000e+00	0.000000e+00	-0.00867953803,-0.00514247781,-0.00225101761,-0.0550363734	-0.00867953803,-0.00514247781,-0.00225101761,-0.0550363734
orig	28	693	beta_sigmoid-20	20	16	16	0.000000e+00	0.000000e+00	0.947267413,0.985690534,0.903468072,0.336959124	0.947267413,0.985690534,0.903468072,0.336959124
orig	28	694	state_predelta-20	20	262144	262144	0.000000e+00	0.000000e+00	0.00721364561,0.00256905053,-0.000730658998,0.0104246801	0.00721364561,0.00256905053,-0.000730658998,0.0104246801
orig	28	695	new_state-20	20	262144	262144	0.000000e+00	0.000000e+00	0.00565762585,0.00184367364,-0.00074217713,0.00849439297	0.00565762585,0.00184367364,-0.00074217713,0.00849439297
orig	28	696	attn_output-20	20	2048	2048	0.000000e+00	0.000000e+00	-0.00681803701,0.005568719,0.00234758668,0.00157093513	-0.00681803701,0.005568719,0.00234758668,0.00157093513
orig	28	697	z-20	20	2048	2048	0.000000e+00	0.000000e+00	0.202752978,-2.93263555,1.13586974,1.55573702	0.202752978,-2.93263555,1.13586974,1.55573702
orig	28	698	final_output-20	20	2048	2048	0.000000e+00	0.000000e+00	-0.0373360515,-0.0428640544,0.0957371593,0.0891541764	-0.0373360515,-0.0428640544,0.0957371593,0.0891541764
orig	28	699	linear_attn_out-20	20	1024	1024	0.000000e+00	0.000000e+00	-2.11762547,-0.00213114917,-0.0391888618,0.551483035	-2.11762547,-0.00213114917,-0.0391888618,0.551483035
orig	28	700	attn_residual-20	20	1024	1024	0.000000e+00	0.000000e+00	-4.4231205,-0.00224971026,-0.702490091,1.60793126	-4.4231205,-0.00224971026,-0.702490091,1.60793126
orig	28	701	attn_post_norm-20	20	1024	1024	0.000000e+00	0.000000e+00	-14.7977419,-0.0131889656,-4.16778088,7.43438625	-14.7977419,-0.0131889656,-4.16778088,7.43438625
orig	28	702	ffn_out-20	20	1024	1024	0.000000e+00	0.000000e+00	0.350739866,0.0275562406,-0.1441755,-0.0143855661	0.350739866,0.0275562406,-0.1441755,-0.0143855661
orig	28	703	l_out-20	20	1024	1024	0.000000e+00	0.000000e+00	-4.07238054,0.0253065303,-0.846665621,1.59354568	-4.07238054,0.0253065303,-0.846665621,1.59354568
orig	28	704	attn_norm-21	21	1024	1024	0.000000e+00	0.000000e+00	-18.5220432,0.176718324,-5.39373207,9.44407845	-18.5220432,0.176718324,-5.39373207,9.44407845
orig	28	705	conv_output_silu-21	21	6144	6144	0.000000e+00	0.000000e+00	-0.0101829963,-0.184943512,-0.229517564,-0.109510638	-0.0101829963,-0.184943512,-0.229517564,-0.109510638
orig	28	706	q_conv_predelta-21	21	2048	2048	0.000000e+00	0.000000e+00	-0.00117264327,-0.0212975405,-0.0264305547,-0.012610916	-0.00117264327,-0.0212975405,-0.0264305547,-0.012610916
orig	28	707	k_conv_predelta-21	21	2048	2048	0.000000e+00	0.000000e+00	-0.0100268191,-0.00444598636,0.0212645158,-0.0334673747	-0.0100268191,-0.00444598636,0.0212645158,-0.0334673747
orig	28	708	v_conv_predelta-21	21	2048	2048	0.000000e+00	0.000000e+00	-0.0177178159,-0.043024648,-0.137103915,-0.0157916807	-0.0177178159,-0.043024648,-0.137103915,-0.0157916807
orig	28	709	a_softplus-21	21	16	16	0.000000e+00	0.000000e+00	0.0816545114,1.64842319,0.000236244901,0.452899396	0.0816545114,1.64842319,0.000236244901,0.452899396
orig	28	710	gate-21	21	16	16	0.000000e+00	0.000000e+00	-0.0241370276,-0.426670492,-8.82782697e-05,-0.214771852	-0.0241370276,-0.426670492,-8.82782697e-05,-0.214771852
orig	28	711	beta_sigmoid-21	21	16	16	0.000000e+00	0.000000e+00	0.574545741,0.915172458,0.335080802,0.846434355	0.574545741,0.915172458,0.335080802,0.846434355
orig	28	712	state_predelta-21	21	262144	262144	0.000000e+00	0.000000e+00	-0.00203103013,0.000716236711,-0.000112348651,-0.000150357577	-0.00203103013,0.000716236711,-0.000112348651,-0.000150357577
orig	28	713	new_state-21	21	262144	262144	0.000000e+00	0.000000e+00	-0.00212246133,0.000637137331,0.000186956313,-0.000613619166	-0.00212246133,0.000637137331,0.000186956313,-0.000613619166
orig	28	714	attn_output-21	21	2048	2048	0.000000e+00	0.000000e+00	-8.25236275e-05,-9.65989166e-05,-0.00036373784,-6.16802063e-05	-8.25236275e-05,-9.65989166e-05,-0.00036373784,-6.16802063e-05
orig	28	715	z-21	21	2048	2048	0.000000e+00	0.000000e+00	-0.455813468,-1.61522269,-1.96401548,-1.60205436	-0.455813468,-1.61522269,-1.96401548,-1.60205436
orig	28	716	final_output-21	21	2048	2048	0.000000e+00	0.000000e+00	0.0115806237,0.0169541668,0.0629327223,0.0147431847	0.0115806237,0.0169541668,0.0629327223,0.0147431847
orig	28	717	linear_attn_out-21	21	1024	1024	0.000000e+00	0.000000e+00	-0.77962482,-0.00957162678,0.0269164741,0.184070289	-0.77962482,-0.00957162678,0.0269164741,0.184070289
orig	28	718	attn_residual-21	21	1024	1024	0.000000e+00	0.000000e+00	-4.85200548,0.0157349035,-0.819749117,1.77761602	-4.85200548,0.0157349035,-0.819749117,1.77761602
orig	28	719	attn_post_norm-21	21	1024	1024	0.000000e+00	0.000000e+00	-15.2848501,0.0856847614,-4.40507078,7.63676548	-15.2848501,0.0856847614,-4.40507078,7.63676548
orig	28	720	ffn_out-21	21	1024	1024	0.000000e+00	0.000000e+00	0.494166553,0.0373820513,-0.0147977564,0.0198533628	0.494166553,0.0373820513,-0.0147977564,0.0198533628
orig	28	721	l_out-21	21	1024	1024	0.000000e+00	0.000000e+00	-4.35783911,0.0531169549,-0.834546864,1.79746938	-4.35783911,0.0531169549,-0.834546864,1.79746938
orig	28	722	attn_norm-22	22	1024	1024	0.000000e+00	0.000000e+00	-17.7487831,0.310367823,-4.48670769,9.65087605	-17.7487831,0.310367823,-4.48670769,9.65087605
orig	28	723	conv_output_silu-22	22	6144	6144	0.000000e+00	0.000000e+00	-0.147421435,-0.000804821611,0.0466892757,0.098925367	-0.147421435,-0.000804821611,0.0466892757,0.098925367
orig	28	724	q_conv_predelta-22	22	2048	2048	0.000000e+00	0.000000e+00	-0.0262573119,-0.000143347221,0.00831585284,0.0176196508	-0.0262573119,-0.000143347221,0.00831585284,0.0176196508
orig	28	725	k_conv_predelta-22	22	2048	2048	0.000000e+00	0.000000e+00	-0.0130775832,-0.092527017,-0.0729173049,0.0214822553	-0.0130775832,-0.092527017,-0.0729173049,0.0214822553
orig	28	726	v_conv_predelta-22	22	2048	2048	0.000000e+00	0.000000e+00	-0.00369104696,-0.00772908516,-0.000249775127,-0.042716641	-0.00369104696,-0.00772908516,-0.000249775127,-0.042716641
orig	28	727	a_softplus-22	22	16	16	0.000000e+00	0.000000e+00	0.376477063,2.38029242,3.30183983,0.00946935546	0.376477063,2.38029242,3.30183983,0.00946935546
orig	28	728	gate-22	22	16	16	0.000000e+00	0.000000e+00	-0.0696412548,-0.539478898,-2.16539955,-0.00177923916	-0.0696412548,-0.539478898,-2.16539955,-0.00177923916
orig	28	729	beta_sigmoid-22	22	16	16	0.000000e+00	0.000000e+00	0.722749352,0.93266499,0.930790901,0.160427034	0.722749352,0.93266499,0.930790901,0.160427034
orig	28	730	state_predelta-22	22	262144	262144	0.000000e+00	0.000000e+00	-0.00016048312,-0.000750692736,-0.000867144263,0.000116240844	-0.00016048312,-0.000750692736,-0.000867144263,0.000116240844
orig	28	731	new_state-22	22	262144	262144	0.000000e+00	0.000000e+00	-0.000104163977,-0.000378105062,-0.000554984319,3.36412122e-05	-0.000104163977,-0.000378105062,-0.000554984319,3.36412122e-05
orig	28	732	attn_output-22	22	2048	2048	0.000000e+00	0.000000e+00	-1.85945664e-05,-7.49734609e-05,7.95624874e-05,-0.000328055699	-1.85945664e-05,-7.49734609e-05,7.95624874e-05,-0.000328055699
orig	28	733	z-22	22	2048	2048	0.000000e+00	0.000000e+00	1.98602104,-1.00485373,-3.8576355,-0.862671256	1.98602104,-1.00485373,-3.8576355,-0.862671256
orig	28	734	final_output-22	22	2048	2048	0.000000e+00	0.000000e+00	-0.0351169631,0.0197335146,-0.0064616357,0.0770303681	-0.0351169631,0.0197335146,-0.0064616357,0.0770303681
orig	28	735	linear_attn_out-22	22	1024	1024	0.000000e+00	0.000000e+00	-0.338592976,-0.112842828,-0.0718225017,-0.0476904511	-0.338592976,-0.112842828,-0.0718225017,-0.0476904511
orig	28	736	attn_residual-22	22	1024	1024	0.000000e+00	0.000000e+00	-4.69643211,-0.0597258732,-0.906369388,1.74977899	-4.69643211,-0.0597258732,-0.906369388,1.74977899
orig	28	737	attn_post_norm-22	22	1024	1024	0.000000e+00	0.000000e+00	-16.0941563,-0.295298904,-4.40150118,6.98623943	-16.0941563,-0.295298904,-4.40150118,6.98623943
orig	28	738	ffn_out-22	22	1024	1024	0.000000e+00	0.000000e+00	0.342374831,0.0170442909,0.192958355,-0.21653682	0.342374831,0.0170442909,0.192958355,-0.21653682
orig	28	739	l_out-22	22	1024	1024	0.000000e+00	0.000000e+00	-4.35405731,-0.0426815823,-0.713411033,1.53324223	-4.35405731,-0.0426815823,-0.713411033,1.53324223
orig	28	740	attn_norm-23	23	1024	1024	0.000000e+00	0.000000e+00	-15.6157045,-0.196005836,-3.38539028,5.93899775	-15.6157045,-0.196005836,-3.38539028,5.93899775
orig	28	741	attn_pregate-23	23	2048	2048	0.000000e+00	0.000000e+00	-6.7858243,0.0836462229,0.015156053,-0.0125094298	-6.7858243,0.0836462229,0.015156053,-0.0125094298
orig	28	742	attn_gated-23	23	2048	2048	0.000000e+00	0.000000e+00	-0.741183996,0.00875442754,0.00183277368,-0.000832624035	-0.741183996,0.00875442754,0.00183277368,-0.000832624035
orig	28	743	attn_output-23	23	1024	1024	0.000000e+00	0.000000e+00	-0.251719236,0.131044954,0.23172617,-0.170764506	-0.251719236,0.131044954,0.23172617,-0.170764506
orig	28	744	attn_residual-23	23	1024	1024	0.000000e+00	0.000000e+00	-4.60577679,0.0883633718,-0.481684864,1.36247778	-4.60577679,0.0883633718,-0.481684864,1.36247778
orig	28	745	attn_post_norm-23	23	1024	1024	0.000000e+00	0.000000e+00	-16.9259987,0.392541945,-1.96869886,5.20910454	-16.9259987,0.392541945,-1.96869886,5.20910454
orig	28	746	ffn_out-23	23	1024	1024	0.000000e+00	0.000000e+00	3.75571513,0.233653843,0.276879907,-1.00319564	3.75571513,0.233653843,0.276879907,-1.00319564
orig	28	747	l_out-23	23	1024	1024	0.000000e+00	0.000000e+00	-0.850061655,0.322017223,-0.204804957,0.359282136	-0.850061655,0.322017223,-0.204804957,0.359282136
orig	28	748	result_norm	-1	1024	1024	0.000000e+00	0.000000e+00	-0.554178715,3.53569579,-2.1831367,4.27359676	-0.554178715,3.53569579,-2.1831367,4.27359676
orig	28	749	result_output	-1	248320	248320	0.000000e+00	0.000000e+00	5.23470402,5.69446611,1.61072624,4.10166883	5.23470402,5.69446611,1.61072624,4.10166883
