label	pos	idx	tensor	layer	n	bit_equal	rel_l2	max_abs	llama_first4	apr_first4
orig	4	0	model.input_embed	-1	1024	1024	0.000000e+00	0.000000e+00	0.0102546215,-0.020509243,-0.0364608765,-0.0148122311	0.0102546215,-0.020509243,-0.0364608765,-0.0148122311
orig	4	1	attn_norm-0	0	1024	1024	0.000000e+00	0.000000e+00	1.12772536,-1.4603163,-3.07775044,-1.42213809	1.12772536,-1.4603163,-3.07775044,-1.42213809
orig	4	2	conv_output_silu-0	0	6144	6144	0.000000e+00	0.000000e+00	-0.00236968277,0.0145317502,0.037611559,-0.113674656	-0.00236968277,0.0145317502,0.037611559,-0.113674656
orig	4	3	q_conv_predelta-0	0	2048	2048	0.000000e+00	0.000000e+00	-0.00612217188,0.0375433713,0.0971710011,-0.293683112	-0.00612217188,0.0375433713,0.0971710011,-0.293683112
orig	4	4	k_conv_predelta-0	0	2048	2048	0.000000e+00	0.000000e+00	0.0881717354,-0.112645395,-0.0111633986,0.00594236702	0.0881717354,-0.112645395,-0.0111633986,0.00594236702
orig	4	5	v_conv_predelta-0	0	2048	2048	0.000000e+00	0.000000e+00	-0.0088395467,-0.00937544927,-0.000724908372,0.0194534138	-0.0088395467,-0.00937544927,-0.000724908372,0.0194534138
orig	4	6	a_softplus-0	0	16	16	0.000000e+00	0.000000e+00	2.8895278,0.0011778092,0.0072390642,5.7669363	2.8895278,0.0011778092,0.0072390642,5.7669363
orig	4	7	gate-0	0	16	16	0.000000e+00	0.000000e+00	-3.73932672,-0.000154494934,-0.000864582951,-3.2730906	-3.73932672,-0.000154494934,-0.000864582951,-3.2730906
orig	4	8	beta_sigmoid-0	0	16	16	0.000000e+00	0.000000e+00	0.168792516,0.352823824,0.637644529,0.993865788	0.168792516,0.352823824,0.637644529,0.993865788
orig	4	9	state_predelta-0	0	262144	262144	0.000000e+00	0.000000e+00	-6.82867976e-05,-3.24258035e-05,-4.12315967e-05,1.54033896e-05	-6.82867976e-05,-3.24258035e-05,-4.12315967e-05,1.54033896e-05
orig	4	10	new_state-0	0	262144	262144	0.000000e+00	0.000000e+00	-0.000133248468,0.000167389502,1.56849619e-05,-8.50479591e-06	-0.000133248468,0.000167389502,1.56849619e-05,-8.50479591e-06
orig	4	11	attn_output-0	0	2048	2048	0.000000e+00	0.000000e+00	-1.26600625e-07,-2.74729956e-07,-3.70372987e-07,6.62368791e-07	-1.26600625e-07,-2.74729956e-07,-3.70372987e-07,6.62368791e-07
orig	4	12	z-0	0	2048	2048	0.000000e+00	0.000000e+00	-2.63187838,-1.32995009,0.215324283,-1.38594782	-2.63187838,-1.32995009,0.215324283,-1.38594782
orig	4	13	final_output-0	0	2048	2048	0.000000e+00	0.000000e+00	2.15380605e-05,7.56787122e-05,-4.0961022e-05,-0.000169753082	2.15380605e-05,7.56787122e-05,-4.0961022e-05,-0.000169753082
orig	4	14	linear_attn_out-0	0	1024	1024	0.000000e+00	0.000000e+00	-0.751326323,0.00795625523,0.00532823801,0.0494123474	-0.751326323,0.00795625523,0.00532823801,0.0494123474
orig	4	15	attn_residual-0	0	1024	1024	0.000000e+00	0.000000e+00	-0.741071701,-0.0125529878,-0.0311326385,0.0346001163	-0.741071701,-0.0125529878,-0.0311326385,0.0346001163
orig	4	16	attn_post_norm-0	0	1024	1024	0.000000e+00	0.000000e+00	-10.037034,-0.311870039,-0.795896888,0.866737127	-10.037034,-0.311870039,-0.795896888,0.866737127
orig	4	17	ffn_out-0	0	1024	1024	0.000000e+00	0.000000e+00	0.209194347,-0.0197349563,-0.0383122563,0.00140387053	0.209194347,-0.0197349563,-0.0383122563,0.00140387053
orig	4	18	l_out-0	0	1024	1024	0.000000e+00	0.000000e+00	-0.531877339,-0.0322879441,-0.0694448948,0.0360039882	-0.531877339,-0.0322879441,-0.0694448948,0.0360039882
orig	4	19	attn_norm-1	1	1024	1024	0.000000e+00	0.000000e+00	-13.5813999,-1.06832397,-2.19784832,1.22174561	-13.5813999,-1.06832397,-2.19784832,1.22174561
orig	4	20	conv_output_silu-1	1	6144	6144	0.000000e+00	0.000000e+00	-0.0161510985,-0.0189677346,-0.0915577188,-0.278463036	-0.0161510985,-0.0189677346,-0.0915577188,-0.278463036
orig	4	21	q_conv_predelta-1	1	2048	2048	0.000000e+00	0.000000e+00	-0.0122945383,-0.014438618,-0.0696955621,-0.211971626	-0.0122945383,-0.014438618,-0.0696955621,-0.211971626
orig	4	22	k_conv_predelta-1	1	2048	2048	0.000000e+00	0.000000e+00	-0.0484246612,-0.0128006553,-0.0187205952,0.0529469103	-0.0484246612,-0.0128006553,-0.0187205952,0.0529469103
orig	4	23	v_conv_predelta-1	1	2048	2048	0.000000e+00	0.000000e+00	-0.00493195653,-0.0728338063,0.000355264201,0.00933027919	-0.00493195653,-0.0728338063,0.000355264201,0.00933027919
orig	4	24	a_softplus-1	1	16	16	0.000000e+00	0.000000e+00	0.193796068,2.98604155,2.04173899,2.52086115	0.193796068,2.98604155,2.04173899,2.52086115
orig	4	25	gate-1	1	16	16	0.000000e+00	0.000000e+00	-0.0347457193,-3.22080803,-2.33858037,-0.762836218	-0.0347457193,-3.22080803,-2.33858037,-0.762836218
orig	4	26	beta_sigmoid-1	1	16	16	0.000000e+00	0.000000e+00	0.491131455,0.119351991,0.28783673,0.524800003	0.491131455,0.119351991,0.28783673,0.524800003
orig	4	27	state_predelta-1	1	262144	185	4.908275e-04	5.338788e-04	-0.00985844154,-0.00123640848,-0.00100470567,0.00163891213	-0.00988652743,-0.00122198008,-0.00101165706,0.00163515075
orig	4	28	new_state-1	1	262144	1136	4.484042e-04	5.324781e-04	-0.00892203394,-0.00103564677,-0.000738536357,0.000927183137	-0.00894999504,-0.00102193165,-0.000745573023,0.000924462744
orig	4	29	attn_output-1	1	2048	4	1.950235e-04	3.349036e-06	-6.20602586e-05,-0.00081135449,-1.64601062e-07,1.55402086e-05	-6.26363762e-05,-0.000811003963,-1.17328206e-07,1.55280322e-05
orig	4	30	z-1	1	2048	2048	0.000000e+00	0.000000e+00	-4.3530407,-4.63395166,-1.10070157,0.706582785	-4.3530407,-4.63395166,-1.10070157,0.706582785
orig	4	31	final_output-1	1	2048	4	2.232124e-04	4.042648e-04	0.00297944155,0.0313395672,4.29326356e-05,0.0076949806	0.00300718681,0.031326931,3.06034126e-05,0.00768917287
orig	4	32	linear_attn_out-1	1	1024	0	9.789046e-04	7.354468e-05	-0.586553931,-0.00353957713,-0.000670775771,0.00136896968	-0.58658278,-0.00354963541,-0.000690951943,0.00138963759
orig	4	33	attn_residual-1	1	1024	0	3.781578e-04	7.354468e-05	-1.11843133,-0.0358275212,-0.0701156706,0.0373729579	-1.11846018,-0.0358375795,-0.0701358467,0.0373936258
orig	4	34	attn_post_norm-1	1	1024	0	4.572015e-04	1.562834e-03	-14.1939182,-0.716249645,-1.4160769,0.796870053	-14.1941471,-0.716443717,-1.41647065,0.797303021
orig	4	35	ffn_out-1	1	1024	0	1.614242e-02	1.366804e-03	0.458868086,0.0479389727,-0.0443562195,0.000785784912	0.458150119,0.0472236127,-0.0447567739,-0.000128394429
orig	4	36	l_out-1	1	1024	0	7.746455e-03	1.346188e-03	-0.659563243,0.0121114515,-0.11447189,0.0381587446	-0.66031003,0.0113860331,-0.114892617,0.03726523
orig	4	37	attn_norm-2	2	1024	0	7.995530e-03	3.807497e-02	-16.3472633,0.367723078,-3.35585642,1.17333817	-16.3665733,0.345715135,-3.3683548,1.14591968
orig	4	38	conv_output_silu-2	2	6144	0	9.175967e-03	2.369064e-02	-0.0182222892,-0.00719097117,0.00225068023,0.00483348221	-0.0172148421,-0.0063343998,0.00241815136,0.00483904732
orig	4	39	q_conv_predelta-2	2	2048	0	1.085275e-02	1.213208e-02	-0.0168745145,-0.00665910495,0.00208421308,0.00447598286	-0.0160562545,-0.0059080841,0.00225540553,0.00451337127
orig	4	40	k_conv_predelta-2	2	2048	0	1.157581e-02	8.134916e-03	0.00728583382,0.00752355671,-0.0176894534,-0.158648908	0.00694961287,0.00841407385,-0.0172549207,-0.160406113
orig	4	41	v_conv_predelta-2	2	2048	0	7.698390e-03	1.125282e-02	0.017702559,0.0138805471,-0.0412701108,-0.0360118076	0.0173970107,0.0136934128,-0.0408253446,-0.0356263071
orig	4	42	a_softplus-2	2	16	0	2.636264e-03	1.388454e-02	3.99106884,0.335518777,1.30631661,2.98336649	3.98852801,0.336969107,1.29243207,2.98683619
orig	4	43	gate-2	2	16	0	1.869089e-03	5.875826e-03	-3.58281541,-0.0946374163,-0.389175028,-1.94891167	-3.58053446,-0.0950464979,-0.385038584,-1.95117831
orig	4	44	beta_sigmoid-2	2	16	0	2.124672e-03	2.625883e-03	0.121656559,0.639844298,0.674891651,0.323643923	0.122314811,0.639530957,0.674199879,0.32373479
orig	4	45	state_predelta-2	2	262144	0	1.246883e-02	3.809816e-02	0.00126030785,-0.000555749692,-0.000899400504,-0.00638069818	0.00125579303,-0.000545805087,-0.000891849282,-0.00640558917
orig	4	46	new_state-2	2	262144	0	1.077548e-02	2.325371e-02	5.05692005e-05,5.9456579e-07,-6.27211848e-05,-0.000515662716	4.96191642e-05,2.50847643e-06,-6.11762589e-05,-0.000516184955
orig	4	47	attn_output-2	2	2048	0	4.810737e-03	1.968257e-04	6.66723236e-06,7.30484044e-06,-1.16061292e-05,-1.27414751e-05	6.63545507e-06,7.1058239e-06,-1.14727573e-05,-1.26156683e-05
orig	4	48	z-2	2	2048	0	8.773564e-03	7.185721e-02	1.02912486,0.0577385426,0.195348918,-0.442377776	1.02974558,0.0552424788,0.207434237,-0.433598191
orig	4	49	final_output-2	2	2048	0	1.125119e-02	1.736140e-02	0.00516532967,0.000144041507,-0.00113676523,0.00215311651	0.00514465338,0.000133897396,-0.00119972485,0.00210072775
orig	4	50	linear_attn_out-2	2	1024	0	2.288471e-02	6.516814e-03	-0.630560637,0.0177338943,0.0117432754,-0.021132255	-0.624043822,0.0176992714,0.0112625947,-0.0209434051
orig	4	51	attn_residual-2	2	1024	0	1.054896e-02	5.770087e-03	-1.29012394,0.0298453458,-0.102728613,0.0170264896	-1.28435385,0.0290853046,-0.103630021,0.0163218249
orig	4	52	attn_post_norm-2	2	1024	0	1.241881e-02	5.317065e-02	-15.637125,0.568133295,-1.98506749,0.327979356	-15.5906248,0.554498732,-2.00550056,0.314878792
orig	4	53	ffn_out-2	2	1024	0	2.469437e-02	4.479982e-03	0.741962016,0.0183550995,-0.0977825746,0.0248851515	0.746076822,0.0196838267,-0.0980187953,0.0240556169
orig	4	54	l_out-2	2	1024	0	1.842660e-02	9.884894e-03	-0.548161924,0.0482004434,-0.200511187,0.0419116393	-0.53827703,0.0487691313,-0.201648816,0.0403774418
orig	4	55	attn_norm-3	3	1024	0	1.783062e-02	1.562462e-01	-11.1648569,1.17199647,-4.4068923,0.971438468	-11.0086107,1.19070089,-4.4501214,0.939727187
orig	4	56	attn_pregate-3	3	2048	0	2.255545e-02	4.632914e-02	0.184655949,0.134550259,0.31392774,-0.561600745	0.16934365,0.122392684,0.319769681,-0.555213988
orig	4	57	attn_gated-3	3	2048	0	2.864639e-02	1.989976e-02	0.0035539649,0.00601127371,0.014910941,-0.0354234688	0.00321596349,0.00531542161,0.0147676589,-0.034217678
orig	4	58	attn_output-3	3	1024	0	4.919748e-02	4.749254e-03	0.0137948282,-0.00249676034,0.0302124154,0.00790394749	0.0113341883,-0.00296119181,0.0303726234,0.00720250979
orig	4	59	attn_residual-3	3	1024	0	2.346355e-02	7.424235e-03	-0.534367085,0.045703683,-0.17029877,0.0498155877	-0.526942849,0.045807939,-0.171276197,0.0475799516
orig	4	60	attn_post_norm-3	3	1024	0	2.478784e-02	1.188526e-01	-6.78621674,0.869211435,-3.33616066,0.984355509	-6.72366524,0.875325501,-3.3712194,0.944637716
orig	4	61	ffn_out-3	3	1024	0	4.385372e-02	5.709905e-03	-0.0649669021,0.0259725787,0.00737767294,-0.0302664563	-0.06028191,0.0258392449,0.00811656192,-0.025083717
orig	4	62	l_out-3	3	1024	0	2.711609e-02	1.210922e-02	-0.599334002,0.0716762617,-0.162921101,0.0195491314	-0.587224782,0.0716471821,-0.163159639,0.0224962346
orig	4	63	attn_norm-4	4	1024	0	2.761819e-02	1.921425e-01	-11.4993401,1.81385827,-3.84252381,0.507176816	-11.3071976,1.81959069,-3.86187792,0.585717678
orig	4	64	conv_output_silu-4	4	6144	0	2.188183e-02	1.316226e-01	-0.0510673113,0.0122016929,-0.0807816312,-0.0152436616	-0.0449039303,0.0126174381,-0.0808925778,-0.0138822058
orig	4	65	q_conv_predelta-4	4	2048	0	2.935992e-02	3.075129e-02	-0.0306856316,0.00733182626,-0.0485405512,-0.00915970188	-0.0262018293,0.00736238388,-0.0472015142,-0.00810038671
orig	4	66	k_conv_predelta-4	4	2048	0	2.469518e-02	1.520686e-02	0.00411438756,0.0925879851,-0.0225723796,0.00565116853	0.00410725456,0.0937874913,-0.0223543737,0.00581156649
orig	4	67	v_conv_predelta-4	4	2048	0	1.571597e-02	4.488504e-02	0.099472113,0.0235356912,-0.0142260836,0.0107238479	0.101699032,0.0224102158,-0.0155377081,0.0108141759
orig	4	68	a_softplus-4	4	16	0	1.080041e-02	2.963567e-02	0.749274969,2.34229732,0.0260233581,2.43088937	0.755136311,2.35293818,0.0271785874,2.46052504
orig	4	69	gate-4	4	16	0	1.122188e-02	4.602599e-02	-0.312344283,-2.27578187,-0.00818861276,-1.27599454	-0.314787656,-2.28612041,-0.00855212193,-1.29155064
orig	4	70	beta_sigmoid-4	4	16	0	4.771599e-03	7.068694e-03	0.720565319,0.741650999,0.697300196,0.514279425	0.723664999,0.734582305,0.697033286,0.516442895
orig	4	71	state_predelta-4	4	262144	0	1.128643e-02	1.223218e-01	-0.000950800721,-0.0120751886,0.000801351154,9.15651763e-05	-0.000880645472,-0.0111900698,0.000763150281,8.68550051e-05
orig	4	72	new_state-4	4	262144	0	1.170459e-02	1.237193e-01	-0.000316144986,-0.00029381644,-0.00149610383,0.000588364899	-0.000260013971,0.000573137775,-0.00152643444,0.000605053792
orig	4	73	attn_output-4	4	2048	0	3.095812e-02	9.995401e-03	0.000201725168,5.76582352e-05,-3.65819615e-05,2.2972381e-05	0.000199041679,5.36673688e-05,-3.76639327e-05,2.21972332e-05
orig	4	74	z-4	4	2048	0	1.723847e-02	1.463518e-01	-4.83081627,0.659484565,1.17201138,-0.0672706962	-4.83821058,0.682426453,1.15165067,-0.0579036474
orig	4	75	final_output-4	4	2048	0	3.788998e-02	3.223336e-02	-0.00650241738,0.0254069977,-0.0263507534,-0.000679962395	-0.00639283285,0.0247161221,-0.0265882332,-0.000569523603
orig	4	76	linear_attn_out-4	4	1024	0	4.666481e-02	7.516772e-03	-0.25443548,-0.00642214529,-0.0287405979,-0.00196900964	-0.261952251,-0.0062560495,-0.0284037907,-0.00395803899
orig	4	77	attn_residual-4	4	1024	0	2.838448e-02	7.437134e-03	-0.853769481,0.0652541146,-0.191661701,0.0175801218	-0.849177003,0.0653911307,-0.191563427,0.0185381956
orig	4	78	attn_post_norm-4	4	1024	0	3.164316e-02	1.423231e-01	-10.2974119,1.15013921,-3.32230449,0.320870697	-10.2738781,1.15613914,-3.33092928,0.339409798
orig	4	79	ffn_out-4	4	1024	0	5.291285e-02	6.299976e-03	0.3047252,-0.0176364537,-0.0492991209,-0.00596015528	0.303269893,-0.0159778837,-0.0493638813,-0.00779331848
orig	4	80	l_out-4	4	1024	0	2.955937e-02	5.892575e-03	-0.549044251,0.047617659,-0.240960822,0.0116199665	-0.54590714,0.0494132489,-0.240927309,0.0107448772
orig	4	81	attn_norm-5	5	1024	0	3.081786e-02	1.487260e-01	-10.3426886,1.20800114,-5.68529415,0.308530599	-10.2609663,1.25079501,-5.67199564,0.28466773
orig	4	82	conv_output_silu-5	5	6144	0	1.444098e-02	3.423989e-02	-0.0827591196,-0.0196915641,-0.0253059603,0.15845567	-0.0782491118,-0.0243624505,-0.0253486205,0.151808232
orig	4	83	q_conv_predelta-5	5	2048	0	2.355320e-02	1.685810e-02	-0.0460894853,-0.0109664537,-0.0140931737,0.0882457495	-0.0435058847,-0.0135453278,-0.0140936309,0.0844041705
orig	4	84	k_conv_predelta-5	5	2048	0	2.128328e-02	1.095010e-02	-0.00660782307,-0.025107896,-0.127598807,-0.0199604854	-0.00642814161,-0.0245708618,-0.124626704,-0.0195623524
orig	4	85	v_conv_predelta-5	5	2048	0	9.608093e-03	2.584648e-02	-0.0251435507,0.0147376927,-0.0292862076,0.00115634233	-0.0247851107,0.0147392955,-0.029019136,0.000722491473
orig	4	86	a_softplus-5	5	16	0	3.041198e-02	5.820251e-02	0.804339647,0.14548704,0.350041896,0.00338493451	0.837022662,0.143058479,0.359165907,0.00345954206
orig	4	87	gate-5	5	16	0	2.889605e-02	4.067838e-02	-0.614304304,-0.0176495798,-0.0891986042,-0.0014165733	-0.639265537,-0.0173549633,-0.0915236026,-0.00144779612
orig	4	88	beta_sigmoid-5	5	16	0	5.080540e-03	9.606808e-03	0.700660706,0.752185762,0.713857114,0.477051497	0.702204704,0.751728415,0.715806007,0.486658305
orig	4	89	state_predelta-5	5	262144	1	1.039234e-02	2.079546e-02	-0.000127735228,0.00013516139,0.000480597257,0.000236279331	-0.000135807815,0.000153370085,0.000473201158,0.000266407907
orig	4	90	new_state-5	5	262144	0	1.027612e-02	2.194476e-02	4.21783407e-05,0.000495977874,0.00240895967,0.000463994598	3.50013361e-05,0.000488643127,0.00231767283,0.000465182995
orig	4	91	attn_output-5	5	2048	0	5.832397e-03	2.459879e-04	-3.60109407e-05,1.87835522e-05,-3.28355782e-05,5.73220063e-07	-3.57782155e-05,1.88666854e-05,-3.17049271e-05,-3.04344098e-07
orig	4	92	z-5	5	2048	0	1.916370e-02	1.335368e-01	0.826976299,2.01861644,0.114294291,0.186598167	0.841417849,2.00595093,0.140837252,0.16305618
orig	4	93	final_output-5	5	2048	0	4.956676e-02	2.989806e-02	-0.0197372902,0.0307188518,-0.00192852074,5.62606729e-05	-0.0200482477,0.0306286532,-0.00232425192,-2.58344462e-05
orig	4	94	linear_attn_out-5	5	1024	0	5.092369e-02	3.659826e-03	-0.331744403,0.000755710527,0.019219039,0.0126093263	-0.333697081,0.00111579709,0.0193444714,0.0132472748
orig	4	95	attn_residual-5	5	1024	0	2.926571e-02	6.985977e-03	-0.880788684,0.0483733714,-0.221741781,0.0242292918	-0.87960422,0.0505290478,-0.22158283,0.023992151
orig	4	96	attn_post_norm-5	5	1024	0	3.315909e-02	1.287440e-01	-10.1316977,0.836420238,-3.6417675,0.440847903	-10.0772409,0.870168149,-3.62447119,0.434771568
orig	4	97	ffn_out-5	5	1024	0	5.274186e-02	5.234391e-03	0.257973552,0.00718222745,-0.0298569333,-0.0111127244	0.253919423,0.00727754366,-0.0309364088,-0.0091301715
orig	4	98	l_out-5	5	1024	0	3.108508e-02	7.234901e-03	-0.622815132,0.0555555969,-0.251598716,0.0131165674	-0.625684798,0.0578065924,-0.25251925,0.0148619795
orig	4	99	attn_norm-6	6	1024	0	3.244389e-02	1.544793e-01	-11.0059214,1.2721343,-5.57049227,0.318162203	-10.9962215,1.31644642,-5.56032658,0.358530134
orig	4	100	conv_output_silu-6	6	6144	0	2.769194e-02	6.149685e-02	0.0243653264,-0.155336857,-0.00751747936,0.0564884767	0.0336771607,-0.146556407,-0.00675691059,0.0602795593
orig	4	101	q_conv_predelta-6	6	2048	0	2.956602e-02	3.080937e-02	0.0138389897,-0.0882280469,-0.00426976942,0.0320842601	0.019318277,-0.0840693563,-0.0038759762,0.0345782489
orig	4	102	k_conv_predelta-6	6	2048	0	2.979665e-02	3.095397e-02	0.0478875265,-0.0389394872,-0.00917188358,0.01491684	0.0479061678,-0.0385008678,-0.0102301538,0.0140450606
orig	4	103	v_conv_predelta-6	6	2048	0	1.910615e-02	2.002180e-02	-0.0058688703,-0.00042405905,-0.0118916882,0.0120661808	-0.00608469266,-0.000665910658,-0.0110532194,0.0123854149
orig	4	104	a_softplus-6	6	16	0	8.411524e-03	2.750438e-02	0.559966564,0.312118292,0.802556515,0.318915188	0.587470949,0.310457885,0.816712737,0.332255244
orig	4	105	gate-6	6	16	0	7.036935e-03	7.395908e-03	-0.10197749,-0.231946617,-0.244765922,-0.176811025	-0.106986411,-0.230712712,-0.249083325,-0.184206933
orig	4	106	beta_sigmoid-6	6	16	0	6.671706e-03	1.044798e-02	0.763787508,0.421970397,0.664702892,0.617087901	0.762280941,0.411522418,0.658159077,0.614458561
orig	4	107	state_predelta-6	6	262144	0	2.486296e-02	2.176976e-02	-3.68546862e-05,-0.000149208441,0.000444528821,0.000673719391	-3.60561899e-05,-0.000130432498,0.000504906406,0.00071535178
orig	4	108	new_state-6	6	262144	0	2.306440e-02	2.139592e-02	-0.000362753926,0.000133165988,0.000464535435,0.000505772477	-0.000374159194,0.000157465634,0.000526659191,0.000542573573
orig	4	109	attn_output-6	6	2048	0	1.506027e-02	2.171379e-04	2.49079476e-05,2.0271591e-05,-4.03859412e-05,-2.92599707e-05	2.70853379e-05,1.88475296e-05,-3.96921605e-05,-2.91388351e-05
orig	4	110	z-6	6	2048	0	1.722247e-02	1.323221e-01	0.860642195,0.390603006,0.971126556,1.47297132	0.854721427,0.380906701,0.98305577,1.52563334
orig	4	111	final_output-6	6	2048	0	3.574127e-02	2.074115e-02	0.0121170161,0.00436475687,-0.0259898733,-0.0345278233	0.0130450046,0.00393660041,-0.0259068068,-0.035909906
orig	4	112	linear_attn_out-6	6	1024	0	6.671529e-02	4.154310e-03	-0.0802936256,-0.00194645114,0.00127357943,0.00433299132	-0.0806814134,-0.00143541954,0.00343682524,0.00538411178
orig	4	113	attn_residual-6	6	1024	0	3.268981e-02	6.816512e-03	-0.703108788,0.0536091477,-0.250325143,0.0174495578	-0.706366181,0.0563711748,-0.249082431,0.0202460922
orig	4	114	attn_post_norm-6	6	1024	0	3.461460e-02	1.180801e-01	-9.87879276,0.922661483,-4.25299072,0.307264954	-9.86259937,0.964141369,-4.20545721,0.354282677
orig	4	115	ffn_out-6	6	1024	0	5.356351e-02	7.567689e-03	-0.0974444002,-0.0121675376,-0.041842889,0.0642348528	-0.105012089,-0.0110266637,-0.0432951711,0.0640610158
orig	4	116	l_out-6	6	1024	0	3.176863e-02	1.082504e-02	-0.800553203,0.0414416119,-0.292168021,0.0816844106	-0.811378241,0.0453445092,-0.292377591,0.0843071043
orig	4	117	attn_norm-7	7	1024	0	3.130265e-02	1.251540e-01	-11.3875322,0.62642765,-4.56073761,1.4812448	-11.4825287,0.681920528,-4.54068375,1.52099085
orig	4	118	attn_pregate-7	7	2048	0	4.917662e-02	5.217810e-01	0.200198933,0.15833874,-0.492000252,-0.15264754	0.19132936,0.147765785,-0.490335315,-0.131965995
orig	4	119	attn_gated-7	7	2048	0	4.679826e-02	4.758120e-02	0.0538970828,0.0494506918,-0.0353617817,-0.0130293304	0.0517369434,0.0465957336,-0.0348349959,-0.0113842832
orig	4	120	attn_output-7	7	1024	0	7.408743e-02	6.638549e-03	-0.0252091512,-0.00749003142,0.0473912023,-0.0195435714	-0.0185706019,-0.00851085037,0.0462960452,-0.0215121005
orig	4	121	attn_residual-7	7	1024	0	3.911747e-02	1.092808e-02	-0.825762331,0.0339515805,-0.244776815,0.0621408373	-0.829948843,0.0368336588,-0.246081546,0.0627950057
orig	4	122	attn_post_norm-7	7	1024	0	4.441193e-02	1.932449e-01	-9.09312439,0.544433117,-3.78489256,1.03684366	-9.09554768,0.587826133,-3.78688216,1.04275131
orig	4	123	ffn_out-7	7	1024	0	7.601789e-02	7.471264e-03	0.106654994,0.0138699589,0.0155600077,-0.0162146911	0.111903757,0.0151044708,0.0130713284,-0.0158112384
orig	4	124	l_out-7	7	1024	0	3.579953e-02	8.369976e-03	-0.71910733,0.0478215404,-0.229216814,0.0459261462	-0.718045115,0.0519381315,-0.233010218,0.0469837673
orig	4	125	attn_norm-8	8	1024	0	3.942933e-02	1.880947e-01	-12.9361944,1.01770878,-4.42663002,1.05027008	-12.8843422,1.10251367,-4.48848152,1.07173276
orig	4	126	conv_output_silu-8	8	6144	0	2.726327e-02	9.151351e-02	0.0302516893,0.0183127876,-0.239864081,-0.0282045342	0.0276985038,0.0180024859,-0.240937293,-0.0260337051
orig	4	127	q_conv_predelta-8	8	2048	0	3.480867e-02	2.006269e-02	0.0238934662,0.0144638522,-0.189450055,-0.0222765766	0.0219848584,0.0142889339,-0.191236764,-0.0206634738
orig	4	128	k_conv_predelta-8	8	2048	0	3.334872e-02	2.134973e-02	0.0782232061,-0.198079124,0.0752646029,0.013752602	0.0779536366,-0.195534676,0.0757592767,0.0134594822
orig	4	129	v_conv_predelta-8	8	2048	0	1.983538e-02	3.652053e-02	-0.16913192,-0.0144332377,-0.0245302152,-0.00103501568	-0.169365764,-0.0147556867,-0.0229524411,-0.000966356951
orig	4	130	a_softplus-8	8	16	0	2.276415e-02	3.317243e-02	0.310172409,0.12658821,0.0840505883,0.0275938269	0.326752931,0.133483768,0.0832113624,0.0266579017
orig	4	131	gate-8	8	16	0	1.853095e-02	1.244414e-02	-0.108880751,-0.0359858908,-0.0250401702,-0.00416604476	-0.114701062,-0.0379461236,-0.0247901492,-0.00402474124
orig	4	132	beta_sigmoid-8	8	16	0	8.561524e-03	1.002970e-02	0.858758867,0.347772211,0.654733121,0.387892216	0.856903851,0.341641158,0.648970068,0.377862513
orig	4	133	state_predelta-8	8	262144	0	1.836765e-02	5.330324e-02	-0.00458578998,0.00779674947,-0.0061149383,0.000308795163	-0.0049929847,0.00722371507,-0.00702848053,0.0006547909
orig	4	134	new_state-8	8	262144	0	1.913307e-02	5.341899e-02	-0.0143890921,0.0330145806,-0.0153718106,-0.00152977591	-0.0146260727,0.031961225,-0.016154591,-0.00117283931
orig	4	135	attn_output-8	8	2048	0	1.156682e-02	7.678270e-04	-0.000911105366,-6.660894e-05,-9.86733648e-05,-1.51093418e-05	-0.000914660108,-6.83636827e-05,-9.40771279e-05,-1.23968921e-05
orig	4	136	z-8	8	2048	0	1.816661e-02	1.304447e-01	0.203998148,1.87105227,1.02306104,1.02273118	0.204776958,1.89849997,1.00510025,1.00806224
orig	4	137	final_output-8	8	2048	0	8.461051e-02	1.344136e-01	-0.0886382982,-0.0660976395,-0.069938004,-0.00807005074	-0.0894952491,-0.0691919923,-0.0652994663,-0.00651112478
orig	4	138	linear_attn_out-8	8	1024	0	7.395023e-02	7.638924e-03	-0.0745010599,0.00167609099,0.0130285537,-0.0156289078	-0.0668621361,0.000687661581,0.0143122533,-0.0131433588
orig	4	139	attn_residual-8	8	1024	0	3.674734e-02	8.755118e-03	-0.793608367,0.0494976304,-0.216188267,0.0302972384	-0.784907222,0.052625794,-0.218697965,0.0338404104
orig	4	140	attn_post_norm-8	8	1024	0	4.245826e-02	1.524066e-01	-8.57028675,0.775211036,-3.26972818,0.520325482	-8.46426392,0.823030472,-3.30298066,0.580349207
orig	4	141	ffn_out-8	8	1024	0	7.817335e-02	1.171733e-02	0.173887804,0.00365186995,-0.0329642594,0.0265341327	0.16217047,0.003957198,-0.0346617326,0.029219687
orig	4	142	l_out-8	8	1024	0	3.791631e-02	9.392656e-03	-0.619720578,0.053149499,-0.249152526,0.056831371	-0.622736752,0.056582991,-0.253359705,0.0630600974
orig	4	143	attn_norm-9	9	1024	0	4.148161e-02	2.083400e-01	-10.1547155,1.05933774,-4.89170074,1.34098065	-10.1405449,1.12074316,-4.94330072,1.47867894
orig	4	144	conv_output_silu-9	9	6144	0	3.578797e-02	7.601368e-02	-0.0704009682,-0.146390632,-0.23212643,-0.0655087084	-0.0709527731,-0.147531122,-0.235173106,-0.0615975671
orig	4	145	q_conv_predelta-9	9	2048	0	4.065940e-02	2.538939e-02	-0.0471710786,-0.0980867818,-0.155532718,-0.0438930988	-0.047740899,-0.0992669985,-0.158237293,-0.0414462052
orig	4	146	k_conv_predelta-9	9	2048	0	3.862529e-02	5.106175e-02	0.256976128,-0.0149084171,0.000882348861,-0.0200696159	0.253299505,-0.0153685724,-0.00310602109,-0.0200935975
orig	4	147	v_conv_predelta-9	9	2048	0	2.726806e-02	3.491718e-02	-0.00492988946,-0.00350322179,0.00606615609,-0.00817974005	-0.00424398109,-0.00208654953,0.00551644573,-0.0086078085
orig	4	148	a_softplus-9	9	16	0	2.945172e-02	4.269254e-02	0.00247838674,0.0628864244,0.294723183,0.755158484	0.00261607999,0.0687783062,0.308590293,0.780929446
orig	4	149	gate-9	9	16	0	4.941597e-02	2.362227e-02	-0.00100527797,-0.00857750326,-0.100274518,-0.13969028	-0.0010611288,-0.00938113686,-0.104992561,-0.14445743
orig	4	150	beta_sigmoid-9	9	16	0	1.690088e-02	1.616216e-02	0.312398255,0.626804471,0.307639688,0.367532045	0.321731687,0.642966628,0.321737021,0.375615329
orig	4	151	state_predelta-9	9	262144	0	1.958704e-02	2.201533e-02	-0.0010253886,-0.00101206673,-0.000801916525,3.97209442e-06	-0.00102517451,-0.00100671535,-0.000792436767,-1.27906824e-05
orig	4	152	new_state-9	9	262144	0	2.285492e-02	1.842320e-02	-0.00155002368,-0.00098055345,-0.000802915718,4.50221123e-05	-0.00151292421,-0.000975988223,-0.00078560214,2.60010602e-05
orig	4	153	attn_output-9	9	2048	0	2.215292e-02	1.587356e-04	3.35984914e-05,-1.59458214e-05,4.96046414e-05,-5.52418242e-05	3.60455015e-05,-1.45442691e-05,4.84948105e-05,-5.65117807e-05
orig	4	154	z-9	9	2048	0	2.350236e-02	1.279435e-01	0.891977906,-0.0687059313,2.89249468,1.28944719	0.854300618,-0.0505412817,2.84583426,1.23315001
orig	4	155	final_output-9	9	2048	0	6.292245e-02	2.418192e-02	0.0226963907,0.000535910542,0.142491832,-0.0539880767	0.0230628662,0.00036294476,0.136710182,-0.0521642342
orig	4	156	linear_attn_out-9	9	1024	0	7.085968e-02	3.475564e-03	-0.148481607,-0.00441323407,-0.002503125,-0.010379727	-0.146745473,-0.00399042666,-0.00372299924,-0.0104182018
orig	4	157	attn_residual-9	9	1024	0	3.859226e-02	9.788129e-03	-0.768202186,0.0487362668,-0.251655638,0.0464516431	-0.769482255,0.0525925644,-0.257082701,0.0526418947
orig	4	158	attn_post_norm-9	9	1024	0	4.394767e-02	1.618925e-01	-8.30132675,0.737587512,-3.67733669,0.795049131	-8.26769257,0.791406214,-3.73519611,0.895855963
orig	4	159	ffn_out-9	9	1024	0	7.318289e-02	9.113759e-03	0.107300758,-0.0381070189,-0.0124160387,-0.0205375757	0.116414517,-0.0380093232,-0.0114839943,-0.0214433558
orig	4	160	l_out-9	9	1024	0	3.785266e-02	8.842908e-03	-0.660901427,0.0106292479,-0.264071673,0.0259140674	-0.653067708,0.0145832412,-0.268566698,0.0311985388
orig	4	161	attn_norm-10	10	1024	0	4.130635e-02	1.857131e-01	-11.4903669,0.19253771,-5.1140666,0.541100144	-11.3098383,0.263128757,-5.18080997,0.648899257
orig	4	162	conv_output_silu-10	10	6144	0	3.732980e-02	4.336381e-02	-0.000967504282,-0.00256691943,0.014867262,-0.00505928881	-0.00147012237,-0.0025131302,0.0146228084,-0.00196475373
orig	4	163	q_conv_predelta-10	10	2048	0	3.237358e-02	2.516195e-02	-0.00205186335,-0.00544387009,0.0315301828,-0.0107296361	-0.00313039171,-0.00535131106,0.031136943,-0.00418363046
orig	4	164	k_conv_predelta-10	10	2048	0	4.053822e-02	3.762337e-02	-0.0760845691,-0.0827406719,0.0275302045,0.0193809085	-0.0783936605,-0.0759494603,0.0211753659,0.0194838885
orig	4	165	v_conv_predelta-10	10	2048	0	4.244912e-02	4.336381e-02	-0.00650106603,-0.00650232984,0.00338606746,0.00755481282	-0.00576424971,-0.00653158966,0.00364401867,0.0082800556
orig	4	166	a_softplus-10	10	16	0	2.862258e-02	7.402581e-02	0.428261548,0.00755619025,3.76766443,0.340928376	0.437243193,0.00782140996,3.78044486,0.355136186
orig	4	167	gate-10	10	16	0	2.385748e-02	1.772057e-02	-0.327718824,-0.0438239127,-1.16716802,-0.0698070377	-0.334591836,-0.0453621186,-1.1711272,-0.0727161691
orig	4	168	beta_sigmoid-10	10	16	0	8.405564e-03	9.748191e-03	0.778142333,0.470827103,0.916586637,0.751774788	0.775072277,0.480575293,0.917241871,0.758344233
orig	4	169	state_predelta-10	10	262144	0	5.154794e-02	6.375822e-02	-0.000317882397,0.000359722675,0.000334608456,0.000231571918	-0.000292753568,0.000381876394,0.000333076663,0.000222006871
orig	4	170	new_state-10	10	262144	0	5.520769e-02	6.339321e-02	0.000282755995,0.000815789681,5.59151958e-05,3.64898879e-05	0.000251559948,0.000719970209,0.000113819231,4.42825694e-05
orig	4	171	attn_output-10	10	2048	0	3.784141e-02	2.930136e-04	-7.76835532e-06,-4.87633497e-06,-3.64766242e-06,1.52788798e-05	-5.87286786e-06,-5.92407287e-06,-3.40795691e-06,1.70068924e-05
orig	4	172	z-10	10	2048	0	1.526327e-02	1.203506e-01	2.24462891,1.38689506,1.68722594,1.57156527	2.26553035,1.36112761,1.71035218,1.5812788
orig	4	173	final_output-10	10	2048	0	4.813812e-02	1.321185e-02	-0.0141555807,-0.00577489147,-0.00505588669,0.02031615	-0.0108226081,-0.00684954878,-0.00480549736,0.0227913372
orig	4	174	linear_attn_out-10	10	1024	0	6.193403e-02	4.215211e-03	0.0137901455,0.0172665883,0.00214477628,-0.00789309852	0.0126264393,0.0177423321,0.00244019181,-0.0060786698
orig	4	175	attn_residual-10	10	1024	0	3.693780e-02	1.018527e-02	-0.647111297,0.0278958362,-0.261926889,0.0180209689	-0.640441298,0.0323255733,-0.266126513,0.025119869
orig	4	176	attn_post_norm-10	10	1024	0	4.039466e-02	1.504509e-01	-8.0780468,0.42986545,-4.02324486,0.295785576	-7.96516466,0.496280789,-4.07260752,0.410775274
orig	4	177	ffn_out-10	10	1024	0	6.327693e-02	7.491931e-03	-0.0675271153,-0.00574480835,-0.0388801023,0.0163876731	-0.0750190467,-0.00527733192,-0.0408878177,0.0143968826
orig	4	178	l_out-10	10	1024	0	3.507877e-02	9.570308e-03	-0.714638412,0.0221510269,-0.300806999,0.0344086438	-0.71546036,0.0270482413,-0.307014346,0.0395167507
orig	4	179	attn_norm-11	11	1024	0	3.509385e-02	1.915112e-01	-9.82052326,0.317491472,-4.60439062,0.580765367	-9.76803207,0.385168225,-4.6689167,0.662655234
orig	4	180	attn_pregate-11	11	2048	0	2.787106e-02	4.173470e-01	0.472721368,0.142173052,0.183702901,-0.202766955	0.47452879,0.135718405,0.17540206,-0.203475147
orig	4	181	attn_gated-11	11	2048	0	4.128160e-02	3.462625e-02	0.0522407964,0.0208271351,0.0131983953,-0.0111008622	0.052534759,0.0195995066,0.0125897676,-0.0113783134
orig	4	182	attn_output-11	11	1024	0	7.464457e-02	5.862691e-03	-0.00913181901,-0.00362234376,-0.00983697176,0.0127838627	-0.0032691285,-0.00398579985,-0.0102116112,0.0122682825
orig	4	183	attn_residual-11	11	1024	0	3.872071e-02	1.060942e-02	-0.723770261,0.0185286831,-0.310643971,0.0471925065	-0.718729496,0.0230624415,-0.317225963,0.0517850332
orig	4	184	attn_post_norm-11	11	1024	0	4.232028e-02	1.584630e-01	-8.10823536,0.294481128,-4.71119356,0.770574272	-8.01032448,0.364650846,-4.78625393,0.841210544
orig	4	185	ffn_out-11	11	1024	0	7.283306e-02	5.410319e-03	-0.0270160623,0.00396447908,0.00733451359,0.00515086483	-0.0293631144,0.00264413445,0.0088480413,0.00263704848
orig	4	186	l_out-11	11	1024	0	3.665560e-02	1.074310e-02	-0.750786304,0.0224931613,-0.30330947,0.0523433723	-0.748092592,0.0257065762,-0.308377922,0.0544220805
orig	4	187	attn_norm-12	12	1024	0	3.883372e-02	2.048072e-01	-12.926796,0.436946929,-6.13854742,1.13167989	-12.8011208,0.496295661,-6.20270252,1.16937852
orig	4	188	conv_output_silu-12	12	6144	0	2.936077e-02	5.998188e-02	-0.00683739036,0.0234277435,0.0517109819,0.00833981857	-0.00644101296,0.0233344473,0.048968628,0.0110620158
orig	4	189	q_conv_predelta-12	12	2048	0	3.274538e-02	2.268255e-02	-0.00551320985,0.0188905504,0.0416962467,0.00672466634	-0.00517843245,0.0187603813,0.0393696986,0.0088936165
orig	4	190	k_conv_predelta-12	12	2048	0	3.669422e-02	4.128879e-02	0.00730657298,-0.0131570324,0.00152276608,0.024497347	0.0106289238,-0.0130833508,0.000898886181,0.024044551
orig	4	191	v_conv_predelta-12	12	2048	0	2.186728e-02	3.843640e-02	-0.000514232903,0.0016151414,-0.00463061268,-0.00469230674	-0.000166207872,0.00233957218,-0.00411732821,-0.00473204348
orig	4	192	a_softplus-12	12	16	0	1.708378e-02	2.525905e-02	0.00169264991,0.377067804,0.144890606,0.00618756842	0.00172085431,0.366547853,0.150862843,0.00629193848
orig	4	193	gate-12	12	16	0	1.446559e-02	8.778214e-03	-0.000341206556,-0.222534299,-0.0150345974,-0.0017589723	-0.000346892048,-0.21632573,-0.0156543069,-0.00178864214
orig	4	194	beta_sigmoid-12	12	16	0	9.988416e-03	9.947777e-03	0.230297998,0.620742023,0.557342887,0.31305933	0.237063512,0.615264654,0.562011898,0.30949229
orig	4	195	state_predelta-12	12	262144	0	2.163131e-02	4.074368e-02	-0.000214014042,4.700106e-05,4.09660533e-05,-6.92317408e-05	-0.000202922034,4.59478979e-05,5.28858582e-05,-6.37220364e-05
orig	4	196	new_state-12	12	262144	0	2.127932e-02	4.549417e-02	-0.000212534316,4.44519465e-05,4.124525e-05,-6.44917382e-05	-0.00020021401,4.26852457e-05,5.30905781e-05,-5.77331266e-05
orig	4	197	attn_output-12	12	2048	0	6.531014e-03	7.551201e-04	-1.73056305e-05,2.05194519e-05,-4.29649845e-06,-2.99424264e-05	-1.56880214e-05,2.20078655e-05,-3.66952531e-06,-3.09661082e-05
orig	4	198	z-12	12	2048	0	1.769133e-02	1.701875e-01	-0.246789426,0.400548935,0.152265117,0.106709242	-0.250387311,0.376880974,0.145199358,0.119990423
orig	4	199	final_output-12	12	2048	0	4.911258e-02	3.210205e-02	0.00144775491,0.00399330212,-0.000225351163,-0.00134500919	0.00132074254,0.00396711379,-0.000181816547,-0.00156431668
orig	4	200	linear_attn_out-12	12	1024	0	6.811540e-02	2.866933e-03	-0.129508406,-0.00082457473,0.00962510239,-0.00296485284	-0.127263919,-0.00142827444,0.00969523657,-0.00173561415
orig	4	201	attn_residual-12	12	1024	0	3.608210e-02	1.162682e-02	-0.880294681,0.0216685869,-0.293684363,0.049378518	-0.875356495,0.0242783017,-0.29868269,0.0526864678
orig	4	202	attn_post_norm-12	12	1024	0	3.915240e-02	1.704175e-01	-9.16214371,0.348950595,-4.32649374,0.779210389	-9.06663895,0.389084578,-4.37882519,0.827385902
orig	4	203	ffn_out-12	12	1024	0	6.325259e-02	5.651277e-03	0.021061752,-0.0241828412,-0.00204125419,0.00596809573	0.0154104745,-0.0236312356,-0.00250676274,0.00549195055
orig	4	204	l_out-12	12	1024	0	3.520076e-02	1.252770e-02	-0.859232903,-0.0025142543,-0.295725614,0.0553466156	-0.859946012,0.000647066161,-0.301189452,0.0581784174
orig	4	205	attn_norm-13	13	1024	0	3.781983e-02	2.170565e-01	-13.5772753,-0.0450351685,-5.39595747,1.12525642	-13.5135612,0.0115262549,-5.46532822,1.17630315
orig	4	206	conv_output_silu-13	13	6144	1	2.947060e-02	8.804303e-02	0.156611532,0.0254866946,0.0330478996,-0.0133431507	0.145700574,0.0307155401,0.0318717584,-0.013393404
orig	4	207	q_conv_predelta-13	13	2048	0	3.131728e-02	2.715468e-02	0.139735833,0.0227403715,0.0294868164,-0.0119053572	0.131026208,0.0276219957,0.028661767,-0.0120444745
orig	4	208	k_conv_predelta-13	13	2048	0	3.870999e-02	4.252738e-02	0.00673228921,0.0422708131,0.175285235,-0.0125787118	0.00393501949,0.0438945554,0.165221199,-0.0151330736
orig	4	209	v_conv_predelta-13	13	2048	0	2.550510e-02	3.242016e-02	0.00383657147,0.0105381804,-0.00960256159,0.0122185415	0.00426185969,0.0106917992,-0.00851496216,0.0118026352
orig	4	210	a_softplus-13	13	16	0	1.363199e-02	2.926993e-02	0.15306133,0.874892831,1.17768896,0.178548262	0.15156953,0.891606927,1.17935789,0.191878289
orig	4	211	gate-13	13	16	0	1.808268e-02	1.923776e-02	-0.0411958992,-1.00699556,-0.592179179,-0.0427415445	-0.0407943875,-1.02623332,-0.593018413,-0.0459325388
orig	4	212	beta_sigmoid-13	13	16	0	5.454518e-03	6.072223e-03	0.59615761,0.912662745,0.358912259,0.817405403	0.590085387,0.91336894,0.360088944,0.821882367
orig	4	213	state_predelta-13	13	262144	0	3.407499e-02	1.481885e-02	4.71109197e-05,-1.2320822e-05,-0.000467551668,2.14254396e-05	5.02155399e-06,-4.58282648e-06,-0.000415646064,-8.00217385e-05
orig	4	214	new_state-13	13	262144	0	3.336849e-02	1.750579e-02	6.26634937e-05,9.77664167e-05,5.75723243e-06,-1.20504446e-05	1.57168579e-05,0.000117143994,5.84647933e-05,-0.000118726333
orig	4	215	attn_output-13	13	2048	0	2.529002e-02	1.204179e-04	8.7701701e-06,1.54228292e-05,-2.1220867e-05,3.4503566e-05	8.64230969e-06,1.38501719e-05,-1.84364762e-05,3.34124015e-05
orig	4	216	z-13	13	2048	0	1.930235e-02	1.582707e-01	0.893524528,1.50852418,-0.0365058184,1.76362348	0.915616691,1.53904617,-0.0180820227,1.82114756
orig	4	217	final_output-13	13	2048	0	4.271933e-02	2.092791e-02	0.00576074794,0.0198813546,0.000394399103,0.0526243486	0.00585340755,0.0183123704,0.000171288179,0.0530485623
orig	4	218	linear_attn_out-13	13	1024	0	5.333637e-02	3.175464e-03	-0.231309533,-0.000102805905,0.0146876974,0.000934027368	-0.232056886,-0.00175210834,0.0140313068,0.00115532218
orig	4	219	attn_residual-13	13	1024	0	3.416215e-02	1.206563e-02	-1.09054244,-0.00261706021,-0.281037927,0.0562806427	-1.09200287,-0.00110504217,-0.287158132,0.0593337379
orig	4	220	attn_post_norm-13	13	1024	0	3.671848e-02	1.628236e-01	-11.0674438,-0.0401675925,-3.9808917,0.794522226	-11.0345249,-0.016887527,-4.0500617,0.834014893
orig	4	221	ffn_out-13	13	1024	0	5.755788e-02	5.093025e-03	0.0864614248,-0.0107597578,-0.031785056,0.0374573842	0.0836221129,-0.00999031216,-0.0319280997,0.037387833
orig	4	222	l_out-13	13	1024	0	3.442186e-02	1.283860e-02	-1.00408101,-0.013376818,-0.312822998,0.0937380269	-1.00838077,-0.0110953543,-0.319086224,0.0967215747
orig	4	223	attn_norm-14	14	1024	0	3.582545e-02	1.953274e-01	-14.3198509,-0.21537672,-4.67485189,1.62634909	-14.2986727,-0.177618623,-4.74109507,1.6684866
orig	4	224	conv_output_silu-14	14	6144	0	1.946880e-02	6.700027e-02	0.0716173351,-0.0375209413,-0.222192407,0.000521378184	0.0724071637,-0.035096474,-0.223147273,-0.0010481457
orig	4	225	q_conv_predelta-14	14	2048	0	2.464103e-02	2.080187e-02	0.0209426414,-0.0109720314,-0.0649744347,0.000152463588	0.0211013723,-0.0102280453,-0.0650310442,-0.000305457535
orig	4	226	k_conv_predelta-14	14	2048	0	3.693073e-02	3.587073e-02	0.00490681501,-0.128231093,0.00811886508,-0.0418508388	0.00468465034,-0.126235142,0.0104987947,-0.0430682264
orig	4	227	v_conv_predelta-14	14	2048	0	2.296987e-02	4.775321e-02	0.0225694999,-0.000673101458,-0.0288224258,-0.00732508861	0.0233342722,-0.00188755128,-0.0280190818,-0.00745572476
orig	4	228	a_softplus-14	14	16	0	4.384923e-02	5.446589e-02	0.342483461,0.175658792,0.918789685,0.0129633071	0.370245159,0.187890425,0.932189584,0.0130807394
orig	4	229	gate-14	14	16	0	3.512097e-02	1.853108e-02	-0.107767195,-0.0293555278,-0.610851645,-0.0390048251	-0.116502807,-0.0313996412,-0.619760454,-0.0393581614
orig	4	230	beta_sigmoid-14	14	16	0	8.897072e-03	1.527473e-02	0.689314067,0.69707793,0.645305574,0.51042825	0.694642365,0.703912973,0.653425336,0.515927255
orig	4	231	state_predelta-14	14	262144	0	3.556947e-02	2.980036e-02	-0.000398445176,0.000337038888,-2.55610357e-05,0.000316757127	-0.000419369491,0.000311508076,-3.66983004e-05,0.000317112223
orig	4	232	new_state-14	14	262144	0	3.369594e-02	3.333879e-02	-0.000291334582,-0.00143274944,8.69232026e-05,-0.00028197249	-0.000306786533,-0.00151372177,0.000116290103,-0.000328795781
orig	4	233	attn_output-14	14	2048	0	1.626838e-02	1.455816e-04	2.0431055e-06,6.69665678e-06,4.93662492e-06,-6.86121211e-07	1.30961166e-06,6.47526667e-06,4.20651395e-06,-4.10450156e-07
orig	4	234	z-14	14	2048	0	1.801689e-02	1.472135e-01	0.358371496,1.22940409,0.674825728,0.250541568	0.360015452,1.27374518,0.725423634,0.268214196
orig	4	235	final_output-14	14	2048	0	4.175971e-02	3.812525e-02	0.000451238244,0.00634498568,0.00221026898,-8.80803564e-05	0.000290808472,0.00642051455,0.00205919077,-5.68527539e-05
orig	4	236	linear_attn_out-14	14	1024	0	5.444049e-02	5.311451e-03	0.115961991,0.00163815729,0.0264647119,-0.0118934214	0.117603622,0.00370586291,0.024389891,-0.00962075405
orig	4	237	attn_residual-14	14	1024	0	3.496211e-02	1.475051e-02	-0.888119042,-0.0117386607,-0.286358297,0.0818446055	-0.890777171,-0.00738949142,-0.294696331,0.0871008188
orig	4	238	attn_post_norm-14	14	1024	0	3.505126e-02	1.765376e-01	-8.67345142,-0.160782054,-3.68045402,1.02082634	-8.65710163,-0.10072013,-3.76919913,1.08110225
orig	4	239	ffn_out-14	14	1024	0	4.366090e-02	8.875720e-03	-0.0668911934,-0.0528089255,-0.0615366884,0.0100329975	-0.0757669136,-0.0541793108,-0.0624585561,0.00559428148
orig	4	240	l_out-14	14	1024	0	3.093316e-02	1.489824e-02	-0.955010235,-0.0645475835,-0.347894996,0.091877602	-0.966544092,-0.0615688041,-0.357154876,0.0926951021
orig	4	241	attn_norm-15	15	1024	0	3.037815e-02	1.471688e-01	-8.11424351,-0.612981856,-3.29661798,0.865680516	-8.18689728,-0.582889199,-3.37391925,0.870687783
orig	4	242	attn_pregate-15	15	2048	0	2.139386e-02	8.703060e-01	-0.288501352,0.148832574,-0.065359503,-0.151919082	-0.280558407,0.152008444,-0.0613396689,-0.155858874
orig	4	243	attn_gated-15	15	2048	0	2.524233e-02	3.199768e-02	-0.0382122621,0.0175783075,-0.00817719009,-0.0573821403	-0.0375508815,0.0180978607,-0.00784638152,-0.0583083741
orig	4	244	attn_output-15	15	1024	0	5.197914e-02	4.334882e-03	-0.198877245,0.0205116868,-0.0762160942,0.0407223701	-0.200046793,0.021075137,-0.0783721358,0.0408426374
orig	4	245	attn_residual-15	15	1024	0	3.248930e-02	1.666692e-02	-1.15388751,-0.0440358967,-0.424111098,0.13259998	-1.16659093,-0.0404936671,-0.435527027,0.13353774
orig	4	246	attn_post_norm-15	15	1024	0	3.334482e-02	1.664969e-01	-8.21440506,-0.495696753,-4.55298519,1.32090354	-8.27839756,-0.45437184,-4.66065311,1.32600975
orig	4	247	ffn_out-15	15	1024	0	4.388778e-02	9.135708e-03	0.205079049,-0.0592279769,0.0564432852,0.108119696	0.199321121,-0.0552852415,0.0573672466,0.110167295
orig	4	248	l_out-15	15	1024	0	3.258420e-02	1.846135e-02	-0.948808432,-0.10326387,-0.367667824,0.240719676	-0.967269778,-0.0957789123,-0.378159791,0.243705034
orig	4	249	attn_norm-16	16	1024	0	3.337025e-02	1.960220e-01	-8.21650124,-1.28617251,-3.81438923,2.79787111	-8.37872601,-1.19328105,-3.9243412,2.83336544
orig	4	250	conv_output_silu-16	16	6144	0	2.476966e-02	1.017270e-01	-0.190718606,-0.0920523927,0.158042416,-0.278453201	-0.200446784,-0.0942918733,0.149720117,-0.278233111
orig	4	251	q_conv_predelta-16	16	2048	0	2.412956e-02	2.322875e-02	-0.0211351607,-0.0102011133,0.0175140332,-0.0308577828	-0.0222330689,-0.010458624,0.0166065898,-0.0308609363
orig	4	252	k_conv_predelta-16	16	2048	0	3.510883e-02	2.501500e-02	0.186784506,-0.00924231671,-0.0223410465,-0.0974714309	0.181719214,-0.00610090699,-0.0259588975,-0.095854111
orig	4	253	v_conv_predelta-16	16	2048	0	1.910938e-02	5.791068e-02	-0.191318661,0.0395527706,0.390138179,0.0406877585	-0.197060749,0.0392991975,0.403496861,0.0366230309
orig	4	254	a_softplus-16	16	16	0	2.300054e-02	8.440280e-02	0.00379710784,0.991264999,0.06110112,0.995266318	0.00397914648,1.04166687,0.0643131286,1.04707217
orig	4	255	gate-16	16	16	0	2.553195e-02	5.173194e-02	-0.000771429273,-0.402074814,-0.0072974884,-0.215241447	-0.000808412675,-0.42251873,-0.00768110808,-0.226445243
orig	4	256	beta_sigmoid-16	16	16	0	1.390326e-02	1.896867e-02	0.471676499,0.461919725,0.587144315,0.725561202	0.488195807,0.468358487,0.591104507,0.739088297
orig	4	257	state_predelta-16	16	262144	0	3.077082e-02	7.970482e-02	-0.0202229656,0.000307766255,-0.00376681611,0.00777046755	-0.0207165834,0.000164736062,-0.00447303709,0.00782091357
orig	4	258	new_state-16	16	262144	0	3.046548e-02	8.049583e-02	-0.0279663391,0.000691451831,-0.00283587165,0.0118134078	-0.0290878117,0.00044621437,-0.00327118719,0.0122391181
orig	4	259	attn_output-16	16	2048	0	1.879637e-02	1.488745e-03	-0.000977052376,0.000130581015,0.0036443721,8.07310498e-05	-0.000985406688,0.000128077198,0.00364147383,7.01662211e-05
orig	4	260	z-16	16	2048	0	2.173295e-02	1.977205e-01	-0.0230796933,0.816447735,-3.72319174,0.271173358	-0.0399998724,0.82736659,-3.73442316,0.249646112
orig	4	261	final_output-16	16	2048	0	3.357057e-02	2.931219e-02	0.00519681349,0.0356598198,-0.17235674,0.00588354981	0.00905653555,0.0357618034,-0.171813935,0.00468992814
orig	4	262	linear_attn_out-16	16	1024	0	5.272114e-02	6.700397e-03	-0.385607868,0.0137968371,-0.0210257862,-0.071160242	-0.392308265,0.0123164607,-0.0198559463,-0.0716337711
orig	4	263	attn_residual-16	16	1024	0	3.242578e-02	2.516174e-02	-1.33441627,-0.0894670337,-0.388693601,0.169559434	-1.35957801,-0.0834624544,-0.398015738,0.172071263
orig	4	264	attn_post_norm-16	16	1024	0	3.370497e-02	1.658919e-01	-7.60675955,-0.858694494,-3.65159845,1.33089221	-7.74457932,-0.800482929,-3.73646688,1.34962964
orig	4	265	ffn_out-16	16	1024	0	5.386894e-02	7.543333e-03	0.0636901557,0.0184013173,0.0117272362,0.0597991645	0.0669666976,0.0163929686,0.00865973532,0.0546168312
orig	4	266	l_out-16	16	1024	0	3.374441e-02	2.188528e-02	-1.27072608,-0.0710657164,-0.376966357,0.229358599	-1.29261136,-0.0670694858,-0.389356017,0.226688087
orig	4	267	attn_norm-17	17	1024	0	3.457811e-02	2.161112e-01	-10.968852,-0.82471019,-4.08956528,2.42243004	-11.1433754,-0.777330637,-4.21852875,2.39113736
orig	4	268	conv_output_silu-17	17	6144	0	1.425762e-02	2.356358e-01	-0.235388577,-0.159793019,-0.270326853,0.0455609858	-0.231559992,-0.159775242,-0.269595772,0.0466057472
orig	4	269	q_conv_predelta-17	17	2048	0	1.877581e-02	1.969928e-02	-0.0254981499,-0.0173093621,-0.0292827897,0.00493533211	-0.0250092838,-0.0172562823,-0.0291172806,0.00503358291
orig	4	270	k_conv_predelta-17	17	2048	0	2.912151e-02	2.498960e-02	-0.0124767181,-0.0842392445,-0.0523021147,-0.0778296441	-0.0115213823,-0.0840133801,-0.0522667281,-0.0769418031
orig	4	271	v_conv_predelta-17	17	2048	0	1.659267e-02	5.379045e-02	-0.0890964866,-0.0394651964,-0.00182650681,-0.192259774	-0.0926700905,-0.047556594,-0.00199269713,-0.186078742
orig	4	272	a_softplus-17	17	16	0	1.938463e-02	6.404066e-02	0.399664849,0.00565180415,2.21092725,1.4501822	0.419814914,0.00574141461,2.26385498,1.4878267
orig	4	273	gate-17	17	16	0	2.671001e-02	2.843010e-02	-0.0941899791,-0.00146288774,-0.559009969,-0.50510031	-0.0989387929,-0.0014860821,-0.572392166,-0.518211901
orig	4	274	beta_sigmoid-17	17	16	0	7.518575e-03	1.449656e-02	0.80275023,0.215747803,0.970486879,0.74491924	0.803024173,0.220776781,0.971596539,0.746207237
orig	4	275	state_predelta-17	17	262144	0	2.756394e-02	5.077100e-02	0.00020097103,0.0145599339,0.00856642239,0.0146100521	0.000589052215,0.0149627989,0.00868410338,0.0147962058
orig	4	276	new_state-17	17	262144	0	2.673429e-02	5.197516e-02	0.000135209935,0.0129291108,0.00759644574,0.0129992263	0.000508135592,0.0133678643,0.00775069604,0.0132325711
orig	4	277	attn_output-17	17	2048	0	1.790610e-02	1.528822e-03	-0.000226176999,-0.000221651542,3.65171836e-05,-0.000402844744	-0.000226528107,-0.000230888516,3.57736135e-05,-0.000384870946
orig	4	278	z-17	17	2048	0	1.888637e-02	1.592669e-01	0.333160132,-0.409212887,-0.0691475868,-0.701289296	0.335612297,-0.378540546,-0.00175184011,-0.779904723
orig	4	279	final_output-17	17	2048	0	3.138039e-02	3.937995e-02	-0.0281769391,0.0257089138,-0.000599307648,0.0592183843	-0.028546704,0.0253100581,-1.54413847e-05,0.0598438904
orig	4	280	linear_attn_out-17	17	1024	0	4.411709e-02	5.085645e-03	-0.686543286,-0.00502737053,0.0290099531,0.00344557874	-0.690670788,-0.00510722911,0.0294091739,0.00132070482
orig	4	281	attn_residual-17	17	1024	0	3.247246e-02	2.601266e-02	-1.95726943,-0.0760930851,-0.347956419,0.232804179	-1.98328209,-0.0721767172,-0.359946847,0.228008792
orig	4	282	attn_post_norm-17	17	1024	0	3.480591e-02	1.414723e-01	-9.47481918,-0.645980656,-2.85020375,1.67657125	-9.5830164,-0.611601949,-2.94297695,1.63900495
orig	4	283	ffn_out-17	17	1024	0	4.507727e-02	8.577727e-03	0.0890913606,-0.0816043094,0.0559403636,0.0962014496	0.0806179494,-0.0819931552,0.0507691652,0.0945418179
orig	4	284	l_out-17	17	1024	0	3.251542e-02	3.448606e-02	-1.86817813,-0.157697394,-0.292016059,0.329005629	-1.90266418,-0.154169872,-0.309177697,0.322550595
orig	4	285	attn_norm-18	18	1024	0	3.269185e-02	2.453527e-01	-14.2080679,-1.57816696,-2.8124578,3.08129811	-14.4534206,-1.54106057,-2.97426152,3.01731014
orig	4	286	conv_output_silu-18	18	6144	0	1.280960e-02	8.215714e-02	-0.0903200656,-0.264304787,-0.0717390701,-0.263104141	-0.0923175886,-0.265490025,-0.0729750991,-0.266965151
orig	4	287	q_conv_predelta-18	18	2048	0	2.187015e-02	2.455485e-02	-0.0296305306,-0.0867082104,-0.0235348213,-0.0863143206	-0.0302629285,-0.0870311409,-0.0239222031,-0.0875147134
orig	4	288	k_conv_predelta-18	18	2048	0	2.249804e-02	1.418222e-02	-0.076920189,-0.0483227558,-0.0175089054,-0.0525984541	-0.0752763003,-0.0473452806,-0.0190025009,-0.0548105203
orig	4	289	v_conv_predelta-18	18	2048	0	1.509059e-02	7.497621e-02	0.0407732725,-0.0491667911,-0.0446538888,-0.109363765	0.039715644,-0.0452902764,-0.0418606065,-0.112294175
orig	4	290	a_softplus-18	18	16	0	5.750313e-03	2.907753e-02	0.00122079207,4.5988884,0.0446843058,4.04218054	0.00118614396,4.58780193,0.0434686728,4.06969547
orig	4	291	gate-18	18	16	0	6.009082e-03	9.440064e-03	-0.000508901838,-0.927049875,-0.0133122522,-1.08793819	-0.000494458363,-0.924815059,-0.0129500935,-1.09534371
orig	4	292	beta_sigmoid-18	18	16	0	2.899996e-03	5.247802e-03	0.591523111,0.767798543,0.329761952,0.907394588	0.594094574,0.768375576,0.327841163,0.907170653
orig	4	293	state_predelta-18	18	262144	0	2.443632e-02	1.026487e-01	-0.00109764014,-0.00866611581,-0.00483606476,-0.000242479698	-0.00105748116,-0.00859894697,-0.00507201487,-0.000207451929
orig	4	294	new_state-18	18	262144	1	2.351942e-02	1.003957e-01	-0.00104293576,-0.00862769131,-0.00482127909,-0.00020533106	-0.00102062442,-0.00857184455,-0.00506033516,-0.000180893781
orig	4	295	attn_output-18	18	2048	0	1.851629e-02	3.563747e-03	0.00349196605,-0.00668387301,-0.00117802131,-0.00527757872	0.00335806585,-0.00652097631,-0.0011325205,-0.00520643964
orig	4	296	z-18	18	2048	0	1.849055e-02	2.114859e-01	-0.227029234,-0.732321978,-0.31025511,-1.37412059	-0.138270587,-0.698292077,-0.304213405,-1.36493492
orig	4	297	final_output-18	18	2048	0	3.074076e-02	3.471804e-02	-0.0164518468,0.0870010108,0.00773062464,0.0696837455	-0.0103307981,0.0845847502,0.00746968063,0.0702633113
orig	4	298	linear_attn_out-18	18	1024	0	3.889302e-02	5.890615e-03	-0.447457403,-0.0329644904,0.0698433667,-0.0947624445	-0.452509671,-0.0316369534,0.0697511882,-0.0968739241
orig	4	299	attn_residual-18	18	1024	0	3.133265e-02	3.953838e-02	-2.31563544,-0.190661877,-0.222172692,0.234243184	-2.35517383,-0.185806826,-0.239426509,0.225676671
orig	4	300	attn_post_norm-18	18	1024	0	3.321682e-02	1.733437e-01	-11.0428677,-1.4132762,-1.6742208,1.51266789	-11.2162113,-1.37542319,-1.80179679,1.45537472
orig	4	301	ffn_out-18	18	1024	0	4.543878e-02	7.975418e-03	-0.447470129,0.00793058425,-0.058880724,0.0781595111	-0.443089157,0.00912710745,-0.0543430075,0.0801018104
orig	4	302	l_out-18	18	1024	0	3.082067e-02	3.515744e-02	-2.76310563,-0.182731301,-0.281053424,0.312402695	-2.79826307,-0.176679716,-0.293769509,0.305778474
orig	4	303	attn_norm-19	19	1024	0	3.015490e-02	1.403221e-01	-13.4630432,-0.990276873,-1.56988573,1.72540426	-13.590167,-0.954379082,-1.63559735,1.68334651
orig	4	304	attn_pregate-19	19	2048	0	3.515063e-02	1.636596e-01	0.0368847102,0.202110738,-0.0480976701,0.00556468964	0.0319113247,0.21070686,-0.0824044123,0.0146515183
orig	4	305	attn_gated-19	19	2048	0	2.536319e-02	5.056214e-02	0.00121381332,0.00864826236,-0.00279879407,0.000236693697	0.00105427369,0.00911883265,-0.00472214818,0.000624872453
orig	4	306	attn_output-19	19	1024	0	7.272839e-02	1.459484e-02	0.208882093,-0.0175799429,-0.0834666193,0.203299791	0.196171105,-0.0190458,-0.0873509496,0.217894629
orig	4	307	attn_residual-19	19	1024	0	3.433276e-02	4.786849e-02	-2.55422354,-0.200311244,-0.364520043,0.515702486	-2.60209203,-0.195725515,-0.381120443,0.523673117
orig	4	308	attn_post_norm-19	19	1024	0	3.585121e-02	1.809168e-01	-12.4150944,-1.44115222,-2.39777207,2.81928897	-12.5960112,-1.40239787,-2.49670935,2.85114908
orig	4	309	ffn_out-19	19	1024	0	5.538933e-02	1.768380e-02	0.370969117,-0.0423567779,0.00892015174,0.103833571	0.388652921,-0.0444643199,0.00598276779,0.113174886
orig	4	310	l_out-19	19	1024	0	3.643356e-02	3.018451e-02	-2.18325448,-0.242668018,-0.35559988,0.619536042	-2.21343899,-0.240189835,-0.375137687,0.636847973
orig	4	311	attn_norm-20	20	1024	0	3.665320e-02	1.918303e-01	-12.4941158,-1.95084369,-2.66411185,4.15629673	-12.6247787,-1.92450774,-2.80115175,4.2582469
orig	4	312	conv_output_silu-20	20	6144	0	2.088277e-02	1.206686e-01	0.1907022,-0.253445446,-0.200321153,-0.0609322116	0.192261502,-0.253803074,-0.205628008,-0.0582347475
orig	4	313	q_conv_predelta-20	20	2048	0	2.381950e-02	2.333958e-02	0.0542880856,-0.0721495003,-0.0570263565,-0.0173458569	0.0551175289,-0.072760269,-0.0589494407,-0.0166947376
orig	4	314	k_conv_predelta-20	20	2048	0	3.214368e-02	3.641626e-02	-0.0356551409,-0.0152336117,0.0177385863,-0.0755571723	-0.0363468602,-0.0155848786,0.016875634,-0.0757680908
orig	4	315	v_conv_predelta-20	20	2048	0	1.946296e-02	1.206686e-01	-0.110737681,0.0471736044,-0.0412567295,0.0572348982	-0.110655434,0.0491455644,-0.0404504091,0.0550189018
orig	4	316	a_softplus-20	20	16	0	1.455484e-02	6.938648e-02	0.448670745,0.300236791,0.126845405,3.29386258	0.418824494,0.303511798,0.130699217,3.36324906
orig	4	317	gate-20	20	16	0	1.317959e-02	2.695733e-02	-0.100111976,-0.0521733314,-0.0231002644,-0.943707466	-0.0934523791,-0.052742444,-0.023802096,-0.963587046
orig	4	318	beta_sigmoid-20	20	16	0	5.832063e-03	1.224887e-02	0.904265523,0.965570688,0.910592616,0.742662251	0.904750705,0.965378702,0.910846353,0.748683512
orig	4	319	state_predelta-20	20	262144	0	2.765474e-02	6.236064e-02	-0.00134726544,-0.00279285107,-0.0010885722,-0.0019531427	-0.00107456488,-0.00282776006,-0.00111756497,-0.00168382423
orig	4	320	new_state-20	20	262144	0	2.667599e-02	5.525689e-02	0.00298640132,-0.000730075408,-0.00307703577,0.00714445906	0.00327279838,-0.000752508058,-0.0029918002,0.0073289983
orig	4	321	attn_output-20	20	2048	0	2.292529e-02	4.326373e-03	-0.00346588995,0.00180240301,-0.00145654532,0.00179885072	-0.00346582709,0.0018599442,-0.00142845081,0.0017336841
orig	4	322	z-20	20	2048	0	1.866716e-02	2.026634e-01	-0.167930096,-0.750593781,-0.191670045,1.59100616	-0.181623906,-0.694548011,-0.219909579,1.61446571
orig	4	323	final_output-20	20	2048	0	5.737038e-02	2.428353e-01	0.0287991483,-0.0495809577,0.0131839337,0.231245562	0.0309484191,-0.0492153168,0.0146207735,0.227283463
orig	4	324	linear_attn_out-20	20	1024	0	5.056311e-02	1.123125e-02	-1.36336851,-0.0573470891,-0.00870027486,0.360146344	-1.36802042,-0.0534640551,-0.0149860606,0.35911867
orig	4	325	attn_residual-20	20	1024	0	3.476121e-02	3.483653e-02	-3.54662299,-0.300015092,-0.364300162,0.979682386	-3.58145952,-0.293653905,-0.390123755,0.995966673
orig	4	326	attn_post_norm-20	20	1024	0	3.777821e-02	1.777656e-01	-12.7441721,-1.88910961,-2.32142115,4.86511183	-12.8114557,-1.84073687,-2.47479272,4.9237299
orig	4	327	ffn_out-20	20	1024	0	6.105861e-02	1.882902e-02	0.386644453,-0.0485297106,-0.0730680078,0.0479469597	0.405473471,-0.0461409315,-0.0741832405,0.0526863299
orig	4	328	l_out-20	20	1024	0	3.718258e-02	3.102660e-02	-3.15997863,-0.348544806,-0.437368155,1.02762938	-3.17598605,-0.339794844,-0.46430701,1.04865301
orig	4	329	attn_norm-21	21	1024	0	3.845861e-02	2.148483e-01	-15.466898,-2.6193049,-2.99849343,6.55405569	-15.4790468,-2.54267478,-3.16962409,6.65965843
orig	4	330	conv_output_silu-21	21	6144	0	1.470055e-02	1.847069e-01	-0.0945494696,-0.0371630788,-0.26971525,-0.0957267731	-0.0962013081,-0.0358226262,-0.269480348,-0.0926269367
orig	4	331	q_conv_predelta-21	21	2048	0	1.747290e-02	1.550938e-02	-0.0173962172,-0.00683765812,-0.0496250801,-0.0176128298	-0.0176932402,-0.00658845855,-0.0495625325,-0.0170358457
orig	4	332	k_conv_predelta-21	21	2048	0	2.970941e-02	3.798561e-02	-0.0103376657,-0.0197884161,-0.0235132948,-0.044431407	-0.00981736742,-0.0198486242,-0.0221018102,-0.0424194299
orig	4	333	v_conv_predelta-21	21	2048	0	1.858932e-02	6.894299e-02	-0.0055007115,-0.0150050512,-0.116569683,0.00364996889	-0.00448038988,-0.0143346116,-0.115285911,0.00284240698
orig	4	334	a_softplus-21	21	16	0	2.081918e-02	1.366282e-01	0.457394928,3.0025301,0.0455790348,1.45600903	0.462247163,3.0669806,0.0409259759,1.46958697
orig	4	335	gate-21	21	16	0	2.052424e-02	2.607596e-02	-0.135205686,-0.777161479,-0.0170316398,-0.690461874	-0.136639997,-0.793843508,-0.0152929192,-0.696900725
orig	4	336	beta_sigmoid-21	21	16	0	5.211067e-03	1.148498e-02	0.705976605,0.955593288,0.516176283,0.911329865	0.703258991,0.953624249,0.515865088,0.910960197
orig	4	337	state_predelta-21	21	262144	0	3.442274e-02	8.024397e-02	-0.0006177795,-0.00226448057,0.00375266117,-0.0035452717	-0.00107885664,-0.00198289962,0.00365176355,-0.00350230373
orig	4	338	new_state-21	21	262144	0	3.205912e-02	8.029640e-02	-0.000268557167,-0.00145917316,0.00389469974,-0.00193175115	-0.000688317523,-0.00121864118,0.00375439553,-0.001962899
orig	4	339	attn_output-21	21	2048	0	1.276350e-02	1.564912e-03	-1.14202712e-05,3.54086137e-06,-8.55124817e-05,-8.27264466e-06	-5.02962257e-06,3.77062156e-06,-7.68181271e-05,-1.38532432e-05
orig	4	340	z-21	21	2048	0	2.743083e-02	1.895983e-01	-2.0583117,-1.85421371,-0.554563522,-2.59414148	-2.13833451,-1.94278574,-0.572336435,-2.61275935
orig	4	341	final_output-21	21	2048	0	4.981994e-02	7.481545e-02	0.00222396594,-0.000613218814,0.0130449412,0.00139782368	0.000948247383,-0.0006339518,0.0119669475,0.00231879554
orig	4	342	linear_attn_out-21	21	1024	0	5.037748e-02	7.212661e-03	-0.834378123,-0.0122459158,0.0794630945,0.195012838	-0.840576828,-0.0108498931,0.0818347856,0.19364056
orig	4	343	attn_residual-21	21	1024	0	3.541376e-02	2.994782e-02	-3.99435663,-0.36079073,-0.35790506,1.22264218	-4.01656294,-0.350644737,-0.382472217,1.2422936
orig	4	344	attn_post_norm-21	21	1024	0	3.868405e-02	1.719308e-01	-13.5781784,-2.12006736,-2.07536507,5.66794538	-13.5932055,-2.05132389,-2.20800066,5.73354387
orig	4	345	ffn_out-21	21	1024	0	5.986307e-02	1.281513e-02	0.268877029,-0.012216771,-0.0783274472,0.021952007	0.280423522,-0.0132105444,-0.0783414096,0.0146234389
orig	4	346	l_out-21	21	1024	0	3.668288e-02	3.002879e-02	-3.7254796,-0.373007506,-0.436232507,1.24459422	-3.7361393,-0.363855273,-0.460813642,1.256917
orig	4	347	attn_norm-22	22	1024	0	3.764205e-02	1.885560e-01	-15.9024,-2.28425288,-2.45797896,7.00351524	-15.8917952,-2.22036648,-2.58734798,7.04797411
orig	4	348	conv_output_silu-22	22	6144	0	1.785732e-02	1.364994e-01	0.0511710048,-0.0129358871,0.0452132486,-0.0393068604	0.0363037959,-0.0123356869,0.0473575853,-0.0404666439
orig	4	349	q_conv_predelta-22	22	2048	0	1.772984e-02	1.701893e-02	0.0116074272,-0.00293432549,0.0102559943,-0.00891621225	0.00819175318,-0.00278348057,0.0106859813,-0.00913107768
orig	4	350	k_conv_predelta-22	22	2048	0	2.921045e-02	2.141114e-02	0.021461945,-0.128192082,-0.109970398,-0.0996854082	0.0215545613,-0.126423329,-0.105147548,-0.09923473
orig	4	351	v_conv_predelta-22	22	2048	0	2.230250e-02	4.861522e-02	0.00441153906,-0.0181777086,0.0110670365,-0.0219279751	0.00409310125,-0.01825496,0.0108281942,-0.0226877872
orig	4	352	a_softplus-22	22	16	0	1.187472e-02	1.021204e-01	2.49551082,4.72951174,4.31037569,0.218319222	2.51076508,4.83163214,4.32540846,0.211624503
orig	4	353	gate-22	22	16	0	9.547508e-03	3.196597e-02	-0.461623102,-1.07191527,-2.82681346,-0.0410209671	-0.464444846,-1.09506023,-2.83667207,-0.0397630669
orig	4	354	beta_sigmoid-22	22	16	0	4.596474e-03	8.554190e-03	0.603150606,0.884743035,0.952572525,0.578673005	0.601908445,0.887291491,0.951812923,0.576059997
orig	4	355	state_predelta-22	22	262144	0	3.469976e-02	3.398371e-02	0.000208134603,4.3005879e-05,0.000201893912,-3.98758566e-05	0.000179860435,1.69940758e-05,0.000179361668,-6.30528375e-05
orig	4	356	new_state-22	22	262144	0	3.052422e-02	3.790295e-02	0.0001885565,-0.000315611309,-0.000166755664,-0.000291636941	0.000167353952,-0.000307889073,-0.000152231602,-0.000289685704
orig	4	357	attn_output-22	22	2048	0	2.821340e-02	1.308164e-03	4.54151041e-06,-8.9648318e-05,0.00014627786,-0.000156325637	3.91610865e-06,-8.9642097e-05,0.000136645409,-0.00015380171
orig	4	358	z-22	22	2048	0	2.294412e-02	1.821592e-01	1.71651924,-0.787588954,-1.7377255,-0.303674877	1.70221019,-0.825277388,-1.76521337,-0.280465692
orig	4	359	final_output-22	22	2048	0	4.204827e-02	1.313938e-01	0.00750495447,0.0226619486,-0.0406540595,0.019416891	0.00640808512,0.023150757,-0.0377117991,0.0178922806
orig	4	360	linear_attn_out-22	22	1024	0	5.398527e-02	1.756847e-02	-0.795028448,-0.0205417536,-0.0347787477,0.0528181344	-0.812596917,-0.0204438698,-0.0383558981,0.0488737896
orig	4	361	attn_residual-22	22	1024	0	3.542326e-02	2.899688e-02	-4.52050781,-0.393549263,-0.471011251,1.2974124	-4.5487361,-0.384299129,-0.499169528,1.30579078
orig	4	362	attn_post_norm-22	22	1024	0	3.810744e-02	1.479037e-01	-16.0110817,-2.01109099,-2.36406922,5.35391665	-16.055851,-1.95709157,-2.49681354,5.37002468
orig	4	363	ffn_out-22	22	1024	0	6.083085e-02	5.854027e-02	-0.145454466,-0.0112539679,0.082274802,-0.0675094351	-0.0869141966,-0.00633858517,0.0834156871,-0.0600126758
orig	4	364	l_out-22	22	1024	0	3.758259e-02	3.548852e-02	-4.66596222,-0.404803216,-0.388736457,1.22990298	-4.63565016,-0.390637726,-0.415753841,1.24577808
orig	4	365	attn_norm-23	23	1024	0	3.752104e-02	1.442259e-01	-16.2453289,-1.80464733,-1.79078758,4.62480164	-16.1566601,-1.74331629,-1.91725004,4.68939257
orig	4	366	attn_pregate-23	23	2048	0	9.962007e-03	1.863809e-01	-7.22501183,0.167170435,-0.484225214,0.117631659	-7.23736858,0.176450148,-0.486729801,0.0749355257
orig	4	367	attn_gated-23	23	2048	0	2.847065e-02	1.133084e-01	-1.35562956,0.0151921641,-0.05001387,0.0100568179	-1.33035898,0.0162188057,-0.0496214926,0.00660580583
orig	4	368	attn_output-23	23	1024	0	4.162581e-02	2.115400e-02	-0.30271703,-0.00186799094,-0.0164715908,0.164626896	-0.318824589,-0.00324151292,-0.00722725689,0.164684519
orig	4	369	attn_residual-23	23	1024	0	3.984205e-02	3.255653e-02	-4.96867943,-0.406671196,-0.405208051,1.39452982	-4.95447493,-0.393879235,-0.422981083,1.41046262
orig	4	370	attn_post_norm-23	23	1024	0	4.186258e-02	1.468859e-01	-17.7513161,-1.75628674,-1.61002469,5.18321991	-17.6756058,-1.69864333,-1.67827272,5.23504639
orig	4	371	ffn_out-23	23	1024	0	2.859499e-02	7.970548e-02	2.71523881,0.698509872,0.9516958,0.129282594	2.79494429,0.712202728,0.959285617,0.160075575
orig	4	372	l_out-23	23	1024	0	3.936538e-02	9.390998e-02	-2.25344062,0.291838676,0.546487749,1.52381241	-2.15953064,0.318323493,0.536304533,1.57053816
orig	4	373	result_norm	-1	1024	0	4.117617e-02	5.113416e-01	-1.35778403,2.96158242,5.3840127,16.752306	-1.29191375,3.20729756,5.24598074,17.1427746
orig	4	374	result_output	-1	248320	0	4.771425e-02	5.984524e-01	12.9184694,10.3695164,4.48706627,9.8991127	13.0562735,10.4832182,4.7546339,10.0208969
orig	28	375	model.input_embed	-1	1024	1024	0.000000e+00	0.000000e+00	-0.00443530083,-0.0236549377,0.0192196369,0.0280902386	-0.00443530083,-0.0236549377,0.0192196369,0.0280902386
orig	28	376	attn_norm-0	0	1024	1024	0.000000e+00	0.000000e+00	-0.355813235,-1.22866762,1.183496,1.96739697	-0.355813235,-1.22866762,1.183496,1.96739697
orig	28	377	conv_output_silu-0	0	6144	6144	0.000000e+00	0.000000e+00	-0.0379437357,-0.0100741265,-0.00457119057,-0.0573598966	-0.0379437357,-0.0100741265,-0.00457119057,-0.0573598966
orig	28	378	q_conv_predelta-0	0	2048	2048	0.000000e+00	0.000000e+00	-0.0646868423,-0.0171744656,-0.00779300882,-0.0977876931	-0.0646868423,-0.0171744656,-0.00779300882,-0.0977876931
orig	28	379	k_conv_predelta-0	0	2048	2048	0.000000e+00	0.000000e+00	0.0591997094,-0.127992496,-0.0746471658,0.00174158427	0.0591997094,-0.127992496,-0.0746471658,0.00174158427
orig	28	380	v_conv_predelta-0	0	2048	2048	0.000000e+00	0.000000e+00	0.0766799599,-0.0106751742,-0.00472295424,-0.036742989	0.0766799599,-0.0106751742,-0.00472295424,-0.036742989
orig	28	381	a_softplus-0	0	16	16	0.000000e+00	0.000000e+00	3.9730978,0.000217890847,0.00040475282,3.75231338	3.9730978,0.000217890847,0.00040475282,3.75231338
orig	28	382	gate-0	0	16	16	0.000000e+00	0.000000e+00	-5.14157057,-2.85810584e-05,-4.8340833e-05,-2.12966847	-5.14157057,-2.85810584e-05,-4.8340833e-05,-2.12966847
orig	28	383	beta_sigmoid-0	0	16	16	0.000000e+00	0.000000e+00	0.444926709,0.52553463,0.460861266,0.997994304	0.444926709,0.52553463,0.460861266,0.997994304
orig	28	384	state_predelta-0	0	262144	141208	7.288143e-08	1.490116e-07	-1.9852705e-06,4.34703088e-06,3.50095343e-06,2.674266e-07	-1.9852705e-06,4.34703088e-06,3.50095343e-06,2.674266e-07
orig	28	385	new_state-0	0	262144	142919	7.245410e-08	1.490116e-07	0.00201968523,-0.00436665164,-0.00254669203,5.94186131e-05	0.00201968523,-0.00436665164,-0.00254669203,5.94186131e-05
orig	28	386	attn_output-0	0	2048	1476	2.824174e-08	3.725290e-09	6.8563545e-06,-9.65426921e-07,-3.60865414e-07,-3.29754198e-06	6.8563545e-06,-9.65426921e-07,-3.60865414e-07,-3.29754198e-06
orig	28	387	z-0	0	2048	2048	0.000000e+00	0.000000e+00	0.963563442,-0.744903564,0.654985309,-1.23944759	0.963563442,-0.744903564,0.654985309,-1.23944759
orig	28	388	final_output-0	0	2048	1418	3.922960e-08	1.192093e-07	0.00460561551,0.000229250523,-0.000144311794,0.000848213851	0.00460561551,0.000229250523,-0.000144311794,0.000848213851
orig	28	389	linear_attn_out-0	0	1024	1024	0.000000e+00	0.000000e+00	-0.479343086,0.0208116993,-0.121387951,-0.0108986348	-0.479343086,0.0208116993,-0.121387951,-0.0108986348
orig	28	390	attn_residual-0	0	1024	1024	0.000000e+00	0.000000e+00	-0.483778387,-0.00284323841,-0.102168314,0.0171916038	-0.483778387,-0.00284323841,-0.102168314,0.0171916038
orig	28	391	attn_post_norm-0	0	1024	1024	0.000000e+00	0.000000e+00	-8.43921757,-0.0909809321,-3.36409044,0.554672718	-8.43921757,-0.0909809321,-3.36409044,0.554672718
orig	28	392	ffn_out-0	0	1024	1024	0.000000e+00	0.000000e+00	0.0362266973,0.0326891318,0.0168542545,-0.028310677	0.0362266973,0.0326891318,0.0168542545,-0.028310677
orig	28	393	l_out-0	0	1024	1024	0.000000e+00	0.000000e+00	-0.447551697,0.0298458934,-0.0853140578,-0.0111190733	-0.447551697,0.0298458934,-0.0853140578,-0.0111190733
orig	28	394	attn_norm-1	1	1024	1024	0.000000e+00	0.000000e+00	-14.0762701,1.2163496,-3.32574749,-0.464739978	-14.0762701,1.2163496,-3.32574749,-0.464739978
orig	28	395	conv_output_silu-1	1	6144	1693	2.211537e-07	5.960464e-07	0.011661876,-0.01300437,-0.147895396,-0.278444409	0.011661876,-0.0130043719,-0.147895396,-0.278444409
orig	28	396	q_conv_predelta-1	1	2048	950	1.550359e-07	1.490116e-07	0.00423357822,-0.00472093979,-0.0536900535,-0.101082891	0.00423357822,-0.00472094072,-0.0536900535,-0.101082891
orig	28	397	k_conv_predelta-1	1	2048	364	2.748498e-07	2.384186e-07	-0.106026553,0.0245726667,-0.0124976626,0.0516721867	-0.10602656,0.0245726891,-0.0124976626,0.051672183
orig	28	398	v_conv_predelta-1	1	2048	320	2.859786e-07	5.960464e-07	-0.0835829675,0.0522022992,-0.00316645787,-0.0019307927	-0.0835830569,0.052202329,-0.00316645624,-0.00193079456
orig	28	399	a_softplus-1	1	16	16	0.000000e+00	0.000000e+00	0.00625865022,0.610671878,0.653646231,0.417819947	0.00625865022,0.610671878,0.653646231,0.417819947
orig	28	400	gate-1	1	16	16	0.000000e+00	0.000000e+00	-0.00112211413,-0.658683658,-0.748677611,-0.126436234	-0.00112211413,-0.658683658,-0.748677611,-0.126436234
orig	28	401	beta_sigmoid-1	1	16	16	0.000000e+00	0.000000e+00	0.258447707,0.963361263,0.950765729,0.732100487	0.258447707,0.963361263,0.950765729,0.732100487
orig	28	402	state_predelta-1	1	262144	16891	2.573212e-04	3.207289e-04	-0.0130763259,0.021342054,0.00178249017,-0.0134303831	-0.0130991302,0.0213524774,0.00177767512,-0.0134294936
orig	28	403	new_state-1	1	262144	8082	2.095810e-04	3.186148e-04	-0.0105502633,0.0207360778,0.00207651709,-0.0146392547	-0.0105727855,0.0207464304,0.00207173778,-0.0146384919
orig	28	404	attn_output-1	1	2048	90	4.498926e-05	1.488253e-06	-0.000713339774,0.000502837938,4.79848268e-07,2.67758733e-05	-0.000713498797,0.000502783048,4.94968958e-07,2.67690448e-05
orig	28	405	z-1	1	2048	2048	0.000000e+00	0.000000e+00	-5.5540638,-5.95376921,-2.51962709,-0.212670088	-5.5540638,-5.95376921,-2.51962709,-0.212670088
orig	28	406	final_output-1	1	2048	111	2.988220e-05	2.657622e-05	0.0128283752,-0.00649372349,-8.26883916e-05,-0.00257626339	0.0128313387,-0.00649306737,-8.52947051e-05,-0.00257562753
orig	28	407	linear_attn_out-1	1	1024	31	1.020521e-06	4.246831e-07	-0.0345047712,-0.0251502749,-0.0797232091,0.0289953277	-0.0345047414,-0.0251503102,-0.0797232464,0.0289953258
orig	28	408	attn_residual-1	1	1024	57	6.553663e-07	4.246831e-07	-0.482056469,0.00469561853,-0.165037274,0.0178762544	-0.482056439,0.00469558313,-0.165037304,0.0178762525
orig	28	409	attn_post_norm-1	1	1024	51	6.725953e-07	7.867813e-06	-7.31955242,0.112314045,-3.98792911,0.456037134	-7.31955099,0.112313196,-3.98792934,0.456037045
orig	28	410	ffn_out-1	1	1024	91	2.922075e-07	3.725290e-08	-0.0628211945,-0.00228133751,-0.033430595,-0.014658385	-0.0628211722,-0.0022813417,-0.033430595,-0.0146583878
orig	28	411	l_out-1	1	1024	62	6.574207e-07	4.172325e-07	-0.544877648,0.00241428101,-0.198467866,0.00321786944	-0.544877589,0.00241424143,-0.198467895,0.00321786478
orig	28	412	attn_norm-2	2	1024	52	7.114847e-07	1.478195e-05	-13.7469149,0.0746156946,-5.92259932,0.100719877	-13.7469149,0.0746144727,-5.92260075,0.10071975
orig	28	413	conv_output_silu-2	2	6144	0	6.271685e-03	3.959227e-02	0.0508381836,-0.037875399,-0.0228484161,-0.00707038725	0.0507954136,-0.037861526,-0.0228707697,-0.00704903062
orig	28	414	q_conv_predelta-2	2	2048	0	4.060857e-03	5.724460e-03	0.032318335,-0.0240777638,-0.0145249628,-0.00449471455	0.0323266685,-0.0240954235,-0.0145551693,-0.00448606815
orig	28	415	k_conv_predelta-2	2	2048	0	1.025179e-02	1.109383e-02	0.0401377603,-0.0503263324,-0.0416972451,-0.166473895	0.0401884839,-0.0494480878,-0.0415849984,-0.166559324
orig	28	416	v_conv_predelta-2	2	2048	0	9.728390e-03	1.563007e-02	0.00316491793,-0.0354219414,-0.00813333876,-0.0134695042	0.00309200701,-0.0354028828,-0.00760233635,-0.0139740156
orig	28	417	a_softplus-2	2	16	16	0.000000e+00	0.000000e+00	1.29277742,0.0140563715,0.0476785824,0.742868423	1.29277742,0.0140563715,0.0476785824,0.742868423
orig	28	418	gate-2	2	16	16	0.000000e+00	0.000000e+00	-1.16053689,-0.00396478176,-0.0142043,-0.48528564	-1.16053689,-0.00396478176,-0.0142043,-0.48528564
orig	28	419	beta_sigmoid-2	2	16	16	0.000000e+00	0.000000e+00	0.425806671,0.285492867,0.269860327,0.716315091	0.425806671,0.285492867,0.269860327,0.716315091
orig	28	420	state_predelta-2	2	262144	0	9.591070e-03	1.328566e-02	6.35578772e-06,-1.21400299e-05,2.95600094e-05,0.000161745702	7.05478033e-06,-1.26377909e-05,3.10274372e-05,0.000164695637
orig	28	421	new_state-2	2	262144	0	9.513520e-03	1.215418e-02	5.52889251e-05,-7.06302817e-05,-4.61066447e-05,-0.000170377098	5.42690432e-05,-6.80128433e-05,-4.41461962e-05,-0.000164152603
orig	28	422	attn_output-2	2	2048	0	4.205681e-03	1.324350e-04	-2.01895e-06,1.95159719e-05,4.54867177e-06,7.14408998e-06	-2.01906732e-06,1.98671369e-05,4.33643163e-06,7.55995461e-06
orig	28	423	z-2	2	2048	322	1.603889e-07	1.907349e-06	1.23792195,0.105916649,0.196250081,-0.459848285	1.23792219,0.105916739,0.196249843,-0.459848404
orig	28	424	final_output-2	2	2048	0	7.746483e-03	1.099291e-02	-0.00197450328,0.000720538374,0.000446581776,-0.00123833597	-0.0019744006,0.00073342328,0.00042569681,-0.00131027645
orig	28	425	linear_attn_out-2	2	1024	0	2.140402e-02	1.733955e-03	-0.394632638,-0.0285854768,0.00960105471,-0.0383195058	-0.395660758,-0.0280276816,0.00833310559,-0.0392014198
orig	28	426	attn_residual-2	2	1024	0	9.337563e-03	1.733974e-03	-0.939510286,-0.0261711963,-0.188866809,-0.0351016372	-0.940538347,-0.0256134402,-0.190134794,-0.035983555
orig	28	427	attn_post_norm-2	2	1024	0	1.047843e-02	4.303312e-02	-12.6546555,-0.553631067,-4.05567169,-0.751401484	-12.6716833,-0.541968226,-4.08392525,-0.77047354
orig	28	428	ffn_out-2	2	1024	0	2.867135e-02	5.957782e-03	0.591763198,0.00991100166,-0.0277483966,-0.00983495824	0.597720981,0.00977591425,-0.0270194076,-0.0119284838
orig	28	429	l_out-2	2	1024	0	2.162851e-02	4.929721e-03	-0.347747087,-0.0162601955,-0.2166152,-0.0449365973	-0.342817366,-0.0158375259,-0.217154205,-0.0479120389
orig	28	430	attn_norm-3	3	1024	0	2.156251e-02	1.083017e-01	-7.9798789,-0.445440382,-5.36378384,-1.17346287	-7.88548088,-0.434894294,-5.38992977,-1.25414097
orig	28	431	attn_pregate-3	3	2048	0	1.655714e-02	3.994247e-02	0.147749305,-0.0174730215,0.265874177,0.359543473	0.142976761,-0.00538605172,0.264070272,0.371622562
orig	28	432	attn_gated-3	3	2048	0	2.326992e-02	1.849428e-02	0.0454292521,-0.0013916546,0.0150021855,0.00543493731	0.0441328697,-0.000437761279,0.0153261833,0.00562661001
orig	28	433	attn_output-3	3	1024	0	3.730256e-02	3.361706e-03	-0.254446626,-0.0227011666,0.0206896961,-0.017520031	-0.252205819,-0.0228931196,0.0190254152,-0.0189857967
orig	28	434	attn_residual-3	3	1024	0	2.519596e-02	7.170558e-03	-0.602193713,-0.0389613621,-0.195925504,-0.0624566302	-0.595023155,-0.0387306437,-0.19812879,-0.0668978393
orig	28	435	attn_post_norm-3	3	1024	0	2.705363e-02	1.314903e-01	-8.16881943,-0.791486382,-4.09978867,-1.31825781	-8.08055115,-0.787676811,-4.15051603,-1.41357195
orig	28	436	ffn_out-3	3	1024	0	4.928457e-02	6.812170e-03	-0.00602258742,-0.0292333942,0.00581762195,-0.0120726228	-0.0112971067,-0.0305982549,0.00694338977,-0.00941876322
orig	28	437	l_out-3	3	1024	0	2.855960e-02	5.693933e-03	-0.608216286,-0.0681947544,-0.190107882,-0.0745292529	-0.606320262,-0.0693288967,-0.1911854,-0.0763166025
orig	28	438	attn_norm-4	4	1024	0	2.970652e-02	1.487089e-01	-12.5194168,-1.85140324,-4.81018114,-2.07434392	-12.4982176,-1.88488257,-4.84435463,-2.12712455
orig	28	439	conv_output_silu-4	4	6144	0	2.083614e-02	1.836243e-01	-0.0287505928,0.0172714666,-0.0559585392,-0.195339352	-0.0358564481,0.0176654253,-0.0580530204,-0.197466969
orig	28	440	q_conv_predelta-4	4	2048	0	2.170861e-02	2.452399e-02	-0.00632281741,0.00379833323,-0.0123063764,-0.042958945	-0.00780875934,0.0038471478,-0.0126426937,-0.0430040397
orig	28	441	k_conv_predelta-4	4	2048	0	2.563660e-02	1.882114e-02	-0.00145156472,0.426597536,0.0221505389,-0.00312491949	-0.00120857987,0.426778257,0.0226296037,-0.00372394966
orig	28	442	v_conv_predelta-4	4	2048	0	1.264998e-02	5.916095e-02	-0.0793101713,0.00101613859,-0.00268716342,-0.00342361489	-0.0778707117,0.00132342242,-0.00199939124,-0.00323408865
orig	28	443	a_softplus-4	4	16	0	1.375719e-02	3.357649e-02	0.115396641,2.14226627,0.015827151,1.60431397	0.11368008,2.12732172,0.0161429737,1.57073748
orig	28	444	gate-4	4	16	0	1.018368e-02	1.762456e-02	-0.0481044762,-2.08143115,-0.00498023396,-0.842118084	-0.0473889075,-2.06691098,-0.00507961167,-0.824493527
orig	28	445	beta_sigmoid-4	4	16	0	6.552730e-03	6.151035e-03	0.474845916,0.932374418,0.347021699,0.369117796	0.472816378,0.933688521,0.344819397,0.36960271
orig	28	446	state_predelta-4	4	262144	0	1.345664e-02	7.696319e-02	0.000942095765,-0.0270953905,0.000903770444,-0.00218584295	0.000996161136,-0.0273459777,0.000195150264,-0.00211620913
orig	28	447	new_state-4	4	262144	0	1.351989e-02	7.508516e-02	0.000927003333,-0.0343907997,0.00041644345,-0.00202042074	0.000973912771,-0.0345049948,-0.000260594796,-0.00194475183
orig	28	448	attn_output-4	4	2048	0	1.639929e-02	2.839573e-03	-9.95090159e-05,1.21936828e-05,2.13507337e-05,-1.3130847e-05	-9.94052461e-05,1.14595232e-05,2.19101876e-05,-1.10416977e-05
orig	28	449	z-4	4	2048	0	1.602989e-02	1.443005e-01	-6.03991699,0.603221178,-0.615869641,0.0809261501	-6.03872919,0.591879666,-0.647358298,0.0938731581
orig	28	450	final_output-4	4	2048	0	3.714114e-02	2.803540e-02	0.00122760201,0.00491554523,-0.0037861797,-0.000513407635	0.0012295905,0.00452208705,-0.00400764542,-0.000504746567
orig	28	451	linear_attn_out-4	4	1024	0	4.987697e-02	5.145126e-03	-0.269764483,-0.0199125167,-0.0301715881,0.0216417015	-0.268527627,-0.0179329813,-0.0297287237,0.023407191
orig	28	452	attn_residual-4	4	1024	0	2.949479e-02	6.303336e-03	-0.877980769,-0.088107273,-0.22027947,-0.0528875515	-0.874847889,-0.087261878,-0.220914125,-0.0529094115
orig	28	453	attn_post_norm-4	4	1024	0	3.285179e-02	1.199585e-01	-11.2072897,-1.64354789,-4.04116154,-1.02162087	-11.1753712,-1.62895465,-4.05573463,-1.02278197
orig	28	454	ffn_out-4	4	1024	0	5.461540e-02	9.814724e-03	0.1759101,0.0267655402,0.0214544479,-0.0243735313	0.185724825,0.0277819335,0.0214369763,-0.0215826575
orig	28	455	l_out-4	4	1024	0	3.374735e-02	1.294762e-02	-0.702070653,-0.0613417327,-0.198825017,-0.0772610828	-0.689123034,-0.0594799444,-0.199477151,-0.0744920671
orig	28	456	attn_norm-5	5	1024	0	3.586698e-02	2.218809e-01	-13.7822361,-1.62169123,-4.8886652,-2.13779926	-13.5603552,-1.57622457,-4.91640711,-2.06610155
orig	28	457	conv_output_silu-5	5	6144	0	2.071239e-02	6.022036e-02	0.225434631,0.105488896,0.0206393655,-0.270030379	0.224317014,0.102575772,0.0216187797,-0.271021903
orig	28	458	q_conv_predelta-5	5	2048	0	2.863755e-02	2.231033e-02	0.111585595,0.0522148758,0.0102160703,-0.133659586	0.110216916,0.0504000336,0.0106222667,-0.133165091
orig	28	459	k_conv_predelta-5	5	2048	0	2.385916e-02	2.086869e-02	-0.00316421269,-0.0078090406,-0.0634616911,0.00318338955	-0.00323649892,-0.00793818198,-0.0633032769,0.00324727991
orig	28	460	v_conv_predelta-5	5	2048	0	9.355026e-03	2.299273e-02	-0.023969993,0.012088283,0.0168936364,-0.0084376391	-0.0239668116,0.0125411348,0.0185969938,-0.00855998229
orig	28	461	a_softplus-5	5	16	0	2.956703e-02	7.439077e-03	0.0394092165,0.0223553348,0.00291042775,0.000651504903	0.0398021117,0.0243899263,0.00297223451,0.000671637943
orig	28	462	gate-5	5	16	0	4.090901e-02	8.888453e-03	-0.0300982948,-0.00271200994,-0.0007416429,-0.000272650621	-0.0303983632,-0.00295883371,-0.00075739267,-0.000281076151
orig	28	463	beta_sigmoid-5	5	16	0	6.330875e-03	7.694989e-03	0.109909087,0.384465009,0.605520785,0.0934311599	0.108849198,0.392159998,0.604400277,0.0928202346
orig	28	464	state_predelta-5	5	262144	0	1.437198e-02	2.792239e-02	0.000320158084,0.000378387776,0.00689999573,-4.11327019e-05	0.000327459857,0.000382947881,0.00690995716,-2.62948906e-05
orig	28	465	new_state-5	5	262144	0	1.392073e-02	2.704901e-02	0.000316696707,0.000382053375,0.00681637553,-4.59809598e-05	0.000323775166,0.000386492087,0.00682276394,-3.16477672e-05
orig	28	466	attn_output-5	5	2048	0	1.447602e-02	1.097281e-03	-0.000145679165,0.000214105676,0.000101115722,-6.38733545e-05	-0.000145461847,0.000210408747,0.000112769456,-6.40888538e-05
orig	28	467	z-5	5	2048	0	2.187968e-02	2.621753e-01	-0.277489871,1.57177961,0.3154715,1.75473428	-0.301255792,1.51700759,0.329648018,1.78144717
orig	28	468	final_output-5	5	2048	0	4.405327e-02	3.791468e-02	0.0137697617,0.212137595,0.014874883,-0.0762835741	0.0146241691,0.197912008,0.0173184909,-0.0774736106
orig	28	469	linear_attn_out-5	5	1024	0	7.021260e-02	8.043185e-03	-0.153671101,-0.0661173463,0.0119135492,0.0190988407	-0.161714286,-0.0670653954,0.0122994389,0.0168064777
orig	28	470	attn_residual-5	5	1024	0	3.439130e-02	7.831737e-03	-0.855741739,-0.127459079,-0.186911464,-0.0581622422	-0.85083735,-0.12654534,-0.187177718,-0.0576855913
orig	28	471	attn_post_norm-5	5	1024	0	3.937592e-02	1.508114e-01	-10.2881832,-2.30342698,-3.20838213,-1.1060499	-10.2541237,-2.29248166,-3.22077489,-1.09965622
orig	28	472	ffn_out-5	5	1024	0	6.935172e-02	6.479071e-03	-0.0785482451,0.0286345333,-0.0510216393,0.0681417212	-0.0788897127,0.0304360837,-0.0502615608,0.0666000992
orig	28	473	l_out-5	5	1024	0	3.489355e-02	7.832294e-03	-0.934289992,-0.0988245457,-0.237933099,0.00997947901	-0.929727077,-0.0961092561,-0.237439275,0.00891450793
orig	28	474	attn_norm-6	6	1024	0	3.793094e-02	1.686271e-01	-15.3716211,-2.10688448,-4.90468073,0.225375623	-15.282691,-2.04713988,-4.8900671,0.201142043
orig	28	475	conv_output_silu-6	6	6144	0	2.508143e-02	1.131020e-01	-0.0863327011,-0.268652946,0.00151785277,0.0187982973	-0.0879382789,-0.267116338,-1.22655035e-06,0.0147503046
orig	28	476	q_conv_predelta-6	6	2048	0	2.686431e-02	2.977869e-02	-0.0269842297,-0.0839704126,0.000474421453,0.00587561307	-0.027113717,-0.0823590904,-3.78178186e-07,0.00454791263
orig	28	477	k_conv_predelta-6	6	2048	0	2.861407e-02	2.392995e-02	-0.00525548542,-0.0213286802,0.0598398298,-0.0355511755	-0.00578577816,-0.0213404968,0.0611062646,-0.0358935557
orig	28	478	v_conv_predelta-6	6	2048	0	2.041836e-02	2.698728e-02	0.0182302818,-0.002199332,0.00677720457,0.00345513993	0.018827742,-0.00318011828,0.00698075397,0.00313425181
orig	28	479	a_softplus-6	6	16	0	1.352840e-02	2.219522e-02	0.0101351375,0.0251317639,0.104968563,0.00256744958	0.0113831107,0.024497183,0.1090075,0.00253736647
orig	28	480	gate-6	6	16	0	1.697826e-02	1.183397e-02	-0.0018457456,-0.0186763406,-0.0320136026,-0.00142342981	-0.00207301835,-0.0182047598,-0.0332454108,-0.00140675122
orig	28	481	beta_sigmoid-6	6	16	0	1.047898e-02	8.971050e-03	0.451126784,0.242153525,0.465093344,0.347774565	0.445120633,0.233182475,0.462239206,0.340477705
orig	28	482	state_predelta-6	6	262144	0	3.157439e-02	2.112031e-02	-0.000770997372,-0.000662454811,0.00122540526,0.000629970513	-0.000746468548,-0.000656507269,0.00118280028,0.000622356543
orig	28	483	new_state-6	6	262144	0	3.123022e-02	2.121401e-02	-0.000768014113,-0.000654896023,0.00120536599,0.000639371749	-0.000744654681,-0.000654159056,0.00117751979,0.000622730702
orig	28	484	attn_output-6	6	2048	0	2.077817e-02	3.431048e-04	4.62573225e-05,-6.93651316e-07,4.0648436e-05,-2.23722236e-05	4.49513609e-05,3.41859931e-07,3.87657674e-05,-1.97031877e-05
orig	28	485	z-6	6	2048	0	2.009545e-02	1.492851e-01	1.48213398,0.216175914,0.505450845,0.396418214	1.49086618,0.204584658,0.489326358,0.411100835
orig	28	486	final_output-6	6	2048	0	5.240495e-02	3.123942e-02	0.0459214747,-7.84417207e-05,0.0119651994,-0.00533601223	0.0450336821,3.6456513e-05,0.0109977694,-0.00491021713
orig	28	487	linear_attn_out-6	6	1024	0	5.902039e-02	4.302299e-03	-0.0371719971,-0.00830430444,0.0219075084,0.00347328791	-0.0400805175,-0.0082110269,0.022523351,0.00505696051
orig	28	488	attn_residual-6	6	1024	0	3.469549e-02	7.765910e-03	-0.971462011,-0.107128851,-0.216025591,0.0134527665	-0.969807625,-0.10432028,-0.214915931,0.0139714684
orig	28	489	attn_post_norm-6	6	1024	0	3.846128e-02	1.328877e-01	-13.2012234,-1.78326929,-3.54978609,0.229111642	-13.1599073,-1.73403609,-3.52650452,0.237605512
orig	28	490	ffn_out-6	6	1024	0	6.724075e-02	7.898301e-03	0.0474500135,0.0189836677,-0.0352114663,0.0231171157	0.0525524095,0.01921588,-0.0316879377,0.0222271103
orig	28	491	l_out-6	6	1024	0	3.467639e-02	9.636052e-03	-0.924012005,-0.0881451815,-0.251237065,0.0365698822	-0.917255223,-0.0851043984,-0.246603876,0.0361985788
orig	28	492	attn_norm-7	7	1024	0	3.520323e-02	1.459746e-01	-13.2852535,-1.34674597,-3.96404791,0.670291901	-13.1769371,-1.29918551,-3.88765001,0.662924469
orig	28	493	attn_pregate-7	7	2048	0	3.435135e-02	3.938384e-01	-0.0461364016,-0.0248920377,-0.331976831,-0.0663920045	-0.0498678908,-0.0515194014,-0.359479159,-0.057650663
orig	28	494	attn_gated-7	7	2048	0	3.445567e-02	2.745499e-02	-0.0112745371,-0.00480308617,-0.0294269249,-0.0199099667	-0.0118019069,-0.00977631938,-0.0322652161,-0.0173609685
orig	28	495	attn_output-7	7	1024	0	6.707617e-02	5.817346e-03	-0.0400447696,-0.00317557901,0.0117187239,-0.0414554812	-0.0458621159,-0.0032797195,0.0113201533,-0.040536169
orig	28	496	attn_residual-7	7	1024	0	3.993989e-02	1.092041e-02	-0.96405679,-0.0913207605,-0.239518344,-0.00488559902	-0.963117361,-0.0883841217,-0.235283718,-0.00433759019
orig	28	497	attn_post_norm-7	7	1024	0	4.597493e-02	1.901793e-01	-10.2907467,-1.41951597,-3.59011412,-0.0790205821	-10.2672415,-1.37206697,-3.52201867,-0.0700650141
orig	28	498	ffn_out-7	7	1024	0	7.617057e-02	6.633446e-03	0.00454127789,0.0351868235,0.00262653641,0.0425706357	0.000397086143,0.0367701389,0.00443575531,0.0442956313
orig	28	499	l_out-7	7	1024	0	3.860849e-02	1.129014e-02	-0.959515512,-0.0561339371,-0.236891806,0.0376850367	-0.962720275,-0.0516139828,-0.230847955,0.0399580412
orig	28	500	attn_norm-8	8	1024	0	4.223422e-02	2.045003e-01	-15.8580379,-1.09751415,-4.2030201,0.791761875	-15.8574743,-1.00574636,-4.08200836,0.836693287
orig	28	501	conv_output_silu-8	8	6144	0	2.408032e-02	7.177019e-02	0.0129566425,-1.43028146e-05,-0.175091237,0.120489053	0.0107282391,0.000169467021,-0.176464647,0.116579458
orig	28	502	q_conv_predelta-8	8	2048	0	3.549672e-02	2.953912e-02	0.00482351193,-5.32466584e-06,-0.0651831403,0.0448557846	0.00393781858,6.22031584e-05,-0.0647716522,0.0427906923
orig	28	503	k_conv_predelta-8	8	2048	0	3.167159e-02	1.788139e-02	-0.0253357925,-0.106471188,0.0317135565,-0.00477374578	-0.0239198692,-0.101771839,0.0318180881,-0.00662431354
orig	28	504	v_conv_predelta-8	8	2048	0	2.857715e-02	4.483118e-02	0.354133815,-0.00176603952,-0.0272706598,0.00870243274	0.347957641,-0.00178313209,-0.0264537353,0.010209579
orig	28	505	a_softplus-8	8	16	0	1.742592e-02	1.460937e-02	0.0619802773,0.00662120758,0.00869512185,0.000724529964	0.0664436966,0.00670919148,0.00849254522,0.000699394674
orig	28	506	gate-8	8	16	0	1.313072e-02	5.291164e-03	-0.0217571221,-0.00188224518,-0.00259043183,-0.000109387664	-0.0233239308,-0.00190725678,-0.00253008073,-0.000105592801
orig	28	507	beta_sigmoid-8	8	16	0	5.486174e-03	5.282015e-03	0.637748599,0.124736391,0.290862381,0.104685046	0.640536785,0.126983002,0.292671025,0.105436519
orig	28	508	state_predelta-8	8	262144	0	2.339086e-02	4.629064e-02	-0.035472855,-0.0120385531,0.0102783451,-0.00610702625	-0.0346630886,-0.0169642828,0.00936106686,-0.0071416446
orig	28	509	new_state-8	8	262144	0	2.357962e-02	4.621112e-02	-0.039181944,-0.0305748805,0.0156555455,-0.00681830198	-0.0380165577,-0.0342412144,0.0146690123,-0.00812701043
orig	28	510	attn_output-8	8	2048	0	3.276672e-02	2.587907e-03	-6.7472407e-05,2.39012297e-05,-1.81609485e-05,-4.05187602e-05	-4.65290905e-05,2.466361e-05,-1.76024387e-05,-3.62927567e-05
orig	28	511	z-8	8	2048	0	2.085698e-02	1.358838e-01	-0.0339760743,0.719698906,1.20827413,0.635672808	-0.0419613458,0.675073266,1.20637536,0.620091796
orig	28	512	final_output-8	8	2048	0	4.994792e-02	2.732828e-02	0.00103355257,0.00750132417,-0.0168604478,-0.0126675135	0.000876760751,0.00715439999,-0.0163106564,-0.0110093998
orig	28	513	linear_attn_out-8	8	1024	0	9.650267e-02	5.966902e-03	0.0170073919,0.00265205838,0.0162951294,6.98491931e-05	0.0110404901,0.00116057694,0.0161623787,0.000810002908
orig	28	514	attn_residual-8	8	1024	0	4.037993e-02	1.041768e-02	-0.942508101,-0.0534818769,-0.220596671,0.0377548859	-0.951679766,-0.0504534058,-0.214685574,0.0407680422
orig	28	515	attn_post_norm-8	8	1024	0	4.688291e-02	1.739288e-01	-9.66348743,-0.795246661,-3.16765738,0.615608931	-9.73402786,-0.748408377,-3.07535338,0.663138866
orig	28	516	ffn_out-8	8	1024	0	8.244622e-02	5.865877e-03	0.0907248855,0.00655343104,-0.0110035194,-0.010795461	0.0937670246,0.00835214183,-0.0129166702,-0.0125957485
orig	28	517	l_out-8	8	1024	0	3.893343e-02	1.020923e-02	-0.851783216,-0.0469284467,-0.231600195,0.0269594248	-0.857912719,-0.042101264,-0.227602243,0.0281722937
orig	28	518	attn_norm-9	9	1024	0	4.354827e-02	2.011204e-01	-12.7025976,-0.851261616,-4.13832951,0.578944027	-12.7832737,-0.763058007,-4.06348133,0.604482412
orig	28	519	conv_output_silu-9	9	6144	0	2.510706e-02	6.261039e-02	-0.0601454452,-0.061212752,0.0992908552,-0.0627170205	-0.0608286224,-0.0571201704,0.101731367,-0.0596628711
orig	28	520	q_conv_predelta-9	9	2048	0	3.272611e-02	1.728906e-02	-0.0222799927,-0.0226753615,0.0367808342,-0.023232596	-0.0222008843,-0.0208473951,0.0371293351,-0.0217754133
orig	28	521	k_conv_predelta-9	9	2048	0	3.254749e-02	1.722541e-02	0.0322637819,-0.00394924078,-0.0102363117,0.00544349244	0.0326016285,-0.00354923983,-0.0100863818,0.00553635787
orig	28	522	v_conv_predelta-9	9	2048	0	3.139238e-02	6.261039e-02	0.0133084226,-0.0084910132,-0.00214018091,-0.00840786844	0.0137955248,-0.007845846,-0.00224822736,-0.0087853577
orig	28	523	a_softplus-9	9	16	0	2.130214e-02	3.716266e-02	6.37749326e-05,0.00349375536,0.0395387076,0.0434306636	6.38941347e-05,0.00346429413,0.0398963876,0.0443016514
orig	28	524	gate-9	9	16	0	2.879849e-02	1.107141e-02	-2.58682539e-05,-0.000476536836,-0.0134523679,-0.00803386513	-2.59166045e-05,-0.000472518412,-0.0135740628,-0.00819498207
orig	28	525	beta_sigmoid-9	9	16	0	8.910331e-03	6.536029e-03	0.0344799459,0.192967713,0.140962169,0.0944284573	0.0342412032,0.187914521,0.140135109,0.0934102386
orig	28	526	state_predelta-9	9	262144	0	2.659901e-02	2.431470e-02	-0.0028526003,-0.000959697121,-0.000800659356,0.000191007028	-0.00277355663,-0.000964658742,-0.000747849001,0.000174579502
orig	28	527	new_state-9	9	262144	0	2.666733e-02	2.299529e-02	-0.00284125283,-0.000961052196,-0.000804215437,0.000192904161	-0.00276135188,-0.000965954561,-0.000751583313,0.000176635353
orig	28	528	attn_output-9	9	2048	0	1.912558e-02	2.783258e-04	2.77809468e-05,1.88742248e-07,-9.02158208e-05,-0.000112122034	2.28600893e-05,-7.46791056e-06,-8.89125004e-05,-0.000108828688
orig	28	529	z-9	9	2048	0	2.187276e-02	1.219244e-01	0.131981045,-0.556342363,0.934648871,1.35046637	0.111972779,-0.557031631,0.919382095,1.35027349
orig	28	530	final_output-9	9	2048	0	5.086706e-02	2.222408e-02	0.00154249952,-2.86594186e-05,-0.0469160937,-0.0859441459	0.00108036364,0.00114931236,-0.0458630435,-0.0844661444
orig	28	531	linear_attn_out-9	9	1024	0	6.468627e-02	6.170526e-03	-0.135137215,0.000265778974,0.0307083242,0.00288569182	-0.128966689,0.000782717019,0.0303941928,0.00519305468
orig	28	532	attn_residual-9	9	1024	0	3.739662e-02	9.633197e-03	-0.986920416,-0.0466626659,-0.200891867,0.0298451167	-0.986879408,-0.041318547,-0.197208047,0.0333653465
orig	28	533	attn_post_norm-9	9	1024	0	4.261620e-02	1.420242e-01	-9.64294338,-0.638537467,-2.65426731,0.461872101	-9.64524746,-0.56556654,-2.6063261,0.516494751
orig	28	534	ffn_out-9	9	1024	0	7.381421e-02	4.944570e-03	-0.029403314,-0.0178712197,-0.0220200624,0.0180468187	-0.0318783708,-0.0179262869,-0.0214041416,0.0198527463
orig	28	535	l_out-9	9	1024	0	3.720462e-02	1.108420e-02	-1.01632369,-0.0645338893,-0.222911924,0.0478919372	-1.01875782,-0.0592448339,-0.218612194,0.0532180928
orig	28	536	attn_norm-10	10	1024	0	4.023918e-02	1.655080e-01	-15.3933983,-1.01837182,-3.76082492,0.871183693	-15.4008398,-0.933125377,-3.68124843,0.966223478
orig	28	537	conv_output_silu-10	10	6144	0	2.545741e-02	6.710161e-02	-0.00775825419,-0.00619595218,0.00264703692,0.0641374364	-0.00820837449,-0.0063318531,0.00284973532,0.0668725073
orig	28	538	q_conv_predelta-10	10	2048	0	2.472539e-02	1.538321e-02	-0.00981101301,-0.00783534069,0.00334741734,0.0811075792	-0.0103571247,-0.00798937585,0.00359572563,0.084378086
orig	28	539	k_conv_predelta-10	10	2048	0	3.369017e-02	4.840952e-02	-0.0588235818,0.0504135787,0.0672518313,0.0304453336	-0.062701717,0.049487453,0.071990937,0.0301560704
orig	28	540	v_conv_predelta-10	10	2048	0	3.078198e-02	1.949900e-02	-0.0101108681,-0.0116752125,0.00610421225,0.00569169316	-0.01053428,-0.0125152441,0.00577525655,0.00551301939
orig	28	541	a_softplus-10	10	16	0	4.071366e-03	1.317906e-02	0.218974859,0.00108302571,3.40020251,0.0321530104	0.219803929,0.00110195938,3.41338158,0.033914879
orig	28	542	gate-10	10	16	0	4.267468e-03	4.082680e-03	-0.167566255,-0.00628126366,-1.05333364,-0.00658351323	-0.168200672,-0.00639107404,-1.05741632,-0.00694426615
orig	28	543	beta_sigmoid-10	10	16	0	4.819580e-03	7.182658e-03	0.802256465,0.288932443,0.934916139,0.551036835	0.801418304,0.290192336,0.93357271,0.558219492
orig	28	544	state_predelta-10	10	262144	1	3.978214e-02	6.006357e-02	0.000347729569,0.000592363242,2.63383699e-05,-0.000330636656	0.000350789895,0.00059089961,8.53084202e-06,-0.000331142626
orig	28	545	new_state-10	10	262144	0	3.947883e-02	6.005138e-02	0.000492642401,0.000330801588,-0.000204735203,-0.000382395141	0.000529301586,0.000315665791,-0.000260101398,-0.000391849841
orig	28	546	attn_output-10	10	2048	0	1.638095e-02	1.591807e-04	-8.3968489e-06,-7.34436207e-06,2.86146746e-06,7.64531433e-06	-8.88616432e-06,-8.24409108e-06,2.74935792e-06,7.55035671e-06
orig	28	547	z-10	10	2048	0	1.540246e-02	9.270829e-02	1.95731461,1.02304959,1.37910891,0.962022543	1.95510769,1.01907003,1.3691684,0.933543205
orig	28	548	final_output-10	10	2048	0	4.843373e-02	2.103166e-02	-0.0129304314,-0.00589865353,0.0030690697,0.00543794082	-0.0136646954,-0.00658853492,0.00292168465,0.00517009478
orig	28	549	linear_attn_out-10	10	1024	0	6.117637e-02	5.436180e-03	-0.041797936,0.0212934949,0.0337712839,-0.000684982166	-0.0447225273,0.0220719799,0.0322611183,-0.00229950622
orig	28	550	attn_residual-10	10	1024	0	3.645694e-02	1.026015e-02	-1.05812168,-0.0432403944,-0.189140648,0.0472069532	-1.06348038,-0.0371728539,-0.186351076,0.0509185866
orig	28	551	attn_post_norm-10	10	1024	0	4.012105e-02	1.339241e-01	-11.5533161,-0.582809269,-2.54111838,0.677717209	-11.5957594,-0.500335574,-2.50017619,0.729991078
orig	28	552	ffn_out-10	10	1024	0	6.329325e-02	8.506000e-03	0.168449923,-0.0103059877,-0.0239155777,0.00593265099	0.176955923,-0.0107206563,-0.0239606574,0.0025660675
orig	28	553	l_out-10	10	1024	0	3.567213e-02	1.151515e-02	-0.889671743,-0.053546384,-0.213056222,0.0531396046	-0.886524439,-0.0478935093,-0.210311741,0.0534846559
orig	28	554	attn_norm-11	11	1024	0	3.713305e-02	1.649633e-01	-11.2818956,-0.70822674,-3.00941753,0.8276667	-11.2397985,-0.633336306,-2.97007418,0.832879007
orig	28	555	attn_pregate-11	11	2048	0	3.602858e-02	3.018217e-01	0.151145861,-0.0450963825,0.231342539,-0.0265922174	0.147455007,-0.0386756994,0.231629521,-0.0301219001
orig	28	556	attn_gated-11	11	2048	0	3.539784e-02	2.068180e-02	0.00747949816,-0.00374710839,0.018884588,-0.00235200999	0.00705293519,-0.00312547712,0.0185534544,-0.00259250589
orig	28	557	attn_output-11	11	1024	0	7.238056e-02	3.966056e-03	-0.0556160733,7.32280314e-05,-0.00822224282,0.0133463144	-0.0559137315,0.000439785421,-0.00870217383,0.0117145181
orig	28	558	attn_residual-11	11	1024	0	3.809356e-02	1.081387e-02	-0.945287824,-0.0534731559,-0.221278459,0.0664859191	-0.942438185,-0.0474537238,-0.219013914,0.065199174
orig	28	559	attn_post_norm-11	11	1024	0	4.174029e-02	1.446365e-01	-9.55428696,-0.766756177,-3.02771997,0.979444146	-9.54791069,-0.682045102,-3.0037899,0.96274972
orig	28	560	ffn_out-11	11	1024	0	6.697346e-02	5.551603e-03	0.145775229,0.0187966898,-0.0104018329,-0.000531332567	0.147978932,0.0175731573,-0.0115013132,0.00158875994
orig	28	561	l_out-11	11	1024	0	3.753051e-02	1.013269e-02	-0.799512625,-0.0346764661,-0.231680289,0.0659545884	-0.794459224,-0.0298805665,-0.230515227,0.0667879358
orig	28	562	attn_norm-12	12	1024	0	4.010303e-02	2.133425e-01	-12.7669182,-0.624739826,-4.34865427,1.32249212	-12.7021303,-0.539010704,-4.33221149,1.34088123
orig	28	563	conv_output_silu-12	12	6144	0	2.915564e-02	6.027389e-02	-0.0115379849,-0.111473471,0.0557291843,-0.17899473	-0.0103534684,-0.111618139,0.0538814925,-0.178850964
orig	28	564	q_conv_predelta-12	12	2048	0	2.727605e-02	1.836395e-02	-0.00787276402,-0.0760621876,0.038025938,-0.122134261	-0.00695068482,-0.0749335885,0.0361727364,-0.120069593
orig	28	565	k_conv_predelta-12	12	2048	0	3.401288e-02	2.925423e-02	0.0625781044,-0.0095088901,0.0647523031,-0.00374752656	0.0616473407,-0.0111244507,0.0624925159,-0.00373178837
orig	28	566	v_conv_predelta-12	12	2048	0	3.021577e-02	4.113689e-02	-0.00135608041,0.00851749629,0.0148236128,-0.00162361399	-0.00180821633,0.00814641919,0.014198089,-0.00156242121
orig	28	567	a_softplus-12	12	16	0	5.251123e-02	1.986027e-02	0.000263298658,0.00291363709,0.000516877102,0.000849362987	0.000244230003,0.00306065916,0.000490425969,0.000817084219
orig	28	568	gate-12	12	16	0	5.355573e-02	1.883090e-02	-5.30760844e-05,-0.00171954266,-5.36338339e-05,-0.000241452843	-4.92321997e-05,-0.00180631073,-5.0889128e-05,-0.000232276783
orig	28	569	beta_sigmoid-12	12	16	0	1.704930e-02	8.742914e-03	0.150392607,0.425334394,0.0768290535,0.0984402448	0.151805475,0.431033641,0.0764932483,0.0982900932
orig	28	570	state_predelta-12	12	262144	0	2.347236e-02	5.096376e-02	-0.000602872635,0.000143206838,-0.000243687522,-0.00019395331	-0.000599017076,0.000142837074,-0.000210862301,-0.000190964027
orig	28	571	new_state-12	12	262144	0	2.343568e-02	4.982764e-02	-0.000572919322,0.000138652627,-0.000212713683,-0.000195734872	-0.000574551697,0.000138420524,-0.000186081044,-0.000192433843
orig	28	572	attn_output-12	12	2048	0	1.564003e-02	1.004383e-03	-5.62808636e-05,4.10983303e-05,8.29007113e-05,-0.000109444023	-5.44863215e-05,3.8853228e-05,8.24365343e-05,-0.000105452069
orig	28	573	z-12	12	2048	0	1.652266e-02	1.500878e-01	0.0643196404,0.914227962,0.50728178,-0.0265292972	0.0707852989,0.920414627,0.516342938,-0.0291872621
orig	28	574	final_output-12	12	2048	0	4.630087e-02	3.713229e-02	-0.00125182897,0.018868573,0.0145716118,0.000992729561	-0.00134618348,0.0181015003,0.0148905003,0.00105743308
orig	28	575	linear_attn_out-12	12	1024	0	5.115591e-02	6.586403e-03	-0.300168544,0.0159372911,0.0169313625,0.024809381	-0.306754947,0.0162999779,0.0165713113,0.0240519084
orig	28	576	attn_residual-12	12	1024	0	3.596326e-02	1.033000e-02	-1.09968114,-0.0187391751,-0.214748919,0.0907639712	-1.10121417,-0.0135805886,-0.213943914,0.0908398479
orig	28	577	attn_post_norm-12	12	1024	0	3.900975e-02	1.400795e-01	-10.2341137,-0.269834965,-2.82878971,1.28069174	-10.2660589,-0.195891172,-2.82304692,1.28397334
orig	28	578	ffn_out-12	12	1024	0	7.432982e-02	1.503010e-02	0.136090204,-0.0413997546,-0.0228377711,0.0189259537	0.151120305,-0.0415283628,-0.0210374985,0.0166405402
orig	28	579	l_out-12	12	1024	0	3.548737e-02	1.349705e-02	-0.96359092,-0.0601389296,-0.237586692,0.109689921	-0.950093865,-0.0551089495,-0.234981418,0.107480392
orig	28	580	attn_norm-13	13	1024	0	3.759755e-02	2.147975e-01	-13.8685141,-0.981146336,-3.94854593,2.03124666	-13.7534704,-0.904292226,-3.92787051,2.00186014
orig	28	581	conv_output_silu-13	13	6144	0	2.216308e-02	8.941770e-02	-0.24457711,-0.19058457,-0.008616779,-0.0449291579	-0.243632317,-0.191898003,-0.00904611126,-0.0454782881
orig	28	582	q_conv_predelta-13	13	2048	0	2.303192e-02	1.601508e-02	-0.0811028406,-0.0631986782,-0.00285736169,-0.0148987053	-0.0818734989,-0.0644879937,-0.00303997728,-0.0152831385
orig	28	583	k_conv_predelta-13	13	2048	0	2.697882e-02	1.672975e-02	-0.00513426168,-0.012739568,0.63671124,-0.014056229	-0.00569300866,-0.0123285921,0.638996124,-0.0183019824
orig	28	584	v_conv_predelta-13	13	2048	0	2.470405e-02	2.356732e-02	0.00158990268,0.00134884985,-0.0132655902,-0.00703889923	0.00218070764,0.00121435651,-0.0132957892,-0.00755895302
orig	28	585	a_softplus-13	13	16	0	9.717030e-03	1.542005e-02	0.00103479705,0.0886124223,0.362527281,0.00544007402	0.00110588886,0.090230383,0.37794733,0.00575978588
orig	28	586	gate-13	13	16	0	2.898939e-02	7.753685e-03	-0.000278511841,-0.101992279,-0.182290167,-0.0013022651	-0.000297645951,-0.103854537,-0.190043852,-0.00137879897
orig	28	587	beta_sigmoid-13	13	16	0	1.849321e-02	1.185647e-02	0.255849063,0.495924115,0.442525715,0.232767001	0.261844486,0.505148768,0.443796575,0.239526987
orig	28	588	state_predelta-13	13	262144	1	2.731238e-02	2.311432e-02	0.000327392685,0.000460605603,0.000186953053,-9.10941744e-05	0.000294114812,0.000481999974,3.05698486e-05,-0.000453227607
orig	28	589	new_state-13	13	262144	0	2.710474e-02	2.048041e-02	0.000324704451,0.000454033347,0.000508965575,-9.81788035e-05	0.0002901681,0.00047349924,0.000463721663,-0.000465499208
orig	28	590	attn_output-13	13	2048	0	1.696381e-02	1.639007e-04	2.27587389e-05,1.18064117e-05,-2.37068689e-05,-3.60867234e-05	2.28174958e-05,1.22479114e-05,-1.81521082e-05,-3.03925135e-05
orig	28	591	z-13	13	2048	0	1.812920e-02	1.489966e-01	0.343717247,1.21878898,-0.226307392,1.47855783	0.376705587,1.20896518,-0.258605868,1.45140839
orig	28	592	final_output-13	13	2048	0	4.479742e-02	3.272176e-02	0.00457433704,0.0111820661,0.00238166074,-0.0424661674	0.00509963091,0.0114915213,0.00204840559,-0.0349625759
orig	28	593	linear_attn_out-13	13	1024	0	6.217380e-02	1.183872e-02	-0.190298989,-0.00840401091,0.0234761462,0.00265823491	-0.202137709,-0.00749745686,0.0222488791,0.00286103599
orig	28	594	attn_residual-13	13	1024	0	3.449451e-02	1.033418e-02	-1.15388989,-0.0685429424,-0.214110553,0.112348154	-1.15223157,-0.0626064092,-0.212732539,0.11034143
orig	28	595	attn_post_norm-13	13	1024	0	3.647559e-02	1.367378e-01	-10.7083902,-0.962010682,-2.7733748,1.45033371	-10.7436934,-0.88285619,-2.76858854,1.43118131
orig	28	596	ffn_out-13	13	1024	0	6.124700e-02	5.381918e-03	0.089046225,0.000976750627,-0.00237834547,-0.0122518353	0.0931905657,-0.000970667228,-0.000578007195,-0.0122016389
orig	28	597	l_out-13	13	1024	0	3.505460e-02	1.164105e-02	-1.06484365,-0.0675661936,-0.216488898,0.100096315	-1.05904102,-0.0635770783,-0.21331054,0.0981397927
orig	28	598	attn_norm-14	14	1024	0	3.689956e-02	1.754868e-01	-14.402998,-1.03174567,-3.06833053,1.64707494	-14.385355,-0.974954903,-3.03612423,1.62173951
orig	28	599	conv_output_silu-14	14	6144	0	1.717033e-02	8.523822e-02	-0.185617507,-0.0542343482,-0.24190627,-0.222483337	-0.180843472,-0.0539182276,-0.241832182,-0.215343118
orig	28	600	q_conv_predelta-14	14	2048	0	2.120142e-02	2.859876e-02	-0.0433497354,-0.0126660718,-0.0564955994,-0.0519595034	-0.0422154739,-0.0125864847,-0.056452468,-0.0502689518
orig	28	601	k_conv_predelta-14	14	2048	0	3.492468e-02	2.905834e-02	-0.0092264656,-0.0501781814,-0.0317735262,0.0037616177	-0.0104293497,-0.0479549728,-0.0315442681,0.00313803996
orig	28	602	v_conv_predelta-14	14	2048	0	2.016707e-02	2.887905e-02	0.00887933467,0.000551674748,0.0135307685,0.00124768936	0.00893643871,0.00152014464,0.0140203806,0.00123534829
orig	28	603	a_softplus-14	14	16	0	1.748072e-02	7.334769e-03	0.0249614436,0.00408849632,0.00593945291,0.000177010123	0.0257423595,0.00404254952,0.00606008247,0.000175103109
orig	28	604	gate-14	14	16	0	1.757580e-02	2.274275e-03	-0.00785446633,-0.00068325625,-0.00394880865,-0.000532599341	-0.00810019206,-0.000675577787,-0.00402900809,-0.000526861404
orig	28	605	beta_sigmoid-14	14	16	0	3.838965e-03	3.981173e-03	0.501125932,0.129986495,0.286459208,0.214612797	0.503566206,0.128696829,0.288152158,0.214089319
orig	28	606	state_predelta-14	14	262144	1	2.684529e-02	2.694246e-02	-0.00215508346,-0.00972208008,-0.00125938782,-0.00301198312	-0.00195623119,-0.00991761219,-0.00132169283,-0.00308714551
orig	28	607	new_state-14	14	262144	0	2.657698e-02	2.720043e-02	-0.00215072767,-0.00971402414,-0.00129259797,-0.00298332004	-0.00195668126,-0.00991223846,-0.00136012468,-0.00305735623
orig	28	608	attn_output-14	14	2048	0	1.162325e-02	1.495637e-04	1.21721505e-05,8.15532439e-06,7.77511741e-06,-9.88594547e-06	1.25216984e-05,7.26264852e-06,6.38884831e-06,-9.68917357e-06
orig	28	609	z-14	14	2048	0	1.536331e-02	1.222215e-01	-0.0582280904,1.11866188,1.28519964,1.41388404	-0.0317940563,1.11777151,1.26465786,1.40899599
orig	28	610	final_output-14	14	2048	0	4.397617e-02	2.818268e-02	-0.000361092476,0.00686607556,0.00785700046,-0.0102698542	-0.000205599063,0.00610865233,0.00632485375,-0.0100215934
orig	28	611	linear_attn_out-14	14	1024	0	5.238609e-02	7.527664e-03	0.233566821,-0.0491480082,-0.0133349225,0.000277081504	0.226039156,-0.0490287766,-0.0176029112,0.00107617676
orig	28	612	attn_residual-14	14	1024	0	3.729676e-02	1.752317e-02	-0.831276834,-0.116714202,-0.229823828,0.100373395	-0.833001852,-0.112605855,-0.230913445,0.0992159694
orig	28	613	attn_post_norm-14	14	1024	0	3.765089e-02	2.118139e-01	-7.79384232,-1.53471553,-2.83577538,1.20189238	-7.83162022,-1.48478961,-2.85710216,1.19131958
orig	28	614	ffn_out-14	14	1024	0	5.274978e-02	8.449309e-03	0.257919192,0.0248017199,-0.0266890898,-0.0237359889	0.251542211,0.0210021473,-0.0276974887,-0.0246220604
orig	28	615	l_out-14	14	1024	0	3.670087e-02	1.723517e-02	-0.573357642,-0.0919124782,-0.25651291,0.0766374022	-0.581459641,-0.0916037112,-0.258610934,0.0745939091
orig	28	616	attn_norm-15	15	1024	0	3.675794e-02	1.844249e-01	-5.1777463,-0.927720726,-2.58347821,0.767474413	-5.25248098,-0.924880445,-2.60538673,0.747233331
orig	28	617	attn_pregate-15	15	2048	0	2.767946e-02	4.516573e-01	-0.249241933,0.215104029,0.240920737,0.130373538	-0.252165377,0.21616894,0.233513981,0.137707293
orig	28	618	attn_gated-15	15	2048	0	2.379112e-02	3.769624e-02	-0.0207171254,0.0162655003,0.00254596514,0.0327514447	-0.0202815346,0.0160151217,0.00248029782,0.0342865326
orig	28	619	attn_output-15	15	1024	0	5.916473e-02	5.540252e-03	-0.26784426,-0.0259658545,-0.0815073103,0.0790624917	-0.263831794,-0.0251924843,-0.0838901922,0.0782236233
orig	28	620	attn_residual-15	15	1024	0	3.857486e-02	1.771885e-02	-0.841201901,-0.117878333,-0.338020205,0.155699894	-0.845291436,-0.116796196,-0.342501134,0.152817532
orig	28	621	attn_post_norm-15	15	1024	0	3.935016e-02	1.976537e-01	-6.26926947,-1.38914406,-3.79894781,1.62375319	-6.30314207,-1.37713325,-3.85138249,1.59455276
orig	28	622	ffn_out-15	15	1024	0	5.707398e-02	1.141588e-02	0.0562952161,0.0389623605,0.105007961,0.0434729978	0.0677111,0.0386893079,0.105367191,0.0408438519
orig	28	623	l_out-15	15	1024	0	3.684408e-02	1.960386e-02	-0.784906685,-0.0789159685,-0.233012244,0.199172884	-0.777580321,-0.0781068876,-0.23713395,0.193661392
orig	28	624	attn_norm-16	16	1024	0	3.788414e-02	2.748652e-01	-7.4843626,-1.08229125,-2.66180706,2.54902887	-7.42413044,-1.07258594,-2.71240854,2.48171043
orig	28	625	conv_output_silu-16	16	6144	0	1.763352e-02	1.138861e-01	-0.0533114634,0.134913757,0.109482683,-0.171837181	-0.0476178452,0.13690047,0.122642122,-0.171699494
orig	28	626	q_conv_predelta-16	16	2048	0	2.035027e-02	2.168964e-02	-0.0039512217,0.00999924075,0.00811439659,-0.0127358502	-0.00352384569,0.010130995,0.00907583907,-0.0127062127
orig	28	627	k_conv_predelta-16	16	2048	0	2.566154e-02	1.886304e-02	0.0846972018,0.0368597694,0.0755008757,-0.0330478102	0.0878047943,0.0374112353,0.0777987018,-0.0340426937
orig	28	628	v_conv_predelta-16	16	2048	0	1.282642e-02	2.289355e-02	-0.277278155,-0.000867798924,0.878570139,-0.0558791757	-0.277174175,-0.00046890098,0.874043941,-0.0543553047
orig	28	629	a_softplus-16	16	16	0	1.021609e-02	1.872182e-02	0.000133147914,0.00985270645,0.00103443989,0.042461466	0.00013279033,0.010347764,0.001041585,0.043975547
orig	28	630	gate-16	16	16	0	8.465686e-03	4.623950e-03	-2.70506407e-05,-0.00399643416,-0.000123546226,-0.00918293651	-2.69779921e-05,-0.00419723801,-0.000124399594,-0.00951037928
orig	28	631	beta_sigmoid-16	16	16	0	1.905778e-02	2.499485e-02	0.102955446,0.308447719,0.49402675,0.213240102	0.108253874,0.312135339,0.498928338,0.222492293
orig	28	632	state_predelta-16	16	262144	0	2.795092e-02	6.533185e-02	-0.0270139966,-0.006666556,-0.00221748161,0.0337607861	-0.0281355511,-0.00778527372,-0.00258772564,0.0342758819
orig	28	633	new_state-16	16	262144	0	2.833046e-02	6.217903e-02	-0.0279324856,-0.00706641562,-0.0030368336,0.0341185406	-0.0291255303,-0.00820719078,-0.00346549135,0.0346590765
orig	28	634	attn_output-16	16	2048	0	1.789291e-02	1.616627e-03	-0.0042688665,-0.000100443103,0.00906938687,-0.000335664692	-0.00430339808,-8.7973167e-05,0.0092985006,-0.000337969454
orig	28	635	z-16	16	2048	0	1.938376e-02	1.743004e-01	-0.585023224,-0.0744126141,-7.11046171,-0.0600153804	-0.600754857,-0.106739961,-7.17304134,-0.0876451731
orig	28	636	final_output-16	16	2048	0	3.993445e-02	4.916614e-02	0.181527182,0.000756129972,-0.0123449191,0.00201637181	0.183512762,0.00092144846,-0.0118324244,0.00288328994
orig	28	637	linear_attn_out-16	16	1024	0	5.594744e-02	9.746015e-03	-0.476281941,-0.0459903702,-0.171131909,0.0769645795	-0.466535926,-0.0420805067,-0.173134133,0.078494288
orig	28	638	attn_residual-16	16	1024	0	3.620582e-02	2.433237e-02	-1.26118863,-0.124906339,-0.404144168,0.276137471	-1.24411631,-0.120187394,-0.410268068,0.272155672
orig	28	639	attn_post_norm-16	16	1024	0	3.748689e-02	2.231408e-01	-7.5278511,-1.2552861,-3.97552562,2.2694931	-7.46275902,-1.21384883,-4.05577087,2.24785542
orig	28	640	ffn_out-16	16	1024	0	4.942844e-02	1.239857e-02	0.225225031,0.0340355523,-0.0265827253,0.222518891	0.212826461,0.0347027481,-0.0251336116,0.214223474
orig	28	641	l_out-16	16	1024	0	3.537772e-02	2.395956e-02	-1.03596354,-0.0908707827,-0.430726886,0.498656362	-1.03128982,-0.0854846463,-0.435401678,0.486379147
orig	28	642	attn_norm-17	17	1024	0	3.608765e-02	2.544005e-01	-8.98506641,-1.05957842,-4.69509268,5.29182196	-8.97730541,-1.00042701,-4.76343966,5.1804471
orig	28	643	conv_output_silu-17	17	6144	0	1.007200e-02	2.734299e-01	-0.200652659,0.0139287952,-0.172167182,-0.013073191	-0.20322454,0.0072347871,-0.169502929,-0.0128278788
orig	28	644	q_conv_predelta-17	17	2048	0	1.352682e-02	1.581174e-02	-0.0157782994,0.00109528925,-0.0135383476,-0.00102800888	-0.0159222148,0.000566830335,-0.013280198,-0.00100503734
orig	28	645	k_conv_predelta-17	17	2048	0	1.810761e-02	1.511908e-02	-0.0227209758,-0.0528275296,-0.0453931615,-0.0569717214	-0.0231811237,-0.0531428196,-0.045601625,-0.0563514382
orig	28	646	v_conv_predelta-17	17	2048	0	1.765166e-02	5.925804e-02	-0.0899752825,-0.25764218,0.0161948912,-0.267395854	-0.0927361846,-0.260641932,0.0159571674,-0.265596986
orig	28	647	a_softplus-17	17	16	0	2.013212e-02	6.572098e-03	0.000817084219,0.00197430141,0.118193775,0.0245093983	0.000834117061,0.00189410953,0.119302675,0.024552552
orig	28	648	gate-17	17	16	0	1.892600e-02	1.142059e-03	-0.000192564214,-0.000511019316,-0.0298840664,-0.00853665452	-0.000196578389,-0.000490262813,-0.0301644392,-0.00855168514
orig	28	649	beta_sigmoid-17	17	16	0	8.467048e-03	8.404762e-03	0.426629007,0.0389422476,0.813383222,0.306803286	0.428949505,0.0385394953,0.814399838,0.315167874
orig	28	650	state_predelta-17	17	262144	0	2.396698e-02	5.149436e-02	0.00296234502,0.0280204751,0.016885275,0.0210120268	0.00347678713,0.0282325409,0.0170488711,0.0214360226
orig	28	651	new_state-17	17	262144	0	2.466315e-02	5.071318e-02	0.00277695921,0.0275853742,0.0165127907,0.0205445662	0.00329046091,0.0278014038,0.0166803263,0.0209805258
orig	28	652	attn_output-17	17	2048	0	1.762078e-02	2.864927e-03	-0.000342737825,-0.000685945153,4.58130744e-05,-0.000576936989	-0.000341517909,-0.000685883395,4.86946483e-05,-0.000570972275
orig	28	653	z-17	17	2048	0	1.741131e-02	1.387243e-01	0.307972789,-0.374717534,-1.16224384,-1.71582222	0.301490128,-0.355726242,-1.14334512,-1.76295519
orig	28	654	final_output-17	17	2048	0	4.614052e-02	6.566763e-02	-0.0373392664,0.071104385,-0.00596371526,0.0912046582	-0.036440257,0.0684756413,-0.00634636451,0.08938393
orig	28	655	linear_attn_out-17	17	1024	0	5.497882e-02	1.201117e-02	-0.645369232,-0.0013660118,-0.0021430552,0.0490975678	-0.633358061,-0.00229237787,0.000252440572,0.0470818058
orig	28	656	attn_residual-17	17	1024	0	3.498014e-02	2.540949e-02	-1.68133283,-0.0922367945,-0.432869941,0.54775393	-1.66464782,-0.087777026,-0.435149252,0.533460975
orig	28	657	attn_post_norm-17	17	1024	0	3.689852e-02	2.015818e-01	-8.26447392,-0.795096219,-3.60039115,4.00551081	-8.22422218,-0.76051414,-3.63782167,3.92090249
orig	28	658	ffn_out-17	17	1024	0	6.676336e-02	1.689397e-02	0.0509794876,0.0154553438,-0.0414784029,0.176851615	0.0340855196,0.0107062496,-0.0435399078,0.17277576
orig	28	659	l_out-17	17	1024	0	3.549972e-02	3.004290e-02	-1.63035333,-0.0767814517,-0.474348336,0.72460556	-1.63056231,-0.0770707726,-0.478689164,0.70623672
orig	28	660	attn_norm-18	18	1024	0	3.601126e-02	2.924721e-01	-12.9757147,-0.804113925,-4.78089762,7.10174179	-13.0167475,-0.809592545,-4.83928537,6.94270992
orig	28	661	conv_output_silu-18	18	6144	0	1.026166e-02	8.184052e-02	-0.13146244,-0.253188968,-0.0884656012,-0.127856135	-0.134943396,-0.247433528,-0.0937129706,-0.127483502
orig	28	662	q_conv_predelta-18	18	2048	0	1.753995e-02	1.799726e-02	-0.0339333192,-0.0653535873,-0.0228348989,-0.0330024511	-0.0348126888,-0.0638328865,-0.0241760667,-0.0328881852
orig	28	663	k_conv_predelta-18	18	2048	0	1.744221e-02	1.497960e-02	-0.0333168097,-0.0592868291,-0.0721446052,-0.0642738119	-0.033399839,-0.0598191693,-0.0719645694,-0.0632568002
orig	28	664	v_conv_predelta-18	18	2048	0	1.551492e-02	4.871662e-02	0.010964063,-0.255990595,0.00698810304,-0.21863538	0.0121285804,-0.256524116,0.00594743295,-0.218153298
orig	28	665	a_softplus-18	18	16	0	3.128160e-02	2.724981e-02	3.11131407e-05,0.694358826,0.00317010935,0.450006902	2.96826729e-05,0.667109013,0.00289545092,0.451219082
orig	28	666	gate-18	18	16	0	2.877476e-02	5.493045e-03	-1.29698865e-05,-0.139969751,-0.000944432162,-0.121117719	-1.2373579e-05,-0.134476706,-0.00086260651,-0.121443972
orig	28	667	beta_sigmoid-18	18	16	0	5.581540e-03	7.804513e-03	0.17767255,0.818116963,0.211591855,0.853201687	0.180302739,0.821874321,0.207870558,0.85872972
orig	28	668	state_predelta-18	18	262144	0	2.125958e-02	7.877827e-02	0.00866354816,0.00190619915,-0.0026799757,0.0109562352	0.00866496656,0.00182819646,-0.00278209732,0.010684655
orig	28	669	new_state-18	18	262144	0	2.148220e-02	7.703114e-02	0.00843569729,0.0015009176,-0.00317308726,0.0105167469	0.00842972845,0.00140705332,-0.00328868558,0.0102392016
orig	28	670	attn_output-18	18	2048	0	1.452082e-02	2.964973e-03	-0.000774436805,-0.0061719534,2.04708176e-05,-0.0111220134	-0.000735455076,-0.00615100563,0.000147588449,-0.0112743387
orig	28	671	z-18	18	2048	0	1.710059e-02	2.379787e-01	-2.14829731,0.0168936253,-0.972720802,-2.03069353	-2.13997722,0.0318316966,-0.977042675,-1.95364261
orig	28	672	final_output-18	18	2048	0	3.991449e-02	3.638613e-02	0.00558853522,-0.00197722903,-0.000187635829,0.0856499523	0.00526748598,-0.00369919906,-0.00133961963,0.0884030685
orig	28	673	linear_attn_out-18	18	1024	0	3.723409e-02	6.668031e-03	-0.781493306,0.0225685444,0.0579908192,0.0350882821	-0.774825275,0.0235537179,0.0589437038,0.0315922871
orig	28	674	attn_residual-18	18	1024	0	3.288394e-02	2.919629e-02	-2.41184664,-0.0542129055,-0.416357517,0.759693861	-2.40538764,-0.0535170548,-0.419745445,0.73782903
orig	28	675	attn_post_norm-18	18	1024	0	3.551158e-02	2.096279e-01	-11.8203402,-0.412985116,-3.22446012,5.04177904	-11.8320465,-0.40918383,-3.26265478,4.91468239
orig	28	676	ffn_out-18	18	1024	0	5.437851e-02	9.737086e-03	-0.120439582,0.0504381247,-0.047498215,0.148006842	-0.119278684,0.0502843186,-0.047139056,0.144740641
orig	28	677	l_out-18	18	1024	0	3.298686e-02	3.264868e-02	-2.53228617,-0.00377478078,-0.463855743,0.907700717	-2.52466631,-0.00323273614,-0.466884494,0.882569671
orig	28	678	attn_norm-19	19	1024	0	3.283749e-02	1.914370e-01	-12.6662302,-0.0210002419,-2.65981221,5.14644861	-12.6741419,-0.0180502329,-2.68693686,5.02219963
orig	28	679	attn_pregate-19	19	2048	0	2.042088e-02	1.302941e-01	-0.105903998,-0.128961548,-0.274164051,0.367653161	-0.0984205455,-0.131939679,-0.27716434,0.36563316
orig	28	680	attn_gated-19	19	2048	0	2.716519e-02	1.021376e-01	-0.0073118275,-0.0128512895,-0.0270599891,0.0259440448	-0.0063667777,-0.0127445143,-0.0263157487,0.0245801695
orig	28	681	attn_output-19	19	1024	0	8.465429e-02	4.312819e-02	-0.417872667,-0.0295018852,-0.134722859,0.36820069	-0.374744475,-0.0274203271,-0.129436955,0.36405611
orig	28	682	attn_residual-19	19	1024	0	3.598683e-02	5.074811e-02	-2.95015883,-0.033276666,-0.598578572,1.27590144	-2.89941072,-0.0306530632,-0.596321464,1.24662578
orig	28	683	attn_post_norm-19	19	1024	0	3.774785e-02	2.176192e-01	-13.8422308,-0.231107429,-3.8008194,6.73328638	-13.729435,-0.21484746,-3.82136655,6.63939142
orig	28	684	ffn_out-19	19	1024	0	5.145240e-02	1.215417e-02	0.644663632,0.0331581049,-0.064722687,-0.219453245	0.643766224,0.0323464163,-0.068777509,-0.216506973
orig	28	685	l_out-19	19	1024	0	3.966999e-02	4.985070e-02	-2.30549526,-0.000118561089,-0.663301229,1.05644822	-2.25564456,0.00169335306,-0.665098965,1.03011882
orig	28	686	attn_norm-20	20	1024	0	3.974314e-02	2.552295e-01	-13.3450146,-0.000964063744,-5.02637959,7.16872311	-13.1647997,0.0138835292,-5.08182335,7.04806185
orig	28	687	conv_output_silu-20	20	6144	0	1.543200e-02	9.674931e-02	-0.0225913171,-0.156157121,-0.20544596,0.0911047384	-0.0172046535,-0.157377973,-0.209750816,0.0995622352
orig	28	688	q_conv_predelta-20	20	2048	0	1.639803e-02	1.606014e-02	-0.00520725269,-0.0359939002,-0.047354877,0.0209994577	-0.00392009644,-0.0358587205,-0.0477919169,0.022685349
orig	28	689	k_conv_predelta-20	20	2048	0	1.869537e-02	2.178904e-02	-0.0390358716,-0.0183768068,-0.000466034311,-0.0480917729	-0.0385603495,-0.0177927595,0.000207716832,-0.0475385115
orig	28	690	v_conv_predelta-20	20	2048	0	1.680136e-02	6.102443e-02	-0.0953221247,0.0793726966,0.0344707482,0.0202280376	-0.0968185216,0.0774141625,0.03266434,0.0208990369
orig	28	691	a_softplus-20	20	16	0	9.085593e-03	3.504944e-02	0.0388989896,0.0295929164,0.0123605179,0.192095816	0.0401477851,0.0333835073,0.0118889557,0.197576284
orig	28	692	gate-20	20	16	0	9.136236e-03	1.714861e-02	-0.00867953803,-0.00514247781,-0.00225101761,-0.0550363734	-0.0089581823,-0.00580118364,-0.00216513965,-0.0566065535
orig	28	693	beta_sigmoid-20	20	16	0	7.518735e-03	1.037580e-02	0.947267413,0.985690534,0.903468072,0.336959124	0.948015511,0.985960364,0.903811574,0.346514255
orig	28	694	state_predelta-20	20	262144	0	2.368940e-02	4.831231e-02	0.00721364561,0.00256905053,-0.000730658998,0.0104246801	0.00686521456,0.00294449716,-0.000912035292,0.0101215988
orig	28	695	new_state-20	20	262144	1	2.350572e-02	3.923219e-02	0.00565762585,0.00184367364,-0.00074217713,0.00849439297	0.00538282515,0.00226247497,-0.000896246056,0.00827927329
orig	28	696	attn_output-20	20	2048	0	1.441294e-02	3.068894e-03	-0.00681803701,0.005568719,0.00234758668,0.00157093513	-0.00691107614,0.00544982404,0.00223387638,0.00161494419
orig	28	697	z-20	20	2048	0	1.850722e-02	1.823235e-01	0.202752978,-2.93263555,1.13586974,1.55573702	0.278427094,-2.94581676,1.07936406,1.54424787
orig	28	698	final_output-20	20	2048	0	6.589608e-02	4.179378e-01	-0.0373360515,-0.0428640544,0.0957371593,0.0891541764	-0.0540923439,-0.0418931097,0.0859359577,0.0914028212
orig	28	699	linear_attn_out-20	20	1024	0	4.608420e-02	2.605987e-02	-2.11762547,-0.00213114917,-0.0391888618,0.551483035	-2.09156561,0.00235121325,-0.0420271754,0.534424901
orig	28	700	attn_residual-20	20	1024	0	3.727128e-02	7.591057e-02	-4.4231205,-0.00224971026,-0.702490091,1.60793126	-4.34720993,0.0040445663,-0.707126141,1.56454372
orig	28	701	attn_post_norm-20	20	1024	0	4.134766e-02	2.244312e-01	-14.7977419,-0.0131889656,-4.16778088,7.43438625	-14.6660852,0.0239107423,-4.23056602,7.29461384
orig	28	702	ffn_out-20	20	1024	0	7.120254e-02	1.498140e-02	0.350739866,0.0275562406,-0.1441755,-0.0143855661	0.353923798,0.0272974558,-0.14836055,-0.00656592892
orig	28	703	l_out-20	20	1024	0	3.940154e-02	7.909441e-02	-4.07238054,0.0253065303,-0.846665621,1.59354568	-3.99328613,0.0313420221,-0.855486691,1.5579778
orig	28	704	attn_norm-21	21	1024	0	4.122522e-02	2.701052e-01	-18.5220432,0.176718324,-5.39373207,9.44407845	-18.304142,0.220574021,-5.49248791,9.30539322
orig	28	705	conv_output_silu-21	21	6144	0	8.604651e-03	1.298590e-01	-0.0101829963,-0.184943512,-0.229517564,-0.109510638	-0.00953043625,-0.187906891,-0.230215833,-0.108463675
orig	28	706	q_conv_predelta-21	21	2048	0	1.213625e-02	1.186125e-02	-0.00117264327,-0.0212975405,-0.0264305547,-0.012610916	-0.00109605037,-0.0216102805,-0.0264760312,-0.0124738934
orig	28	707	k_conv_predelta-21	21	2048	0	1.478441e-02	1.379801e-02	-0.0100268191,-0.00444598636,0.0212645158,-0.0334673747	-0.00918373,-0.00280879787,0.0197179411,-0.0342549868
orig	28	708	v_conv_predelta-21	21	2048	0	1.808290e-02	9.616256e-02	-0.0177178159,-0.043024648,-0.137103915,-0.0157916807	-0.0164973494,-0.0433905683,-0.131542549,-0.0153581928
orig	28	709	a_softplus-21	21	16	0	2.561070e-02	9.368289e-02	0.0816545114,1.64842319,0.000236244901,0.452899396	0.0802835897,1.61308658,0.00021443452,0.453037709
orig	28	710	gate-21	21	16	0	2.215052e-02	1.505622e-02	-0.0241370276,-0.426670492,-8.82782697e-05,-0.214771852	-0.023731783,-0.417524099,-8.0128324e-05,-0.214837447
orig	28	711	beta_sigmoid-21	21	16	0	6.783971e-03	1.093847e-02	0.574545741,0.915172458,0.335080802,0.846434355	0.575600266,0.916299582,0.336935282,0.851057589
orig	28	712	state_predelta-21	21	262144	0	2.516831e-02	7.642568e-02	-0.00203103013,0.000716236711,-0.000112348651,-0.000150357577	-0.00204890198,0.00105890911,-0.000216221059,-0.000121467005
orig	28	713	new_state-21	21	262144	0	2.565847e-02	7.709775e-02	-0.00212246133,0.000637137331,0.000186956313,-0.000613619166	-0.00213872595,0.000991906621,8.48756754e-05,-0.000632889045
orig	28	714	attn_output-21	21	2048	0	1.523873e-02	4.202031e-03	-8.25236275e-05,-9.65989166e-05,-0.00036373784,-6.16802063e-05	-8.29526907e-05,-9.58047895e-05,-0.000357812387,-6.01668435e-05
orig	28	715	z-21	21	2048	0	1.971193e-02	2.084608e-01	-0.455813468,-1.61522269,-1.96401548,-1.60205436	-0.437033981,-1.55360985,-1.9465487,-1.55799234
orig	28	716	final_output-21	21	2048	0	4.618037e-02	5.640101e-02	0.0115806237,0.0169541668,0.0629327223,0.0147431847	0.0112665258,0.0169867296,0.0621746816,0.0144764744
orig	28	717	linear_attn_out-21	21	1024	0	5.471927e-02	7.146388e-03	-0.77962482,-0.00957162678,0.0269164741,0.184070289	-0.773437262,-0.0106384829,0.0289213508,0.184463292
orig	28	718	attn_residual-21	21	1024	0	3.754119e-02	8.528185e-02	-4.85200548,0.0157349035,-0.819749117,1.77761602	-4.76672363,0.0207035393,-0.826565325,1.74244106
orig	28	719	attn_post_norm-21	21	1024	0	4.142566e-02	2.264811e-01	-15.2848501,0.0856847614,-4.40507078,7.63676548	-15.1477261,0.113729127,-4.48060513,7.55122089
orig	28	720	ffn_out-21	21	1024	0	5.732476e-02	1.036458e-02	0.494166553,0.0373820513,-0.0147977564,0.0198533628	0.501990259,0.0433960408,-0.0098875165,0.0212440323
orig	28	721	l_out-21	21	1024	0	3.908997e-02	9.310579e-02	-4.35783911,0.0531169549,-0.834546864,1.79746938	-4.26473331,0.06409958,-0.836452842,1.76368511
orig	28	722	attn_norm-22	22	1024	0	3.956396e-02	2.360058e-01	-17.7487831,0.310367823,-4.48670769,9.65087605	-17.5127773,0.377628237,-4.53402901,9.54755211
orig	28	723	conv_output_silu-22	22	6144	0	9.987703e-03	1.209393e-01	-0.147421435,-0.000804821611,0.0466892757,0.098925367	-0.152062237,-0.000793331536,0.04585981,0.10148856
orig	28	724	q_conv_predelta-22	22	2048	0	1.585884e-02	2.026841e-02	-0.0262573119,-0.000143347221,0.00831585284,0.0176196508	-0.0271541122,-0.000141667086,0.00818929449,0.0181230512
orig	28	725	k_conv_predelta-22	22	2048	0	1.935340e-02	1.736728e-02	-0.0130775832,-0.092527017,-0.0729173049,0.0214822553	-0.0126075735,-0.0913891941,-0.0721503571,0.0213251337
orig	28	726	v_conv_predelta-22	22	2048	0	1.507905e-02	3.709102e-02	-0.00369104696,-0.00772908516,-0.000249775127,-0.042716641	-0.00464975741,-0.00712348614,-0.00141736004,-0.040717639
orig	28	727	a_softplus-22	22	16	0	7.665312e-03	5.552197e-02	0.376477063,2.38029242,3.30183983,0.00946935546	0.370227814,2.35230207,3.30701017,0.00939436816
orig	28	728	gate-22	22	16	0	6.342969e-03	1.889038e-02	-0.0696412548,-0.539478898,-2.16539955,-0.00177923916	-0.06848526,-0.533135056,-2.16879034,-0.00176514953
orig	28	729	beta_sigmoid-22	22	16	0	6.518593e-03	9.963751e-03	0.722749352,0.93266499,0.930790901,0.160427034	0.732713103,0.934239745,0.928217232,0.168914646
orig	28	730	state_predelta-22	22	262144	1	2.134696e-02	3.460050e-02	-0.00016048312,-0.000750692736,-0.000867144263,0.000116240844	-0.000158205963,-0.000758631912,-0.000685353007,0.000270249322
orig	28	731	new_state-22	22	262144	0	2.116912e-02	3.348923e-02	-0.000104163977,-0.000378105062,-0.000554984319,3.36412122e-05	-9.62166378e-05,-0.00033498017,-0.000345165783,0.000165221703
orig	28	732	attn_output-22	22	2048	0	1.102705e-02	6.478932e-04	-1.85945664e-05,-7.49734609e-05,7.95624874e-05,-0.000328055699	-2.41478774e-05,-7.2776973e-05,7.1241644e-05,-0.000325614354
orig	28	733	z-22	22	2048	0	1.877898e-02	2.360334e-01	1.98602104,-1.00485373,-3.8576355,-0.862671256	1.99812007,-1.01274157,-3.90091109,-0.847385287
orig	28	734	final_output-22	22	2048	0	3.469986e-02	6.165138e-02	-0.0351169631,0.0197335146,-0.0064616357,0.0770303681	-0.0458448194,0.0191508606,-0.00559514202,0.0757396296
orig	28	735	linear_attn_out-22	22	1024	0	6.333627e-02	1.237693e-02	-0.338592976,-0.112842828,-0.0718225017,-0.0476904511	-0.333709985,-0.110602818,-0.0770610645,-0.0507505015
orig	28	736	attn_residual-22	22	1024	0	3.864751e-02	9.798861e-02	-4.69643211,-0.0597258732,-0.906369388,1.74977899	-4.59844351,-0.0465032384,-0.913513899,1.71293461
orig	28	737	attn_post_norm-22	22	1024	0	4.066978e-02	1.980867e-01	-16.0941563,-0.295298904,-4.40150118,6.98623943	-15.8960695,-0.231932327,-4.47496367,6.89889956
orig	28	738	ffn_out-22	22	1024	0	5.091632e-02	2.910677e-02	0.342374831,0.0170442909,0.192958355,-0.21653682	0.313268065,0.0230929442,0.187647328,-0.201313645
orig	28	739	l_out-22	22	1024	0	4.020453e-02	6.888199e-02	-4.35405731,-0.0426815823,-0.713411033,1.53324223	-4.28517532,-0.0234102942,-0.725866556,1.511621
orig	28	740	attn_norm-23	23	1024	0	4.013838e-02	1.761802e-01	-15.6157045,-0.196005836,-3.38539028,5.93899775	-15.4510098,-0.108082704,-3.46295261,5.88662195
orig	28	741	attn_pregate-23	23	2048	0	8.215622e-03	1.163128e-01	-6.7858243,0.0836462229,0.015156053,-0.0125094298	-6.78663254,0.0874127895,0.00613917783,-0.00763159059
orig	28	742	attn_gated-23	23	2048	0	2.980926e-02	8.828169e-02	-0.741183996,0.00875442754,0.00183277368,-0.000832624035	-0.761178613,0.00891259406,0.000725367514,-0.000482570671
orig	28	743	attn_output-23	23	1024	0	4.228791e-02	2.297108e-02	-0.251719236,0.131044954,0.23172617,-0.170764506	-0.232964858,0.119998619,0.226333231,-0.169757947
orig	28	744	attn_residual-23	23	1024	0	4.203684e-02	8.763647e-02	-4.60577679,0.0883633718,-0.481684864,1.36247778	-4.51814032,0.0965883285,-0.499533325,1.34186304
orig	28	745	attn_post_norm-23	23	1024	0	4.356231e-02	2.042217e-01	-16.9259987,0.392541945,-1.96869886,5.20910454	-16.721777,0.43212539,-2.05613708,5.16669893
orig	28	746	ffn_out-23	23	1024	0	2.703822e-02	8.522320e-02	3.75571513,0.233653843,0.276879907,-1.00319564	3.67049193,0.242020503,0.287758291,-0.98706758
orig	28	747	l_out-23	23	1024	0	3.999725e-02	4.604420e-02	-0.850061655,0.322017223,-0.204804957,0.359282136	-0.847648382,0.338608831,-0.211775035,0.354795456
orig	28	748	result_norm	-1	1024	0	4.308732e-02	7.105942e-01	-0.554178715,3.53569579,-2.1831367,4.27359676	-0.554841578,3.73291326,-2.26656961,4.23730564
orig	28	749	result_output	-1	248320	0	3.358494e-02	5.420439e-01	5.23470402,5.69446611,1.61072624,4.10166883	5.3497138,5.72386742,1.617432,4.17867756
