label	pos	idx	tensor	layer	n	bit_equal	rel_l2	max_abs	llama_first4	apr_first4
p4	0	0	model.input_embed	-1	1024	1024	0.000000e+00	0.000000e+00	0.00861465931,0.012060523,0.0206751823,-0.0241210461	0.00861465931,0.012060523,0.0206751823,-0.0241210461
p4	0	1	attn_norm-0	0	1024	1024	0.000000e+00	0.000000e+00	0.804404795,0.729148924,1.48186445,-1.96639264	0.804404795,0.729148924,1.48186445,-1.96639264
p4	0	2	conv_output_silu-0	0	6144	6144	0.000000e+00	0.000000e+00	0.0151475985,-0.000458114344,0.00156917621,0.422838897	0.0151475985,-0.000458114344,0.00156917621,0.422838897
p4	0	3	q_conv_predelta-0	0	2048	648	1.509598e-07	2.980232e-07	0.0284802243,-0.000861337816,0.00295033492,0.795013547	0.0284802243,-0.000861337816,0.00295033492,0.795013607
p4	0	4	k_conv_predelta-0	0	2048	633	9.674319e-08	8.940697e-08	0.00106224918,0.0860972703,0.0977004319,0.000354820921	0.0010622493,0.0860972852,0.0977004468,0.000354820979
p4	0	5	v_conv_predelta-0	0	2048	2048	0.000000e+00	0.000000e+00	-0.000635103323,0.000963137485,0.000886906986,-0.00808946602	-0.000635103323,0.000963137485,0.000886906986,-0.00808946602
p4	0	6	a_softplus-0	0	16	16	0.000000e+00	0.000000e+00	3.65524697,0.000606591289,0.00199131458,6.23334169	3.65524697,0.000606591289,0.00199131458,6.23334169
p4	0	7	gate-0	0	16	16	0.000000e+00	0.000000e+00	-4.73024082,-7.95674569e-05,-0.000237828615,-3.53780437	-4.73024082,-7.95674569e-05,-0.000237828615,-3.53780437
p4	0	8	beta_sigmoid-0	0	16	16	0.000000e+00	0.000000e+00	0.583097696,0.541695356,0.753251016,0.97367245	0.583097696,0.541695356,0.753251016,0.97367245
p4	0	9	state_predelta-0	0	262144	262144	0.000000e+00	0.000000e+00	0,0,0,0	0,0,0,0
p4	0	10	new_state-0	0	262144	92004	9.589290e-08	5.960464e-08	-3.93379878e-07,-3.18841703e-05,-3.61811362e-05,-1.31399872e-07	-3.93379906e-07,-3.18841739e-05,-3.61811435e-05,-1.31399901e-07
p4	0	11	attn_output-0	0	2048	364	2.675167e-07	3.725290e-09	1.0349617e-07,-1.56952453e-07,-1.44529963e-07,1.31825584e-06	1.03496163e-07,-1.56952552e-07,-1.44530034e-07,1.31825595e-06
p4	0	12	z-0	0	2048	2048	0.000000e+00	0.000000e+00	-0.479235053,0.140865922,0.34920913,-0.287062287	-0.479235053,0.140865922,0.34920913,-0.287062287
p4	0	13	final_output-0	0	2048	466	1.972389e-07	4.768372e-07	-1.82688527e-05,-1.17163036e-05,-2.74584763e-05,-0.000149958025	-1.82688509e-05,-1.17163108e-05,-2.74584909e-05,-0.000149958039
p4	0	14	linear_attn_out-0	0	1024	75	9.720216e-07	1.192093e-07	-0.249426872,0.0656647384,0.0067916438,0.00469857454	-0.249426991,0.0656647831,0.00679163635,0.00469859689
p4	0	15	attn_residual-0	0	1024	75	9.335877e-07	1.192093e-07	-0.240812212,0.0777252614,0.0274668261,-0.0194224715	-0.240812331,0.0777253062,0.0274668187,-0.0194224492
p4	0	16	attn_post_norm-0	0	1024	24	9.848398e-07	4.172325e-06	-4.77791166,2.8288064,1.02864087,-0.712736189	-4.77791357,2.82880735,1.02864051,-0.712735236
p4	0	17	ffn_out-0	0	1024	64	3.186114e-07	4.470348e-08	0.0804717094,0.0927953497,0.038045492,-0.0299790148	0.0804717019,0.092795372,0.0380455106,-0.0299790278
p4	0	18	l_out-0	0	1024	52	5.933892e-07	1.341105e-07	-0.160340503,0.170520604,0.0655123144,-0.0494014844	-0.160340637,0.170520678,0.0655123293,-0.049401477
p4	0	19	attn_norm-1	1	1024	76	5.478033e-07	3.188848e-06	-3.2413497,4.46672249,1.64145851,-1.32714915	-3.2413516,4.46672344,1.64145851,-1.32714856
p4	0	20	conv_output_silu-1	1	6144	946	2.209149e-07	3.576279e-07	-0.00559159182,0.00330801494,-0.158168972,-0.231207356	-0.00559159135,0.00330802076,-0.158169001,-0.231207386
p4	0	21	q_conv_predelta-1	1	2048	249	2.601178e-07	2.086163e-07	-0.00647618389,0.00383134396,-0.183191359,-0.267784446	-0.00647618342,0.00383135094,-0.183191404,-0.267784476
p4	0	22	k_conv_predelta-1	1	2048	206	2.652120e-07	3.017485e-07	0.00134338893,-0.102888741,-0.00675734598,0.00253094058	0.00134338951,-0.102888733,-0.00675734784,0.00253094174
p4	0	23	v_conv_predelta-1	1	2048	283	1.345086e-07	1.192093e-07	0.0199732278,0.00705860229,0.00145066355,0.000400472927	0.0199732278,0.00705860229,0.00145066355,0.000400472985
p4	0	24	a_softplus-1	1	16	16	0.000000e+00	0.000000e+00	1.37391865,1.2592541,3.16072679,1.58036625	1.37391865,1.2592541,3.16072679,1.58036625
p4	0	25	gate-1	1	16	16	0.000000e+00	0.000000e+00	-0.246330038,-1.35825825,-3.62025404,-0.478233665	-0.246330038,-1.35825825,-3.62025404,-0.478233665
p4	0	26	beta_sigmoid-1	1	16	16	0.000000e+00	0.000000e+00	0.958108187,0.886677265,0.90557152,0.720539868	0.958108187,0.886677265,0.90557152,0.720539868
p4	0	27	state_predelta-1	1	262144	262144	0.000000e+00	0.000000e+00	0,0,0,0	0,0,0,0
p4	0	28	new_state-1	1	262144	14488	2.658086e-07	1.788139e-07	2.57077791e-05,-0.00196893164,-0.000129312044,4.84333759e-05	2.570779e-05,-0.00196893164,-0.000129312073,4.84333978e-05
p4	0	29	attn_output-1	1	2048	103	1.033719e-07	3.725290e-09	0.0001789854,6.32540032e-05,1.29997807e-05,3.58874445e-06	0.000178985356,6.32540105e-05,1.29997825e-05,3.58874445e-06
p4	0	30	z-1	1	2048	305	1.972381e-07	9.536743e-07	-4.22766209,-4.17285156,-1.04000878,0.475897104	-4.22766256,-4.17285156,-1.04000854,0.475896686
p4	0	31	final_output-1	1	2048	68	4.949491e-07	1.668930e-06	-0.00939458981,-0.0034512803,-0.00333428569,0.00109658926	-0.00939458422,-0.00345128076,-0.00333428662,0.00109658809
p4	0	32	linear_attn_out-1	1	1024	71	6.592703e-07	8.940697e-08	-0.466196597,-0.016215289,0.00400138274,-0.0173398815	-0.466196597,-0.0162153095,0.00400136039,-0.0173398871
p4	0	33	attn_residual-1	1	1024	47	5.608916e-07	1.266599e-07	-0.626537085,0.154305309,0.0695136935,-0.0667413622	-0.626537204,0.154305369,0.0695136935,-0.0667413622
p4	0	34	attn_post_norm-1	1	1024	64	5.362361e-07	2.324581e-06	-6.69380999,2.59694147,1.18188632,-1.19800532	-6.69380999,2.59694171,1.1818862,-1.19800508
p4	0	35	ffn_out-1	1	1024	134	2.130466e-07	5.960464e-08	0.456281126,0.000233195722,0.0123432875,0.0125877168	0.456281066,0.000233195722,0.0123432828,0.0125877149
p4	0	36	l_out-1	1	1024	46	5.756555e-07	1.788139e-07	-0.170255959,0.154538512,0.0818569809,-0.0541536435	-0.170256138,0.154538572,0.0818569735,-0.0541536473
p4	0	37	attn_norm-2	2	1024	70	5.393563e-07	3.337860e-06	-3.13030457,3.48062372,1.78014708,-1.2352432	-3.1303072,3.48062444,1.7801466,-1.23524308
p4	0	38	conv_output_silu-2	2	6144	1151	1.636777e-07	2.384186e-07	-0.0495844781,0.0192501824,0.0923690274,-0.00149168645	-0.0495844781,0.0192501824,0.0923690274,-0.00149169052
p4	0	39	q_conv_predelta-2	2	2048	271	2.305238e-07	2.086163e-07	-0.0850164965,0.0330059566,0.158373982,-0.00255761389	-0.0850164816,0.0330059491,0.158373952,-0.00255762041
p4	0	40	k_conv_predelta-2	2	2048	268	2.043887e-07	1.490116e-07	-0.080690816,0.00101453857,0.00064051128,-0.427813381	-0.0806907937,0.00101453939,0.000640511222,-0.427813381
p4	0	41	v_conv_predelta-2	2	2048	389	7.877562e-08	1.192093e-07	0.00318125635,-0.00973074045,0.00126899395,-0.00738393655	0.00318125589,-0.00973074231,0.00126899604,-0.00738393562
p4	0	42	a_softplus-2	2	16	16	0.000000e+00	0.000000e+00	2.95589399,0.863819838,1.42934632,2.38217902	2.95589399,0.863819838,1.42934632,2.38217902
p4	0	43	gate-2	2	16	16	0.000000e+00	0.000000e+00	-2.65353036,-0.243651569,-0.425827771,-1.55618036	-2.65353036,-0.243651569,-0.425827771,-1.55618036
p4	0	44	beta_sigmoid-2	2	16	16	0.000000e+00	0.000000e+00	0.843373001,0.96635437,0.672357023,0.742931783	0.843373001,0.96635437,0.672357023,0.742931783
p4	0	45	state_predelta-2	2	262144	262144	0.000000e+00	0.000000e+00	0,0,0,0	0,0,0,0
p4	0	46	new_state-2	2	262144	18458	1.739329e-07	1.788139e-07	-0.000216492306,2.72199259e-06,1.71848262e-06,-0.00114781724	-0.000216492204,2.72199418e-06,1.71848217e-06,-0.00114781701
p4	0	47	attn_output-2	2	2048	140	1.230717e-07	7.450581e-09	3.80199822e-06,-1.16294495e-05,1.51660629e-06,-8.82472432e-06	3.80199822e-06,-1.16294486e-05,1.51660856e-06,-8.82472614e-06
p4	0	48	z-2	2	2048	393	1.604917e-07	9.536743e-07	-0.0567511916,0.066301465,-1.2156136,1.05728281	-0.05675143,0.0663012266,-1.21561337,1.05728281
p4	0	49	final_output-2	2	2048	93	2.137058e-07	2.980232e-07	-0.000106956257,-0.000264043949,-0.000384755142,-0.00675244676	-0.000106956708,-0.00026404293,-0.000384755753,-0.00675244862
p4	0	50	linear_attn_out-2	2	1024	92	3.074902e-07	4.842877e-08	-1.09250832,0.00295895012,-0.0191954393,-0.0211988762	-1.09250832,0.00295895501,-0.0191954281,-0.0211988632
p4	0	51	attn_residual-2	2	1024	53	5.010756e-07	2.384186e-07	-1.26276422,0.157497466,0.0626615435,-0.0753525198	-1.26276445,0.157497525,0.0626615435,-0.0753525123
p4	0	52	attn_post_norm-2	2	1024	62	5.186327e-07	2.145767e-06	-11.9678469,2.34431219,0.946789086,-1.13497794	-11.9678478,2.34431291,0.946788967,-1.1349777
p4	0	53	ffn_out-2	2	1024	52	4.207830e-07	5.960464e-08	0.0979637504,0.00773434481,-0.0161840878,-0.0237000175	0.0979636908,0.00773434993,-0.0161840953,-0.023700038
p4	0	54	l_out-2	2	1024	49	5.467396e-07	3.576279e-07	-1.16480041,0.165231809,0.0464774556,-0.0990525335	-1.16480076,0.165231869,0.0464774482,-0.0990525484
p4	0	55	attn_norm-3	3	1024	64	5.157378e-07	2.861023e-06	-18.5056858,3.13385105,0.796793044,-1.79083502	-18.5056858,3.13385105,0.796792686,-1.7908349
p4	0	56	attn_pregate-3	3	2048	292	2.047968e-07	4.768372e-07	0.208644763,-0.168411896,0.277770221,0.0260311589	0.208644718,-0.168411881,0.277770132,0.0260312967
p4	0	57	attn_gated-3	3	2048	138	2.644616e-07	1.788139e-07	0.00828528777,-0.0068817935,0.0136747127,0.000880656764	0.00828528218,-0.00688179396,0.0136747137,0.000880660838
p4	0	58	attn_output-3	3	1024	68	7.092897e-07	5.401671e-08	-0.132133871,0.00677717663,0.00432735309,-0.0235974491	-0.132133827,0.00677718222,0.00432734936,-0.0235974528
p4	0	59	attn_residual-3	3	1024	44	5.614175e-07	3.576279e-07	-1.29693425,0.172008991,0.0508048087,-0.122649983	-1.2969346,0.172009051,0.0508047976,-0.122649997
p4	0	60	attn_post_norm-3	3	1024	55	5.851886e-07	2.384186e-06	-12.834938,2.54925442,0.775582612,-1.88860881	-12.834939,2.54925466,0.775582254,-1.88860869
p4	0	61	ffn_out-3	3	1024	116	2.796217e-07	1.192093e-07	1.09847665,-0.0151844015,-0.0394638143,-0.042871058	1.09847677,-0.0151844081,-0.0394638255,-0.0428710356
p4	0	62	l_out-3	3	1024	70	4.803892e-07	2.384186e-07	-0.198457599,0.156824589,0.0113409944,-0.165521041	-0.198457837,0.156824648,0.011340972,-0.165521026
p4	0	63	attn_norm-4	4	1024	83	4.725482e-07	2.622604e-06	-2.26533675,2.36103892,0.159129754,-2.55473661	-2.26533937,2.36103988,0.159129441,-2.55473638
p4	0	64	conv_output_silu-4	4	6144	1489	1.137656e-07	1.907349e-06	0.00287973788,-0.0302877408,0.0316320397,-0.116305888	0.0028797565,-0.030287737,0.0316320397,-0.11630588
p4	0	65	q_conv_predelta-4	4	2048	235	2.390871e-07	2.086163e-07	0.00248446385,-0.0261304323,0.0272902139,-0.100341685	0.00248447945,-0.0261304248,0.0272902083,-0.10034167
p4	0	66	k_conv_predelta-4	4	2048	256	2.282511e-07	1.788139e-07	0.00165889808,-0.218412086,0.0329773836,-0.0131385354	0.00165889692,-0.218412071,0.0329773836,-0.0131385354
p4	0	67	v_conv_predelta-4	4	2048	522	1.012558e-07	1.907349e-06	0.00944972131,-6.14294113e-05,-0.000586590788,-7.20890821e-05	0.00944972318,-6.14294113e-05,-0.000586590904,-7.20890821e-05
p4	0	68	a_softplus-4	4	16	16	0.000000e+00	0.000000e+00	0.108713917,1.59407103,0.0646035001,1.05245447	0.108713917,1.59407103,0.0646035001,1.05245447
p4	0	69	gate-4	4	16	16	0.000000e+00	0.000000e+00	-0.0453187041,-1.54880333,-0.0203283932,-0.552442372	-0.0453187041,-1.54880333,-0.0203283932,-0.552442372
p4	0	70	beta_sigmoid-4	4	16	16	0.000000e+00	0.000000e+00	0.677617431,0.862892807,0.954500675,0.704203188	0.677617431,0.862892807,0.954500675,0.704203188
p4	0	71	state_predelta-4	4	262144	262144	0.000000e+00	0.000000e+00	0,0,0,0	0,0,0,0
p4	0	72	new_state-4	4	262144	21277	1.303621e-07	1.430511e-06	1.06224152e-05,-0.00139855721,0.000211163948,-8.41299261e-05	1.06224097e-05,-0.00139855745,0.000211163991,-8.41299479e-05
p4	0	73	attn_output-4	4	2048	190	2.482476e-07	8.940697e-08	2.19308513e-05,-1.42564986e-07,-1.361356e-06,-1.67303881e-07	2.19308495e-05,-1.42564971e-07,-1.36135588e-06,-1.67303881e-07
p4	0	74	z-4	4	2048	433	1.524772e-07	1.430511e-06	1.49524474,-1.18054867,-0.0483585,0.564092755	1.49524474,-1.18054867,-0.0483584404,0.564092636
p4	0	75	final_output-4	4	2048	141	4.098646e-07	4.768372e-07	0.0235361159,4.1788775e-05,2.69551183e-05,-5.71055389e-05	0.023536114,4.17887713e-05,2.69550819e-05,-5.71055316e-05
p4	0	76	linear_attn_out-4	4	1024	53	5.830233e-07	6.705523e-08	-0.0683432594,0.0219870172,0.00173766306,0.0160019454	-0.0683433264,0.0219870061,0.00173768494,0.0160019454
p4	0	77	attn_residual-4	4	1024	49	4.878330e-07	3.278255e-07	-0.266800851,0.17881161,0.0130786579,-0.149519101	-0.266801178,0.178811654,0.013078657,-0.149519086
p4	0	78	attn_post_norm-4	4	1024	60	4.864152e-07	2.384186e-06	-2.08026028,2.0374229,0.146558255,-1.76420021	-2.08026266,2.03742337,0.146558225,-1.76419985
p4	0	79	ffn_out-4	4	1024	92	3.999446e-07	4.097819e-08	0.0737441182,0.00332881627,0.0170618519,0.0159145016	0.0737441182,0.00332881347,0.0170618538,0.0159144849
p4	0	80	l_out-4	4	1024	58	5.061285e-07	3.278255e-07	-0.193056732,0.182140425,0.0301405098,-0.133604601	-0.19305706,0.18214047,0.0301405117,-0.133604601
p4	0	81	attn_norm-5	5	1024	66	4.884081e-07	3.576279e-06	-2.11806178,2.69112134,0.414175779,-2.06605744	-2.11806536,2.69112182,0.414175719,-2.06605721
p4	0	82	conv_output_silu-5	5	6144	1941	1.325573e-07	2.384186e-07	-0.0831810236,-0.101966873,-0.0301261842,-0.219639778	-0.0831811056,-0.101966858,-0.0301261842,-0.219639778
p4	0	83	q_conv_predelta-5	5	2048	284	2.268411e-07	1.564622e-07	-0.0788058043,-0.0966035351,-0.0285415854,-0.208086997	-0.0788058639,-0.0966035053,-0.028541578,-0.208086953
p4	0	84	k_conv_predelta-5	5	2048	288	2.510050e-07	2.682209e-07	0.000349653012,-0.00161127909,0.277311355,-0.00678436272	0.0003496524,-0.00161127932,0.277311385,-0.00678435992
p4	0	85	v_conv_predelta-5	5	2048	643	6.660918e-08	2.384186e-07	1.50620808e-05,0.000382675091,-0.00291267945,-8.66503178e-05	1.50620635e-05,0.000382674829,-0.00291267945,-8.66502742e-05
p4	0	86	a_softplus-5	5	16	16	0.000000e+00	0.000000e+00	0.0821074769,0.565568089,1.22268176,0.0116748894	0.0821074769,0.565568089,1.22268176,0.0116748894
p4	0	87	gate-5	5	16	16	0.000000e+00	0.000000e+00	-0.0627085567,-0.0686111972,-0.311567008,-0.00488586631	-0.0627085567,-0.0686111972,-0.311567008,-0.00488586631
p4	0	88	beta_sigmoid-5	5	16	16	0.000000e+00	0.000000e+00	0.918922782,0.990156412,0.825428128,0.980775595	0.918922782,0.990156412,0.825428128,0.980775595
p4	0	89	state_predelta-5	5	262144	262144	0.000000e+00	0.000000e+00	0,0,0,0	0,0,0,0
p4	0	90	new_state-5	5	262144	23637	1.580752e-07	2.384186e-07	4.83950879e-09,-2.23015366e-08,3.8382359e-06,-9.39016118e-08	4.83949458e-09,-2.23015135e-08,3.83823181e-06,-9.39014626e-08
p4	0	91	attn_output-5	5	2048	169	1.845008e-07	7.450581e-09	-2.50157477e-08,-6.3556314e-07,4.83750273e-06,1.43912558e-07	-2.50157175e-08,-6.35562685e-07,4.83750318e-06,1.43912573e-07
p4	0	92	z-5	5	2048	599	1.482245e-07	9.536743e-07	0.903356671,1.13450646,-0.201255262,-0.255754113	0.903356671,1.13450623,-0.201254964,-0.255754352
p4	0	93	final_output-5	5	2048	110	3.903710e-07	2.980232e-07	-1.54382869e-05,-0.000504605356,-0.000429096312,-1.55785237e-05	-1.54382669e-05,-0.000504604948,-0.000429095759,-1.55785383e-05
p4	0	94	linear_attn_out-5	5	1024	78	9.465825e-07	5.587935e-08	-0.0322286785,-0.0211507585,0.00222104043,-0.00874574482	-0.0322287083,-0.0211507585,0.00222104415,-0.00874574296
p4	0	95	attn_residual-5	5	1024	67	5.372927e-07	3.576279e-07	-0.225285411,0.160989672,0.0323615521,-0.142350346	-0.225285769,0.160989717,0.0323615558,-0.142350346
p4	0	96	attn_post_norm-5	5	1024	48	5.370148e-07	2.622604e-06	-1.706182,1.83272791,0.349925697,-1.70525146	-1.70618463,1.83272827,0.349925697,-1.70525122
p4	0	97	ffn_out-5	5	1024	183	1.674691e-07	1.490116e-08	0.01606372,-0.0110914949,0.0312921517,0.0320992321	0.0160637144,-0.0110914949,0.0312921517,0.0320992246
p4	0	98	l_out-5	5	1024	58	5.507046e-07	3.576279e-07	-0.209221691,0.149898171,0.0636537075,-0.110251114	-0.209222049,0.149898216,0.0636537075,-0.110251121
p4	0	99	attn_norm-6	6	1024	80	5.439186e-07	4.053116e-06	-2.28993845,2.12594175,0.872888446,-1.65638471	-2.2899425,2.12594247,0.872888446,-1.65638494
p4	0	100	conv_output_silu-6	6	6144	1732	2.291494e-07	2.384186e-07	-0.0118301194,0.135970637,0.0484864824,-0.0683801174	-0.0118301036,0.135970727,0.0484864824,-0.0683801621
p4	0	101	q_conv_predelta-6	6	2048	274	2.917899e-07	2.235174e-07	-0.00705961697,0.081140399,0.0289342795,-0.0408057943	-0.00705960765,0.0811404511,0.0289342813,-0.0408058241
p4	0	102	k_conv_predelta-6	6	2048	221	2.765515e-07	2.980232e-07	-0.00746137556,0.00954085775,-0.0139252432,0.0320438333	-0.00746137463,0.00954085868,-0.0139252432,0.0320438296
p4	0	103	v_conv_predelta-6	6	2048	596	9.583901e-08	5.960464e-08	-3.39224971e-05,0.000103051352,2.41575635e-05,1.5774116e-05	-3.39225917e-05,0.000103051323,2.41575635e-05,1.5774116e-05
p4	0	104	a_softplus-6	6	16	16	0.000000e+00	0.000000e+00	0.167408228,0.274803162,1.78523827,0.162356123	0.167408228,0.274803162,1.78523827,0.162356123
p4	0	105	gate-6	6	16	16	0.000000e+00	0.000000e+00	-0.0304873027,-0.204216361,-0.544466913,-0.0900124907	-0.0304873027,-0.204216361,-0.544466913,-0.0900124907
p4	0	106	beta_sigmoid-6	6	16	16	0.000000e+00	0.000000e+00	0.930817902,0.597514987,0.90008986,0.868772566	0.930817902,0.597514987,0.90008986,0.868772566
p4	0	107	state_predelta-6	6	262144	262144	0.000000e+00	0.000000e+00	0,0,0,0	0,0,0,0
p4	0	108	new_state-6	6	262144	17262	3.572922e-07	1.490116e-07	2.35597909e-07,-3.0125895e-07,4.39698823e-07,-1.01180535e-06	2.35598549e-07,-3.01259831e-07,4.39700102e-07,-1.01180819e-06
p4	0	109	attn_output-6	6	2048	171	3.400294e-07	5.587935e-09	-1.67303156e-07,5.08241385e-07,1.19143259e-07,7.77967344e-08	-1.67303611e-07,5.08241385e-07,1.19143216e-07,7.77967344e-08
p4	0	110	z-6	6	2048	575	1.405934e-07	9.536743e-07	0.0973483324,0.36149919,1.4299202,1.59676278	0.0973482132,0.36149931,1.42992032,1.59676266
p4	0	111	final_output-6	6	2048	118	9.777572e-08	3.814697e-06	-7.25507607e-06,0.000105724757,0.000132665256,0.000107459586	-7.25508608e-06,0.000105724801,0.000132665213,0.000107459578
p4	0	112	linear_attn_out-6	6	1024	100	3.233587e-07	4.693866e-07	-0.582322001,0.0124833938,-0.433831096,-0.214487329	-0.582321644,0.0124834515,-0.433831185,-0.214487344
p4	0	113	attn_residual-6	6	1024	82	3.007275e-07	5.438924e-07	-0.791543722,0.16238156,-0.370177388,-0.324738443	-0.791543722,0.162381664,-0.370177478,-0.324738473
p4	0	114	attn_post_norm-6	6	1024	86	2.951211e-07	1.758337e-06	-1.80246925,0.45295161,-1.01932216,-0.926774085	-1.80246902,0.452951878,-1.01932228,-0.926774085
p4	0	115	ffn_out-6	6	1024	72	4.779604e-07	6.705523e-08	0.163929909,-0.000286351889,-0.00994288363,0.0604319461	0.163929909,-0.000286370516,-0.00994288735,0.0604319498
p4	0	116	l_out-6	6	1024	84	3.059941e-07	5.587935e-07	-0.627613783,0.162095204,-0.380120277,-0.264306486	-0.627613783,0.162095293,-0.380120367,-0.264306515
p4	0	117	attn_norm-7	7	1024	92	2.822694e-07	1.698732e-06	-1.60707176,0.441070318,-1.06813657,-0.862777591	-1.60707152,0.441070527,-1.06813681,-0.862777591
p4	0	118	attn_pregate-7	7	2048	648	3.069770e-08	4.768372e-07	-0.0924450308,0.150094211,-0.753982186,0.134367302	-0.0924450904,0.150094256,-0.753982246,0.134367242
p4	0	119	attn_gated-7	7	2048	437	5.559374e-08	3.576279e-07	-0.0413280539,0.0662133768,-0.592255533,0.077137202	-0.0413280837,0.0662133917,-0.592255592,0.0771371722
p4	0	120	attn_output-7	7	1024	505	1.211554e-07	1.192093e-07	0.606915355,-0.0231537148,0.304088593,-0.027007591	0.606915474,-0.0231537446,0.304088593,-0.0270075612
p4	0	121	attn_residual-7	7	1024	84	4.739678e-07	5.513430e-07	-0.0206984282,0.138941497,-0.0760316849,-0.291314065	-0.0206983089,0.138941556,-0.0760317743,-0.291314065
p4	0	122	attn_post_norm-7	7	1024	60	4.805279e-07	2.384186e-06	-0.0588460676,0.575226009,-0.303528786,-1.25493038	-0.0588457137,0.575226068,-0.303529084,-1.25493014
p4	0	123	ffn_out-7	7	1024	117	2.632365e-07	8.940697e-08	-0.172659919,-0.0191443264,0.0117164608,0.0939309373	-0.172659889,-0.0191443097,0.0117164608,0.0939309224
p4	0	124	l_out-7	7	1024	54	5.618619e-07	5.960464e-07	-0.193358347,0.11979717,-0.0643152222,-0.197383136	-0.193358198,0.119797245,-0.0643153116,-0.197383136
p4	0	125	attn_norm-8	8	1024	44	5.431729e-07	3.457069e-06	-0.993710637,0.728334188,-0.354833603,-1.28954124	-0.993709624,0.728334486,-0.35483402,-1.28954089
p4	0	126	conv_output_silu-8	8	6144	1727	1.791322e-07	2.384186e-07	0.0841539279,-0.00981122814,-0.00118449458,-0.0881424546	0.0841539353,-0.00981122907,-0.00118446816,-0.0881424695
p4	0	127	q_conv_predelta-8	8	2048	303	2.600892e-07	1.788139e-07	0.0690161139,-0.00804636069,-0.000971424859,-0.0722871721	0.0690161288,-0.00804636255,-0.000971403264,-0.0722871944
p4	0	128	k_conv_predelta-8	8	2048	227	6.909637e-07	2.235174e-06	0.0737940818,0.0169603098,0.183163315,0.00758593809	0.0737941042,0.0169603154,0.183163375,0.00758593716
p4	0	129	v_conv_predelta-8	8	2048	560	4.953466e-08	7.078052e-08	0.00152003579,0.00144625211,0.00211885944,-0.00100592338	0.00152003579,0.00144625211,0.00211885734,-0.00100592419
p4	0	130	a_softplus-8	8	16	16	0.000000e+00	0.000000e+00	2.47310996,0.160218522,0.124911927,0.54169935	2.47310996,0.160218522,0.124911927,0.54169935
p4	0	131	gate-8	8	16	16	0.000000e+00	0.000000e+00	-0.868143201,-0.0455461517,-0.0372134931,-0.0817843676	-0.868143201,-0.0455461517,-0.0372134931,-0.0817843676
p4	0	132	beta_sigmoid-8	8	16	16	0.000000e+00	0.000000e+00	0.975863099,0.88569361,0.985879123,0.978078187	0.975863099,0.88569361,0.985879123,0.978078187
p4	0	133	state_predelta-8	8	262144	262144	0.000000e+00	0.000000e+00	0,0,0,0	0,0,0,0
p4	0	134	new_state-8	8	262144	15438	2.601491e-07	4.768372e-07	0.000109462213,2.51580204e-05,0.000271694706,1.12525768e-05	0.000109462249,2.51580295e-05,0.000271694793,1.12525759e-05
p4	0	135	attn_output-8	8	2048	105	1.564023e-07	7.450581e-09	2.3342338e-05,2.2209284e-05,3.25381407e-05,-1.54474019e-05	2.33423434e-05,2.22092949e-05,3.25381261e-05,-1.54474201e-05
p4	0	136	z-8	8	2048	528	1.377916e-07	1.430511e-06	-0.0985240042,-0.378494978,1.00863421,0.209284782	-0.0985240936,-0.378494859,1.00863385,0.209284663
p4	0	137	final_output-8	8	2048	81	6.646788e-07	2.384186e-07	-0.00100727752,-0.00222537294,0.0241030548,-0.00134871097	-0.00100727857,-0.00222537341,0.0241030324,-0.00134871155
p4	0	138	linear_attn_out-8	8	1024	60	7.281977e-07	3.539026e-08	0.0256817117,0.0148785124,-0.0138804037,-0.00545597449	0.0256816894,0.0148785133,-0.0138804056,-0.00545595959
p4	0	139	attn_residual-8	8	1024	48	5.603963e-07	5.960464e-07	-0.167676628,0.134675682,-0.0781956241,-0.202839106	-0.167676508,0.134675756,-0.0781957209,-0.202839091
p4	0	140	attn_post_norm-8	8	1024	42	5.567390e-07	3.099442e-06	-0.535484135,0.623748779,-0.34974134,-1.03016961	-0.535483658,0.623748958,-0.349741697,-1.03016925
p4	0	141	ffn_out-8	8	1024	182	1.645485e-07	2.980232e-08	0.326063335,0.000709315762,0.0220186822,0.032424558	0.326063305,0.000709317159,0.0220186859,0.0324245617
p4	0	142	l_out-8	8	1024	50	5.708126e-07	5.960464e-07	0.158386707,0.135384992,-0.0561769418,-0.170414552	0.158386797,0.135385066,-0.056177035,-0.170414537
p4	0	143	attn_norm-9	9	1024	51	5.675190e-07	4.112720e-06	0.740649283,0.770065725,-0.314756483,-1.14752734	0.740649581,0.770066142,-0.314756989,-1.1475271
p4	0	144	conv_output_silu-9	9	6144	1711	2.180290e-07	2.384186e-07	0.00550174899,-0.123704694,-0.244472265,-0.0464881621	0.00550174434,-0.123704709,-0.244472265,-0.0464881621
p4	0	145	q_conv_predelta-9	9	2048	230	3.142776e-07	2.086163e-07	0.00470067002,-0.105692744,-0.208876029,-0.0397192799	0.00470066583,-0.105692744,-0.208875999,-0.0397192761
p4	0	146	k_conv_predelta-9	9	2048	253	2.103007e-07	3.576279e-07	-0.0560228713,0.0774714798,-0.0181958005,-7.76348388e-05	-0.0560228825,0.0774714947,-0.0181957949,-7.76348461e-05
p4	0	147	v_conv_predelta-9	9	2048	566	1.252629e-07	2.384186e-07	0.000319806626,-0.000680625555,3.6262114e-05,0.00185624999	0.000319806626,-0.000680626079,3.6262114e-05,0.00185624999
p4	0	148	a_softplus-9	9	16	16	0.000000e+00	0.000000e+00	0.26292178,1.06156111,0.0651986226,5.6563592	0.26292178,1.06156111,0.0651986226,5.6563592
p4	0	149	gate-9	9	16	16	0.000000e+00	0.000000e+00	-0.106645778,-0.144793466,-0.0221827142,-1.04632127	-0.106645778,-0.144793466,-0.0221827142,-1.04632127
p4	0	150	beta_sigmoid-9	9	16	16	0.000000e+00	0.000000e+00	0.997082651,0.999519944,8.06275366e-08,0.939084828	0.997082651,0.999519944,8.06275366e-08,0.939084828
p4	0	151	state_predelta-9	9	262144	262144	0.000000e+00	0.000000e+00	0,0,0,0	0,0,0,0
p4	0	152	new_state-9	9	262144	16568	1.933766e-07	1.490116e-07	-1.78642167e-05,2.47036132e-05,-5.80216101e-06,-2.47557033e-08	-1.78642204e-05,2.47036187e-05,-5.80215965e-06,-2.47557068e-08
p4	0	153	attn_output-9	9	2048	100	3.808084e-07	2.328306e-09	-1.98226502e-08,4.21874589e-08,-2.24764918e-09,-1.15056743e-07	-1.98228118e-08,4.21883541e-08,-2.2476736e-09,-1.15057929e-07
p4	0	154	z-9	9	2048	566	1.728959e-07	9.536743e-07	-0.0287249088,-0.567698479,0.461937904,-0.103290439	-0.0287247896,-0.567698598,0.461937904,-0.10329026
p4	0	155	final_output-9	9	2048	85	6.187673e-07	4.917383e-07	3.06782766e-07,-8.98787221e-06,-6.83604071e-07,5.57806288e-06	3.06784017e-07,-8.9880632e-06,-6.83611574e-07,5.57811154e-06
p4	0	156	linear_attn_out-9	9	1024	73	5.255048e-07	5.960464e-08	-0.17082867,-0.00940968283,-0.0110364091,-0.008922345	-0.17082873,-0.00940969121,-0.0110364119,-0.00892235339
p4	0	157	attn_residual-9	9	1024	49	5.738802e-07	5.960464e-07	-0.012441963,0.125975311,-0.067213349,-0.179336891	-0.0124419332,0.12597537,-0.0672134459,-0.179336891
p4	0	158	attn_post_norm-9	9	1024	43	5.724042e-07	3.159046e-06	-0.0407423787,0.577739775,-0.297623903,-0.930139422	-0.0407422744,0.577739894,-0.29762426,-0.930139244
p4	0	159	ffn_out-9	9	1024	72	4.266321e-07	4.842877e-08	0.0277954005,-0.0092399912,0.00719979731,0.00458307005	0.0277954489,-0.00923998002,0.00719978753,0.00458307378
p4	0	160	l_out-9	9	1024	41	5.813863e-07	5.960464e-07	0.0153534375,0.116735317,-0.0600135513,-0.174753815	0.0153535157,0.116735391,-0.0600136593,-0.174753815
p4	0	161	attn_norm-10	10	1024	56	5.786766e-07	3.933907e-06	0.079258278,0.627852082,-0.345092624,-1.08345413	0.0792586729,0.62785238,-0.345093161,-1.08345389
p4	0	162	conv_output_silu-10	10	6144	1523	2.619526e-07	2.384186e-07	0.00398805318,0.00613736687,0.0104613258,-0.0788519904	0.00398805318,0.0061373678,0.0104613286,-0.0788520053
p4	0	163	q_conv_predelta-10	10	2048	223	3.107479e-07	1.937151e-07	0.0154101113,0.0237152074,0.0404232778,-0.304689497	0.0154101122,0.0237152129,0.0404232964,-0.304689586
p4	0	164	k_conv_predelta-10	10	2048	192	3.942276e-07	5.736947e-07	0.0670372993,0.0606693588,0.0561091378,0.105654202	0.0670373589,0.0606693998,0.0561090782,0.10565424
p4	0	165	v_conv_predelta-10	10	2048	530	1.917677e-07	4.470348e-08	0.003558442,0.00115808565,-0.00426465645,-0.00371701038	0.003558442,0.00115808903,-0.00426465645,-0.00371700805
p4	0	166	a_softplus-10	10	16	16	0.000000e+00	0.000000e+00	1.04042971,0.0136279445,6.66927052,4.61354113	1.04042971,0.0136279445,6.66927052,4.61354113
p4	0	167	gate-10	10	16	16	0.000000e+00	0.000000e+00	-0.796168566,-0.0790384859,-2.06604362,-0.944649041	-0.796168566,-0.0790384859,-2.06604362,-0.944649041
p4	0	168	beta_sigmoid-10	10	16	16	0.000000e+00	0.000000e+00	0.948028266,0.968971789,0.883738935,0.994519174	0.948028266,0.968971789,0.883738935,0.994519174
p4	0	169	state_predelta-10	10	262144	262144	0.000000e+00	0.000000e+00	0,0,0,0	0,0,0,0
p4	0	170	new_state-10	10	262144	12313	3.700941e-07	6.519258e-08	0.000226150572,0.000204668308,0.000189284387,0.000356424833	0.000226150776,0.000204668439,0.000189284183,0.000356424978
p4	0	171	attn_output-10	10	2048	131	2.736528e-07	1.047738e-09	4.44583275e-05,1.44688465e-05,-5.32816011e-05,-4.64394398e-05	4.44583238e-05,1.44688902e-05,-5.32815939e-05,-4.64394107e-05
p4	0	172	z-10	10	2048	490	1.501735e-07	8.344650e-07	1.0535661,1.12115407,1.2693212,1.3052913	1.05356598,1.12115431,1.26932156,1.30529118
p4	0	173	final_output-10	10	2048	103	5.621593e-07	5.960464e-07	0.0311578419,0.0130473105,-0.0513571352,-0.0486933477	0.0311578363,0.0130473524,-0.0513571464,-0.0486933179
p4	0	174	linear_attn_out-10	10	1024	61	5.632250e-07	5.960464e-08	-0.410839736,-0.0224290341,-0.0298555642,-0.00652544945	-0.410839677,-0.0224290285,-0.0298555568,-0.00652546436
p4	0	175	attn_residual-10	10	1024	54	5.655196e-07	5.960464e-07	-0.395486295,0.0943062827,-0.0898691118,-0.181279272	-0.395486176,0.0943063647,-0.0898692161,-0.181279272
p4	0	176	attn_post_norm-10	10	1024	40	5.582912e-07	2.875924e-06	-1.45170832,0.427321106,-0.40590778,-0.874918401	-1.45170772,0.427321404,-0.405908197,-0.874918342
p4	0	177	ffn_out-10	10	1024	95	3.051090e-07	3.725290e-08	-0.178529993,-0.00293818302,0.013532619,-0.0334991999	-0.178530008,-0.00293819979,0.0135326181,-0.0334991999
p4	0	178	l_out-10	10	1024	47	5.470488e-07	5.960464e-07	-0.574016273,0.0913681015,-0.0763364956,-0.214778468	-0.574016213,0.0913681686,-0.0763365999,-0.214778468
p4	0	179	attn_norm-11	11	1024	39	5.319259e-07	3.028661e-06	-2.31128788,0.383719921,-0.342371851,-1.06219804	-2.31128764,0.38372016,-0.342372268,-1.06219792
p4	0	180	attn_pregate-11	11	2048	272	8.932822e-08	1.907349e-06	0.317912698,0.16163069,0.155247793,-0.142066777	0.317912877,0.16163063,0.155247748,-0.142066762
p4	0	181	attn_gated-11	11	2048	207	2.076985e-07	4.768372e-07	0.28658092,0.0567942187,0.0867285281,-0.0431167968	0.286581069,0.0567941926,0.0867284834,-0.043116793
p4	0	182	attn_output-11	11	1024	96	3.998105e-07	2.980232e-07	0.479531884,0.00335177034,0.147265539,0.150307998	0.479532182,0.00335177779,0.147265553,0.150307953
p4	0	183	attn_residual-11	11	1024	42	8.582394e-07	6.556511e-07	-0.0944843888,0.0947198719,0.070929043,-0.06447047	-0.0944840312,0.0947199464,0.0709289536,-0.0644705147
p4	0	184	attn_post_norm-11	11	1024	24	8.543528e-07	4.082918e-06	-0.466582626,0.663585544,0.474170983,-0.464029014	-0.466580689,0.663585842,0.474170238,-0.464029163
p4	0	185	ffn_out-11	11	1024	120	1.897390e-07	5.960464e-08	0.120049164,-0.00567574846,0.0186890736,0.00477894116	0.120049119,-0.00567575125,0.0186890773,0.00477893557
p4	0	186	l_out-11	11	1024	27	1.118569e-06	7.152557e-07	0.0255647749,0.0890441239,0.0896181166,-0.0596915297	0.0255650878,0.0890441984,0.0896180272,-0.0596915781
p4	0	187	attn_norm-12	12	1024	37	1.095801e-06	7.271767e-06	0.249392107,0.980053127,1.02764142,-0.731207788	0.249395072,0.980053544,1.0276401,-0.731208086
p4	0	188	conv_output_silu-12	12	6144	702	2.621643e-07	9.536743e-07	-0.0227191634,-0.104206994,0.0182637479,0.0374702476	-0.0227191765,-0.104207031,0.0182637498,0.0374703072
p4	0	189	q_conv_predelta-12	12	2048	156	3.865621e-07	2.682209e-07	-0.0131268846,-0.0602096654,0.0105525944,0.021649899	-0.013126893,-0.0602096915,0.0105525963,0.0216499362
p4	0	190	k_conv_predelta-12	12	2048	131	3.862418e-07	5.960464e-07	-0.00951877609,0.00133787072,-0.000693053938,-0.00612819334	-0.00951877516,0.00133787177,-0.000693052949,-0.00612819614
p4	0	191	v_conv_predelta-12	12	2048	235	1.856528e-07	9.536743e-07	-0.00112512219,0.00126778742,0.00015907544,-0.000305970258	-0.00112512265,0.00126778753,0.000159075149,-0.000305970345
p4	0	192	a_softplus-12	12	16	16	0.000000e+00	0.000000e+00	0.300565183,2.517241,3.04856205,0.643720806	0.300565183,2.517241,3.04856205,0.643720806
p4	0	193	gate-12	12	16	16	0.000000e+00	0.000000e+00	-0.0605883189,-1.48560143,-0.316334516,-0.182993859	-0.0605883189,-1.48560143,-0.316334516,-0.182993859
p4	0	194	beta_sigmoid-12	12	16	16	0.000000e+00	0.000000e+00	0.979334116,0.858416557,0.961678028,0.859583199	0.979334116,0.858416557,0.961678028,0.859583199
p4	0	195	state_predelta-12	12	262144	262144	0.000000e+00	0.000000e+00	0,0,0,0	0,0,0,0
p4	0	196	new_state-12	12	262144	9757	3.371474e-07	5.960464e-07	1.04884593e-05,-1.4741604e-06,7.63655748e-07,6.75247566e-06	1.04884621e-05,-1.4741621e-06,7.63654953e-07,6.75248157e-06
p4	0	197	attn_output-12	12	2048	112	2.931827e-07	2.235174e-08	-9.93948379e-06,1.1199807e-05,1.40529426e-06,-2.70298301e-06	-9.93948834e-06,1.11998088e-05,1.40529187e-06,-2.70298437e-06
p4	0	198	z-12	12	2048	200	2.660377e-07	1.907349e-06	0.488871098,-0.216558158,1.38514912,-0.248447031	0.488871068,-0.216558576,1.3851496,-0.24844712
p4	0	199	final_output-12	12	2048	68	5.437121e-07	4.768372e-07	-0.00265131937,-0.000999837182,0.001135397,0.000267912488	-0.00265132054,-0.000999839162,0.00113539549,0.000267912721
p4	0	200	linear_attn_out-12	12	1024	82	8.779970e-07	6.332994e-08	-0.0328301042,0.0153150856,0.00322440825,0.0075121969	-0.0328300744,0.0153151024,0.00322442316,0.00751220249
p4	0	201	attn_residual-12	12	1024	19	1.163919e-06	6.556511e-07	-0.00726532936,0.10435921,0.0928425267,-0.0521793328	-0.00726498663,0.104359299,0.0928424522,-0.0521793738
p4	0	202	attn_post_norm-12	12	1024	33	1.155766e-06	5.543232e-06	-0.0470381156,1.04541743,0.850800574,-0.512201428	-0.0470358804,1.0454179,0.850799561,-0.512201667
p4	0	203	ffn_out-12	12	1024	76	4.390687e-07	7.078052e-08	-0.0610569641,-0.0224509127,-0.000427138526,-0.0120192822	-0.0610570349,-0.0224509127,-0.000427124789,-0.0120192571
p4	0	204	l_out-12	12	1024	18	1.311303e-06	6.556511e-07	-0.0683222935,0.0819083005,0.0924153849,-0.0641986132	-0.0683220178,0.0819083899,0.0924153253,-0.0641986281
p4	0	205	attn_norm-13	13	1024	27	1.314296e-06	8.225441e-06	-0.765304863,1.04001784,1.19534755,-0.925244272	-0.765301526,1.04001868,1.19534636,-0.925244212
p4	0	206	conv_output_silu-13	13	6144	606	4.397744e-07	7.152557e-07	-0.0101590352,0.108969547,0.0324024186,-0.00662516477	-0.0101589784,0.108969636,0.0324024297,-0.00662516197
p4	0	207	q_conv_predelta-13	13	2048	155	3.916216e-07	2.086163e-07	-0.00806564279,0.0865150541,0.0257255062,-0.00525996927	-0.00806559436,0.0865150839,0.0257255062,-0.00525996508
p4	0	208	k_conv_predelta-13	13	2048	143	3.330168e-07	3.576279e-07	-0.00376070268,-0.000983730424,0.00640820153,-0.660265505	-0.00376070128,-0.000983729959,0.00640819874,-0.660265505
p4	0	209	v_conv_predelta-13	13	2048	195	5.510869e-07	2.533197e-07	1.57384329e-05,0.000257036503,0.000123704085,7.88076941e-05	1.57382619e-05,0.000257036707,0.000123704667,7.88079196e-05
p4	0	210	a_softplus-13	13	16	16	0.000000e+00	0.000000e+00	2.25577807,0.61869359,1.61380255,2.79336405	2.25577807,0.61869359,1.61380255,2.79336405
p4	0	211	gate-13	13	16	16	0.000000e+00	0.000000e+00	-0.607134461,-0.71211201,-0.811470866,-0.668685853	-0.607134461,-0.71211201,-0.811470866,-0.668685853
p4	0	212	beta_sigmoid-13	13	16	16	0.000000e+00	0.000000e+00	0.94828707,0.862775028,0.659687579,0.978647351	0.94828707,0.862775028,0.659687579,0.978647351
p4	0	213	state_predelta-13	13	262144	262144	0.000000e+00	0.000000e+00	0,0,0,0	0,0,0,0
p4	0	214	new_state-13	13	262144	7857	6.109743e-07	1.192093e-07	-5.61268045e-08,-1.46817367e-08,9.56395425e-08,-9.85416682e-06	-5.61261757e-08,-1.46815697e-08,9.56384625e-08,-9.85406041e-06
p4	0	215	attn_output-13	13	2048	63	8.283394e-07	8.149073e-10	-7.76941178e-09,-1.26888295e-07,-6.10675812e-08,-3.89040977e-08	-7.7693354e-09,-1.26888608e-07,-6.10680218e-08,-3.89042683e-08
p4	0	216	z-13	13	2048	159	3.777029e-07	2.861023e-06	0.895652413,0.490358293,0.291368127,2.10842395	0.89565289,0.490357816,0.291368365,2.10842466
p4	0	217	final_output-13	13	2048	45	1.216594e-06	1.013279e-06	-5.23780818e-06,-4.12077752e-05,-1.0807611e-05,-7.58230672e-05	-5.23775998e-06,-4.12078334e-05,-1.08076983e-05,-7.58234382e-05
p4	0	218	linear_attn_out-13	13	1024	33	1.123563e-06	4.656613e-08	0.0288389921,-0.00534927985,-0.00153762102,-0.0123206824	0.0288389958,-0.00534928078,-0.00153762009,-0.0123206824
p4	0	219	attn_residual-13	13	1024	16	1.341793e-06	6.556511e-07	-0.0394833013,0.0765590221,0.0908777639,-0.0765192956	-0.0394830219,0.0765591115,0.0908777043,-0.0765193105
p4	0	220	attn_post_norm-13	13	1024	20	1.341419e-06	6.556511e-06	-0.313681304,0.919875145,1.00772834,-0.845645487	-0.31367898,0.919875979,1.00772738,-0.845645428
p4	0	221	ffn_out-13	13	1024	57	6.387075e-07	1.043081e-07	-0.0895211101,0.0189485308,0.0230872333,-0.00262228586	-0.0895212144,0.0189485513,0.0230872706,-0.00262229517
p4	0	222	l_out-13	13	1024	22	1.334643e-06	6.258488e-07	-0.129004419,0.0955075547,0.113964997,-0.0791415796	-0.12900424,0.0955076665,0.113964975,-0.0791416019
p4	0	223	attn_norm-14	14	1024	24	1.313774e-06	8.016825e-06	-1.46559036,1.22495997,1.3566848,-1.09380758	-1.46558785,1.22496092,1.35668409,-1.09380746
p4	0	224	conv_output_silu-14	14	6144	542	5.377655e-07	1.907349e-06	-0.205845341,-0.0156004308,-0.138333037,-0.213234365	-0.205845311,-0.0156004364,-0.138333112,-0.21323435
p4	0	225	q_conv_predelta-14	14	2048	108	6.300910e-07	7.152557e-07	-0.0760359243,-0.00576254539,-0.0510979742,-0.0787653103	-0.0760358945,-0.00576254632,-0.0510979928,-0.078765288
p4	0	226	k_conv_predelta-14	14	2048	114	4.534542e-07	3.874302e-07	-0.00283959345,0.0249523688,0.000460279931,-2.88317551e-05	-0.0028396002,0.0249523725,0.000460279058,-2.88325336e-05
p4	0	227	v_conv_predelta-14	14	2048	181	5.013277e-07	2.468005e-07	-0.000188239006,-0.000758873124,0.000272025296,-0.00259504514	-0.000188239006,-0.000758874405,0.000272022968,-0.00259504607
p4	0	228	a_softplus-14	14	16	16	0.000000e+00	0.000000e+00	0.371566474,1.53729486,0.768167675,0.0278056711	0.371566474,1.53729486,0.768167675,0.0278056711
p4	0	229	gate-14	14	16	16	0.000000e+00	0.000000e+00	-0.116918571,-0.256907731,-0.510711491,-0.083663471	-0.116918571,-0.256907731,-0.510711491,-0.083663471
p4	0	230	beta_sigmoid-14	14	16	16	0.000000e+00	0.000000e+00	0.955226183,0.984059811,0.890013814,0.929672539	0.955226183,0.984059811,0.890013814,0.929672539
p4	0	231	state_predelta-14	14	262144	262144	0.000000e+00	0.000000e+00	0,0,0,0	0,0,0,0
p4	0	232	new_state-14	14	262144	6139	7.000202e-07	1.238659e-07	5.10589643e-07,-4.48670608e-06,-8.27633144e-08,5.18426191e-09	5.10590837e-07,-4.48670698e-06,-8.27631581e-08,5.1844018e-09
p4	0	233	attn_output-14	14	2048	75	5.839340e-07	4.190952e-09	-5.88776281e-08,-2.37361235e-07,8.5084416e-08,-8.11681389e-07	-5.8877518e-08,-2.37361235e-07,8.50835136e-08,-8.11680195e-07
p4	0	234	z-14	14	2048	147	3.909573e-07	2.861023e-06	0.179047704,-0.743002355,0.519366384,0.991110086	0.179047465,-0.743002832,0.519367099,0.991110265
p4	0	235	final_output-14	14	2048	39	8.814954e-07	7.748604e-07	-6.03308263e-06,5.68333708e-05,2.784553e-05,-0.000536564563	-6.03306307e-06,5.68333926e-05,2.78452808e-05,-0.000536563864
p4	0	236	linear_attn_out-14	14	1024	44	6.032254e-07	9.685755e-08	0.0223053917,-0.012047451,0.00294186175,-0.0148281641	0.0223054886,-0.0120474529,0.00294186734,-0.0148281418
p4	0	237	attn_residual-14	14	1024	20	1.359835e-06	5.960464e-07	-0.106699027,0.0834601074,0.116906859,-0.0939697474	-0.106698751,0.0834602118,0.116906844,-0.0939697474
p4	0	238	attn_post_norm-14	14	1024	15	1.308591e-06	6.109476e-06	-0.917725921,1.0067687,1.3233155,-1.0322423	-0.917723119,1.00676966,1.32331479,-1.03224182
p4	0	239	ffn_out-14	14	1024	1	5.278032e-07	2.145767e-06	-1.07878923,-0.162841201,-0.107965946,-0.187188208	-1.07878971,-0.16284126,-0.107966013,-0.187188327
p4	0	240	l_out-14	14	1024	32	5.651969e-07	2.384186e-06	-1.18548822,-0.0793810934,0.00894091278,-0.28115797	-1.18548846,-0.0793810487,0.00894083083,-0.28115809
p4	0	241	attn_norm-15	15	1024	98	2.459498e-07	1.430511e-06	-1.9908638,-0.149000958,0.0167458281,-0.523603678	-1.9908632,-0.149000794,0.0167456642,-0.523603678
p4	0	242	attn_pregate-15	15	2048	392	6.159773e-08	4.768372e-07	-0.207333148,0.220410615,0.0850597024,0.0746375322	-0.207333207,0.220410526,0.0850598812,0.0746374726
p4	0	243	attn_gated-15	15	2048	231	4.615141e-08	3.576279e-07	-0.0406258963,0.0546765104,0.0106401769,0.0260693859	-0.0406259112,0.0546764731,0.0106402002,0.0260693654
p4	0	244	attn_output-15	15	1024	509	1.042475e-07	2.533197e-07	1.05939174,0.114625879,0.124200605,0.333968431	1.05939186,0.114625856,0.12420059,0.333968461
p4	0	245	attn_residual-15	15	1024	30	2.751425e-06	2.384186e-06	-0.126096487,0.0352447852,0.133141518,0.0528104603	-0.126096606,0.0352448076,0.133141428,0.0528103709
p4	0	246	attn_post_norm-15	15	1024	20	2.352066e-06	1.764297e-05	-0.863718212,0.381733745,1.37526548,0.506178916	-0.863717675,0.381733418,1.3752625,0.506177306
p4	0	247	ffn_out-15	15	1024	16	1.978165e-06	4.023314e-07	0.0819580406,0.00984012708,-0.00527200475,0.0193425678	0.0819584429,0.00984010473,-0.00527197868,0.0193425305
p4	0	248	l_out-15	15	1024	15	2.670579e-06	2.264977e-06	-0.0441384465,0.0450849123,0.127869517,0.0721530318	-0.0441381633,0.0450849123,0.127869457,0.0721528977
p4	0	249	attn_norm-16	16	1024	14	2.266340e-06	2.288818e-05	-0.420596331,0.617905617,1.45974338,0.922806859	-0.420593053,0.617904782,1.45974052,0.922803819
p4	0	250	conv_output_silu-16	16	6144	326	7.863364e-07	2.622604e-06	0.0330873653,0.0797003433,0.161502317,-0.245250002	0.0330878086,0.0797004923,0.161502838,-0.245250002
p4	0	251	q_conv_predelta-16	16	2048	56	1.248772e-06	8.940697e-07	0.00564333051,0.0135935685,0.0275455881,-0.0418294668	0.00564340409,0.013593589,0.0275456663,-0.0418294482
p4	0	252	k_conv_predelta-16	16	2048	78	1.127603e-06	1.817942e-06	0.0637207329,-0.0155602051,-0.00431533949,0.0682044178	0.0637207627,-0.0155602209,-0.00431537535,0.0682043731
p4	0	253	v_conv_predelta-16	16	2048	94	5.988397e-07	2.622604e-06	-0.00717367046,0.000262971502,0.116132341,-0.00048389312	-0.00717366254,0.000262971647,0.116132319,-0.0004838928
p4	0	254	a_softplus-16	16	16	16	0.000000e+00	0.000000e+00	0.448827356,1.52503705,0.508258998,2.00885415	0.448827356,1.52503705,0.508258998,2.00885415
p4	0	255	gate-16	16	16	16	0.000000e+00	0.000000e+00	-0.0911848098,-0.618582308,-0.0607028827,-0.434445202	-0.0911848098,-0.618582308,-0.0607028827,-0.434445202
p4	0	256	beta_sigmoid-16	16	16	16	0.000000e+00	0.000000e+00	0.992546856,0.92931366,0.993063748,0.985437751	0.992546856,0.92931366,0.993063748,0.985437751
p4	0	257	state_predelta-16	16	262144	262144	0.000000e+00	0.000000e+00	0,0,0,0	0,0,0,0
p4	0	258	new_state-16	16	262144	4130	1.346408e-06	6.616116e-06	-0.000453704619,0.000110791836,3.07260998e-05,-0.000485629367	-0.000453704328,0.000110791829,3.07263181e-05,-0.000485628523
p4	0	259	attn_output-16	16	2048	32	8.147492e-07	1.955777e-08	-7.52336491e-05,2.75790535e-06,0.0012179343,-5.07481354e-06	-7.52336273e-05,2.75790853e-06,0.00121793489,-5.07481172e-06
p4	0	260	z-16	16	2048	83	9.116928e-07	5.722046e-06	0.00579607487,0.171598077,-1.33328199,0.224167854	0.00579583645,0.171597898,-1.33328104,0.224167764
p4	0	261	final_output-16	16	2048	18	1.431912e-06	1.668930e-06	-0.000170976578,0.000207762379,-0.305926889,-0.00050222635	-0.000170969433,0.000207762321,-0.305927038,-0.000502225885
p4	0	262	linear_attn_out-16	16	1024	32	1.591945e-06	2.235174e-07	-0.141620919,0.0101328865,0.0407453105,-0.0199644268	-0.141621143,0.0101328678,0.0407453626,-0.0199644379
p4	0	263	attn_residual-16	16	1024	19	2.660006e-06	2.264977e-06	-0.185759366,0.0552177988,0.168614835,0.0521886051	-0.185759306,0.0552177802,0.16861482,0.0521884598
p4	0	264	attn_post_norm-16	16	1024	10	2.463386e-06	1.883507e-05	-1.22631383,0.613758147,1.83448386,0.474393964	-1.2263118,0.613757074,1.83448148,0.474392027
p4	0	265	ffn_out-16	16	1024	18	1.384857e-06	1.564622e-07	0.0525972322,-0.00274102716,0.0105987983,0.0508981273	0.0525973886,-0.00274099666,0.0105987862,0.05089828
p4	0	266	l_out-16	16	1024	8	2.620226e-06	2.384186e-06	-0.133162141,0.0524767712,0.179213628,0.103086732	-0.133161917,0.0524767824,0.179213613,0.10308674
p4	0	267	attn_norm-17	17	1024	7	2.284874e-06	2.360344e-05	-1.36029518,0.720695019,2.3008523,1.28849339	-1.36029124,0.720694244,2.3008492,1.28849185
p4	0	268	conv_output_silu-17	17	6144	396	7.361233e-07	3.337860e-06	-0.246370107,-0.190535277,-0.127059102,0.000431360677	-0.246370107,-0.190535322,-0.127059102,0.000431391207
p4	0	269	q_conv_predelta-17	17	2048	59	1.085740e-06	8.046627e-07	-0.0945899263,-0.073153019,-0.0487823412,0.000165614139	-0.094589971,-0.0731530711,-0.0487823635,0.000165625941
p4	0	270	k_conv_predelta-17	17	2048	110	1.012457e-06	1.950189e-06	0.0185735095,-0.115010075,-0.0230448879,-0.0108387005	0.0185735077,-0.115010247,-0.0230448749,-0.0108387349
p4	0	271	v_conv_predelta-17	17	2048	122	4.123079e-07	1.013279e-06	-0.00984986871,-0.203549266,0.0496629179,-0.0293378662	-0.0098498771,-0.20354946,0.0496629402,-0.0293379035
p4	0	272	a_softplus-17	17	16	16	0.000000e+00	0.000000e+00	2.67984772,0.228325143,3.6571908,3.08820295	2.67984772,0.228325143,3.6571908,3.08820295
p4	0	273	gate-17	17	16	16	0.000000e+00	0.000000e+00	-0.631566167,-0.0590986572,-0.924682617,-1.07562494	-0.631566167,-0.0590986572,-0.924682617,-1.07562494
p4	0	274	beta_sigmoid-17	17	16	16	0.000000e+00	0.000000e+00	0.943912089,0.994383693,0.985736072,0.963858068	0.943912089,0.994383693,0.985736072,0.963858068
p4	0	275	state_predelta-17	17	262144	262144	0.000000e+00	0.000000e+00	0,0,0,0	0,0,0,0
p4	0	276	new_state-17	17	262144	5076	8.975347e-07	1.311302e-06	-0.000172685541,0.0010692958,0.000214257772,0.000100771846	-0.000172685672,0.00106929836,0.000214257845,0.000100772253
p4	0	277	attn_output-17	17	2048	35	1.019953e-06	4.656613e-08	-1.78147802e-05,-0.000368145644,8.98219077e-05,-5.30613834e-05	-1.78148093e-05,-0.00036814608,8.98219805e-05,-5.30614925e-05
p4	0	278	z-17	17	2048	85	8.591844e-07	5.125999e-06	-0.121163137,-1.12228036,-1.33336186,-0.72130394	-0.121163495,-1.12227952,-1.33336377,-0.721303225
p4	0	279	final_output-17	17	2048	25	1.561922e-06	1.668930e-06	0.000772866944,0.0855706856,-0.0145863844,0.00939947553	0.00077287032,0.085570775,-0.0145863947,0.00939949136
p4	0	280	linear_attn_out-17	17	1024	62	8.416897e-07	7.078052e-08	-0.163770691,0.0278424863,0.0490866378,-0.0507380925	-0.163770646,0.027842503,0.0490866229,-0.050738126
p4	0	281	attn_residual-17	17	1024	6	2.567858e-06	2.384186e-06	-0.296932817,0.0803192556,0.228300273,0.0523486398	-0.296932578,0.0803192854,0.228300244,0.0523486137
p4	0	282	attn_post_norm-17	17	1024	11	2.422372e-06	1.835823e-05	-1.82366204,0.865086973,2.37259316,0.47830227	-1.82365811,0.865086198,2.37258983,0.478301436
p4	0	283	ffn_out-17	17	1024	51	7.311825e-07	1.024455e-07	-0.0203327909,-0.0357995667,-0.0180682763,0.0393719412	-0.0203327797,-0.0357995555,-0.0180682968,0.0393719375
p4	0	284	l_out-17	17	1024	17	2.511253e-06	2.384186e-06	-0.3172656,0.0445196889,0.21023199,0.0917205811	-0.317265362,0.0445197299,0.210231945,0.0917205513
p4	0	285	attn_norm-18	18	1024	20	2.207684e-06	2.384186e-05	-3.20808506,0.592361331,2.69205666,1.14209783	-3.20807886,0.592361271,2.69205308,1.14209616
p4	0	286	conv_output_silu-18	18	6144	454	6.549368e-07	2.861023e-06	-0.259165525,-0.235831425,-0.0348478816,-0.27643773	-0.259165525,-0.235831425,-0.0348478518,-0.27643773
p4	0	287	q_conv_predelta-18	18	2048	78	9.451877e-07	9.089708e-07	-0.0711625665,-0.06475541,-0.00956865121,-0.0759052262	-0.0711625665,-0.06475541,-0.00956864376,-0.0759052262
p4	0	288	k_conv_predelta-18	18	2048	76	7.625731e-07	7.897615e-07	-0.035975568,-0.0690212771,-0.0391864404,0.00115958636	-0.0359755829,-0.0690212697,-0.0391864404,0.0011595852
p4	0	289	v_conv_predelta-18	18	2048	150	4.619854e-07	1.668930e-06	0.0800255463,0.0129866963,-0.00863330532,-0.102182172	0.0800256357,0.0129867084,-0.00863327738,-0.102182262
p4	0	290	a_softplus-18	18	16	16	0.000000e+00	0.000000e+00	0.0686918274,7.81408358,1.70992863,4.97774601	0.0686918274,7.81408358,1.70992863,4.97774601
p4	0	291	gate-18	18	16	16	0.000000e+00	0.000000e+00	-0.0286350138,-1.57517314,-0.509418249,-1.33974218	-0.0286350138,-1.57517314,-0.509418249,-1.33974218
p4	0	292	beta_sigmoid-18	18	16	16	0.000000e+00	0.000000e+00	0.995706618,0.985102296,0.97120285,0.980772376	0.995706618,0.985102296,0.97120285,0.980772376
p4	0	293	state_predelta-18	18	262144	262144	0.000000e+00	0.000000e+00	0,0,0,0	0,0,0,0
p4	0	294	new_state-18	18	262144	5519	8.148058e-07	1.907349e-06	-0.0028666039,-0.00549975084,-0.00312245241,9.23981206e-05	-0.00286660832,-0.00549975643,-0.00312245591,9.23981279e-05
p4	0	295	attn_output-18	18	2048	57	1.299687e-06	4.470348e-08	0.00122041185,0.000198050751,-0.000131660316,-0.00155830663	0.0012204136,0.000198050897,-0.000131659923,-0.00155830802
p4	0	296	z-18	18	2048	83	8.335015e-07	8.106232e-06	-3.5866909,-0.431511343,-0.967489421,-0.690627575	-3.58669233,-0.431511253,-0.967488706,-0.690628529
p4	0	297	final_output-18	18	2048	33	1.022758e-06	2.622604e-06	-0.0441655777,-0.0147427823,0.0140354233,0.136824593	-0.0441655777,-0.0147427842,0.0140353721,0.136824772
p4	0	298	linear_attn_out-18	18	1024	44	5.620086e-07	3.576279e-07	-0.664128184,0.0661906004,-0.023998633,0.0630492344	-0.664127946,0.0661905557,-0.0239986572,0.0630492494
p4	0	299	attn_residual-18	18	1024	15	1.960322e-06	2.145767e-06	-0.981393814,0.110710293,0.186233357,0.154769808	-0.981393337,0.110710286,0.186233282,0.154769808
p4	0	300	attn_post_norm-18	18	1024	24	1.991804e-06	1.573563e-05	-5.32412481,0.933564603,1.59651399,1.13698852	-5.32411861,0.933563948,1.5965122,1.13698769
p4	0	301	ffn_out-18	18	1024	41	9.291748e-07	2.533197e-07	-1.29461813,-0.0389828011,-0.135147244,0.299685627	-1.29461837,-0.0389828943,-0.135147348,0.299685776
p4	0	302	l_out-18	18	1024	14	1.743181e-06	2.384186e-06	-2.27601194,0.0717274919,0.0510861129,0.454455435	-2.27601171,0.0717273951,0.051085934,0.454455584
p4	0	303	attn_norm-19	19	1024	14	1.527147e-06	1.132488e-05	-11.6471682,0.408253014,0.299696803,2.63613391	-11.6471596,0.408252209,0.299695551,2.63613319
p4	0	304	attn_pregate-19	19	2048	52	1.005018e-06	3.337860e-06	-0.442429662,-0.26149404,-0.52533859,-0.224258721	-0.442429841,-0.261493027,-0.525339246,-0.224258915
p4	0	305	attn_gated-19	19	2048	24	7.280397e-07	1.907349e-06	-0.015875604,-0.017425485,-0.0297681391,-0.0145734912	-0.0158755928,-0.0174253862,-0.0297681428,-0.0145734902
p4	0	306	attn_output-19	19	1024	106	9.959922e-07	5.960464e-07	1.68914711,0.0228888243,0.0175865591,-0.144197255	1.68914771,0.0228888541,0.0175866932,-0.144197375
p4	0	307	attn_residual-19	19	1024	19	1.979462e-06	2.145767e-06	-0.586864829,0.0946163163,0.0686726719,0.31025818	-0.586863995,0.0946162492,0.0686726272,0.31025821
p4	0	308	attn_post_norm-19	19	1024	9	1.978607e-06	1.513958e-05	-3.28125143,0.783034503,0.519613862,1.95107484	-3.28124475,0.78303349,0.519613206,1.951074
p4	0	309	ffn_out-19	19	1024	45	9.249765e-07	1.937151e-07	0.0485323519,-0.00629166886,-0.0727806389,-0.027778849	0.0485323668,-0.00629163906,-0.0727806911,-0.02777889
p4	0	310	l_out-19	19	1024	15	2.028039e-06	2.145767e-06	-0.538332462,0.0883246511,-0.00410796702,0.282479346	-0.538331628,0.0883246064,-0.00410806388,0.282479316
p4	0	311	attn_norm-20	20	1024	19	1.821382e-06	1.919270e-05	-3.74036741,0.862093568,-0.0373663194,2.30085468	-3.74035883,0.862092495,-0.0373671763,2.30085278
p4	0	312	conv_output_silu-20	20	6144	512	6.139560e-07	2.980232e-06	0.147016689,-0.107801974,-0.052446533,0.08597105	0.147017077,-0.107802011,-0.0524461679,0.0859707594
p4	0	313	q_conv_predelta-20	20	2048	69	7.833005e-07	6.705523e-07	0.0641428679,-0.0470336266,-0.0228822399,0.0375088714	0.0641430318,-0.0470336378,-0.0228820797,0.037508741
p4	0	314	k_conv_predelta-20	20	2048	101	5.898783e-07	3.874302e-07	0.00146838906,-0.00665641762,0.028214762,-0.0320083089	0.00146838999,-0.00665643485,0.0282147638,-0.032008294
p4	0	315	v_conv_predelta-20	20	2048	169	4.567088e-07	2.384186e-06	0.0139005957,0.0249239244,0.0105910534,-0.00927954726	0.0139005864,0.0249239206,0.0105910106,-0.00927955378
p4	0	316	a_softplus-20	20	16	16	0.000000e+00	0.000000e+00	1.04142618,2.2906878,0.58190161,5.29066563	1.04142618,2.2906878,0.58190161,5.29066563
p4	0	317	gate-20	20	16	16	0.000000e+00	0.000000e+00	-0.232373595,-0.398061842,-0.105972156,-1.51580107	-0.232373595,-0.398061842,-0.105972156,-1.51580107
p4	0	318	beta_sigmoid-20	20	16	16	0.000000e+00	0.000000e+00	0.997398615,0.996779621,0.993665874,0.968834281	0.997398615,0.996779621,0.993665874,0.968834281
p4	0	319	state_predelta-20	20	262144	262144	0.000000e+00	0.000000e+00	0,0,0,0	0,0,0,0
p4	0	320	new_state-20	20	262144	6909	6.188282e-07	1.668930e-06	2.03583859e-05,-9.22874679e-05,0.000391181733,-0.000443777128	2.03583841e-05,-9.22876497e-05,0.0003911815,-0.000443776633
p4	0	321	attn_output-20	20	2048	71	6.708201e-07	1.676381e-08	0.000179103954,0.000321135361,0.000136461735,-0.000119563469	0.000179103852,0.00032113542,0.000136461211,-0.0001195636
p4	0	322	z-20	20	2048	114	6.632523e-07	3.933907e-06	0.0509408712,-0.165492535,0.704283476,-0.00994151831	0.0509415269,-0.165493727,0.704283714,-0.00994193554
p4	0	323	final_output-20	20	2048	38	1.333301e-06	7.390976e-06	0.00178861571,-0.00986231491,0.0237725433,0.00020360238	0.00178863748,-0.00986237638,0.0237724558,0.000203611024
p4	0	324	linear_attn_out-20	20	1024	19	1.368968e-06	4.135072e-07	0.0498993546,-0.0262342244,-0.0687540248,0.0271160267	0.0498994887,-0.026234366,-0.0687540695,0.0271164402
p4	0	325	attn_residual-20	20	1024	15	2.014585e-06	2.026558e-06	-0.488433123,0.0620904267,-0.0728619918,0.309595376	-0.488432139,0.0620902404,-0.0728621334,0.309595764
p4	0	326	attn_post_norm-20	20	1024	15	1.978942e-06	1.564622e-05	-2.29276681,0.510736525,-0.606532097,2.00844622	-2.29276061,0.510734618,-0.606532872,2.00844717
p4	0	327	ffn_out-20	20	1024	17	1.316990e-06	2.682209e-07	0.174188644,0.0712438822,0.0326304883,0.0265233703	0.174188837,0.0712439492,0.0326305032,0.0265233088
p4	0	328	l_out-20	20	1024	21	1.971870e-06	2.130866e-06	-0.314244479,0.133334309,-0.0402315035,0.336118758	-0.314243317,0.13333419,-0.0402316302,0.336119086
p4	0	329	attn_norm-21	21	1024	15	1.772214e-06	1.859665e-05	-1.96476614,1.27995157,-0.352327377,2.73835969	-1.96475744,1.27994943,-0.352328181,2.73836017
p4	0	330	conv_output_silu-21	21	6144	505	7.059010e-07	2.384186e-06	-0.250014693,-0.193475887,0.03266716,-0.260980308	-0.250014663,-0.193476126,0.0326674245,-0.260980338
p4	0	331	q_conv_predelta-21	21	2048	89	8.676327e-07	9.089708e-07	-0.109523401,-0.0847555697,0.0143104326,-0.114327088	-0.109523386,-0.084755674,0.0143105481,-0.114327095
p4	0	332	k_conv_predelta-21	21	2048	111	7.317388e-07	6.556511e-07	-0.0444022454,0.0394084714,-0.0601643845,-0.00832765084	-0.0444022827,0.0394084565,-0.0601643845,-0.00832765829
p4	0	333	v_conv_predelta-21	21	2048	136	5.925579e-07	9.536743e-07	-0.0271373633,0.0530353114,0.155394152,-0.00491593825	-0.0271373969,0.053035222,0.155394077,-0.00491596013
p4	0	334	a_softplus-21	21	16	16	0.000000e+00	0.000000e+00	2.87157059,5.32262278,0.110977821,1.8409301	2.87157059,5.32262278,0.110977821,1.8409301
p4	0	335	gate-21	21	16	16	0.000000e+00	0.000000e+00	-0.848834634,-1.37768388,-0.0414693803,-0.872997344	-0.848834634,-1.37768388,-0.0414693803,-0.872997344
p4	0	336	beta_sigmoid-21	21	16	16	0.000000e+00	0.000000e+00	0.972937644,0.880907178,0.978548169,0.982748687	0.972937644,0.880907178,0.978548169,0.982748687
p4	0	337	state_predelta-21	21	262144	262144	0.000000e+00	0.000000e+00	0,0,0,0	0,0,0,0
p4	0	338	new_state-21	21	262144	5297	8.946817e-07	1.430511e-06	0.00117235072,-0.00104050036,0.00158851792,0.000219874637	0.00117235328,-0.00104050129,0.0015885199,0.000219875117
p4	0	339	attn_output-21	21	2048	49	9.064718e-07	2.048910e-08	-0.000137517432,0.0002687542,0.00078745326,-2.49113073e-05	-0.000137517593,0.000268753764,0.000787452504,-2.49114182e-05
p4	0	340	z-21	21	2048	85	8.364819e-07	4.768372e-06	-1.90541792,1.04469883,0.258241057,1.11325204	-1.90541863,1.04470015,0.258242249,1.11325097
p4	0	341	final_output-21	21	2048	38	1.442867e-06	4.082918e-06	0.0260251816,0.131517112,0.0794030353,-0.0179519206	0.0260252077,0.131517097,0.0794033632,-0.0179519821
p4	0	342	linear_attn_out-21	21	1024	33	1.345094e-06	3.650784e-07	0.0406674594,-0.00757458061,0.156890273,-0.109338418	0.0406673774,-0.00757460296,0.156890363,-0.109338492
p4	0	343	attn_residual-21	21	1024	29	1.916517e-06	2.145767e-06	-0.273577034,0.125759721,0.11665877,0.22678034	-0.273575932,0.125759587,0.116658732,0.226780593
p4	0	344	attn_post_norm-21	21	1024	18	1.868604e-06	1.454353e-05	-1.18931973,0.945061624,0.865104139,1.34448504	-1.18931425,0.945060134,0.865103304,1.34448576
p4	0	345	ffn_out-21	21	1024	32	9.272873e-07	2.682209e-07	-0.27255857,-0.00601583347,-0.0246489123,-0.0990874618	-0.272558302,-0.00601585209,-0.024648957,-0.0990875587
p4	0	346	l_out-21	21	1024	23	1.865189e-06	2.145767e-06	-0.546135604,0.119743884,0.0920098573,0.127692878	-0.546134233,0.119743735,0.0920097753,0.127693027
p4	0	347	attn_norm-22	22	1024	16	1.715270e-06	1.430511e-05	-2.98842764,0.940029979,0.664593756,0.92112118	-2.98841882,0.94002831,0.664592862,0.921121836
p4	0	348	conv_output_silu-22	22	6144	482	6.636051e-07	1.668930e-06	-0.156384513,-0.2709409,-0.00690966612,0.024832312	-0.156384617,-0.270940959,-0.00690963492,0.02483234
p4	0	349	q_conv_predelta-22	22	2048	80	7.424034e-07	5.662441e-07	-0.0676290616,-0.117169395,-0.00298811076,0.0107388254	-0.0676291063,-0.117169417,-0.00298809703,0.0107388375
p4	0	350	k_conv_predelta-22	22	2048	97	6.020371e-07	4.172325e-07	-0.00259187235,-0.00159800239,-0.045984488,0.168800324	-0.00259188679,-0.00159804069,-0.0459844917,0.168800473
p4	0	351	v_conv_predelta-22	22	2048	140	4.251403e-07	4.470348e-07	-0.00905043352,-0.00608356064,0.00271560345,-0.0255741756	-0.00905042421,-0.00608356064,0.00271559833,-0.0255741645
p4	0	352	a_softplus-22	22	16	0	5.337981e-05	3.793240e-04	3.81490397,2.31649804,4.2882781,1.26323795	3.81492186,2.3164506,4.28834009,1.26310694
p4	0	353	gate-22	22	16	0	3.758604e-05	9.220839e-05	-0.705686271,-0.525020242,-2.81232142,-0.237355381	-0.705689609,-0.525009513,-2.81236219,-0.237330765
p4	0	354	beta_sigmoid-22	22	16	0	6.453225e-06	1.347065e-05	0.838188231,0.95578146,0.962606251,0.933629215	0.838195384,0.955785394,0.962607026,0.933631778
p4	0	355	state_predelta-22	22	262144	262144	0.000000e+00	0.000000e+00	0,0,0,0	0,0,0,0
p4	0	356	new_state-22	22	262144	1729	4.126379e-06	2.384186e-06	1.96618585e-05,1.21223929e-05,0.000348836795,-0.00128051371	1.96621149e-05,1.21227749e-05,0.000348839443,-0.00128052442
p4	0	357	attn_output-22	22	2048	20	5.730256e-06	7.078052e-08	-0.000168996557,-0.000113596856,5.07078075e-05,-0.000477540365	-0.000168997867,-0.000113597838,5.07081641e-05,-0.00047754441
p4	0	358	z-22	22	2048	144	5.494189e-07	3.814697e-06	1.36390185,-0.348752856,-3.84848905,0.274149477	1.36390209,-0.348752737,-3.84848881,0.274149179
p4	0	359	final_output-22	22	2048	14	6.017981e-06	1.561642e-05	-0.194650203,0.0157072134,-0.00406475924,-0.0668852106	-0.194651455,0.0157073233,-0.00406478252,-0.066885598
p4	0	360	linear_attn_out-22	22	1024	12	3.469903e-06	1.788139e-06	0.668566048,0.0219578594,0.055725053,-0.233680263	0.668565691,0.0219579488,0.0557251275,-0.233679652
p4	0	361	attn_residual-22	22	1024	11	2.079603e-06	2.026558e-06	0.122430444,0.141701743,0.14773491,-0.105987385	0.122431457,0.141701683,0.14773491,-0.105986625
p4	0	362	attn_post_norm-22	22	1024	9	2.105665e-06	1.263618e-05	0.531265616,0.887149155,0.90844965,-0.535841823	0.531269848,0.887148499,0.908449411,-0.53583777
p4	0	363	ffn_out-22	22	1024	38	6.557403e-07	2.980232e-07	-0.516201794,-0.0124575794,-0.0585438013,0.113391042	-0.516202092,-0.0124574788,-0.0585438274,0.113391042
p4	0	364	l_out-22	22	1024	12	1.912332e-06	2.086163e-06	-0.39377135,0.129244164,0.0891911089,0.00740365684	-0.393770635,0.129244208,0.0891910791,0.0074044168
p4	0	365	attn_norm-23	23	1024	17	1.689950e-06	1.031160e-05	-1.66305923,0.698933065,0.498409897,0.0337710679	-1.66305578,0.698933125,0.498409599,0.0337745287
p4	0	366	attn_pregate-23	23	2048	0	1.840327e-04	1.865864e-03	-6.03453684,0.179828286,-0.276322961,0.202475742	-6.03517532,0.180037946,-0.276761293,0.202252537
p4	0	367	attn_gated-23	23	2048	0	2.934338e-04	1.701117e-03	-0.421105623,0.0300319418,-0.0412420109,0.0462870225	-0.421310574,0.0300731342,-0.0412976332,0.0462555885
p4	0	368	attn_output-23	23	1024	0	2.890731e-03	2.773643e-03	1.83899868,-0.198934555,0.0388420038,-0.410612404	1.83944416,-0.199297339,0.0390024781,-0.411273122
p4	0	369	attn_residual-23	23	1024	0	2.143306e-03	2.773553e-03	1.44522738,-0.0696903914,0.128033116,-0.403208733	1.44567347,-0.0700531304,0.128193557,-0.403868705
p4	0	370	attn_post_norm-23	23	1024	0	2.164091e-03	1.195562e-02	4.61837149,-0.269208014,0.455029845,-1.34049392	4.61986351,-0.270613164,0.455606669,-1.34270751
p4	0	371	ffn_out-23	23	1024	0	1.464936e-02	8.108139e-03	-1.89053619,-0.0180596691,-0.160261571,1.02514231	-1.88242805,-0.0169578604,-0.159927532,1.02876234
p4	0	372	l_out-23	23	1024	0	6.245944e-03	8.554220e-03	-0.445308805,-0.0877500623,-0.0322284549,0.621933579	-0.436754584,-0.0870109946,-0.0317339748,0.624893665
p4	0	373	result_norm	-1	1024	0	8.255232e-03	1.076877e-01	-0.298120469,-0.989405453,-0.352785766,7.59684038	-0.292367905,-0.980985761,-0.347342342,7.63232422
p4	0	374	result_output	-1	248320	0	1.520769e-02	1.773713e-01	1.73985863,3.45914364,6.23938513,2.74840593	1.66817057,3.4249115,6.24281931,2.81236768
p4	1	375	model.input_embed	-1	1024	1024	0.000000e+00	0.000000e+00	0.0149679184,-0.0224518776,-0.028439045,-0.00898075104	0.0149679184,-0.0224518776,-0.028439045,-0.00898075104
p4	1	376	attn_norm-0	0	1024	1024	0.000000e+00	0.000000e+00	1.32417631,-1.28602874,-1.93117678,-0.693640828	1.32417631,-1.28602874,-1.93117678,-0.693640828
p4	1	377	conv_output_silu-0	0	6144	6144	0.000000e+00	0.000000e+00	-0.0199038032,0.0064121047,-0.0311781056,-0.0159844179	-0.0199038032,0.0064121047,-0.0311781056,-0.0159844179
p4	1	378	q_conv_predelta-0	0	2048	873	8.157870e-08	5.960464e-08	-0.0248693507,0.00801177882,-0.038956333,-0.019972166	-0.0248693489,0.00801177882,-0.038956333,-0.019972166
p4	1	379	k_conv_predelta-0	0	2048	447	1.261285e-07	1.192093e-07	-0.0252393503,-0.0798191354,0.0527554564,0.00172415131	-0.025239354,-0.0798191428,0.0527554639,0.00172415143
p4	1	380	v_conv_predelta-0	0	2048	2048	0.000000e+00	0.000000e+00	0.014797858,-0.016501734,-0.00478981249,0.0645483956	0.014797858,-0.016501734,-0.00478981249,0.0645483956
p4	1	381	a_softplus-0	0	16	16	0.000000e+00	0.000000e+00	3.03038049,0.000870683114,0.000659129291,5.90454483	3.03038049,0.000870683114,0.000659129291,5.90454483
p4	1	382	gate-0	0	16	16	0.000000e+00	0.000000e+00	-3.92160368,-0.000114208764,-7.87217723e-05,-3.351192	-3.92160368,-0.000114208764,-7.87217723e-05,-3.351192
p4	1	383	beta_sigmoid-0	0	16	16	0.000000e+00	0.000000e+00	0.607916415,0.470774174,0.704183161,0.988907754	0.607916415,0.470774174,0.704183161,0.988907754
p4	1	384	state_predelta-0	0	262144	92004	9.589290e-08	5.960464e-08	-3.93379878e-07,-3.18841703e-05,-3.61811362e-05,-1.31399872e-07	-3.93379906e-07,-3.18841739e-05,-3.61811435e-05,-1.31399901e-07
p4	1	385	new_state-0	0	262144	76164	9.517268e-08	1.192093e-07	-0.000227077442,-0.000718736555,0.000473905733,1.55089856e-05	-0.000227077471,-0.000718736614,0.00047390582,1.55089874e-05
p4	1	386	attn_output-0	0	2048	376	2.459603e-07	6.519258e-09	5.01796712e-05,-5.59660912e-05,-1.62651668e-05,0.000219062742	5.01796712e-05,-5.59660948e-05,-1.62651704e-05,0.000219062786
p4	1	387	z-0	0	2048	2048	0.000000e+00	0.000000e+00	0.308605969,0.96531105,0.185285449,1.01937342	0.308605969,0.96531105,0.185285449,1.01937342
p4	1	388	final_output-0	0	2048	350	1.996389e-07	3.576279e-07	0.00843618624,-0.0380078144,-0.00149816787,0.148804232	0.00843618624,-0.0380078182,-0.0014981681,0.148804262
p4	1	389	linear_attn_out-0	0	1024	89	1.458481e-06	2.384186e-07	-0.199616343,-0.0281739309,-0.0345434844,0.018316783	-0.199616104,-0.0281739756,-0.0345434248,0.0183167905
p4	1	390	attn_residual-0	0	1024	90	1.389862e-06	2.384186e-07	-0.184648424,-0.0506258085,-0.0629825294,0.00933603197	-0.184648186,-0.0506258532,-0.0629824698,0.00933603942
p4	1	391	attn_post_norm-0	0	1024	93	1.440738e-06	5.722046e-06	-3.67594171,-1.84874225,-2.36667609,0.343755782	-3.67593718,-1.8487438,-2.36667371,0.34375605
p4	1	392	ffn_out-0	0	1024	36	5.975659e-07	1.043081e-07	0.193778262,0.0346853212,0.0315507576,0.00766588934	0.193778157,0.0346852988,0.031550739,0.00766589493
p4	1	393	l_out-0	0	1024	25	1.262583e-06	1.695007e-07	0.00912983716,-0.0159404874,-0.0314317718,0.0170019213	0.00912997127,-0.0159405544,-0.0314317308,0.0170019343
p4	1	394	attn_norm-1	1	1024	30	1.269589e-06	6.437302e-06	0.278393745,-0.629836023,-1.18792653,0.688956082	0.278397888,-0.629838765,-1.18792534,0.688956738
p4	1	395	conv_output_silu-1	1	6144	678	3.098671e-07	6.854534e-07	-0.0123663433,-0.00484091649,-0.00115763175,-0.197024271	-0.012366347,-0.0048409109,-0.00115772476,-0.197024211
p4	1	396	q_conv_predelta-1	1	2048	118	4.655687e-07	4.991889e-07	-0.0135818627,-0.00531674223,-0.0012714183,-0.216390282	-0.0135818655,-0.00531673618,-0.00127152039,-0.216390207
p4	1	397	k_conv_predelta-1	1	2048	170	4.053173e-07	4.172325e-07	-0.0216047838,0.35182938,0.0271503646,0.00589399552	-0.021604795,0.35182938,0.0271503758,0.00589399878
p4	1	398	v_conv_predelta-1	1	2048	233	1.492339e-07	4.172325e-07	0.180203855,0.0471171476,0.0328047685,0.00462351087	0.180203825,0.0471171401,0.0328047685,0.00462351134
p4	1	399	a_softplus-1	1	16	16	0.000000e+00	0.000000e+00	1.21980286,0.923421979,1.36834764,1.8996551	1.21980286,0.923421979,1.36834764,1.8996551
p4	1	400	gate-1	1	16	16	0.000000e+00	0.000000e+00	-0.218698591,-0.996022582,-1.56728697,-0.57485348	-0.218698591,-0.996022582,-1.56728697,-0.57485348
p4	1	401	beta_sigmoid-1	1	16	16	0.000000e+00	0.000000e+00	0.960202098,0.558266521,0.929064095,0.813479125	0.960202098,0.558266521,0.929064095,0.813479125
p4	1	402	state_predelta-1	1	262144	14488	2.658086e-07	1.788139e-07	2.57077791e-05,-0.00196893164,-0.000129312044,4.84333759e-05	2.570779e-05,-0.00196893164,-0.000129312073,4.84333978e-05
p4	1	403	new_state-1	1	262144	12248	3.310659e-07	3.427267e-07	-0.00371669489,0.0592798479,0.00459275721,0.0010585055	-0.00371669629,0.0592798367,0.0045927586,0.00105850608
p4	1	404	attn_output-1	1	2048	106	1.999633e-07	5.587935e-09	0.00115293986,0.000311128504,0.000198371155,2.89911477e-05	0.00115293998,0.000311128475,0.000198371257,2.89911586e-05
p4	1	405	z-1	1	2048	129	4.393747e-07	2.384186e-06	-5.51347637,-5.06877661,-1.23876822,-0.26649946	-5.51347542,-5.06877518,-1.23876786,-0.266499013
p4	1	406	final_output-1	1	2048	54	7.737948e-07	1.192093e-06	-0.0219599623,-0.00846144464,-0.0519324206,-0.00347533799	-0.0219599828,-0.00846145488,-0.0519324504,-0.00347533473
p4	1	407	linear_attn_out-1	1	1024	49	7.995357e-07	2.682209e-07	-0.189839453,0.0111419726,0.00722718239,-0.0245501325	-0.189839721,0.0111419791,0.00722718239,-0.0245501474
p4	1	408	attn_residual-1	1	1024	40	1.055245e-06	1.769513e-07	-0.180709615,-0.00479851477,-0.0242045894,-0.00754821114	-0.180709749,-0.0047985753,-0.0242045484,-0.00754821301
p4	1	409	attn_post_norm-1	1	1024	49	1.086335e-06	4.291534e-06	-2.6129384,-0.10929729,-0.556960523,-0.183370307	-2.61294031,-0.109298676,-0.55695951,-0.183370352
p4	1	410	ffn_out-1	1	1024	58	5.167622e-07	1.043081e-07	0.157300696,-0.047730498,-0.0155556239,-0.0236858055	0.1573008,-0.047730498,-0.0155556249,-0.0236858297
p4	1	411	l_out-1	1	1024	26	9.097034e-07	1.713634e-07	-0.0234089196,-0.0525290146,-0.0397602133,-0.0312340166	-0.0234089494,-0.0525290743,-0.0397601724,-0.0312340427
p4	1	412	attn_norm-2	2	1024	32	9.167424e-07	4.291534e-06	-0.47219187,-1.29799342,-0.948640764,-0.781637788	-0.472192436,-1.29799473,-0.948639631,-0.781638324
p4	1	413	conv_output_silu-2	2	6144	771	3.065098e-07	1.072884e-06	-0.0365573391,-0.0503447317,0.044044327,-0.0108081354	-0.0365573354,-0.0503447428,0.0440443382,-0.0108081317
p4	1	414	q_conv_predelta-2	2	2048	140	3.306681e-07	5.066395e-07	-0.0329564251,-0.0453857556,0.0397059433,-0.00974352937	-0.0329564139,-0.0453857519,0.0397059396,-0.00974352378
p4	1	415	k_conv_predelta-2	2	2048	201	2.846281e-07	2.384186e-07	0.108680375,-0.00498832855,-0.0505181551,-0.29146862	0.10868039,-0.00498832855,-0.0505181476,-0.291468561
p4	1	416	v_conv_predelta-2	2	2048	315	1.654939e-07	4.768372e-07	-0.014431064,0.0547203273,-0.00170639309,-0.0402423479	-0.0144310603,0.0547203347,-0.0017064003,-0.0402423479
p4	1	417	a_softplus-2	2	16	16	0.000000e+00	0.000000e+00	2.8431015,1.36383569,1.30202472,2.24770069	2.8431015,1.36383569,1.30202472,2.24770069
p4	1	418	gate-2	2	16	16	0.000000e+00	0.000000e+00	-2.55227566,-0.384687513,-0.387896389,-1.46833122	-2.55227566,-0.384687513,-0.387896389,-1.46833122
p4	1	419	beta_sigmoid-2	2	16	16	0.000000e+00	0.000000e+00	0.630513132,0.628855109,0.755060017,0.485650599	0.630513132,0.628855109,0.755060017,0.485650599
p4	1	420	state_predelta-2	2	262144	18458	1.739329e-07	1.788139e-07	-0.000216492306,2.72199259e-06,1.71848262e-06,-0.00114781724	-0.000216492204,2.72199418e-06,1.71848217e-06,-0.00114781701
p4	1	421	new_state-2	2	262144	17211	2.535191e-07	4.768372e-07	-0.00100830896,4.57183851e-05,0.000460988813,0.00256952038	-0.00100830884,4.57183705e-05,0.000460988609,0.00256951898
p4	1	422	attn_output-2	2	2048	165	3.193010e-07	2.235174e-08	-1.09788843e-05,4.20515535e-05,-1.1368827e-06,-3.35524965e-05	-1.09788834e-05,4.20515535e-05,-1.13688816e-06,-3.35524783e-05
p4	1	423	z-2	2	2048	136	4.223388e-07	3.337860e-06	-0.9134866,0.72074759,-1.29080939,0.804110527	-0.91348654,0.720747828,-1.29080999,0.804110944
p4	1	424	final_output-2	2	2048	93	4.201153e-07	5.960464e-07	0.00293014199,0.0135200256,0.00028891585,-0.0181790199	0.00293014175,0.0135200303,0.000288917247,-0.0181790255
p4	1	425	linear_attn_out-2	2	1024	32	8.015843e-07	1.788139e-07	-0.675268531,-0.00871129427,-0.0347110704,0.0100360475	-0.675268352,-0.00871128682,-0.0347110555,0.0100360578
p4	1	426	attn_residual-2	2	1024	43	8.794648e-07	2.160668e-07	-0.698677421,-0.061240308,-0.07447128,-0.0211979691	-0.698677301,-0.0612403601,-0.0744712278,-0.0211979859
p4	1	427	attn_post_norm-2	2	1024	52	9.298995e-07	4.053116e-06	-7.78646851,-1.07188785,-1.32315588,-0.375451595	-7.78646708,-1.07188869,-1.32315493,-0.375451893
p4	1	428	ffn_out-2	2	1024	33	6.751637e-07	8.940697e-08	0.645714819,0.0341557413,-0.0235942807,0.0312327966	0.645714819,0.0341557525,-0.02359429,0.0312328413
p4	1	429	l_out-2	2	1024	35	1.088713e-06	2.607703e-07	-0.0529626012,-0.0270845667,-0.0980655625,0.0100348275	-0.052962482,-0.0270846076,-0.0980655178,0.0100348555
p4	1	430	attn_norm-3	3	1024	42	1.066806e-06	5.602837e-06	-1.05158556,-0.641989946,-2.10107398,0.226736575	-1.05158317,-0.64199084,-2.10107303,0.226737186
p4	1	431	attn_pregate-3	3	2048	141	8.874903e-07	3.159046e-06	0.52759099,0.148446709,0.553494394,0.487122476	0.527590811,0.148446575,0.553494096,0.487122506
p4	1	432	attn_gated-3	3	2048	78	6.566845e-07	5.960464e-07	0.025179293,0.00533352327,0.0123073524,0.0157002378	0.0251792725,0.00533352327,0.0123073487,0.0157002285
p4	1	433	attn_output-3	3	1024	61	6.511632e-07	4.842877e-08	-0.201376766,0.0022623688,0.00337197818,0.00480500981	-0.201376766,0.00226236507,0.00337198004,0.00480503961
p4	1	434	attn_residual-3	3	1024	33	1.118233e-06	2.440065e-07	-0.254339367,-0.0248221979,-0.0946935862,0.0148398373	-0.254339248,-0.0248222426,-0.0946935415,0.0148398951
p4	1	435	attn_post_norm-3	3	1024	41	1.172311e-06	5.006790e-06	-3.21992683,-0.470607579,-1.84927046,0.292321205	-3.2199254,-0.470608413,-1.84926951,0.292322338
p4	1	436	ffn_out-3	3	1024	45	6.473736e-07	1.117587e-07	0.0427396707,0.0279871486,-0.00871040858,0.000846320763	0.0427396484,0.0279871505,-0.00871037319,0.000846330076
p4	1	437	l_out-3	3	1024	35	1.136100e-06	2.905726e-07	-0.211599693,0.00316495076,-0.103403993,0.0156861581	-0.211599603,0.00316490792,-0.103403911,0.0156862251
p4	1	438	attn_norm-4	4	1024	33	1.141996e-06	6.914139e-06	-3.82632756,0.0754845515,-2.29847431,0.383540839	-3.82632542,0.0754835233,-2.29847217,0.383542418
p4	1	439	conv_output_silu-4	4	6144	1215	1.612497e-07	2.861023e-06	0.000587411167,0.0109631121,0.045718506,0.105462074	0.000587406044,0.0109631037,0.0457184985,0.105462082
p4	1	440	q_conv_predelta-4	4	2048	198	2.582707e-07	2.682209e-07	0.000343093154,0.00640329812,0.0267031118,0.0615979359	0.000343090156,0.00640329299,0.0267031062,0.0615979396
p4	1	441	k_conv_predelta-4	4	2048	320	2.725826e-07	2.533197e-07	0.00174729712,-0.123287298,0.0816952661,-0.02369087	0.0017472927,-0.123287283,0.0816952735,-0.0236908738
p4	1	442	v_conv_predelta-4	4	2048	460	1.586300e-07	2.861023e-06	-0.0746139511,0.0047498066,-0.0113794142,0.00491644628	-0.0746139586,0.00474980613,-0.011379417,0.00491644628
p4	1	443	a_softplus-4	4	16	16	0.000000e+00	0.000000e+00	1.03665602,3.40762901,0.482902646,2.08573985	1.03665602,3.40762901,0.482902646,2.08573985
p4	1	444	gate-4	4	16	16	0.000000e+00	0.000000e+00	-0.432142526,-3.31086063,-0.151952058,-1.09482265	-0.432142526,-3.31086063,-0.151952058,-1.09482265
p4	1	445	beta_sigmoid-4	4	16	16	0.000000e+00	0.000000e+00	0.822889924,0.799731076,0.742226541,0.833974183	0.822889924,0.799731076,0.742226541,0.833974183
p4	1	446	state_predelta-4	4	262144	21277	1.303621e-07	1.430511e-06	1.06224152e-05,-0.00139855721,0.000211163948,-8.41299261e-05	1.06224097e-05,-0.00139855745,0.000211163991,-8.41299479e-05
p4	1	447	new_state-4	4	262144	22107	2.213643e-07	3.337860e-06	-0.000104293904,0.00693754852,-0.00506160082,0.00145295623	-0.000104293642,0.00693754852,-0.00506160175,0.00145295658
p4	1	448	attn_output-4	4	2048	149	3.918314e-07	1.490116e-07	-0.000161205942,1.04954997e-05,-2.54617953e-05,1.08600443e-05	-0.000161205986,1.04955025e-05,-2.54618026e-05,1.08600461e-05
p4	1	449	z-4	4	2048	316	1.624637e-07	1.430511e-06	-2.74739432,-0.0949299037,-2.77174592,0.00597223639	-2.74739408,-0.0949300826,-2.77174544,0.00597241521
p4	1	450	final_output-4	4	2048	110	4.278142e-07	2.980232e-07	0.0234101247,-0.000500837923,0.00348205445,3.08380477e-05	0.023410134,-0.000500839029,0.00348205655,3.0838979e-05
p4	1	451	linear_attn_out-4	4	1024	78	5.352547e-07	7.450581e-08	-0.0593607873,-0.013973536,0.0171791427,-0.0261786133	-0.0593608618,-0.0139735378,0.0171791501,-0.0261786077
p4	1	452	attn_residual-4	4	1024	32	1.177319e-06	2.905726e-07	-0.27096048,-0.0108085852,-0.086224854,-0.0104924552	-0.27096045,-0.0108086299,-0.0862247646,-0.0104923826
p4	1	453	attn_post_norm-4	4	1024	36	1.236594e-06	5.722046e-06	-3.46363497,-0.201906398,-1.58407331,-0.202966362	-3.46363473,-0.201907218,-1.58407164,-0.202964962
p4	1	454	ffn_out-4	4	1024	38	7.606058e-07	9.685755e-08	0.0160754547,0.0191459209,-0.059567228,0.0555495508	0.0160755068,0.0191459432,-0.0595672615,0.0555495881
p4	1	455	l_out-4	4	1024	22	1.273090e-06	2.868474e-07	-0.254885018,0.00833733566,-0.145792082,0.0450570956	-0.254884958,0.00833731331,-0.145792022,0.0450572073
p4	1	456	attn_norm-5	5	1024	22	1.298234e-06	6.914139e-06	-4.59209251,0.202286452,-3.28988433,1.14418638	-4.59209061,0.202285901,-3.28988242,1.14418912
p4	1	457	conv_output_silu-5	5	6144	1300	1.637583e-07	7.152557e-07	0.0379801504,-0.228316441,0.0204900634,-0.0846322104	0.0379801579,-0.228316382,0.0204900634,-0.0846322551
p4	1	458	q_conv_predelta-5	5	2048	193	2.399072e-07	2.086163e-07	0.0236276686,-0.14203696,0.0127469851,-0.0526501797	0.0236276742,-0.14203693,0.012746986,-0.0526502095
p4	1	459	k_conv_predelta-5	5	2048	226	2.594444e-07	2.235174e-07	-0.000526882242,0.00977554917,-0.243288606,0.0296877045	-0.000526884862,0.00977555383,-0.243288562,0.0296876989
p4	1	460	v_conv_predelta-5	5	2048	470	7.347366e-08	2.384186e-07	0.00320252194,-0.00307353493,-0.00722864177,0.00626552803	0.00320251798,-0.00307353144,-0.00722864224,0.00626552524
p4	1	461	a_softplus-5	5	16	16	0.000000e+00	0.000000e+00	0.93706429,0.308218271,2.86698341,0.0459498167	0.93706429,0.308218271,2.86698341,0.0459498167
p4	1	462	gate-5	5	16	16	0.000000e+00	0.000000e+00	-0.715671062,-0.0373911187,-0.730572283,-0.0192297027	-0.715671062,-0.0373911187,-0.730572283,-0.0192297027
p4	1	463	beta_sigmoid-5	5	16	16	0.000000e+00	0.000000e+00	0.887998581,0.759987533,0.86653024,0.851734102	0.887998581,0.759987533,0.86653024,0.851734102
p4	1	464	state_predelta-5	5	262144	23637	1.580752e-07	2.384186e-07	4.83950879e-09,-2.23015366e-08,3.8382359e-06,-9.39016118e-08	4.83949458e-09,-2.23015135e-08,3.83823181e-06,-9.39014626e-08
p4	1	465	new_state-5	5	262144	21653	1.858453e-07	4.768372e-07	-1.49473738e-06,2.77657127e-05,-0.000689413107,8.43098678e-05	-1.49474295e-06,2.77656927e-05,-0.000689412118,8.43097441e-05
p4	1	466	attn_output-5	5	2048	127	2.471080e-07	1.117587e-08	8.30572117e-06,-7.40730138e-06,-2.28349327e-05,1.60847285e-05	8.3057148e-06,-7.40729683e-06,-2.28349509e-05,1.60847285e-05
p4	1	467	z-5	5	2048	228	2.194515e-07	1.907349e-06	0.80908525,1.04677963,-0.128341973,1.24412954	0.809084773,1.04677963,-0.128342092,1.24412918
p4	1	468	final_output-5	5	2048	83	3.877649e-07	4.768372e-07	0.00444044685,-0.00528024929,0.00133667293,0.014988129	0.00444044033,-0.00528024603,0.00133667502,0.0149881216
p4	1	469	linear_attn_out-5	5	1024	69	5.193113e-07	3.352761e-08	-0.0843600854,0.0187377408,0.0153673925,-0.0101954415	-0.0843600556,0.0187377371,0.0153673878,-0.0101954211
p4	1	470	attn_residual-5	5	1024	19	1.259976e-06	2.905726e-07	-0.339245111,0.0270750765,-0.130424693,0.034861654	-0.339245021,0.0270750504,-0.130424634,0.0348617882
p4	1	471	attn_post_norm-5	5	1024	23	1.348841e-06	5.692244e-06	-4.1366725,0.496266484,-2.2706573,0.672392964	-4.13667107,0.496265948,-2.27065611,0.672395408
p4	1	472	ffn_out-5	5	1024	50	5.725371e-07	8.940697e-08	0.155253381,-0.00194318406,-0.000647896435,0.0152157396	0.15525347,-0.00194317556,-0.000647904817,0.0152157098
p4	1	473	l_out-5	5	1024	23	1.373056e-06	3.166497e-07	-0.18399173,0.0251318924,-0.131072596,0.0500773937	-0.183991551,0.0251318756,-0.131072536,0.050077498
p4	1	474	attn_norm-6	6	1024	24	1.426028e-06	7.569790e-06	-3.36489177,0.5955742,-3.00332689,1.25711679	-3.36488795,0.595573783,-3.00332522,1.2571193
p4	1	475	conv_output_silu-6	6	6144	1110	2.109758e-07	8.344650e-07	-0.0951460302,-0.200174272,-0.000844490191,-0.164374128	-0.0951459929,-0.200174257,-0.000844506489,-0.164374128
p4	1	476	q_conv_predelta-6	6	2048	184	2.426207e-07	1.788139e-07	-0.0207286645,-0.0436102822,-0.000183981974,-0.0358108096	-0.020728657,-0.0436102822,-0.000183985525,-0.0358108096
p4	1	477	k_conv_predelta-6	6	2048	159	3.005275e-07	1.788139e-07	-0.0307146069,0.0288406033,-0.0705605224,0.0849796534	-0.0307146125,0.0288406145,-0.0705605298,0.0849796757
p4	1	478	v_conv_predelta-6	6	2048	391	1.014116e-07	2.384186e-07	-0.00213690777,0.00818572287,-0.0014474499,-0.000764081429	-0.00213691359,0.00818571914,-0.0014474499,-0.000764081371
p4	1	479	a_softplus-6	6	16	16	0.000000e+00	0.000000e+00	1.80975068,1.03618443,1.49459875,1.07676077	1.80975068,1.03618443,1.49459875,1.07676077
p4	1	480	gate-6	6	16	16	0.000000e+00	0.000000e+00	-0.329580069,-0.770026863,-0.455826879,-0.596971154	-0.329580069,-0.770026863,-0.455826879,-0.596971154
p4	1	481	beta_sigmoid-6	6	16	16	0.000000e+00	0.000000e+00	0.847949862,0.892963409,0.741965711,0.858062148	0.847949862,0.892963409,0.741965711,0.858062148
p4	1	482	state_predelta-6	6	262144	17262	3.572922e-07	1.490116e-07	2.35597909e-07,-3.0125895e-07,4.39698823e-07,-1.01180535e-06	2.35598549e-07,-3.01259831e-07,4.39700102e-07,-1.01180819e-06
p4	1	483	new_state-6	6	262144	14834	2.410467e-07	4.768372e-07	5.58014435e-05,-5.24543684e-05,0.000128119354,-0.000154647554	5.58016036e-05,-5.24545285e-05,0.000128119718,-0.000154648005
p4	1	484	attn_output-6	6	2048	108	3.092927e-07	5.587935e-09	-3.87144792e-06,1.48224053e-05,-2.60882939e-06,-1.3762849e-06	-3.87145838e-06,1.48224062e-05,-2.60883007e-06,-1.3762849e-06
p4	1	485	z-6	6	2048	243	1.923207e-07	1.072884e-06	-0.29036513,0.227172375,1.07621217,0.46406132	-0.29036513,0.227172285,1.07621205,0.464061439
p4	1	486	final_output-6	6	2048	56	5.771109e-07	3.874302e-07	0.000408393156,0.00182832847,-0.002019312,-0.000407635351	0.000408394262,0.00182832801,-0.00201931247,-0.000407635467
p4	1	487	linear_attn_out-6	6	1024	134	6.052040e-07	5.960464e-08	-0.150667384,-0.0108148158,-0.00443965942,-0.0170018803	-0.150667325,-0.0108148232,-0.00443965755,-0.0170018785
p4	1	488	attn_residual-6	6	1024	20	1.384835e-06	3.241003e-07	-0.3346591,0.0143170767,-0.135512263,0.0330755115	-0.334658861,0.0143170524,-0.135512188,0.0330756195
p4	1	489	attn_post_norm-6	6	1024	22	1.481717e-06	6.616116e-06	-5.20899868,0.272978276,-2.55057907,0.645216346	-5.20899582,0.272977859,-2.55057812,0.645218611
p4	1	490	ffn_out-6	6	1024	68	4.786028e-07	8.940697e-08	0.300223321,0.00873512775,0.0127342623,0.0507861823	0.300223231,0.00873512402,0.0127342688,0.0507861823
p4	1	491	l_out-6	6	1024	18	1.299692e-06	3.334135e-07	-0.0344357789,0.0230522044,-0.122777998,0.0838616937	-0.0344356298,0.0230521765,-0.122777916,0.083861798
p4	1	492	attn_norm-7	7	1024	23	1.282659e-06	5.900860e-06	-0.551059365,0.392008841,-2.15611553,1.71080446	-0.551056981,0.392008334,-2.15611386,1.71080637
p4	1	493	attn_pregate-7	7	2048	0	5.248542e-04	4.654408e-03	0.0905457512,-0.0450840816,1.46657312,0.0346097685	0.0903984234,-0.045068305,1.46653724,0.0349011123
p4	1	494	attn_gated-7	7	2048	0	4.201186e-04	2.628565e-04	0.015803881,-0.00945126917,0.340599209,0.00732286228	0.0157722831,-0.00944652781,0.340533555,0.00738308439
p4	1	495	attn_output-7	7	1024	0	3.210105e-03	4.048403e-04	-0.242517084,-0.0071831774,0.00475651398,-0.0624224693	-0.242859527,-0.00717719551,0.00484632701,-0.0625315011
p4	1	496	attn_residual-7	7	1024	0	1.594720e-03	4.047193e-04	-0.276952863,0.015869027,-0.118021488,0.0214392245	-0.277295172,0.0158749819,-0.117931589,0.021330297
p4	1	497	attn_post_norm-7	7	1024	0	1.770045e-03	8.742809e-03	-3.79644823,0.316773146,-2.27173615,0.445306242	-3.80077958,0.316861928,-2.26979017,0.443001658
p4	1	498	ffn_out-7	7	1024	0	1.559424e-02	1.318473e-03	0.0634147972,0.000148977153,0.0282531232,0.00451913103	0.0625682324,0.000963192433,0.0279123858,0.00427518412
p4	1	499	l_out-7	7	1024	0	7.845641e-03	1.519244e-03	-0.213538066,0.0160180032,-0.089768365,0.0259583555	-0.21472694,0.0168381743,-0.0900192037,0.0256054811
p4	1	500	attn_norm-8	8	1024	0	8.590750e-03	4.071122e-02	-4.61259699,0.409322619,-2.08164907,0.71281296	-4.63734913,0.430195063,-2.08704782,0.702982306
p4	1	501	conv_output_silu-8	8	6144	0	6.012643e-03	2.147388e-02	0.00343544385,-0.0159491654,0.122787699,-0.0465391949	0.00472689187,-0.015875116,0.122476518,-0.0462876298
p4	1	502	q_conv_predelta-8	8	2048	0	9.909406e-03	6.905779e-03	0.00128662854,-0.00597321708,0.045985952,-0.0174296703	0.00178539252,-0.00599618396,0.0462605618,-0.0174832828
p4	1	503	k_conv_predelta-8	8	2048	0	6.748746e-03	6.385744e-03	0.0413170643,-0.101086572,0.0565089248,-0.0373708755	0.0417215079,-0.100684606,0.0562618338,-0.0372475944
p4	1	504	v_conv_predelta-8	8	2048	0	1.223294e-03	4.357457e-03	0.0946211964,0.00123451266,-0.000519858673,-0.0064030583	0.0945620164,0.00114200462,-0.000650489761,-0.00631158333
p4	1	505	a_softplus-8	8	16	0	4.543826e-03	1.106298e-02	0.688179791,0.812565625,0.109976277,0.967059016	0.680290043,0.807867944,0.109243721,0.972777128
p4	1	506	gate-8	8	16	0	4.249284e-03	4.633859e-03	-0.241573825,-0.230992258,-0.0327638946,-0.146004066	-0.238804251,-0.22965683,-0.0325456522,-0.14686738
p4	1	507	beta_sigmoid-8	8	16	0	9.816902e-04	1.575172e-03	0.794898987,0.716275513,0.777524531,0.831059456	0.795151472,0.717202425,0.776718497,0.831653297
p4	1	508	state_predelta-8	8	262144	15438	2.601491e-07	4.768372e-07	0.000109462213,2.51580204e-05,0.000271694706,1.12525768e-05	0.000109462249,2.51580295e-05,0.000271694793,1.12525759e-05
p4	1	509	new_state-8	8	262144	3	4.320684e-03	1.662493e-02	0.00319909491,-0.00759682897,0.00447117444,-0.00280695222	0.00322889793,-0.00756429369,0.00445192307,-0.00279682735
p4	1	510	attn_output-8	8	2048	0	2.555713e-03	1.643840e-04	-4.34993854e-05,2.44868056e-06,4.73704631e-06,1.03406876e-06	-4.51717679e-05,2.46002742e-06,4.7926992e-06,1.11120517e-06
p4	1	511	z-8	8	2048	0	6.862695e-03	5.052257e-02	0.129189953,0.852301598,0.84894979,0.0237883329	0.133206606,0.867797613,0.865054965,0.0462593734
p4	1	512	final_output-8	8	2048	0	1.230753e-02	8.283839e-03	-0.00275981124,0.000954264135,0.00282700756,9.41754752e-06	-0.00296054827,0.000980616547,0.00292847841,1.98979888e-05
p4	1	513	linear_attn_out-8	8	1024	0	2.905367e-02	1.619168e-03	-0.15149346,-0.0106574269,0.0286827851,0.0128699066	-0.150461391,-0.0109113483,0.0289812833,0.0138455098
p4	1	514	attn_residual-8	8	1024	0	1.025617e-02	2.052873e-03	-0.36503154,0.00536057632,-0.0610855818,0.0388282612	-0.36518833,0.00592682604,-0.0610379204,0.0394509919
p4	1	515	attn_post_norm-8	8	1024	0	1.164255e-02	4.636776e-02	-4.97838831,0.106026947,-1.16677594,0.842149556	-4.98155546,0.117251031,-1.16610658,0.855832756
p4	1	516	ffn_out-8	8	1024	0	3.290023e-02	3.530411e-03	0.0220897403,0.0282460954,0.0327258036,-0.0175250992	0.0186142121,0.0285816826,0.0325896889,-0.018686574
p4	1	517	l_out-8	8	1024	0	1.663930e-02	3.632337e-03	-0.342941791,0.0336066708,-0.0283597782,0.021303162	-0.346574128,0.0345085077,-0.0284482315,0.0207644179
p4	1	518	attn_norm-9	9	1024	0	1.859554e-02	9.952641e-02	-6.59553385,0.786173582,-0.653514326,0.589978397	-6.66040373,0.806666553,-0.65506202,0.574627876
p4	1	519	conv_output_silu-9	9	6144	0	1.182323e-02	4.065663e-02	0.0206494033,-0.0545470715,-0.276268095,0.113040417	0.0198392197,-0.0509312376,-0.275885165,0.109324373
p4	1	520	q_conv_predelta-9	9	2048	0	1.601766e-02	1.181564e-02	0.0154161407,-0.0407229848,-0.206252337,0.0843921229	0.0147523731,-0.0378722884,-0.205147222,0.0812932178
p4	1	521	k_conv_predelta-9	9	2048	0	1.256283e-02	1.762852e-02	-0.0963886604,-0.0715103671,-0.0530415662,0.00573689397	-0.0963664949,-0.0715032443,-0.0529936589,0.0057332078
p4	1	522	v_conv_predelta-9	9	2048	0	5.392822e-03	1.531768e-02	0.00970649906,-0.00355433184,0.00226925011,-0.0190204214	0.00972322095,-0.0034943847,0.00226148171,-0.0190090854
p4	1	523	a_softplus-9	9	16	0	1.904555e-02	3.243113e-02	0.552089632,0.0283197351,0.564460397,0.597851753	0.532870531,0.0286830701,0.543623149,0.573149204
p4	1	524	gate-9	9	16	0	1.883293e-02	1.180702e-02	-0.223937437,-0.00386271952,-0.192047983,-0.110591456	-0.21614182,-0.00391227705,-0.184958473,-0.106021948
p4	1	525	beta_sigmoid-9	9	16	0	3.403212e-03	5.288303e-03	0.90986383,0.650321066,0.678205192,0.382183999	0.909000158,0.648307443,0.679674268,0.382749438
p4	1	526	state_predelta-9	9	262144	16568	1.933766e-07	1.490116e-07	-1.78642167e-05,2.47036132e-05,-5.80216101e-06,-2.47557033e-08	-1.78642204e-05,2.47036187e-05,-5.80215965e-06,-2.47557068e-08
p4	1	527	new_state-9	9	262144	0	7.250492e-03	9.993315e-03	-0.000868412142,-0.000613930053,-0.000474657078,5.08167432e-05	-0.000868939678,-0.000614166609,-0.000474605506,5.08203484e-05
p4	1	528	attn_output-9	9	2048	0	9.234817e-03	6.785008e-05	4.28209423e-05,-1.62228644e-05,9.97388634e-06,-8.15189705e-05	4.25022081e-05,-1.58191851e-05,9.84871258e-06,-8.07040924e-05
p4	1	529	z-9	9	2048	0	1.119939e-02	8.262706e-02	-0.293116748,0.737656653,-0.284891874,0.444851398	-0.278850704,0.750720978,-0.274114907,0.441056281
p4	1	530	final_output-9	9	2048	0	1.919972e-02	7.749859e-03	-0.00578282122,-0.00828345492,-0.00129122904,-0.0215765908	-0.00550658302,-0.00825729966,-0.00123467972,-0.0211530216
p4	1	531	linear_attn_out-9	9	1024	0	3.188177e-02	1.883056e-03	0.050242763,-0.0168769211,0.00722694583,-0.0313370675	0.048359707,-0.0164730884,0.00708060758,-0.0310321748
p4	1	532	attn_residual-9	9	1024	0	1.813725e-02	5.515397e-03	-0.292699039,0.0167297497,-0.0211328324,-0.0100339055	-0.298214436,0.0180354193,-0.0213676244,-0.0102677569
p4	1	533	attn_post_norm-9	9	1024	0	2.033406e-02	7.729182e-02	-4.05196953,0.324357331,-0.395601004,-0.22000666	-4.12531805,0.349417299,-0.399705201,-0.224970356
p4	1	534	ffn_out-9	9	1024	0	4.108941e-02	3.081426e-03	-0.0451534241,0.0062840702,0.00112024788,0.00748808496	-0.0420719981,0.00548189506,0.000458469614,0.00809491519
p4	1	535	l_out-9	9	1024	0	2.087813e-02	4.460752e-03	-0.337852478,0.023013819,-0.0200125836,-0.00254582055	-0.340286434,0.0235173143,-0.0209091548,-0.00217284169
p4	1	536	attn_norm-10	10	1024	0	2.290476e-02	1.064205e-01	-6.99214077,0.49623546,-0.461353183,-0.0632784218	-7.06295681,0.508564055,-0.483421206,-0.0541645102
p4	1	537	conv_output_silu-10	10	6144	1	1.342933e-02	5.527067e-02	-0.000906724948,-0.00313336053,-0.00686200615,-0.0691637024	-0.000592056487,-0.0031336383,-0.00674044993,-0.0653319582
p4	1	538	q_conv_predelta-10	10	2048	0	1.961603e-02	2.455257e-02	-0.0030443999,-0.0105205029,-0.023039721,-0.232222542	-0.00199867575,-0.010578596,-0.0227545407,-0.220548883
p4	1	539	k_conv_predelta-10	10	2048	0	1.299534e-02	1.017727e-02	-0.0592389591,0.118530758,0.212100759,0.0141299693	-0.0576892979,0.11619319,0.210932806,0.0135751376
p4	1	540	v_conv_predelta-10	10	2048	1	5.662350e-03	7.909358e-03	0.0175546836,0.00169300346,-0.00910061318,0.00602991506	0.0175987203,0.0011443384,-0.00905039255,0.00580923771
p4	1	541	a_softplus-10	10	16	0	2.061062e-02	6.552267e-02	0.984134614,0.0163167976,3.95597577,1.03778517	0.956106365,0.0161292497,3.93328285,1.02343094
p4	1	542	gate-10	10	16	0	1.965526e-02	2.144808e-02	-0.753089845,-0.0946331248,-1.22550416,-0.212492466	-0.731641769,-0.0935453996,-1.21847415,-0.209553361
p4	1	543	beta_sigmoid-10	10	16	0	3.279735e-03	5.586267e-03	0.868023276,0.762460828,0.93000108,0.725994527	0.870574057,0.760815978,0.932301044,0.728533804
p4	1	544	state_predelta-10	10	262144	12313	3.700941e-07	6.519258e-08	0.000226150572,0.000204668308,0.000189284387,0.000356424833	0.000226150776,0.000204668439,0.000189284183,0.000356424978
p4	1	545	new_state-10	10	262144	1	1.185054e-02	5.867615e-03	-0.000777986657,0.00186613528,0.00325596263,0.000378815021	-0.0007569273,0.00184215955,0.0032564979,0.000375202217
p4	1	546	attn_output-10	10	2048	0	2.234331e-02	1.092029e-04	-1.06160167e-06,-5.50795949e-06,1.66025475e-05,3.23997556e-05	-2.37249265e-06,-6.40141889e-06,1.76328558e-05,3.21925581e-05
p4	1	547	z-10	10	2048	0	1.168340e-02	9.599853e-02	1.05859542,0.727446735,0.453520805,0.637982666	1.09764409,0.740494013,0.443172663,0.639575779
p4	1	548	final_output-10	10	2048	0	3.011706e-02	1.311475e-02	-0.00074884604,-0.00288222614,0.00448068976,0.0138153965	-0.00175258669,-0.00342435297,0.00463152351,0.01376912
p4	1	549	linear_attn_out-10	10	1024	0	3.395705e-02	2.961390e-03	-0.0608991757,-0.00457542203,-0.00193786994,-0.00417177193	-0.0638605654,-0.00452112127,-0.0016381545,-0.00337347388
p4	1	550	attn_residual-10	10	1024	0	2.057665e-02	5.395353e-03	-0.398751646,0.018438397,-0.0219504535,-0.00671759248	-0.404146999,0.018996194,-0.0225473084,-0.00554631557
p4	1	551	attn_post_norm-10	10	1024	0	2.248770e-02	9.388012e-02	-6.11436844,0.34901017,-0.414153814,-0.135436058	-6.20763302,0.360179573,-0.426138163,-0.112011544
p4	1	552	ffn_out-10	10	1024	0	3.852480e-02	3.939077e-03	0.153124437,-0.0159473512,0.0175187849,-0.0211585127	0.156296417,-0.0156306066,0.0185318403,-0.0219295621
p4	1	553	l_out-10	10	1024	0	2.294268e-02	5.311199e-03	-0.24562721,0.00249104574,-0.00443166867,-0.0278761052	-0.247850582,0.00336558744,-0.00401546806,-0.0274758786
p4	1	554	attn_norm-11	11	1024	0	2.383635e-02	1.141901e-01	-4.01831532,0.0425049141,-0.0807552561,-0.560124457	-4.06256962,0.0575389117,-0.0733133405,-0.553155661
p4	1	555	attn_pregate-11	11	2048	0	2.461197e-02	3.605003e-01	0.0943846554,0.085355252,0.138614058,0.0896293744	0.102946505,0.0865786076,0.140155181,0.0902444199
p4	1	556	attn_gated-11	11	2048	0	3.080750e-02	1.147982e-02	0.00418743584,0.00521155214,0.00902927946,0.00126564514	0.0043926565,0.00530181313,0.00894435402,0.00125714124
p4	1	557	attn_output-11	11	1024	0	6.077524e-02	3.163505e-03	-0.00115527958,-0.00561782345,-0.0203117169,-0.0187108554	-0.00169623643,-0.00528078526,-0.018989902,-0.0191164762
p4	1	558	attn_residual-11	11	1024	0	2.646993e-02	6.815791e-03	-0.246782482,-0.00312677771,-0.0247433856,-0.0465869606	-0.249546826,-0.00191519782,-0.0230053701,-0.0465923548
p4	1	559	attn_post_norm-11	11	1024	0	2.840975e-02	1.136297e-01	-3.346452,-0.0601526275,-0.454225779,-0.920768499	-3.39216805,-0.0369339921,-0.423347384,-0.923114896
p4	1	560	ffn_out-11	11	1024	0	4.749433e-02	7.338557e-03	0.0487173088,0.0438800454,0.0201121271,0.0631525889	0.0413787514,0.0439683236,0.0198456887,0.0646727309
p4	1	561	l_out-11	11	1024	0	3.102273e-02	1.010290e-02	-0.198065177,0.0407532677,-0.00463125855,0.0165656283	-0.208168074,0.0420531258,-0.00315968134,0.0180803761
p4	1	562	attn_norm-12	12	1024	0	3.314442e-02	2.002296e-01	-4.03403854,0.936478853,-0.110875599,0.423669457	-4.23426819,0.965086281,-0.0755461901,0.461805433
p4	1	563	conv_output_silu-12	12	6144	0	1.148289e-02	5.996412e-02	0.00451606885,0.0664394274,0.0191037375,-0.0993347839	0.00386532606,0.0689140037,0.0215714388,-0.0996029377
p4	1	564	q_conv_predelta-12	12	2048	0	2.111335e-02	2.135655e-02	0.00143666007,0.0211358313,0.00607731612,-0.031600561	0.001227409,0.0218831897,0.00684986915,-0.0316282585
p4	1	565	k_conv_predelta-12	12	2048	0	2.850650e-02	9.768195e-02	0.0148611804,0.000446979393,0.0016313598,0.00401338935	0.0151082808,0.000428348954,0.00160774228,0.00406241976
p4	1	566	v_conv_predelta-12	12	2048	0	2.195983e-03	1.684996e-02	-0.00661794934,0.00409766287,0.00179680274,-0.0035937049	-0.00665304577,0.00410968624,0.00182323949,-0.00359517662
p4	1	567	a_softplus-12	12	16	0	3.553092e-02	6.219065e-02	0.226865485,1.32892585,0.176437929,0.197552815	0.220555842,1.2667352,0.173308417,0.190701962
p4	1	568	gate-12	12	16	0	3.394108e-02	3.670305e-02	-0.0457318388,-0.784292817,-0.0183081105,-0.0561593659	-0.0444599316,-0.747589767,-0.0179833751,-0.05421184
p4	1	569	beta_sigmoid-12	12	16	0	5.511186e-03	8.499265e-03	0.767889261,0.714011669,0.67612201,0.569046736	0.772499204,0.713577628,0.679378271,0.560547471
p4	1	570	state_predelta-12	12	262144	9757	3.371474e-07	5.960464e-07	1.04884593e-05,-1.4741604e-06,7.63655748e-07,6.75247566e-06	1.04884621e-05,-1.4741621e-06,7.63654953e-07,6.75248157e-06
p4	1	571	new_state-12	12	262144	3	4.936870e-03	1.112938e-02	-6.46196931e-05,-3.65318692e-06,-7.46387786e-06,-1.37063562e-05	-6.67156492e-05,-3.58601073e-06,-7.43666487e-06,-1.41776964e-05
p4	1	572	attn_output-12	12	2048	0	2.849367e-03	3.184862e-04	-1.70556341e-05,1.32115756e-05,3.95110737e-06,-7.84585245e-06	-1.71543106e-05,1.32343921e-05,4.01366106e-06,-7.87889985e-06
p4	1	573	z-12	12	2048	0	1.445454e-02	1.170239e-01	-0.529264152,-0.283289045,-1.12343514,-0.497582674	-0.539639354,-0.272767186,-1.15536249,-0.531483471
p4	1	574	final_output-12	12	2048	0	3.682993e-02	2.681160e-02	0.00297117908,-0.00149896776,-0.00080120808,0.00135554955	0.00302811689,-0.00145496556,-0.000817299995,0.00142396428
p4	1	575	linear_attn_out-12	12	1024	0	5.954583e-02	2.766266e-03	-0.068680495,-0.00641502813,0.00438673701,0.0122893415	-0.0659142286,-0.0057118535,0.00454703718,0.0119904131
p4	1	576	attn_residual-12	12	1024	0	3.232267e-02	7.336617e-03	-0.266745687,0.0343382396,-0.000244521536,0.0288549699	-0.274082303,0.0363412723,0.00138735585,0.0300707892
p4	1	577	attn_post_norm-12	12	1024	0	3.442170e-02	1.415464e-01	-3.44971085,0.687112212,-0.00447598519,0.565787792	-3.54136515,0.726531088,0.0253725313,0.589090765
p4	1	578	ffn_out-12	12	1024	0	6.028024e-02	5.624956e-03	0.0741366446,-0.0106940549,0.0063728774,-0.0103472574	0.0706708506,-0.0100398697,0.00707038585,-0.0119488724
p4	1	579	l_out-12	12	1024	0	3.682360e-02	1.080242e-02	-0.192609042,0.0236441847,0.00612835586,0.0185077116	-0.20341146,0.0263014026,0.0084577417,0.0181219168
p4	1	580	attn_norm-13	13	1024	0	3.949200e-02	2.083294e-01	-3.79919505,0.52866447,0.139584363,0.469706297	-4.00752449,0.58738184,0.192412391,0.45937103
p4	1	581	conv_output_silu-13	13	6144	0	1.943754e-02	6.756639e-02	-0.0376738869,-0.043833632,0.0160736162,-0.00984717347	-0.0392481759,-0.0436032005,0.0155124757,-0.0111080986
p4	1	582	q_conv_predelta-13	13	2048	0	2.738498e-02	1.917432e-02	-0.0179764703,-0.0209156517,0.00766968587,-0.00469867652	-0.0187311415,-0.0208095703,0.00740330899,-0.00530132558
p4	1	583	k_conv_predelta-13	13	2048	0	1.503353e-02	1.688468e-02	-0.0807593837,0.0252663605,0.0548276491,-0.132087022	-0.0808082819,0.0251920465,0.0547876135,-0.13226977
p4	1	584	v_conv_predelta-13	13	2048	0	4.745276e-03	5.276248e-03	-0.000525646203,-0.00783577934,0.00287325913,-0.000547885429	-0.000508109631,-0.00782370288,0.00287208008,-0.000538193795
p4	1	585	a_softplus-13	13	16	0	2.727697e-02	1.136296e-01	1.18727851,0.66599077,1.90289319,0.598098695	1.09835351,0.671807587,1.87339532,0.564824224
p4	1	586	gate-13	13	16	0	2.993122e-02	4.196560e-02	-0.319551677,-0.76655072,-0.956834793,-0.14317508	-0.295617849,-0.773245811,-0.942002356,-0.135209724
p4	1	587	beta_sigmoid-13	13	16	0	4.780158e-03	6.846189e-03	0.703353047,0.823563039,0.591835082,0.827780128	0.707104325,0.82202661,0.590480387,0.826931894
p4	1	588	state_predelta-13	13	262144	7857	6.109743e-07	1.192093e-07	-5.61268045e-08,-1.46817367e-08,9.56395425e-08,-9.85416682e-06	-5.61261757e-08,-1.46815697e-08,9.56384625e-08,-9.85406041e-06
p4	1	589	new_state-13	13	262144	1	1.159368e-02	4.425474e-03	3.0004443e-05,-9.41060534e-06,-2.0328258e-05,4.19820281e-05	2.91859251e-05,-9.12267842e-06,-1.97450645e-05,4.05087521e-05
p4	1	590	attn_output-13	13	2048	0	2.164327e-02	3.637618e-05	-1.16791352e-06,-1.74211254e-05,6.28016505e-06,-1.2482169e-06	-1.08954021e-06,-1.67829021e-05,6.06419371e-06,-1.1816353e-06
p4	1	591	z-13	13	2048	0	2.357658e-02	1.353161e-01	-0.816451132,-0.473782897,-0.490579367,0.178900927	-0.811211705,-0.4457798,-0.469217122,0.205777138
p4	1	592	final_output-13	13	2048	0	5.267405e-02	1.252207e-02	0.000309425581,0.00337769534,-0.00124006963,-0.000125902836	0.000287878123,0.00311491382,-0.00116060046,-0.000138780728
p4	1	593	linear_attn_out-13	13	1024	0	6.338287e-02	3.439561e-03	-0.101133168,-0.00114090554,-0.000927187502,0.00361985527	-0.0976936072,-0.00151743926,-0.000738718081,0.00399470329
p4	1	594	attn_residual-13	13	1024	0	3.592380e-02	8.048460e-03	-0.29374221,0.0225032791,0.00520116836,0.0221275669	-0.301105082,0.0247839633,0.00771902362,0.0221166201
p4	1	595	attn_post_norm-13	13	1024	0	3.772982e-02	1.602278e-01	-4.00033808,0.463482648,0.0988648534,0.41918546	-4.09527206,0.509791672,0.146533743,0.418432683
p4	1	596	ffn_out-13	13	1024	0	5.627190e-02	5.314298e-03	0.067415677,-0.0108788908,-0.000958580524,0.0224665478	0.0646815151,-0.00955091231,-0.000175743364,0.0221307836
p4	1	597	l_out-13	13	1024	0	4.101778e-02	1.009704e-02	-0.226326525,0.0116243884,0.00424258783,0.0445941165	-0.236423567,0.015233051,0.00754328026,0.0442474037
p4	1	598	attn_norm-14	14	1024	0	4.279195e-02	2.170959e-01	-4.37901831,0.253914535,0.0860144868,1.04965615	-4.56504488,0.332060605,0.152620897,1.03937018
p4	1	599	conv_output_silu-14	14	6144	0	1.558149e-02	3.880481e-02	0.0362493396,0.0528562218,-0.134193033,0.0437499881	0.0539478362,0.0541653745,-0.129296675,0.0523110367
p4	1	600	q_conv_predelta-14	14	2048	0	3.031977e-02	3.147051e-02	0.0080963783,0.011805567,-0.0299723409,0.00977166649	0.0120185865,0.0120670507,-0.0288049243,0.0116539383
p4	1	601	k_conv_predelta-14	14	2048	0	2.383942e-02	2.509008e-02	0.0100039812,0.222604483,-0.00540699717,0.00211524405	0.00977637526,0.222732142,-0.00529152295,0.00185320096
p4	1	602	v_conv_predelta-14	14	2048	0	5.482635e-03	6.949246e-03	0.0026573264,0.0201985091,-0.00405033724,0.0167690217	0.00275782472,0.0201880801,-0.00399288721,0.0164921768
p4	1	603	a_softplus-14	14	16	0	2.173048e-02	5.521154e-02	0.668612838,0.152038202,0.819377661,0.00988091808	0.648373961,0.156270772,0.774011254,0.00998313259
p4	1	604	gate-14	14	16	0	2.841152e-02	3.016156e-02	-0.210388348,-0.025408132,-0.544758141,-0.0297303349	-0.204019904,-0.0261154659,-0.514596581,-0.0300378855
p4	1	605	beta_sigmoid-14	14	16	0	6.820835e-03	1.075584e-02	0.671366692,0.467843652,0.654538751,0.815959215	0.672719955,0.472912967,0.665294588,0.822570145
p4	1	606	state_predelta-14	14	262144	6139	7.000202e-07	1.238659e-07	5.10589643e-07,-4.48670608e-06,-8.27633144e-08,5.18426191e-09	5.10590837e-07,-4.48670698e-06,-8.27631581e-08,5.1844018e-09
p4	1	607	new_state-14	14	262144	0	2.082883e-02	1.948908e-02	1.8177243e-05,0.0003916313,-9.66797325e-06,3.76012531e-06	1.84724631e-05,0.000407707994,-9.84046619e-06,3.4269267e-06
p4	1	608	attn_output-14	14	2048	0	1.421739e-02	1.347186e-04	3.35705494e-07,2.85505985e-06,-5.18409706e-07,1.48321294e-06	3.58073351e-07,2.92312598e-06,-5.1868426e-07,1.42472049e-06
p4	1	609	z-14	14	2048	0	2.213664e-02	1.298362e-01	-0.365319252,-0.462030739,0.0694033206,0.0376412272	-0.324540615,-0.457692057,0.0952635407,0.0150814056
p4	1	610	final_output-14	14	2048	0	4.035516e-02	2.603526e-02	-5.27398261e-05,-0.000509191537,-1.86878515e-05,2.59836652e-05	-5.11791841e-05,-0.000517783919,-2.59835087e-05,9.8888986e-06
p4	1	611	linear_attn_out-14	14	1024	0	5.778432e-02	3.164493e-03	0.0112612713,-0.00995367579,0.0136400219,0.0111100245	0.0108325444,-0.00869481266,0.0136764385,0.0127042271
p4	1	612	attn_residual-14	14	1024	0	4.075386e-02	1.052576e-02	-0.215065256,0.00167071261,0.0178826097,0.0557041392	-0.225591019,0.00653823838,0.0212197192,0.0569516309
p4	1	613	attn_post_norm-14	14	1024	0	4.072406e-02	2.033082e-01	-3.08790231,0.0336428918,0.337905347,1.02146101	-3.23306918,0.1314172,0.400224507,1.04241443
p4	1	614	ffn_out-14	14	1024	0	5.851587e-02	7.664172e-03	0.203384191,-0.00871150754,-0.00962442439,0.0276728459	0.209440261,-0.00863952003,-0.00667288527,0.0256825481
p4	1	615	l_out-14	14	1024	0	4.051848e-02	1.081544e-02	-0.011681065,-0.00704079494,0.00825818535,0.0833769888	-0.0161507577,-0.00210128166,0.0145468339,0.0826341808
p4	1	616	attn_norm-15	15	1024	0	4.012736e-02	1.925828e-01	-0.164347455,-0.11072097,0.129582271,1.30087245	-0.226387009,-0.0329208113,0.227408946,1.284477
p4	1	617	attn_pregate-15	15	2048	0	5.841634e-02	2.232121e+00	-0.0885833427,0.101695597,0.0175428726,0.108653322	-0.0887670964,0.0977565348,0.0127790496,0.113417633
p4	1	618	attn_gated-15	15	2048	0	3.175298e-02	1.717554e-02	-0.00316519942,0.0073257084,0.000247296237,0.00824784115	-0.00308736647,0.00685600936,0.000173064473,0.00838876795
p4	1	619	attn_output-15	15	1024	0	6.572371e-02	5.475439e-03	-0.148249418,0.000675223768,-0.0228603557,0.0231972486	-0.149611145,0.00142915919,-0.0237021372,0.0200766549
p4	1	620	attn_residual-15	15	1024	0	4.548737e-02	1.377328e-02	-0.159930483,-0.00636557117,-0.0146021703,0.106574237	-0.165761903,-0.000672122464,-0.00915530324,0.102710836
p4	1	621	attn_post_norm-15	15	1024	0	4.595434e-02	2.403517e-01	-1.86856985,-0.11760129,-0.257276118,1.74238992	-1.93398261,-0.0123997489,-0.161081076,1.67686892
p4	1	622	ffn_out-15	15	1024	0	5.380945e-02	1.367676e-02	0.126822188,0.0851223767,0.0361182541,0.0330342166	0.133867159,0.0843161866,0.0373056903,0.0396644063
p4	1	623	l_out-15	15	1024	0	4.414520e-02	1.516799e-02	-0.033108294,0.0787568092,0.0215160847,0.139608458	-0.0318947434,0.0836440623,0.0281503871,0.142375246
p4	1	624	attn_norm-16	16	1024	0	4.507807e-02	2.605163e-01	-0.415762812,1.42245793,0.323692858,2.35303473	-0.40065375,1.51121986,0.423638552,2.40044808
p4	1	625	conv_output_silu-16	16	6144	0	1.942667e-02	1.026576e-01	-0.226872355,0.00492378604,-0.0168743804,-0.250245482	-0.225238368,0.00631987955,-0.0125562139,-0.246907786
p4	1	626	q_conv_predelta-16	16	2048	0	3.365622e-02	3.363052e-02	-0.0215077046,0.000466779398,-0.00159970648,-0.0237234998	-0.0212520082,0.000596302154,-0.00118472159,-0.0232965909
p4	1	627	k_conv_predelta-16	16	2048	0	2.229315e-02	2.026215e-02	0.105642729,-0.0568856373,0.0182325803,-0.0226752833	0.105223276,-0.0568613335,0.0182887819,-0.0232102815
p4	1	628	v_conv_predelta-16	16	2048	0	1.564366e-02	4.548395e-02	-0.200873002,0.012783967,0.549689054,0.00525254244	-0.200869024,0.0127999811,0.546719372,0.00520470832
p4	1	629	a_softplus-16	16	16	0	1.235865e-02	4.483378e-02	0.192185536,1.78237832,1.15002906,1.51872754	0.179758891,1.77987635,1.19486284,1.52447307
p4	1	630	gate-16	16	16	0	1.607779e-02	2.567804e-02	-0.0390448608,-0.722964525,-0.137351394,-0.328447878	-0.0365202352,-0.721949697,-0.142706022,-0.329690427
p4	1	631	beta_sigmoid-16	16	16	0	9.227106e-03	1.945665e-02	0.674779534,0.713853955,0.926736653,0.864367783	0.677957356,0.71068567,0.928868651,0.863946855
p4	1	632	state_predelta-16	16	262144	4130	1.346408e-06	6.616116e-06	-0.000453704619,0.000110791836,3.07260998e-05,-0.000485629367	-0.000453704328,0.000110791829,3.07263181e-05,-0.000485628523
p4	1	633	new_state-16	16	262144	1	1.702285e-02	2.139288e-02	-0.0145352287,0.00769840926,-0.00240373937,0.00255917106	-0.0145453149,0.00773053989,-0.00242245616,0.00264372095
p4	1	634	attn_output-16	16	2048	0	1.964350e-02	1.361176e-03	-0.00147024263,9.32388066e-05,0.0041880426,3.72985669e-05	-0.00148415007,9.4226285e-05,0.00421278737,3.72544528e-05
p4	1	635	z-16	16	2048	0	3.060602e-02	1.814944e-01	-0.640003264,-0.517994881,-0.593826771,-0.305016696	-0.622090518,-0.513547421,-0.589885473,-0.296031475
p4	1	636	final_output-16	16	2048	0	2.445092e-02	6.123075e-02	0.11802531,-0.00677573355,-0.371243358,-0.00178161508	0.116176225,-0.00674994523,-0.368749201,-0.00172131509
p4	1	637	linear_attn_out-16	16	1024	0	3.959786e-02	1.237327e-02	0.0593788773,-0.0261118673,-0.148710012,-0.0219630972	0.0717521459,-0.0272103418,-0.152092934,-0.0239847898
p4	1	638	attn_residual-16	16	1024	0	4.100584e-02	1.644932e-02	0.0262705833,0.052644942,-0.127193928,0.117645361	0.0398574024,0.0564337224,-0.123942547,0.118390456
p4	1	639	attn_post_norm-16	16	1024	0	4.136445e-02	2.089148e-01	0.201207533,0.67888844,-1.60549188,1.24068594	0.305549532,0.728414476,-1.56588638,1.24968874
p4	1	640	ffn_out-16	16	1024	0	6.124019e-02	1.056824e-02	-0.128050208,0.00185482204,0.0433999076,-0.0145861134	-0.127912119,0.00292124599,0.0478481278,-0.0141578466
p4	1	641	l_out-16	16	1024	0	4.646102e-02	1.768365e-02	-0.101779625,0.054499764,-0.0837940201,0.103059247	-0.0880547166,0.0593549684,-0.0760944188,0.104232609
p4	1	642	attn_norm-17	17	1024	0	4.672143e-02	2.666841e-01	-1.18153346,0.85057348,-1.22254133,1.46385884	-1.02066684,0.924954712,-1.10853529,1.47829807
p4	1	643	conv_output_silu-17	17	6144	0	1.565963e-02	1.753521e-01	-0.250075936,-0.0858383626,-0.278226346,0.0359625071	-0.247642547,-0.0839004368,-0.278170168,0.0369470492
p4	1	644	q_conv_predelta-17	17	2048	0	3.217248e-02	2.675699e-02	-0.0574828647,-0.019730946,-0.0639535636,0.00826640055	-0.0567702316,-0.0192335583,-0.0637684613,0.00846983865
p4	1	645	k_conv_predelta-17	17	2048	0	2.296283e-02	2.016504e-02	0.0139436573,-0.0778619573,-0.0293681473,-0.0351151451	0.0139452573,-0.0791321397,-0.0289499704,-0.0347815044
p4	1	646	v_conv_predelta-17	17	2048	0	1.335183e-02	4.831320e-02	-0.273166299,-0.270327449,0.0567918643,-0.278417379	-0.273185104,-0.270227373,0.060082227,-0.278406322
p4	1	647	a_softplus-17	17	16	0	1.603340e-02	9.876466e-02	3.72741866,0.191052213,3.67422533,2.03363633	3.628654,0.193128318,3.65747356,2.02692795
p4	1	648	gate-17	17	16	0	1.449759e-02	2.327609e-02	-0.878449738,-0.0494511016,-0.928989649,-0.708318114	-0.855173647,-0.049988471,-0.924754143,-0.705981553
p4	1	649	beta_sigmoid-17	17	16	0	5.421364e-03	1.061028e-02	0.835772812,0.686996877,0.975402653,0.752683222	0.837044477,0.696235299,0.975094378,0.751656175
p4	1	650	state_predelta-17	17	262144	5076	8.975347e-07	1.311302e-06	-0.000172685541,0.0010692958,0.000214257772,0.000100771846	-0.000172685672,0.00106929836,0.000214257845,0.000100772253
p4	1	651	new_state-17	17	262144	1	1.820667e-02	4.195404e-02	-0.00324089639,0.0181409232,0.00676389271,0.00802294351	-0.00324764126,0.0184666999,0.00668068463,0.00795980077
p4	1	652	attn_output-17	17	2048	0	1.542355e-02	2.395138e-03	-0.000702351448,-0.000727290753,0.000153941044,-0.0007190631	-0.000698715565,-0.000727512524,0.000162581346,-0.000715690781
p4	1	653	z-17	17	2048	0	2.956059e-02	2.087932e-01	0.372738987,-0.712786436,-0.794414461,-1.48566008	0.373190314,-0.725971997,-0.774415255,-1.42199445
p4	1	654	final_output-17	17	2048	0	4.422167e-02	5.001873e-02	-0.0939011574,0.114300586,-0.0176594593,0.117648512	-0.0937185809,0.115636207,-0.0184666272,0.118232973
p4	1	655	linear_attn_out-17	17	1024	0	6.199385e-02	6.523967e-03	-0.193723574,-0.0412215889,0.0527837947,-0.0548305959	-0.194412455,-0.0394052379,0.055597052,-0.0551774278
p4	1	656	attn_residual-17	17	1024	0	4.686673e-02	1.812130e-02	-0.295503199,0.0132781751,-0.0310102254,0.0482286513	-0.282467186,0.0199497305,-0.0204973668,0.0490551814
p4	1	657	attn_post_norm-17	17	1024	0	4.745273e-02	2.206644e-01	-2.02790189,0.159800112,-0.360097706,0.49238044	-1.93712974,0.239928424,-0.237858951,0.500479698
p4	1	658	ffn_out-17	17	1024	0	6.220340e-02	1.465543e-02	-0.0309203602,-0.0251450092,0.00149492919,0.0208172537	-0.0361724198,-0.0293494947,0.0057195616,0.0207951404
p4	1	659	l_out-17	17	1024	0	4.991291e-02	2.379119e-02	-0.326423556,-0.011866834,-0.0295152962,0.0690459013	-0.318639606,-0.00939976424,-0.0147778057,0.0698503256
p4	1	660	attn_norm-18	18	1024	0	4.991564e-02	3.423715e-01	-3.54195786,-0.169437066,-0.405575335,0.922599852	-3.45163894,-0.133984417,-0.202720702,0.931767762
p4	1	661	conv_output_silu-18	18	6144	1	1.722567e-02	1.513300e-01	-0.261836022,-0.059716884,-0.251557797,-0.269120127	-0.259272009,-0.0722402558,-0.252976,-0.27072987
p4	1	662	q_conv_predelta-18	18	2048	0	3.663285e-02	3.147544e-02	-0.0759143308,-0.0173137635,-0.0729343519,-0.0780262128	-0.0755635723,-0.0210540742,-0.0737286359,-0.0789029151
p4	1	663	k_conv_predelta-18	18	2048	0	2.498042e-02	1.883522e-02	0.0199963413,-0.0446320958,-0.0427802391,-0.00689674215	0.0199076161,-0.0446159802,-0.0426866263,-0.00685252529
p4	1	664	v_conv_predelta-18	18	2048	1	1.164910e-02	5.743299e-02	0.191947535,-0.270627379,-0.0255185571,-0.19449386	0.189856157,-0.270731568,-0.0267299768,-0.192510992
p4	1	665	a_softplus-18	18	16	0	1.084950e-02	8.448696e-02	0.00279940362,5.55898046,0.00905219,3.82046533	0.00265805004,5.5264678,0.00916571077,3.90495229
p4	1	666	gate-18	18	16	0	1.176914e-02	2.273941e-02	-0.001166965,-1.12058651,-0.00269680889,-1.02826428	-0.0011080401,-1.11403251,-0.00273062871,-1.05100369
p4	1	667	beta_sigmoid-18	18	16	0	4.269866e-03	8.798182e-03	0.820128024,0.881893754,0.312327713,0.963789821	0.824004233,0.876357317,0.314629734,0.9636935
p4	1	668	state_predelta-18	18	262144	5519	8.148058e-07	1.907349e-06	-0.0028666039,-0.00549975084,-0.00312245241,9.23981206e-05	-0.00286660832,-0.00549975643,-0.00312245591,9.23981279e-05
p4	1	669	new_state-18	18	262144	1	1.658198e-02	5.917549e-02	-0.000448596431,-0.0108828992,-0.00828475133,-0.000740527874	-0.00047979434,-0.0108357621,-0.00823008269,-0.000728191633
p4	1	670	attn_output-18	18	2048	0	2.900847e-02	2.292648e-03	0.0047715106,-0.00519326329,-0.000609894283,-0.0050920276	0.00473270658,-0.00522356667,-0.000634718337,-0.00505133206
p4	1	671	z-18	18	2048	0	3.281160e-02	2.277584e-01	-2.37172723,-0.0662625432,-1.03026748,-0.442959994	-2.5566256,-0.0177356005,-1.04492354,-0.51633954
p4	1	672	final_output-18	18	2048	0	6.771124e-02	1.172358e-01	-0.0617052652,0.0124329906,0.0112811876,0.0572904646	-0.0555474721,0.00342548522,0.0117597776,0.0632074103
p4	1	673	linear_attn_out-18	18	1024	0	7.335189e-02	1.644164e-02	-0.0520831794,0.0797433555,0.112290226,-0.0743008107	-0.0478527546,0.088273935,0.110817425,-0.0713874847
p4	1	674	attn_residual-18	18	1024	0	5.242349e-02	2.589241e-02	-0.37850672,0.0678765178,0.0827749297,-0.0052549094	-0.366492361,0.0788741708,0.096039623,-0.00153715909
p4	1	675	attn_post_norm-18	18	1024	0	5.314610e-02	2.602706e-01	-2.58941293,0.72176981,0.894822478,-0.0486808158	-2.5053761,0.838096976,1.03745389,-0.0142295687
p4	1	676	ffn_out-18	18	1024	0	7.562963e-02	1.825158e-02	-0.571595311,0.0105085876,-0.0962307081,0.03577796	-0.570409894,0.0157579444,-0.0975110456,0.0316015482
p4	1	677	l_out-18	18	1024	0	5.479918e-02	2.773225e-02	-0.950102031,0.0783851072,-0.0134557784,0.0305230506	-0.936902285,0.0946321189,-0.00147142261,0.0300643891
p4	1	678	attn_norm-19	19	1024	0	5.338167e-02	2.266308e-01	-6.51279879,0.597625196,-0.105740093,0.237167791	-6.42687416,0.72200799,-0.0115711456,0.23376973
p4	1	679	attn_pregate-19	19	2048	0	3.513648e-02	9.409390e-02	-0.0171688348,-0.564522624,-0.0434040427,-0.157473952	-0.00729443133,-0.517552435,-0.0249528289,-0.16012533
p4	1	680	attn_gated-19	19	2048	0	4.034970e-02	3.469497e-02	-0.000456974842,-0.0431993492,-0.0013574172,-0.0104929721	-0.000185980156,-0.0383150913,-0.000767481397,-0.0105518233
p4	1	681	attn_output-19	19	1024	0	6.471388e-02	8.921251e-03	0.518569589,0.00938898325,0.00104814209,0.0301470533	0.516899467,0.0124180689,0.000679833815,0.032354787
p4	1	682	attn_residual-19	19	1024	0	5.879229e-02	2.639879e-02	-0.431532443,0.0877740905,-0.0124076363,0.0606701039	-0.420002818,0.107050188,-0.000791588798,0.0624191761
p4	1	683	attn_post_norm-19	19	1024	0	5.963150e-02	2.622166e-01	-2.94130445,0.885536134,-0.114448711,0.465104461	-2.8681581,1.08206093,-0.00731553137,0.479422241
p4	1	684	ffn_out-19	19	1024	0	8.420733e-02	1.900411e-02	-0.166125357,-0.0434850343,-0.12234737,0.104365967	-0.185129464,-0.0510699376,-0.114029966,0.105677858
p4	1	685	l_out-19	19	1024	0	6.418132e-02	3.198290e-02	-0.5976578,0.0442890562,-0.134755,0.165036067	-0.605132282,0.0559802502,-0.114821553,0.168097034
p4	1	686	attn_norm-20	20	1024	0	6.387303e-02	3.482049e-01	-4.77548075,0.497129709,-1.40961051,1.54590285	-4.84774923,0.629989743,-1.20421195,1.57866025
p4	1	687	conv_output_silu-20	20	6144	0	3.394544e-02	1.259975e-01	-0.0353061147,-0.114729524,-0.233037218,-0.0257545747	-0.0413714647,-0.112120748,-0.235728279,-0.0378045589
p4	1	688	q_conv_predelta-20	20	2048	0	4.000491e-02	2.882347e-02	-0.0134400828,-0.0436744243,-0.0887109563,-0.00980407	-0.0157634579,-0.0427205265,-0.0898177773,-0.0144043872
p4	1	689	k_conv_predelta-20	20	2048	0	4.049304e-02	4.303101e-02	-0.00649574678,-0.0256030541,-0.0280315317,-0.0222887844	-0.0061774468,-0.0251346901,-0.027709201,-0.021094745
p4	1	690	v_conv_predelta-20	20	2048	0	2.473290e-02	6.538188e-02	-0.0324604586,-0.0243834071,0.0106973443,-0.0982159376	-0.0304116532,-0.0237597283,0.0128175532,-0.0993505418
p4	1	691	a_softplus-20	20	16	0	2.030463e-02	9.349251e-02	0.168683365,2.38533854,0.0500976145,3.31928158	0.170888588,2.34791303,0.0503205024,3.22578907
p4	1	692	gate-20	20	16	0	2.025030e-02	3.679836e-02	-0.0376383476,-0.414509684,-0.00912345294,-0.95099014	-0.0381303988,-0.408006102,-0.00916404463,-0.924204051
p4	1	693	beta_sigmoid-20	20	16	0	3.219648e-03	8.506417e-03	0.987541139,0.996859312,0.952535093,0.961070001	0.986886561,0.996648014,0.951059043,0.959529519
p4	1	694	state_predelta-20	20	262144	6909	6.188282e-07	1.668930e-06	2.03583859e-05,-9.22874679e-05,0.000391181733,-0.000443777128	2.03583841e-05,-9.22876497e-05,0.0003911815,-0.000443776633
p4	1	695	new_state-20	20	262144	0	2.066854e-02	3.975999e-02	0.000277495943,0.000927595829,0.00148962007,0.000457509072	0.000251725141,0.000855645165,0.0014177683,0.000365498301
p4	1	696	attn_output-20	20	2048	0	2.660797e-02	3.781751e-03	-0.0014714353,-0.00105699676,0.000535517465,-0.0046233763	-0.00140560127,-0.00105129008,0.000647232344,-0.00477414718
p4	1	697	z-20	20	2048	0	3.993112e-02	2.934079e-01	-0.66277498,0.393157482,0.83030206,-0.364499301	-0.662494898,0.378331065,0.814035594,-0.370621532
p4	1	698	final_output-20	20	2048	0	6.764434e-02	1.030323e-01	0.0424100347,-0.0335651152,0.0382790864,0.079525739	0.0398301333,-0.0314023234,0.0443837568,0.0818149447
p4	1	699	linear_attn_out-20	20	1024	0	8.655514e-02	1.994244e-02	-0.042904146,-0.0564147346,0.0569685102,-0.0294200405	-0.0280879438,-0.0556779355,0.0570075139,-0.0357632414
p4	1	700	attn_residual-20	20	1024	0	6.670457e-02	3.551503e-02	-0.640561938,-0.0121256784,-0.0777864903,0.135616034	-0.633220196,0.000302314758,-0.0578140393,0.132333785
p4	1	701	attn_post_norm-20	20	1024	0	6.759152e-02	3.153495e-01	-3.38723564,-0.112358987,-0.729434788,0.991074562	-3.35874796,0.00280995574,-0.543818474,0.970072865
p4	1	702	ffn_out-20	20	1024	0	9.100431e-02	2.441935e-02	0.389315665,0.0325814486,-0.0654742271,0.0164420102	0.366408139,0.0298019107,-0.0779537261,0.0180534255
p4	1	703	l_out-20	20	1024	0	7.221427e-02	4.267237e-02	-0.251246274,0.0204557702,-0.143260717,0.15205805	-0.266812056,0.0301042255,-0.135767758,0.150387213
p4	1	704	attn_norm-21	21	1024	0	7.175657e-02	4.279387e-01	-1.73002958,0.21626094,-1.38171315,1.36432493	-1.84501696,0.319617629,-1.31500804,1.35506558
p4	1	705	conv_output_silu-21	21	6144	1	3.171379e-02	1.459522e-01	-0.268097788,0.533432305,-0.244088665,-0.278121859	-0.265828669,0.508469999,-0.236939177,-0.278405637
p4	1	706	q_conv_predelta-21	21	2048	0	4.758271e-02	3.648973e-02	-0.0762943104,0.151802257,-0.0694618747,-0.0791469216	-0.0762736723,0.145894244,-0.0679844692,-0.0798823535
p4	1	707	k_conv_predelta-21	21	2048	0	4.242973e-02	4.754847e-02	0.0177563839,0.0144747002,0.0667189658,-0.0247696023	0.0165179744,0.0195067618,0.0692345724,-0.0258783009
p4	1	708	v_conv_predelta-21	21	2048	0	2.914146e-02	8.755904e-02	0.0260161925,-0.0738826543,0.027799597,-0.0155444993	0.019299157,-0.0725866929,0.0283973981,-0.0168768615
p4	1	709	a_softplus-21	21	16	0	2.290112e-02	1.551094e-01	2.16365457,6.00799322,0.177830949,3.20149255	2.10731936,6.01113415,0.189997554,3.25613022
p4	1	710	gate-21	21	16	0	2.020793e-02	2.793503e-02	-0.639575064,-1.55508208,-0.0664505735,-1.51819694	-0.622922421,-1.55589509,-0.0709968954,-1.54410696
p4	1	711	beta_sigmoid-21	21	16	0	6.307652e-03	1.475328e-02	0.952838719,0.957006097,0.882086933,0.989039063	0.948473215,0.958232105,0.874873936,0.988487363
p4	1	712	state_predelta-21	21	262144	5297	8.946817e-07	1.430511e-06	0.00117235072,-0.00104050036,0.00158851792,0.000219874637	0.00117235328,-0.00104050129,0.0015885199,0.000219875117
p4	1	713	new_state-21	21	262144	0	3.675240e-02	7.467899e-02	0.00117180427,-9.77834861e-05,0.00291723665,-0.000655946205	0.00103932398,-7.33179622e-05,0.00257265382,-0.000525190088
p4	1	714	attn_output-21	21	2048	0	2.325139e-02	1.343487e-03	0.00015308916,-0.000449430227,0.00027619701,-0.000104374674	0.000102756363,-0.000417503208,0.000274782884,-0.000107984481
p4	1	715	z-21	21	2048	0	5.651014e-02	2.596331e-01	0.770283341,0.941594183,-0.15684396,-1.23384786	0.844064713,1.00052238,-0.181699574,-1.32345462
p4	1	716	final_output-21	21	2048	0	9.126297e-02	1.763453e-01	0.0568104945,-0.177138224,-0.0126961097,0.0229484867	0.043115139,-0.17923741,-0.0145613113,0.0239471849
p4	1	717	linear_attn_out-21	21	1024	0	1.038172e-01	3.643872e-02	0.101661116,0.0313037485,0.00178652257,-0.0467889458	0.0913493633,0.0354345329,0.0122807696,-0.0554735512
p4	1	718	attn_residual-21	21	1024	0	7.943348e-02	4.347347e-02	-0.149585158,0.0517595187,-0.141474187,0.105269104	-0.175462693,0.0655387565,-0.123486988,0.0949136615
p4	1	719	attn_post_norm-21	21	1024	0	7.959937e-02	3.407042e-01	-0.721248865,0.431406289,-1.16360581,0.692196131	-0.845548689,0.545948446,-1.01509583,0.623755157
p4	1	720	ffn_out-21	21	1024	0	9.563260e-02	3.053957e-02	0.0612355731,0.0345058106,0.0574016646,0.141551822	0.0355501547,0.0324349999,0.0479035564,0.155255795
p4	1	721	l_out-21	21	1024	0	8.676891e-02	5.631671e-02	-0.0883495808,0.0862653255,-0.0840725228,0.246820927	-0.139912546,0.0979737565,-0.0755834281,0.250169456
p4	1	722	attn_norm-22	22	1024	0	8.593198e-02	4.359818e-01	-0.522104979,0.731367588,-0.655823648,1.92284	-0.828137517,0.831958413,-0.590543687,1.95203638
p4	1	723	conv_output_silu-22	22	6144	0	4.100033e-02	1.401832e-01	-0.0697763413,-0.182375982,0.090371266,0.0568780117	-0.0608297959,-0.189156592,0.0878322273,0.0562709458
p4	1	724	q_conv_predelta-22	22	2048	0	4.889480e-02	2.982166e-02	-0.0251392592,-0.0657070428,0.0325592682,0.0204922054	-0.0220274013,-0.0684965029,0.0318053961,0.0203765724
p4	1	725	k_conv_predelta-22	22	2048	0	5.118189e-02	8.039477e-02	0.0146780629,-0.0069857589,0.156838909,0.0403231159	0.014654493,-0.00669248588,0.160025567,0.0332264043
p4	1	726	v_conv_predelta-22	22	2048	0	3.207690e-02	6.859773e-02	0.0236222558,0.00334634585,0.00936577655,-0.00642362377	0.0226056594,0.00198490405,0.00903288368,-0.00734064588
p4	1	727	a_softplus-22	22	16	0	2.143096e-02	1.341650e-01	1.3665359,3.1935463,3.61657214,0.449688822	1.34233761,3.09140921,3.60284519,0.405112594
p4	1	728	gate-22	22	16	0	1.942510e-02	6.190699e-02	-0.252783746,-0.723797917,-2.37180591,-0.0844940245	-0.248307496,-0.700649202,-2.3628037,-0.0761184022
p4	1	729	beta_sigmoid-22	22	16	0	1.593967e-02	3.185731e-02	0.675603092,0.93033576,0.954292953,0.591947138	0.665162444,0.917145908,0.951936901,0.560089827
p4	1	730	state_predelta-22	22	262144	1729	4.126379e-06	2.384186e-06	1.96618585e-05,1.21223929e-05,0.000348836795,-0.00128051371	1.96621149e-05,1.21227749e-05,0.000348839443,-0.00128052442
p4	1	731	new_state-22	22	262144	0	3.844059e-02	2.079713e-02	0.000262434536,-0.000108218759,0.00291193509,-0.000315490412	0.000248259981,-9.6914373e-05,0.00281561213,-0.000470856263
p4	1	732	attn_output-22	22	2048	0	2.976358e-02	5.060860e-04	8.24500676e-05,-8.54206064e-06,5.923969e-05,-0.000140494827	7.71090126e-05,-1.5781985e-05,5.78122563e-05,-0.000146623293
p4	1	733	z-22	22	2048	0	5.392784e-02	2.495799e-01	0.757918656,1.26367211,-4.73082829,-0.0292114392	0.662383556,1.22571456,-4.64159489,0.00952815264
p4	1	734	final_output-22	22	2048	0	8.884801e-02	1.806089e-01	0.0484962426,-0.00866942108,-0.00262853294,0.00195450429	0.0383891352,-0.0153968437,-0.002748047,-0.000678051554
p4	1	735	linear_attn_out-22	22	1024	0	1.020341e-01	2.505331e-02	0.154114962,-0.00797390286,-0.0347981006,-0.163582146	0.155457646,-0.00341469795,-0.0467533395,-0.171315417
p4	1	736	attn_residual-22	22	1024	0	8.484149e-02	5.322073e-02	0.0657653809,0.0782914236,-0.118870623,0.0832387805	0.0155451,0.0945590585,-0.122336768,0.0788540393
p4	1	737	attn_post_norm-22	22	1024	0	8.502031e-02	3.670493e-01	0.318150192,0.546447217,-0.814900994,0.469159693	0.0751101226,0.659184933,-0.837639987,0.443903953
p4	1	738	ffn_out-22	22	1024	0	1.050835e-01	3.425607e-02	-0.773885369,-0.0230498072,-0.0728940591,0.182099581	-0.773088694,-0.0290588662,-0.0858035088,0.205230027
p4	1	739	l_out-22	22	1024	0	8.394228e-02	7.838890e-02	-0.708119988,0.0552416146,-0.191764683,0.265338361	-0.757543564,0.0655001923,-0.208140284,0.284084082
p4	1	740	attn_norm-23	23	1024	0	8.230539e-02	3.914724e-01	-3.16146874,0.315798074,-1.13279724,1.27943146	-3.38109136,0.374328524,-1.22915578,1.36940265
p4	1	741	attn_pregate-23	23	2048	0	2.311188e-02	7.459135e-01	-6.31631756,-0.0749161392,-0.405030072,0.0232571885	-6.23844433,-0.0237347782,-0.374547362,-0.0477407351
p4	1	742	attn_gated-23	23	2048	0	5.123528e-02	1.422840e-01	-0.379436702,-0.0140625313,-0.0674690828,0.00560778426	-0.386598259,-0.00430670939,-0.0598257072,-0.0126890112
p4	1	743	attn_output-23	23	1024	0	6.744740e-02	3.452781e-02	0.572911024,-0.0929155201,-0.0119276941,0.107175887	0.577681005,-0.101287253,-0.0232648998,0.118363827
p4	1	744	attn_residual-23	23	1024	0	9.100573e-02	7.267570e-02	-0.135208964,-0.0376739055,-0.203692377,0.372514248	-0.179862559,-0.0357870609,-0.231405184,0.402447909
p4	1	745	attn_post_norm-23	23	1024	0	9.073780e-02	3.848915e-01	-0.625665605,-0.210736528,-1.04827797,1.79333711	-0.834167421,-0.200632319,-1.19357693,1.94179952
p4	1	746	ffn_out-23	23	1024	0	9.320600e-02	4.996456e-02	-0.207013339,-0.0272767916,-0.115659617,-0.0819570795	-0.224970579,-0.0144262165,-0.118790694,-0.0903127044
p4	1	747	l_out-23	23	1024	0	9.409472e-02	8.280063e-02	-0.342222303,-0.0649506971,-0.319352001,0.290557176	-0.404833138,-0.0502132773,-0.350195885,0.31213522
p4	1	748	result_norm	-1	1024	0	9.465313e-02	1.471214e+00	-0.287202179,-0.918035805,-4.38217926,4.44907284	-0.340985209,-0.712318778,-4.82293653,4.79690075
p4	1	749	result_output	-1	248320	0	7.980827e-02	1.128663e+00	4.88982105,5.59596395,7.5546093,2.06305313	5.03955364,5.72662354,7.83748341,2.02454615
p4	2	750	model.input_embed	-1	1024	1024	0.000000e+00	0.000000e+00	0.0146448612,-0.0175738335,-0.0312423706,0.024408102	0.0146448612,-0.0175738335,-0.0312423706,0.024408102
p4	2	751	attn_norm-0	0	1024	1024	0.000000e+00	0.000000e+00	1.29330158,-1.00483465,-2.1177814,1.88185501	1.29330158,-1.00483465,-2.1177814,1.88185501
p4	2	752	conv_output_silu-0	0	6144	6144	0.000000e+00	0.000000e+00	-0.00736192241,0.000527896977,-0.00319354748,-0.277904302	-0.00736192241,0.000527896977,-0.00319354748,-0.277904302
p4	2	753	q_conv_predelta-0	0	2048	464	1.348589e-07	1.192093e-07	-0.00870267767,0.000624037697,-0.00377515727,-0.328516334	-0.00870267861,0.000624037813,-0.00377515773,-0.328516364
p4	2	754	k_conv_predelta-0	0	2048	509	1.077310e-07	1.788139e-07	-0.0242358707,-0.0255167447,-0.0529923737,0.00397556415	-0.0242358651,-0.025516741,-0.0529923663,0.00397556368
p4	2	755	v_conv_predelta-0	0	2048	2048	0.000000e+00	0.000000e+00	-0.0266879387,0.00295418175,0.00922870077,-0.00507568289	-0.0266879387,0.00295418175,0.00922870077,-0.00507568289
p4	2	756	a_softplus-0	0	16	16	0.000000e+00	0.000000e+00	5.45917463,5.97220715e-05,4.10071552e-05,5.77334023	5.45917463,5.97220715e-05,4.10071552e-05,5.77334023
p4	2	757	gate-0	0	16	16	0.000000e+00	0.000000e+00	-7.06469679,-7.83383075e-06,-4.89760623e-06,-3.27672529	-7.06469679,-7.83383075e-06,-4.89760623e-06,-3.27672529
p4	2	758	beta_sigmoid-0	0	16	16	0.000000e+00	0.000000e+00	0.419071883,0.505235493,0.658482194,0.997189343	0.419071883,0.505235493,0.658482194,0.997189343
p4	2	759	state_predelta-0	0	262144	76164	9.517268e-08	1.192093e-07	-0.000227077442,-0.000718736555,0.000473905733,1.55089856e-05	-0.000227077471,-0.000718736614,0.00047390582,1.55089874e-05
p4	2	760	new_state-0	0	262144	79120	9.846869e-08	1.192093e-07	0.000270864082,0.000284769339,0.000593080942,-4.44501384e-05	0.000270863995,0.000284769281,0.000593080826,-4.44501347e-05
p4	2	761	attn_output-0	0	2048	388	3.442993e-07	1.862645e-08	-1.09099019e-05,1.25032614e-06,3.77172864e-06,-2.25226472e-06	-1.0909901e-05,1.25032625e-06,3.77173023e-06,-2.25226404e-06
p4	2	762	z-0	0	2048	2048	0.000000e+00	0.000000e+00	-0.211147919,1.16224277,0.118394732,-1.16109598	-0.211147919,1.16224277,0.118394732,-1.16109598
p4	2	763	final_output-0	0	2048	443	1.270951e-07	2.384186e-07	0.000992439804,0.00109589868,0.000219341367,0.000576294144	0.000992439804,0.0010958988,0.000219341484,0.000576294027
p4	2	764	linear_attn_out-0	0	1024	174	6.688037e-07	9.685755e-08	-0.569723129,0.0173203051,-0.0036073029,-0.0111208521	-0.569723129,0.0173203647,-0.0036073029,-0.0111208633
p4	2	765	attn_residual-0	0	1024	180	6.720317e-07	9.685755e-08	-0.555078268,-0.000253528357,-0.0348496735,0.01328725	-0.555078268,-0.000253468752,-0.0348496735,0.0132872388
p4	2	766	attn_post_norm-0	0	1024	182	7.871190e-07	3.099442e-06	-10.3263655,-0.00865169428,-1.22373569,0.457186103	-10.3263655,-0.00864965934,-1.22373569,0.457185715
p4	2	767	ffn_out-0	0	1024	5	6.444545e-04	5.568191e-05	0.11410664,0.00147140212,0.0517498851,0.0101103634	0.114109106,0.00149021018,0.0517412163,0.0101188477
p4	2	768	l_out-0	0	1024	3	3.955284e-04	5.568936e-05	-0.440971613,0.00121787377,0.0169002116,0.0233976133	-0.440969169,0.00123674143,0.0168915428,0.0234060865
p4	2	769	attn_norm-1	1	1024	0	4.194952e-04	2.156377e-03	-14.0991964,0.0504563041,0.669730663,0.994151056	-14.0992069,0.051238317,0.669391394,0.994517326
p4	2	770	conv_output_silu-1	1	6144	1	1.199362e-03	2.459615e-03	0.000754745561,0.0112860193,-0.0767942518,-0.256346166	0.000774920918,0.0112743331,-0.0769419149,-0.256479204
p4	2	771	q_conv_predelta-1	1	2048	0	1.891317e-03	2.580233e-03	0.000825167459,0.0123390667,-0.0839595795,-0.280264676	0.000847885152,0.01233589,-0.0841865316,-0.280628502
p4	2	772	k_conv_predelta-1	1	2048	1	9.954673e-04	8.402765e-04	-0.151810557,0.267190456,0.0324466638,-0.0100454073	-0.151808411,0.267193824,0.0324433595,-0.0100391405
p4	2	773	v_conv_predelta-1	1	2048	0	4.819365e-04	7.643700e-04	0.0826812461,-0.199749693,0.00618921407,-0.000436914619	0.0826374441,-0.199733704,0.00619130861,-0.000437538023
p4	2	774	a_softplus-1	1	16	0	2.328142e-03	3.408551e-03	0.031938158,0.547971189,0.964391351,1.52653933	0.0321124904,0.549903274,0.967629492,1.52782965
p4	2	775	gate-1	1	16	0	3.357862e-03	3.708959e-03	-0.00572619587,-0.591053367,-1.10460091,-0.461945117	-0.00575745199,-0.593137383,-1.10830986,-0.462335587
p4	2	776	beta_sigmoid-1	1	16	0	4.093507e-04	7.878244e-04	0.955069661,0.653619409,0.303909153,0.687873721	0.954995394,0.653275728,0.303723752,0.687892973
p4	2	777	state_predelta-1	1	262144	12248	3.310659e-07	3.427267e-07	-0.00371669489,0.0592798479,0.00459275721,0.0010585055	-0.00371669629,0.0592798367,0.0045927586,0.00105850608
p4	2	778	new_state-1	1	262144	21	7.972250e-04	9.195805e-04	-0.00684722699,0.0644885376,0.0052401619,0.000843907939	-0.00684222998,0.0644782409,0.00523891766,0.000844325696
p4	2	779	attn_output-1	1	2048	0	8.561679e-04	1.309859e-05	0.00162343599,-0.000979073346,0.0002306237,2.49180921e-05	0.00162514776,-0.000978554366,0.000230980077,2.49631084e-05
p4	2	780	z-1	1	2048	0	1.641006e-03	8.609176e-03	-4.57112598,-5.79239702,-0.153953493,-0.344445765	-4.57193565,-5.79108334,-0.158396482,-0.347459316
p4	2	781	final_output-1	1	2048	0	1.808292e-03	1.702115e-03	-0.0608462691,0.0137800993,-0.0143499868,-0.00343575026	-0.0608624853,0.0137854675,-0.0147491582,-0.00346538308
p4	2	782	linear_attn_out-1	1	1024	0	9.071221e-03	5.343352e-04	-0.282230616,-0.00302366912,0.0237395167,0.0154010206	-0.282207161,-0.00340556726,0.0241856277,0.0154202245
p4	2	783	attn_residual-1	1	1024	0	3.994665e-03	5.256329e-04	-0.723202229,-0.00180579536,0.0406397283,0.038798634	-0.72317636,-0.00216882583,0.0410771705,0.0388263091
p4	2	784	attn_post_norm-1	1	1024	0	4.564636e-03	1.439855e-02	-11.8394833,-0.0465689227,1.05877221,1.0671525	-11.8420925,-0.0559452921,1.0704428,1.06818724
p4	2	785	ffn_out-1	1	1024	0	2.545882e-02	5.608723e-03	0.126982659,0.0017410703,0.0259835739,0.0225349143	0.132591382,0.00228231773,0.0261528958,0.0216671824
p4	2	786	l_out-1	1	1024	0	1.403885e-02	5.634546e-03	-0.59621954,-6.47250563e-05,0.0666233003,0.0613335483	-0.590584993,0.0001134919,0.0672300681,0.0604934916
p4	2	787	attn_norm-2	2	1024	0	1.432458e-02	1.139297e-01	-16.2136707,-0.00215617334,2.14297557,2.06925368	-16.099741,0.00378998416,2.1677835,2.04590583
p4	2	788	conv_output_silu-2	2	6144	0	1.158232e-02	2.969571e-02	0.0290282983,-0.0435350984,-0.0272603706,-0.0034311472	0.0295997933,-0.0442727692,-0.025561966,-0.00333093479
p4	2	789	q_conv_predelta-2	2	2048	0	1.835745e-02	2.581802e-02	0.0192410462,-0.0288566984,-0.0180691984,-0.00227429322	0.0194900688,-0.0291515328,-0.0168313496,-0.0021932635
p4	2	790	k_conv_predelta-2	2	2048	0	1.193070e-02	9.796023e-03	0.0112831658,-0.077574335,-0.0100146458,-0.175012082	0.0139829526,-0.0773584694,-0.00997901242,-0.171924382
p4	2	791	v_conv_predelta-2	2	2048	0	4.639681e-03	5.052164e-03	0.0111495405,-0.0217262246,-0.00473933388,-0.0457938723	0.0112903211,-0.021517206,-0.00461386982,-0.0459810793
p4	2	792	a_softplus-2	2	16	0	1.794092e-02	1.988089e-02	0.324832141,0.0373852327,0.0678739175,0.265272915	0.33035627,0.0390021801,0.0694073141,0.272732496
p4	2	793	gate-2	2	16	0	1.851656e-02	8.584142e-03	-0.291604489,-0.0105449893,-0.0202208515,-0.173291981	-0.296563536,-0.01100107,-0.0206776764,-0.178165019
p4	2	794	beta_sigmoid-2	2	16	0	3.125221e-03	4.650056e-03	0.262896419,0.675542355,0.908065856,0.396714151	0.261662185,0.679313302,0.908234477,0.396308869
p4	2	795	state_predelta-2	2	262144	17211	2.535191e-07	4.768372e-07	-0.00100830896,4.57183851e-05,0.000460988813,0.00256952038	-0.00100830884,4.57183705e-05,0.000460988609,0.00256951898
p4	2	796	new_state-2	2	262144	1	4.444671e-03	4.087821e-03	-0.000723901379,-0.000167770035,0.000318320177,0.0014640427	-0.000712727895,-0.000169698702,0.000316409685,0.00145742355
p4	2	797	attn_output-2	2	2048	0	2.372078e-03	1.019295e-04	4.17143809e-07,-5.80546021e-06,1.33832009e-06,1.67552807e-05	5.28360147e-07,-6.0674347e-06,1.23696407e-06,1.60607888e-05
p4	2	798	z-2	2	2048	0	1.273982e-02	1.199038e-01	-0.129029632,-0.221824884,0.000503242016,0.0698781013	-0.126942039,-0.220937967,0.00799101591,0.0930165052
p4	2	799	final_output-2	2	2048	0	1.344180e-02	1.174051e-02	-2.57307856e-05,0.000380302867,3.07843663e-07,0.000591723016	-3.2099586e-05,0.000396073563,4.53501571e-06,0.000763442426
p4	2	800	linear_attn_out-2	2	1024	0	3.652602e-02	5.860358e-03	-0.287902385,-0.00235810876,-0.0107225571,0.0102320518	-0.293762743,-0.00308144465,-0.0102501009,0.0105522377
p4	2	801	attn_residual-2	2	1024	0	1.785896e-02	3.597669e-03	-0.884121895,-0.00242283382,0.0559007451,0.0715655982	-0.884347737,-0.00296795275,0.0569799691,0.0710457265
p4	2	802	attn_post_norm-2	2	1024	0	2.025428e-02	8.011407e-02	-12.3125095,-0.0529914983,1.24111044,1.58392501	-12.3098316,-0.0648834854,1.26447332,1.57167554
p4	2	803	ffn_out-2	2	1024	0	3.568888e-02	4.997414e-03	0.53694129,0.000252663158,0.00051677553,-0.0237415731	0.534736276,-0.000280696899,0.000255669467,-0.0273110848
p4	2	804	l_out-2	2	1024	0	2.715626e-02	4.894100e-03	-0.347180605,-0.00217017066,0.0564175211,0.0478240252	-0.349611461,-0.00324864965,0.0572356395,0.0437346399
p4	2	805	attn_norm-3	3	1024	0	2.674340e-02	1.309024e-01	-9.03249264,-0.0674026608,1.58385587,1.41590667	-9.11990166,-0.101166897,1.61109281,1.29827416
p4	2	806	attn_pregate-3	3	2048	0	2.102921e-02	5.183692e-02	0.249600902,-0.0437856503,0.374916703,0.137522116	0.246834397,-0.0544315539,0.370322734,0.140081346
p4	2	807	attn_gated-3	3	2048	0	2.716894e-02	2.563867e-02	0.0203364212,-0.00325910677,0.0417813547,0.0132462336	0.0201518722,-0.00407205243,0.0419538021,0.012837084
p4	2	808	attn_output-3	3	1024	0	5.094168e-02	5.075336e-03	-0.308658093,0.0152899213,-0.0117371427,0.00418997975	-0.312326014,0.0175467785,-0.0116005456,0.00424977858
p4	2	809	attn_residual-3	3	1024	0	3.296817e-02	7.175095e-03	-0.655838728,0.0131197507,0.0446803793,0.0520140044	-0.661937475,0.0142981289,0.045635093,0.0479844175
p4	2	810	attn_post_norm-3	3	1024	0	3.659264e-02	1.734239e-01	-9.78358555,0.293097943,1.02817082,1.2073133	-9.87391853,0.319402277,1.05007172,1.1137085
p4	2	811	ffn_out-3	3	1024	0	6.676431e-02	6.048642e-03	-0.0230578482,0.00889368728,0.014295429,-0.0158676431	-0.0185841173,0.00966634601,0.0155976154,-0.0112026595
p4	2	812	l_out-3	3	1024	0	3.886098e-02	6.756090e-03	-0.678896546,0.022013437,0.0589758083,0.0361463614	-0.680521607,0.0239644758,0.0612327084,0.0367817581
p4	2	813	attn_norm-4	4	1024	0	4.093822e-02	2.041548e-01	-15.7536421,0.673735142,1.68223441,1.13414824	-15.7717142,0.732535899,1.74443841,1.15264976
p4	2	814	conv_output_silu-4	4	6144	2	1.137151e-02	4.929018e-02	0.179566458,0.00419321889,-0.0165612213,0.00295572635	0.166965395,0.00363414199,-0.0179356579,0.00361874141
p4	2	815	q_conv_predelta-4	4	2048	0	3.217455e-02	2.649316e-02	0.144490153,0.00337412022,-0.0133261709,0.00237835804	0.133830518,0.00291293347,-0.0143762622,0.00290058902
p4	2	816	k_conv_predelta-4	4	2048	0	1.667082e-02	1.704207e-02	-0.0122678922,-0.00481785554,0.0704249442,-0.00733254384	-0.0121607799,-0.00867940672,0.0701918453,-0.007555902
p4	2	817	v_conv_predelta-4	4	2048	1	3.556005e-03	2.835369e-02	0.128320903,0.00748387305,0.00135920197,0.0158732925	0.128916889,0.00748684164,0.00148416439,0.0158953741
p4	2	818	a_softplus-4	4	16	0	2.839352e-02	6.101871e-02	0.442889154,1.61719203,0.0485270284,1.57385647	0.473126084,1.67821074,0.0472113378,1.5991956
p4	2	819	gate-4	4	16	0	2.897548e-02	5.928588e-02	-0.184623659,-1.57126772,-0.015269706,-0.826130688	-0.197228298,-1.6305536,-0.0148557061,-0.839431405
p4	2	820	beta_sigmoid-4	4	16	0	6.268263e-03	1.120186e-02	0.734472513,0.903905451,0.654153109,0.748869002	0.734807253,0.900958538,0.644458771,0.751160562
p4	2	821	state_predelta-4	4	262144	22107	2.213643e-07	3.337860e-06	-0.000104293904,0.00693754852,-0.00506160082,0.00145295623	-0.000104293642,0.00693754852,-0.00506160175,0.00145295658
p4	2	822	new_state-4	4	262144	0	2.822881e-03	2.419949e-02	-0.00148247345,0.00521985255,0.00380419428,0.00037376309	-0.00147224334,0.00470609078,0.00384794734,0.000331329589
p4	2	823	attn_output-4	4	2048	0	1.759782e-02	4.025981e-03	0.00016805678,2.43578997e-05,-1.47841865e-05,4.34904214e-05	0.000158424358,2.29724083e-05,-1.37790994e-05,4.1008956e-05
p4	2	824	z-4	4	2048	0	2.412149e-02	1.555119e-01	-0.492414534,0.692986608,-0.343007445,-0.0730923265	-0.377583861,0.690757692,-0.345764041,-0.0683225542
p4	2	825	final_output-4	4	2048	0	5.145388e-02	2.649739e-02	-0.0272556655,0.0117509328,0.00174553203,-0.00143656542	-0.0211562309,0.0110554621,0.00163978431,-0.00127126172
p4	2	826	linear_attn_out-4	4	1024	0	7.217920e-02	1.155760e-02	-0.127001241,-0.00847594813,0.00245629367,0.0223390609	-0.115443639,-0.00993847661,0.00247053197,0.0233718771
p4	2	827	attn_residual-4	4	1024	0	3.978733e-02	9.932518e-03	-0.805897772,0.0135374889,0.0614321008,0.0584854223	-0.795965254,0.0140259992,0.063703239,0.0601536334
p4	2	828	attn_post_norm-4	4	1024	0	4.581195e-02	1.721837e-01	-12.0453644,0.295687616,1.31962943,1.32284319	-11.9412193,0.307498783,1.37351274,1.36564302
p4	2	829	ffn_out-4	4	1024	0	7.734121e-02	8.235063e-03	-0.0101391897,-0.0220173504,-0.00978918746,-0.0296616852	-0.0183742531,-0.0218928345,-0.0112276515,-0.0328287706
p4	2	830	l_out-4	4	1024	0	4.007993e-02	7.181346e-03	-0.81603694,-0.00847986154,0.0516429134,0.0288237371	-0.814339519,-0.00786683522,0.0524755865,0.0273248628
p4	2	831	attn_norm-5	5	1024	0	4.365049e-02	2.166952e-01	-17.9184494,-0.250756741,1.42030537,0.892089009	-17.8948116,-0.232806399,1.44430637,0.846343994
p4	2	832	conv_output_silu-5	5	6144	0	1.884498e-02	3.827548e-02	0.119516663,-0.0180646125,0.0220067538,-0.163793743	0.127557904,-0.027933199,0.0233420935,-0.169473574
p4	2	833	q_conv_predelta-5	5	2048	0	3.326337e-02	2.229428e-02	0.0768497884,-0.0116156321,0.0141504481,-0.105320156	0.0809502602,-0.0177268479,0.0148132611,-0.107550606
p4	2	834	k_conv_predelta-5	5	2048	0	1.777053e-02	1.644412e-02	-0.0113886008,-0.00239177304,-0.275179833,0.0471387431	-0.0113255279,-0.00237150677,-0.276114315,0.047320798
p4	2	835	v_conv_predelta-5	5	2048	0	6.098719e-03	1.506722e-02	-0.0517397262,-0.0158953108,0.0228105877,0.00105127099	-0.0517344065,-0.0158448089,0.0230478626,0.00105499662
p4	2	836	a_softplus-5	5	16	0	2.499235e-02	2.023590e-02	0.150004312,0.0464086607,0.103089914,0.0111760097	0.145919621,0.0466255471,0.104715444,0.0112034762
p4	2	837	gate-5	5	16	0	3.301737e-02	1.777720e-02	-0.114563912,-0.00563000934,-0.0262696445,-0.004677088	-0.11144428,-0.0056563206,-0.026683867,-0.00468858285
p4	2	838	beta_sigmoid-5	5	16	0	4.099538e-03	5.737484e-03	0.975458562,0.67536658,0.886795163,0.677951396	0.975645542,0.678357959,0.887682736,0.679650426
p4	2	839	state_predelta-5	5	262144	21653	1.858453e-07	4.768372e-07	-1.49473738e-06,2.77657127e-05,-0.000689413107,8.43098678e-05	-1.49474295e-06,2.77656927e-05,-0.000689412118,8.43097441e-05
p4	2	840	new_state-5	5	262144	5	4.236551e-03	6.592236e-03	0.000586853654,0.000148288018,0.0135974139,-0.00235938886	0.000583659392,0.000147332787,0.0136453994,-0.00236883829
p4	2	841	attn_output-5	5	2048	0	1.800049e-02	8.637495e-04	-0.000235042884,-8.02426002e-05,8.82149179e-05,1.78783666e-05	-0.000231242448,-7.8918667e-05,8.74597026e-05,1.79378385e-05
p4	2	842	z-5	5	2048	0	2.928927e-02	1.497929e-01	1.34627819,1.35624397,0.137592167,1.75746822	1.40718699,1.36345243,0.107546076,1.82295465
p4	2	843	final_output-5	5	2048	0	5.652285e-02	6.595136e-02	-0.230522528,-0.0765380934,0.00607682392,0.0248558577	-0.240171701,-0.075846158,0.00464684237,0.0261316989
p4	2	844	linear_attn_out-5	5	1024	0	5.976618e-02	4.954595e-03	-0.117525734,0.00539549254,0.00317811035,0.0349283144	-0.113517195,0.00340039935,0.000879123807,0.0360261537
p4	2	845	attn_residual-5	5	1024	0	3.936595e-02	7.675357e-03	-0.933562696,-0.003084369,0.0548210219,0.0637520552	-0.927856684,-0.00446643587,0.0533547103,0.0633510202
p4	2	846	attn_post_norm-5	5	1024	0	4.730311e-02	1.488382e-01	-12.7750578,-0.0634444132,1.07107699,1.37991118	-12.7168198,-0.0920166448,1.04405785,1.37337387
p4	2	847	ffn_out-5	5	1024	0	8.097857e-02	7.701918e-03	0.143192843,0.0133825447,0.00733657647,-0.0147227701	0.135490924,0.0138717825,0.00758256298,-0.0138143823
p4	2	848	l_out-5	5	1024	0	3.953168e-02	8.630378e-03	-0.790369868,0.0102981757,0.0621575974,0.0490292832	-0.792365789,0.00940534659,0.0609372742,0.049536638
p4	2	849	attn_norm-6	6	1024	0	4.301548e-02	2.348120e-01	-16.6706181,0.281461865,1.64260626,1.41950846	-16.7048988,0.256939471,1.60960412,1.43352664
p4	2	850	conv_output_silu-6	6	6144	0	2.347545e-02	4.543984e-02	0.0268836692,-0.109166548,0.010444738,-0.199841782	0.0283263419,-0.111640915,0.010622385,-0.197906896
p4	2	851	q_conv_predelta-6	6	2048	0	3.561641e-02	2.452460e-02	0.016475305,-0.0669012964,0.00640092138,-0.122470424	0.0174078029,-0.0686083287,0.0065279305,-0.121622629
p4	2	852	k_conv_predelta-6	6	2048	0	1.909084e-02	2.157432e-02	-0.0185271036,0.00400366588,-0.0266050603,0.0559843257	-0.0185713973,0.00395987509,-0.0262675174,0.0561519451
p4	2	853	v_conv_predelta-6	6	2048	0	4.997151e-03	4.585819e-03	-0.00635687308,0.00382383866,-0.00223655091,-0.00205801963	-0.00638083229,0.00382092013,-0.00224593957,-0.00206406275
p4	2	854	a_softplus-6	6	16	0	1.046427e-02	2.171046e-02	0.549684227,0.0872110352,0.873370886,0.159713417	0.542608202,0.0878834799,0.852436006,0.160894483
p4	2	855	gate-6	6	16	0	1.870764e-02	1.157546e-02	-0.100104935,-0.0648097396,-0.266363084,-0.0885473415	-0.0988162905,-0.0653094575,-0.259978294,-0.0892021433
p4	2	856	beta_sigmoid-6	6	16	0	2.922210e-03	6.477952e-03	0.923564374,0.96645242,0.740914285,0.949472427	0.922211587,0.964914739,0.734436333,0.948011756
p4	2	857	state_predelta-6	6	262144	14834	2.410467e-07	4.768372e-07	5.58014435e-05,-5.24543684e-05,0.000128119354,-0.000154647554	5.58016036e-05,-5.24545285e-05,0.000128119718,-0.000154648005
p4	2	858	new_state-6	6	262144	0	6.610602e-03	5.047731e-03	0.000141244222,-6.70703594e-05,0.000246244599,-0.000414165319	0.000141791286,-6.69736546e-05,0.000245115487,-0.00041596801
p4	2	859	attn_output-6	6	2048	0	1.573339e-02	1.644385e-04	-4.31563676e-05,4.17210322e-05,-1.67432154e-05,-1.41184955e-05	-4.36018236e-05,4.18430573e-05,-1.69022642e-05,-1.42522558e-05
p4	2	860	z-6	6	2048	0	2.429129e-02	1.571010e-01	0.764813185,0.615757227,1.15117931,1.08153975	0.692905545,0.600277662,1.1960113,1.05161452
p4	2	861	final_output-6	6	2048	0	4.135914e-02	3.356370e-02	-0.0183359962,0.01560333,-0.0135410763,-0.0113664679	-0.0163840353,0.0151621336,-0.0143434098,-0.0110639147
p4	2	862	linear_attn_out-6	6	1024	0	4.464388e-02	5.322346e-03	0.114264369,0.00926351454,-0.0160053931,-0.0108964518	0.112323239,0.011130698,-0.0144458814,-0.00901880302
p4	2	863	attn_residual-6	6	1024	0	3.713177e-02	8.242274e-03	-0.676105499,0.0195616893,0.0461522043,0.0381328315	-0.680042565,0.0205360446,0.046491392,0.0405178368
p4	2	864	attn_post_norm-6	6	1024	0	3.967151e-02	1.464103e-01	-10.0837774,0.357385814,0.832357466,0.712779224	-10.1650429,0.376020938,0.840338528,0.759043336
p4	2	865	ffn_out-6	6	1024	0	6.217013e-02	9.672642e-03	0.183767825,0.0136220856,-0.0280249976,0.0370744355	0.193440467,0.0124181323,-0.0301368944,0.0372020714
p4	2	866	l_out-6	6	1024	0	3.772632e-02	9.672359e-03	-0.492337674,0.0331837758,0.0181272067,0.0752072632	-0.486602098,0.0329541788,0.0163544975,0.0777199119
p4	2	867	attn_norm-7	7	1024	0	3.637371e-02	1.872286e-01	-8.16299725,0.584665179,0.32982263,1.58962464	-8.12982845,0.58507669,0.299852461,1.65534282
p4	2	868	attn_pregate-7	7	2048	0	2.322827e-02	1.331902e-01	0.130815998,-0.151437744,0.922815919,-0.224278092	0.150607154,-0.156644583,0.89139688,-0.216737807
p4	2	869	attn_gated-7	7	2048	0	3.402114e-02	2.388695e-02	0.0266409144,-0.0392240472,0.279590189,-0.0364061669	0.0296947975,-0.0398431979,0.267064184,-0.0352983065
p4	2	870	attn_output-7	7	1024	0	5.114375e-02	4.276928e-03	-0.0750476941,-0.000687003136,0.00784670562,-0.0601437986	-0.076468803,-0.000347178895,0.00860664248,-0.0588778853
p4	2	871	attn_residual-7	7	1024	0	3.995295e-02	9.675076e-03	-0.567385375,0.0324967727,0.0259739123,0.0150634646	-0.563070893,0.0326070003,0.02496114,0.0188420266
p4	2	872	attn_post_norm-7	7	1024	0	4.319162e-02	1.817721e-01	-7.27478313,0.606748402,0.467632294,0.29264757	-7.2744875,0.613446474,0.45282349,0.368845969
p4	2	873	ffn_out-7	7	1024	0	6.922419e-02	7.649125e-03	-0.217620313,0.0290186368,0.0162972622,-0.0350139998	-0.21446079,0.027981732,0.0170113072,-0.0362216271
p4	2	874	l_out-7	7	1024	0	4.227486e-02	8.379040e-03	-0.785005689,0.0615154095,0.0422711745,-0.0199505351	-0.777531683,0.0605887324,0.0419724472,-0.0173796006
p4	2	875	attn_norm-8	8	1024	0	4.534030e-02	2.059527e-01	-15.8336172,1.46783888,0.915304482,-0.511552274	-15.7990236,1.45643532,0.915567517,-0.448931575
p4	2	876	conv_output_silu-8	8	6144	0	1.219098e-02	5.143809e-02	0.0114461072,-0.00995551888,0.00154008577,-0.0134663703	0.013714348,-0.0103654843,0.000998903299,-0.00719635515
p4	2	877	q_conv_predelta-8	8	2048	0	3.524330e-02	2.470885e-02	0.00681158435,-0.00592453498,0.000916505931,-0.00801384449	0.00823612511,-0.00622497173,0.000599889492,-0.00432175724
p4	2	878	k_conv_predelta-8	8	2048	0	2.636614e-02	2.346489e-02	0.0220129713,0.0825768039,0.0772805363,-0.0107841687	0.0225107465,0.0828396007,0.0781414434,-0.0103967134
p4	2	879	v_conv_predelta-8	8	2048	0	2.618696e-03	1.679516e-02	-0.0772742182,-0.0154847037,-0.0238032807,0.0538599826	-0.0796275884,-0.0154579226,-0.0234411675,0.0534550846
p4	2	880	a_softplus-8	8	16	0	5.133283e-02	7.539189e-02	0.280390203,0.0896735191,0.0067262426,0.0508012548	0.286649555,0.0970313996,0.00693556992,0.0512692071
p4	2	881	gate-8	8	16	0	4.267369e-02	2.730516e-02	-0.0984262154,-0.0254919585,-0.00200386764,-0.00766984234	-0.100623451,-0.0275836214,-0.00206622994,-0.00774049247
p4	2	882	beta_sigmoid-8	8	16	0	4.435939e-03	9.162843e-03	0.787186444,0.583560526,0.446135253,0.680851579	0.781759441,0.584104717,0.443965167,0.67987591
p4	2	883	state_predelta-8	8	262144	3	4.320684e-03	1.662493e-02	0.00319909491,-0.00759682897,0.00447117444,-0.00280695222	0.00322889793,-0.00756429369,0.00445192307,-0.00279682735
p4	2	884	new_state-8	8	262144	1	1.045924e-02	4.121757e-02	0.00140919338,-0.0124742277,-0.001178951,-0.00181387074	0.00136420806,-0.012564797,-0.00137418555,-0.00181063497
p4	2	885	attn_output-8	8	2048	0	7.413357e-03	5.944818e-04	-0.000110476198,-1.36163326e-05,-2.0674388e-05,6.19146085e-05	-0.000117567324,-1.44898004e-05,-2.16416247e-05,6.47488123e-05
p4	2	886	z-8	8	2048	0	2.087102e-02	1.849174e-01	-0.274884403,1.03046012,0.462452769,-0.11809057	-0.288477361,1.08474314,0.464722335,-0.11396119
p4	2	887	final_output-8	8	2048	0	4.217983e-02	4.071349e-02	0.0120839067,-0.0067375889,-0.00588240661,-0.00260043913	0.0133900056,-0.00765311439,-0.00619266462,-0.00262987008
p4	2	888	linear_attn_out-8	8	1024	0	6.561236e-02	3.645219e-03	0.168411642,-0.0495535061,0.0209092498,0.00407937542	0.168626308,-0.048348859,0.0206674822,0.00501203351
p4	2	889	attn_residual-8	8	1024	0	4.284849e-02	8.373909e-03	-0.616594076,0.0119619034,0.0631804243,-0.0158711597	-0.608905375,0.0122398734,0.0626399294,-0.012367567
p4	2	890	attn_post_norm-8	8	1024	0	4.773458e-02	1.693531e-01	-7.98927212,0.224778399,1.14651787,-0.327038944	-7.94257689,0.231544763,1.14433539,-0.256554008
p4	2	891	ffn_out-8	8	1024	0	7.222667e-02	5.970597e-03	0.0188042708,0.00215061475,-0.0104096401,0.0169384032	0.0135024814,0.000481145922,-0.0097222859,0.0178664401
p4	2	892	l_out-8	8	1024	0	4.259231e-02	6.997447e-03	-0.597789824,0.0141125182,0.052770786,0.00106724352	-0.595402896,0.0127210189,0.0529176444,0.00549887307
p4	2	893	attn_norm-9	9	1024	0	4.616204e-02	1.990445e-01	-11.6484776,0.334494174,1.23207438,0.0299465414	-11.6545992,0.302880764,1.24110806,0.154996738
p4	2	894	conv_output_silu-9	9	6144	0	2.177200e-02	4.289484e-02	0.0235578883,-0.162181526,-0.247162268,0.136633828	0.0218222365,-0.165641785,-0.247276306,0.128088832
p4	2	895	q_conv_predelta-9	9	2048	0	2.713114e-02	2.347058e-02	0.0165912118,-0.114220254,-0.174070001,0.0962276682	0.0153553411,-0.116554789,-0.173997387,0.0901304409
p4	2	896	k_conv_predelta-9	9	2048	0	2.610732e-02	2.752319e-02	-0.104457244,-0.0233511794,-0.17461662,-0.00713434909	-0.102597289,-0.0232798681,-0.173394382,-0.00539460126
p4	2	897	v_conv_predelta-9	9	2048	0	1.293351e-02	1.595762e-02	-0.00235851156,0.0197247081,0.0126298731,-0.0195243359	-0.00185669423,0.0200416204,0.0122033395,-0.0196204241
p4	2	898	a_softplus-9	9	16	0	2.022857e-02	2.582121e-02	0.0106503423,0.00269799726,0.146946445,0.111496188	0.0105444212,0.00279714493,0.143119738,0.102637097
p4	2	899	gate-9	9	16	0	2.145898e-02	7.692605e-03	-0.00431996956,-0.000367998029,-0.049996011,-0.0206247214	-0.00427700579,-0.000381521444,-0.0486940406,-0.018985955
p4	2	900	beta_sigmoid-9	9	16	0	1.392170e-02	1.952261e-02	0.941923201,0.308716387,0.575491548,0.244720683	0.942248762,0.303087741,0.568177819,0.23332648
p4	2	901	state_predelta-9	9	262144	0	7.250492e-03	9.993315e-03	-0.000868412142,-0.000613930053,-0.000474657078,5.08167432e-05	-0.000868939678,-0.000614166609,-0.000474605506,5.08203484e-05
p4	2	902	new_state-9	9	262144	0	1.146107e-02	1.298857e-02	-0.000356518314,-0.000497687724,0.00037684181,8.53039674e-05	-0.00041554129,-0.00050950842,0.000287417643,7.42483026e-05
p4	2	903	attn_output-9	9	2048	0	3.323700e-02	1.869195e-04	1.31793684e-06,8.56285405e-05,6.06768226e-05,-0.000111885238	3.59477508e-06,8.66230184e-05,5.83508445e-05,-0.000111549001
p4	2	904	z-9	9	2048	0	1.968085e-02	1.474279e-01	-0.254867196,0.264769107,-0.489326179,0.554365695	-0.269768327,0.263117433,-0.485994399,0.55059123
p4	2	905	final_output-9	9	2048	0	5.423335e-02	2.885742e-02	-0.000158980183,0.0131941913,-0.0120077943,-0.0386629924	-0.000455142523,0.0132548939,-0.0114927748,-0.0382323079
p4	2	906	linear_attn_out-9	9	1024	0	6.389398e-02	3.422659e-03	0.0356797688,0.0110964449,-0.00651529711,-0.00335563649	0.0370770544,0.00963644683,-0.00535851857,-0.00341838691
p4	2	907	attn_residual-9	9	1024	0	4.368899e-02	7.756787e-03	-0.562110066,0.0252089631,0.0462554879,-0.00228839298	-0.558325827,0.0223574657,0.0475591272,0.00208048616
p4	2	908	attn_post_norm-9	9	1024	0	4.895994e-02	1.688479e-01	-7.64634037,0.480260223,0.850844741,-0.0493041836	-7.63863754,0.428390801,0.87986666,0.0450831205
p4	2	909	ffn_out-9	9	1024	0	8.522559e-02	1.354354e-02	-0.12377093,-0.00331624225,-0.00263236463,-0.0175874289	-0.137314469,-0.000756321475,-0.00321332831,-0.0187330637
p4	2	910	l_out-9	9	1024	0	4.450327e-02	9.759307e-03	-0.685881019,0.0218927208,0.0436231233,-0.0198758226	-0.695640326,0.0216011442,0.0443457998,-0.0166525766
p4	2	911	attn_norm-10	10	1024	0	4.782864e-02	2.136183e-01	-14.332119,0.476625651,1.01537311,-0.498805851	-14.5457373,0.470591217,1.03288221,-0.418193489
p4	2	912	conv_output_silu-10	10	6144	0	2.607951e-02	9.573269e-02	-0.0027794065,-0.00585737964,-0.0065138014,-0.0338060968	-0.00326808495,-0.00542290369,-0.00673824316,-0.0308308359
p4	2	913	q_conv_predelta-10	10	2048	0	2.668800e-02	2.052566e-02	-0.00796053372,-0.0167761948,-0.0186562613,-0.0968244672	-0.00938981585,-0.0155810118,-0.0193602275,-0.0885827318
p4	2	914	k_conv_predelta-10	10	2048	0	2.856900e-02	2.104120e-02	-0.0100482227,0.0662622228,0.233072132,0.00383541035	-0.014516362,0.0696278885,0.235559598,0.00505527109
p4	2	915	v_conv_predelta-10	10	2048	0	2.427472e-02	8.835062e-03	0.00928807165,0.00585906859,-0.00456026196,0.000693610404	0.0100562787,0.00581822218,-0.00573910959,0.000789012178
p4	2	916	a_softplus-10	10	16	0	3.775612e-03	1.085758e-02	0.0540232025,0.000914393924,3.73865986,0.0773754641	0.0547756627,0.000907009642,3.72960854,0.0784552693
p4	2	917	gate-10	10	16	0	4.152960e-03	3.963202e-03	-0.0413402058,-0.00530324364,-1.15818274,-0.015843071	-0.041916009,-0.00526041677,-1.15537882,-0.016064167
p4	2	918	beta_sigmoid-10	10	16	0	4.380794e-03	7.463992e-03	0.764728785,0.570638955,0.956331193,0.764530838	0.759631693,0.563174963,0.956750572,0.76511693
p4	2	919	state_predelta-10	10	262144	1	1.185054e-02	5.867615e-03	-0.000777986657,0.00186613528,0.00325596263,0.000378815021	-0.0007569273,0.00184215955,0.0032564979,0.000375202217
p4	2	920	new_state-10	10	262144	0	2.126380e-02	4.897147e-03	-0.00074633176,0.00178958266,0.00312066101,0.000363417348	-0.000732685847,0.00179930043,0.00323365396,0.000362178864
p4	2	921	attn_output-10	10	2048	0	2.118202e-02	5.477644e-05	-2.55779669e-05,1.06667458e-05,2.48605647e-05,4.71072099e-06	-2.41016114e-05,1.1619245e-05,2.14173051e-05,5.50246796e-06
p4	2	922	z-10	10	2048	0	1.701416e-02	1.390710e-01	2.31479931,0.503755093,0.776431322,0.964372337	2.30420589,0.495015919,0.780526757,0.948044419
p4	2	923	final_output-10	10	2048	0	5.860056e-02	2.164162e-02	-0.0483505726,0.00357257342,0.012862538,0.00335885584	-0.0453080274,0.00381148816,0.0111538814,0.00383952819
p4	2	924	linear_attn_out-10	10	1024	0	6.894141e-02	8.780569e-03	0.11572367,0.0052132206,0.00322291045,-0.00328697963	0.124504238,0.00515627954,0.00416376814,-0.0058886786
p4	2	925	attn_residual-10	10	1024	0	4.373362e-02	7.792324e-03	-0.570157349,0.0271059424,0.0468460321,-0.0231628027	-0.571136117,0.0267574228,0.048509568,-0.0225412548
p4	2	926	attn_post_norm-10	10	1024	0	4.777814e-02	1.637925e-01	-9.02415085,0.529592633,0.91233319,-0.482030213	-9.06677818,0.52435261,0.947566688,-0.470503628
p4	2	927	ffn_out-10	10	1024	0	6.692832e-02	5.197842e-03	0.149418831,-0.00630713115,0.00743097113,0.0111440923	0.150086239,-0.0090190582,0.00988240074,0.0120469797
p4	2	928	l_out-10	10	1024	0	4.387055e-02	8.128814e-03	-0.420738518,0.0207988117,0.0542770028,-0.0120187104	-0.421049893,0.0177383646,0.0583919697,-0.010494275
p4	2	929	attn_norm-11	11	1024	0	4.454970e-02	1.915319e-01	-7.76579285,0.400407284,1.11590028,-0.272468507	-7.8060298,0.343004733,1.20582891,-0.238964811
p4	2	930	attn_pregate-11	11	2048	0	2.914235e-02	6.462679e-01	0.24328813,0.111819759,0.145025834,-0.0890625194	0.238222733,0.110339738,0.144995421,-0.0820897594
p4	2	931	attn_gated-11	11	2048	0	3.059148e-02	1.294668e-02	0.0111996774,0.00645518256,0.00864079222,-0.00458597159	0.0112997014,0.00650640624,0.00888970215,-0.00430646678
p4	2	932	attn_output-11	11	1024	0	6.767406e-02	2.996832e-03	-0.0864105076,-0.000324540772,-0.00306666084,-0.0276822746	-0.0865474045,-0.000772595406,-0.00313855335,-0.0265306775
p4	2	933	attn_residual-11	11	1024	0	4.516254e-02	8.202024e-03	-0.507149041,0.02047427,0.0512103438,-0.039700985	-0.507597327,0.0169657692,0.0552534163,-0.0370249525
p4	2	934	attn_post_norm-11	11	1024	0	4.945368e-02	1.698738e-01	-7.45052719,0.426724017,1.01847744,-0.850096941	-7.48053265,0.354710519,1.10233784,-0.795286298
p4	2	935	ffn_out-11	11	1024	0	6.995217e-02	6.102745e-03	-0.191261679,0.00711782416,-0.0198731683,0.0399247035	-0.187575489,0.00794649869,-0.0182298217,0.0367415398
p4	2	936	l_out-11	11	1024	0	4.623572e-02	1.214325e-02	-0.698410749,0.0275920946,0.0313371755,0.000223718584	-0.695172787,0.0249122679,0.0370235965,-0.000283412635
p4	2	937	attn_norm-12	12	1024	0	4.976989e-02	3.347219e-01	-14.9838123,0.667881966,0.790271521,0.0060269949	-14.9775581,0.605571032,0.937630832,-0.00766751729
p4	2	938	conv_output_silu-12	12	6144	0	3.176017e-02	8.952522e-02	0.0165292583,0.0857984051,0.00193813932,-0.0628496334	0.0145013845,0.0890716165,-0.000287106697,-0.0551252924
p4	2	939	q_conv_predelta-12	12	2048	0	3.237368e-02	2.220144e-02	0.00765481871,0.0397338606,0.000897566264,-0.0291061178	0.00680000335,0.0417675488,-0.000134630347,-0.0258494057
p4	2	940	k_conv_predelta-12	12	2048	0	3.029517e-02	2.502018e-02	0.0269389041,-0.00693112705,0.00928566046,0.0185660124	0.0260589458,-0.00694403658,0.00943058543,0.0184734687
p4	2	941	v_conv_predelta-12	12	2048	0	1.237737e-02	2.042109e-02	-0.0202664584,0.012946046,0.00913448073,-0.0147927813	-0.020457387,0.0129154855,0.0093437871,-0.0148217101
p4	2	942	a_softplus-12	12	16	0	3.105530e-02	1.501438e-02	0.00201153965,0.105921522,0.00329368701,0.00484127225	0.00185020361,0.10632398,0.00322631537,0.00440887827
p4	2	943	gate-12	12	16	0	3.113236e-02	1.423618e-02	-0.000405488769,-0.062511757,-0.000341769948,-0.00137625367	-0.00037296646,-0.0627492741,-0.000334779121,-0.00125333481
p4	2	944	beta_sigmoid-12	12	16	0	1.213544e-02	2.621710e-02	0.785927534,0.943372607,0.416788667,0.422652572	0.782691121,0.943213105,0.419427633,0.416200697
p4	2	945	state_predelta-12	12	262144	3	4.936870e-03	1.112938e-02	-6.46196931e-05,-3.65318692e-06,-7.46387786e-06,-1.37063562e-05	-6.67156492e-05,-3.58601073e-06,-7.43666487e-06,-1.41776964e-05
p4	2	946	new_state-12	12	262144	0	1.007329e-02	3.790548e-02	-0.000456828275,9.72666094e-05,-0.000142661564,-0.000284024922	-0.000448400038,9.81309931e-05,-0.000145572325,-0.000284770242
p4	2	947	attn_output-12	12	2048	0	4.181168e-03	3.170818e-04	-6.19776911e-05,4.10973917e-05,2.44267867e-05,-4.10899738e-05	-6.23014203e-05,4.09830245e-05,2.48595152e-05,-4.10158827e-05
p4	2	948	z-12	12	2048	0	2.451666e-02	2.242308e-01	-0.59115392,-0.150652796,-0.541525126,-0.408674687	-0.545607984,-0.12509343,-0.493098319,-0.38235715
p4	2	949	final_output-12	12	2048	0	5.025032e-02	4.107009e-02	0.0101066325,-0.00232649501,-0.00312014087,0.00536685297	0.00965481997,-0.00195321022,-0.00298098312,0.00509243319
p4	2	950	linear_attn_out-12	12	1024	0	8.200518e-02	3.989048e-03	0.0803230405,-0.0104939239,0.0206487123,-0.00938664842	0.0763339922,-0.0106731029,0.0217208564,-0.00779821072
p4	2	951	attn_residual-12	12	1024	0	4.663194e-02	1.196444e-02	-0.618087709,0.0170981698,0.0519858897,-0.00916292984	-0.618838787,0.014239165,0.0587444529,-0.00808162335
p4	2	952	attn_post_norm-12	12	1024	0	5.073510e-02	2.314668e-01	-8.44555092,0.361486316,1.00542474,-0.189827845	-8.49051476,0.302277148,1.1408,-0.168113545
p4	2	953	ffn_out-12	12	1024	0	8.204977e-02	5.714954e-03	0.0715295821,-0.00958773866,-0.00342456624,0.0100697353	0.0739271641,-0.0106655564,-0.00300067756,0.00993870199
p4	2	954	l_out-12	12	1024	0	4.913500e-02	1.292874e-02	-0.546558142,0.00751043111,0.0485613234,0.000906805508	-0.544911623,0.00357360858,0.0557437763,0.00185707863
p4	2	955	attn_norm-13	13	1024	0	5.306390e-02	3.529283e-01	-11.6887207,0.182069153,1.19922042,0.024951892	-11.7132998,0.087076515,1.38365376,0.0513620302
p4	2	956	conv_output_silu-13	13	6144	0	2.887993e-02	1.004038e-01	-0.105130233,-0.115855984,0.0191043187,-0.0323795937	-0.112699993,-0.121095881,0.0193926208,-0.0325994939
p4	2	957	q_conv_predelta-13	13	2048	0	3.484573e-02	1.874743e-02	-0.0583638735,-0.0643183589,0.0106059127,-0.0179757867	-0.0623899661,-0.067037873,0.0107356254,-0.0180468634
p4	2	958	k_conv_predelta-13	13	2048	0	3.381988e-02	1.852694e-02	-0.00490562851,0.019693749,-0.0833955184,-0.302124232	-0.0053855069,0.0228026006,-0.0834167153,-0.301674902
p4	2	959	v_conv_predelta-13	13	2048	0	4.319585e-02	7.022330e-02	-0.00292080664,0.00279587414,0.00280566234,-0.00235394505	-0.00360955787,0.0024365834,0.00273719779,-0.00241740118
p4	2	960	a_softplus-13	13	16	0	2.654637e-02	4.531217e-02	0.102285787,0.403594464,0.980053723,0.110541806	0.0976398662,0.412758529,1.01642179,0.109726243
p4	2	961	gate-13	13	16	0	3.199086e-02	1.828700e-02	-0.0275298469,-0.464534402,-0.492801964,-0.0264619086	-0.0262794141,-0.475082159,-0.511088967,-0.0262666754
p4	2	962	beta_sigmoid-13	13	16	0	7.360045e-03	1.613128e-02	0.872726977,0.946857452,0.668776155,0.914213002	0.878554702,0.94826144,0.671644628,0.916734636
p4	2	963	state_predelta-13	13	262144	1	1.159368e-02	4.425474e-03	3.0004443e-05,-9.41060534e-06,-2.0328258e-05,4.19820281e-05	2.91859251e-05,-9.12267842e-06,-1.97450645e-05,4.05087521e-05
p4	2	964	new_state-13	13	262144	0	3.948717e-02	2.813387e-02	4.08341803e-05,-5.59021064e-05,0.000178179631,0.00075799413	4.45863552e-05,-7.72977219e-05,0.000231031314,0.000944533735
p4	2	965	attn_output-13	13	2048	0	3.322870e-02	8.361111e-05	-1.56770966e-05,8.6619275e-06,1.67140879e-05,-1.27712665e-05	-1.88384438e-05,7.54863458e-06,1.57323047e-05,-1.27778676e-05
p4	2	966	z-13	13	2048	0	2.813827e-02	1.664660e-01	-0.011212796,0.556319118,0.0989540964,0.722174108	0.0104624331,0.544600248,0.0674038082,0.728302598
p4	2	967	final_output-13	13	2048	0	6.247192e-02	3.641790e-02	9.20579478e-05,0.00324986293,0.000915157667,-0.00639425125	-0.000104391976,0.00276192115,0.00057821587,-0.00646773819
p4	2	968	linear_attn_out-13	13	1024	0	7.026356e-02	4.290177e-03	-0.0758028924,-0.0175244808,0.0221194383,-0.00163601991	-0.0718669444,-0.016470544,0.0214072932,-0.00162721938
p4	2	969	attn_residual-13	13	1024	0	4.936094e-02	1.375095e-02	-0.622361064,-0.0100140497,0.0706807598,-0.0007292144	-0.616778553,-0.0128969355,0.0771510676,0.000229859259
p4	2	970	attn_post_norm-13	13	1024	0	5.283771e-02	2.716004e-01	-8.74206829,-0.212734967,1.38574612,-0.0142485034	-8.70761013,-0.275368065,1.52027547,0.00451412844
p4	2	971	ffn_out-13	13	1024	0	8.066532e-02	8.458324e-03	0.0384963676,0.0245229304,0.0302531756,0.0350153893	0.0314720273,0.0243949965,0.0292950347,0.0337594487
p4	2	972	l_out-13	13	1024	0	4.866456e-02	1.330583e-02	-0.583864689,0.0145088807,0.100933939,0.0342861749	-0.585306525,0.011498061,0.106446102,0.0339893065
p4	2	973	attn_norm-14	14	1024	0	5.117529e-02	3.334656e-01	-11.4661684,0.321674138,2.07702994,0.819130898	-11.5164614,0.255409181,2.19464827,0.813591063
p4	2	974	conv_output_silu-14	14	6144	0	2.223321e-02	6.687713e-02	0.18725732,0.0115184309,-0.16743733,-0.112737738	0.195659101,0.0139347231,-0.170556739,-0.126304016
p4	2	975	q_conv_predelta-14	14	2048	0	3.371150e-02	3.164752e-02	0.0548346676,0.00337294862,-0.0490307659,-0.0330130532	0.0580112562,0.00413152669,-0.0505686179,-0.0374480635
p4	2	976	k_conv_predelta-14	14	2048	0	3.891850e-02	2.775222e-02	-0.00133542519,-0.043479085,0.0147685567,-0.0163401086	-2.13714629e-05,-0.0429287665,0.0125738857,-0.0141952643
p4	2	977	v_conv_predelta-14	14	2048	0	1.972862e-02	3.509153e-02	-0.00040607003,0.013618106,0.0168217681,-0.015629366	-0.00172196201,0.0138675841,0.016438501,-0.0146413054
p4	2	978	a_softplus-14	14	16	0	1.977979e-02	1.752359e-02	0.117821924,0.0480806269,0.202856496,0.00173561077	0.122617796,0.0475089923,0.209333837,0.00173382566
p4	2	979	gate-14	14	16	0	2.219874e-02	7.025063e-03	-0.0370743126,-0.00803507864,-0.134867877,-0.00522221625	-0.0385833979,-0.00793954916,-0.139174297,-0.00521684485
p4	2	980	beta_sigmoid-14	14	16	0	8.695099e-03	1.947111e-02	0.565374494,0.440191776,0.90384531,0.756937325	0.584845603,0.443504244,0.905957043,0.761494696
p4	2	981	state_predelta-14	14	262144	0	2.082883e-02	1.948908e-02	1.8177243e-05,0.0003916313,-9.66797325e-06,3.76012531e-06	1.84724631e-05,0.000407707994,-9.84046619e-06,3.4269267e-06
p4	2	982	new_state-14	14	262144	0	2.736138e-02	1.913706e-02	1.83667162e-05,0.000405086175,-1.87278492e-05,1.40365428e-05	1.78043374e-05,0.000454608467,-2.77250219e-05,2.39084293e-05
p4	2	983	attn_output-14	14	2048	0	2.037089e-02	2.351389e-04	9.9034412e-07,1.12558319e-05,2.21310597e-06,3.47403193e-06	6.33441118e-07,1.09434031e-05,2.46249419e-06,2.99412204e-06
p4	2	984	z-14	14	2048	0	2.498660e-02	2.204237e-01	-1.27327323,-1.03229558,0.0758982301,0.692075133	-1.29662514,-0.939390421,0.0628221333,0.778512537
p4	2	985	final_output-14	14	2048	0	5.133995e-02	3.445986e-02	-0.000286853319,-0.00302009005,8.6723463e-05,0.00145058928	-0.000183648168,-0.00286204973,7.9452424e-05,0.0014478215
p4	2	986	linear_attn_out-14	14	1024	0	5.960119e-02	8.189961e-03	0.156393379,0.0148842111,0.0160435345,0.00126658566	0.16458334,0.0165532231,0.0176347848,0.000331521034
p4	2	987	attn_residual-14	14	1024	0	4.858607e-02	1.392344e-02	-0.42747131,0.0293930918,0.116977476,0.0355527624	-0.4207232,0.0280512832,0.124080889,0.0343208276
p4	2	988	attn_post_norm-14	14	1024	0	4.895876e-02	2.395825e-01	-5.88912058,0.567919791,2.12088251,0.625544012	-5.81707478,0.54395026,2.25779223,0.606047988
p4	2	989	ffn_out-14	14	1024	0	6.671896e-02	8.093970e-03	0.1624524,-0.0946649015,-0.0192567762,-0.0196772646	0.158160776,-0.0957617536,-0.0165452287,-0.0145851253
p4	2	990	l_out-14	14	1024	0	4.456829e-02	1.455016e-02	-0.26501891,-0.0652718097,0.0977206975,0.0158754978	-0.262562424,-0.0677104741,0.10753566,0.0197357014
p4	2	991	attn_norm-15	15	1024	0	4.347250e-02	2.375758e-01	-3.49177742,-0.961220443,1.43594134,0.231955707	-3.4681654,-0.999656379,1.58416402,0.289086461
p4	2	992	attn_pregate-15	15	2048	0	3.263581e-02	1.052233e+00	-0.0314089395,0.0655925125,-0.0501714572,0.0967820212	-0.0408708975,0.0702404231,-0.0451553166,0.0988661945
p4	2	993	attn_gated-15	15	2048	0	3.550002e-02	2.962428e-02	-0.00178475783,0.00797235593,-0.000566755829,0.0236773044	-0.00230566389,0.00838286243,-0.000503557792,0.0234520603
p4	2	994	attn_output-15	15	1024	0	6.636870e-02	4.955925e-03	-0.168152869,0.00174214318,-0.0238927379,0.00865536183	-0.172741085,0.00384503603,-0.0238914378,0.00814459473
p4	2	995	attn_residual-15	15	1024	0	4.720265e-02	1.496303e-02	-0.433171779,-0.0635296702,0.0738279596,0.0245308597	-0.435303509,-0.0638654381,0.0836442262,0.0278802961
p4	2	996	attn_post_norm-15	15	1024	0	4.802724e-02	2.383768e-01	-4.77176237,-1.10660303,1.22643209,0.378134608	-4.81053162,-1.11599791,1.3939296,0.431135029
p4	2	997	ffn_out-15	15	1024	0	7.143434e-02	1.326428e-02	-0.218314514,-0.00250424445,-0.0423772819,0.0601055548	-0.20505023,-0.000298961997,-0.0407506935,0.05493211
p4	2	998	l_out-15	15	1024	0	4.798726e-02	1.751412e-02	-0.651486278,-0.0660339147,0.0314506777,0.0846364126	-0.640353739,-0.0641644001,0.0428935327,0.0828124061
p4	2	999	attn_norm-16	16	1024	0	4.987353e-02	3.334455e-01	-8.73271275,-1.27307332,0.505050659,1.52268088	-8.61785316,-1.24198329,0.691563368,1.49583018
p4	2	1000	conv_output_silu-16	16	6144	0	2.475317e-02	1.226039e-01	-0.257070005,0.133789331,-0.128052205,-0.156325147	-0.253339559,0.129552111,-0.131518796,-0.157965004
p4	2	1001	q_conv_predelta-16	16	2048	0	3.025639e-02	3.030431e-02	-0.0193960294,0.0100944554,-0.00966158696,-0.0117947916	-0.0192831475,0.00986096449,-0.0100106606,-0.0120236352
p4	2	1002	k_conv_predelta-16	16	2048	0	3.635824e-02	4.432398e-02	0.044448223,0.118444182,-0.047170803,-0.0965851471	0.0421543866,0.116558559,-0.0477410406,-0.0956915617
p4	2	1003	v_conv_predelta-16	16	2048	0	2.095912e-02	8.117509e-02	-0.158634007,-0.0176261831,0.441918641,0.0923589543	-0.158219561,-0.0168725587,0.428063601,0.093469277
p4	2	1004	a_softplus-16	16	16	0	4.063265e-02	4.930216e-02	0.00145782018,0.180394515,0.00734012946,0.245699793	0.00144746399,0.181665525,0.00767532317,0.238457859
p4	2	1005	gate-16	16	16	0	2.618262e-02	1.143903e-02	-0.000296174141,-0.0731712431,-0.000876653474,-0.0531363077	-0.000294070167,-0.073686786,-0.000916686666,-0.0515701286
p4	2	1006	beta_sigmoid-16	16	16	0	7.843316e-03	1.405352e-02	0.805077136,0.887800813,0.783681571,0.782883763	0.806094289,0.887923539,0.784067333,0.783798754
p4	2	1007	state_predelta-16	16	262144	1	1.702285e-02	2.139288e-02	-0.0145352287,0.00769840926,-0.00240373937,0.00255917106	-0.0145453149,0.00773053989,-0.00242245616,0.00264372095
p4	2	1008	new_state-16	16	262144	0	1.986960e-02	2.171841e-02	-0.0168244801,0.0015843343,3.10160685e-05,0.00754226837	-0.0166945085,0.00177383469,1.71228312e-05,0.00753137842
p4	2	1009	attn_output-16	16	2048	0	2.050827e-02	1.469538e-03	-0.00156013819,-0.000101508107,0.00439517479,0.000678808836	-0.00157145376,-9.62151244e-05,0.00433143042,0.000690741057
p4	2	1010	z-16	16	2048	0	2.828273e-02	2.473135e-01	0.117566749,0.255422056,0.194048524,0.335650623	0.11787279,0.30979532,0.161749125,0.344231963
p4	2	1011	final_output-16	16	2048	0	4.384655e-02	1.193879e-01	-0.0347917974,-0.00541523146,0.193549022,0.0483615436	-0.0349276215,-0.00633414276,0.155721396,0.0503435023
p4	2	1012	linear_attn_out-16	16	1024	0	6.720923e-02	1.040060e-02	-0.116830692,-0.00285965577,-0.0359233655,0.0260574073	-0.122140452,-0.00115609169,-0.0337403119,0.0323226303
p4	2	1013	attn_residual-16	16	1024	0	4.866542e-02	1.711959e-02	-0.768316984,-0.0688935667,-0.00447268784,0.11069382	-0.762494206,-0.0653204918,0.0091532208,0.115135036
p4	2	1014	attn_post_norm-16	16	1024	0	5.080678e-02	2.331625e-01	-6.34453297,-0.957866848,-0.0608688407,1.25862157	-6.33928156,-0.914366186,0.125413612,1.31802475
p4	2	1015	ffn_out-16	16	1024	0	5.640308e-02	1.300207e-02	0.0906277895,-0.0317195505,0.108013719,-0.0184072256	0.0992888212,-0.0380006358,0.107728913,-0.0231183618
p4	2	1016	l_out-16	16	1024	0	4.552225e-02	1.785986e-02	-0.677689195,-0.100613117,0.103541031,0.0922865942	-0.663205385,-0.103321128,0.116882131,0.0920166746
p4	2	1017	attn_norm-17	17	1024	0	4.637592e-02	2.582346e-01	-7.3685708,-1.47075152,1.41491556,1.22777379	-7.2317543,-1.5146656,1.60180283,1.22769129
p4	2	1018	conv_output_silu-17	17	6144	0	1.760752e-02	1.958179e-01	-0.183725893,-0.135530204,-0.271109819,-0.0312607326	-0.180594534,-0.134380132,-0.269551873,-0.0327145234
p4	2	1019	q_conv_predelta-17	17	2048	0	2.808729e-02	2.059346e-02	-0.0296716504,-0.0218880679,-0.0437841155,-0.00504859444	-0.0294436235,-0.0219089575,-0.0439469777,-0.00533368345
p4	2	1020	k_conv_predelta-17	17	2048	0	3.252812e-02	2.406976e-02	-0.0269460995,-0.0839269608,-0.00844116136,-0.0343623608	-0.0263466332,-0.0829883441,-0.00765086384,-0.0340673812
p4	2	1021	v_conv_predelta-17	17	2048	0	2.269455e-02	6.463909e-02	-0.27805689,-0.229758814,-0.0168499555,-0.209899157	-0.278266907,-0.226256743,-0.0125736436,-0.211874947
p4	2	1022	a_softplus-17	17	16	0	4.183140e-02	2.189702e-02	0.00214965385,0.00295428722,0.140294492,0.4304097	0.00249360781,0.00315584941,0.126233131,0.408512682
p4	2	1023	gate-17	17	16	0	4.456592e-02	7.626757e-03	-0.000506614102,-0.000764674507,-0.0354720019,-0.149912238	-0.000587674556,-0.000816845917,-0.0319167338,-0.142285481
p4	2	1024	beta_sigmoid-17	17	16	0	7.053090e-03	1.944855e-02	0.918038726,0.680204451,0.793744922,0.958940268	0.91656357,0.684310257,0.784391344,0.959077537
p4	2	1025	state_predelta-17	17	262144	1	1.820667e-02	4.195404e-02	-0.00324089639,0.0181409232,0.00676389271,0.00802294351	-0.00324764126,0.0184666999,0.00668068463,0.00795980077
p4	2	1026	new_state-17	17	262144	0	2.286838e-02	3.964055e-02	0.00101308851,0.031376183,0.00809255987,0.0134415785	0.00088705821,0.0314735845,0.00787689164,0.0132990098
p4	2	1027	attn_output-17	17	2048	0	1.854166e-02	2.623379e-03	-0.000845873496,-0.000640196609,-3.54436343e-05,-0.000665540923	-0.000833631202,-0.000620301522,-2.29098423e-05,-0.000660227495
p4	2	1028	z-17	17	2048	0	2.908361e-02	2.356790e-01	0.570047498,0.219860822,-0.514260232,-1.13524842	0.564625621,0.200144544,-0.529017866,-1.09100389
p4	2	1029	final_output-17	17	2048	0	5.404102e-02	1.280247e-01	-0.163150176,-0.0457597561,0.00276724738,0.0958671644	-0.159579381,-0.0401660278,0.0018302924,0.0948660001
p4	2	1030	linear_attn_out-17	17	1024	0	7.179245e-02	9.283781e-03	-0.10068132,0.00350487977,0.0369194075,-0.0292504411	-0.109965101,0.00415071473,0.0359067805,-0.028890837
p4	2	1031	attn_residual-17	17	1024	0	4.592890e-02	1.875377e-02	-0.7783705,-0.0971082374,0.140460432,0.0630361512	-0.773170471,-0.0991704166,0.152788907,0.0631258339
p4	2	1032	attn_post_norm-17	17	1024	0	4.774219e-02	2.013261e-01	-4.9206748,-1.07658494,1.50252938,0.592841923	-4.90219975,-1.10268593,1.63922393,0.595434189
p4	2	1033	ffn_out-17	17	1024	0	6.637811e-02	1.051169e-02	0.212986931,0.0217025429,-0.0480871536,0.0155089488	0.222185284,0.0232001822,-0.050975401,0.0135909235
p4	2	1034	l_out-17	17	1024	0	4.679537e-02	2.381755e-02	-0.565383554,-0.0754056945,0.0923732817,0.078545101	-0.550985217,-0.0759702325,0.10181351,0.0767167583
p4	2	1035	attn_norm-18	18	1024	0	4.666825e-02	2.984085e-01	-5.864501,-1.02920926,1.21337986,1.00327647	-5.73603344,-1.04070318,1.34226918,0.983502686
p4	2	1036	conv_output_silu-18	18	6144	0	2.023565e-02	2.299547e-01	-0.158320308,0.0121451374,-0.157668203,-0.277193427	-0.16989629,0.0447215438,-0.161051452,-0.278144509
p4	2	1037	q_conv_predelta-18	18	2048	0	3.027171e-02	2.224238e-02	-0.0433090478,0.00332234288,-0.0431306623,-0.0758271813	-0.0470243581,0.0123781506,-0.0445762575,-0.0769855976
p4	2	1038	k_conv_predelta-18	18	2048	0	2.982581e-02	1.850235e-02	-0.0963767469,-0.104793742,-0.0266777743,0.0583896674	-0.096246317,-0.104652666,-0.0263935886,0.0550055318
p4	2	1039	v_conv_predelta-18	18	2048	0	2.001521e-02	6.079578e-02	0.0837393552,-0.203468069,-0.00434926758,-0.180537939	0.0801030323,-0.187197611,-0.00687709078,-0.175317749
p4	2	1040	a_softplus-18	18	16	0	1.009076e-02	3.512454e-02	0.000565726426,3.1443162,0.0022816835,1.27555454	0.000554646191,3.13662052,0.0021320486,1.26192403
p4	2	1041	gate-18	18	16	0	7.974178e-03	5.824223e-03	-0.000235829852,-0.633835316,-0.000679754245,-0.343310863	-0.000231210928,-0.632284045,-0.000635175325,-0.339642256
p4	2	1042	beta_sigmoid-18	18	16	0	3.649066e-03	5.350173e-03	0.801172316,0.924152315,0.0992730558,0.935258448	0.802447498,0.925350308,0.101992719,0.935374439
p4	2	1043	state_predelta-18	18	262144	1	1.658198e-02	5.917549e-02	-0.000448596431,-0.0108828992,-0.00828475133,-0.000740527874	-0.00047979434,-0.0108357621,-0.00823008269,-0.000728191633
p4	2	1044	new_state-18	18	262144	1	2.047813e-02	7.463026e-02	0.000462969707,-0.00988927111,-0.0080304984,-0.00129255978	0.000607028254,-0.00965162925,-0.00793017168,-0.00134908757
p4	2	1045	attn_output-18	18	2048	0	1.915554e-02	2.387360e-03	0.00466427393,-0.00723294029,-0.000465872727,-0.00684036966	0.00457475986,-0.00690667424,-0.000532084377,-0.00672902493
p4	2	1046	z-18	18	2048	0	2.754082e-02	2.214468e-01	-3.14824533,-0.532201409,-0.580797553,-0.323776245	-3.29586363,-0.545399189,-0.563245296,-0.257586956
p4	2	1047	final_output-18	18	2048	0	5.449601e-02	5.219030e-02	-0.0320558362,0.0883727819,0.00550074596,0.0501336269	-0.0286633763,0.0860748217,0.00618393999,0.040898975
p4	2	1048	linear_attn_out-18	18	1024	0	6.931238e-02	7.557560e-03	-0.420760721,0.0294807348,0.0182042159,-0.0465713926	-0.41996786,0.0306371022,0.0153739043,-0.0428860933
p4	2	1049	attn_residual-18	18	1024	0	4.704821e-02	2.573222e-02	-0.986144304,-0.0459249616,0.110577494,0.0319737084	-0.970953107,-0.0453331321,0.117187411,0.0338306651
p4	2	1050	attn_post_norm-18	18	1024	0	4.906970e-02	2.640431e-01	-6.65957594,-0.482065886,1.18000317,0.292391032	-6.57867479,-0.477427453,1.25467563,0.310395658
p4	2	1051	ffn_out-18	18	1024	0	5.575791e-02	1.789391e-02	-0.829962969,0.0339473225,0.0286975913,0.119641349	-0.812069058,0.0305209644,0.0262925141,0.111315809
p4	2	1052	l_out-18	18	1024	0	4.389271e-02	3.308511e-02	-1.81610727,-0.011977639,0.139275089,0.151615053	-1.78302217,-0.0148121677,0.143479928,0.145146474
p4	2	1053	attn_norm-19	19	1024	0	4.222500e-02	1.803764e-01	-11.762393,-0.0862826332,1.0340966,1.11308134	-11.6040354,-0.107218303,1.07047594,1.07075274
p4	2	1054	attn_pregate-19	19	2048	0	3.695810e-02	3.490463e-01	-0.333137512,-0.372268617,-0.218195781,-0.131501794	-0.342339128,-0.365435481,-0.232979193,-0.136514544
p4	2	1055	attn_gated-19	19	2048	0	2.503924e-02	3.504390e-02	-0.00694091665,-0.0218462031,-0.00848646276,-0.00334807695	-0.00727313291,-0.020791214,-0.00858043041,-0.00340134045
p4	2	1056	attn_output-19	19	1024	0	4.843632e-02	1.523757e-02	0.673494816,-0.00378252566,0.0164225399,-2.2649765e-06	0.658257246,-0.00423568487,0.0150670558,0.00268870592
p4	2	1057	attn_residual-19	19	1024	0	4.819000e-02	2.420717e-02	-1.14261246,-0.0157601647,0.155697629,0.151612788	-1.12476492,-0.0190478526,0.158546984,0.14783518
p4	2	1058	attn_post_norm-19	19	1024	0	4.986462e-02	2.429101e-01	-7.82451582,-0.15974699,1.44289875,1.16773307	-7.73147345,-0.193802744,1.47487032,1.14295089
p4	2	1059	ffn_out-19	19	1024	0	7.270682e-02	1.546755e-02	-0.292188704,0.00224122033,-0.0678165704,0.105522968	-0.280573845,-0.00049784407,-0.0652105585,0.102910638
p4	2	1060	l_out-19	19	1024	0	4.918320e-02	2.946234e-02	-1.4348011,-0.0135189444,0.0878810585,0.257135749	-1.40533876,-0.0195456967,0.0933364257,0.250745833
p4	2	1061	attn_norm-20	20	1024	0	4.878172e-02	3.252110e-01	-10.8947887,-0.144204453,0.873598933,2.288908	-10.7050533,-0.209154755,0.930783451,2.23913527
p4	2	1062	conv_output_silu-20	20	6144	0	2.690411e-02	1.191051e-01	-0.178561196,0.0350067988,-0.173987508,0.193949625	-0.189338729,0.0445789024,-0.176399693,0.196044251
p4	2	1063	q_conv_predelta-20	20	2048	0	3.387271e-02	2.617276e-02	-0.0641743764,0.012581341,-0.0625305995,0.0697049275	-0.0683035925,0.0160817541,-0.0636358559,0.0707225949
p4	2	1064	k_conv_predelta-20	20	2048	0	3.353449e-02	2.294674e-02	-0.0817484334,-0.0310386214,-0.0300516989,-0.0542672165	-0.0834656656,-0.0307829175,-0.0302035753,-0.0555777662
p4	2	1065	v_conv_predelta-20	20	2048	0	2.123196e-02	5.205327e-02	0.0032701015,-0.0153684327,0.0509036109,0.0406811498	0.00481592119,-0.0164562687,0.0511166826,0.040804904
p4	2	1066	a_softplus-20	20	16	0	3.181565e-02	8.344972e-02	0.00592321809,0.181699127,0.0140582519,0.76026392	0.00572138326,0.179258794,0.0138616972,0.746685982
p4	2	1067	gate-20	20	16	0	3.279893e-02	4.082936e-02	-0.0013216486,-0.0315745734,-0.00256019784,-0.217819273	-0.00127661321,-0.0311505068,-0.00252440269,-0.213929117
p4	2	1068	beta_sigmoid-20	20	16	0	3.746035e-03	1.127762e-02	0.921120942,0.971959949,0.87218219,0.96760267	0.91843158,0.971893728,0.873666108,0.96728301
p4	2	1069	state_predelta-20	20	262144	0	2.066854e-02	3.975999e-02	0.000277495943,0.000927595829,0.00148962007,0.000457509072	0.000251725141,0.000855645165,0.0014177683,0.000365498301
p4	2	1070	new_state-20	20	262144	0	2.303556e-02	5.072710e-02	-0.00171321887,0.000170666084,0.000755976886,-0.000864351867	-0.0017733865,0.000107791857,0.000683252118,-0.000983227044
p4	2	1071	attn_output-20	20	2048	0	1.944290e-02	2.103827e-03	-5.06228644e-05,-0.000685015926,0.00187285512,0.000978329917	1.50724563e-05,-0.000716891373,0.00188724895,0.000967975357
p4	2	1072	z-20	20	2048	0	2.930726e-02	1.889715e-01	-0.731115937,-2.68452883,0.572075725,0.00885352492	-0.766920984,-2.70870328,0.559258044,0.0212380439
p4	2	1073	final_output-20	20	2048	0	7.059354e-02	3.676820e-01	0.00169556076,0.0175263472,0.0933543891,0.000552236277	-0.000523088966,0.0183113422,0.0926446319,0.00133471796
p4	2	1074	linear_attn_out-20	20	1024	0	9.015139e-02	4.051107e-02	-0.344452977,-0.0186563358,-0.0493179113,0.0500355661	-0.384964049,-0.0197593346,-0.0497994348,0.055339992
p4	2	1075	attn_residual-20	20	1024	0	5.086673e-02	2.824076e-02	-1.77925408,-0.0321752802,0.0385631472,0.307171315	-1.79030275,-0.0393050313,0.0435369909,0.306085825
p4	2	1076	attn_post_norm-20	20	1024	0	5.367250e-02	2.380402e-01	-9.09474754,-0.288199008,0.349561155,2.16992283	-9.15208721,-0.352094561,0.394684494,2.1624589
p4	2	1077	ffn_out-20	20	1024	0	7.989392e-02	2.075680e-02	-0.126082137,-0.0365991481,-0.0259036943,0.0335515141	-0.137159258,-0.0388127603,-0.0242840722,0.0348685384
p4	2	1078	l_out-20	20	1024	0	5.329149e-02	3.484404e-02	-1.90533626,-0.0687744319,0.0126594529,0.340722829	-1.92746198,-0.0781177878,0.0192529187,0.340954363
p4	2	1079	attn_norm-21	21	1024	0	5.429427e-02	3.478979e-01	-12.3816395,-0.686186135,0.115228087,2.88510919	-12.4988155,-0.777752399,0.174870476,2.88093734
p4	2	1080	conv_output_silu-21	21	6144	0	2.529465e-02	1.910037e-01	-0.212749526,0.63354671,-0.27516818,-0.250099838	-0.207592189,0.605162621,-0.271189868,-0.249891117
p4	2	1081	q_conv_predelta-21	21	2048	0	3.349306e-02	2.927040e-02	-0.0553581677,0.164851055,-0.0715997145,-0.0650768429	-0.0544350147,0.158686295,-0.0711116567,-0.0655266792
p4	2	1082	k_conv_predelta-21	21	2048	0	4.235142e-02	4.113960e-02	-0.00267437403,0.0465406179,0.0167743992,0.00289345859	-0.00459718984,0.0462387912,0.0157082211,0.00059869606
p4	2	1083	v_conv_predelta-21	21	2048	0	4.215761e-02	1.910037e-01	0.0201799162,-0.0856925324,-0.0984350592,-0.0145923505	0.0224116147,-0.0823061541,-0.0990676358,-0.0148341712
p4	2	1084	a_softplus-21	21	16	0	4.519483e-02	6.515336e-02	0.459413618,0.738572121,0.00384128466,0.269700885	0.44254598,0.770594776,0.00393165089,0.286491215
p4	2	1085	gate-21	21	16	0	4.603236e-02	1.263055e-02	-0.135802403,-0.191168696,-0.00143538322,-0.127896309	-0.13081634,-0.199457303,-0.00146915053,-0.135858536
p4	2	1086	beta_sigmoid-21	21	16	0	2.532546e-03	5.644500e-03	0.801975846,0.918049753,0.83482182,0.98197192	0.798194408,0.915027201,0.840466321,0.982432961
p4	2	1087	state_predelta-21	21	262144	0	3.675240e-02	7.467899e-02	0.00117180427,-9.77834861e-05,0.00291723665,-0.000655946205	0.00103932398,-7.33179622e-05,0.00257265382,-0.000525190088
p4	2	1088	new_state-21	21	262144	0	4.380027e-02	7.434192e-02	0.00100701733,0.000192818494,0.00264705648,-0.000555355975	0.000862842193,0.000428906933,0.0024247535,-0.000454404333
p4	2	1089	attn_output-21	21	2048	0	3.631586e-02	4.236283e-03	0.000123454651,-0.00046162447,-0.000390437257,-8.0163627e-05	0.000125081759,-0.0004531999,-0.000382540631,-8.48505442e-05
p4	2	1090	z-21	21	2048	0	4.150289e-02	2.723563e-01	-0.839715242,0.210238338,-0.197909236,0.882265627	-0.81618464,0.29094398,-0.118182898,0.881134927
p4	2	1091	final_output-21	21	2048	0	9.036977e-02	3.223938e-01	-0.0236473046,-0.0334739238,0.023766797,-0.042421367	-0.0235768631,-0.0469240658,0.0144581506,-0.044648923
p4	2	1092	linear_attn_out-21	21	1024	0	1.048062e-01	1.895602e-02	0.0177391618,-0.0394026265,0.0112468023,0.0850604028	0.00627221912,-0.0393070728,0.0041753538,0.0938637182
p4	2	1093	attn_residual-21	21	1024	0	5.716629e-02	3.604586e-02	-1.88759708,-0.108177058,0.0239062551,0.425783217	-1.92118979,-0.117424861,0.0234282725,0.434818089
p4	2	1094	attn_post_norm-21	21	1024	0	5.942088e-02	2.750478e-01	-8.75546741,-0.867370903,0.189153165,2.69333363	-8.89326572,-0.939616621,0.184996396,2.74492335
p4	2	1095	ffn_out-21	21	1024	0	8.224111e-02	2.692433e-02	-0.115171105,0.0207687616,-0.0781398341,0.0901453421	-0.104862556,0.0249173287,-0.0681704134,0.0733695775
p4	2	1096	l_out-21	21	1024	0	5.864510e-02	4.039218e-02	-2.00276828,-0.0874082968,-0.0542335808,0.515928566	-2.02605224,-0.0925075337,-0.0447421409,0.508187652
p4	2	1097	attn_norm-22	22	1024	0	5.891304e-02	2.769131e-01	-10.625103,-0.665274978,-0.379795939,3.60827661	-10.7328739,-0.703053832,-0.312868476,3.54892898
p4	2	1098	conv_output_silu-22	22	6144	0	3.487634e-02	1.638217e-01	-0.239682272,-0.0886932313,0.0405592509,0.075236544	-0.244535893,-0.0911089852,0.0456060655,0.0675005466
p4	2	1099	q_conv_predelta-22	22	2048	0	3.311990e-02	2.080505e-02	-0.0594965704,-0.0220164098,0.0100680636,0.0186760426	-0.0614718683,-0.0229031388,0.0114645343,0.0169684086
p4	2	1100	k_conv_predelta-22	22	2048	0	5.157532e-02	2.870249e-02	-0.0187776741,0.0294118151,-0.0427569598,0.0226224232	-0.0183079801,0.0276391543,-0.0495913327,0.0236914326
p4	2	1101	v_conv_predelta-22	22	2048	0	4.507356e-02	8.002830e-02	-0.00901905075,0.00827084668,0.000182548101,-0.00229629083	-0.00748633873,0.00767095294,-0.000692499685,-0.00341191515
p4	2	1102	a_softplus-22	22	16	0	1.551291e-02	7.602596e-02	0.687445521,0.66922909,3.39769077,0.0843455866	0.631971121,0.698339522,3.41430044,0.0799855217
p4	2	1103	gate-22	22	16	0	1.071941e-02	2.840900e-02	-0.127164632,-0.151676729,-2.22826004,-0.0158480667	-0.116902903,-0.158274427,-2.23915291,-0.0150288343
p4	2	1104	beta_sigmoid-22	22	16	0	3.244516e-03	6.121695e-03	0.919650137,0.943893254,0.961062133,0.882989228	0.914959311,0.941885889,0.958922386,0.878679931
p4	2	1105	state_predelta-22	22	262144	0	3.844059e-02	2.079713e-02	0.000262434536,-0.000108218759,0.00291193509,-0.000315490412	0.000248259981,-9.6914373e-05,0.00281561213,-0.000470856263
p4	2	1106	new_state-22	22	262144	0	4.607058e-02	3.269871e-02	0.000476289308,-0.000479345588,0.00312252296,-0.000573213154	0.000426650309,-0.000396884192,0.00306237326,-0.000685197534
p4	2	1107	attn_output-22	22	2048	0	2.627935e-02	5.430584e-04	1.25311681e-05,6.52442977e-05,2.50835838e-05,-1.6901824e-05	2.34134513e-05,5.73700345e-05,1.9828869e-05,-2.65776398e-05
p4	2	1108	z-22	22	2048	0	3.234552e-02	2.380242e-01	1.8245331,0.367562503,-3.20136285,0.146918982	1.82171893,0.426247358,-3.13746953,0.259444088
p4	2	1109	final_output-22	22	2048	0	9.394830e-02	4.767628e-01	0.0219129939,0.0142542645,-0.00329079945,-0.00125790189	0.0409070104,0.0148979845,-0.00271360134,-0.00367806386
p4	2	1110	linear_attn_out-22	22	1024	0	9.703360e-02	4.269157e-02	0.234855101,0.0269584991,0.0863086432,-0.00717773894	0.192163527,0.034065716,0.0944758579,-0.0139791761
p4	2	1111	attn_residual-22	22	1024	0	6.262756e-02	6.597555e-02	-1.76791322,-0.0604497977,0.0320750624,0.508750856	-1.83388877,-0.0584418178,0.049733717,0.494208485
p4	2	1112	attn_post_norm-22	22	1024	0	6.355198e-02	2.681274e-01	-7.93817711,-0.391610086,0.204090506,2.66149163	-8.20630455,-0.377309322,0.31537047,2.57658792
p4	2	1113	ffn_out-22	22	1024	0	7.792684e-02	4.960811e-02	-0.459934294,-0.0659925565,0.0343848467,-0.0999331772	-0.410326183,-0.0604547784,0.0261181463,-0.114413403
p4	2	1114	l_out-22	22	1024	0	6.563086e-02	5.727910e-02	-2.22784758,-0.126442358,0.0664599091,0.408817679	-2.24421501,-0.118896596,0.0758518651,0.379795074
p4	2	1115	attn_norm-23	23	1024	0	6.362105e-02	2.722834e-01	-9.18971729,-0.667836785,0.362725377,1.8212992	-9.26794147,-0.628708422,0.414463788,1.69395971
p4	2	1116	attn_pregate-23	23	2048	0	1.554274e-02	2.908144e-01	-6.1595974,0.287014127,-0.346431851,-0.0680830032	-6.13413906,0.292506933,-0.325038731,-0.101909876
p4	2	1117	attn_gated-23	23	2048	0	4.896369e-02	3.231430e-01	-0.63594836,0.0214133523,-0.0248221103,-0.00527445972	-0.636574328,0.0229611564,-0.0238735639,-0.00812516734
p4	2	1118	attn_output-23	23	1024	0	6.755655e-02	6.256580e-02	0.704748988,0.132042468,0.00400836766,0.14824158	0.642183185,0.134379625,0.00612692535,0.164090306
p4	2	1119	attn_residual-23	23	1024	0	7.592582e-02	7.893324e-02	-1.52309859,0.0056001097,0.0704682767,0.557059288	-1.60203183,0.0154830292,0.0819787905,0.54388535
p4	2	1120	attn_post_norm-23	23	1024	0	7.613634e-02	3.607765e-01	-6.74083662,0.0299602002,0.346852064,2.56489396	-7.08669043,0.0827924311,0.403309762,2.50300622
p4	2	1121	ffn_out-23	23	1024	0	1.028621e-01	1.315551e-01	1.42226779,0.438157439,-0.289768249,0.720436454	1.33185172,0.443884194,-0.273803592,0.851991594
p4	2	1122	l_out-23	23	1024	0	9.091915e-02	1.693493e-01	-0.100830793,0.443757534,-0.219299972,1.27749574	-0.270180106,0.459367216,-0.191824794,1.39587688
p4	2	1123	result_norm	-1	1024	0	8.806533e-02	2.412160e+00	-0.0806096122,5.97497082,-2.86664104,18.6342373	-0.214326695,6.13732719,-2.48810506,20.2035904
p4	2	1124	result_output	-1	248320	0	9.845828e-02	1.277636e+00	9.08821678,5.07140589,8.78228188,3.49695897	9.3835535,5.69329071,8.78278923,3.4934113
p4	3	1125	model.input_embed	-1	1024	1024	0.000000e+00	0.000000e+00	0.0132803321,-0.00204312801,-0.0122587681,0.0255391002	0.0132803321,-0.00204312801,-0.0122587681,0.0255391002
p4	3	1126	attn_norm-0	0	1024	1024	0.000000e+00	0.000000e+00	1.5558511,-0.154977351,-1.10237288,2.61217475	1.5558511,-0.154977351,-1.10237288,2.61217475
p4	3	1127	conv_output_silu-0	0	6144	6144	0.000000e+00	0.000000e+00	-0.00173317746,0.0157731082,-0.0130554149,-0.0155840311	-0.00173317746,0.0157731082,-0.0130554149,-0.0155840311
p4	3	1128	q_conv_predelta-0	0	2048	683	9.771868e-08	1.192093e-07	-0.00360168656,0.0327778235,-0.027130235,-0.0323849097	-0.00360168633,0.0327778235,-0.0271302331,-0.032384906
p4	3	1129	k_conv_predelta-0	0	2048	627	9.677226e-08	8.940697e-08	-0.075024724,0.0650910065,0.00634285575,0.00972129125	-0.075024724,0.0650910139,0.00634285575,0.00972129218
p4	3	1130	v_conv_predelta-0	0	2048	2048	0.000000e+00	0.000000e+00	0.00743849762,-0.00143130473,-0.0149791995,0.0210651662	0.00743849762,-0.00143130473,-0.0149791995,0.0210651662
p4	3	1131	a_softplus-0	0	16	16	0.000000e+00	0.000000e+00	4.62693262,0.00961801503,0.0230633877,5.78750658	4.62693262,0.00961801503,0.0230633877,5.78750658
p4	3	1132	gate-0	0	16	16	0.000000e+00	0.000000e+00	-5.98769569,-0.00126160902,-0.00275452901,-3.28476572	-5.98769569,-0.00126160902,-0.00275452901,-3.28476572
p4	3	1133	beta_sigmoid-0	0	16	16	0.000000e+00	0.000000e+00	0.774540186,0.362739265,0.698212206,0.997367084	0.774540186,0.362739265,0.698212206,0.997367084
p4	3	1134	state_predelta-0	0	262144	79120	9.846869e-08	1.192093e-07	0.000270864082,0.000284769339,0.000593080942,-4.44501384e-05	0.000270863995,0.000284769281,0.000593080826,-4.44501347e-05
p4	3	1135	new_state-0	0	262144	87415	9.623106e-08	1.192093e-07	-0.000430970977,0.000375212199,3.79815792e-05,5.58193788e-05	-0.000430970977,0.000375212228,3.79815792e-05,5.5819386e-05
p4	3	1136	attn_output-0	0	2048	367	3.200275e-07	1.862645e-08	1.10316932e-05,-2.1286296e-06,-2.23369243e-05,3.14337449e-05	1.10316805e-05,-2.12862892e-06,-2.23369243e-05,3.14337522e-05
p4	3	1137	z-0	0	2048	2048	0.000000e+00	0.000000e+00	0.388505101,-1.41854525,0.805943251,-0.0319661349	0.388505101,-1.41854525,0.805943251,-0.0319661349
p4	3	1138	final_output-0	0	2048	377	1.893619e-07	4.172325e-07	0.00245561614,0.000581721193,-0.0115246484,-0.000456167822	0.00245561358,0.000581721019,-0.0115246484,-0.000456167909
p4	3	1139	linear_attn_out-0	0	1024	67	4.970418e-07	6.705523e-08	-0.672615767,-0.0215012804,-0.0450527668,-0.0392424576	-0.672615767,-0.0215012785,-0.0450527966,-0.0392424725
p4	3	1140	attn_residual-0	0	1024	74	4.978574e-07	6.705523e-08	-0.659335434,-0.0235444084,-0.0573115349,-0.0137033574	-0.659335434,-0.0235444065,-0.0573115647,-0.0137033723
p4	3	1141	attn_post_norm-0	0	1024	83	5.736595e-07	1.907349e-06	-10.2213392,-0.669530809,-1.67702353,-0.392910004	-10.2213392,-0.669530749,-1.67702436,-0.392910421
p4	3	1142	ffn_out-0	0	1024	1	4.507881e-04	3.032386e-05	0.256292999,-0.0103787575,0.0220440775,0.021410279	0.256278843,-0.010383362,0.0220589153,0.0214154702
p4	3	1143	l_out-0	0	1024	1	2.354067e-04	3.030524e-05	-0.403042436,-0.033923164,-0.0352674574,0.00770692155	-0.403056592,-0.0339277685,-0.0352526493,0.00771209784
p4	3	1144	attn_norm-1	1	1024	1	2.438778e-04	1.082242e-03	-11.6759176,-1.27340353,-1.26630604,0.296700478	-11.6763296,-1.27357674,-1.26577473,0.296899825
p4	3	1145	conv_output_silu-1	1	6144	0	1.523345e-03	2.874859e-03	-0.00389524852,0.00450199842,-0.0183636937,-0.275922656	-0.00389426667,0.00448724581,-0.0182946436,-0.275924653
p4	3	1146	q_conv_predelta-1	1	2048	0	1.302205e-03	9.844005e-04	-0.00240004621,0.00277389353,-0.0113147376,-0.170008957	-0.00240076473,0.00276632863,-0.0112784095,-0.170103952
p4	3	1147	k_conv_predelta-1	1	2048	0	2.020692e-03	1.373023e-03	-0.0996762589,-0.0498878546,0.0287723411,0.00484109996	-0.0997932926,-0.0498633645,0.0288009979,0.00487948442
p4	3	1148	v_conv_predelta-1	1	2048	0	1.095276e-03	2.348945e-03	0.153323218,-0.0611149743,-0.000993433874,0.00798586849	0.152988851,-0.0608010143,-0.000949076202,0.00797881372
p4	3	1149	a_softplus-1	1	16	0	8.659575e-04	1.503587e-03	0.0268594995,0.572213709,1.06260955,0.582225502	0.0269174073,0.57170248,1.06110597,0.581745327
p4	3	1150	gate-1	1	16	0	1.126612e-03	1.722217e-03	-0.00481564272,-0.617201865,-1.21709871,-0.176186904	-0.00482602511,-0.616650462,-1.2153765,-0.176041588
p4	3	1151	beta_sigmoid-1	1	16	0	1.792583e-04	2.994537e-04	0.233194217,0.883247256,0.955107272,0.864252567	0.233328044,0.883324981,0.955050528,0.864284575
p4	3	1152	state_predelta-1	1	262144	21	7.972250e-04	9.195805e-04	-0.00684722699,0.0644885376,0.0052401619,0.000843907939	-0.00684222998,0.0644782409,0.00523891766,0.000844325696
p4	3	1153	new_state-1	1	262144	4	1.541170e-03	1.659125e-03	-0.0102653401,0.0624515004,0.00621114857,0.00100746308	-0.0102613717,0.0624429286,0.00620998908,0.00100905355
p4	3	1154	attn_output-1	1	2048	0	9.935731e-04	1.522806e-05	0.00125787279,-0.000781866082,0.00015300719,2.46491327e-05	0.00125845836,-0.000782136864,0.000153194414,2.46639866e-05
p4	3	1155	z-1	1	2048	0	7.944282e-04	5.450010e-03	-4.77189922,-6.17483187,-1.64922643,0.0820682645	-4.77182388,-6.17469549,-1.65262365,0.0845005512
p4	3	1156	final_output-1	1	2048	0	1.787161e-03	1.794904e-03	-0.0422935858,0.00839890726,-0.0373467989,0.00106556178	-0.0423119254,0.00840201229,-0.0373594835,0.00109898392
p4	3	1157	linear_attn_out-1	1	1024	0	7.449324e-03	5.632788e-04	-0.106518567,0.0144725889,0.035366863,0.0194927156	-0.106994569,0.0141778588,0.0352278873,0.0194551125
p4	3	1158	attn_residual-1	1	1024	0	3.478088e-03	5.799998e-04	-0.509561002,-0.0194505751,9.94056463e-05,0.0271996371	-0.510051131,-0.0197499096,-2.47620046e-05,0.0271672104
p4	3	1159	attn_post_norm-1	1	1024	0	3.772594e-03	1.421437e-02	-7.97492456,-0.479531914,0.00247582654,0.715205014	-7.98091936,-0.486809433,-0.000616600388,0.714202404
p4	3	1160	ffn_out-1	1	1024	0	2.043737e-02	2.112448e-03	0.361533701,0.0479648598,-0.00157867279,-0.0171391033	0.36364615,0.0479732752,-0.00118015148,-0.0166830681
p4	3	1161	l_out-1	1	1024	0	1.334201e-02	2.029702e-03	-0.148027301,0.0285142846,-0.00147926714,0.0100605339	-0.146404982,0.0282233655,-0.00120491348,0.0104841422
p4	3	1162	attn_norm-2	2	1024	0	1.345536e-02	6.106138e-02	-3.96714807,0.936127841,-0.0468920358,0.334501565	-3.92159486,0.926086903,-0.0381749645,0.348401755
p4	3	1163	conv_output_silu-2	2	6144	0	2.065299e-02	6.763631e-02	0.0299309976,-0.00653864816,0.123462096,0.00180222327	0.02994412,-0.0054328246,0.123252697,0.00140577485
p4	3	1164	q_conv_predelta-2	2	2048	0	1.571135e-02	1.838446e-02	0.0446793772,-0.00976054184,0.184297562,0.0026902617	0.0447470807,-0.00811855681,0.184183016,0.00210072356
p4	3	1165	k_conv_predelta-2	2	2048	0	2.360479e-02	3.712715e-02	-0.0930610374,0.00830275845,0.063160494,-0.252294272	-0.094329074,0.00752471015,0.0636697188,-0.25005132
p4	3	1166	v_conv_predelta-2	2	2048	0	2.032492e-02	3.111291e-02	-0.0136338416,0.0377703682,-0.0199777205,-0.0250044726	-0.0140860472,0.0368478857,-0.020554442,-0.0256272871
p4	3	1167	a_softplus-2	2	16	0	4.493497e-03	8.740246e-03	1.27330816,0.622782946,0.15191327,0.987670958	1.27261531,0.624090135,0.153758705,0.985546947
p4	3	1168	gate-2	2	16	0	2.761865e-03	3.773838e-03	-1.14305925,-0.175663993,-0.0452576727,-0.64520514	-1.14243722,-0.176032707,-0.0458074622,-0.643817604
p4	3	1169	beta_sigmoid-2	2	16	0	5.096995e-03	9.549439e-03	0.932127655,0.616050482,0.751882315,0.84200418	0.930760443,0.615891635,0.755648732,0.840275466
p4	3	1170	state_predelta-2	2	262144	1	4.444671e-03	4.087821e-03	-0.000723901379,-0.000167770035,0.000318320177,0.0014640427	-0.000712727895,-0.000169698702,0.000316409685,0.00145742355
p4	3	1171	new_state-2	2	262144	0	1.296175e-02	1.282632e-02	0.000853388919,-0.000150222695,-0.000634351745,0.00340613001	0.000911002746,-0.000144951235,-0.000667437911,0.00348267215
p4	3	1172	attn_output-2	2	2048	0	4.527671e-03	2.088472e-04	-7.68495302e-05,0.000214572487,-9.23776461e-05,-0.000110428526	-7.8950201e-05,0.00020987977,-9.53208801e-05,-0.000113805596
p4	3	1173	z-2	2	2048	0	9.631730e-03	8.233392e-02	-1.05675101,0.464830399,1.01623011,0.908680975	-1.03431284,0.47760123,1.03911042,0.921474576
p4	3	1174	final_output-2	2	2048	0	1.654848e-02	1.670787e-02	0.0206558406,0.0392458029,-0.0607863478,-0.0674001798	0.0211206339,0.0396419354,-0.0645324513,-0.0707076937
p4	3	1175	linear_attn_out-2	2	1024	0	3.352672e-02	2.587490e-03	-0.530821264,-0.0243851244,-0.000345610082,0.0132676549	-0.530212879,-0.0240452066,-0.00118884444,0.0112749338
p4	3	1176	attn_residual-2	2	1024	0	1.863166e-02	3.797024e-03	-0.678848565,0.0041291602,-0.00182487722,0.0233281888	-0.676617861,0.00417815894,-0.00239375792,0.021759076
p4	3	1177	attn_post_norm-2	2	1024	0	2.033243e-02	8.889365e-02	-9.8039093,0.0936561376,-0.0420163609,0.535430729	-9.76505184,0.0947030932,-0.0550769307,0.499076843
p4	3	1178	ffn_out-2	2	1024	0	3.713665e-02	5.951244e-03	0.678884625,-0.00423469068,-0.0101740193,0.0286044478	0.684737206,-0.00411112187,-0.0112745259,0.0325342491
p4	3	1179	l_out-2	2	1024	0	3.161284e-02	8.083284e-03	3.60608101e-05,-0.000105530489,-0.0119988965,0.0519326366	0.00811934471,6.70370646e-05,-0.0136682838,0.054293327
p4	3	1180	attn_norm-3	3	1024	0	3.010876e-02	1.877977e-01	0.000841443369,-0.00293966848,-0.302120537,1.37900591	0.188639179,0.00185933197,-0.342668682,1.43546867
p4	3	1181	attn_pregate-3	3	2048	0	2.659395e-02	6.772193e-02	0.136373267,-0.424735278,0.667899668,0.326454699	0.122140266,-0.439408362,0.653471172,0.324361771
p4	3	1182	attn_gated-3	3	2048	0	2.382511e-02	1.617250e-02	0.00816533994,-0.0775795802,0.0734150708,0.00817868579	0.00719274674,-0.0786521137,0.0699739382,0.00785093848
p4	3	1183	attn_output-3	3	1024	0	4.264113e-02	5.052745e-03	-0.0873893425,0.0422674716,-0.0310739502,-0.0269364007	-0.0823365971,0.0427434556,-0.0288462769,-0.0293867663
p4	3	1184	attn_residual-3	3	1024	0	3.636104e-02	1.313603e-02	-0.0873532817,0.0421619415,-0.0430728458,0.024996236	-0.0742172524,0.0428104922,-0.0425145626,0.0249065608
p4	3	1185	attn_post_norm-3	3	1024	0	3.740115e-02	1.927756e-01	-1.26388359,0.913554966,-0.961344123,0.562731504	-1.07110798,0.925262332,-0.946484625,0.559294939
p4	3	1186	ffn_out-3	3	1024	0	6.127952e-02	8.194771e-03	0.00607848167,0.00239705294,-0.0373698026,0.01497648	0.00407223403,0.00121905282,-0.0362423919,0.01503052
p4	3	1187	l_out-3	3	1024	0	4.847098e-02	1.112978e-02	-0.0812748,0.0445589945,-0.0804426521,0.0399727151	-0.0701450184,0.044029545,-0.0787569582,0.039937079
p4	3	1188	attn_norm-4	4	1024	0	4.819965e-02	2.617276e-01	-1.74835873,1.26425302,-2.12714076,1.16269588	-1.50159311,1.24315035,-2.0724287,1.15600479
p4	3	1189	conv_output_silu-4	4	6144	0	2.322806e-02	7.180166e-02	-0.143355682,0.0366021618,-0.0754430816,0.0769901499	-0.146701038,0.0357441604,-0.078823328,0.0805829689
p4	3	1190	q_conv_predelta-4	4	2048	0	3.296707e-02	2.931142e-02	-0.0566071644,0.0144531736,-0.0297903698,0.0304012634	-0.0563150421,0.0137213338,-0.0302584022,0.0309338868
p4	3	1191	k_conv_predelta-4	4	2048	0	3.679936e-02	3.360470e-02	0.0253902748,0.198521227,0.03504619,-0.0155000603	0.0258484483,0.211061329,0.03388476,-0.0162091386
p4	3	1192	v_conv_predelta-4	4	2048	0	1.175196e-02	4.896164e-02	-0.0822538808,0.00498243701,0.0204917081,-0.0127181523	-0.0849206373,0.00473787775,0.0231580883,-0.0141913751
p4	3	1193	a_softplus-4	4	16	0	8.816774e-03	1.786298e-02	0.2338662,2.36748672,0.121898241,1.65845191	0.238355666,2.35669017,0.120368384,1.6682601
p4	3	1194	gate-4	4	16	0	1.159678e-02	3.259933e-02	-0.0974899307,-2.30025578,-0.0383569822,-0.870535553	-0.0993614197,-2.28976583,-0.037875589,-0.875683963
p4	3	1195	beta_sigmoid-4	4	16	0	6.247533e-03	1.033419e-02	0.719025075,0.93453598,0.592011273,0.820545673	0.714407146,0.934559524,0.593628585,0.818231523
p4	3	1196	state_predelta-4	4	262144	0	2.822881e-03	2.419949e-02	-0.00148247345,0.00521985255,0.00380419428,0.00037376309	-0.00147224334,0.00470609078,0.00384794734,0.000331329589
p4	3	1197	new_state-4	4	262144	0	4.709827e-03	2.234364e-02	-0.00351713784,-0.0122503107,0.000452307519,0.00166521617	-0.00358068477,-0.0140922088,0.000537487445,0.0017094824
p4	3	1198	attn_output-4	4	2048	0	3.292624e-03	8.384362e-04	-2.25730582e-05,1.64421508e-05,2.01844396e-05,2.29164266e-06	-2.49307705e-05,1.53069104e-05,2.30269634e-05,6.41070983e-08
p4	3	1199	z-4	4	2048	0	2.679060e-02	3.125205e-01	-3.05916238,-0.133056298,-1.4359045,1.14936244	-2.9958272,-0.108863734,-1.32918227,1.24101615
p4	3	1200	final_output-4	4	2048	0	5.473574e-02	3.319916e-02	0.00270291814,-0.00107252738,-0.00464539276,0.00188711437	0.00310764858,-0.000828056363,-0.00534631731,5.82681678e-05
p4	3	1201	linear_attn_out-4	4	1024	0	8.134726e-02	6.003747e-03	0.029854022,0.000698337331,-0.0127149411,-0.0190760419	0.0358558446,0.000198252499,-0.0127667543,-0.0211117044
p4	3	1202	attn_residual-4	4	1024	0	5.131555e-02	1.713160e-02	-0.051420778,0.0452573299,-0.0931575894,0.0208966732	-0.0342891738,0.0442277975,-0.0915237144,0.0188253745
p4	3	1203	attn_post_norm-4	4	1024	0	5.345767e-02	2.578169e-01	-0.77078259,0.991373301,-2.00691104,0.474013984	-0.512965739,0.966900289,-1.967803,0.426182598
p4	3	1204	ffn_out-4	4	1024	0	8.341281e-02	1.109619e-02	-0.0944930762,0.0077316016,0.0342368037,0.00815490633	-0.105589271,0.00799871981,0.0327069312,0.0052363798
p4	3	1205	l_out-4	4	1024	0	5.915108e-02	1.011985e-02	-0.145913854,0.0529889315,-0.0589207858,0.0290515795	-0.139878452,0.0522265173,-0.0588167831,0.0240617543
p4	3	1206	attn_norm-5	5	1024	0	5.986967e-02	2.796953e-01	-3.05793524,1.49551284,-1.5466094,0.858161032	-2.93144655,1.47399318,-1.54387736,0.710764527
p4	3	1207	conv_output_silu-5	5	6144	0	3.135774e-02	6.719208e-02	0.519956589,-0.0723773986,0.0149008343,-0.234413236	0.54423219,-0.0919162855,0.0146969827,-0.231707439
p4	3	1208	q_conv_predelta-5	5	2048	0	3.813463e-02	3.382576e-02	0.296048969,-0.0412096977,0.00848412514,-0.133468449	0.306485564,-0.0517628565,0.00827663764,-0.130486548
p4	3	1209	k_conv_predelta-5	5	2048	0	4.015127e-02	3.203018e-02	-0.00961288344,0.00262597157,-0.0596308075,0.00399572449	-0.00927037373,0.0025569764,-0.0585580915,0.00328208087
p4	3	1210	v_conv_predelta-5	5	2048	0	1.545089e-02	2.942890e-02	0.00580879254,-0.01092254,-0.00688434392,-0.00643718941	0.00718606636,-0.011584972,-0.00579158124,-0.00671025272
p4	3	1211	a_softplus-5	5	16	0	4.134463e-02	3.109306e-02	0.084052451,0.0286183152,0.150635526,0.0106210914	0.0813079476,0.0256195497,0.145615757,0.0115856919
p4	3	1212	gate-5	5	16	0	2.716440e-02	1.830816e-02	-0.0641940013,-0.0034717957,-0.0383853428,-0.00444485852	-0.062097922,-0.00310800411,-0.0371061899,-0.0048485375
p4	3	1213	beta_sigmoid-5	5	16	0	9.018208e-03	1.444018e-02	0.390759051,0.5846591,0.852390885,0.660683751	0.40519923,0.577608883,0.848317921,0.667673886
p4	3	1214	state_predelta-5	5	262144	5	4.236551e-03	6.592236e-03	0.000586853654,0.000148288018,0.0135974139,-0.00235938886	0.000583659392,0.000147332787,0.0136453994,-0.00236883829
p4	3	1215	new_state-5	5	262144	0	1.019251e-02	2.083778e-02	0.000500674942,0.000152641835,0.0124437306,-0.00219203485	0.000494757434,0.000153290297,0.0124842338,-0.00220717932
p4	3	1216	attn_output-5	5	2048	0	1.871001e-02	7.176995e-04	-0.000127844571,-4.48977589e-05,4.49968575e-05,1.12428324e-05	-0.000134588889,-4.70677769e-05,4.87193392e-05,1.12175339e-05
p4	3	1217	z-5	5	2048	0	3.720467e-02	2.202926e-01	1.89564037,0.954654038,0.756935716,1.35907102	1.81281817,0.918138027,0.702908635,1.35538256
p4	3	1218	final_output-5	5	2048	0	5.510355e-02	4.103822e-02	-0.199251994,-0.0281966422,0.0223759878,0.011614738	-0.198134363,-0.0281056929,0.0220806878,0.0115352012
p4	3	1219	linear_attn_out-5	5	1024	0	7.881038e-02	5.357784e-03	-0.147970825,-0.0201471001,0.0204322245,0.0100272484	-0.150595948,-0.0178238209,0.0217379108,0.00996805355
p4	3	1220	attn_residual-5	5	1024	0	6.065974e-02	1.200546e-02	-0.293884695,0.0328418314,-0.0384885594,0.0390788279	-0.290474415,0.0344026983,-0.0370788723,0.0340298079
p4	3	1221	attn_post_norm-5	5	1024	0	6.521397e-02	2.705891e-01	-3.97254848,0.667309403,-0.742810547,0.835547864	-3.93718529,0.700935662,-0.717560768,0.729583621
p4	3	1222	ffn_out-5	5	1024	0	9.631582e-02	1.152385e-02	-0.0928582773,-0.0279314592,0.0050880136,-0.0137947854	-0.0936003476,-0.0264993086,0.00485016918,-0.00759587809
p4	3	1223	l_out-5	5	1024	0	6.572852e-02	1.239705e-02	-0.386742979,0.0049103722,-0.0334005468,0.0252840426	-0.384074748,0.00790338963,-0.0322287045,0.0264339298
p4	3	1224	attn_norm-6	6	1024	0	6.803901e-02	3.137769e-01	-7.45117521,0.122589901,-0.806257665,0.668667138	-7.41302204,0.197665498,-0.77936393,0.700329483
p4	3	1225	conv_output_silu-6	6	6144	0	4.610638e-02	8.493751e-02	-0.0287112631,-0.00586638646,0.000839619839,-0.22000286	-0.0328239426,-0.0128483064,0.000824979565,-0.21601443
p4	3	1226	q_conv_predelta-6	6	2048	0	5.051206e-02	3.230262e-02	-0.01090826,-0.00222881394,0.000318996463,-0.083585605	-0.0125198001,-0.00490063708,0.000314666016,-0.0823928267
p4	3	1227	k_conv_predelta-6	6	2048	0	4.928009e-02	3.070043e-02	-0.0162797235,-0.000572482648,0.166362569,0.0405304544	-0.0164018646,-0.00134091126,0.175845906,0.0413601771
p4	3	1228	v_conv_predelta-6	6	2048	0	4.015055e-02	3.285272e-02	-0.00175156258,-0.000727265025,-0.000854038983,0.00172718451	-0.00322289905,-0.000959181343,-0.000269739801,0.00204202882
p4	3	1229	a_softplus-6	6	16	0	2.461855e-02	5.361819e-02	0.460044265,0.127194613,0.494532168,0.0634104013	0.455548882,0.12536718,0.468176275,0.059698455
p4	3	1230	gate-6	6	16	0	3.584649e-02	2.858788e-02	-0.0837802812,-0.0945230052,-0.150823802,-0.0351556093	-0.0829616114,-0.093164973,-0.142785698,-0.0330976546
p4	3	1231	beta_sigmoid-6	6	16	0	1.304378e-02	1.655942e-02	0.753421605,0.46912694,0.638049126,0.520264208	0.740513086,0.468925893,0.636952937,0.503704786
p4	3	1232	state_predelta-6	6	262144	0	6.610602e-03	5.047731e-03	0.000141244222,-6.70703594e-05,0.000246244599,-0.000414165319	0.000141791286,-6.69736546e-05,0.000245115487,-0.00041596801
p4	3	1233	new_state-6	6	262144	0	1.780048e-02	1.528958e-02	0.00011742919,-6.21184226e-05,0.000353821262,-0.000349850248	0.000136696995,-6.11352443e-05,0.00015919235,-0.000398471107
p4	3	1234	attn_output-6	6	2048	0	2.048693e-02	3.201021e-04	-2.52864102e-05,2.48349479e-05,-1.06948864e-05,-3.60027684e-06	-2.86314898e-05,2.4987261e-05,-9.72445469e-06,-3.38800237e-06
p4	3	1235	z-6	6	2048	0	3.712516e-02	2.840352e-01	0.148541912,1.31328046,0.600165248,0.286361575	0.114334412,1.26297629,0.557352185,0.315600127
p4	3	1236	final_output-6	6	2048	0	7.139865e-02	5.994222e-02	-0.00169065257,0.0247538332,-0.00394558022,-0.000604210712	-0.00144980976,0.0236878339,-0.00328013836,-0.000634354481
p4	3	1237	linear_attn_out-6	6	1024	0	7.035992e-02	6.117159e-03	-0.0154235214,0.00780499354,-0.0151779801,0.0156489145	-0.0161937326,0.00537402043,-0.015002992,0.0187903922
p4	3	1238	attn_residual-6	6	1024	0	6.230491e-02	1.345174e-02	-0.402166486,0.0127153657,-0.0485785268,0.0409329571	-0.400268495,0.0132774096,-0.0472316965,0.0452243239
p4	3	1239	attn_post_norm-6	6	1024	0	6.562464e-02	2.701361e-01	-6.07451725,0.235264763,-0.887276232,0.774865329	-6.05652428,0.246097714,-0.864199936,0.857613027
p4	3	1240	ffn_out-6	6	1024	0	9.677783e-02	1.325126e-02	0.0170332789,0.0424744934,-0.0196299572,0.0453511067	0.025814496,0.0408870503,-0.0218690503,0.0443860628
p4	3	1241	l_out-6	6	1024	0	6.489507e-02	1.625921e-02	-0.385133207,0.0551898591,-0.0682084858,0.0862840638	-0.374453992,0.0541644618,-0.069100745,0.0896103829
p4	3	1242	attn_norm-7	7	1024	0	6.278213e-02	2.975875e-01	-6.34149027,0.965682864,-1.23248529,1.81116986	-6.17295074,0.948863328,-1.25008655,1.88321936
p4	3	1243	attn_pregate-7	7	2048	0	4.427416e-02	2.998450e-01	0.0329504199,-0.0795913786,0.787916243,-0.275401443	0.0124795102,-0.134055868,0.838093102,-0.289457947
p4	3	1244	attn_gated-7	7	2048	0	5.655634e-02	5.160865e-02	0.00439241715,-0.0146544985,0.0446171239,-0.0217335355	0.00165206019,-0.0235637054,0.0483685359,-0.0233467314
p4	3	1245	attn_output-7	7	1024	0	7.626513e-02	6.603144e-03	-0.0336334333,-0.0122967605,0.0161797125,-0.0532872304	-0.0270302892,-0.01254988,0.0165518615,-0.0553038679
p4	3	1246	attn_residual-7	7	1024	0	6.959852e-02	1.733281e-02	-0.418766648,0.0428930968,-0.0520287752,0.0329968333	-0.401484281,0.0416145809,-0.0525488853,0.034306515
p4	3	1247	attn_post_norm-7	7	1024	0	7.425659e-02	3.462967e-01	-5.17738771,0.7722404,-0.903248847,0.618143022	-4.98862553,0.752981544,-0.916855872,0.645902634
p4	3	1248	ffn_out-7	7	1024	0	1.096204e-01	1.150581e-02	-0.0543759912,0.0130198095,0.0417966545,-0.0422114991	-0.0522326007,0.0154393334,0.0397014841,-0.0397003666
p4	3	1249	l_out-7	7	1024	0	7.498889e-02	1.942575e-02	-0.473142624,0.0559129044,-0.0102321208,-0.00921466574	-0.453716874,0.0570539162,-0.0128474012,-0.00539385155
p4	3	1250	attn_norm-8	8	1024	0	7.974904e-02	3.911793e-01	-9.45312119,1.3215462,-0.219463721,-0.234040439	-9.09376812,1.35279369,-0.276431918,-0.137431458
p4	3	1251	conv_output_silu-8	8	6144	0	4.010690e-02	6.502461e-02	-0.00854395982,0.00233012857,-0.161164075,-0.0645563528	-0.00939120539,0.00218382198,-0.160992816,-0.064291127
p4	3	1252	q_conv_predelta-8	8	2048	0	5.297245e-02	3.215080e-02	-0.00708136009,0.00193124474,-0.133575156,-0.053505253	-0.00817079376,0.00190002867,-0.140071377,-0.0559363291
p4	3	1253	k_conv_predelta-8	8	2048	0	5.223134e-02	3.664871e-02	-0.0215913169,0.158850253,0.073610194,-0.0182679631	-0.0255767237,0.143596947,0.0756561384,-0.0193920638
p4	3	1254	v_conv_predelta-8	8	2048	0	2.724774e-02	6.029904e-02	-0.183358505,-0.0238138847,-0.0171886757,0.0166835003	-0.180103794,-0.0229221117,-0.0164449587,0.0164123271
p4	3	1255	a_softplus-8	8	16	0	5.363522e-02	4.034775e-02	0.194626063,0.0626490712,0.0149371037,0.0249569081	0.188209653,0.0639905855,0.014425396,0.023581408
p4	3	1256	gate-8	8	16	0	5.933270e-02	2.161452e-02	-0.06832017,-0.0178095773,-0.00445002969,-0.00376792951	-0.0660677999,-0.0181909371,-0.0042975829,-0.00356026017
p4	3	1257	beta_sigmoid-8	8	16	0	7.952780e-03	1.144254e-02	0.732733369,0.272603393,0.264939576,0.318679214	0.729365587,0.278865039,0.266844988,0.318047255
p4	3	1258	state_predelta-8	8	262144	1	1.045924e-02	4.121757e-02	0.00140919338,-0.0124742277,-0.001178951,-0.00181387074	0.00136420806,-0.012564797,-0.00137418555,-0.00181063497
p4	3	1259	new_state-8	8	262144	1	1.293940e-02	3.746772e-02	0.00365494587,-0.0288574155,-0.00907469541,0.000284736161	0.00393231213,-0.0266694278,-0.00914079137,0.000318366685
p4	3	1260	attn_output-8	8	2048	0	2.880237e-02	2.342194e-03	-0.000558504486,-6.10808493e-05,-5.48243952e-05,9.3171584e-05	-0.000581409084,-6.31731746e-05,-5.64834954e-05,9.68717432e-05
p4	3	1261	z-8	8	2048	0	3.360298e-02	2.652204e-01	-0.197495744,0.386555701,0.218177438,0.281128287	-0.210387066,0.432198822,0.161452353,0.263206959
p4	3	1262	final_output-8	8	2048	0	9.803471e-02	1.160575e-01	0.0455293246,-0.00910009444,-0.00660483865,0.0112081561	0.050097771,-0.0107090306,-0.00490441034,0.0108185727
p4	3	1263	linear_attn_out-8	8	1024	0	1.122256e-01	1.014553e-02	-0.123315781,-0.022431897,-0.00954003725,0.020242244	-0.113170251,-0.0256492104,-0.0110604335,0.0178723726
p4	3	1264	attn_residual-8	8	1024	0	7.481608e-02	2.957129e-02	-0.596458435,0.0334810093,-0.0197721571,0.0110275783	-0.56688714,0.0314047039,-0.0239078347,0.0124785211
p4	3	1265	attn_post_norm-8	8	1024	0	8.255250e-02	3.507343e-01	-7.38414621,0.601125419,-0.342818767,0.217111692	-7.05858707,0.567103446,-0.416919142,0.247096851
p4	3	1266	ffn_out-8	8	1024	0	1.152702e-01	1.003031e-02	-0.134438708,-0.0352751538,0.0126882186,0.00708177593	-0.13824445,-0.0350925066,0.0153540224,0.00814218633
p4	3	1267	l_out-8	8	1024	0	7.583693e-02	2.576554e-02	-0.730897129,-0.00179414451,-0.00708393846,0.0181093551	-0.70513159,-0.0036878027,-0.00855381228,0.0206207074
p4	3	1268	attn_norm-9	9	1024	0	8.076397e-02	4.399586e-01	-12.6938343,-0.0379015878,-0.147412419,0.452899694	-12.2538757,-0.077953279,-0.17810896,0.516023397
p4	3	1269	conv_output_silu-9	9	6144	0	4.933975e-02	1.210675e-01	-0.0267589986,-0.229154676,-0.241708457,0.0928821787	-0.025459921,-0.224460796,-0.242199436,0.0928672254
p4	3	1270	q_conv_predelta-9	9	2048	0	5.581027e-02	3.875751e-02	-0.0160645954,-0.137571573,-0.145108148,0.055761233	-0.0153057138,-0.134938851,-0.145602778,0.0558288917
p4	3	1271	k_conv_predelta-9	9	2048	0	4.320641e-02	2.978308e-02	-0.0213594735,0.00237161689,-0.114991911,-0.0208196957	-0.0157690756,0.00211501517,-0.115882196,-0.0234841667
p4	3	1272	v_conv_predelta-9	9	2048	0	2.961016e-02	2.924490e-02	-0.000899735955,0.0396505743,0.00641453592,-0.00364806014	-0.000775439432,0.0379090682,0.00754425768,-0.0040249289
p4	3	1273	a_softplus-9	9	16	0	2.557334e-02	5.570877e-02	0.00761061208,0.0181835592,0.113639541,0.21298942	0.00785535667,0.0174942985,0.111145951,0.21399866
p4	3	1274	gate-9	9	16	0	5.192217e-02	1.659665e-02	-0.00308700046,-0.00248017814,-0.0386639088,-0.0393990837	-0.00318627316,-0.00238616532,-0.0378155075,-0.0395857729
p4	3	1275	beta_sigmoid-9	9	16	0	1.466614e-02	1.412460e-02	0.578285217,0.15076156,0.380839467,0.298632979	0.584039986,0.159993827,0.383161843,0.312757581
p4	3	1276	state_predelta-9	9	262144	0	1.146107e-02	1.298857e-02	-0.000356518314,-0.000497687724,0.00037684181,8.53039674e-05	-0.00041554129,-0.00050950842,0.000287417643,7.42483026e-05
p4	3	1277	new_state-9	9	262144	0	1.631658e-02	1.743785e-02	-0.000372945506,-0.000494207721,0.000281326124,6.79578807e-05	-0.00042579326,-0.000506335229,0.000201450166,5.67756142e-05
p4	3	1278	attn_output-9	9	2048	0	4.657259e-02	2.342518e-04	4.52660061e-06,0.000139688796,5.05200369e-05,-8.26113537e-05	5.47301715e-06,0.000138966541,5.4263448e-05,-8.71266093e-05
p4	3	1279	z-9	9	2048	0	4.194242e-02	2.385339e-01	0.263531953,-0.235569835,1.20936811,0.692186296	0.197677538,-0.256651461,1.13420439,0.687848926
p4	3	1280	final_output-9	9	2048	0	8.250843e-02	2.729690e-02	0.000731351727,-0.014941006,0.0500814542,-0.0374062024	0.000643849722,-0.0159938298,0.0495301634,-0.039123144
p4	3	1281	linear_attn_out-9	9	1024	0	1.066163e-01	9.705164e-03	0.00901418552,-0.000307232724,0.00770410802,-0.00421001576	0.0187193491,4.91103856e-05,0.00879460387,-0.00407388806
p4	3	1282	attn_residual-9	9	1024	0	7.719854e-02	3.547072e-02	-0.721882939,-0.00210137712,0.000620169565,0.0138993394	-0.686412215,-0.0036386922,0.000240791589,0.0165468194
p4	3	1283	attn_post_norm-9	9	1024	0	8.497754e-02	4.006815e-01	-8.702075,-0.0354772061,0.0101093054,0.265381813	-8.30139351,-0.0616312101,0.00393787678,0.316957831
p4	3	1284	ffn_out-9	9	1024	0	1.390738e-01	9.546682e-03	-0.0267636105,0.00398166291,-0.00295837759,-0.0367748812	-0.0211794786,0.00714896619,-0.0021140757,-0.0448442027
p4	3	1285	l_out-9	9	1024	0	7.920244e-02	4.105484e-02	-0.748646557,0.0018802858,-0.00233820803,-0.0228755418	-0.707591712,0.00351027399,-0.00187328411,-0.0282973833
p4	3	1286	attn_norm-10	10	1024	0	8.274417e-02	7.211609e-01	-13.9943886,0.0366198868,-0.0486863889,-0.5135625	-13.2732277,0.0686042234,-0.0391421579,-0.637506902
p4	3	1287	conv_output_silu-10	10	6144	0	3.909309e-02	1.444013e-01	0.00873577036,-0.0062705907,0.00385468733,-0.0265601855	0.00961095747,-0.00575148826,0.00344067439,-0.0182524398
p4	3	1288	q_conv_predelta-10	10	2048	0	4.981869e-02	5.216500e-02	0.0229762811,-0.0164925177,0.0101383599,-0.0698569492	0.0261765961,-0.0156648681,0.00937108975,-0.0497127101
p4	3	1289	k_conv_predelta-10	10	2048	0	6.077199e-02	5.624533e-02	-0.0624434538,-0.0673733354,0.144851446,0.0216088593	-0.0512490608,-0.0760757849,0.168539017,0.019940922
p4	3	1290	v_conv_predelta-10	10	2048	0	5.815750e-02	1.973829e-02	0.00482540252,0.0188953262,-0.00724295899,0.0105802165	0.00308090961,0.0187775828,-0.00691947341,0.0101219229
p4	3	1291	a_softplus-10	10	16	0	1.684622e-02	5.642390e-02	0.188942179,0.00314788753,3.50547361,0.233615756	0.195278198,0.00311152334,3.44904971,0.242193967
p4	3	1292	gate-10	10	16	0	1.713057e-02	1.747930e-02	-0.144584328,-0.0182569176,-1.08594501,-0.0478341654	-0.149432838,-0.0180460159,-1.06846571,-0.0495906062
p4	3	1293	beta_sigmoid-10	10	16	0	1.220544e-02	1.400447e-02	0.747367501,0.32730642,0.941047668,0.531429648	0.759241641,0.32584551,0.939300478,0.530903161
p4	3	1294	state_predelta-10	10	262144	0	2.126380e-02	4.897147e-03	-0.00074633176,0.00178958266,0.00312066101,0.000363417348	-0.000732685847,0.00179930043,0.00323365396,0.000362178864
p4	3	1295	new_state-10	10	262144	0	3.704252e-02	9.586126e-03	-0.000551647216,0.0016503256,0.00248201168,0.00028189132	-0.000467493606,0.00179224473,0.00224714424,0.000248292345
p4	3	1296	attn_output-10	10	2048	0	4.038262e-02	1.354904e-04	-1.0656423e-05,5.10551945e-05,-3.23421455e-06,2.92987042e-05	-1.47117571e-05,5.51976918e-05,-4.14920396e-06,2.99636304e-05
p4	3	1297	z-10	10	2048	0	3.816403e-02	2.525227e-01	1.12919497,0.96384275,0.862779081,0.888759613	1.1597929,0.948501825,0.820800364,0.800800204
p4	3	1298	final_output-10	10	2048	0	9.203702e-02	3.555353e-02	-0.00815654453,0.0379812643,-0.00190852559,0.0188375432	-0.0116501832,0.0402332656,-0.002299821,0.016903691
p4	3	1299	linear_attn_out-10	10	1024	0	1.061367e-01	1.689827e-02	0.114823341,0.017804753,-0.00239211088,-0.0241387747	0.0979250669,0.0177840032,-0.00417831214,-0.0219411235
p4	3	1300	attn_residual-10	10	1024	0	7.582934e-02	2.415657e-02	-0.633823216,0.0196850393,-0.00473031867,-0.0470143184	-0.609666646,0.0212942772,-0.00605159625,-0.050238505
p4	3	1301	attn_post_norm-10	10	1024	0	8.122843e-02	3.140121e-01	-8.88348007,0.340578347,-0.0815782547,-0.866396427	-8.57218361,0.369596392,-0.104697913,-0.928768039
p4	3	1302	ffn_out-10	10	1024	0	1.080889e-01	9.842156e-03	0.280993551,-0.0232501328,0.0290138479,0.0186430104	0.282376856,-0.0236736089,0.0261561386,0.0216789301
p4	3	1303	l_out-10	10	1024	0	7.860871e-02	2.553988e-02	-0.352829665,-0.0035650935,0.0242835283,-0.028371308	-0.32728979,-0.00237933174,0.0201045424,-0.0285595749
p4	3	1304	attn_norm-11	11	1024	0	7.673026e-02	4.557629e-01	-5.66728449,-0.0597270094,0.434467852,-0.559724331	-5.26418495,-0.0399156846,0.36018765,-0.564202845
p4	3	1305	attn_pregate-11	11	2048	0	4.751188e-02	3.062314e-01	0.140084401,0.0799232721,0.115506113,0.0502538756	0.142715946,0.0715420321,0.121918939,0.0558160767
p4	3	1306	attn_gated-11	11	2048	0	6.885728e-02	2.629438e-02	0.00674809422,0.00430648448,0.00397357717,0.00367288222	0.00679387571,0.00387330819,0.00447149016,0.00426065084
p4	3	1307	attn_output-11	11	1024	0	9.956570e-02	9.597659e-03	-0.0873716325,-0.00619298033,-0.00588288158,-0.00750404224	-0.0777739733,-0.00635072682,-0.00578575954,-0.00726476498
p4	3	1308	attn_residual-11	11	1024	0	8.364824e-02	3.513753e-02	-0.440201283,-0.00975807384,0.0184006467,-0.0358753502	-0.405063748,-0.00873005856,0.0143187828,-0.0358243398
p4	3	1309	attn_post_norm-11	11	1024	0	8.879360e-02	4.440713e-01	-5.70292759,-0.179348588,0.32271713,-0.677420735	-5.2588563,-0.160794944,0.251661271,-0.677894235
p4	3	1310	ffn_out-11	11	1024	0	1.301843e-01	1.040468e-02	-0.142223775,-0.0148431258,0.0048823338,0.0129533038	-0.145720854,-0.0188569501,0.00141266268,0.0147100985
p4	3	1311	l_out-11	11	1024	0	8.296324e-02	3.164047e-02	-0.582425058,-0.0246011987,0.0232829805,-0.0229220465	-0.550784588,-0.0275870077,0.0157314464,-0.0211142413
p4	3	1312	attn_norm-12	12	1024	0	8.618230e-02	5.693455e-01	-11.1174603,-0.529816389,0.522407234,-0.549422264	-10.5481148,-0.596075535,0.354133338,-0.507757008
p4	3	1313	conv_output_silu-12	12	6144	0	4.526155e-02	1.247823e-01	-0.00410658028,0.0925699994,0.0525575206,0.0110354936	-0.00343467901,0.100001678,0.0537189543,0.00982754212
p4	3	1314	q_conv_predelta-12	12	2048	0	5.141702e-02	3.412805e-02	-0.0018433925,0.0415535159,0.0235924143,0.004953695	-0.00151225133,0.0440296382,0.0236518644,0.00432695867
p4	3	1315	k_conv_predelta-12	12	2048	1	4.292550e-02	4.610726e-02	-0.0892762467,-0.0292038638,-0.0353872143,-0.005388238	-0.0933933854,-0.0286100227,-0.0333222896,-0.00586599531
p4	3	1316	v_conv_predelta-12	12	2048	0	2.856130e-02	5.248976e-02	-0.0132619757,0.0100183031,0.0201403778,-0.0111748837	-0.0138791017,0.0100143086,0.0209943186,-0.0113815395
p4	3	1317	a_softplus-12	12	16	0	3.537522e-02	9.778976e-03	0.0104819005,0.0470826067,0.0162215624,0.011449228	0.0119334832,0.0507656783,0.0151460106,0.0117524164
p4	3	1318	gate-12	12	16	0	5.021731e-02	9.272128e-03	-0.00211295509,-0.0277867652,-0.00168323307,-0.00325473165	-0.00240556709,-0.0299604051,-0.00157162815,-0.00334092067
p4	3	1319	beta_sigmoid-12	12	16	0	1.743848e-02	1.711398e-02	0.595619082,0.670716286,0.203792378,0.354279459	0.609182477,0.655307293,0.204219058,0.358767301
p4	3	1320	state_predelta-12	12	262144	0	1.007329e-02	3.790548e-02	-0.000456828275,9.72666094e-05,-0.000142661564,-0.000284024922	-0.000448400038,9.81309931e-05,-0.000145572325,-0.000284770242
p4	3	1321	new_state-12	12	262144	1	1.523631e-02	4.514816e-02	9.77280724e-05,0.000278151245,7.70717452e-05,-0.000250013545	0.000187266152,0.000292294426,8.11955251e-05,-0.00024422782
p4	3	1322	attn_output-12	12	2048	0	1.348117e-02	1.565233e-03	-7.15688802e-05,5.1170271e-05,6.97914002e-05,-5.37003325e-05	-7.3019808e-05,5.07118566e-05,7.12686742e-05,-5.3890908e-05
p4	3	1323	z-12	12	2048	0	3.707048e-02	3.448257e-01	-0.419642776,-0.13793686,-0.742968857,-0.0183618441	-0.405872464,-0.0819883943,-0.707826912,-0.0823126137
p4	3	1324	final_output-12	12	2048	0	1.494710e-01	2.180705e-01	0.00959017687,-0.00277758413,-0.0111492174,0.00040676081	0.00956971664,-0.00169003138,-0.0111385426,0.00177598407
p4	3	1325	linear_attn_out-12	12	1024	0	1.064362e-01	6.055091e-03	-0.0952597633,0.00786060095,0.0144119728,0.00947603211	-0.0954393744,0.00450189505,0.0152227227,0.0100278789
p4	3	1326	attn_residual-12	12	1024	0	8.046578e-02	3.146088e-02	-0.677684844,-0.0167405978,0.0376949534,-0.0134460144	-0.646223962,-0.0230851136,0.0309541691,-0.0110863624
p4	3	1327	attn_post_norm-12	12	1024	0	8.544560e-02	3.382077e-01	-7.89355659,-0.301703423,0.621461689,-0.237457663	-7.55534887,-0.417607069,0.512243986,-0.196520671
p4	3	1328	ffn_out-12	12	1024	0	1.244452e-01	1.142249e-02	-0.100530222,-0.0120444205,-0.0203823205,0.00146593526	-0.103257209,-0.0164992344,-0.0217434447,0.00142003223
p4	3	1329	l_out-12	12	1024	0	8.096949e-02	2.873385e-02	-0.778215051,-0.0287850183,0.0173126329,-0.0119800791	-0.749481201,-0.0395843461,0.00921072438,-0.00966633018
p4	3	1330	attn_norm-13	13	1024	0	8.581509e-02	4.898157e-01	-13.838192,-0.580212533,0.355484545,-0.274093121	-13.3483763,-0.799156904,0.189425901,-0.221507311
p4	3	1331	conv_output_silu-13	13	6144	0	4.191893e-02	1.450460e-01	0.195080668,-0.0831419975,0.0269465204,-0.0500287525	0.209853411,-0.0828854367,0.0248072613,-0.0492821895
p4	3	1332	q_conv_predelta-13	13	2048	0	5.553302e-02	4.311021e-02	0.127800226,-0.0544675514,0.0176530629,-0.0327745751	0.141264021,-0.0557948053,0.0166991502,-0.0331745893
p4	3	1333	k_conv_predelta-13	13	2048	0	5.309554e-02	5.026801e-02	-0.0108406991,0.00697696954,-0.0143264476,0.197678238	-0.00864532217,0.0054022721,-0.00793887675,0.225706697
p4	3	1334	v_conv_predelta-13	13	2048	0	5.045874e-02	4.903001e-02	-0.00616611168,-0.0120148528,-0.0060177967,0.000816115469	-0.00550144166,-0.0124901095,-0.006984598,0.000337018515
p4	3	1335	a_softplus-13	13	16	0	2.147331e-02	2.405012e-02	0.0957626626,0.0962114483,0.381994963,0.0961001366	0.100955702,0.0971096158,0.39379856,0.0989714488
p4	3	1336	gate-13	13	16	0	3.030000e-02	5.935222e-03	-0.0257741716,-0.110738702,-0.192079127,-0.0230048075	-0.0271718595,-0.111772485,-0.198014349,-0.0236921534
p4	3	1337	beta_sigmoid-13	13	16	0	1.879568e-02	2.125144e-02	0.460119963,0.640065789,0.545661867,0.477387637	0.456084251,0.625495613,0.542611182,0.476679564
p4	3	1338	state_predelta-13	13	262144	0	3.948717e-02	2.813387e-02	4.08341803e-05,-5.59021064e-05,0.000178179631,0.00075799413	4.45863552e-05,-7.72977219e-05,0.000231031314,0.000944533735
p4	3	1339	new_state-13	13	262144	0	4.441394e-02	2.512608e-02	6.38332203e-05,-6.99503507e-05,0.000205413206,0.000300377316	5.8675163e-05,-8.47763076e-05,0.00023887337,0.0005201897
p4	3	1340	attn_output-13	13	2048	0	4.468365e-02	1.049649e-04	-1.88594349e-05,-2.96582289e-06,1.25403349e-05,-1.14827108e-05	-2.20858365e-05,-5.3813169e-06,1.22941483e-05,-1.24401695e-05
p4	3	1341	z-13	13	2048	0	4.564549e-02	3.612914e-01	0.398309857,1.24885631,0.0451260731,1.04671788	0.304611444,1.28394592,-0.000993996859,1.04981256
p4	3	1342	final_output-13	13	2048	0	8.613167e-02	6.444098e-02	-0.00473086582,-0.00305217854,0.000304916088,-0.00915726647	-0.00407479005,-0.00573588489,-6.4340561e-06,-0.00995499082
p4	3	1343	linear_attn_out-13	13	1024	0	8.150792e-02	8.008778e-03	-0.0927067325,-0.0290448852,0.0144648729,-0.0350684412	-0.0846979544,-0.0302934572,0.0149859395,-0.0387077741
p4	3	1344	attn_residual-13	13	1024	0	7.844890e-02	3.674263e-02	-0.870921791,-0.0578299016,0.0317775048,-0.0470485203	-0.834179163,-0.0698778033,0.0241966639,-0.0483741052
p4	3	1345	attn_post_norm-13	13	1024	0	8.294155e-02	3.754282e-01	-9.98736858,-1.00295556,0.508630455,-0.750516236	-9.61194038,-1.21772242,0.389150769,-0.775366247
p4	3	1346	ffn_out-13	13	1024	0	1.136656e-01	1.162937e-02	0.015498355,-0.00187523663,-0.00173121318,0.0568127297	0.0144589394,-0.00324865431,-0.00264110044,0.0524936989
p4	3	1347	l_out-13	13	1024	0	8.041220e-02	3.570324e-02	-0.85542345,-0.0597051382,0.0300462916,0.00976420939	-0.819720209,-0.0731264576,0.0215555634,0.00411959365
p4	3	1348	attn_norm-14	14	1024	0	8.251738e-02	5.134611e-01	-13.9901524,-1.10237455,0.51491034,0.194270357	-13.4766912,-1.35727644,0.37134406,0.0823948756
p4	3	1349	conv_output_silu-14	14	6144	0	2.924587e-02	8.197832e-02	0.0264385492,0.0229870938,-0.227357164,-0.0911750793	0.0555986464,0.0271312669,-0.221393093,-0.0837222114
p4	3	1350	q_conv_predelta-14	14	2048	0	4.565213e-02	3.047767e-02	0.00783591717,0.00681296736,-0.0673846304,-0.0270226784	0.0160810556,0.00784730259,-0.0640345588,-0.0242153667
p4	3	1351	k_conv_predelta-14	14	2048	0	5.957766e-02	6.284282e-02	0.0108952839,-0.015098705,-0.0274648257,0.0186346807	0.0114263175,-0.0171688944,-0.0264809374,0.0175572671
p4	3	1352	v_conv_predelta-14	14	2048	0	3.022342e-02	6.402254e-02	0.01189717,-0.0263820924,-0.0197860003,-0.0194225479	0.0102915755,-0.0256514587,-0.0214698967,-0.0186901856
p4	3	1353	a_softplus-14	14	16	0	2.605160e-02	1.474568e-02	0.136637598,0.0326696895,0.0207794141,0.00211265869	0.131554618,0.0340401307,0.0205581337,0.00207018992
p4	3	1354	gate-14	14	16	0	3.255055e-02	4.639938e-03	-0.0429949276,-0.00545965275,-0.0138150649,-0.00635670219	-0.0413954966,-0.00568867661,-0.0136679476,-0.00622891914
p4	3	1355	beta_sigmoid-14	14	16	0	2.761379e-02	3.650710e-02	0.421832919,0.176531911,0.340805978,0.480828106	0.417690545,0.164372921,0.314720333,0.471769452
p4	3	1356	state_predelta-14	14	262144	0	2.736138e-02	1.913706e-02	1.83667162e-05,0.000405086175,-1.87278492e-05,1.40365428e-05	1.78043374e-05,0.000454608467,-2.77250219e-05,2.39084293e-05
p4	3	1357	new_state-14	14	262144	1	3.332082e-02	2.677137e-02	7.15706628e-05,0.000313237368,-0.000154004621,0.000105764862	6.72979222e-05,0.000360721257,-0.000142977282,0.000100098354
p4	3	1358	attn_output-14	14	2048	0	2.260381e-02	2.649724e-04	3.55964744e-06,4.28560361e-06,6.12817473e-07,-6.53029747e-06	2.86292084e-06,4.76352579e-06,2.15560291e-07,-6.94117489e-06
p4	3	1359	z-14	14	2048	0	3.525881e-02	3.080325e-01	-0.0799927711,-0.726379871,0.157318413,1.00699139	0.0320054293,-0.789791703,0.0671944022,1.07736337
p4	3	1360	final_output-14	14	2048	0	6.829103e-02	8.259603e-02	-0.000142568897,-0.00100708043,5.18644956e-05,-0.00437255669	4.85098317e-05,-0.00116464926,7.46115757e-06,-0.00506009813
p4	3	1361	linear_attn_out-14	14	1024	0	7.072588e-02	1.018703e-02	0.357124269,-0.0233218223,-7.41332769e-07,-0.0248614829	0.361646652,-0.0210752524,-0.00791892782,-0.0297950264
p4	3	1362	attn_residual-14	14	1024	0	7.962521e-02	4.022563e-02	-0.498299181,-0.0830269605,0.0300455503,-0.0150972735	-0.458073556,-0.0942017138,0.0136366356,-0.0256754328
p4	3	1363	attn_post_norm-14	14	1024	0	7.981921e-02	4.054117e-01	-5.42840862,-1.26852727,0.430758029,-0.210049644	-5.0229969,-1.44872093,0.196791247,-0.35957253
p4	3	1364	ffn_out-14	14	1024	0	9.271033e-02	1.158760e-02	0.318695486,-0.00495662261,0.00803561136,-0.0216550548	0.309380352,0.000889711548,0.00567608373,-0.023158174
p4	3	1365	l_out-14	14	1024	0	8.233691e-02	3.091049e-02	-0.179603696,-0.0879835859,0.0380811617,-0.0367523283	-0.148693204,-0.0933120027,0.0193127189,-0.0488336086
p4	3	1366	attn_norm-15	15	1024	0	7.936419e-02	3.186098e-01	-1.912588,-1.04721403,0.452268958,-0.434009254	-1.59397817,-1.11803758,0.230895311,-0.580521226
p4	3	1367	attn_pregate-15	15	2048	0	5.281020e-02	1.242707e+00	-0.409077466,0.272222996,0.24994123,0.19463174	-0.400045335,0.250664294,0.318425804,0.210003734
p4	3	1368	attn_gated-15	15	2048	0	6.179039e-02	6.795841e-02	-0.0601847023,0.0153891323,0.00770645775,0.0499350503	-0.0583551154,0.0154412054,0.00975290686,0.0539206043
p4	3	1369	attn_output-15	15	1024	0	1.082017e-01	1.273932e-02	-0.200618744,0.0045510903,-0.0301013738,-0.00308421254	-0.188179523,0.00632269681,-0.0317241251,0.000684604049
p4	3	1370	attn_residual-15	15	1024	0	9.014892e-02	4.334971e-02	-0.38022244,-0.0834324956,0.00797978789,-0.0398365408	-0.336872727,-0.0869893059,-0.0124114063,-0.0481490046
p4	3	1371	attn_post_norm-15	15	1024	0	9.061063e-02	4.248773e-01	-3.25254059,-1.12853968,0.102939084,-0.476849824	-2.91563272,-1.19050014,-0.161991388,-0.583135247
p4	3	1372	ffn_out-15	15	1024	0	1.082559e-01	2.094794e-02	-0.250940114,-0.0188127328,-0.019253511,-0.0461595058	-0.259673536,-0.0193658471,-0.0322040021,-0.0477954373
p4	3	1373	l_out-15	15	1024	0	8.619006e-02	3.461623e-02	-0.631162524,-0.102245227,-0.0112737231,-0.0859960467	-0.596546292,-0.106355153,-0.0446154103,-0.0959444419
p4	3	1374	attn_norm-16	16	1024	0	8.706933e-02	4.509424e-01	-6.76266575,-1.57565892,-0.14471218,-1.236696	-6.47358179,-1.65997469,-0.58002454,-1.39742351
p4	3	1375	conv_output_silu-16	16	6144	0	3.450788e-02	1.505703e-01	-0.230397135,-0.117311105,-0.141157091,-0.220008999	-0.236342669,-0.121376075,-0.140269458,-0.212027371
p4	3	1376	q_conv_predelta-16	16	2048	0	5.253359e-02	3.817207e-02	-0.0191225857,-0.00973663013,-0.011715808,-0.0182603858	-0.0197049286,-0.010119658,-0.0116948821,-0.0176776554
p4	3	1377	k_conv_predelta-16	16	2048	0	5.002449e-02	4.275273e-02	0.12346679,0.0250758044,-0.0983275026,-0.122924171	0.123394042,0.0324521102,-0.0971688777,-0.123504251
p4	3	1378	v_conv_predelta-16	16	2048	0	2.431845e-02	5.186135e-02	-0.24374631,-0.00341776526,0.260012478,0.0415715799	-0.239511549,-0.00293815532,0.24205786,0.0413020216
p4	3	1379	a_softplus-16	16	16	0	9.575632e-02	9.168476e-02	0.0130073167,0.0707827806,0.00693426793,0.110636152	0.0136063062,0.0706117228,0.00674933242,0.110974841
p4	3	1380	gate-16	16	16	0	8.577453e-02	2.896959e-02	-0.00264259684,-0.028710762,-0.000828180229,-0.0239267461	-0.0027642888,-0.0286413785,-0.000806092808,-0.0239999928
p4	3	1381	beta_sigmoid-16	16	16	0	3.461323e-02	5.619466e-02	0.247689992,0.415752888,0.707980692,0.649441779	0.240933701,0.413065225,0.713730752,0.623086214
p4	3	1382	state_predelta-16	16	262144	0	1.986960e-02	2.171841e-02	-0.0168244801,0.0015843343,3.10160685e-05,0.00754226837	-0.0166945085,0.00177383469,1.71228312e-05,0.00753137842
p4	3	1383	new_state-16	16	262144	0	2.527592e-02	3.968073e-02	-0.0214923099,0.000623110391,0.00378369959,0.0122138849	-0.0211185589,0.000593311153,0.00353716523,0.0119847171
p4	3	1384	attn_output-16	16	2048	0	2.373090e-02	1.249097e-03	-0.0015939814,-9.71779446e-05,0.00410380214,0.000646252825	-0.00164941035,-9.53532945e-05,0.00422244985,0.000682046812
p4	3	1385	z-16	16	2048	0	4.444126e-02	3.538432e-01	-0.0484610349,0.662021637,-2.46910834,0.873574972	-0.0326214135,0.749430895,-2.44304705,0.915008187
p4	3	1386	final_output-16	16	2048	0	8.592024e-02	1.315193e-01	0.0138412239,-0.0161231887,-0.335467368,0.148589939	0.00935627799,-0.0177456085,-0.336750329,0.160033956
p4	3	1387	linear_attn_out-16	16	1024	0	9.315318e-02	1.649669e-02	-0.190320998,0.0514223576,-0.0344848149,0.0405699275	-0.190971553,0.0499237329,-0.0306620076,0.0363565758
p4	3	1388	attn_residual-16	16	1024	0	8.202962e-02	3.396565e-02	-0.821483493,-0.0508228689,-0.0457585379,-0.0454261191	-0.787517846,-0.0564314201,-0.0752774179,-0.0595878661
p4	3	1389	attn_post_norm-16	16	1024	0	8.349292e-02	3.399118e-01	-5.54131985,-0.577219248,-0.508690655,-0.421922386	-5.38682318,-0.64992094,-0.848602414,-0.561232388
p4	3	1390	ffn_out-16	16	1024	0	1.182401e-01	2.175011e-02	-0.204100743,-0.0248252079,0.0369427651,0.0238359235	-0.193152368,-0.0243254825,0.0299948044,0.0266904347
p4	3	1391	l_out-16	16	1024	0	8.450821e-02	4.491401e-02	-1.02558422,-0.0756480768,-0.00881577283,-0.0215901956	-0.980670214,-0.0807569027,-0.0452826135,-0.0328974314
p4	3	1392	attn_norm-17	17	1024	0	8.523186e-02	5.106968e-01	-10.3493891,-1.02629745,-0.111807026,-0.266579628	-10.0252266,-1.10989749,-0.581792355,-0.411490858
p4	3	1393	conv_output_silu-17	17	6144	0	2.704846e-02	2.571535e-01	-0.0906808823,-0.22199975,-0.273955256,-0.023899531	-0.093046844,-0.223433241,-0.274875373,-0.0282805152
p4	3	1394	q_conv_predelta-17	17	2048	0	5.125493e-02	5.042857e-02	-0.013770977,-0.0337133184,-0.0416033827,-0.00362942973	-0.014645393,-0.0351679586,-0.043264851,-0.00445129815
p4	3	1395	k_conv_predelta-17	17	2048	0	4.626152e-02	4.216287e-02	-0.0409241319,-0.0992915109,-0.0527614839,-0.00870005693	-0.0407790281,-0.10007979,-0.0539514385,-0.0134821096
p4	3	1396	v_conv_predelta-17	17	2048	0	3.286987e-02	1.354635e-01	-0.19486472,-0.207975402,-0.00809322018,-0.210423097	-0.198027745,-0.205801666,-0.00903381966,-0.215485424
p4	3	1397	a_softplus-17	17	16	0	8.223299e-02	8.024484e-02	0.00217344426,0.00339182513,0.411902696,0.227842689	0.00280570402,0.0035816587,0.46354562,0.249016166
p4	3	1398	gate-17	17	16	0	8.374548e-02	1.394446e-02	-0.000512220839,-0.000877924846,-0.104145311,-0.0793578923	-0.000661227037,-0.000927060493,-0.117202684,-0.0867326483
p4	3	1399	beta_sigmoid-17	17	16	0	2.094826e-02	3.127220e-02	0.629892766,0.0953524485,0.853295505,0.456853747	0.625748217,0.0926037207,0.860358775,0.440041184
p4	3	1400	state_predelta-17	17	262144	0	2.286838e-02	3.964055e-02	0.00101308851,0.031376183,0.00809255987,0.0134415785	0.00088705821,0.0314735845,0.00787689164,0.0132990098
p4	3	1401	new_state-17	17	262144	0	2.809875e-02	6.738350e-02	0.00260852766,0.0352322832,0.0101460069,0.0137739796	0.00255068648,0.0355370902,0.0100734727,0.0138404313
p4	3	1402	attn_output-17	17	2048	0	4.141283e-02	6.723359e-03	-0.00096956105,-0.000857470557,-1.79690705e-05,-0.000805763179	-0.000966239022,-0.000847247895,-5.98766337e-06,-0.000811607752
p4	3	1403	z-17	17	2048	0	4.717288e-02	3.402359e-01	0.89687264,-0.382962495,0.233401537,-3.89656973	0.886524796,-0.377585709,0.226750135,-3.99648762
p4	3	1404	final_output-17	17	2048	0	6.058380e-02	1.321475e-01	-0.316287786,0.0754238889,-0.000918050529,0.0315251462	-0.311749458,0.0739787146,-0.000297388149,0.0296333916
p4	3	1405	linear_attn_out-17	17	1024	0	7.842742e-02	1.582992e-02	-0.468365788,0.00383386016,0.0321602151,-0.0629031956	-0.452535868,0.000923626125,0.0293946937,-0.0636280403
p4	3	1406	attn_residual-17	17	1024	0	7.898712e-02	6.074393e-02	-1.49395001,-0.0718142167,0.0233444422,-0.0844933912	-1.43320608,-0.0798332766,-0.0158879198,-0.0965254754
p4	3	1407	attn_post_norm-17	17	1024	0	8.196166e-02	4.182903e-01	-8.12371635,-0.684830546,0.21479933,-0.683521748	-7.91465425,-0.773145497,-0.148463964,-0.793005347
p4	3	1408	ffn_out-17	17	1024	0	9.375656e-02	1.912821e-02	0.0324539281,-0.0103920996,-0.0187682919,0.0250855051	0.0269361287,-0.014505879,-0.0133585166,0.028654702
p4	3	1409	l_out-17	17	1024	0	7.991267e-02	5.522621e-02	-1.46149611,-0.0822063163,0.00457615033,-0.0594078861	-1.40626991,-0.0943391547,-0.0292464364,-0.0678707734
p4	3	1410	attn_norm-18	18	1024	0	7.960370e-02	4.912246e-01	-12.757123,-0.944217324,0.0505845472,-0.638576269	-12.4902201,-1.10256732,-0.328955293,-0.742331445
p4	3	1411	conv_output_silu-18	18	6144	0	3.100943e-02	5.079117e-01	-0.147098988,-0.109212764,-0.17276524,-0.265896767	-0.150789589,-0.134157211,-0.182594955,-0.26415506
p4	3	1412	q_conv_predelta-18	18	2048	0	4.657001e-02	4.038379e-02	-0.0345477089,-0.0256497394,-0.0405756906,-0.062448591	-0.0356364623,-0.0317056924,-0.0431530997,-0.0624283925
p4	3	1413	k_conv_predelta-18	18	2048	0	4.089012e-02	4.041147e-02	0.062407732,-0.0867104977,-0.0673184544,0.011914365	0.0546369217,-0.085005261,-0.068859376,0.0184882153
p4	3	1414	v_conv_predelta-18	18	2048	0	2.634850e-02	1.035962e-01	0.00233104592,-0.277188599,-0.00607312657,-0.177392453	-0.00116038788,-0.276838481,-0.00819909479,-0.168804944
p4	3	1415	a_softplus-18	18	16	0	3.013266e-02	3.740418e-02	0.01407988,1.0902648,0.0185640529,1.1779536	0.0168975163,1.07480824,0.0174333826,1.14054942
p4	3	1416	gate-18	18	16	0	3.327982e-02	1.006719e-02	-0.00586936716,-0.219776988,-0.00553056272,-0.317041904	-0.00704393256,-0.216661245,-0.00519371592,-0.306974709
p4	3	1417	beta_sigmoid-18	18	16	0	1.141007e-02	1.396108e-02	0.42616263,0.952838182,0.259386629,0.877272427	0.415011108,0.949638844,0.259171724,0.882895648
p4	3	1418	state_predelta-18	18	262144	1	2.047813e-02	7.463026e-02	0.000462969707,-0.00988927111,-0.0080304984,-0.00129255978	0.000607028254,-0.00965162925,-0.00793017168,-0.00134908757
p4	3	1419	new_state-18	18	262144	0	2.394116e-02	7.577378e-02	-0.00173619366,-0.00677960273,-0.00561421504,-0.00170432415	-0.00130063691,-0.00662252679,-0.00547563192,-0.00198369799
p4	3	1420	attn_output-18	18	2048	0	2.441032e-02	2.470903e-03	0.00272620865,-0.00682339445,-0.000283737609,-0.00538811088	0.00257349294,-0.00647869566,-0.000336853118,-0.00513751293
p4	3	1421	z-18	18	2048	0	4.441055e-02	3.457661e-01	-0.833138227,-0.777053237,-1.43277836,-0.445734859	-0.946409404,-0.757778704,-1.49475753,-0.468603373
p4	3	1422	final_output-18	18	2048	0	8.740211e-02	1.146560e-01	-0.0448451973,0.127312407,0.00545367086,0.0621229857	-0.0452779531,0.121865124,0.00655327039,0.0626511276
p4	3	1423	linear_attn_out-18	18	1024	0	8.091402e-02	1.112710e-02	-0.685205817,0.0618845671,0.0065577589,-0.083779715	-0.678545475,0.0561106876,0.00520563498,-0.0825126469
p4	3	1424	attn_residual-18	18	1024	0	7.450836e-02	6.188631e-02	-2.14670181,-0.0203217492,0.0111339092,-0.143187597	-2.0848155,-0.0382284671,-0.0240408015,-0.150383413
p4	3	1425	attn_post_norm-18	18	1024	0	7.826770e-02	3.952611e-01	-11.6855268,-0.171944857,0.0957711339,-1.05547249	-11.5530624,-0.329281926,-0.210517779,-1.12848127
p4	3	1426	ffn_out-18	18	1024	0	1.047817e-01	2.115346e-02	-0.193714052,0.0354371518,0.027389463,0.124611795	-0.214492857,0.0259450264,0.0257964972,0.120785788
p4	3	1427	l_out-18	18	1024	0	7.379857e-02	4.442070e-02	-2.34041595,0.0151154026,0.0385233723,-0.0185758024	-2.2993083,-0.0122834407,0.00175569579,-0.0295976251
p4	3	1428	attn_norm-19	19	1024	0	7.279797e-02	3.626170e-01	-13.3509531,0.0959040374,0.2519283,-0.120114982	-13.3123407,-0.0790997669,0.0116530592,-0.194242597
p4	3	1429	attn_pregate-19	19	2048	0	6.997991e-02	4.232819e-01	-0.229361326,-0.391345978,-0.110182561,-0.0298546106	-0.245547667,-0.410882503,-0.104643598,-0.04462016
p4	3	1430	attn_gated-19	19	2048	0	5.509694e-02	7.564384e-02	-0.0181552414,-0.0402191319,-0.0105866008,-0.00251663942	-0.0185598191,-0.0416216888,-0.0097225057,-0.00362968631
p4	3	1431	attn_output-19	19	1024	1	1.162812e-01	2.628052e-02	-0.217424095,-0.00217679143,-0.0799513012,0.261747926	-0.191143572,-0.00155211985,-0.079797104,0.246978626
p4	3	1432	attn_residual-19	19	1024	0	7.528745e-02	6.738830e-02	-2.55784011,0.0129386112,-0.041427929,0.243172124	-2.49045181,-0.0138355605,-0.0780414045,0.217381001
p4	3	1433	attn_post_norm-19	19	1024	0	7.912726e-02	3.622542e-01	-13.9670286,0.104575925,-0.30613941,1.4934603	-13.8419285,-0.113822632,-0.587001085,1.35890555
p4	3	1434	ffn_out-19	19	1024	0	1.030712e-01	1.948137e-02	0.000859115273,0.0139739476,-0.104726404,0.0854768679	-0.0186222587,0.021768922,-0.10866303,0.0828153118
p4	3	1435	l_out-19	19	1024	0	7.582425e-02	4.790711e-02	-2.55698109,0.0269125588,-0.146154329,0.328648984	-2.50907397,0.00793336146,-0.186704427,0.30019632
p4	3	1436	attn_norm-20	20	1024	0	7.788749e-02	4.227720e-01	-16.6570301,0.246282637,-1.24644017,2.50981164	-16.5696754,0.0735980868,-1.6141535,2.32404566
p4	3	1437	conv_output_silu-20	20	6144	0	3.825193e-02	2.371573e-01	-0.111925326,-0.277806073,-0.246970087,-0.216079831	-0.108140767,-0.277804524,-0.247691005,-0.220155269
p4	3	1438	q_conv_predelta-20	20	2048	0	4.623249e-02	3.905769e-02	-0.0376101993,-0.093351014,-0.0829892084,-0.0726091787	-0.036543414,-0.0938769504,-0.0837008581,-0.0743958578
p4	3	1439	k_conv_predelta-20	20	2048	0	4.473086e-02	3.612326e-02	-0.0774203762,0.0083990097,0.0455386043,-0.0509988517	-0.0793323889,0.00917113479,0.045050405,-0.0475103259
p4	3	1440	v_conv_predelta-20	20	2048	0	3.274399e-02	1.457424e-01	-0.00975018181,0.009221741,0.100469455,-0.0196376294	-0.0078486884,0.00551560149,0.10424111,-0.0140764816
p4	3	1441	a_softplus-20	20	16	0	2.968731e-02	4.529166e-02	0.1161246,0.568237901,0.0993474647,0.291678905	0.129941389,0.573077023,0.106639162,0.314748079
p4	3	1442	gate-20	20	16	0	2.520011e-02	1.994166e-02	-0.0259109009,-0.0987449437,-0.0180925168,-0.0835674107	-0.0289938431,-0.0995858535,-0.0194204338,-0.0901768357
p4	3	1443	beta_sigmoid-20	20	16	0	1.017543e-02	1.944202e-02	0.842811227,0.917242289,0.690688312,0.577222228	0.847926855,0.91722542,0.686031461,0.568589211
p4	3	1444	state_predelta-20	20	262144	0	2.303556e-02	5.072710e-02	-0.00171321887,0.000170666084,0.000755976886,-0.000864351867	-0.0017733865,0.000107791857,0.000683252118,-0.000983227044
p4	3	1445	new_state-20	20	262144	1	2.799096e-02	5.860451e-02	-0.000708692882,6.20779247e-05,0.000171554449,-0.000209401478	-0.000786939112,-3.46705201e-06,0.000132332614,-0.000394718896
p4	3	1446	attn_output-20	20	2048	0	3.228874e-02	3.991257e-03	-0.0003866099,0.000102202641,0.00305094733,-0.000686382235	-0.000311749929,2.17708205e-07,0.00309025357,-0.000516824424
p4	3	1447	z-20	20	2048	0	4.713664e-02	3.841050e-01	-1.11114061,-3.15302849,0.997904956,0.235684872	-1.09887409,-3.21572113,0.948145986,0.240887702
p4	3	1448	final_output-20	20	2048	0	3.849139e-02	1.224756e-01	0.0130526144,-0.00171391829,0.263864875,-0.00998415705	0.010932208,-3.64842163e-06,0.260672867,-0.00801425707
p4	3	1449	linear_attn_out-20	20	1024	0	7.690903e-02	1.847113e-02	-0.764017105,0.0150087634,-0.0152758798,0.0964381099	-0.748748779,0.0233848579,-0.0101933228,0.0845017135
p4	3	1450	attn_residual-20	20	1024	0	7.145002e-02	6.317544e-02	-3.32099819,0.0419213213,-0.16143021,0.425087094	-3.25782275,0.0313182175,-0.196897745,0.384698033
p4	3	1451	attn_post_norm-20	20	1024	0	7.830933e-02	3.368253e-01	-13.8517485,0.306399763,-1.1940397,2.45033145	-13.7806358,0.232143402,-1.47700012,2.24891353
p4	3	1452	ffn_out-20	20	1024	0	1.012992e-01	1.894481e-02	0.161165446,-0.00649962714,-0.0399112441,0.0482211486	0.160440952,-0.014370041,-0.0410811342,0.0427611582
p4	3	1453	l_out-20	20	1024	0	7.508649e-02	6.245089e-02	-3.15983272,0.0354216956,-0.20134145,0.473308235	-3.09738183,0.0169481765,-0.237978876,0.42745918
p4	3	1454	attn_norm-21	21	1024	0	7.913517e-02	4.456841e-01	-17.6459141,0.30370912,-1.57488978,3.44412303	-17.5032215,0.147046477,-1.88364279,3.14754844
p4	3	1455	conv_output_silu-21	21	6144	0	2.327451e-02	1.535559e-01	-0.2756733,0.493179351,-0.2774252,-0.192500934	-0.277175516,0.433355898,-0.278338403,-0.20657979
p4	3	1456	q_conv_predelta-21	21	2048	0	3.948227e-02	2.954227e-02	-0.0547041595,0.0978657007,-0.0550517999,-0.03819957	-0.055225011,0.0863427073,-0.0554567054,-0.0411593765
p4	3	1457	k_conv_predelta-21	21	2048	0	4.683438e-02	3.673995e-02	0.00703524798,-0.00238263654,0.0207235292,0.0233621076	0.00697950693,-0.00568537274,0.017496733,0.0260032136
p4	3	1458	v_conv_predelta-21	21	2048	0	3.267508e-02	8.842480e-02	0.056773454,-0.0103487168,0.117251307,-0.0629787892	0.0670194775,-0.00510125607,0.118120581,-0.065209955
p4	3	1459	a_softplus-21	21	16	0	6.300513e-02	1.264112e-01	0.616259813,0.710596025,0.0295198858,0.945779443	0.649332464,0.761231601,0.0360739939,1.0230962
p4	3	1460	gate-21	21	16	0	6.720774e-02	3.666478e-02	-0.182166055,-0.183927491,-0.0110307755,-0.448503137	-0.191942304,-0.197033778,-0.0134798661,-0.485167921
p4	3	1461	beta_sigmoid-21	21	16	0	1.185573e-02	2.038324e-02	0.615592062,0.856994629,0.430596769,0.879591405	0.623209238,0.853220999,0.429628372,0.880362689
p4	3	1462	state_predelta-21	21	262144	0	4.380027e-02	7.434192e-02	0.00100701733,0.000192818494,0.00264705648,-0.000555355975	0.000862842193,0.000428906933,0.0024247535,-0.000454404333
p4	3	1463	new_state-21	21	262144	0	4.247849e-02	7.474121e-02	0.00103175279,9.55327851e-05,0.0027730919,0.000176175003	0.000952282164,0.000158393726,0.0026032601,0.000519601745
p4	3	1464	attn_output-21	21	2048	0	3.379442e-02	5.422316e-03	9.63854254e-05,-0.000138368399,2.27500786e-05,-9.07085778e-05	0.00010767459,-0.000137129289,1.57279828e-05,-9.29945018e-05
p4	3	1465	z-21	21	2048	0	5.235662e-02	3.879318e-01	1.60771596,0.335637093,0.829926729,0.616167307	1.82852149,0.422502369,0.820499122,0.452085912
p4	3	1466	final_output-21	21	2048	0	8.423548e-02	8.915710e-02	0.10574919,-0.0183144864,0.00971782859,-0.0333331935	0.138932392,-0.0236650221,0.00662185857,-0.0235938337
p4	3	1467	linear_attn_out-21	21	1024	0	1.072145e-01	2.249992e-02	-0.41858843,-0.0622465909,0.0275337361,-0.0145191327	-0.41262114,-0.0618722849,0.0259564333,-0.0178687014
p4	3	1468	attn_residual-21	21	1024	0	7.314928e-02	6.841803e-02	-3.57842112,-0.0268248953,-0.17380771,0.45878911	-3.51000309,-0.0449241102,-0.212022439,0.409590483
p4	3	1469	attn_post_norm-21	21	1024	0	7.963206e-02	3.538584e-01	-14.0080938,-0.181520313,-1.16061616,2.44924498	-13.9218025,-0.308011591,-1.43450403,2.2154882
p4	3	1470	ffn_out-21	21	1024	0	9.500501e-02	3.237256e-02	-0.281086087,0.0334474817,-0.180427015,0.0507762544	-0.248713523,0.0281263441,-0.167369127,0.0468948595
p4	3	1471	l_out-21	21	1024	0	7.463087e-02	1.007905e-01	-3.85950708,0.0066225864,-0.354234725,0.509565353	-3.75871658,-0.0167977661,-0.379391551,0.456485331
p4	3	1472	attn_norm-22	22	1024	0	7.603007e-02	3.968154e-01	-17.7684898,0.0437413752,-2.15272951,3.09261894	-17.6400356,-0.113098674,-2.35032105,2.82419419
p4	3	1473	conv_output_silu-22	22	6144	0	3.404451e-02	1.867313e-01	0.00372069585,-0.063785851,0.022926433,-0.0511525981	0.0230939016,-0.0671625361,0.0193750691,-0.0521809645
p4	3	1474	q_conv_predelta-22	22	2048	0	3.948598e-02	3.713652e-02	0.000799156202,-0.0137003558,0.00492429361,-0.0109869	0.00498368498,-0.0144937364,0.00418115733,-0.0112606995
p4	3	1475	k_conv_predelta-22	22	2048	0	5.273865e-02	4.217976e-02	-0.0205901358,0.233415797,-0.0693651065,-0.12536712	-0.0202079732,0.232409805,-0.0638360158,-0.126076728
p4	3	1476	v_conv_predelta-22	22	2048	0	3.277778e-02	5.980533e-02	-0.000715955277,0.00879437663,-0.00425853906,-0.017033631	-0.00124948903,0.00530118588,-0.00416386966,-0.0165923499
p4	3	1477	a_softplus-22	22	16	0	2.193446e-02	8.767313e-02	0.395868868,0.956509531,3.34080815,0.516281724	0.414317161,0.984464824,3.27846289,0.603954852
p4	3	1478	gate-22	22	16	0	1.709023e-02	4.088688e-02	-0.0732283816,-0.2167871,-2.1909554,-0.0970064625	-0.076640971,-0.223122999,-2.15006852,-0.113479756
p4	3	1479	beta_sigmoid-22	22	16	0	1.272664e-02	2.123106e-02	0.445816815,0.764082909,0.9623909,0.64600271	0.442064673,0.773291051,0.959265292,0.667233765
p4	3	1480	state_predelta-22	22	262144	0	4.607058e-02	3.269871e-02	0.000476289308,-0.000479345588,0.00312252296,-0.000573213154	0.000426650309,-0.000396884192,0.00306237326,-0.000685197534
p4	3	1481	new_state-22	22	262144	0	4.396399e-02	3.286508e-02	0.00042703643,-0.000268409553,0.00284941075,-0.000627851696	0.000391721318,-0.000327905203,0.0028255349,-0.000656180317
p4	3	1482	attn_output-22	22	2048	0	3.409797e-02	1.322556e-03	4.84711454e-05,4.98014415e-05,1.46839766e-05,-5.6273122e-05	4.84860757e-05,3.64998632e-05,1.24449425e-05,-5.94351441e-05
p4	3	1483	z-22	22	2048	0	3.791151e-02	3.300967e-01	2.20971203,-0.489020765,-1.91251206,-1.09514332	2.23628283,-0.402296543,-1.87976968,-1.13869226
p4	3	1484	final_output-22	22	2048	0	7.135560e-02	4.703038e-01	0.109286897,-0.00947417133,-0.0038523823,0.0148334261	0.110830702,-0.00601739762,-0.00329899904,0.0157510545
p4	3	1485	linear_attn_out-22	22	1024	0	9.264935e-02	4.674852e-02	0.227222919,-0.0583894923,0.0353688747,0.265745908	0.180474401,-0.0566047244,0.0298442021,0.273002893
p4	3	1486	attn_residual-22	22	1024	0	7.460910e-02	6.754043e-02	-3.63228416,-0.0517669059,-0.318865836,0.775311232	-3.5782423,-0.0734024942,-0.349547356,0.729488254
p4	3	1487	attn_post_norm-22	22	1024	0	7.810485e-02	3.770509e-01	-14.3098946,-0.29424426,-1.78016424,3.55871153	-14.3269186,-0.424026519,-1.98328233,3.4029963
p4	3	1488	ffn_out-22	22	1024	0	8.378136e-02	2.216648e-02	-0.212913245,-0.0713865384,0.0810194835,0.0859859139	-0.213839471,-0.0650226697,0.0775142983,0.0797075629
p4	3	1489	l_out-22	22	1024	0	7.507274e-02	6.945020e-02	-3.84519744,-0.123153448,-0.237846345,0.861297131	-3.79208183,-0.138425171,-0.272033066,0.809195817
p4	3	1490	attn_norm-23	23	1024	0	7.500186e-02	3.191270e-01	-14.8620071,-0.609489858,-1.21634507,3.59539652	-14.8445902,-0.693851709,-1.40900874,3.42120504
p4	3	1491	attn_pregate-23	23	2048	0	2.062501e-02	7.651939e-01	-6.35686731,-0.0380665064,-0.520269156,-0.0867115632	-6.27811527,-0.0195005536,-0.487984717,-0.072661154
p4	3	1492	attn_gated-23	23	2048	0	4.868172e-02	1.613975e-01	-0.55688107,-0.00436314568,-0.0578083806,-0.0184241589	-0.550117493,-0.00233852025,-0.0556741692,-0.016158225
p4	3	1493	attn_output-23	23	1024	0	7.047129e-02	2.606544e-02	-0.0848311931,0.0708257779,-0.0238217562,0.346576869	-0.102982372,0.0699338838,-0.0255340561,0.339472979
p4	3	1494	attn_residual-23	23	1024	0	7.902967e-02	6.958958e-02	-3.93002868,-0.0523276702,-0.261668086,1.20787406	-3.89506412,-0.0684912875,-0.297567129,1.14866877
p4	3	1495	attn_post_norm-23	23	1024	0	8.144136e-02	3.243780e-01	-15.1891832,-0.244473889,-1.12474573,4.85671473	-15.2588749,-0.32434386,-1.29645586,4.68149948
p4	3	1496	ffn_out-23	23	1024	0	4.841778e-02	7.436001e-02	1.18235731,0.591896772,0.172491416,1.40960562	1.1079973,0.597618222,0.185079187,1.41358292
p4	3	1497	l_out-23	23	1024	0	7.817445e-02	9.238879e-02	-2.74767137,0.53956908,-0.0891766697,2.6174798	-2.78706694,0.529126942,-0.112487942,2.56225157
p4	3	1498	result_norm	-1	1024	0	8.432723e-02	1.373259e+00	-1.92296076,6.35988235,-1.02046466,33.4231567	-1.96838379,6.29388285,-1.29900086,33.0173874
p4	3	1499	result_output	-1	248320	0	8.321784e-02	1.048880e+00	7.98747683,5.4302268,9.50121212,2.93149662	7.81993532,5.62266254,9.21133804,3.00886917
