label	pos	idx	tensor	layer	n	bit_equal	rel_l2	max_abs	llama_first4	apr_first4
orig	4	0	model.input_embed	-1	1024	1024	0.000000e+00	0.000000e+00	0.0102546215,-0.020509243,-0.0364608765,-0.0148122311	0.0102546215,-0.020509243,-0.0364608765,-0.0148122311
orig	4	1	attn_norm-0	0	1024	1024	0.000000e+00	0.000000e+00	1.12772536,-1.4603163,-3.07775044,-1.42213809	1.12772536,-1.4603163,-3.07775044,-1.42213809
orig	4	2	conv_output_silu-0	0	6144	6144	0.000000e+00	0.000000e+00	-0.00236968277,0.0145317502,0.037611559,-0.113674656	-0.00236968277,0.0145317502,0.037611559,-0.113674656
orig	4	3	q_conv_predelta-0	0	2048	557	1.012906e-07	5.960464e-08	-0.00612217188,0.0375433713,0.0971710011,-0.293683112	-0.00612217281,0.037543375,0.0971710086,-0.293683141
orig	4	4	k_conv_predelta-0	0	2048	747	9.578374e-08	1.192093e-07	0.0881717354,-0.112645395,-0.0111633986,0.00594236702	0.0881717429,-0.11264541,-0.0111633996,0.00594236748
orig	4	5	v_conv_predelta-0	0	2048	2048	0.000000e+00	0.000000e+00	-0.0088395467,-0.00937544927,-0.000724908372,0.0194534138	-0.0088395467,-0.00937544927,-0.000724908372,0.0194534138
orig	4	6	a_softplus-0	0	16	16	0.000000e+00	0.000000e+00	2.8895278,0.0011778092,0.0072390642,5.7669363	2.8895278,0.0011778092,0.0072390642,5.7669363
orig	4	7	gate-0	0	16	16	0.000000e+00	0.000000e+00	-3.73932672,-0.000154494934,-0.000864582951,-3.2730906	-3.73932672,-0.000154494934,-0.000864582951,-3.2730906
orig	4	8	beta_sigmoid-0	0	16	16	0.000000e+00	0.000000e+00	0.168792516,0.352823824,0.637644529,0.993865788	0.168792516,0.352823824,0.637644529,0.993865788
orig	4	9	state_predelta-0	0	262144	87248	1.044974e-07	1.192093e-07	-6.82867976e-05,-3.24258035e-05,-4.12315967e-05,1.54033896e-05	-6.82868122e-05,-3.24258035e-05,-4.12316003e-05,1.54033896e-05
orig	4	10	new_state-0	0	262144	76710	9.802806e-08	1.192093e-07	-0.000133248468,0.000167389502,1.56849619e-05,-8.50479591e-06	-0.000133248483,0.000167389517,1.56849637e-05,-8.50479591e-06
orig	4	11	attn_output-0	0	2048	376	1.761049e-07	1.303852e-08	-1.26600625e-07,-2.74729956e-07,-3.70372987e-07,6.62368791e-07	-1.26600568e-07,-2.74730183e-07,-3.70373129e-07,6.62368961e-07
orig	4	12	z-0	0	2048	2048	0.000000e+00	0.000000e+00	-2.63187838,-1.32995009,0.215324283,-1.38594782	-2.63187838,-1.32995009,0.215324283,-1.38594782
orig	4	13	final_output-0	0	2048	390	1.608749e-07	2.384186e-07	2.15380605e-05,7.56787122e-05,-4.0961022e-05,-0.000169753082	2.15380514e-05,7.56787704e-05,-4.09610366e-05,-0.000169753126
orig	4	14	linear_attn_out-0	0	1024	92	3.773873e-07	7.823110e-08	-0.751326323,0.00795625523,0.00532823801,0.0494123474	-0.751326382,0.00795627013,0.00532824546,0.0494123697
orig	4	15	attn_residual-0	0	1024	104	3.735403e-07	7.823110e-08	-0.741071701,-0.0125529878,-0.0311326385,0.0346001163	-0.741071761,-0.0125529729,-0.031132631,0.0346001387
orig	4	16	attn_post_norm-0	0	1024	117	4.239895e-07	1.788139e-06	-10.037034,-0.311870039,-0.795896888,0.866737127	-10.037035,-0.311869681,-0.795896709,0.866737723
orig	4	17	ffn_out-0	0	1024	107	2.291344e-07	1.862645e-08	0.209194347,-0.0197349563,-0.0383122563,0.00140387053	0.209194332,-0.0197349656,-0.0383122526,0.0014038696
orig	4	18	l_out-0	0	1024	88	4.005980e-07	7.823110e-08	-0.531877339,-0.0322879441,-0.0694448948,0.0360039882	-0.531877398,-0.0322879404,-0.0694448799,0.0360040069
orig	4	19	attn_norm-1	1	1024	78	4.039263e-07	3.814697e-06	-13.5813999,-1.06832397,-2.19784832,1.22174561	-13.5814037,-1.06832385,-2.19784808,1.22174633
orig	4	20	conv_output_silu-1	1	6144	630	3.020196e-07	6.258488e-07	-0.0161510985,-0.0189677346,-0.0915577188,-0.278463036	-0.0161511097,-0.0189677365,-0.0915577114,-0.278463066
orig	4	21	q_conv_predelta-1	1	2048	167	3.082115e-07	4.023314e-07	-0.0122945383,-0.014438618,-0.0696955621,-0.211971626	-0.0122945486,-0.0144386208,-0.0696955621,-0.21197167
orig	4	22	k_conv_predelta-1	1	2048	148	3.489165e-07	2.980232e-07	-0.0484246612,-0.0128006553,-0.0187205952,0.0529469103	-0.0484246463,-0.0128006916,-0.0187205896,0.0529469177
orig	4	23	v_conv_predelta-1	1	2048	188	2.594671e-07	4.768372e-07	-0.00493195653,-0.0728338063,0.000355264201,0.00933027919	-0.00493201753,-0.0728338212,0.00035525515,0.00933028478
orig	4	24	a_softplus-1	1	16	16	0.000000e+00	0.000000e+00	0.193796068,2.98604155,2.04173899,2.52086115	0.193796068,2.98604155,2.04173899,2.52086115
orig	4	25	gate-1	1	16	16	0.000000e+00	0.000000e+00	-0.0347457193,-3.22080803,-2.33858037,-0.762836218	-0.0347457193,-3.22080803,-2.33858037,-0.762836218
orig	4	26	beta_sigmoid-1	1	16	16	0.000000e+00	0.000000e+00	0.491131455,0.119351991,0.28783673,0.524800003	0.491131455,0.119351991,0.28783673,0.524800003
orig	4	27	state_predelta-1	1	262144	12737	3.659929e-07	7.152557e-07	-0.00985844154,-0.00123640848,-0.00100470567,0.00163891213	-0.00985845365,-0.00123640685,-0.00100470672,0.00163891236
orig	4	28	new_state-1	1	262144	12958	3.447548e-07	7.152557e-07	-0.00892203394,-0.00103564677,-0.000738536357,0.000927183137	-0.00892204326,-0.00103564432,-0.000738536881,0.000927181682
orig	4	29	attn_output-1	1	2048	119	1.964594e-07	3.725290e-09	-6.20602586e-05,-0.00081135449,-1.64601062e-07,1.55402086e-05	-6.20604114e-05,-0.000811354548,-1.64616026e-07,1.55402286e-05
orig	4	30	z-1	1	2048	239	2.881852e-07	2.861023e-06	-4.3530407,-4.63395166,-1.10070157,0.706582785	-4.35304165,-4.63395309,-1.10070157,0.706583261
orig	4	31	final_output-1	1	2048	64	4.384092e-07	7.152557e-07	0.00297944155,0.0313395672,4.29326356e-05,0.0076949806	0.00297944667,0.0313395374,4.29365391e-05,0.00769499689
orig	4	32	linear_attn_out-1	1	1024	209	6.113784e-07	5.960464e-08	-0.586553931,-0.00353957713,-0.000670775771,0.00136896968	-0.586553931,-0.00353958458,-0.000670731068,0.00136895478
orig	4	33	attn_residual-1	1	1024	73	4.030825e-07	8.940697e-08	-1.11843133,-0.0358275212,-0.0701156706,0.0373729579	-1.11843133,-0.035827525,-0.070115611,0.0373729616
orig	4	34	attn_post_norm-1	1	1024	81	4.768498e-07	1.803041e-06	-14.1939182,-0.716249645,-1.4160769,0.796870053	-14.1939182,-0.716249704,-1.41607571,0.796870172
orig	4	35	ffn_out-1	1	1024	59	3.080340e-07	8.940697e-08	0.458868086,0.0479389727,-0.0443562195,0.000785784912	0.458867997,0.0479389615,-0.0443561971,0.00078578887
orig	4	36	l_out-1	1	1024	65	4.722988e-07	8.940697e-08	-0.659563243,0.0121114515,-0.11447189,0.0381587446	-0.659563303,0.0121114366,-0.114471808,0.038158752
orig	4	37	attn_norm-2	2	1024	52	4.789622e-07	3.814697e-06	-16.3472633,0.367723078,-3.35585642,1.17333817	-16.3472672,0.36772272,-3.35585475,1.17333865
orig	4	38	conv_output_silu-2	2	6144	8	4.008979e-04	1.969188e-03	-0.0182222892,-0.00719097117,0.00225068023,0.00483348221	-0.0182229653,-0.00719059212,0.00225082389,0.00483406242
orig	4	39	q_conv_predelta-2	2	2048	0	4.419070e-04	5.071759e-04	-0.0168745145,-0.00665910495,0.00208421308,0.00447598286	-0.0168746598,-0.00665856479,0.00208428688,0.00447639311
orig	4	40	k_conv_predelta-2	2	2048	0	5.439823e-04	9.881780e-04	0.00728583382,0.00752355671,-0.0176894534,-0.158648908	0.00728429249,0.00752334623,-0.0176892262,-0.158646777
orig	4	41	v_conv_predelta-2	2	2048	2	2.510791e-04	3.869757e-04	0.017702559,0.0138805471,-0.0412701108,-0.0360118076	0.017701922,0.0138767511,-0.0412697569,-0.0360120423
orig	4	42	a_softplus-2	2	16	16	0.000000e+00	0.000000e+00	3.99106884,0.335518777,1.30631661,2.98336649	3.99106884,0.335518777,1.30631661,2.98336649
orig	4	43	gate-2	2	16	16	0.000000e+00	0.000000e+00	-3.58281541,-0.0946374163,-0.389175028,-1.94891167	-3.58281541,-0.0946374163,-0.389175028,-1.94891167
orig	4	44	beta_sigmoid-2	2	16	16	0.000000e+00	0.000000e+00	0.121656559,0.639844298,0.674891651,0.323643923	0.121656559,0.639844298,0.674891651,0.323643923
orig	4	45	state_predelta-2	2	262144	4	1.659081e-03	4.484147e-03	0.00126030785,-0.000555749692,-0.000899400504,-0.00638069818	0.00125844672,-0.000556850922,-0.000905638502,-0.00636910833
orig	4	46	new_state-2	2	262144	10	1.000288e-03	9.643212e-04	5.05692005e-05,5.9456579e-07,-6.27211848e-05,-0.000515662716	5.05137286e-05,5.63039066e-07,-6.28930065e-05,-0.000515326159
orig	4	47	attn_output-2	2	2048	0	3.090302e-04	1.023524e-05	6.66723236e-06,7.30484044e-06,-1.16061292e-05,-1.27414751e-05	6.66707047e-06,7.33582374e-06,-1.16101628e-05,-1.27425519e-05
orig	4	48	z-2	2	2048	135	3.199661e-07	2.384186e-06	1.02912486,0.0577385426,0.195348918,-0.442377776	1.02912486,0.0577388406,0.195348799,-0.442377687
orig	4	49	final_output-2	2	2048	1	4.499986e-04	3.634691e-04	0.00516532967,0.000144041507,-0.00113676523,0.00215311651	0.00516520301,0.000144653182,-0.0011371593,0.00215329765
orig	4	50	linear_attn_out-2	2	1024	0	2.619087e-03	2.256557e-04	-0.630560637,0.0177338943,0.0117432754,-0.021132255	-0.630345464,0.0177573562,0.0117652891,-0.0212153178
orig	4	51	attn_residual-2	2	1024	0	1.044390e-03	2.256371e-04	-1.29012394,0.0298453458,-0.102728613,0.0170264896	-1.28990877,0.0298687927,-0.102706522,0.0169434343
orig	4	52	attn_post_norm-2	2	1024	0	1.256095e-03	5.211115e-03	-15.637125,0.568133295,-1.98506749,0.327979356	-15.6356955,0.56862247,-1.98479021,0.326404065
orig	4	53	ffn_out-2	2	1024	0	1.552876e-02	3.442936e-03	0.741962016,0.0183550995,-0.0977825746,0.0248851515	0.742400706,0.0192796811,-0.0984724835,0.0242158528
orig	4	54	l_out-2	2	1024	0	1.068858e-02	3.387023e-03	-0.548161924,0.0482004434,-0.200511187,0.0419116393	-0.547508061,0.0491484739,-0.201178998,0.0411592871
orig	4	55	attn_norm-3	3	1024	0	1.052181e-02	7.386352e-02	-11.1648569,1.17199647,-4.4068923,0.971438468	-11.1403399,1.19384789,-4.41712904,0.95304215
orig	4	56	attn_pregate-3	3	2048	0	1.372699e-02	3.602159e-02	0.184655949,0.134550259,0.31392774,-0.561600745	0.180469349,0.12879774,0.313900828,-0.557954907
orig	4	57	attn_gated-3	3	2048	0	1.770324e-02	1.347014e-02	0.0035539649,0.00601127371,0.014910941,-0.0354234688	0.00344073377,0.00590093248,0.0149314161,-0.0363958254
orig	4	58	attn_output-3	3	1024	0	3.580511e-02	2.520390e-03	0.0137948282,-0.00249676034,0.0302124154,0.00790394749	0.0123644723,-0.00205901731,0.0305590034,0.00794056058
orig	4	59	attn_residual-3	3	1024	0	1.685521e-02	3.601870e-03	-0.534367085,0.045703683,-0.17029877,0.0498155877	-0.535143614,0.0470894575,-0.170619994,0.0490998477
orig	4	60	attn_post_norm-3	3	1024	0	1.796700e-02	7.318515e-02	-6.78621674,0.869211435,-3.33616066,0.984355509	-6.77616167,0.89294225,-3.33265829,0.967369318
orig	4	61	ffn_out-3	3	1024	0	3.590142e-02	5.531780e-03	-0.0649669021,0.0259725787,0.00737767294,-0.0302664563	-0.0594351217,0.0254482683,0.00630329177,-0.0305449069
orig	4	62	l_out-3	3	1024	0	2.025868e-02	4.755259e-03	-0.599334002,0.0716762617,-0.162921101,0.0195491314	-0.594578743,0.0725377277,-0.164316699,0.0185549408
orig	4	63	attn_norm-4	4	1024	0	2.097592e-02	1.117527e-01	-11.4993401,1.81385827,-3.84252381,0.507176816	-11.4076042,1.8355788,-3.87527013,0.48136279
orig	4	64	conv_output_silu-4	4	6144	0	1.535472e-02	7.050252e-02	-0.0510673113,0.0122016929,-0.0807816312,-0.0152436616	-0.0528451204,0.0121188117,-0.0823020339,-0.0171464644
orig	4	65	q_conv_predelta-4	4	2048	0	2.073074e-02	1.616251e-02	-0.0306856316,0.00733182626,-0.0485405512,-0.00915970188	-0.0313806981,0.00719644083,-0.0488729216,-0.0101819811
orig	4	66	k_conv_predelta-4	4	2048	0	1.876683e-02	1.291019e-02	0.00411438756,0.0925879851,-0.0225723796,0.00565116853	0.00376426661,0.0941384211,-0.0233008694,0.00540371006
orig	4	67	v_conv_predelta-4	4	2048	0	1.256088e-02	3.904426e-02	0.099472113,0.0235356912,-0.0142260836,0.0107238479	0.101831831,0.0230931155,-0.0149254436,0.0109734591
orig	4	68	a_softplus-4	4	16	0	6.219441e-03	1.863551e-02	0.749274969,2.34229732,0.0260233581,2.43088937	0.751135051,2.3236618,0.0283505581,2.42619324
orig	4	69	gate-4	4	16	0	6.417571e-03	2.330279e-02	-0.312344283,-2.27578187,-0.00818861276,-1.27599454	-0.31311968,-2.25767541,-0.00892089866,-1.27352953
orig	4	70	beta_sigmoid-4	4	16	0	4.622550e-03	5.508840e-03	0.720565319,0.741650999,0.697300196,0.514279425	0.718063295,0.739647686,0.702809036,0.515998423
orig	4	71	state_predelta-4	4	262144	0	2.314747e-03	1.013067e-02	-0.000950800721,-0.0120751886,0.000801351154,9.15651763e-05	-0.000917644706,-0.0120455725,0.000816447195,9.1324524e-05
orig	4	72	new_state-4	4	262144	0	3.747501e-03	1.113814e-02	-0.000316144986,-0.00029381644,-0.00149610383,0.000588364899	-0.000318822218,-1.17253512e-06,-0.00158270437,0.00057225849
orig	4	73	attn_output-4	4	2048	0	9.602969e-03	2.959520e-03	0.000201725168,5.76582352e-05,-3.65819615e-05,2.2972381e-05	0.000198013891,5.44059876e-05,-3.61137172e-05,2.26392931e-05
orig	4	74	z-4	4	2048	0	1.216330e-02	9.012890e-02	-4.83081627,0.659484565,1.17201138,-0.0672706962	-4.86517096,0.665918887,1.12490547,-0.0712115169
orig	4	75	final_output-4	4	2048	0	3.033696e-02	3.488030e-02	-0.00650241738,0.0254069977,-0.0263507534,-0.000679962395	-0.00623254245,0.0243381206,-0.0247649681,-0.000710169261
orig	4	76	linear_attn_out-4	4	1024	0	3.624328e-02	3.055976e-03	-0.25443548,-0.00642214529,-0.0287405979,-0.00196900964	-0.256012261,-0.00592900766,-0.0312157292,-0.00325120753
orig	4	77	attn_residual-4	4	1024	0	2.156992e-02	5.037894e-03	-0.853769481,0.0652541146,-0.191661701,0.0175801218	-0.850591004,0.0666087195,-0.195532426,0.0153037328
orig	4	78	attn_post_norm-4	4	1024	0	2.418411e-02	9.319776e-02	-10.2974119,1.15013921,-3.32230449,0.320870697	-10.2508774,1.17307651,-3.38669157,0.279099017
orig	4	79	ffn_out-4	4	1024	0	4.050506e-02	4.785705e-03	0.3047252,-0.0176364537,-0.0492991209,-0.00596015528	0.306453139,-0.0181037672,-0.0485902205,-0.00513967872
orig	4	80	l_out-4	4	1024	0	2.406658e-02	4.906416e-03	-0.549044251,0.047617659,-0.240960822,0.0116199665	-0.544137836,0.0485049523,-0.244122654,0.0101640541
orig	4	81	attn_norm-5	5	1024	0	2.510903e-02	1.107361e-01	-10.3426886,1.20800114,-5.68529415,0.308530599	-10.2371578,1.22893751,-5.75253057,0.269528538
orig	4	82	conv_output_silu-5	5	6144	0	1.842524e-02	1.839304e-01	-0.0827591196,-0.0196915641,-0.0253059603,0.15845567	-0.0839176327,-0.0175933968,-0.025664635,0.15876016
orig	4	83	q_conv_predelta-5	5	2048	0	1.890745e-02	1.472968e-02	-0.0460894853,-0.0109664537,-0.0140931737,0.0882457495	-0.0465237014,-0.00975373015,-0.0142284026,0.0880161896
orig	4	84	k_conv_predelta-5	5	2048	0	1.892312e-02	2.045739e-02	-0.00660782307,-0.025107896,-0.127598807,-0.0199604854	-0.006435371,-0.0246603433,-0.123194896,-0.0198169742
orig	4	85	v_conv_predelta-5	5	2048	0	9.650742e-03	3.561592e-02	-0.0251435507,0.0147376927,-0.0292862076,0.00115634233	-0.0255445987,0.0158980861,-0.0295819435,-5.76185048e-05
orig	4	86	a_softplus-5	5	16	0	1.416754e-02	2.687931e-02	0.804339647,0.14548704,0.350041896,0.00338493451	0.820002854,0.148988724,0.369465292,0.00331899477
orig	4	87	gate-5	5	16	0	9.952197e-03	1.196718e-02	-0.614304304,-0.0176495798,-0.0891986042,-0.0014165733	-0.626266897,-0.018074384,-0.0941481218,-0.00138897798
orig	4	88	beta_sigmoid-5	5	16	0	2.387129e-03	2.660692e-03	0.700660706,0.752185762,0.713857114,0.477051497	0.698094726,0.753169477,0.712553561,0.4750534
orig	4	89	state_predelta-5	5	262144	1	6.088078e-03	1.167446e-02	-0.000127735228,0.00013516139,0.000480597257,0.000236279331	-0.000124614642,0.000135675451,0.000584322377,0.00022928798
orig	4	90	new_state-5	5	262144	1	6.548467e-03	1.418173e-02	4.21783407e-05,0.000495977874,0.00240895967,0.000463994598	4.22813464e-05,0.000489828235,0.00239705341,0.000457913266
orig	4	91	attn_output-5	5	2048	0	8.366432e-03	6.166771e-04	-3.60109407e-05,1.87835522e-05,-3.28355782e-05,5.73220063e-07	-3.52423194e-05,1.97720055e-05,-3.22473643e-05,-9.50471986e-07
orig	4	92	z-5	5	2048	0	1.599254e-02	1.037052e-01	0.826976299,2.01861644,0.114294291,0.186598167	0.806733429,2.03292298,0.190670222,0.173180789
orig	4	93	final_output-5	5	2048	0	3.474102e-02	1.637600e-02	-0.0197372902,0.0307188518,-0.00192852074,5.62606729e-05	-0.0187298525,0.032624431,-0.00327362586,-8.60670334e-05
orig	4	94	linear_attn_out-5	5	1024	0	4.037688e-02	5.434781e-03	-0.331744403,0.000755710527,0.019219039,0.0126093263	-0.326309621,-5.1850453e-05,0.0199730024,0.0119817918
orig	4	95	attn_residual-5	5	1024	0	2.391357e-02	1.034123e-02	-0.880788684,0.0483733714,-0.221741781,0.0242292918	-0.870447457,0.0484531,-0.224149644,0.022145845
orig	4	96	attn_post_norm-5	5	1024	0	2.726050e-02	1.129065e-01	-10.1316977,0.836420238,-3.6417675,0.440847903	-10.0187912,0.838304937,-3.68353677,0.403183371
orig	4	97	ffn_out-5	5	1024	0	4.956372e-02	4.348760e-03	0.257973552,0.00718222745,-0.0298569333,-0.0111127244	0.258921087,0.00777858775,-0.0301425066,-0.0102236811
orig	4	98	l_out-5	5	1024	0	2.583788e-02	1.128876e-02	-0.622815132,0.0555555969,-0.251598716,0.0131165674	-0.61152637,0.0562316887,-0.25429216,0.0119221639
orig	4	99	attn_norm-6	6	1024	0	2.714766e-02	2.133770e-01	-11.0059214,1.2721343,-5.57049227,0.318162203	-10.7925444,1.28596067,-5.62288952,0.288818419
orig	4	100	conv_output_silu-6	6	6144	0	2.574855e-02	5.408084e-02	0.0243653264,-0.155336857,-0.00751747936,0.0564884767	0.0306467731,-0.157918394,-0.00716795493,0.0548548661
orig	4	101	q_conv_predelta-6	6	2048	0	2.723034e-02	2.955429e-02	0.0138389897,-0.0882280469,-0.00426976942,0.0320842601	0.0171363391,-0.0883010849,-0.00400800817,0.0306724496
orig	4	102	k_conv_predelta-6	6	2048	0	2.686788e-02	1.845596e-02	0.0478875265,-0.0389394872,-0.00917188358,0.01491684	0.0480565354,-0.0386663415,-0.0141902296,0.0144616542
orig	4	103	v_conv_predelta-6	6	2048	0	1.706387e-02	1.788652e-02	-0.0058688703,-0.00042405905,-0.0118916882,0.0120661808	-0.00590112805,-0.000727686507,-0.0125151873,0.0119854128
orig	4	104	a_softplus-6	6	16	0	8.462550e-03	1.966792e-02	0.559966564,0.312118292,0.802556515,0.318915188	0.572939992,0.32079348,0.815220594,0.327630162
orig	4	105	gate-6	6	16	0	1.428491e-02	1.740611e-02	-0.10197749,-0.231946617,-0.244765922,-0.176811025	-0.104340121,-0.238393471,-0.248628244,-0.181642726
orig	4	106	beta_sigmoid-6	6	16	0	3.291204e-03	4.717350e-03	0.763787508,0.421970397,0.664702892,0.617087901	0.762415648,0.419890106,0.662102699,0.614653885
orig	4	107	state_predelta-6	6	262144	1	1.166860e-02	1.051152e-02	-3.68546862e-05,-0.000149208441,0.000444528821,0.000673719391	-4.10994835e-05,-0.00014828764,0.000447826518,0.000688869564
orig	4	108	new_state-6	6	262144	0	1.444610e-02	9.765688e-03	-0.000362753926,0.000133165988,0.000464535435,0.000505772477	-0.000366518594,0.000131513938,0.000500748167,0.000521461712
orig	4	109	attn_output-6	6	2048	0	9.327835e-03	1.751888e-04	2.49079476e-05,2.0271591e-05,-4.03859412e-05,-2.92599707e-05	2.53066864e-05,1.91631862e-05,-4.0514562e-05,-2.97714378e-05
orig	4	110	z-6	6	2048	0	1.472754e-02	1.549773e-01	0.860642195,0.390603006,0.971126556,1.47297132	0.86172694,0.415546536,0.980019808,1.48757291
orig	4	111	final_output-6	6	2048	0	2.921676e-02	2.159026e-02	0.0121170161,0.00436475687,-0.0259898733,-0.0345278233	0.0123903761,0.00445520645,-0.0265036672,-0.0357486084
orig	4	112	linear_attn_out-6	6	1024	0	5.507821e-02	7.024422e-03	-0.0802936256,-0.00194645114,0.00127357943,0.00433299132	-0.0873180479,-0.00262436224,0.00266473461,0.00432821549
orig	4	113	attn_residual-6	6	1024	0	2.727903e-02	6.668469e-03	-0.703108788,0.0536091477,-0.250325143,0.0174495578	-0.698844433,0.053607326,-0.251627415,0.0162503794
orig	4	114	attn_post_norm-6	6	1024	0	2.967145e-02	1.220235e-01	-9.87879276,0.922661483,-4.25299072,0.307264954	-9.80253983,0.921094894,-4.26800203,0.285672724
orig	4	115	ffn_out-6	6	1024	0	4.791432e-02	5.388383e-03	-0.0974444002,-0.0121675376,-0.041842889,0.0642348528	-0.0969809741,-0.01037292,-0.0417138487,0.0668104813
orig	4	116	l_out-6	6	1024	0	2.629779e-02	5.976381e-03	-0.800553203,0.0414416119,-0.292168021,0.0816844106	-0.795825422,0.0432344079,-0.293341279,0.0830608606
orig	4	117	attn_norm-7	7	1024	0	2.607665e-02	1.001140e-01	-11.3875322,0.62642765,-4.56073761,1.4812448	-11.3002434,0.652370572,-4.57094622,1.50353873
orig	4	118	attn_pregate-7	7	2048	0	2.627912e-02	1.974640e-01	0.200198933,0.15833874,-0.492000252,-0.15264754	0.191291526,0.148449928,-0.495654434,-0.142032728
orig	4	119	attn_gated-7	7	2048	0	3.325116e-02	2.060872e-02	0.0538970828,0.0494506918,-0.0353617817,-0.0130293304	0.052288536,0.047147762,-0.0364488214,-0.0122433398
orig	4	120	attn_output-7	7	1024	0	6.038416e-02	4.761366e-03	-0.0252091512,-0.00749003142,0.0473912023,-0.0195435714	-0.0260592103,-0.00858289655,0.046062436,-0.0221252479
orig	4	121	attn_residual-7	7	1024	0	3.166526e-02	7.760670e-03	-0.825762331,0.0339515805,-0.244776815,0.0621408373	-0.821884632,0.0346515104,-0.247278839,0.0609356128
orig	4	122	attn_post_norm-7	7	1024	0	3.629400e-02	1.320414e-01	-9.09312439,0.544433117,-3.78489256,1.03684366	-9.04578304,0.55537194,-3.82161927,1.01621258
orig	4	123	ffn_out-7	7	1024	0	5.971832e-02	5.293958e-03	0.106654994,0.0138699589,0.0155600077,-0.0162146911	0.111893512,0.0142537421,0.0145316292,-0.0156368576
orig	4	124	l_out-7	7	1024	0	2.919781e-02	9.116232e-03	-0.71910733,0.0478215404,-0.229216814,0.0459261462	-0.709991097,0.0489052534,-0.232747212,0.0452987552
orig	4	125	attn_norm-8	8	1024	0	3.212484e-02	1.606503e-01	-12.9361944,1.01770878,-4.42663002,1.05027008	-12.7755442,1.04104412,-4.49598551,1.03619361
orig	4	126	conv_output_silu-8	8	6144	0	2.163401e-02	3.552347e-02	0.0302516893,0.0183127876,-0.239864081,-0.0282045342	0.0311068259,0.0185523331,-0.238985583,-0.0290918201
orig	4	127	q_conv_predelta-8	8	2048	0	2.936923e-02	2.243441e-02	0.0238934662,0.0144638522,-0.189450055,-0.0222765766	0.0246385168,0.0146945883,-0.189291269,-0.0230425093
orig	4	128	k_conv_predelta-8	8	2048	0	2.590114e-02	1.885328e-02	0.0782232061,-0.198079124,0.0752646029,0.013752602	0.0769769028,-0.19799982,0.0754161999,0.014224099
orig	4	129	v_conv_predelta-8	8	2048	0	1.783714e-02	3.552347e-02	-0.16913192,-0.0144332377,-0.0245302152,-0.00103501568	-0.16680862,-0.0144600365,-0.0240605585,-0.000347864319
orig	4	130	a_softplus-8	8	16	0	1.077805e-02	1.895565e-02	0.310172409,0.12658821,0.0840505883,0.0275938269	0.315652847,0.131264344,0.0880783498,0.027781209
orig	4	131	gate-8	8	16	0	9.704917e-03	7.110924e-03	-0.108880751,-0.0359858908,-0.0250401702,-0.00416604476	-0.110804565,-0.0373151973,-0.0262401123,-0.00419433508
orig	4	132	beta_sigmoid-8	8	16	0	4.166311e-03	5.528748e-03	0.858758867,0.347772211,0.654733121,0.387892216	0.858207047,0.349977434,0.659155369,0.388551533
orig	4	133	state_predelta-8	8	262144	0	1.419972e-02	6.295276e-02	-0.00458578998,0.00779674947,-0.0061149383,0.000308795163	-0.00449622748,0.00759562477,-0.0059155887,0.000265175826
orig	4	134	new_state-8	8	262144	0	1.506152e-02	6.379437e-02	-0.0143890921,0.0330145806,-0.0153718106,-0.00152977591	-0.0141187273,0.0327629521,-0.0151845608,-0.00162786432
orig	4	135	attn_output-8	8	2048	0	1.054924e-02	7.678792e-04	-0.000911105366,-6.660894e-05,-9.86733648e-05,-1.51093418e-05	-0.000901118852,-6.73511022e-05,-9.96480958e-05,-1.12831349e-05
orig	4	136	z-8	8	2048	0	1.615221e-02	1.262422e-01	0.203998148,1.87105227,1.02306104,1.02273118	0.204955548,1.88087499,1.02210748,1.01885569
orig	4	137	final_output-8	8	2048	0	7.236345e-02	1.084382e-01	-0.0886382982,-0.0660976395,-0.069938004,-0.00807005074	-0.0881440267,-0.0672940463,-0.0705676377,-0.00599934347
orig	4	138	linear_attn_out-8	8	1024	0	5.624921e-02	3.796322e-03	-0.0745010599,0.00167609099,0.0130285537,-0.0156289078	-0.0768400058,0.00100557227,0.0127638048,-0.0145260151
orig	4	139	attn_residual-8	8	1024	0	2.903487e-02	7.023305e-03	-0.793608367,0.0494976304,-0.216188267,0.0302972384	-0.786831081,0.0499108247,-0.219983414,0.03077274
orig	4	140	attn_post_norm-8	8	1024	0	3.362283e-02	1.130126e-01	-8.57028675,0.775211036,-3.26972818,0.520325482	-8.49834919,0.781797349,-3.32761741,0.52856952
orig	4	141	ffn_out-8	8	1024	0	5.890147e-02	4.779384e-03	0.173887804,0.00365186995,-0.0329642594,0.0265341327	0.172692716,0.0038529709,-0.034110263,0.0269522052
orig	4	142	l_out-8	8	1024	0	3.078354e-02	6.954575e-03	-0.619720578,0.053149499,-0.249152526,0.056831371	-0.614138365,0.0537637956,-0.254093677,0.0577249452
orig	4	143	attn_norm-9	9	1024	0	3.408380e-02	1.608840e-01	-10.1547155,1.05933774,-4.89170074,1.34098065	-10.0372438,1.06881261,-4.97582197,1.35854566
orig	4	144	conv_output_silu-9	9	6144	0	2.999733e-02	4.317635e-02	-0.0704009682,-0.146390632,-0.23212643,-0.0655087084	-0.069121331,-0.144180551,-0.235477939,-0.0618559383
orig	4	145	q_conv_predelta-9	9	2048	0	3.358651e-02	2.050894e-02	-0.0471710786,-0.0980867818,-0.155532718,-0.0438930988	-0.0475067571,-0.0990945995,-0.161842853,-0.0425132886
orig	4	146	k_conv_predelta-9	9	2048	0	3.113704e-02	1.961993e-02	0.256976128,-0.0149084171,0.000882348861,-0.0200696159	0.255874097,-0.0141321206,0.00077249785,-0.0199098587
orig	4	147	v_conv_predelta-9	9	2048	0	2.662656e-02	4.116654e-02	-0.00492988946,-0.00350322179,0.00606615609,-0.00817974005	-0.00519493641,-0.00399400946,0.0044903513,-0.00862188358
orig	4	148	a_softplus-9	9	16	0	2.281161e-02	3.418469e-02	0.00247838674,0.0628864244,0.294723183,0.755158484	0.00255496474,0.0686046854,0.302370816,0.783904195
orig	4	149	gate-9	9	16	0	3.138455e-02	1.275700e-02	-0.00100527797,-0.00857750326,-0.100274518,-0.13969028	-0.00103633944,-0.00935745519,-0.102876492,-0.1450077
orig	4	150	beta_sigmoid-9	9	16	0	1.009380e-02	1.379913e-02	0.312398255,0.626804471,0.307639688,0.367532045	0.307641268,0.640603602,0.309742987,0.368068129
orig	4	151	state_predelta-9	9	262144	0	7.296362e-03	7.861555e-03	-0.0010253886,-0.00101206673,-0.000801916525,3.97209442e-06	-0.00100397097,-0.00101363263,-0.000799975242,6.57128112e-07
orig	4	152	new_state-9	9	262144	0	1.340206e-02	1.215123e-02	-0.00155002368,-0.00098055345,-0.000802915718,4.50221123e-05	-0.00153612124,-0.000983134145,-0.00080075633,4.21445948e-05
orig	4	153	attn_output-9	9	2048	0	1.728021e-02	1.293188e-04	3.35984914e-05,-1.59458214e-05,4.96046414e-05,-5.52418242e-05	3.57505305e-05,-1.82997646e-05,4.75962734e-05,-5.67767602e-05
orig	4	154	z-9	9	2048	0	1.948608e-02	9.297323e-02	0.891977906,-0.0687059313,2.89249468,1.28944719	0.89099735,-0.0763848647,2.81515789,1.2636013
orig	4	155	final_output-9	9	2048	0	4.307790e-02	1.381806e-02	0.0226963907,0.000535910542,0.142491832,-0.0539880767	0.024132425,0.000681489357,0.132593855,-0.0541054904
orig	4	156	linear_attn_out-9	9	1024	0	5.349424e-02	2.428876e-03	-0.148481607,-0.00441323407,-0.002503125,-0.010379727	-0.149581075,-0.00431594532,-0.00337096862,-0.00893421657
orig	4	157	attn_residual-9	9	1024	0	3.073866e-02	7.415948e-03	-0.768202186,0.0487362668,-0.251655638,0.0464516431	-0.76371944,0.0494478494,-0.257464647,0.0487907305
orig	4	158	attn_post_norm-9	9	1024	0	3.539683e-02	1.262063e-01	-8.30132675,0.737587512,-3.67733669,0.795049131	-8.23385239,0.746630967,-3.75354505,0.833158255
orig	4	159	ffn_out-9	9	1024	0	6.204779e-02	1.033220e-02	0.107300758,-0.0381070189,-0.0124160387,-0.0205375757	0.117632963,-0.0377163887,-0.0117180794,-0.0213234983
orig	4	160	l_out-9	9	1024	0	3.077308e-02	1.481497e-02	-0.660901427,0.0106292479,-0.264071673,0.0259140674	-0.646086454,0.0117314607,-0.269182742,0.0274672322
orig	4	161	attn_norm-10	10	1024	0	3.365196e-02	2.588482e-01	-11.4903669,0.19253771,-5.1140666,0.541100144	-11.2315187,0.212478995,-5.21245575,0.573465824
orig	4	162	conv_output_silu-10	10	6144	0	4.625716e-02	1.820062e-01	-0.000967504282,-0.00256691943,0.014867262,-0.00505928881	-0.00123285176,-0.00268939021,0.0150038814,-0.00467401231
orig	4	163	q_conv_predelta-10	10	2048	0	2.847969e-02	1.935336e-02	-0.00205186335,-0.00544387009,0.0315301828,-0.0107296361	-0.00263773347,-0.00575405313,0.0321013778,-0.010000228
orig	4	164	k_conv_predelta-10	10	2048	0	4.307346e-02	9.855171e-02	-0.0760845691,-0.0827406719,0.0275302045,0.0193809085	-0.078611128,-0.0815019235,0.0292468425,0.0191596132
orig	4	165	v_conv_predelta-10	10	2048	0	2.827821e-02	2.702957e-02	-0.00650106603,-0.00650232984,0.00338606746,0.00755481282	-0.00611196971,-0.00660271943,0.00332783954,0.00829214323
orig	4	166	a_softplus-10	10	16	0	2.838795e-02	5.279607e-02	0.428261548,0.00755619025,3.76766443,0.340928376	0.45776093,0.00785559323,3.80299067,0.356474102
orig	4	167	gate-10	10	16	0	3.268635e-02	2.257383e-02	-0.327718824,-0.0438239127,-1.16716802,-0.0698070377	-0.350292653,-0.0455603711,-1.17811155,-0.0729901195
orig	4	168	beta_sigmoid-10	10	16	0	3.957563e-03	6.811351e-03	0.778142333,0.470827103,0.916586637,0.751774788	0.776381373,0.475623995,0.915663123,0.754888773
orig	4	169	state_predelta-10	10	262144	0	1.916002e-02	6.138787e-03	-0.000317882397,0.000359722675,0.000334608456,0.000231571918	-0.000316087884,0.000406291394,0.000361452461,0.000233458006
orig	4	170	new_state-10	10	262144	0	2.830667e-02	1.506640e-02	0.000282755995,0.000815789681,5.59151958e-05,3.64898879e-05	0.000269220385,0.000796212233,7.16285285e-05,4.45782352e-05
orig	4	171	attn_output-10	10	2048	0	2.177489e-02	1.293544e-04	-7.76835532e-06,-4.87633497e-06,-3.64766242e-06,1.52788798e-05	-7.24643087e-06,-5.89668889e-06,-2.61836135e-06,1.62454835e-05
orig	4	172	z-10	10	2048	0	1.401743e-02	1.145569e-01	2.24462891,1.38689506,1.68722594,1.57156527	2.26075578,1.3754667,1.69850123,1.57886159
orig	4	173	final_output-10	10	2048	0	3.967105e-02	1.540034e-02	-0.0141555807,-0.00577489147,-0.00505588669,0.02031615	-0.01331966,-0.00690976763,-0.00365983089,0.0217286479
orig	4	174	linear_attn_out-10	10	1024	0	5.660721e-02	4.839689e-03	0.0137901455,0.0172665883,0.00214477628,-0.00789309852	0.00895045698,0.0169553552,0.00242479891,-0.00450160354
orig	4	175	attn_residual-10	10	1024	0	3.056053e-02	9.975314e-03	-0.647111297,0.0278958362,-0.261926889,0.0180209689	-0.637135983,0.0286868159,-0.266757935,0.0229656287
orig	4	176	attn_post_norm-10	10	1024	0	3.361453e-02	1.308012e-01	-8.0780468,0.42986545,-4.02324486,0.295785576	-7.9472456,0.441705346,-4.0942173,0.376646876
orig	4	177	ffn_out-10	10	1024	0	5.818348e-02	9.435251e-03	-0.0675271153,-0.00574480835,-0.0388801023,0.0163876731	-0.0769623667,-0.006158554,-0.0405897647,0.0168511905
orig	4	178	l_out-10	10	1024	0	2.980346e-02	7.758684e-03	-0.714638412,0.0221510269,-0.300806999,0.0344086438	-0.714098334,0.0225282609,-0.307347715,0.0398168191
orig	4	179	attn_norm-11	11	1024	0	3.002705e-02	1.280495e-01	-9.82052326,0.317491472,-4.60439062,0.580765367	-9.77976322,0.321801364,-4.6885252,0.669763923
orig	4	180	attn_pregate-11	11	2048	0	2.759816e-02	4.088044e-01	0.472721368,0.142173052,0.183702901,-0.202766955	0.475629747,0.134125844,0.183715373,-0.20926784
orig	4	181	attn_gated-11	11	2048	0	3.663809e-02	1.665775e-02	0.0522407964,0.0208271351,0.0131983953,-0.0111008622	0.0530396923,0.0194133408,0.0137137156,-0.0119571509
orig	4	182	attn_output-11	11	1024	0	7.123472e-02	3.578721e-03	-0.00913181901,-0.00362234376,-0.00983697176,0.0127838627	-0.00809442997,-0.00390711054,-0.00949439965,0.0130353253
orig	4	183	attn_residual-11	11	1024	0	3.410846e-02	8.993573e-03	-0.723770261,0.0185286831,-0.310643971,0.0471925065	-0.722192764,0.0186211504,-0.316842109,0.0528521463
orig	4	184	attn_post_norm-11	11	1024	0	3.756354e-02	1.322250e-01	-8.10823536,0.294481128,-4.71119356,0.770574272	-8.05842495,0.294775128,-4.78610611,0.859558523
orig	4	185	ffn_out-11	11	1024	0	7.061867e-02	6.968258e-03	-0.0270160623,0.00396447908,0.00733451359,0.00515086483	-0.0200478043,0.00321136205,0.00568910223,0.00123860186
orig	4	186	l_out-11	11	1024	0	3.340671e-02	9.307325e-03	-0.750786304,0.0224931613,-0.30330947,0.0523433723	-0.742240548,0.0218325127,-0.311152995,0.0540907495
orig	4	187	attn_norm-12	12	1024	0	3.566086e-02	2.071991e-01	-12.926796,0.436946929,-6.13854742,1.13167989	-12.7195969,0.422120064,-6.26769257,1.1639626
orig	4	188	conv_output_silu-12	12	6144	0	3.085112e-02	6.873995e-02	-0.00683739036,0.0234277435,0.0517109819,0.00833981857	-0.00684193848,0.0251606144,0.0511295721,0.0152650345
orig	4	189	q_conv_predelta-12	12	2048	0	3.268596e-02	2.035278e-02	-0.00551320985,0.0188905504,0.0416962467,0.00672466634	-0.00553568685,0.0203569923,0.0413680002,0.0123506598
orig	4	190	k_conv_predelta-12	12	2048	0	3.041143e-02	2.356504e-02	0.00730657298,-0.0131570324,0.00152276608,0.024497347	0.00841656514,-0.012172034,3.46796041e-05,0.0243573412
orig	4	191	v_conv_predelta-12	12	2048	0	2.344039e-02	6.284261e-02	-0.000514232903,0.0016151414,-0.00463061268,-0.00469230674	-0.000130479049,0.00176399457,-0.00500898156,-0.00438052276
orig	4	192	a_softplus-12	12	16	0	3.057272e-02	3.266966e-02	0.00169264991,0.377067804,0.144890606,0.00618756842	0.00181795715,0.404766858,0.154119179,0.0064359773
orig	4	193	gate-12	12	16	0	4.464519e-02	3.097636e-02	-0.000341206556,-0.222534299,-0.0150345974,-0.0017589723	-0.000366466178,-0.238881454,-0.0159922019,-0.00182958879
orig	4	194	beta_sigmoid-12	12	16	0	1.093593e-02	8.933127e-03	0.230297998,0.620742023,0.557342887,0.31305933	0.236322626,0.612389505,0.56411618,0.314909548
orig	4	195	state_predelta-12	12	262144	1	6.184113e-03	9.736683e-03	-0.000214014042,4.700106e-05,4.09660533e-05,-6.92317408e-05	-0.000215445572,4.69232036e-05,4.32937668e-05,-6.85600098e-05
orig	4	196	new_state-12	12	262144	0	8.319732e-03	1.144385e-02	-0.000212534316,4.44519465e-05,4.124525e-05,-6.44917382e-05	-0.000213001142,4.34850444e-05,4.32876514e-05,-6.16892285e-05
orig	4	197	attn_output-12	12	2048	0	8.625878e-03	1.112971e-03	-1.73056305e-05,2.05194519e-05,-4.29649845e-06,-2.99424264e-05	-1.63909481e-05,2.09064146e-05,-5.41812642e-06,-3.00215797e-05
orig	4	198	z-12	12	2048	0	1.725217e-02	1.356362e-01	-0.246789426,0.400548935,0.152265117,0.106709242	-0.244779676,0.376043618,0.183597788,0.120276585
orig	4	199	final_output-12	12	2048	0	5.462293e-02	6.029385e-02	0.00144775491,0.00399330212,-0.000225351163,-0.00134500919	0.00135629775,0.00376732019,-0.000346258166,-0.00152382406
orig	4	200	linear_attn_out-12	12	1024	0	5.763870e-02	2.670036e-03	-0.129508406,-0.00082457473,0.00962510239,-0.00296485284	-0.126884103,-0.00126122124,0.0101314578,-0.00250702305
orig	4	201	attn_residual-12	12	1024	0	3.303418e-02	1.117003e-02	-0.880294681,0.0216685869,-0.293684363,0.049378518	-0.869124651,0.0205712914,-0.301021546,0.051583726
orig	4	202	attn_post_norm-12	12	1024	0	3.584103e-02	1.515617e-01	-9.16214371,0.348950595,-4.32649374,0.779210389	-9.01058197,0.32998687,-4.41727638,0.810832441
orig	4	203	ffn_out-12	12	1024	0	5.941231e-02	5.706457e-03	0.021061752,-0.0241828412,-0.00204125419,0.00596809573	0.0231542587,-0.0238670409,-0.00174782611,0.00478158612
orig	4	204	l_out-12	12	1024	0	3.189910e-02	1.326251e-02	-0.859232903,-0.0025142543,-0.295725614,0.0553466156	-0.845970392,-0.00329574943,-0.302769363,0.0563653111
orig	4	205	attn_norm-13	13	1024	0	3.429125e-02	2.533865e-01	-13.5772753,-0.0450351685,-5.39595747,1.12525642	-13.3238888,-0.058839757,-5.50637293,1.14221132
orig	4	206	conv_output_silu-13	13	6144	0	2.599988e-02	5.875576e-02	0.156611532,0.0254866946,0.0330478996,-0.0133431507	0.151953042,0.0270094238,0.0324961618,-0.0134091824
orig	4	207	q_conv_predelta-13	13	2048	0	2.764673e-02	2.344908e-02	0.139735833,0.0227403715,0.0294868164,-0.0119053572	0.135553211,0.0240943786,0.02898895,-0.0119619705
orig	4	208	k_conv_predelta-13	13	2048	0	3.175851e-02	1.550508e-02	0.00673228921,0.0422708131,0.175285235,-0.0125787118	0.00557181751,0.0420420468,0.172155187,-0.0176026877
orig	4	209	v_conv_predelta-13	13	2048	0	2.066698e-02	2.411550e-02	0.00383657147,0.0105381804,-0.00960256159,0.0122185415	0.00420820294,0.0107521275,-0.00922311563,0.0117786843
orig	4	210	a_softplus-13	13	16	0	2.282753e-02	6.073117e-02	0.15306133,0.874892831,1.17768896,0.178548262	0.157731742,0.891110063,1.19594693,0.185660437
orig	4	211	gate-13	13	16	0	2.272901e-02	1.866591e-02	-0.0411958992,-1.00699556,-0.592179179,-0.0427415445	-0.042452924,-1.02566147,-0.601359904,-0.0444440842
orig	4	212	beta_sigmoid-13	13	16	0	5.769464e-03	7.942855e-03	0.59615761,0.912662745,0.358912259,0.817405403	0.588214755,0.913047671,0.355639607,0.817732573
orig	4	213	state_predelta-13	13	262144	0	1.924228e-02	9.467781e-03	4.71109197e-05,-1.2320822e-05,-0.000467551668,2.14254396e-05	3.49432048e-05,-1.04826649e-05,-0.000407112006,-7.41579606e-06
orig	4	214	new_state-13	13	262144	0	2.268083e-02	1.304847e-02	6.26634937e-05,9.77664167e-05,5.75723243e-06,-1.20504446e-05	4.8595015e-05,0.000103921542,7.64914148e-05,-5.4825312e-05
orig	4	215	attn_output-13	13	2048	0	2.288244e-02	1.426011e-04	8.7701701e-06,1.54228292e-05,-2.1220867e-05,3.4503566e-05	9.50529193e-06,1.50904607e-05,-2.13363946e-05,3.26337722e-05
orig	4	216	z-13	13	2048	0	1.747568e-02	1.126733e-01	0.893524528,1.50852418,-0.0365058184,1.76362348	0.904230833,1.50715446,-0.048124522,1.78543448
orig	4	217	final_output-13	13	2048	0	3.964256e-02	1.920986e-02	0.00576074794,0.0198813546,0.000394399103,0.0526243486	0.00633159326,0.0194106847,0.000519135385,0.0504963808
orig	4	218	linear_attn_out-13	13	1024	0	5.224688e-02	7.155225e-03	-0.231309533,-0.000102805905,0.0146876974,0.000934027368	-0.238464758,-0.00191628933,0.014182386,0.00192974135
orig	4	219	attn_residual-13	13	1024	0	3.021576e-02	1.040150e-02	-1.09054244,-0.00261706021,-0.281037927,0.0562806427	-1.08443511,-0.00521203876,-0.288586974,0.0582950525
orig	4	220	attn_post_norm-13	13	1024	0	3.226626e-02	1.396474e-01	-11.0674438,-0.0401675925,-3.9808917,0.794522226	-10.959115,-0.0796593726,-4.07060814,0.819494069
orig	4	221	ffn_out-13	13	1024	0	5.476581e-02	4.072403e-03	0.0864614248,-0.0107597578,-0.031785056,0.0374573842	0.0830131024,-0.0102773011,-0.033967115,0.0398235843
orig	4	222	l_out-13	13	1024	0	3.000520e-02	9.731084e-03	-1.00408101,-0.013376818,-0.312822998,0.0937380269	-1.00142205,-0.0154893398,-0.322554082,0.098118633
orig	4	223	attn_norm-14	14	1024	0	3.100010e-02	1.570142e-01	-14.3198509,-0.21537672,-4.67485189,1.62634909	-14.213335,-0.248192087,-4.79712296,1.69417608
orig	4	224	conv_output_silu-14	14	6144	0	1.635353e-02	4.548672e-02	0.0716173351,-0.0375209413,-0.222192407,0.000521378184	0.0704891384,-0.0355550759,-0.222595632,0.0129071977
orig	4	225	q_conv_predelta-14	14	2048	0	2.067136e-02	1.623657e-02	0.0209426414,-0.0109720314,-0.0649744347,0.000152463588	0.0204441119,-0.010312113,-0.0645598769,0.00374350161
orig	4	226	k_conv_predelta-14	14	2048	0	2.929521e-02	1.621810e-02	0.00490681501,-0.128231093,0.00811886508,-0.0418508388	0.00359876291,-0.128718778,0.00909452792,-0.0415950343
orig	4	227	v_conv_predelta-14	14	2048	0	1.867371e-02	4.548672e-02	0.0225694999,-0.000673101458,-0.0288224258,-0.00732508861	0.020796502,-0.000782741117,-0.0285200533,-0.00755770877
orig	4	228	a_softplus-14	14	16	0	4.608069e-02	6.941855e-02	0.342483461,0.175658792,0.918789685,0.0129633071	0.363650918,0.185318798,0.9494403,0.0135217495
orig	4	229	gate-14	14	16	0	4.437994e-02	2.361849e-02	-0.107767195,-0.0293555278,-0.610851645,-0.0390048251	-0.114427835,-0.0309698768,-0.63122952,-0.0406851023
orig	4	230	beta_sigmoid-14	14	16	0	6.061381e-03	8.755416e-03	0.689314067,0.69707793,0.645305574,0.51042825	0.692456663,0.703227401,0.649393737,0.516318679
orig	4	231	state_predelta-14	14	262144	1	2.088853e-02	1.590812e-02	-0.000398445176,0.000337038888,-2.55610357e-05,0.000316757127	-0.000411201036,0.00022497552,-4.21118457e-05,0.000310526288
orig	4	232	new_state-14	14	262144	0	2.345839e-02	1.567207e-02	-0.000291334582,-0.00143274944,8.69232026e-05,-0.00028197249	-0.000323257816,-0.00135461497,7.23275443e-05,-0.000225627649
orig	4	233	attn_output-14	14	2048	0	1.126197e-02	1.332397e-04	2.0431055e-06,6.69665678e-06,4.93662492e-06,-6.86121211e-07	2.72963712e-06,6.53899906e-06,4.74232093e-06,-6.45013529e-07
orig	4	234	z-14	14	2048	0	1.403858e-02	1.058283e-01	0.358371496,1.22940409,0.674825728,0.250541568	0.376437426,1.23598719,0.682187974,0.257105887
orig	4	235	final_output-14	14	2048	0	3.569005e-02	4.414354e-02	0.000451238244,0.00634498568,0.00221026898,-8.80803564e-05	0.000637941645,0.00623792084,0.00215172069,-8.52150042e-05
orig	4	236	linear_attn_out-14	14	1024	0	4.116512e-02	4.249380e-03	0.115961991,0.00163815729,0.0264647119,-0.0118934214	0.116555832,0.00186439417,0.0226618703,-0.0111440271
orig	4	237	attn_residual-14	14	1024	0	2.992659e-02	1.353392e-02	-0.888119042,-0.0117386607,-0.286358297,0.0818446055	-0.884866238,-0.0136249457,-0.299892217,0.0869746059
orig	4	238	attn_post_norm-14	14	1024	0	2.960387e-02	1.516626e-01	-8.67345142,-0.160782054,-3.68045402,1.02082634	-8.59172344,-0.185539216,-3.8321166,1.07853985
orig	4	239	ffn_out-14	14	1024	0	4.095759e-02	1.734316e-02	-0.0668911934,-0.0528089255,-0.0615366884,0.0100329975	-0.0842343569,-0.0528450049,-0.0649499446,0.00646522827
orig	4	240	l_out-14	14	1024	0	2.834828e-02	1.694718e-02	-0.955010235,-0.0645475835,-0.347894996,0.091877602	-0.969100595,-0.0664699525,-0.364842176,0.0934398323
orig	4	241	attn_norm-15	15	1024	0	2.749962e-02	1.470137e-01	-8.11424351,-0.612981856,-3.29661798,0.865680516	-8.20162868,-0.628759027,-3.44363165,0.876942754
orig	4	242	attn_pregate-15	15	2048	0	1.985031e-02	8.144989e-01	-0.288501352,0.148832574,-0.065359503,-0.151919082	-0.288678259,0.154721856,-0.0651057884,-0.156537503
orig	4	243	attn_gated-15	15	2048	0	2.210826e-02	2.344704e-02	-0.0382122621,0.0175783075,-0.00817719009,-0.0573821403	-0.0385449082,0.018062355,-0.00824125763,-0.0586464591
orig	4	244	attn_output-15	15	1024	0	5.283356e-02	5.393147e-03	-0.198877245,0.0205116868,-0.0762160942,0.0407223701	-0.19780162,0.0209396482,-0.0762812644,0.0420911908
orig	4	245	attn_residual-15	15	1024	0	2.982468e-02	1.701233e-02	-1.15388751,-0.0440358967,-0.424111098,0.13259998	-1.16690218,-0.0455303043,-0.441123426,0.135531023
orig	4	246	attn_post_norm-15	15	1024	0	3.044612e-02	1.622262e-01	-8.21440506,-0.495696753,-4.55298519,1.32090354	-8.2712574,-0.510310173,-4.71521139,1.34428334
orig	4	247	ffn_out-15	15	1024	0	3.974526e-02	8.846395e-03	0.205079049,-0.0592279769,0.0564432852,0.108119696	0.20018664,-0.0582764298,0.0553821586,0.112124726
orig	4	248	l_out-15	15	1024	0	2.965081e-02	1.807344e-02	-0.948808432,-0.10326387,-0.367667824,0.240719676	-0.966715574,-0.103806734,-0.385741264,0.247655749
orig	4	249	attn_norm-16	16	1024	0	3.015228e-02	2.360010e-01	-8.21650124,-1.28617251,-3.81438923,2.79787111	-8.35307789,-1.29007745,-3.99305153,2.87212896
orig	4	250	conv_output_silu-16	16	6144	0	1.957384e-02	8.623362e-02	-0.190718606,-0.0920523927,0.158042416,-0.278453201	-0.196365714,-0.0944931135,0.162539825,-0.278397232
orig	4	251	q_conv_predelta-16	16	2048	0	2.120193e-02	2.118540e-02	-0.0211351607,-0.0102011133,0.0175140332,-0.0308577828	-0.0217797719,-0.0104806405,0.0180279966,-0.030878244
orig	4	252	k_conv_predelta-16	16	2048	0	2.832977e-02	1.566279e-02	0.186784506,-0.00924231671,-0.0223410465,-0.0974714309	0.186185569,-0.0061104456,-0.0229910519,-0.0966372713
orig	4	253	v_conv_predelta-16	16	2048	0	1.614739e-02	6.704307e-02	-0.191318661,0.0395527706,0.390138179,0.0406877585	-0.194924086,0.0407061316,0.39261511,0.038709674
orig	4	254	a_softplus-16	16	16	0	2.214457e-02	7.198763e-02	0.00379710784,0.991264999,0.06110112,0.995266318	0.00403946266,1.04125917,0.0677195266,1.00987434
orig	4	255	gate-16	16	16	0	2.397709e-02	4.580927e-02	-0.000771429273,-0.402074814,-0.0072974884,-0.215241447	-0.00082066661,-0.422353357,-0.00808794424,-0.218400642
orig	4	256	beta_sigmoid-16	16	16	0	1.494258e-02	2.391389e-02	0.471676499,0.461919725,0.587144315,0.725561202	0.484846145,0.466554672,0.596153975,0.729720652
orig	4	257	state_predelta-16	16	262144	0	2.739017e-02	5.184335e-02	-0.0202229656,0.000307766255,-0.00376681611,0.00777046755	-0.0209998377,5.91282733e-05,-0.00370918796,0.00790255517
orig	4	258	new_state-16	16	262144	0	2.714786e-02	5.180097e-02	-0.0279663391,0.000691451831,-0.00283587165,0.0118134078	-0.0290916339,0.000325210771,-0.00270480523,0.0121049592
orig	4	259	attn_output-16	16	2048	0	1.178565e-02	8.812323e-04	-0.000977052376,0.000130581015,0.0036443721,8.07310498e-05	-0.001002679,0.000135209513,0.00368687068,7.63774297e-05
orig	4	260	z-16	16	2048	0	1.879859e-02	1.738329e-01	-0.0230796933,0.816447735,-3.72319174,0.271173358	-0.0543578267,0.785347462,-3.68481898,0.266877115
orig	4	261	final_output-16	16	2048	0	3.084590e-02	3.515047e-02	0.00519681349,0.0356598198,-0.17235674,0.00588354981	0.0122812791,0.034946911,-0.17798467,0.00543217594
orig	4	262	linear_attn_out-16	16	1024	0	4.412817e-02	4.322696e-03	-0.385607868,0.0137968371,-0.0210257862,-0.071160242	-0.383108109,0.0111202821,-0.0190393925,-0.0698396116
orig	4	263	attn_residual-16	16	1024	0	2.869629e-02	1.608706e-02	-1.33441627,-0.0894670337,-0.388693601,0.169559434	-1.34982371,-0.092686452,-0.404780656,0.177816138
orig	4	264	attn_post_norm-16	16	1024	0	2.972109e-02	1.436768e-01	-7.60675955,-0.858694494,-3.65159845,1.33089221	-7.67950678,-0.887850404,-3.79527521,1.39296436
orig	4	265	ffn_out-16	16	1024	0	4.842204e-02	1.002893e-02	0.0636901557,0.0184013173,0.0117272362,0.0597991645	0.0737190843,0.0218749493,0.0084952116,0.0603132099
orig	4	266	l_out-16	16	1024	0	2.986773e-02	1.931909e-02	-1.27072608,-0.0710657164,-0.376966357,0.229358599	-1.27610469,-0.0708115026,-0.396285444,0.238129348
orig	4	267	attn_norm-17	17	1024	0	3.059549e-02	2.033463e-01	-10.968852,-0.82471019,-4.08956528,2.42243004	-10.9992933,-0.820567489,-4.29291153,2.51141477
orig	4	268	conv_output_silu-17	17	6144	0	1.213929e-02	1.216545e-01	-0.235388577,-0.159793019,-0.270326853,0.0455609858	-0.231855839,-0.157603592,-0.271240592,0.0454624854
orig	4	269	q_conv_predelta-17	17	2048	0	1.856031e-02	1.952314e-02	-0.0254981499,-0.0173093621,-0.0292827897,0.00493533211	-0.024918057,-0.0169380046,-0.0291508213,0.00488595292
orig	4	270	k_conv_predelta-17	17	2048	0	2.492373e-02	2.086464e-02	-0.0124767181,-0.0842392445,-0.0523021147,-0.0778296441	-0.0113618374,-0.0840271935,-0.0522295907,-0.0776924342
orig	4	271	v_conv_predelta-17	17	2048	0	1.523389e-02	5.457592e-02	-0.0890964866,-0.0394651964,-0.00182650681,-0.192259774	-0.0889526978,-0.0488800704,0.000811008795,-0.194062501
orig	4	272	a_softplus-17	17	16	0	1.889077e-02	5.703020e-02	0.399664849,0.00565180415,2.21092725,1.4501822	0.408848107,0.00595462136,2.23649216,1.5072124
orig	4	273	gate-17	17	16	0	2.760796e-02	3.002137e-02	-0.0941899791,-0.00146288774,-0.559009969,-0.50510031	-0.0963542238,-0.0015412675,-0.565473795,-0.524963975
orig	4	274	beta_sigmoid-17	17	16	0	6.805840e-03	8.696735e-03	0.80275023,0.215747803,0.970486879,0.74491924	0.804888844,0.224156573,0.97127229,0.748993158
orig	4	275	state_predelta-17	17	262144	0	2.530521e-02	5.862904e-02	0.00020097103,0.0145599339,0.00856642239,0.0146100521	0.000547212025,0.0151417507,0.00887227617,0.0152333742
orig	4	276	new_state-17	17	262144	0	2.446254e-02	5.555391e-02	0.000135209935,0.0129291108,0.00759644574,0.0129992263	0.000418301788,0.013169243,0.00769576523,0.0132962987
orig	4	277	attn_output-17	17	2048	0	2.213891e-02	2.596222e-03	-0.000226176999,-0.000221651542,3.65171836e-05,-0.000402844744	-0.000227401048,-0.000237383021,4.1992982e-05,-0.000403950893
orig	4	278	z-17	17	2048	0	1.838095e-02	1.598163e-01	0.333160132,-0.409212887,-0.0691475868,-0.701289296	0.330168158,-0.412966162,-0.0455486178,-0.763119817
orig	4	279	final_output-17	17	2048	0	3.000457e-02	3.596807e-02	-0.0281769391,0.0257089138,-0.000599307648,0.0592183843	-0.0279841144,0.0276682731,-0.000458599068,0.0618506745
orig	4	280	linear_attn_out-17	17	1024	0	4.351998e-02	1.295429e-02	-0.686543286,-0.00502737053,0.0290099531,0.00344557874	-0.699497581,-0.00514597679,0.029627705,0.00636605173
orig	4	281	attn_residual-17	17	1024	0	2.902057e-02	1.870131e-02	-1.95726943,-0.0760930851,-0.347956419,0.232804179	-1.97560227,-0.0759574771,-0.366657734,0.244495392
orig	4	282	attn_post_norm-17	17	1024	0	3.102280e-02	1.477211e-01	-9.47481918,-0.645980656,-2.85020375,1.67657125	-9.54615974,-0.643655777,-2.9979248,1.7575624
orig	4	283	ffn_out-17	17	1024	0	4.233277e-02	9.987640e-03	0.0890913606,-0.0816043094,0.0559403636,0.0962014496	0.0827520937,-0.0804006904,0.0529918224,0.0950531587
orig	4	284	l_out-17	17	1024	0	3.003443e-02	2.467203e-02	-1.86817813,-0.157697394,-0.292016059,0.329005629	-1.89285016,-0.156358168,-0.313665926,0.339548558
orig	4	285	attn_norm-18	18	1024	0	3.030292e-02	2.056131e-01	-14.2080679,-1.57816696,-2.8124578,3.08129811	-14.3818846,-1.56326222,-3.01807094,3.17698455
orig	4	286	conv_output_silu-18	18	6144	0	1.225690e-02	7.144356e-02	-0.0903200656,-0.264304787,-0.0717390701,-0.263104141	-0.0931122974,-0.264450043,-0.0722371042,-0.265371025
orig	4	287	q_conv_predelta-18	18	2048	0	1.832562e-02	1.575962e-02	-0.0296305306,-0.0867082104,-0.0235348213,-0.0863143206	-0.0303909313,-0.0863138735,-0.0235774741,-0.0866144747
orig	4	288	k_conv_predelta-18	18	2048	0	2.035505e-02	1.581892e-02	-0.076920189,-0.0483227558,-0.0175089054,-0.0525984541	-0.0755417049,-0.047533568,-0.0175875071,-0.0539416447
orig	4	289	v_conv_predelta-18	18	2048	0	1.523544e-02	6.068182e-02	0.0407732725,-0.0491667911,-0.0446538888,-0.109363765	0.0403006487,-0.040873602,-0.0428510867,-0.108239762
orig	4	290	a_softplus-18	18	16	0	2.707993e-02	1.223798e-01	0.00122079207,4.5988884,0.0446843058,4.04218054	0.00122388778,4.69641304,0.0449749641,4.16007996
orig	4	291	gate-18	18	16	0	2.782081e-02	3.973091e-02	-0.000508901838,-0.927049875,-0.0133122522,-1.08793819	-0.000510192302,-0.946709037,-0.0133988447,-1.11967039
orig	4	292	beta_sigmoid-18	18	16	0	3.356206e-03	6.730258e-03	0.591523111,0.767798543,0.329761952,0.907394588	0.595151067,0.769149423,0.327957243,0.908509612
orig	4	293	state_predelta-18	18	262144	0	2.202395e-02	8.411860e-02	-0.00109764014,-0.00866611581,-0.00483606476,-0.000242479698	-0.00102618779,-0.00829178095,-0.00460887654,-6.57772762e-06
orig	4	294	new_state-18	18	262144	0	2.149326e-02	8.415699e-02	-0.00104293576,-0.00862769131,-0.00482127909,-0.00020533106	-0.00104552147,-0.00830004644,-0.00461114896,-2.07536268e-05
orig	4	295	attn_output-18	18	2048	0	1.129187e-02	1.724735e-03	0.00349196605,-0.00668387301,-0.00117802131,-0.00527757872	0.00340570766,-0.00663111126,-0.00113723963,-0.00526280422
orig	4	296	z-18	18	2048	0	1.792227e-02	1.888604e-01	-0.227029234,-0.732321978,-0.31025511,-1.37412059	-0.203476131,-0.725585103,-0.264748633,-1.31352806
orig	4	297	final_output-18	18	2048	0	2.759813e-02	2.914262e-02	-0.0164518468,0.0870010108,0.00773062464,0.0696837455	-0.0144678857,0.085310176,0.00649051322,0.0692081973
orig	4	298	linear_attn_out-18	18	1024	0	3.804692e-02	8.483469e-03	-0.447457403,-0.0329644904,0.0698433667,-0.0947624445	-0.438973933,-0.0307287592,0.0711353123,-0.0957837105
orig	4	299	attn_residual-18	18	1024	0	2.884028e-02	2.035792e-02	-2.31563544,-0.190661877,-0.222172692,0.234243184	-2.33182406,-0.187086925,-0.242530614,0.243764848
orig	4	300	attn_post_norm-18	18	1024	0	3.078138e-02	1.533194e-01	-11.0428677,-1.4132762,-1.6742208,1.51266789	-11.1195135,-1.38670766,-1.82754016,1.57407713
orig	4	301	ffn_out-18	18	1024	0	4.281894e-02	9.104446e-03	-0.447470129,0.00793058425,-0.058880724,0.0781595111	-0.440732062,0.00712170918,-0.0555393249,0.0807730258
orig	4	302	l_out-18	18	1024	0	2.816392e-02	1.910962e-02	-2.76310563,-0.182731301,-0.281053424,0.312402695	-2.77255607,-0.179965213,-0.298069954,0.324537873
orig	4	303	attn_norm-19	19	1024	0	2.800734e-02	1.308007e-01	-13.4630432,-0.990276873,-1.56988573,1.72540426	-13.4957085,-0.97432059,-1.66328621,1.79065168
orig	4	304	attn_pregate-19	19	2048	0	2.988428e-02	8.501828e-02	0.0368847102,0.202110738,-0.0480976701,0.00556468964	0.0340327322,0.204126388,-0.066720292,0.00610011071
orig	4	305	attn_gated-19	19	2048	0	1.962048e-02	4.542303e-02	0.00121381332,0.00864826236,-0.00279879407,0.000236693697	0.00110470783,0.00861669425,-0.00377013884,0.000252758677
orig	4	306	attn_output-19	19	1024	0	6.891739e-02	1.686668e-02	0.208882093,-0.0175799429,-0.0834666193,0.203299791	0.192015409,-0.019057259,-0.0831203759,0.215977296
orig	4	307	attn_residual-19	19	1024	0	3.160251e-02	2.631712e-02	-2.55422354,-0.200311244,-0.364520043,0.515702486	-2.58054066,-0.199022472,-0.38119033,0.540515184
orig	4	308	attn_post_norm-19	19	1024	0	3.324084e-02	1.574452e-01	-12.4150944,-1.44115222,-2.39777207,2.81928897	-12.5170612,-1.42891765,-2.5022397,2.94882369
orig	4	309	ffn_out-19	19	1024	0	5.173447e-02	2.434230e-02	0.370969117,-0.0423567779,0.00892015174,0.103833571	0.395311415,-0.0424425341,0.00262133032,0.106122531
orig	4	310	l_out-19	19	1024	0	3.343052e-02	2.710170e-02	-2.18325448,-0.242668018,-0.35559988,0.619536042	-2.1852293,-0.241465002,-0.378569007,0.646637738
orig	4	311	attn_norm-20	20	1024	0	3.395362e-02	1.763101e-01	-12.4941158,-1.95084369,-2.66411185,4.15629673	-12.4895391,-1.93870819,-2.83259296,4.33260679
orig	4	312	conv_output_silu-20	20	6144	0	1.791159e-02	6.434441e-02	0.1907022,-0.253445446,-0.200321153,-0.0609322116	0.185139835,-0.25385502,-0.202510417,-0.0584817752
orig	4	313	q_conv_predelta-20	20	2048	0	2.160503e-02	1.623380e-02	0.0542880856,-0.0721495003,-0.0570263565,-0.0173458569	0.0531676076,-0.0729009211,-0.0581560135,-0.0167945288
orig	4	314	k_conv_predelta-20	20	2048	0	2.411302e-02	1.876440e-02	-0.0356551409,-0.0152336117,0.0177385863,-0.0755571723	-0.0348340869,-0.013841236,0.0178708807,-0.0749754533
orig	4	315	v_conv_predelta-20	20	2048	0	1.532811e-02	5.955595e-02	-0.110737681,0.0471736044,-0.0412567295,0.0572348982	-0.113348208,0.0476675332,-0.0426211692,0.0531831346
orig	4	316	a_softplus-20	20	16	0	1.531325e-02	6.181002e-02	0.448670745,0.300236791,0.126845405,3.29386258	0.405139774,0.286187977,0.125331104,3.34064412
orig	4	317	gate-20	20	16	0	1.367052e-02	2.796912e-02	-0.100111976,-0.0521733314,-0.0231002644,-0.943707466	-0.0903989077,-0.0497320145,-0.0228244904,-0.957110584
orig	4	318	beta_sigmoid-20	20	16	0	5.259565e-03	1.282197e-02	0.904265523,0.965570688,0.910592616,0.742662251	0.908478022,0.966837823,0.914353669,0.746812582
orig	4	319	state_predelta-20	20	262144	0	2.537889e-02	4.249042e-02	-0.00134726544,-0.00279285107,-0.0010885722,-0.0019531427	-0.00127780996,-0.00298939273,-0.00121797016,-0.00209409185
orig	4	320	new_state-20	20	262144	0	2.435534e-02	4.247427e-02	0.00298640132,-0.000730075408,-0.00307703577,0.00714445906	0.0030996392,-0.00103552639,-0.00330179161,0.00727103045
orig	4	321	attn_output-20	20	2048	0	1.957074e-02	3.036067e-03	-0.00346588995,0.00180240301,-0.00145654532,0.00179885072	-0.00360646797,0.00183072314,-0.00151941529,0.00171003607
orig	4	322	z-20	20	2048	0	1.818865e-02	1.580667e-01	-0.167930096,-0.750593781,-0.191670045,1.59100616	-0.181483239,-0.71847558,-0.180329546,1.62048626
orig	4	323	final_output-20	20	2048	0	4.313255e-02	1.529231e-01	0.0287991483,-0.0495809577,0.0131839337,0.231245562	0.0316730998,-0.048534926,0.0128273284,0.221683115
orig	4	324	linear_attn_out-20	20	1024	0	4.250240e-02	1.092579e-02	-1.36336851,-0.0573470891,-0.00870027486,0.360146344	-1.36368346,-0.0540466048,-0.0125039062,0.357575804
orig	4	325	attn_residual-20	20	1024	0	3.153188e-02	2.677274e-02	-3.54662299,-0.300015092,-0.364300162,0.979682386	-3.54891276,-0.295511603,-0.391072899,1.00421357
orig	4	326	attn_post_norm-20	20	1024	0	3.456349e-02	1.663024e-01	-12.7441721,-1.88910961,-2.32142115,4.86511183	-12.7303905,-1.8575412,-2.48772359,4.97832775
orig	4	327	ffn_out-20	20	1024	0	5.453895e-02	1.356297e-02	0.386644453,-0.0485297106,-0.0730680078,0.0479469597	0.380312771,-0.0500106551,-0.0723811015,0.0530795604
orig	4	328	l_out-20	20	1024	0	3.382334e-02	2.990115e-02	-3.15997863,-0.348544806,-0.437368155,1.02762938	-3.16860008,-0.345522255,-0.463454008,1.05729318
orig	4	329	attn_norm-21	21	1024	0	3.522402e-02	2.086358e-01	-15.466898,-2.6193049,-2.99849343,6.55405569	-15.4647799,-2.58917093,-3.16825294,6.72397804
orig	4	330	conv_output_silu-21	21	6144	0	1.433214e-02	1.839066e-01	-0.0945494696,-0.0371630788,-0.26971525,-0.0957267731	-0.088148661,-0.0356300958,-0.269848883,-0.0932800323
orig	4	331	q_conv_predelta-21	21	2048	0	1.584109e-02	1.803142e-02	-0.0173962172,-0.00683765812,-0.0496250801,-0.0176128298	-0.0161667354,-0.00653466908,-0.0494911149,-0.0171078444
orig	4	332	k_conv_predelta-21	21	2048	0	2.562358e-02	2.178830e-02	-0.0103376657,-0.0197884161,-0.0235132948,-0.044431407	-0.0080971038,-0.0212053917,-0.0224244148,-0.0424425267
orig	4	333	v_conv_predelta-21	21	2048	0	1.605012e-02	5.370414e-02	-0.0055007115,-0.0150050512,-0.116569683,0.00364996889	-0.00377575075,-0.0156304333,-0.114815049,0.00308388751
orig	4	334	a_softplus-21	21	16	0	2.725861e-02	1.303914e-01	0.457394928,3.0025301,0.0455790348,1.45600903	0.439469486,3.13292146,0.0431870557,1.48463511
orig	4	335	gate-21	21	16	0	2.925199e-02	3.374988e-02	-0.135205686,-0.777161479,-0.0170316398,-0.690461874	-0.129906937,-0.810911357,-0.0161378235,-0.704036772
orig	4	336	beta_sigmoid-21	21	16	0	4.950498e-03	6.880075e-03	0.705976605,0.955593288,0.516176283,0.911329865	0.699793816,0.954842031,0.519008815,0.912591457
orig	4	337	state_predelta-21	21	262144	0	2.936527e-02	4.892121e-02	-0.0006177795,-0.00226448057,0.00375266117,-0.0035452717	-0.000518263609,-0.00210815575,0.00379362726,-0.00344791589
orig	4	338	new_state-21	21	262144	1	2.701873e-02	4.868108e-02	-0.000268557167,-0.00145917316,0.00389469974,-0.00193175115	-0.000256028579,-0.00132991746,0.00388286798,-0.00198426703
orig	4	339	attn_output-21	21	2048	0	1.134087e-02	1.543134e-03	-1.14202712e-05,3.54086137e-06,-8.55124817e-05,-8.27264466e-06	3.53681315e-07,3.78845448e-06,-7.95597516e-05,-1.56915903e-05
orig	4	340	z-21	21	2048	0	2.595515e-02	2.008250e-01	-2.0583117,-1.85421371,-0.554563522,-2.59414148	-2.15624666,-1.92236078,-0.557463944,-2.62123442
orig	4	341	final_output-21	21	2048	0	3.914627e-02	4.829809e-02	0.00222396594,-0.000613218814,0.0130449412,0.00139782368	-6.61128142e-05,-0.000641053019,0.012176618,0.00261206646
orig	4	342	linear_attn_out-21	21	1024	0	4.812080e-02	1.327783e-02	-0.834378123,-0.0122459158,0.0794630945,0.195012838	-0.821100295,-0.0129955411,0.0805158839,0.193182617
orig	4	343	attn_residual-21	21	1024	0	3.237168e-02	3.002879e-02	-3.99435663,-0.36079073,-0.35790506,1.22264218	-3.98970032,-0.358517796,-0.382938117,1.25047576
orig	4	344	attn_post_norm-21	21	1024	0	3.553425e-02	1.678239e-01	-13.5781784,-2.12006736,-2.07536507,5.66794538	-13.5369453,-2.10276484,-2.21636343,5.78611755
orig	4	345	ffn_out-21	21	1024	0	5.195721e-02	1.033862e-02	0.268877029,-0.012216771,-0.0783274472,0.021952007	0.270055771,-0.0138183497,-0.078519538,0.0194449238
orig	4	346	l_out-21	21	1024	0	3.382785e-02	2.733281e-02	-3.7254796,-0.373007506,-0.436232507,1.24459422	-3.71964455,-0.372336149,-0.46145767,1.26992071
orig	4	347	attn_norm-22	22	1024	0	3.484158e-02	1.640551e-01	-15.9024,-2.28425288,-2.45797896,7.00351524	-15.8480692,-2.27591586,-2.59529305,7.13278818
orig	4	348	conv_output_silu-22	22	6144	0	1.751396e-02	1.288223e-01	0.0511710048,-0.0129358871,0.0452132486,-0.0393068604	0.0441825911,-0.0136323553,0.0470683165,-0.0372147933
orig	4	349	q_conv_predelta-22	22	2048	0	1.604083e-02	1.514167e-02	0.0116074272,-0.00293432549,0.0102559943,-0.00891621225	0.00996704213,-0.00307528931,0.0106180254,-0.00839519314
orig	4	350	k_conv_predelta-22	22	2048	0	2.912783e-02	1.843065e-02	0.021461945,-0.128192082,-0.109970398,-0.0996854082	0.0214066692,-0.129498526,-0.106963642,-0.100222453
orig	4	351	v_conv_predelta-22	22	2048	0	2.127791e-02	3.500134e-02	0.00441153906,-0.0181777086,0.0110670365,-0.0219279751	0.00466163084,-0.0192850605,0.0112511283,-0.0220812671
orig	4	352	a_softplus-22	22	16	0	1.828458e-02	1.938539e-01	2.49551082,4.72951174,4.31037569,0.218319222	2.5490303,4.84169817,4.35451174,0.212258413
orig	4	353	gate-22	22	16	0	1.591440e-02	6.595540e-02	-0.461623102,-1.07191527,-2.82681346,-0.0410209671	-0.471523196,-1.09734154,-2.85575867,-0.0398821756
orig	4	354	beta_sigmoid-22	22	16	0	5.216226e-03	7.215798e-03	0.603150606,0.884743035,0.952572525,0.578673005	0.605257034,0.890862942,0.951347053,0.577165663
orig	4	355	state_predelta-22	22	262144	0	2.936511e-02	2.603245e-02	0.000208134603,4.3005879e-05,0.000201893912,-3.98758566e-05	0.00025045959,-4.09642089e-05,0.000213609455,4.1672145e-05
orig	4	356	new_state-22	22	262144	0	2.618168e-02	2.872166e-02	0.0001885565,-0.000315611309,-0.000166755664,-0.000291636941	0.000213097112,-0.000369157671,-0.000150499705,-0.000239911213
orig	4	357	attn_output-22	22	2048	0	2.969491e-02	1.369417e-03	4.54151041e-06,-8.9648318e-05,0.00014627786,-0.000156325637	4.62058961e-06,-8.98227227e-05,0.000139060285,-0.000149110914
orig	4	358	z-22	22	2048	0	2.281690e-02	2.053823e-01	1.71651924,-0.787588954,-1.7377255,-0.303674877	1.65786099,-0.782582998,-1.78292441,-0.259446084
orig	4	359	final_output-22	22	2048	0	3.858340e-02	1.403484e-01	0.00750495447,0.0226619486,-0.0406540595,0.019416891	0.0073201675,0.0226787869,-0.0382195748,0.0162554551
orig	4	360	linear_attn_out-22	22	1024	0	5.179936e-02	1.074031e-02	-0.795028448,-0.0205417536,-0.0347787477,0.0528181344	-0.8022542,-0.0206662621,-0.0348778144,0.0545516387
orig	4	361	attn_residual-22	22	1024	0	3.233024e-02	2.932262e-02	-4.52050781,-0.393549263,-0.471011251,1.2974124	-4.52189875,-0.393002421,-0.496335477,1.32447231
orig	4	362	attn_post_norm-22	22	1024	0	3.490637e-02	1.429911e-01	-16.0110817,-2.01109099,-2.36406922,5.35391665	-15.9871416,-2.00467682,-2.48668504,5.45573092
orig	4	363	ffn_out-22	22	1024	0	4.986763e-02	2.428842e-02	-0.145454466,-0.0112539679,0.082274802,-0.0675094351	-0.121166043,-0.0138109624,0.0805841461,-0.073207438
orig	4	364	l_out-22	22	1024	0	3.366293e-02	3.420401e-02	-4.66596222,-0.404803216,-0.388736457,1.22990298	-4.64306498,-0.406813383,-0.415751338,1.25126481
orig	4	365	attn_norm-23	23	1024	0	3.373581e-02	1.331334e-01	-16.2453289,-1.80464733,-1.79078758,4.62480164	-16.1595573,-1.81292975,-1.91451979,4.70336723
orig	4	366	attn_pregate-23	23	2048	0	1.035053e-02	1.750135e-01	-7.22501183,0.167170435,-0.484225214,0.117631659	-7.22750568,0.163226694,-0.491228878,0.0887668878
orig	4	367	attn_gated-23	23	2048	0	2.762423e-02	1.360464e-01	-1.35562956,0.0151921641,-0.05001387,0.0100568179	-1.3221612,0.0142253228,-0.048660446,0.00750282314
orig	4	368	attn_output-23	23	1024	0	4.512525e-02	2.120382e-02	-0.30271703,-0.00186799094,-0.0164715908,0.164626896	-0.32156527,0.00166003406,-0.014125891,0.174948379
orig	4	369	attn_residual-23	23	1024	0	3.830000e-02	4.247350e-02	-4.96867943,-0.406671196,-0.405208051,1.39452982	-4.96463013,-0.405153334,-0.429877222,1.42621315
orig	4	370	attn_post_norm-23	23	1024	0	4.006908e-02	1.658547e-01	-17.7513161,-1.75628674,-1.61002469,5.18321991	-17.6970558,-1.74580586,-1.70421147,5.28908777
orig	4	371	ffn_out-23	23	1024	0	2.384469e-02	4.822111e-02	2.71523881,0.698509872,0.9516958,0.129282594	2.7192111,0.698190391,0.968190968,0.162440211
orig	4	372	l_out-23	23	1024	0	3.713286e-02	6.484091e-02	-2.25344062,0.291838676,0.546487749,1.52381241	-2.24541903,0.293037057,0.538313746,1.58865333
orig	4	373	result_norm	-1	1024	0	3.979262e-02	6.350360e-01	-1.35778403,2.96158242,5.3840127,16.752306	-1.3439033,2.95385766,5.26801682,17.3483524
orig	4	374	result_output	-1	248320	0	4.108689e-02	5.285826e-01	12.9184694,10.3695164,4.48706627,9.8991127	12.9026918,10.420886,4.51576281,10.0024281
orig	28	375	model.input_embed	-1	1024	1024	0.000000e+00	0.000000e+00	-0.00443530083,-0.0236549377,0.0192196369,0.0280902386	-0.00443530083,-0.0236549377,0.0192196369,0.0280902386
orig	28	376	attn_norm-0	0	1024	1024	0.000000e+00	0.000000e+00	-0.355813235,-1.22866762,1.183496,1.96739697	-0.355813235,-1.22866762,1.183496,1.96739697
orig	28	377	conv_output_silu-0	0	6144	6144	0.000000e+00	0.000000e+00	-0.0379437357,-0.0100741265,-0.00457119057,-0.0573598966	-0.0379437357,-0.0100741265,-0.00457119057,-0.0573598966
orig	28	378	q_conv_predelta-0	0	2048	751	8.233766e-08	5.960464e-08	-0.0646868423,-0.0171744656,-0.00779300882,-0.0977876931	-0.0646868423,-0.0171744674,-0.00779300928,-0.0977877006
orig	28	379	k_conv_predelta-0	0	2048	682	9.426797e-08	8.940697e-08	0.0591997094,-0.127992496,-0.0746471658,0.00174158427	0.0591997132,-0.127992496,-0.0746471658,0.00174158427
orig	28	380	v_conv_predelta-0	0	2048	2048	0.000000e+00	0.000000e+00	0.0766799599,-0.0106751742,-0.00472295424,-0.036742989	0.0766799599,-0.0106751742,-0.00472295424,-0.036742989
orig	28	381	a_softplus-0	0	16	16	0.000000e+00	0.000000e+00	3.9730978,0.000217890847,0.00040475282,3.75231338	3.9730978,0.000217890847,0.00040475282,3.75231338
orig	28	382	gate-0	0	16	16	0.000000e+00	0.000000e+00	-5.14157057,-2.85810584e-05,-4.8340833e-05,-2.12966847	-5.14157057,-2.85810584e-05,-4.8340833e-05,-2.12966847
orig	28	383	beta_sigmoid-0	0	16	16	0.000000e+00	0.000000e+00	0.444926709,0.52553463,0.460861266,0.997994304	0.444926709,0.52553463,0.460861266,0.997994304
orig	28	384	state_predelta-0	0	262144	51173	1.402162e-07	3.576279e-07	-1.9852705e-06,4.34703088e-06,3.50095343e-06,2.674266e-07	-1.98527027e-06,4.34703088e-06,3.5009532e-06,2.67426572e-07
orig	28	385	new_state-0	0	262144	63213	1.411242e-07	3.576279e-07	0.00201968523,-0.00436665164,-0.00254669203,5.94186131e-05	0.00201968523,-0.00436665164,-0.00254669203,5.94186131e-05
orig	28	386	attn_output-0	0	2048	372	1.186741e-07	1.490116e-08	6.8563545e-06,-9.65426921e-07,-3.60865414e-07,-3.29754198e-06	6.85635632e-06,-9.65425784e-07,-3.6086567e-07,-3.29754448e-06
orig	28	387	z-0	0	2048	2048	0.000000e+00	0.000000e+00	0.963563442,-0.744903564,0.654985309,-1.23944759	0.963563442,-0.744903564,0.654985309,-1.23944759
orig	28	388	final_output-0	0	2048	330	1.794571e-07	4.768372e-07	0.00460561551,0.000229250523,-0.000144311794,0.000848213851	0.00460561691,0.000229250261,-0.000144311882,0.000848214491
orig	28	389	linear_attn_out-0	0	1024	55	1.281361e-06	2.235174e-07	-0.479343086,0.0208116993,-0.121387951,-0.0108986348	-0.479342997,0.0208115801,-0.121387929,-0.0108986273
orig	28	390	attn_residual-0	0	1024	55	1.291217e-06	2.235174e-07	-0.483778387,-0.00284323841,-0.102168314,0.0171916038	-0.483778298,-0.00284335762,-0.102168292,0.0171916112
orig	28	391	attn_post_norm-0	0	1024	20	1.421934e-06	6.772578e-06	-8.43921757,-0.0909809321,-3.36409044,0.554672718	-8.43921566,-0.0909847394,-3.36408949,0.554672956
orig	28	392	ffn_out-0	0	1024	31	7.338955e-07	7.450581e-08	0.0362266973,0.0326891318,0.0168542545,-0.028310677	0.0362266451,0.0326890983,0.0168542415,-0.0283106565
orig	28	393	l_out-0	0	1024	18	1.393763e-06	2.458692e-07	-0.447551697,0.0298458934,-0.0853140578,-0.0111190733	-0.447551668,0.0298457406,-0.0853140503,-0.0111190453
orig	28	394	attn_norm-1	1	1024	21	1.455910e-06	9.357929e-06	-14.0762701,1.2163496,-3.32574749,-0.464739978	-14.0762711,1.21634364,-3.32574797,-0.464738905
orig	28	395	conv_output_silu-1	1	6144	515	3.913573e-07	9.536743e-07	0.011661876,-0.01300437,-0.147895396,-0.278444409	0.0116618816,-0.0130043812,-0.147895366,-0.278444409
orig	28	396	q_conv_predelta-1	1	2048	105	4.381019e-07	4.768372e-07	0.00423357822,-0.00472093979,-0.0536900535,-0.101082891	0.00423358055,-0.00472094445,-0.0536900423,-0.101082899
orig	28	397	k_conv_predelta-1	1	2048	127	4.487464e-07	3.874302e-07	-0.106026553,0.0245726667,-0.0124976626,0.0516721867	-0.106026568,0.0245727431,-0.0124976616,0.0516721867
orig	28	398	v_conv_predelta-1	1	2048	174	3.967423e-07	9.536743e-07	-0.0835829675,0.0522022992,-0.00316645787,-0.0019307927	-0.0835830495,0.0522023514,-0.00316645578,-0.00193079561
orig	28	399	a_softplus-1	1	16	16	0.000000e+00	0.000000e+00	0.00625865022,0.610671878,0.653646231,0.417819947	0.00625865022,0.610671878,0.653646231,0.417819947
orig	28	400	gate-1	1	16	16	0.000000e+00	0.000000e+00	-0.00112211413,-0.658683658,-0.748677611,-0.126436234	-0.00112211413,-0.658683658,-0.748677611,-0.126436234
orig	28	401	beta_sigmoid-1	1	16	16	0.000000e+00	0.000000e+00	0.258447707,0.963361263,0.950765729,0.732100487	0.258447707,0.963361263,0.950765729,0.732100487
orig	28	402	state_predelta-1	1	262144	4638	6.761883e-04	8.420497e-04	-0.0130763259,0.021342054,0.00178249017,-0.0134303831	-0.0130442604,0.0213604551,0.00178569183,-0.0134313684
orig	28	403	new_state-1	1	262144	3899	5.505862e-04	8.037686e-04	-0.0105502633,0.0207360778,0.00207651709,-0.0146392547	-0.0105195204,0.0207547564,0.00207956345,-0.0146396114
orig	28	404	attn_output-1	1	2048	60	6.705864e-05	1.519918e-06	-0.000713339774,0.000502837938,4.79848268e-07,2.67758733e-05	-0.000713274232,0.000502749113,4.68899287e-07,2.67728428e-05
orig	28	405	z-1	1	2048	167	4.423519e-07	2.861023e-06	-5.5540638,-5.95376921,-2.51962709,-0.212670088	-5.55406284,-5.95376968,-2.51962566,-0.212669313
orig	28	406	final_output-1	1	2048	23	6.237142e-05	5.330145e-05	0.0128283752,-0.00649372349,-8.26883916e-05,-0.00257626339	0.0128272353,-0.00649258774,-8.08018813e-05,-0.00257596932
orig	28	407	linear_attn_out-1	1	1024	1	1.792631e-04	3.446452e-05	-0.0345047712,-0.0251502749,-0.0797232091,0.0289953277	-0.0345036387,-0.0251519587,-0.0797236636,0.028996611
orig	28	408	attn_residual-1	1	1024	0	1.148366e-04	3.439933e-05	-0.482056469,0.00469561853,-0.165037274,0.0178762544	-0.482055306,0.00469378196,-0.165037721,0.0178775657
orig	28	409	attn_post_norm-1	1	1024	0	1.222146e-04	8.347034e-04	-7.31955242,0.112314045,-3.98792911,0.456037134	-7.3195343,0.112270124,-3.98793983,0.456070602
orig	28	410	ffn_out-1	1	1024	0	8.911400e-03	1.003459e-03	-0.0628211945,-0.00228133751,-0.033430595,-0.014658385	-0.0635503232,-0.00272083608,-0.0334321521,-0.0149072278
orig	28	411	l_out-1	1	1024	0	6.022717e-03	1.001731e-03	-0.544877648,0.00241428101,-0.198467866,0.00321786944	-0.545605659,0.00197294587,-0.198469877,0.00297033787
orig	28	412	attn_norm-2	2	1024	0	6.175449e-03	3.040427e-02	-13.7469149,0.0746156946,-5.92259932,0.100719877	-13.7641335,0.0609707125,-5.92216539,0.0929643437
orig	28	413	conv_output_silu-2	2	6144	0	9.080548e-03	3.792679e-02	0.0508381836,-0.037875399,-0.0228484161,-0.00707038725	0.0507584587,-0.0376257412,-0.0220332276,-0.00703892577
orig	28	414	q_conv_predelta-2	2	2048	0	1.079399e-02	1.354432e-02	0.032318335,-0.0240777638,-0.0145249628,-0.00449471455	0.0321933143,-0.0238639507,-0.0139744719,-0.00446440605
orig	28	415	k_conv_predelta-2	2	2048	0	1.284228e-02	1.166938e-02	0.0401377603,-0.0503263324,-0.0416972451,-0.166473895	0.0398473367,-0.0506414361,-0.0417756625,-0.168911308
orig	28	416	v_conv_predelta-2	2	2048	0	1.200393e-02	1.953799e-02	0.00316491793,-0.0354219414,-0.00813333876,-0.0134695042	0.00258925324,-0.0357387662,-0.00760968588,-0.0138208438
orig	28	417	a_softplus-2	2	16	0	7.284798e-03	1.382768e-02	1.29277742,0.0140563715,0.0476785824,0.742868423	1.29804111,0.0139830206,0.0470390469,0.747800589
orig	28	418	gate-2	2	16	0	7.917678e-03	1.353204e-02	-1.16053689,-0.00396478176,-0.0142043,-0.48528564	-1.16526222,-0.00394409196,-0.014013771,-0.488507628
orig	28	419	beta_sigmoid-2	2	16	0	1.563973e-03	1.032725e-03	0.425806671,0.285492867,0.269860327,0.716315091	0.42650184,0.2858527,0.269702911,0.716259301
orig	28	420	state_predelta-2	2	262144	2	1.200486e-02	2.091566e-02	6.35578772e-06,-1.21400299e-05,2.95600094e-05,0.000161745702	6.05341666e-06,-1.07741489e-05,2.89001309e-05,0.00016044674
orig	28	421	new_state-2	2	262144	0	1.196228e-02	1.963723e-02	5.52889251e-05,-7.06302817e-05,-4.61066447e-05,-0.000170377098	4.51490632e-05,-5.8340087e-05,-3.63426516e-05,-0.000133349356
orig	28	422	attn_output-2	2	2048	0	4.833849e-03	1.573507e-04	-2.01895e-06,1.95159719e-05,4.54867177e-06,7.14408998e-06	-1.65430492e-06,1.91864638e-05,4.1505773e-06,7.16557679e-06
orig	28	423	z-2	2	2048	0	7.661457e-03	6.161308e-02	1.23792195,0.105916649,0.196250081,-0.459848285	1.23683357,0.097528547,0.192642927,-0.461664647
orig	28	424	final_output-2	2	2048	0	1.236096e-02	1.912979e-02	-0.00197450328,0.000720538374,0.000446581776,-0.00123833597	-0.00161626085,0.00064975908,0.000399404234,-0.00124572718
orig	28	425	linear_attn_out-2	2	1024	0	3.610366e-02	3.253529e-03	-0.394632638,-0.0285854768,0.00960105471,-0.0383195058	-0.397335142,-0.0283242036,0.00789393857,-0.037334688
orig	28	426	attn_residual-2	2	1024	0	1.657027e-02	3.527898e-03	-0.939510286,-0.0261711963,-0.188866809,-0.0351016372	-0.942940831,-0.0263512582,-0.190575942,-0.0343643501
orig	28	427	attn_post_norm-2	2	1024	0	1.851364e-02	7.818699e-02	-12.6546555,-0.553631067,-4.05567169,-0.751401484	-12.6959248,-0.557223499,-4.09078264,-0.735332787
orig	28	428	ffn_out-2	2	1024	0	3.441568e-02	4.978119e-03	0.591763198,0.00991100166,-0.0277483966,-0.00983495824	0.594753861,0.0112846494,-0.0292863175,-0.0143982358
orig	28	429	l_out-2	2	1024	0	2.676175e-02	5.411640e-03	-0.347747087,-0.0162601955,-0.2166152,-0.0449365973	-0.34818697,-0.0150666088,-0.219862252,-0.048762586
orig	28	430	attn_norm-3	3	1024	0	2.669025e-02	1.333286e-01	-7.9798789,-0.445440382,-5.36378384,-1.17346287	-7.97601223,-0.412021428,-5.43467379,-1.2711488
orig	28	431	attn_pregate-3	3	2048	0	1.922937e-02	4.444188e-02	0.147749305,-0.0174730215,0.265874177,0.359543473	0.147729263,-0.00477880705,0.257990003,0.362616837
orig	28	432	attn_gated-3	3	2048	0	2.683371e-02	2.048719e-02	0.0454292521,-0.0013916546,0.0150021855,0.00543493731	0.0461506732,-0.000386266096,0.0146519942,0.00565752247
orig	28	433	attn_output-3	3	1024	0	4.264921e-02	3.511518e-03	-0.254446626,-0.0227011666,0.0206896961,-0.017520031	-0.251140118,-0.0223124009,0.0206629559,-0.0180853847
orig	28	434	attn_residual-3	3	1024	0	2.980443e-02	7.744059e-03	-0.602193713,-0.0389613621,-0.195925504,-0.0624566302	-0.599327087,-0.0373790115,-0.199199289,-0.0668479726
orig	28	435	attn_post_norm-3	3	1024	0	3.189352e-02	1.722195e-01	-8.16881943,-0.791486382,-4.09978867,-1.31825781	-8.10923576,-0.757408321,-4.15768194,-1.40735292
orig	28	436	ffn_out-3	3	1024	0	5.264658e-02	6.250262e-03	-0.00602258742,-0.0292333942,0.00581762195,-0.0120726228	-0.00122565031,-0.0310937352,0.0054474175,-0.0116187111
orig	28	437	l_out-3	3	1024	0	3.407564e-02	7.663548e-03	-0.608216286,-0.0681947544,-0.190107882,-0.0745292529	-0.600552738,-0.068472743,-0.193751872,-0.0784666836
orig	28	438	attn_norm-4	4	1024	0	3.520754e-02	1.577444e-01	-12.5194168,-1.85140324,-4.81018114,-2.07434392	-12.3833723,-1.86221373,-4.91098833,-2.18776655
orig	28	439	conv_output_silu-4	4	6144	0	2.192080e-02	1.061575e-01	-0.0287505928,0.0172714666,-0.0559585392,-0.195339352	-0.0287175439,0.0181391314,-0.0566505864,-0.197298914
orig	28	440	q_conv_predelta-4	4	2048	0	2.462265e-02	2.619161e-02	-0.00632281741,0.00379833323,-0.0123063764,-0.042958945	-0.0063005439,0.00397967175,-0.012428971,-0.0432867967
orig	28	441	k_conv_predelta-4	4	2048	0	3.078829e-02	2.430329e-02	-0.00145156472,0.426597536,0.0221505389,-0.00312491949	-0.000588899129,0.431016028,0.0213146079,-0.0032461721
orig	28	442	v_conv_predelta-4	4	2048	0	1.613434e-02	6.900167e-02	-0.0793101713,0.00101613859,-0.00268716342,-0.00342361489	-0.0765668824,0.00105380022,-0.00109896727,-0.00315554254
orig	28	443	a_softplus-4	4	16	0	2.759279e-02	5.956376e-02	0.115396641,2.14226627,0.015827151,1.60431397	0.109914437,2.10378051,0.0157440733,1.54475021
orig	28	444	gate-4	4	16	0	2.457846e-02	3.739285e-02	-0.0481044762,-2.08143115,-0.00498023396,-0.842118084	-0.0458191521,-2.0440383,-0.0049540922,-0.810852587
orig	28	445	beta_sigmoid-4	4	16	0	8.996527e-03	8.180544e-03	0.474845916,0.932374418,0.347021699,0.369117796	0.46702069,0.935853422,0.345205605,0.370937049
orig	28	446	state_predelta-4	4	262144	3	1.098679e-02	3.705567e-02	0.000942095765,-0.0270953905,0.000903770444,-0.00218584295	0.00108412933,-0.0282042548,0.000665157102,-0.00200710027
orig	28	447	new_state-4	4	262144	0	1.120847e-02	3.655678e-02	0.000927003333,-0.0343907997,0.00041644345,-0.00202042074	0.00104622019,-0.0347314514,0.000250120211,-0.0018585393
orig	28	448	attn_output-4	4	2048	0	2.071483e-02	4.568025e-03	-9.95090159e-05,1.21936828e-05,2.13507337e-05,-1.3130847e-05	-0.000100793251,1.24784228e-05,2.2975044e-05,-1.18841772e-05
orig	28	449	z-4	4	2048	0	1.887036e-02	1.502872e-01	-6.03991699,0.603221178,-0.615869641,0.0809261501	-6.02635431,0.601359069,-0.639929116,0.134964019
orig	28	450	final_output-4	4	2048	0	5.142505e-02	4.107419e-02	0.00122760201,0.00491554523,-0.0037861797,-0.000513407635	0.00125809445,0.00501365587,-0.00416928809,-0.000795346103
orig	28	451	linear_attn_out-4	4	1024	0	6.315402e-02	1.167417e-02	-0.269764483,-0.0199125167,-0.0301715881,0.0216417015	-0.281438649,-0.019483963,-0.0311063603,0.0223061107
orig	28	452	attn_residual-4	4	1024	0	3.497870e-02	7.257655e-03	-0.877980769,-0.088107273,-0.22027947,-0.0528875515	-0.881991386,-0.0879567042,-0.224858224,-0.0561605729
orig	28	453	attn_post_norm-4	4	1024	0	3.878928e-02	1.405005e-01	-11.2072897,-1.64354789,-4.04116154,-1.02162087	-11.2332125,-1.63705611,-4.11590147,-1.08241022
orig	28	454	ffn_out-4	4	1024	0	6.311190e-02	7.934019e-03	0.1759101,0.0267655402,0.0214544479,-0.0243735313	0.183844119,0.0261039473,0.0236070454,-0.0214709379
orig	28	455	l_out-4	4	1024	0	3.820636e-02	7.053385e-03	-0.702070653,-0.0613417327,-0.198825017,-0.0772610828	-0.698147297,-0.0618527569,-0.201251179,-0.0776315108
orig	28	456	attn_norm-5	5	1024	0	4.063492e-02	1.824990e-01	-13.7822361,-1.62169123,-4.8886652,-2.13779926	-13.7410097,-1.63947153,-4.96124172,-2.15365887
orig	28	457	conv_output_silu-5	5	6144	0	1.844580e-02	6.359625e-02	0.225434631,0.105488896,0.0206393655,-0.270030379	0.235096216,0.0998939499,0.0214431807,-0.270735204
orig	28	458	q_conv_predelta-5	5	2048	0	2.943991e-02	3.017901e-02	0.111585595,0.0522148758,0.0102160703,-0.133659586	0.115875579,0.0492363051,0.0105690388,-0.133441523
orig	28	459	k_conv_predelta-5	5	2048	0	2.321722e-02	1.574615e-02	-0.00316421269,-0.0078090406,-0.0634616911,0.00318338955	-0.00319961575,-0.00782501884,-0.063408874,0.00336433714
orig	28	460	v_conv_predelta-5	5	2048	0	9.087022e-03	2.172977e-02	-0.023969993,0.012088283,0.0168936364,-0.0084376391	-0.0236579552,0.0125969499,0.0165891834,-0.00823083427
orig	28	461	a_softplus-5	5	16	0	1.190346e-02	3.390878e-03	0.0394092165,0.0223553348,0.00291042775,0.000651504903	0.0391199179,0.0217221379,0.00308870617,0.000663537125
orig	28	462	gate-5	5	16	0	1.111263e-02	1.999587e-03	-0.0300982948,-0.00271200994,-0.0007416429,-0.000272650621	-0.029877346,-0.00263519445,-0.000787072291,-0.00027768602
orig	28	463	beta_sigmoid-5	5	16	0	1.266806e-02	1.254284e-02	0.109909087,0.384465009,0.605520785,0.0934311599	0.107220538,0.37782985,0.599131942,0.0899486244
orig	28	464	state_predelta-5	5	262144	1	1.268810e-02	2.099141e-02	0.000320158084,0.000378387776,0.00689999573,-4.11327019e-05	0.000326476031,0.000400549994,0.0069316579,-1.81985179e-05
orig	28	465	new_state-5	5	262144	0	1.207678e-02	2.097723e-02	0.000316696707,0.000382053375,0.00681637553,-4.59809598e-05	0.000322662294,0.000402934937,0.00684248889,-2.3757455e-05
orig	28	466	attn_output-5	5	2048	0	8.483372e-03	4.301518e-04	-0.000145679165,0.000214105676,0.000101115722,-6.38733545e-05	-0.000148527266,0.0002092387,0.000111549183,-6.82315658e-05
orig	28	467	z-5	5	2048	0	2.398171e-02	1.685655e-01	-0.277489871,1.57177961,0.3154715,1.75473428	-0.298431009,1.57120299,0.351455897,1.7898941
orig	28	468	final_output-5	5	2048	0	4.653631e-02	4.388723e-02	0.0137697617,0.212137595,0.014874883,-0.0762835741	0.0147733577,0.205198333,0.0183772203,-0.082732372
orig	28	469	linear_attn_out-5	5	1024	0	7.149953e-02	9.928226e-03	-0.153671101,-0.0661173463,0.0119135492,0.0190988407	-0.163599327,-0.0678472668,0.0111093121,0.0180426817
orig	28	470	attn_residual-5	5	1024	0	3.857627e-02	7.788328e-03	-0.855741739,-0.127459079,-0.186911464,-0.0581622422	-0.861746609,-0.12970002,-0.190141872,-0.0595888272
orig	28	471	attn_post_norm-5	5	1024	0	4.386485e-02	1.420257e-01	-10.2881832,-2.30342698,-3.20838213,-1.1060499	-10.3719959,-2.34655356,-3.26749325,-1.13444948
orig	28	472	ffn_out-5	5	1024	0	7.287848e-02	7.126845e-03	-0.0785482451,0.0286345333,-0.0510216393,0.0681417212	-0.078352876,0.0298644975,-0.0493256524,0.065498665
orig	28	473	l_out-5	5	1024	0	3.945252e-02	9.178273e-03	-0.934289992,-0.0988245457,-0.237933099,0.00997947901	-0.940099478,-0.0998355225,-0.239467531,0.00590983778
orig	28	474	attn_norm-6	6	1024	0	4.276496e-02	1.987520e-01	-15.3716211,-2.10688448,-4.90468073,0.225375623	-15.4619322,-2.12771273,-4.93462896,0.133421749
orig	28	475	conv_output_silu-6	6	6144	0	2.323992e-02	8.115202e-02	-0.0863327011,-0.268652946,0.00151785277,0.0187982973	-0.0833580196,-0.268792719,-0.00117480126,0.0170552973
orig	28	476	q_conv_predelta-6	6	2048	0	2.236295e-02	1.942670e-02	-0.0269842297,-0.0839704126,0.000474421453,0.00587561307	-0.0260557905,-0.0840183944,-0.000367215718,0.00533109158
orig	28	477	k_conv_predelta-6	6	2048	0	3.081202e-02	2.474535e-02	-0.00525548542,-0.0213286802,0.0598398298,-0.0355511755	-0.00597316353,-0.0210650694,0.0590518154,-0.0359629951
orig	28	478	v_conv_predelta-6	6	2048	0	2.465809e-02	3.375170e-02	0.0182302818,-0.002199332,0.00677720457,0.00345513993	0.0192482937,-0.00253712246,0.00661839359,0.00363627891
orig	28	479	a_softplus-6	6	16	0	1.512438e-02	2.020943e-02	0.0101351375,0.0251317639,0.104968563,0.00256744958	0.0110186217,0.023901308,0.10936138,0.00258813868
orig	28	480	gate-6	6	16	0	1.428262e-02	7.569969e-03	-0.0018457456,-0.0186763406,-0.0320136026,-0.00142342981	-0.00200664019,-0.0177619439,-0.0333533362,-0.0014349001
orig	28	481	beta_sigmoid-6	6	16	0	9.655942e-03	8.579195e-03	0.451126784,0.242153525,0.465093344,0.347774565	0.451765269,0.234459907,0.468187451,0.350744754
orig	28	482	state_predelta-6	6	262144	1	3.007619e-02	2.466513e-02	-0.000770997372,-0.000662454811,0.00122540526,0.000629970513	-0.000763179502,-0.000638607773,0.00132116687,0.000574882608
orig	28	483	new_state-6	6	262144	1	2.977844e-02	2.486341e-02	-0.000768014113,-0.000654896023,0.00120536599,0.000639371749	-0.000762477925,-0.000640248763,0.00132670742,0.000568743097
orig	28	484	attn_output-6	6	2048	0	1.620551e-02	2.294724e-04	4.62573225e-05,-6.93651316e-07,4.0648436e-05,-2.23722236e-05	4.79796436e-05,2.68860674e-07,4.05094834e-05,-1.93086544e-05
orig	28	485	z-6	6	2048	0	1.990992e-02	1.713026e-01	1.48213398,0.216175914,0.505450845,0.396418214	1.53549826,0.270974338,0.503764331,0.406697392
orig	28	486	final_output-6	6	2048	0	6.592924e-02	7.762323e-02	0.0459214747,-7.84417207e-05,0.0119651994,-0.00533601223	0.0498257391,3.90403002e-05,0.0118770162,-0.00474426709
orig	28	487	linear_attn_out-6	6	1024	0	6.392784e-02	5.124450e-03	-0.0371719971,-0.00830430444,0.0219075084,0.00347328791	-0.0422964469,-0.00891840272,0.0223192088,0.0034003132
orig	28	488	attn_residual-6	6	1024	0	4.018526e-02	1.093394e-02	-0.971462011,-0.107128851,-0.216025591,0.0134527665	-0.982395947,-0.108753927,-0.217148319,0.00931015052
orig	28	489	attn_post_norm-6	6	1024	0	4.435501e-02	1.621167e-01	-13.2012234,-1.78326929,-3.54978609,0.229111642	-13.3133087,-1.80537117,-3.55847979,0.158126011
orig	28	490	ffn_out-6	6	1024	0	7.224089e-02	9.053517e-03	0.0474500135,0.0189836677,-0.0352114663,0.0231171157	0.053437043,0.0171450358,-0.0309463535,0.0246562362
orig	28	491	l_out-6	6	1024	0	3.843213e-02	1.006603e-02	-0.924012005,-0.0881451815,-0.251237065,0.0365698822	-0.928958893,-0.0916088894,-0.248094678,0.0339663848
orig	28	492	attn_norm-7	7	1024	0	3.903951e-02	1.565988e-01	-13.2852535,-1.34674597,-3.96404791,0.670291901	-13.3542032,-1.3994391,-3.91382957,0.622470856
orig	28	493	attn_pregate-7	7	2048	0	5.909505e-02	6.824512e-01	-0.0461364016,-0.0248920377,-0.331976831,-0.0663920045	-0.0158127844,-0.0728554353,-0.34141472,-0.0628159791
orig	28	494	attn_gated-7	7	2048	0	4.907070e-02	6.905827e-02	-0.0112745371,-0.00480308617,-0.0294269249,-0.0199099667	-0.00381266139,-0.0140858684,-0.0304930639,-0.0181183983
orig	28	495	attn_output-7	7	1024	0	7.845845e-02	8.401968e-03	-0.0400447696,-0.00317557901,0.0117187239,-0.0414554812	-0.0483132079,-0.00399646163,0.0118640158,-0.0397844538
orig	28	496	attn_residual-7	7	1024	0	4.428729e-02	1.321530e-02	-0.96405679,-0.0913207605,-0.239518344,-0.00488559902	-0.977272093,-0.095605351,-0.236230657,-0.00581806898
orig	28	497	attn_post_norm-7	7	1024	0	5.078802e-02	1.979343e-01	-10.2907467,-1.41951597,-3.59011412,-0.0790205821	-10.4326525,-1.48623645,-3.54112029,-0.094110094
orig	28	498	ffn_out-7	7	1024	0	8.718911e-02	9.929348e-03	0.00454127789,0.0351868235,0.00262653641,0.0425706357	0.0116827637,0.0373999998,0.0043094568,0.0444705375
orig	28	499	l_out-7	7	1024	0	3.961857e-02	1.022077e-02	-0.959515512,-0.0561339371,-0.236891806,0.0376850367	-0.965589345,-0.0582053512,-0.231921196,0.0386524685
orig	28	500	attn_norm-8	8	1024	0	4.357408e-02	2.047710e-01	-15.8580379,-1.09751415,-4.2030201,0.791761875	-15.9807158,-1.13960361,-4.12057829,0.81322217
orig	28	501	conv_output_silu-8	8	6144	0	2.458672e-02	7.599092e-02	0.0129566425,-1.43028146e-05,-0.175091237,0.120489053	0.0100368401,0.000211863706,-0.17362237,0.115866423
orig	28	502	q_conv_predelta-8	8	2048	0	3.251697e-02	2.097934e-02	0.00482351193,-5.32466584e-06,-0.0651831403,0.0448557846	0.00370723987,7.82546631e-05,-0.0641297251,0.0427967981
orig	28	503	k_conv_predelta-8	8	2048	0	3.244299e-02	2.218062e-02	-0.0253357925,-0.106471188,0.0317135565,-0.00477374578	-0.0244689602,-0.0979628488,0.0320108756,-0.00646652421
orig	28	504	v_conv_predelta-8	8	2048	0	2.188125e-02	2.588582e-02	0.354133815,-0.00176603952,-0.0272706598,0.00870243274	0.341781348,-0.00323449192,-0.0261088628,0.00939951371
orig	28	505	a_softplus-8	8	16	0	1.324490e-02	7.329851e-03	0.0619802773,0.00662120758,0.00869512185,0.000724529964	0.0636919811,0.00660178578,0.00829382986,0.000664490159
orig	28	506	gate-8	8	16	0	1.082805e-02	2.676815e-03	-0.0217571221,-0.00188224518,-0.00259043183,-0.000109387664	-0.0223579872,-0.00187672395,-0.00247087982,-0.000100323006
orig	28	507	beta_sigmoid-8	8	16	0	4.337012e-03	4.491121e-03	0.637748599,0.124736391,0.290862381,0.104685046	0.633844078,0.123951964,0.289163768,0.103938706
orig	28	508	state_predelta-8	8	262144	0	2.230793e-02	5.089188e-02	-0.035472855,-0.0120385531,0.0102783451,-0.00610702625	-0.0354064517,-0.01250658,0.00963361468,-0.0073080454
orig	28	509	new_state-8	8	262144	1	2.210770e-02	5.093670e-02	-0.039181944,-0.0305748805,0.0156555455,-0.00681830198	-0.0388184302,-0.029024221,0.0149083687,-0.00825504679
orig	28	510	attn_output-8	8	2048	0	2.633083e-02	1.716390e-03	-6.7472407e-05,2.39012297e-05,-1.81609485e-05,-4.05187602e-05	-7.07390936e-05,2.42583683e-05,-1.60168929e-05,-3.77746874e-05
orig	28	511	z-8	8	2048	0	2.002253e-02	1.440101e-01	-0.0339760743,0.719698906,1.20827413,0.635672808	-0.0402710624,0.685947299,1.18472838,0.60373354
orig	28	512	final_output-8	8	2048	0	5.329956e-02	3.629771e-02	0.00103355257,0.00750132417,-0.0168604478,-0.0126675135	0.00128104491,0.00718018226,-0.0145097431,-0.0110985413
orig	28	513	linear_attn_out-8	8	1024	0	9.250976e-02	6.614147e-03	0.0170073919,0.00265205838,0.0162951294,6.98491931e-05	0.0103932451,0.00109680323,0.0168517698,0.00285019446
orig	28	514	attn_residual-8	8	1024	0	3.982449e-02	1.268798e-02	-0.942508101,-0.0534818769,-0.220596671,0.0377548859	-0.955196083,-0.0571085475,-0.215069428,0.041502662
orig	28	515	attn_post_norm-8	8	1024	0	4.595800e-02	1.470092e-01	-9.66348743,-0.795246661,-3.16765738,0.615608931	-9.7858429,-0.848502696,-3.08585,0.676183462
orig	28	516	ffn_out-8	8	1024	0	7.592913e-02	5.034186e-03	0.0907248855,0.00655343104,-0.0110035194,-0.010795461	0.0897699296,0.00846992992,-0.0128786117,-0.0115589527
orig	28	517	l_out-8	8	1024	0	3.786473e-02	1.364297e-02	-0.851783216,-0.0469284467,-0.231600195,0.0269594248	-0.865426183,-0.0486386195,-0.22794804,0.0299437083
orig	28	518	attn_norm-9	9	1024	0	4.185719e-02	1.964579e-01	-12.7025976,-0.851261616,-4.13832951,0.578944027	-12.8787851,-0.880419254,-4.06446552,0.641671777
orig	28	519	conv_output_silu-9	9	6144	0	2.757643e-02	6.302220e-02	-0.0601454452,-0.061212752,0.0992908552,-0.0627170205	-0.060552787,-0.0581753142,0.102219231,-0.0692883804
orig	28	520	q_conv_predelta-9	9	2048	0	3.435162e-02	2.602922e-02	-0.0222799927,-0.0226753615,0.0367808342,-0.023232596	-0.0221842974,-0.0213132799,0.0374493413,-0.0253846962
orig	28	521	k_conv_predelta-9	9	2048	0	3.378752e-02	2.146989e-02	0.0322637819,-0.00394924078,-0.0102363117,0.00544349244	0.033049576,-0.00374868885,-0.00901034102,0.00592506398
orig	28	522	v_conv_predelta-9	9	2048	0	3.199019e-02	6.302220e-02	0.0133084226,-0.0084910132,-0.00214018091,-0.00840786844	0.0133280046,-0.00946830679,-0.00264621573,-0.00870532356
orig	28	523	a_softplus-9	9	16	0	1.094027e-02	1.869965e-02	6.37749326e-05,0.00349375536,0.0395387076,0.0434306636	6.29405258e-05,0.00314325304,0.0383125544,0.0429812968
orig	28	524	gate-9	9	16	0	1.462638e-02	5.570948e-03	-2.58682539e-05,-0.000476536836,-0.0134523679,-0.00803386513	-2.55298037e-05,-0.000428729458,-0.0130351903,-0.00795074087
orig	28	525	beta_sigmoid-9	9	16	0	2.278343e-02	1.486826e-02	0.0344799459,0.192967713,0.140962169,0.0944284573	0.0324041657,0.188453555,0.137437299,0.0917560086
orig	28	526	state_predelta-9	9	262144	0	2.499174e-02	1.741703e-02	-0.0028526003,-0.000959697121,-0.000800659356,0.000191007028	-0.00290454505,-0.000966467604,-0.000832989754,0.000179868075
orig	28	527	new_state-9	9	262144	0	2.492659e-02	1.634847e-02	-0.00284125283,-0.000961052196,-0.000804215437,0.000192904161	-0.0028934374,-0.000967694446,-0.000835976622,0.000181841577
orig	28	528	attn_output-9	9	2048	0	1.538453e-02	1.707533e-04	2.77809468e-05,1.88742248e-07,-9.02158208e-05,-0.000112122034	2.49353707e-05,-2.96270446e-06,-9.36250071e-05,-0.000111329995
orig	28	529	z-9	9	2048	0	1.991158e-02	1.176927e-01	0.131981045,-0.556342363,0.934648871,1.35046637	0.128424555,-0.582599223,0.924239993,1.31233168
orig	28	530	final_output-9	9	2048	0	5.076058e-02	1.990572e-02	0.00154249952,-2.86594186e-05,-0.0469160937,-0.0859441459	0.00135075161,0.000465263642,-0.0482119881,-0.0826236457
orig	28	531	linear_attn_out-9	9	1024	0	6.158462e-02	8.972704e-03	-0.135137215,0.000265778974,0.0307083242,0.00288569182	-0.126164511,-0.00023993291,0.0306247678,0.00234638527
orig	28	532	attn_residual-9	9	1024	0	3.701680e-02	1.093911e-02	-0.986920416,-0.0466626659,-0.200891867,0.0298451167	-0.991590679,-0.0488785505,-0.197323278,0.0322900936
orig	28	533	attn_post_norm-9	9	1024	0	4.223675e-02	1.493105e-01	-9.64294338,-0.638537467,-2.65426731,0.461872101	-9.6851759,-0.668625236,-2.60620284,0.499534309
orig	28	534	ffn_out-9	9	1024	0	7.775221e-02	6.664637e-03	-0.029403314,-0.0178712197,-0.0220200624,0.0180468187	-0.0360679515,-0.0186348874,-0.0209147558,0.0174047817
orig	28	535	l_out-9	9	1024	0	3.729177e-02	1.143879e-02	-1.01632369,-0.0645338893,-0.222911924,0.0478919372	-1.02765858,-0.0675134361,-0.218238026,0.0496948734
orig	28	536	attn_norm-10	10	1024	0	4.014109e-02	1.826119e-01	-15.3933983,-1.01837182,-3.76082492,0.871183693	-15.5043831,-1.06123579,-3.66761184,0.900455117
orig	28	537	conv_output_silu-10	10	6144	0	2.612326e-02	5.208039e-02	-0.00775825419,-0.00619595218,0.00264703692,0.0641374364	-0.00771494117,-0.0064321286,0.00309687876,0.0672420859
orig	28	538	q_conv_predelta-10	10	2048	0	2.745513e-02	2.249336e-02	-0.00981101301,-0.00783534069,0.00334741734,0.0811075792	-0.00981598347,-0.00818381738,0.00394026469,0.085554406
orig	28	539	k_conv_predelta-10	10	2048	0	3.097839e-02	3.096056e-02	-0.0588235818,0.0504135787,0.0672518313,0.0304453336	-0.0596518852,0.0475524291,0.0777137578,0.0308074132
orig	28	540	v_conv_predelta-10	10	2048	0	2.892355e-02	1.509691e-02	-0.0101108681,-0.0116752125,0.00610421225,0.00569169316	-0.0104824742,-0.0124797104,0.00584653812,0.00574245164
orig	28	541	a_softplus-10	10	16	0	8.439313e-03	2.851534e-02	0.218974859,0.00108302571,3.40020251,0.0321530104	0.22208938,0.00104063225,3.37168717,0.0310463943
orig	28	542	gate-10	10	16	0	8.638149e-03	8.833647e-03	-0.167566255,-0.00628126366,-1.05333364,-0.00658351323	-0.169949576,-0.00603539264,-1.04449999,-0.00635692757
orig	28	543	beta_sigmoid-10	10	16	0	1.938473e-02	2.708721e-02	0.802256465,0.288932443,0.934916139,0.551036835	0.80355072,0.282173663,0.932492256,0.541411281
orig	28	544	state_predelta-10	10	262144	0	3.872621e-02	2.162491e-02	0.000347729569,0.000592363242,2.63383699e-05,-0.000330636656	0.000329964067,0.000571723329,1.46209495e-05,-0.000319108338
orig	28	545	new_state-10	10	262144	0	3.830383e-02	2.130985e-02	0.000492642401,0.000330801588,-0.000204735203,-0.000382395141	0.000505746983,0.000301128544,-0.000283858069,-0.000386651722
orig	28	546	attn_output-10	10	2048	0	1.658939e-02	1.368434e-04	-8.3968489e-06,-7.34436207e-06,2.86146746e-06,7.64531433e-06	-8.84605925e-06,-7.42963812e-06,2.60050319e-06,8.06320259e-06
orig	28	547	z-10	10	2048	0	1.564562e-02	1.008489e-01	1.95731461,1.02304959,1.37910891,0.962022543	1.99225819,1.02473915,1.38694477,0.921812534
orig	28	548	final_output-10	10	2048	0	4.618311e-02	2.459948e-02	-0.0129304314,-0.00589865353,0.0030690697,0.00543794082	-0.0139244907,-0.00597964227,0.00280941976,0.0054337997
orig	28	549	linear_attn_out-10	10	1024	0	5.873013e-02	4.459207e-03	-0.041797936,0.0212934949,0.0337712839,-0.000684982166	-0.0421366543,0.0211516842,0.0338282399,0.000418415293
orig	28	550	attn_residual-10	10	1024	0	3.686290e-02	1.187204e-02	-1.05812168,-0.0432403944,-0.189140648,0.0472069532	-1.06979525,-0.0463617519,-0.184409782,0.0501132905
orig	28	551	attn_post_norm-10	10	1024	0	4.039091e-02	1.614295e-01	-11.5533161,-0.582809269,-2.54111838,0.677717209	-11.6478815,-0.623120308,-2.47058201,0.717415392
orig	28	552	ffn_out-10	10	1024	0	7.154679e-02	1.034813e-02	0.168449923,-0.0103059877,-0.0239155777,0.00593265099	0.17879805,-0.00968536921,-0.0231986642,0.00137901306
orig	28	553	l_out-10	10	1024	0	3.603686e-02	1.160233e-02	-0.889671743,-0.053546384,-0.213056222,0.0531396046	-0.890997171,-0.0560471192,-0.207608446,0.0514923036
orig	28	554	attn_norm-11	11	1024	0	3.778400e-02	1.764171e-01	-11.2818956,-0.70822674,-3.00941753,0.8276667	-11.3096981,-0.742023885,-2.93532133,0.802789927
orig	28	555	attn_pregate-11	11	2048	0	4.135090e-02	3.428211e-01	0.151145861,-0.0450963825,0.231342539,-0.0265922174	0.154288262,-0.0409322903,0.227917403,-0.0316310376
orig	28	556	attn_gated-11	11	2048	0	3.632057e-02	1.736209e-02	0.00747949816,-0.00374710839,0.018884588,-0.00235200999	0.00802192371,-0.00350291608,0.0190108046,-0.00292013818
orig	28	557	attn_output-11	11	1024	0	6.875036e-02	3.549017e-03	-0.0556160733,7.32280314e-05,-0.00822224282,0.0133463144	-0.0537886694,0.000341385603,-0.00914552622,0.0128637552
orig	28	558	attn_residual-11	11	1024	0	3.791772e-02	1.134244e-02	-0.945287824,-0.0534731559,-0.221278459,0.0664859191	-0.944785833,-0.0557057336,-0.216753975,0.0643560588
orig	28	559	attn_post_norm-11	11	1024	0	4.157363e-02	1.600411e-01	-9.55428696,-0.766756177,-3.02771997,0.979444146	-9.56937408,-0.800455749,-2.97207379,0.950069487
orig	28	560	ffn_out-11	11	1024	0	6.695581e-02	5.764722e-03	0.145775229,0.0187966898,-0.0104018329,-0.000531332567	0.142193124,0.0193476044,-0.00951288827,0.00228679832
orig	28	561	l_out-11	11	1024	0	3.801915e-02	1.165420e-02	-0.799512625,-0.0346764661,-0.231680289,0.0659545884	-0.802592695,-0.0363581292,-0.226266861,0.0666428581
orig	28	562	attn_norm-12	12	1024	0	4.046695e-02	2.273992e-01	-12.7669182,-0.624739826,-4.34865427,1.32249212	-12.8336754,-0.655935228,-4.25286722,1.33812535
orig	28	563	conv_output_silu-12	12	6144	0	2.572461e-02	8.201361e-02	-0.0115379849,-0.111473471,0.0557291843,-0.17899473	-0.0112622101,-0.111732259,0.0547592118,-0.180923045
orig	28	564	q_conv_predelta-12	12	2048	0	2.470013e-02	1.638809e-02	-0.00787276402,-0.0760621876,0.038025938,-0.122134261	-0.00770630687,-0.0764541849,0.0374696702,-0.123798832
orig	28	565	k_conv_predelta-12	12	2048	0	3.232645e-02	3.507343e-02	0.0625781044,-0.0095088901,0.0647523031,-0.00374752656	0.0616416261,-0.0107097775,0.0652088299,-0.00251876959
orig	28	566	v_conv_predelta-12	12	2048	0	2.817588e-02	3.275096e-02	-0.00135608041,0.00851749629,0.0148236128,-0.00162361399	-0.00140388869,0.00855864305,0.0144269513,-0.0020523963
orig	28	567	a_softplus-12	12	16	0	2.524326e-02	5.743250e-03	0.000263298658,0.00291363709,0.000516877102,0.000849362987	0.00022682955,0.00280855712,0.000431802007,0.000737633382
orig	28	568	gate-12	12	16	0	1.537914e-02	4.984587e-03	-5.30760844e-05,-0.00171954266,-5.36338339e-05,-0.000241452843	-4.57245951e-05,-0.00165752752,-4.48060055e-05,-0.000209690887
orig	28	569	beta_sigmoid-12	12	16	0	1.282391e-02	8.528650e-03	0.150392607,0.425334394,0.0768290535,0.0984402448	0.149255842,0.417615354,0.0747711137,0.0974452794
orig	28	570	state_predelta-12	12	262144	0	1.827259e-02	2.268171e-02	-0.000602872635,0.000143206838,-0.000243687522,-0.00019395331	-0.00059766398,0.000137816547,-0.00022861801,-0.000192866137
orig	28	571	new_state-12	12	262144	1	1.824280e-02	2.315226e-02	-0.000572919322,0.000138652627,-0.000212713683,-0.000195734872	-0.000568795367,0.00013279928,-0.000198097216,-0.00019403582
orig	28	572	attn_output-12	12	2048	0	1.208718e-02	7.021837e-04	-5.62808636e-05,4.10983303e-05,8.29007113e-05,-0.000109444023	-5.64369802e-05,4.06545405e-05,8.26025425e-05,-0.000112276248
orig	28	573	z-12	12	2048	0	1.572587e-02	1.873522e-01	0.0643196404,0.914227962,0.50728178,-0.0265292972	0.0354497135,0.917762339,0.471740037,-0.0560659766
orig	28	574	final_output-12	12	2048	0	5.485341e-02	8.592248e-02	-0.00125182897,0.018868573,0.0145716118,0.000992729561	-0.000678610581,0.0186575446,0.0132509395,0.00210897019
orig	28	575	linear_attn_out-12	12	1024	0	5.287951e-02	8.970618e-03	-0.300168544,0.0159372911,0.0169313625,0.024809381	-0.291197926,0.0141747026,0.0178552307,0.0240075774
orig	28	576	attn_residual-12	12	1024	0	3.582188e-02	1.196511e-02	-1.09968114,-0.0187391751,-0.214748919,0.0907639712	-1.09379065,-0.0221834257,-0.208411634,0.0906504393
orig	28	577	attn_post_norm-12	12	1024	0	3.843866e-02	1.724741e-01	-10.2341137,-0.269834965,-2.82878971,1.28069174	-10.2224617,-0.320785135,-2.75695348,1.28451407
orig	28	578	ffn_out-12	12	1024	0	6.602264e-02	5.609383e-03	0.136090204,-0.0413997546,-0.0228377711,0.0189259537	0.136016458,-0.0389656909,-0.0222389475,0.0179106388
orig	28	579	l_out-12	12	1024	0	3.466409e-02	1.233105e-02	-0.96359092,-0.0601389296,-0.237586692,0.109689921	-0.957774162,-0.0611491166,-0.230650574,0.108561076
orig	28	580	attn_norm-13	13	1024	0	3.671436e-02	2.039716e-01	-13.8685141,-0.981146336,-3.94854593,2.03124666	-13.8325844,-1.00108576,-3.84656119,2.01731205
orig	28	581	conv_output_silu-13	13	6144	0	1.719334e-02	5.725098e-02	-0.24457711,-0.19058457,-0.008616779,-0.0449291579	-0.246326551,-0.19535397,-0.00965948775,-0.0457458347
orig	28	582	q_conv_predelta-13	13	2048	0	2.069556e-02	1.588515e-02	-0.0811028406,-0.0631986782,-0.00285736169,-0.0148987053	-0.0807898715,-0.0640719458,-0.00316810654,-0.0150036607
orig	28	583	k_conv_predelta-13	13	2048	0	2.701663e-02	2.444917e-02	-0.00513426168,-0.012739568,0.63671124,-0.014056229	-0.00534642208,-0.0125563517,0.635107219,-0.0174780972
orig	28	584	v_conv_predelta-13	13	2048	0	2.681257e-02	3.601003e-02	0.00158990268,0.00134884985,-0.0132655902,-0.00703889923	0.00222078804,0.00104574661,-0.0136433523,-0.00737117371
orig	28	585	a_softplus-13	13	16	0	3.134647e-02	5.262804e-02	0.00103479705,0.0886124223,0.362527281,0.00544007402	0.000977872405,0.0862093344,0.358927488,0.00508088339
orig	28	586	gate-13	13	16	0	2.492288e-02	5.813166e-03	-0.000278511841,-0.101992279,-0.182290167,-0.0013022651	-0.000263190799,-0.0992263407,-0.180480078,-0.00121628074
orig	28	587	beta_sigmoid-13	13	16	0	1.489205e-02	1.034282e-02	0.255849063,0.495924115,0.442525715,0.232767001	0.248753235,0.496928483,0.441832364,0.231783316
orig	28	588	state_predelta-13	13	262144	0	2.894469e-02	2.238584e-02	0.000327392685,0.000460605603,0.000186953053,-9.10941744e-05	0.000324699649,0.000512781553,0.000387185835,-3.27161979e-06
orig	28	589	new_state-13	13	262144	0	2.871926e-02	2.245149e-02	0.000324704451,0.000454033347,0.000508965575,-9.81788035e-05	0.000321279396,0.00050481467,0.000783229014,-1.41726377e-05
orig	28	590	attn_output-13	13	2048	0	1.368687e-02	9.286404e-05	2.27587389e-05,1.18064117e-05,-2.37068689e-05,-3.60867234e-05	2.50830381e-05,1.25794149e-05,-2.50204594e-05,-3.41911727e-05
orig	28	591	z-13	13	2048	0	1.687004e-02	1.333437e-01	0.343717247,1.21878898,-0.226307392,1.47855783	0.336291879,1.2233305,-0.252751082,1.46903443
orig	28	592	final_output-13	13	2048	0	4.147908e-02	2.070498e-02	0.00457433704,0.0111820661,0.00238166074,-0.0424661674	0.00492692646,0.0119941914,0.00277147233,-0.0399829037
orig	28	593	linear_attn_out-13	13	1024	0	5.659835e-02	4.288920e-03	-0.190298989,-0.00840401091,0.0234761462,0.00265823491	-0.192771018,-0.00837432034,0.0231903959,0.00419021212
orig	28	594	attn_residual-13	13	1024	0	3.349259e-02	1.263005e-02	-1.15388989,-0.0685429424,-0.214110553,0.112348154	-1.15054512,-0.0695234388,-0.20746018,0.11275129
orig	28	595	attn_post_norm-13	13	1024	0	3.536613e-02	1.787295e-01	-10.7083902,-0.962010682,-2.7733748,1.45033371	-10.715497,-0.97925818,-2.69683313,1.46073818
orig	28	596	ffn_out-13	13	1024	0	6.328981e-02	1.421258e-02	0.089046225,0.000976750627,-0.00237834547,-0.0122518353	0.0748336464,0.00176923349,-0.00102634914,-0.0116982367
orig	28	597	l_out-13	13	1024	0	3.441514e-02	1.375011e-02	-1.06484365,-0.0675661936,-0.216488898,0.100096315	-1.07571149,-0.067754209,-0.208486527,0.101053052
orig	28	598	attn_norm-14	14	1024	0	3.608607e-02	1.942568e-01	-14.402998,-1.03174567,-3.06833053,1.64707494	-14.5420008,-1.03404832,-2.95328808,1.66190422
orig	28	599	conv_output_silu-14	14	6144	0	1.624629e-02	7.465625e-02	-0.185617507,-0.0542343482,-0.24190627,-0.222483337	-0.183394924,-0.0545504428,-0.243660048,-0.220404938
orig	28	600	q_conv_predelta-14	14	2048	0	1.974438e-02	2.456298e-02	-0.0433497354,-0.0126660718,-0.0564955994,-0.0519595034	-0.0432121381,-0.0128533607,-0.0574120097,-0.0519325621
orig	28	601	k_conv_predelta-14	14	2048	0	3.151769e-02	3.191367e-02	-0.0092264656,-0.0501781814,-0.0317735262,0.0037616177	-0.00940782204,-0.0518167205,-0.0326651484,0.00342599303
orig	28	602	v_conv_predelta-14	14	2048	0	2.343215e-02	4.721397e-02	0.00887933467,0.000551674748,0.0135307685,0.00124768936	0.00965364836,0.00112879393,0.0142422812,-4.56677626e-05
orig	28	603	a_softplus-14	14	16	0	1.809418e-02	8.092105e-03	0.0249614436,0.00408849632,0.00593945291,0.000177010123	0.0239638109,0.00379413902,0.00589536875,0.000160085256
orig	28	604	gate-14	14	16	0	1.723504e-02	1.791324e-03	-0.00785446633,-0.00068325625,-0.00394880865,-0.000532599341	-0.00754054729,-0.000634064199,-0.00391949946,-0.00048167471
orig	28	605	beta_sigmoid-14	14	16	0	4.801965e-03	4.641116e-03	0.501125932,0.129986495,0.286459208,0.214612797	0.499496251,0.128219977,0.289590567,0.210626185
orig	28	606	state_predelta-14	14	262144	1	2.776510e-02	3.054541e-02	-0.00215508346,-0.00972208008,-0.00125938782,-0.00301198312	-0.00209421897,-0.0100974636,-0.00117938523,-0.00316621363
orig	28	607	new_state-14	14	262144	1	2.800613e-02	3.102297e-02	-0.00215072767,-0.00971402414,-0.00129259797,-0.00298332004	-0.00209417404,-0.0101080108,-0.00122499303,-0.00313671562
orig	28	608	attn_output-14	14	2048	0	1.369596e-02	1.632059e-04	1.21721505e-05,8.15532439e-06,7.77511741e-06,-9.88594547e-06	1.21915664e-05,6.50662105e-06,6.27248846e-06,-8.72406144e-06
orig	28	609	z-14	14	2048	0	1.396156e-02	1.240876e-01	-0.0582280904,1.11866188,1.28519964,1.41388404	-0.0317315906,1.11530936,1.30176139,1.42105496
orig	28	610	final_output-14	14	2048	0	4.470539e-02	3.926006e-02	-0.000361092476,0.00686607556,0.00785700046,-0.0102698542	-0.000199761038,0.00545655098,0.00644253334,-0.00912067946
orig	28	611	linear_attn_out-14	14	1024	0	5.723948e-02	6.937545e-03	0.233566821,-0.0491480082,-0.0133349225,0.000277081504	0.234613419,-0.0511584431,-0.0063973777,0.000925414264
orig	28	612	attn_residual-14	14	1024	0	3.845520e-02	1.522645e-02	-0.831276834,-0.116714202,-0.229823828,0.100373395	-0.84109807,-0.118912652,-0.214883909,0.101978466
orig	28	613	attn_post_norm-14	14	1024	0	3.868907e-02	1.964407e-01	-7.79384232,-1.53471553,-2.83577538,1.20189238	-7.90822172,-1.56804502,-2.6589303,1.22456467
orig	28	614	ffn_out-14	14	1024	0	5.564128e-02	1.363564e-02	0.257919192,0.0248017199,-0.0266890898,-0.0237359889	0.244283557,0.0236658864,-0.0222926922,-0.0286651067
orig	28	615	l_out-14	14	1024	0	3.771169e-02	2.345687e-02	-0.573357642,-0.0919124782,-0.25651291,0.0766374022	-0.596814513,-0.095246762,-0.237176597,0.0733133554
orig	28	616	attn_norm-15	15	1024	0	3.742040e-02	2.265530e-01	-5.1777463,-0.927720726,-2.58347821,0.767474413	-5.40429926,-0.964001834,-2.39525795,0.736191988
orig	28	617	attn_pregate-15	15	2048	0	4.311918e-02	1.184080e+00	-0.249241933,0.215104029,0.240920737,0.130373538	-0.258867711,0.203067511,0.23573789,0.126571521
orig	28	618	attn_gated-15	15	2048	0	2.319764e-02	3.465158e-02	-0.0207171254,0.0162655003,0.00254596514,0.0327514447	-0.021076072,0.0152833806,0.00251594256,0.0316388272
orig	28	619	attn_output-15	15	1024	0	6.318116e-02	6.232381e-03	-0.26784426,-0.0259658545,-0.0815073103,0.0790624917	-0.268500239,-0.0244608968,-0.0834305361,0.0791818351
orig	28	620	attn_residual-15	15	1024	0	3.955476e-02	2.411282e-02	-0.841201901,-0.117878333,-0.338020205,0.155699894	-0.865314722,-0.119707659,-0.320607126,0.152495191
orig	28	621	attn_post_norm-15	15	1024	0	3.995923e-02	2.110174e-01	-6.26926947,-1.38914406,-3.79894781,1.62375319	-6.45653057,-1.41235423,-3.60746598,1.59219515
orig	28	622	ffn_out-15	15	1024	0	6.045540e-02	1.305259e-02	0.0562952161,0.0389623605,0.105007961,0.0434729978	0.0659029335,0.0371195376,0.105677634,0.051815182
orig	28	623	l_out-15	15	1024	0	3.724533e-02	1.892885e-02	-0.784906685,-0.0789159685,-0.233012244,0.199172884	-0.799411774,-0.0825881213,-0.214929491,0.204310372
orig	28	624	attn_norm-16	16	1024	0	3.775565e-02	2.310766e-01	-7.4843626,-1.08229125,-2.66180706,2.54902887	-7.64217234,-1.13555014,-2.46151972,2.62146711
orig	28	625	conv_output_silu-16	16	6144	0	1.550286e-02	7.962322e-02	-0.0533114634,0.134913757,0.109482683,-0.171837181	-0.0532099642,0.134932727,0.104000762,-0.172335908
orig	28	626	q_conv_predelta-16	16	2048	0	1.946365e-02	1.406646e-02	-0.0039512217,0.00999924075,0.00811439659,-0.0127358502	-0.00392464036,0.00995231699,0.00767084863,-0.0127110863
orig	28	627	k_conv_predelta-16	16	2048	0	2.495288e-02	1.668972e-02	0.0846972018,0.0368597694,0.0755008757,-0.0330478102	0.0861368552,0.0382293314,0.0769629553,-0.0342468843
orig	28	628	v_conv_predelta-16	16	2048	0	1.410330e-02	4.074764e-02	-0.277278155,-0.000867798924,0.878570139,-0.0558791757	-0.277204335,-0.000651211827,0.874429107,-0.055119127
orig	28	629	a_softplus-16	16	16	0	1.254976e-02	2.588487e-02	0.000133147914,0.00985270645,0.00103443989,0.042461466	0.000120870915,0.00976759568,0.00094333489,0.042927511
orig	28	630	gate-16	16	16	0	9.454532e-03	6.393105e-03	-2.70506407e-05,-0.00399643416,-0.000123546226,-0.00918293651	-2.4556417e-05,-0.00396191142,-0.000112665286,-0.00928372517
orig	28	631	beta_sigmoid-16	16	16	0	9.581809e-03	1.162249e-02	0.102955446,0.308447719,0.49402675,0.213240102	0.103022553,0.306811213,0.482404262,0.211685896
orig	28	632	state_predelta-16	16	262144	1	2.769499e-02	7.615519e-02	-0.0270139966,-0.006666556,-0.00221748161,0.0337607861	-0.0276290309,-0.00701706437,-0.00232792762,0.0344406851
orig	28	633	new_state-16	16	262144	1	2.769523e-02	7.872042e-02	-0.0279324856,-0.00706641562,-0.0030368336,0.0341185406	-0.0285535194,-0.0074275001,-0.00315450248,0.0348076746
orig	28	634	attn_output-16	16	2048	0	1.102613e-02	9.758212e-04	-0.0042688665,-0.000100443103,0.00906938687,-0.000335664692	-0.00428271946,-8.54270693e-05,0.00908988155,-0.000323176937
orig	28	635	z-16	16	2048	0	1.564185e-02	1.845407e-01	-0.585023224,-0.0744126141,-7.11046171,-0.0600153804	-0.586637855,-0.100775078,-7.09820843,-0.070886448
orig	28	636	final_output-16	16	2048	0	3.720620e-02	6.670380e-02	0.181527182,0.000756129972,-0.0123449191,0.00201637181	0.181087494,0.000852700614,-0.0124116614,0.00226340047
orig	28	637	linear_attn_out-16	16	1024	0	5.152104e-02	9.945780e-03	-0.476281941,-0.0459903702,-0.171131909,0.0769645795	-0.486227721,-0.0462250486,-0.168050021,0.0782636702
orig	28	638	attn_residual-16	16	1024	0	3.722647e-02	2.445090e-02	-1.26118863,-0.124906339,-0.404144168,0.276137471	-1.28563952,-0.128813177,-0.382979512,0.282574058
orig	28	639	attn_post_norm-16	16	1024	0	3.859501e-02	1.996326e-01	-7.5278511,-1.2552861,-3.97552562,2.2694931	-7.69402695,-1.29796219,-3.7772634,2.32851648
orig	28	640	ffn_out-16	16	1024	0	5.651164e-02	1.161009e-02	0.225225031,0.0340355523,-0.0265827253,0.222518891	0.215001315,0.0353812389,-0.0256008636,0.224014848
orig	28	641	l_out-16	16	1024	0	3.940438e-02	3.467464e-02	-1.03596354,-0.0908707827,-0.430726886,0.498656362	-1.07063818,-0.0934319347,-0.408580363,0.506588936
orig	28	642	attn_norm-17	17	1024	0	3.988406e-02	3.129158e-01	-8.98506641,-1.05957842,-4.69509268,5.29182196	-9.29798222,-1.09087086,-4.45952702,5.38305378
orig	28	643	conv_output_silu-17	17	6144	0	8.909264e-03	1.481819e-01	-0.200652659,0.0139287952,-0.172167182,-0.013073191	-0.200548396,0.0148315048,-0.17243591,-0.0124926995
orig	28	644	q_conv_predelta-17	17	2048	0	1.424398e-02	1.219929e-02	-0.0157782994,0.00109528925,-0.0135383476,-0.00102800888	-0.0156922322,0.00116051489,-0.0134925246,-0.000977511401
orig	28	645	k_conv_predelta-17	17	2048	0	1.902374e-02	1.998819e-02	-0.0227209758,-0.0528275296,-0.0453931615,-0.0569717214	-0.0232664831,-0.0535092615,-0.0453971736,-0.0571792163
orig	28	646	v_conv_predelta-17	17	2048	0	1.618339e-02	5.416024e-02	-0.0899752825,-0.25764218,0.0161948912,-0.267395854	-0.0890116021,-0.258304775,0.0173096005,-0.266489834
orig	28	647	a_softplus-17	17	16	0	2.995623e-02	7.853657e-03	0.000817084219,0.00197430141,0.118193775,0.0245093983	0.000787305762,0.00186852773,0.115749218,0.0239571761
orig	28	648	gate-17	17	16	0	2.751925e-02	1.364764e-03	-0.000192564214,-0.000511019316,-0.0298840664,-0.00853665452	-0.000185546247,-0.000483641343,-0.0292659849,-0.00834431499
orig	28	649	beta_sigmoid-17	17	16	0	7.898288e-03	9.687692e-03	0.426629007,0.0389422476,0.813383222,0.306803286	0.426837176,0.0371506065,0.81474483,0.309621394
orig	28	650	state_predelta-17	17	262144	0	2.350320e-02	5.164731e-02	0.00296234502,0.0280204751,0.016885275,0.0210120268	0.00329142576,0.0280218422,0.0166688431,0.0210866928
orig	28	651	new_state-17	17	262144	1	2.379046e-02	5.161065e-02	0.00277695921,0.0275853742,0.0165127907,0.0205445662	0.00306641427,0.0275005568,0.0162279047,0.0205312967
orig	28	652	attn_output-17	17	2048	0	1.881322e-02	3.996819e-03	-0.000342737825,-0.000685945153,4.58130744e-05,-0.000576936989	-0.000341616425,-0.00067772076,4.9968432e-05,-0.000566169329
orig	28	653	z-17	17	2048	0	1.909895e-02	1.893301e-01	0.307972789,-0.374717534,-1.16224384,-1.71582222	0.311916679,-0.400586605,-1.1653192,-1.62807214
orig	28	654	final_output-17	17	2048	0	4.360120e-02	5.249131e-02	-0.0373392664,0.071104385,-0.00596371526,0.0912046582	-0.0378011093,0.0740403458,-0.00651424425,0.0915436074
orig	28	655	linear_attn_out-17	17	1024	0	5.212973e-02	6.645858e-03	-0.645369232,-0.0013660118,-0.0021430552,0.0490975678	-0.65201509,-0.00388173759,-0.00386913121,0.0482833423
orig	28	656	attn_residual-17	17	1024	0	3.886805e-02	4.132044e-02	-1.68133283,-0.0922367945,-0.432869941,0.54775393	-1.72265327,-0.0973136723,-0.412449479,0.554872274
orig	28	657	attn_post_norm-17	17	1024	0	4.110216e-02	2.182913e-01	-8.26447392,-0.795096219,-3.60039115,4.00551081	-8.47104836,-0.83920306,-3.43194842,4.05922556
orig	28	658	ffn_out-17	17	1024	0	6.660782e-02	1.219779e-02	0.0509794876,0.0154553438,-0.0414784029,0.176851615	0.0387816951,0.0141237034,-0.0317121074,0.173719421
orig	28	659	l_out-17	17	1024	0	3.868393e-02	5.351830e-02	-1.63035333,-0.0767814517,-0.474348336,0.72460556	-1.68387163,-0.0831899717,-0.444161594,0.728591681
orig	28	660	attn_norm-18	18	1024	0	3.875396e-02	4.267273e-01	-12.9757147,-0.804113925,-4.78089762,7.10174179	-13.402442,-0.871279716,-4.47691107,7.14122581
orig	28	661	conv_output_silu-18	18	6144	0	1.000135e-02	1.321993e-01	-0.13146244,-0.253188968,-0.0884656012,-0.127856135	-0.145802885,-0.250460386,-0.0872686207,-0.134133965
orig	28	662	q_conv_predelta-18	18	2048	0	1.852759e-02	3.539248e-02	-0.0339333192,-0.0653535873,-0.0228348989,-0.0330024511	-0.038013909,-0.065300338,-0.0227527823,-0.0349715725
orig	28	663	k_conv_predelta-18	18	2048	0	1.795107e-02	1.420021e-02	-0.0333168097,-0.0592868291,-0.0721446052,-0.0642738119	-0.0340956561,-0.0588105246,-0.0718296468,-0.0619063638
orig	28	664	v_conv_predelta-18	18	2048	0	1.562178e-02	8.283433e-02	0.010964063,-0.255990595,0.00698810304,-0.21863538	0.00913513545,-0.255395085,0.00553848967,-0.216064066
orig	28	665	a_softplus-18	18	16	0	3.669045e-02	2.843472e-02	3.11131407e-05,0.694358826,0.00317010935,0.450006902	2.92058503e-05,0.696991682,0.002839464,0.478441626
orig	28	666	gate-18	18	16	0	4.317183e-02	7.653095e-03	-1.29698865e-05,-0.139969751,-0.000944432162,-0.121117719	-1.21748099e-05,-0.140500486,-0.000845926988,-0.128770813
orig	28	667	beta_sigmoid-18	18	16	0	9.001053e-03	2.111983e-02	0.17767255,0.818116963,0.211591855,0.853201687	0.172411621,0.822558343,0.204751134,0.856942713
orig	28	668	state_predelta-18	18	262144	0	2.057738e-02	8.708739e-02	0.00866354816,0.00190619915,-0.0026799757,0.0109562352	0.00843400136,0.00211874908,-0.00237455894,0.0109039126
orig	28	669	new_state-18	18	262144	1	2.092436e-02	8.607960e-02	0.00843569729,0.0015009176,-0.00317308726,0.0105167469	0.00821021385,0.00173289655,-0.00284576882,0.0104976436
orig	28	670	attn_output-18	18	2048	0	1.064895e-02	2.055317e-03	-0.000774436805,-0.0061719534,2.04708176e-05,-0.0111220134	-0.000867431576,-0.00591691909,0.000120016804,-0.0112196803
orig	28	671	z-18	18	2048	0	1.881848e-02	2.077217e-01	-2.14829731,0.0168936253,-0.972720802,-2.03069353	-2.15108609,0.0067537874,-1.00010026,-2.04100513
orig	28	672	final_output-18	18	2048	0	4.094206e-02	4.219042e-02	0.00558853522,-0.00197722903,-0.000187635829,0.0856499523	0.00619392004,-0.000746973732,-0.00109839032,0.0852515996
orig	28	673	linear_attn_out-18	18	1024	0	3.926207e-02	6.931663e-03	-0.781493306,0.0225685444,0.0579908192,0.0350882821	-0.788424969,0.0235314704,0.0586418286,0.0322458968
orig	28	674	attn_residual-18	18	1024	0	3.651281e-02	6.045008e-02	-2.41184664,-0.0542129055,-0.416357517,0.759693861	-2.47229671,-0.0596585013,-0.385519773,0.760837555
orig	28	675	attn_post_norm-18	18	1024	0	3.901039e-02	2.748871e-01	-11.8203402,-0.412985116,-3.22446012,5.04177904	-12.0952272,-0.453667074,-2.98037171,5.04046154
orig	28	676	ffn_out-18	18	1024	0	6.861419e-02	4.216900e-02	-0.120439582,0.0504381247,-0.047498215,0.148006842	-0.0782705843,0.0474463776,-0.0512852743,0.138936028
orig	28	677	l_out-18	18	1024	0	3.485677e-02	3.212282e-02	-2.53228617,-0.00377478078,-0.463855743,0.907700717	-2.55056739,-0.0122121237,-0.43680504,0.899773598
orig	28	678	attn_norm-19	19	1024	0	3.445247e-02	1.978009e-01	-12.6662302,-0.0210002419,-2.65981221,5.14644861	-12.8075905,-0.0682055578,-2.51450038,5.12146521
orig	28	679	attn_pregate-19	19	2048	0	1.964448e-02	8.970279e-02	-0.105903998,-0.128961548,-0.274164051,0.367653161	-0.10100925,-0.14231497,-0.288466483,0.367089033
orig	28	680	attn_gated-19	19	2048	0	2.132170e-02	5.352700e-02	-0.0073118275,-0.0128512895,-0.0270599891,0.0259440448	-0.00716607412,-0.0145797124,-0.0295385253,0.0277410634
orig	28	681	attn_output-19	19	1024	0	7.468508e-02	1.202781e-02	-0.417872667,-0.0295018852,-0.134722859,0.36820069	-0.418019354,-0.0304948688,-0.142034262,0.368447721
orig	28	682	attn_residual-19	19	1024	0	3.452302e-02	3.006820e-02	-2.95015883,-0.033276666,-0.598578572,1.27590144	-2.96858668,-0.0427069925,-0.578839302,1.26822138
orig	28	683	attn_post_norm-19	19	1024	0	3.735483e-02	1.973268e-01	-13.8422308,-0.231107429,-3.8008194,6.73328638	-13.9633112,-0.297338486,-3.68461466,6.70938969
orig	28	684	ffn_out-19	19	1024	0	5.675143e-02	1.348200e-02	0.644663632,0.0331581049,-0.064722687,-0.219453245	0.63765049,0.0335641354,-0.0693772733,-0.205971241
orig	28	685	l_out-19	19	1024	0	3.943709e-02	2.926445e-02	-2.30549526,-0.000118561089,-0.663301229,1.05644822	-2.33093619,-0.00914285704,-0.648216605,1.06225014
orig	28	686	attn_norm-20	20	1024	0	4.024575e-02	2.446386e-01	-13.3450146,-0.000964063744,-5.02637959,7.16872311	-13.5219269,-0.0745073184,-4.92286634,7.22393417
orig	28	687	conv_output_silu-20	20	6144	0	1.420033e-02	1.153237e-01	-0.0225913171,-0.156157121,-0.20544596,0.0911047384	-0.0248401314,-0.157427281,-0.201463893,0.089283064
orig	28	688	q_conv_predelta-20	20	2048	0	1.639780e-02	2.417418e-02	-0.00520725269,-0.0359939002,-0.047354877,0.0209994577	-0.00566789461,-0.0359209552,-0.0459690057,0.0203721542
orig	28	689	k_conv_predelta-20	20	2048	0	2.302932e-02	5.676034e-02	-0.0390358716,-0.0183768068,-0.000466034311,-0.0480917729	-0.038642101,-0.0185739677,-0.000702571182,-0.0477661528
orig	28	690	v_conv_predelta-20	20	2048	0	1.533784e-02	6.567842e-02	-0.0953221247,0.0793726966,0.0344707482,0.0202280376	-0.0913956836,0.0785252675,0.0321087055,0.0220316239
orig	28	691	a_softplus-20	20	16	0	1.079973e-02	3.143716e-02	0.0388989896,0.0295929164,0.0123605179,0.192095816	0.0383665897,0.0282313135,0.0109869046,0.191713467
orig	28	692	gate-20	20	16	0	1.060118e-02	1.538122e-02	-0.00867953803,-0.00514247781,-0.00225101761,-0.0550363734	-0.00856074318,-0.00490586692,-0.0020008639,-0.0549268313
orig	28	693	beta_sigmoid-20	20	16	0	1.150928e-02	2.313361e-02	0.947267413,0.985690534,0.903468072,0.336959124	0.945181012,0.985392511,0.900039911,0.340650052
orig	28	694	state_predelta-20	20	262144	0	2.354589e-02	6.460661e-02	0.00721364561,0.00256905053,-0.000730658998,0.0104246801	0.00720432494,0.00280896574,-0.000958963996,0.00987561606
orig	28	695	new_state-20	20	262144	0	2.326581e-02	6.329262e-02	0.00565762585,0.00184367364,-0.00074217713,0.00849439297	0.00548167247,0.00198651827,-0.0009809935,0.00773794577
orig	28	696	attn_output-20	20	2048	0	1.060872e-02	1.970414e-03	-0.00681803701,0.005568719,0.00234758668,0.00157093513	-0.00654842798,0.00549831102,0.00217866013,0.00168391177
orig	28	697	z-20	20	2048	0	1.829762e-02	2.103477e-01	0.202752978,-2.93263555,1.13586974,1.55573702	0.211588979,-2.86717987,1.1465174,1.55710912
orig	28	698	final_output-20	20	2048	0	3.512206e-02	1.291556e-01	-0.0373360515,-0.0428640544,0.0957371593,0.0891541764	-0.0377185419,-0.0441988073,0.0902656242,0.09604875
orig	28	699	linear_attn_out-20	20	1024	0	3.484953e-02	1.006774e-02	-2.11762547,-0.00213114917,-0.0391888618,0.551483035	-2.12508535,-0.00609881058,-0.0400400013,0.553572059
orig	28	700	attn_residual-20	20	1024	0	3.448970e-02	3.290081e-02	-4.4231205,-0.00224971026,-0.702490091,1.60793126	-4.45602131,-0.0152416676,-0.688256621,1.6158222
orig	28	701	attn_post_norm-20	20	1024	0	3.931024e-02	1.803913e-01	-14.7977419,-0.0131889656,-4.16778088,7.43438625	-14.9231777,-0.0894466415,-4.08754444,7.47857094
orig	28	702	ffn_out-20	20	1024	0	7.232880e-02	1.339258e-02	0.350739866,0.0275562406,-0.1441755,-0.0143855661	0.345071346,0.0277105272,-0.144827574,-0.0101804622
orig	28	703	l_out-20	20	1024	0	3.711644e-02	3.856945e-02	-4.07238054,0.0253065303,-0.846665621,1.59354568	-4.11094999,0.0124688596,-0.833084226,1.60564172
orig	28	704	attn_norm-21	21	1024	0	3.942801e-02	2.109547e-01	-18.5220432,0.176718324,-5.39373207,9.44407845	-18.7329979,0.0872368962,-5.3172965,9.53384781
orig	28	705	conv_output_silu-21	21	6144	2	9.321888e-03	1.645603e-01	-0.0101829963,-0.184943512,-0.229517564,-0.109510638	0.00715228962,-0.189172685,-0.230768591,-0.10467767
orig	28	706	q_conv_predelta-21	21	2048	0	1.048833e-02	7.665359e-03	-0.00117264327,-0.0212975405,-0.0264305547,-0.012610916	0.000826490228,-0.0218600444,-0.0266667027,-0.0120961359
orig	28	707	k_conv_predelta-21	21	2048	0	1.696539e-02	1.867173e-02	-0.0100268191,-0.00444598636,0.0212645158,-0.0334673747	-0.00908703636,-0.00421455456,0.019877933,-0.0331554487
orig	28	708	v_conv_predelta-21	21	2048	0	1.706660e-02	1.114876e-01	-0.0177178159,-0.043024648,-0.137103915,-0.0157916807	-0.0206433665,-0.0417364091,-0.136407122,-0.0150381364
orig	28	709	a_softplus-21	21	16	0	2.418243e-02	7.471514e-02	0.0816545114,1.64842319,0.000236244901,0.452899396	0.0787351727,1.66287386,0.000220036134,0.448632151
orig	28	710	gate-21	21	16	0	2.090089e-02	1.200780e-02	-0.0241370276,-0.426670492,-8.82782697e-05,-0.214771852	-0.0232740715,-0.430410832,-8.22214934e-05,-0.212748259
orig	28	711	beta_sigmoid-21	21	16	0	6.700062e-03	9.186685e-03	0.574545741,0.915172458,0.335080802,0.846434355	0.571607232,0.913980603,0.328234673,0.848513424
orig	28	712	state_predelta-21	21	262144	1	2.249430e-02	4.794492e-02	-0.00203103013,0.000716236711,-0.000112348651,-0.000150357577	-0.00189718325,0.000936278026,4.72139582e-05,-7.39850366e-05
orig	28	713	new_state-21	21	262144	1	2.266621e-02	4.630412e-02	-0.00212246133,0.000637137331,0.000186956313,-0.000613619166	-0.00196159002,0.000864624279,0.000282492168,-0.000466527592
orig	28	714	attn_output-21	21	2048	0	1.124234e-02	2.003565e-03	-8.25236275e-05,-9.65989166e-05,-0.00036373784,-6.16802063e-05	-8.65884358e-05,-9.30647657e-05,-0.000359447702,-5.94456833e-05
orig	28	715	z-21	21	2048	0	1.951639e-02	2.027774e-01	-0.455813468,-1.61522269,-1.96401548,-1.60205436	-0.44150883,-1.55266356,-1.97416961,-1.50656915
orig	28	716	final_output-21	21	2048	0	3.985724e-02	4.728144e-02	0.0115806237,0.0169541668,0.0629327223,0.0147431847	0.0118468273,0.0165014733,0.0618213229,0.0144262966
orig	28	717	linear_attn_out-21	21	1024	0	4.914254e-02	9.842873e-03	-0.77962482,-0.00957162678,0.0269164741,0.184070289	-0.789467692,-0.00793303549,0.0280649662,0.187161237
orig	28	718	attn_residual-21	21	1024	0	3.556871e-02	4.841232e-02	-4.85200548,0.0157349035,-0.819749117,1.77761602	-4.9004178,0.00453582406,-0.805019259,1.79280293
orig	28	719	attn_post_norm-21	21	1024	0	4.013293e-02	1.669773e-01	-15.2848501,0.0856847614,-4.40507078,7.63676548	-15.4497662,0.0247197784,-4.32939339,7.7081995
orig	28	720	ffn_out-21	21	1024	0	6.088512e-02	1.344291e-02	0.494166553,0.0373820513,-0.0147977564,0.0198533628	0.493695825,0.0374515876,-0.0101436255,0.015637707
orig	28	721	l_out-21	21	1024	0	3.787578e-02	4.888296e-02	-4.35783911,0.0531169549,-0.834546864,1.79746938	-4.40672207,0.0419874117,-0.815162897,1.80844069
orig	28	722	attn_norm-22	22	1024	0	3.893683e-02	2.182922e-01	-17.7487831,0.310367823,-4.48670769,9.65087605	-17.9670753,0.245599166,-4.38718319,9.72016907
orig	28	723	conv_output_silu-22	22	6144	0	9.372857e-03	6.732368e-02	-0.147421435,-0.000804821611,0.0466892757,0.098925367	-0.148736149,-0.000876256614,0.0472618602,0.097928986
orig	28	724	q_conv_predelta-22	22	2048	0	1.465113e-02	1.102263e-02	-0.0262573119,-0.000143347221,0.00831585284,0.0176196508	-0.0264471024,-0.000155809117,0.00840373524,0.017412968
orig	28	725	k_conv_predelta-22	22	2048	0	1.984134e-02	1.398325e-02	-0.0130775832,-0.092527017,-0.0729173049,0.0214822553	-0.011304778,-0.0925033242,-0.0727588162,0.0195401795
orig	28	726	v_conv_predelta-22	22	2048	0	1.648264e-02	4.216564e-02	-0.00369104696,-0.00772908516,-0.000249775127,-0.042716641	-0.0042437301,-0.00630618492,-0.000661144033,-0.0416338146
orig	28	727	a_softplus-22	22	16	0	1.098293e-02	5.832505e-02	0.376477063,2.38029242,3.30183983,0.00946935546	0.345847785,2.34397578,3.32147336,0.00864962302
orig	28	728	gate-22	22	16	0	9.942095e-03	2.691269e-02	-0.0696412548,-0.539478898,-2.16539955,-0.00177923916	-0.0639754087,-0.531247914,-2.17827535,-0.00162521598
orig	28	729	beta_sigmoid-22	22	16	0	7.211045e-03	1.554632e-02	0.722749352,0.93266499,0.930790901,0.160427034	0.712241828,0.934239864,0.929828346,0.156197786
orig	28	730	state_predelta-22	22	262144	0	2.006401e-02	2.710247e-02	-0.00016048312,-0.000750692736,-0.000867144263,0.000116240844	-0.000186999459,-0.000804443436,-0.000770834624,0.00022565524
orig	28	731	new_state-22	22	262144	0	1.947930e-02	3.083301e-02	-0.000104163977,-0.000378105062,-0.000554984319,3.36412122e-05	-0.000130139015,-0.000384146726,-0.000431690627,0.000133419293
orig	28	732	attn_output-22	22	2048	0	1.213889e-02	7.312298e-04	-1.85945664e-05,-7.49734609e-05,7.95624874e-05,-0.000328055699	-2.0148289e-05,-6.82617901e-05,8.15240346e-05,-0.00032108149
orig	28	733	z-22	22	2048	0	1.858476e-02	1.912775e-01	1.98602104,-1.00485373,-3.8576355,-0.862671256	1.99616265,-1.01054776,-3.90336275,-0.929979205
orig	28	734	final_output-22	22	2048	0	3.215416e-02	4.056811e-02	-0.0351169631,0.0197335146,-0.0064616357,0.0770303681	-0.0382586382,0.0179777835,-0.00640028482,0.0774135813
orig	28	735	linear_attn_out-22	22	1024	0	5.828101e-02	1.071989e-02	-0.338592976,-0.112842828,-0.0718225017,-0.0476904511	-0.337183654,-0.114166126,-0.0715718344,-0.0409834683
orig	28	736	attn_residual-22	22	1024	0	3.716904e-02	4.747343e-02	-4.69643211,-0.0597258732,-0.906369388,1.74977899	-4.74390554,-0.072178714,-0.886734724,1.76745725
orig	28	737	attn_post_norm-22	22	1024	0	4.013061e-02	1.748486e-01	-16.0941563,-0.295298904,-4.40150118,6.98623943	-16.2690048,-0.357135683,-4.3093729,7.06210184
orig	28	738	ffn_out-22	22	1024	0	5.048699e-02	1.244467e-02	0.342374831,0.0170442909,0.192958355,-0.21653682	0.334269404,0.0227834973,0.195084199,-0.204962477
orig	28	739	l_out-22	22	1024	0	3.996366e-02	5.557871e-02	-4.35405731,-0.0426815823,-0.713411033,1.53324223	-4.40963602,-0.0493952185,-0.69165051,1.56249475
orig	28	740	attn_norm-23	23	1024	0	3.972850e-02	2.027531e-01	-15.6157045,-0.196005836,-3.38539028,5.93899775	-15.8184576,-0.22688581,-3.28283906,6.05361652
orig	28	741	attn_pregate-23	23	2048	0	8.079254e-03	1.030951e-01	-6.7858243,0.0836462229,0.015156053,-0.0125094298	-6.77524137,0.0697853267,0.00994301774,-0.00567939878
orig	28	742	attn_gated-23	23	2048	0	2.886928e-02	6.374073e-02	-0.741183996,0.00875442754,0.00183277368,-0.000832624035	-0.728552401,0.0071306685,0.00118647167,-0.000375972479
orig	28	743	attn_output-23	23	1024	0	4.135951e-02	1.915711e-02	-0.251719236,0.131044954,0.23172617,-0.170764506	-0.254175574,0.12918739,0.235833347,-0.182921529
orig	28	744	attn_residual-23	23	1024	0	4.242042e-02	5.803490e-02	-4.60577679,0.0883633718,-0.481684864,1.36247778	-4.66381168,0.0797921717,-0.455817163,1.37957323
orig	28	745	attn_post_norm-23	23	1024	0	4.425052e-02	2.083626e-01	-16.9259987,0.392541945,-1.96869886,5.20910454	-17.1343613,0.354364008,-1.86244071,5.27295303
orig	28	746	ffn_out-23	23	1024	0	3.216609e-02	1.240356e-01	3.75571513,0.233653843,0.276879907,-1.00319564	3.76005006,0.251532555,0.283727139,-1.02031934
orig	28	747	l_out-23	23	1024	0	4.459285e-02	1.080952e-01	-0.850061655,0.322017223,-0.204804957,0.359282136	-0.903761625,0.331324726,-0.172090024,0.359253883
orig	28	748	result_norm	-1	1024	0	4.596153e-02	7.489853e-01	-0.554178715,3.53569579,-2.1831367,4.27359676	-0.584168732,3.60690427,-1.81878424,4.23686266
orig	28	749	result_output	-1	248320	0	3.645388e-02	5.969049e-01	5.23470402,5.69446611,1.61072624,4.10166883	5.48720026,5.55633163,1.49613607,4.07471275
