# ci/mutants-debt.tsv -- the mutants RATCHET baseline (#4646; operator rulings C187(a)/C188(a), 2026-10-01).
# Every known surviving mutant (MissedMutant or Timeout) measured by a completed CI shard, one per row:
#   file <TAB> mutant <TAB> outcome <TAB> head sha <TAB> CI run id
# SHRINK-ONLY: scripts/check_mutants_debt_ratchet.sh (guard-tree) fails if a row is added, i.e. if this file
# is not a subset of the merge base's copy. A killed survivor = delete its row. Sources (2026-10-01):
#   #4587 c6799ec04a run 36725778557: shards 5,6,9,10,14,15 (outcomes.json artifacts) + 1,2,13 (harvested before timeout)
#   #4588 f8df3cca6b run 36703131059: shards 4,8,11,12,13 (outcomes.json artifacts)
# Shards with no outcomes.json (cancelled/timed out) are NOT measured; they are not in this file.
crates/aprender-contracts-cli/src/bin/pv-sat/liskov.rs	crates/aprender-contracts-cli/src/bin/pv-sat/liskov.rs:119:5: replace pc_reasoner -> Result<&'static str, String> with Ok("")	MissedMutant	f8df3cca6b6c3b51c1475ef54c9ece5e6fec9584	36703131059
crates/aprender-contracts-cli/src/bin/pv-sat/liskov.rs	crates/aprender-contracts-cli/src/bin/pv-sat/liskov.rs:119:5: replace pc_reasoner -> Result<&'static str, String> with Ok("xyzzy")	MissedMutant	f8df3cca6b6c3b51c1475ef54c9ece5e6fec9584	36703131059
crates/aprender-contracts-cli/src/bin/pv-sat/liskov.rs	crates/aprender-contracts-cli/src/bin/pv-sat/liskov.rs:124:14: replace == with != in pc_reasoner	MissedMutant	f8df3cca6b6c3b51c1475ef54c9ece5e6fec9584	36703131059
crates/aprender-contracts-cli/src/bin/pv-sat/liskov.rs	crates/aprender-contracts-cli/src/bin/pv-sat/liskov.rs:138:5: replace checkable_pairs -> Vec<Pair> with vec![]	MissedMutant	f8df3cca6b6c3b51c1475ef54c9ece5e6fec9584	36703131059
crates/aprender-contracts-cli/src/bin/pv-sat/liskov.rs	crates/aprender-contracts-cli/src/bin/pv-sat/liskov.rs:142:31: replace == with != in checkable_pairs	MissedMutant	f8df3cca6b6c3b51c1475ef54c9ece5e6fec9584	36703131059
crates/aprender-contracts-cli/src/bin/pv-sat/liskov.rs	crates/aprender-contracts-cli/src/bin/pv-sat/liskov.rs:149:5: replace write -> Result<(), u8> with Ok(())	MissedMutant	f8df3cca6b6c3b51c1475ef54c9ece5e6fec9584	36703131059
crates/aprender-contracts-cli/src/bin/pv-sat/liskov.rs	crates/aprender-contracts-cli/src/bin/pv-sat/liskov.rs:167:37: replace == with != in write	MissedMutant	f8df3cca6b6c3b51c1475ef54c9ece5e6fec9584	36703131059
crates/aprender-contracts-cli/src/bin/pv-sat/liskov.rs	crates/aprender-contracts-cli/src/bin/pv-sat/liskov.rs:167:44: replace && with || in write	MissedMutant	f8df3cca6b6c3b51c1475ef54c9ece5e6fec9584	36703131059
crates/aprender-contracts-cli/src/bin/pv-sat/liskov.rs	crates/aprender-contracts-cli/src/bin/pv-sat/liskov.rs:167:61: replace == with != in write	MissedMutant	f8df3cca6b6c3b51c1475ef54c9ece5e6fec9584	36703131059
crates/aprender-contracts-cli/src/bin/pv-sat/liskov.rs	crates/aprender-contracts-cli/src/bin/pv-sat/liskov.rs:167:70: replace && with || in write	MissedMutant	f8df3cca6b6c3b51c1475ef54c9ece5e6fec9584	36703131059
crates/aprender-contracts-cli/src/bin/pv-sat/liskov.rs	crates/aprender-contracts-cli/src/bin/pv-sat/liskov.rs:33:42: replace && with || in decide	MissedMutant	f8df3cca6b6c3b51c1475ef54c9ece5e6fec9584	36703131059
crates/aprender-contracts-cli/src/bin/pv-sat/liskov.rs	crates/aprender-contracts-cli/src/bin/pv-sat/liskov.rs:33:54: replace == with != in decide	MissedMutant	f8df3cca6b6c3b51c1475ef54c9ece5e6fec9584	36703131059
crates/aprender-contracts-cli/src/bin/pv-sat/main.rs	crates/aprender-contracts-cli/src/bin/pv-sat/main.rs:108:5: replace write_consistency -> ExitCode with Default::default()	MissedMutant	f8df3cca6b6c3b51c1475ef54c9ece5e6fec9584	36703131059
crates/aprender-contracts-cli/src/bin/pv-sat/main.rs	crates/aprender-contracts-cli/src/bin/pv-sat/main.rs:130:25: replace == with != in write_consistency	MissedMutant	f8df3cca6b6c3b51c1475ef54c9ece5e6fec9584	36703131059
crates/aprender-contracts-cli/src/bin/pv-sat/main.rs	crates/aprender-contracts-cli/src/bin/pv-sat/main.rs:190:5: replace kind -> &'static str with ""	MissedMutant	f8df3cca6b6c3b51c1475ef54c9ece5e6fec9584	36703131059
crates/aprender-contracts-cli/src/bin/pv-sat/main.rs	crates/aprender-contracts-cli/src/bin/pv-sat/main.rs:190:5: replace kind -> &'static str with "xyzzy"	MissedMutant	f8df3cca6b6c3b51c1475ef54c9ece5e6fec9584	36703131059
crates/aprender-contracts-cli/src/bin/pv-sat/main.rs	crates/aprender-contracts-cli/src/bin/pv-sat/main.rs:198:5: replace fresh_witness -> Option<Witness> with None	MissedMutant	f8df3cca6b6c3b51c1475ef54c9ece5e6fec9584	36703131059
crates/aprender-contracts-cli/src/bin/pv-sat/main.rs	crates/aprender-contracts-cli/src/bin/pv-sat/main.rs:199:40: replace == with != in fresh_witness	MissedMutant	f8df3cca6b6c3b51c1475ef54c9ece5e6fec9584	36703131059
crates/aprender-contracts-cli/src/bin/pv-sat/main.rs	crates/aprender-contracts-cli/src/bin/pv-sat/main.rs:200:31: replace == with != in fresh_witness	MissedMutant	f8df3cca6b6c3b51c1475ef54c9ece5e6fec9584	36703131059
crates/aprender-contracts-cli/src/bin/pv-sat/main.rs	crates/aprender-contracts-cli/src/bin/pv-sat/main.rs:200:9: replace && with || in fresh_witness	MissedMutant	f8df3cca6b6c3b51c1475ef54c9ece5e6fec9584	36703131059
crates/aprender-contracts-cli/src/bin/pv-sat/main.rs	crates/aprender-contracts-cli/src/bin/pv-sat/main.rs:201:26: replace == with != in fresh_witness	MissedMutant	f8df3cca6b6c3b51c1475ef54c9ece5e6fec9584	36703131059
crates/aprender-contracts-cli/src/bin/pv-sat/main.rs	crates/aprender-contracts-cli/src/bin/pv-sat/main.rs:201:9: replace && with || in fresh_witness	MissedMutant	f8df3cca6b6c3b51c1475ef54c9ece5e6fec9584	36703131059
crates/aprender-contracts-cli/src/bin/pv-sat/main.rs	crates/aprender-contracts-cli/src/bin/pv-sat/main.rs:202:26: replace == with != in fresh_witness	MissedMutant	f8df3cca6b6c3b51c1475ef54c9ece5e6fec9584	36703131059
crates/aprender-contracts-cli/src/bin/pv-sat/main.rs	crates/aprender-contracts-cli/src/bin/pv-sat/main.rs:202:9: replace && with || in fresh_witness	MissedMutant	f8df3cca6b6c3b51c1475ef54c9ece5e6fec9584	36703131059
crates/aprender-contracts-cli/src/bin/pv-sat/main.rs	crates/aprender-contracts-cli/src/bin/pv-sat/main.rs:203:9: replace && with || in fresh_witness	MissedMutant	f8df3cca6b6c3b51c1475ef54c9ece5e6fec9584	36703131059
crates/aprender-contracts-cli/src/bin/pv-sat/main.rs	crates/aprender-contracts-cli/src/bin/pv-sat/main.rs:209:5: replace prune -> Result<(), ()> with Ok(())	MissedMutant	f8df3cca6b6c3b51c1475ef54c9ece5e6fec9584	36703131059
crates/aprender-contracts-cli/src/bin/pv-sat/main.rs	crates/aprender-contracts-cli/src/bin/pv-sat/main.rs:216:58: replace == with != in prune	MissedMutant	f8df3cca6b6c3b51c1475ef54c9ece5e6fec9584	36703131059
crates/aprender-contracts-cli/src/bin/pv-sat/main.rs	crates/aprender-contracts-cli/src/bin/pv-sat/main.rs:217:13: replace && with || in prune	MissedMutant	f8df3cca6b6c3b51c1475ef54c9ece5e6fec9584	36703131059
crates/aprender-contracts-cli/src/bin/pv-sat/main.rs	crates/aprender-contracts-cli/src/bin/pv-sat/main.rs:218:25: replace == with != in prune	MissedMutant	f8df3cca6b6c3b51c1475ef54c9ece5e6fec9584	36703131059
crates/aprender-contracts-cli/src/bin/pv-sat/main.rs	crates/aprender-contracts-cli/src/bin/pv-sat/main.rs:219:21: replace && with || in prune	MissedMutant	f8df3cca6b6c3b51c1475ef54c9ece5e6fec9584	36703131059
crates/aprender-contracts-cli/src/bin/pv-sat/main.rs	crates/aprender-contracts-cli/src/bin/pv-sat/main.rs:220:56: replace && with || in prune	MissedMutant	f8df3cca6b6c3b51c1475ef54c9ece5e6fec9584	36703131059
crates/aprender-contracts-cli/src/bin/pv-sat/main.rs	crates/aprender-contracts-cli/src/bin/pv-sat/main.rs:220:59: delete ! in prune	MissedMutant	f8df3cca6b6c3b51c1475ef54c9ece5e6fec9584	36703131059
crates/aprender-contracts-cli/src/bin/pv-sat/main.rs	crates/aprender-contracts-cli/src/bin/pv-sat/main.rs:222:23: replace && with || in prune	MissedMutant	f8df3cca6b6c3b51c1475ef54c9ece5e6fec9584	36703131059
crates/aprender-contracts-cli/src/bin/pv-sat/main.rs	crates/aprender-contracts-cli/src/bin/pv-sat/main.rs:222:28: replace != with == in prune	MissedMutant	f8df3cca6b6c3b51c1475ef54c9ece5e6fec9584	36703131059
crates/aprender-contracts-cli/src/bin/pv-sat/main.rs	crates/aprender-contracts-cli/src/bin/pv-sat/main.rs:232:5: replace git_head -> Option<String> with None	MissedMutant	f8df3cca6b6c3b51c1475ef54c9ece5e6fec9584	36703131059
crates/aprender-contracts-cli/src/bin/pv-sat/main.rs	crates/aprender-contracts-cli/src/bin/pv-sat/main.rs:232:5: replace git_head -> Option<String> with Some(String::new())	MissedMutant	f8df3cca6b6c3b51c1475ef54c9ece5e6fec9584	36703131059
crates/aprender-contracts-cli/src/bin/pv-sat/main.rs	crates/aprender-contracts-cli/src/bin/pv-sat/main.rs:232:5: replace git_head -> Option<String> with Some("xyzzy".into())	MissedMutant	f8df3cca6b6c3b51c1475ef54c9ece5e6fec9584	36703131059
crates/aprender-contracts-cli/src/bin/pv-sat/main.rs	crates/aprender-contracts-cli/src/bin/pv-sat/main.rs:239:27: replace && with || in git_head	MissedMutant	f8df3cca6b6c3b51c1475ef54c9ece5e6fec9584	36703131059
crates/aprender-contracts-cli/src/bin/pv-sat/main.rs	crates/aprender-contracts-cli/src/bin/pv-sat/main.rs:239:40: replace == with != in git_head	MissedMutant	f8df3cca6b6c3b51c1475ef54c9ece5e6fec9584	36703131059
crates/aprender-contracts-cli/src/bin/pv-sat/main.rs	crates/aprender-contracts-cli/src/bin/pv-sat/main.rs:37:5: replace main -> ExitCode with Default::default()	MissedMutant	f8df3cca6b6c3b51c1475ef54c9ece5e6fec9584	36703131059
crates/aprender-contracts-cli/src/bin/pv-sat/main.rs	crates/aprender-contracts-cli/src/bin/pv-sat/main.rs:39:19: replace match guard flag == "--self-test" with false in main	MissedMutant	f8df3cca6b6c3b51c1475ef54c9ece5e6fec9584	36703131059
crates/aprender-contracts-cli/src/bin/pv-sat/main.rs	crates/aprender-contracts-cli/src/bin/pv-sat/main.rs:39:19: replace match guard flag == "--self-test" with true in main	MissedMutant	f8df3cca6b6c3b51c1475ef54c9ece5e6fec9584	36703131059
crates/aprender-contracts-cli/src/bin/pv-sat/main.rs	crates/aprender-contracts-cli/src/bin/pv-sat/main.rs:39:24: replace == with != in main	MissedMutant	f8df3cca6b6c3b51c1475ef54c9ece5e6fec9584	36703131059
crates/aprender-contracts-cli/src/bin/pv-sat/main.rs	crates/aprender-contracts-cli/src/bin/pv-sat/main.rs:40:19: replace match guard flag == "-h" || flag == "--help" with false in main	MissedMutant	f8df3cca6b6c3b51c1475ef54c9ece5e6fec9584	36703131059
crates/aprender-contracts-cli/src/bin/pv-sat/main.rs	crates/aprender-contracts-cli/src/bin/pv-sat/main.rs:40:19: replace match guard flag == "-h" || flag == "--help" with true in main	MissedMutant	f8df3cca6b6c3b51c1475ef54c9ece5e6fec9584	36703131059
crates/aprender-contracts-cli/src/bin/pv-sat/main.rs	crates/aprender-contracts-cli/src/bin/pv-sat/main.rs:40:24: replace == with != in main	MissedMutant	f8df3cca6b6c3b51c1475ef54c9ece5e6fec9584	36703131059
crates/aprender-contracts-cli/src/bin/pv-sat/main.rs	crates/aprender-contracts-cli/src/bin/pv-sat/main.rs:40:32: replace || with && in main	MissedMutant	f8df3cca6b6c3b51c1475ef54c9ece5e6fec9584	36703131059
crates/aprender-contracts-cli/src/bin/pv-sat/main.rs	crates/aprender-contracts-cli/src/bin/pv-sat/main.rs:40:40: replace == with != in main	MissedMutant	f8df3cca6b6c3b51c1475ef54c9ece5e6fec9584	36703131059
crates/aprender-contracts-cli/src/bin/pv-sat/main.rs	crates/aprender-contracts-cli/src/bin/pv-sat/main.rs:45:19: replace match guard flag == "-V" || flag == "--version" with false in main	MissedMutant	f8df3cca6b6c3b51c1475ef54c9ece5e6fec9584	36703131059
crates/aprender-contracts-cli/src/bin/pv-sat/main.rs	crates/aprender-contracts-cli/src/bin/pv-sat/main.rs:45:19: replace match guard flag == "-V" || flag == "--version" with true in main	MissedMutant	f8df3cca6b6c3b51c1475ef54c9ece5e6fec9584	36703131059
crates/aprender-contracts-cli/src/bin/pv-sat/main.rs	crates/aprender-contracts-cli/src/bin/pv-sat/main.rs:45:24: replace == with != in main	MissedMutant	f8df3cca6b6c3b51c1475ef54c9ece5e6fec9584	36703131059
crates/aprender-contracts-cli/src/bin/pv-sat/main.rs	crates/aprender-contracts-cli/src/bin/pv-sat/main.rs:45:32: replace || with && in main	MissedMutant	f8df3cca6b6c3b51c1475ef54c9ece5e6fec9584	36703131059
crates/aprender-contracts-cli/src/bin/pv-sat/main.rs	crates/aprender-contracts-cli/src/bin/pv-sat/main.rs:45:40: replace == with != in main	MissedMutant	f8df3cca6b6c3b51c1475ef54c9ece5e6fec9584	36703131059
crates/aprender-contracts-cli/src/bin/pv-sat/main.rs	crates/aprender-contracts-cli/src/bin/pv-sat/main.rs:49:9: delete match arm [] in main	MissedMutant	f8df3cca6b6c3b51c1475ef54c9ece5e6fec9584	36703131059
crates/aprender-contracts-cli/src/bin/pv-sat/main.rs	crates/aprender-contracts-cli/src/bin/pv-sat/main.rs:50:9: delete match arm [dir] in main	MissedMutant	f8df3cca6b6c3b51c1475ef54c9ece5e6fec9584	36703131059
crates/aprender-contracts-cli/src/bin/pv-sat/main.rs	crates/aprender-contracts-cli/src/bin/pv-sat/main.rs:59:5: replace version_line -> String with String::new()	MissedMutant	f8df3cca6b6c3b51c1475ef54c9ece5e6fec9584	36703131059
crates/aprender-contracts-cli/src/bin/pv-sat/main.rs	crates/aprender-contracts-cli/src/bin/pv-sat/main.rs:59:5: replace version_line -> String with "xyzzy".into()	MissedMutant	f8df3cca6b6c3b51c1475ef54c9ece5e6fec9584	36703131059
crates/aprender-contracts-cli/src/bin/pv-sat/main.rs	crates/aprender-contracts-cli/src/bin/pv-sat/main.rs:67:5: replace self_test -> ExitCode with Default::default()	MissedMutant	f8df3cca6b6c3b51c1475ef54c9ece5e6fec9584	36703131059
crates/aprender-contracts-cli/src/bin/pv-sat/main.rs	crates/aprender-contracts-cli/src/bin/pv-sat/main.rs:96:5: replace write_witness -> ExitCode with Default::default()	MissedMutant	f8df3cca6b6c3b51c1475ef54c9ece5e6fec9584	36703131059
crates/aprender-contracts-cli/src/bin/pv-sat/main.rs	crates/aprender-contracts-cli/src/bin/pv-sat/main.rs:97:13: replace != with == in write_witness	MissedMutant	f8df3cca6b6c3b51c1475ef54c9ece5e6fec9584	36703131059
crates/aprender-contracts-cli/src/bin/pv-sat/plant.rs	crates/aprender-contracts-cli/src/bin/pv-sat/plant.rs:16:5: replace plant -> ClauseSet with Default::default()	MissedMutant	f8df3cca6b6c3b51c1475ef54c9ece5e6fec9584	36703131059
crates/aprender-contracts-cli/src/bin/pv-sat/plant.rs	crates/aprender-contracts-cli/src/bin/pv-sat/plant.rs:26:5: replace pc_reasoner -> Result<&'static str, String> with Ok("")	MissedMutant	f8df3cca6b6c3b51c1475ef54c9ece5e6fec9584	36703131059
crates/aprender-contracts-cli/src/bin/pv-sat/plant.rs	crates/aprender-contracts-cli/src/bin/pv-sat/plant.rs:26:5: replace pc_reasoner -> Result<&'static str, String> with Ok("xyzzy")	MissedMutant	f8df3cca6b6c3b51c1475ef54c9ece5e6fec9584	36703131059
crates/aprender-contracts-cli/src/bin/pv-sat/plant.rs	crates/aprender-contracts-cli/src/bin/pv-sat/plant.rs:36:21: replace == with != in pc_reasoner	MissedMutant	f8df3cca6b6c3b51c1475ef54c9ece5e6fec9584	36703131059
crates/aprender-contracts-cli/src/bin/pv-sat/plant.rs	crates/aprender-contracts-cli/src/bin/pv-sat/plant.rs:54:5: replace pc_model -> Result<(), String> with Ok(())	MissedMutant	f8df3cca6b6c3b51c1475ef54c9ece5e6fec9584	36703131059
crates/aprender-contracts-cli/src/bin/pv-sat/sat.rs	crates/aprender-contracts-cli/src/bin/pv-sat/sat.rs:23:57: replace && with || in solve	MissedMutant	f8df3cca6b6c3b51c1475ef54c9ece5e6fec9584	36703131059
crates/aprender-contracts-cli/src/bin/pv-sat/sat.rs	crates/aprender-contracts-cli/src/bin/pv-sat/sat.rs:36:25: delete ! in solve	MissedMutant	f8df3cca6b6c3b51c1475ef54c9ece5e6fec9584	36703131059
crates/aprender-contracts-cli/src/bin/pv-sat/sat.rs	crates/aprender-contracts-cli/src/bin/pv-sat/sat.rs:43:5: replace propagate -> Derived<'_> with Default::default()	MissedMutant	f8df3cca6b6c3b51c1475ef54c9ece5e6fec9584	36703131059
crates/aprender-contracts-cli/src/bin/pv-sat/sat.rs	crates/aprender-contracts-cli/src/bin/pv-sat/sat.rs:52:16: delete ! in propagate	MissedMutant	f8df3cca6b6c3b51c1475ef54c9ece5e6fec9584	36703131059
crates/aprender-contracts-cli/src/bin/pv-sat/sat.rs	crates/aprender-contracts-cli/src/bin/pv-sat/sat.rs:63:5: replace trace with ()	MissedMutant	f8df3cca6b6c3b51c1475ef54c9ece5e6fec9584	36703131059
crates/aprender-contracts-cli/src/cli.rs	crates/aprender-contracts-cli/src/cli.rs:683:9: replace ReleaseArgs::any -> bool with false	MissedMutant	f8df3cca6b6c3b51c1475ef54c9ece5e6fec9584	36703131059
crates/aprender-contracts-cli/src/cli.rs	crates/aprender-contracts-cli/src/cli.rs:683:9: replace ReleaseArgs::any -> bool with true	MissedMutant	f8df3cca6b6c3b51c1475ef54c9ece5e6fec9584	36703131059
crates/aprender-contracts-cli/src/cli.rs	crates/aprender-contracts-cli/src/cli.rs:690:13: replace || with && in ReleaseArgs::any	MissedMutant	f8df3cca6b6c3b51c1475ef54c9ece5e6fec9584	36703131059
crates/aprender-contracts-cli/src/cli.rs	crates/aprender-contracts-cli/src/cli.rs:691:13: replace || with && in ReleaseArgs::any	MissedMutant	f8df3cca6b6c3b51c1475ef54c9ece5e6fec9584	36703131059
crates/aprender-contracts-cli/src/cli.rs	crates/aprender-contracts-cli/src/cli.rs:699:9: replace ReleaseArgs::subject -> Result<Option<provable_contracts::ontology::extract::release_inputs::Subject>, String> with Ok(None)	MissedMutant	f8df3cca6b6c3b51c1475ef54c9ece5e6fec9584	36703131059
crates/aprender-contracts-cli/src/commands/census.rs	crates/aprender-contracts-cli/src/commands/census.rs:285:5: replace by_concept -> BTreeMap<String, usize> with BTreeMap::from_iter([(String::new(), 0)])	MissedMutant	f8df3cca6b6c3b51c1475ef54c9ece5e6fec9584	36703131059
crates/aprender-contracts-cli/src/commands/census.rs	crates/aprender-contracts-cli/src/commands/census.rs:285:5: replace by_concept -> BTreeMap<String, usize> with BTreeMap::from_iter([(String::new(), 1)])	MissedMutant	f8df3cca6b6c3b51c1475ef54c9ece5e6fec9584	36703131059
crates/aprender-contracts-cli/src/commands/census.rs	crates/aprender-contracts-cli/src/commands/census.rs:285:5: replace by_concept -> BTreeMap<String, usize> with BTreeMap::from_iter([("xyzzy".into(), 0)])	MissedMutant	f8df3cca6b6c3b51c1475ef54c9ece5e6fec9584	36703131059
crates/aprender-contracts-cli/src/commands/census.rs	crates/aprender-contracts-cli/src/commands/census.rs:285:5: replace by_concept -> BTreeMap<String, usize> with BTreeMap::from_iter([("xyzzy".into(), 1)])	MissedMutant	f8df3cca6b6c3b51c1475ef54c9ece5e6fec9584	36703131059
crates/aprender-contracts-cli/src/commands/census.rs	crates/aprender-contracts-cli/src/commands/census.rs:285:5: replace by_concept -> BTreeMap<String, usize> with BTreeMap::new()	MissedMutant	f8df3cca6b6c3b51c1475ef54c9ece5e6fec9584	36703131059
crates/aprender-contracts-cli/src/commands/challenge.rs	crates/aprender-contracts-cli/src/commands/challenge.rs:30:5: replace load -> Result<Rendered, DischargeDeclined> with Ok(Default::default())	MissedMutant	f8df3cca6b6c3b51c1475ef54c9ece5e6fec9584	36703131059
crates/aprender-contracts-cli/src/commands/challenge.rs	crates/aprender-contracts-cli/src/commands/challenge.rs:31:27: replace && with || in load	MissedMutant	f8df3cca6b6c3b51c1475ef54c9ece5e6fec9584	36703131059
crates/aprender-contracts-cli/src/commands/challenge.rs	crates/aprender-contracts-cli/src/commands/challenge.rs:43:5: replace report_unrestated -> usize with 0	MissedMutant	f8df3cca6b6c3b51c1475ef54c9ece5e6fec9584	36703131059
crates/aprender-contracts-cli/src/commands/challenge.rs	crates/aprender-contracts-cli/src/commands/challenge.rs:43:5: replace report_unrestated -> usize with 1	MissedMutant	f8df3cca6b6c3b51c1475ef54c9ece5e6fec9584	36703131059
crates/aprender-contracts-cli/src/commands/challenge.rs	crates/aprender-contracts-cli/src/commands/challenge.rs:74:25: replace + with * in check	MissedMutant	f8df3cca6b6c3b51c1475ef54c9ece5e6fec9584	36703131059
crates/aprender-contracts-cli/src/commands/challenge.rs	crates/aprender-contracts-cli/src/commands/challenge.rs:74:25: replace + with - in check	MissedMutant	f8df3cca6b6c3b51c1475ef54c9ece5e6fec9584	36703131059
crates/aprender-contracts-cli/src/commands/challenge.rs	crates/aprender-contracts-cli/src/commands/challenge.rs:75:10: replace > with < in check	MissedMutant	f8df3cca6b6c3b51c1475ef54c9ece5e6fec9584	36703131059
crates/aprender-contracts-cli/src/commands/challenge.rs	crates/aprender-contracts-cli/src/commands/challenge.rs:75:10: replace > with == in check	MissedMutant	f8df3cca6b6c3b51c1475ef54c9ece5e6fec9584	36703131059
crates/aprender-contracts-cli/src/commands/challenge.rs	crates/aprender-contracts-cli/src/commands/challenge.rs:75:10: replace > with >= in check	MissedMutant	f8df3cca6b6c3b51c1475ef54c9ece5e6fec9584	36703131059
crates/aprender-contracts-cli/src/commands/discharge.rs	crates/aprender-contracts-cli/src/commands/discharge.rs:261:39: replace && with || in lean_steps	MissedMutant	f8df3cca6b6c3b51c1475ef54c9ece5e6fec9584	36703131059
crates/aprender-contracts-cli/src/commands/discharge.rs	crates/aprender-contracts-cli/src/commands/discharge.rs:555:41: replace && with || in self_test	MissedMutant	f8df3cca6b6c3b51c1475ef54c9ece5e6fec9584	36703131059
crates/aprender-contracts-cli/src/commands/discharge.rs	crates/aprender-contracts-cli/src/commands/discharge.rs:589:36: replace + with * in raw_exit	MissedMutant	c6799ec04a9d4eb9e618d54ae6d2fd7462045f99	36725778557
crates/aprender-contracts-cli/src/commands/discharge.rs	crates/aprender-contracts-cli/src/commands/discharge.rs:589:36: replace + with - in raw_exit	MissedMutant	c6799ec04a9d4eb9e618d54ae6d2fd7462045f99	36725778557
crates/aprender-contracts-cli/src/commands/discharge.rs	crates/aprender-contracts-cli/src/commands/discharge.rs:589:36: replace + with * in raw_exit	MissedMutant	f8df3cca6b6c3b51c1475ef54c9ece5e6fec9584	36703131059
crates/aprender-contracts-cli/src/commands/discharge.rs	crates/aprender-contracts-cli/src/commands/discharge.rs:589:36: replace + with - in raw_exit	MissedMutant	f8df3cca6b6c3b51c1475ef54c9ece5e6fec9584	36703131059
crates/aprender-contracts-cli/src/commands/discharge.rs	crates/aprender-contracts-cli/src/commands/discharge.rs:664:27: replace match guard e.raw_os_error() == Some(26) with false in Lake<'_>::spawn	MissedMutant	c6799ec04a9d4eb9e618d54ae6d2fd7462045f99	36725778557
crates/aprender-contracts-cli/src/commands/discharge.rs	crates/aprender-contracts-cli/src/commands/discharge.rs:664:27: replace match guard e.raw_os_error() == Some(26) with false in Lake<'_>::spawn	MissedMutant	f8df3cca6b6c3b51c1475ef54c9ece5e6fec9584	36703131059
crates/aprender-contracts-cli/src/commands/discharge.rs	crates/aprender-contracts-cli/src/commands/discharge.rs:664:27: replace match guard e.raw_os_error() == Some(26) with true in Lake<'_>::spawn	MissedMutant	c6799ec04a9d4eb9e618d54ae6d2fd7462045f99	36725778557
crates/aprender-contracts-cli/src/commands/discharge.rs	crates/aprender-contracts-cli/src/commands/discharge.rs:664:27: replace match guard e.raw_os_error() == Some(26) with true in Lake<'_>::spawn	MissedMutant	f8df3cca6b6c3b51c1475ef54c9ece5e6fec9584	36703131059
crates/aprender-contracts-cli/src/commands/discharge.rs	crates/aprender-contracts-cli/src/commands/discharge.rs:664:44: replace == with != in Lake<'_>::spawn	MissedMutant	f8df3cca6b6c3b51c1475ef54c9ece5e6fec9584	36703131059
crates/aprender-contracts-cli/src/commands/discharge.rs	crates/aprender-contracts-cli/src/commands/discharge.rs:768:28: replace || with && in sysroot	MissedMutant	f8df3cca6b6c3b51c1475ef54c9ece5e6fec9584	36703131059
crates/aprender-contracts-cli/src/commands/discharge.rs	crates/aprender-contracts-cli/src/commands/discharge.rs:809:12: delete ! in recheck	MissedMutant	f8df3cca6b6c3b51c1475ef54c9ece5e6fec9584	36703131059
crates/aprender-contracts-cli/src/commands/extract_rdf.rs	crates/aprender-contracts-cli/src/commands/extract_rdf.rs:147:5: replace run_release -> Result<(), Box<dyn std::error::Error>> with Ok(())	MissedMutant	f8df3cca6b6c3b51c1475ef54c9ece5e6fec9584	36703131059
crates/aprender-contracts-cli/src/commands/extract_rdf.rs	crates/aprender-contracts-cli/src/commands/extract_rdf.rs:191:5: replace write_cells -> Result<(), Box<dyn std::error::Error>> with Ok(())	MissedMutant	f8df3cca6b6c3b51c1475ef54c9ece5e6fec9584	36703131059
crates/aprender-contracts-cli/src/commands/extract_rdf.rs	crates/aprender-contracts-cli/src/commands/extract_rdf.rs:33:5: replace refuse_release_only_args -> Result<(), Box<dyn std::error::Error>> with Ok(())	MissedMutant	f8df3cca6b6c3b51c1475ef54c9ece5e6fec9584	36703131059
crates/aprender-contracts-cli/src/commands/extract_rdf.rs	crates/aprender-contracts-cli/src/commands/extract_rdf.rs:59:5: replace run -> Result<(), Box<dyn std::error::Error>> with Ok(())	MissedMutant	f8df3cca6b6c3b51c1475ef54c9ece5e6fec9584	36703131059
crates/aprender-contracts-cli/src/commands/verify_bindings.rs	crates/aprender-contracts-cli/src/commands/verify_bindings.rs:229:14: replace == with != in fn_item_name	Timeout	f8df3cca6b6c3b51c1475ef54c9ece5e6fec9584	36703131059
crates/aprender-contracts-cli/src/contract_walk.rs	crates/aprender-contracts-cli/src/contract_walk.rs:207:9: replace <impl fmt::Display for ObligationsRejected>::fmt -> fmt::Result with Ok(Default::default())	MissedMutant	f8df3cca6b6c3b51c1475ef54c9ece5e6fec9584	36703131059
crates/aprender-contracts-cli/src/contract_walk.rs	crates/aprender-contracts-cli/src/contract_walk.rs:223:9: replace <impl fmt::Display for GateRejected>::fmt -> fmt::Result with Ok(Default::default())	MissedMutant	f8df3cca6b6c3b51c1475ef54c9ece5e6fec9584	36703131059
crates/aprender-contracts-cli/src/contract_walk.rs	crates/aprender-contracts-cli/src/contract_walk.rs:317:9: replace || with && in verdict_for	MissedMutant	f8df3cca6b6c3b51c1475ef54c9ece5e6fec9584	36703131059
crates/aprender-contracts-cli/src/lib.rs	crates/aprender-contracts-cli/src/lib.rs:264:43: replace == with != in dispatch	MissedMutant	f8df3cca6b6c3b51c1475ef54c9ece5e6fec9584	36703131059
crates/aprender-contracts/src/kernels/kani_proofs.rs	crates/aprender-contracts/src/kernels/kani_proofs.rs:92:10: replace >= with < in stub_sqrt	MissedMutant	f8df3cca6b6c3b51c1475ef54c9ece5e6fec9584	36703131059
crates/aprender-contracts/src/kernels/kani_proofs.rs	crates/aprender-contracts/src/kernels/kani_proofs.rs:93:24: replace >= with < in stub_sqrt	MissedMutant	f8df3cca6b6c3b51c1475ef54c9ece5e6fec9584	36703131059
crates/aprender-contracts/src/kernels/kani_proofs.rs	crates/aprender-contracts/src/kernels/kani_proofs.rs:93:38: replace && with || in stub_sqrt	MissedMutant	f8df3cca6b6c3b51c1475ef54c9ece5e6fec9584	36703131059
crates/aprender-contracts/src/kernels/kani_proofs.rs	crates/aprender-contracts/src/kernels/kani_proofs.rs:93:43: replace <= with > in stub_sqrt	MissedMutant	f8df3cca6b6c3b51c1475ef54c9ece5e6fec9584	36703131059
crates/aprender-contracts/src/lint/bindings_gate.rs	crates/aprender-contracts/src/lint/bindings_gate.rs:137:29: replace += with *= in count_allowlisted	MissedMutant	f8df3cca6b6c3b51c1475ef54c9ece5e6fec9584	36703131059
crates/aprender-contracts/src/lint/bindings_gate.rs	crates/aprender-contracts/src/lint/bindings_gate.rs:137:29: replace += with -= in count_allowlisted	MissedMutant	f8df3cca6b6c3b51c1475ef54c9ece5e6fec9584	36703131059
crates/aprender-contracts/src/lint/bindings_gate.rs	crates/aprender-contracts/src/lint/bindings_gate.rs:232:31: replace += with *= in check_stale_allowlist	MissedMutant	f8df3cca6b6c3b51c1475ef54c9ece5e6fec9584	36703131059
crates/aprender-contracts/src/lint/bindings_gate.rs	crates/aprender-contracts/src/lint/bindings_gate.rs:311:9: delete field registries from struct BindingsCounters expression in run_bindings_gate	MissedMutant	f8df3cca6b6c3b51c1475ef54c9ece5e6fec9584	36703131059
crates/aprender-contracts/src/lint/bindings_gate.rs	crates/aprender-contracts/src/lint/bindings_gate.rs:314:9: delete field files_parsed from struct BindingsCounters expression in run_bindings_gate	MissedMutant	f8df3cca6b6c3b51c1475ef54c9ece5e6fec9584	36703131059
crates/aprender-contracts/src/lint/capability_cells_gate.rs	crates/aprender-contracts/src/lint/capability_cells_gate.rs:116:35: replace && with || in plant_refused	MissedMutant	f8df3cca6b6c3b51c1475ef54c9ece5e6fec9584	36703131059
crates/aprender-contracts/src/lint/capability_cells_gate.rs	crates/aprender-contracts/src/lint/capability_cells_gate.rs:148:5: replace findings -> Vec<LintFinding> with vec![]	MissedMutant	f8df3cca6b6c3b51c1475ef54c9ece5e6fec9584	36703131059
crates/aprender-contracts/src/lint/capability_cells_gate.rs	crates/aprender-contracts/src/lint/capability_cells_gate.rs:92:5: replace plant_refused -> bool with true	MissedMutant	f8df3cca6b6c3b51c1475ef54c9ece5e6fec9584	36703131059
crates/aprender-contracts/src/lint/evidence_gate.rs	crates/aprender-contracts/src/lint/evidence_gate.rs:137:26: replace > with < in run_evidence_gate	MissedMutant	c6799ec04a9d4eb9e618d54ae6d2fd7462045f99	36725778557
crates/aprender-contracts/src/lint/evidence_gate.rs	crates/aprender-contracts/src/lint/evidence_gate.rs:217:32: replace == with != in Census::observe	MissedMutant	c6799ec04a9d4eb9e618d54ae6d2fd7462045f99	36725778557
crates/aprender-contracts/src/lint/evidence_gate.rs	crates/aprender-contracts/src/lint/evidence_gate.rs:219:66: replace += with *= in Census::observe	MissedMutant	c6799ec04a9d4eb9e618d54ae6d2fd7462045f99	36725778557
crates/aprender-contracts/src/lint/evidence_gate.rs	crates/aprender-contracts/src/lint/evidence_gate.rs:479:24: replace match guard !shallow with true in resolve_pending	MissedMutant	f8df3cca6b6c3b51c1475ef54c9ece5e6fec9584	36703131059
crates/aprender-contracts/src/lint/evidence_gate.rs	crates/aprender-contracts/src/lint/evidence_gate.rs:492:29: replace += with *= in resolve_pending	MissedMutant	f8df3cca6b6c3b51c1475ef54c9ece5e6fec9584	36703131059
crates/aprender-contracts/src/lint/evidence_gate.rs	crates/aprender-contracts/src/lint/evidence_gate.rs:492:29: replace += with -= in resolve_pending	MissedMutant	f8df3cca6b6c3b51c1475ef54c9ece5e6fec9584	36703131059
crates/aprender-contracts/src/lint/mod.rs	crates/aprender-contracts/src/lint/mod.rs:1365:27: replace && with || in challenge_result	MissedMutant	c6799ec04a9d4eb9e618d54ae6d2fd7462045f99	36725778557
crates/aprender-contracts/src/lint/mod.rs	crates/aprender-contracts/src/lint/mod.rs:1377:35: replace && with || in challenge_result	MissedMutant	c6799ec04a9d4eb9e618d54ae6d2fd7462045f99	36725778557
crates/aprender-contracts/src/lint/mod.rs	crates/aprender-contracts/src/lint/mod.rs:1387:33: replace + with * in challenge_result	MissedMutant	c6799ec04a9d4eb9e618d54ae6d2fd7462045f99	36725778557
crates/aprender-contracts/src/lint/mod.rs	crates/aprender-contracts/src/lint/mod.rs:1387:33: replace + with - in challenge_result	MissedMutant	c6799ec04a9d4eb9e618d54ae6d2fd7462045f99	36725778557
crates/aprender-contracts/src/lint/ratchet_gates.rs	crates/aprender-contracts/src/lint/ratchet_gates.rs:113:26: replace + with * in mentions_module	Timeout	c6799ec04a9d4eb9e618d54ae6d2fd7462045f99	36725778557
crates/aprender-contracts/src/lint/ratchet_gates.rs	crates/aprender-contracts/src/lint/ratchet_gates.rs:113:26: replace + with * in mentions_module	Timeout	f8df3cca6b6c3b51c1475ef54c9ece5e6fec9584	36703131059
crates/aprender-contracts/src/lint/ratchet_gates.rs	crates/aprender-contracts/src/lint/ratchet_gates.rs:128:22: replace + with * in mentions_module	Timeout	c6799ec04a9d4eb9e618d54ae6d2fd7462045f99	36725778557
crates/aprender-contracts/src/lint/ratchet_gates.rs	crates/aprender-contracts/src/lint/ratchet_gates.rs:128:22: replace + with - in mentions_module	Timeout	c6799ec04a9d4eb9e618d54ae6d2fd7462045f99	36725778557
crates/aprender-contracts/src/lint/ratchet_gates.rs	crates/aprender-contracts/src/lint/ratchet_gates.rs:128:22: replace + with * in mentions_module	Timeout	f8df3cca6b6c3b51c1475ef54c9ece5e6fec9584	36703131059
crates/aprender-contracts/src/lint/ratchet_gates.rs	crates/aprender-contracts/src/lint/ratchet_gates.rs:128:22: replace + with - in mentions_module	Timeout	f8df3cca6b6c3b51c1475ef54c9ece5e6fec9584	36703131059
crates/aprender-contracts/src/lint/ratchet_gates.rs	crates/aprender-contracts/src/lint/ratchet_gates.rs:247:31: replace - with + in run_theorem_pairing_gate	MissedMutant	c6799ec04a9d4eb9e618d54ae6d2fd7462045f99	36725778557
crates/aprender-contracts/src/lint/ratchet_gates.rs	crates/aprender-contracts/src/lint/ratchet_gates.rs:247:31: replace - with + in run_theorem_pairing_gate	MissedMutant	f8df3cca6b6c3b51c1475ef54c9ece5e6fec9584	36703131059
crates/aprender-contracts/src/lint/ratchet_gates.rs	crates/aprender-contracts/src/lint/ratchet_gates.rs:278:17: replace += with *= in run_depends_on_present_gate	MissedMutant	c6799ec04a9d4eb9e618d54ae6d2fd7462045f99	36725778557
crates/aprender-contracts/src/lint/ratchet_gates.rs	crates/aprender-contracts/src/lint/ratchet_gates.rs:278:17: replace += with *= in run_depends_on_present_gate	MissedMutant	f8df3cca6b6c3b51c1475ef54c9ece5e6fec9584	36703131059
crates/aprender-contracts/src/lint/ratchet_gates.rs	crates/aprender-contracts/src/lint/ratchet_gates.rs:72:20: replace match guard !p.as_os_str().is_empty() with true in repo_root	MissedMutant	f8df3cca6b6c3b51c1475ef54c9ece5e6fec9584	36703131059
crates/aprender-contracts/src/lint/refines_gate.rs	crates/aprender-contracts/src/lint/refines_gate.rs:181:9: delete field refines_pairs from struct RefinesCounters expression in run_refines_gate	MissedMutant	f8df3cca6b6c3b51c1475ef54c9ece5e6fec9584	36703131059
crates/aprender-contracts/src/lint/shapes_gate.rs	crates/aprender-contracts/src/lint/shapes_gate.rs:1016:5: replace subsumption_of -> (usize, Vec<String>) with (0, vec![])	MissedMutant	c6799ec04a9d4eb9e618d54ae6d2fd7462045f99	36725778557
crates/aprender-contracts/src/lint/shapes_gate.rs	crates/aprender-contracts/src/lint/shapes_gate.rs:1016:5: replace subsumption_of -> (usize, Vec<String>) with (0, vec![String::new()])	MissedMutant	c6799ec04a9d4eb9e618d54ae6d2fd7462045f99	36725778557
crates/aprender-contracts/src/lint/shapes_gate.rs	crates/aprender-contracts/src/lint/shapes_gate.rs:1016:5: replace subsumption_of -> (usize, Vec<String>) with (0, vec!["xyzzy".into()])	MissedMutant	c6799ec04a9d4eb9e618d54ae6d2fd7462045f99	36725778557
crates/aprender-contracts/src/lint/shapes_gate.rs	crates/aprender-contracts/src/lint/shapes_gate.rs:1016:5: replace subsumption_of -> (usize, Vec<String>) with (1, vec![])	MissedMutant	c6799ec04a9d4eb9e618d54ae6d2fd7462045f99	36725778557
crates/aprender-contracts/src/lint/shapes_gate.rs	crates/aprender-contracts/src/lint/shapes_gate.rs:1016:5: replace subsumption_of -> (usize, Vec<String>) with (1, vec![String::new()])	MissedMutant	c6799ec04a9d4eb9e618d54ae6d2fd7462045f99	36725778557
crates/aprender-contracts/src/lint/shapes_gate.rs	crates/aprender-contracts/src/lint/shapes_gate.rs:1016:5: replace subsumption_of -> (usize, Vec<String>) with (1, vec!["xyzzy".into()])	MissedMutant	c6799ec04a9d4eb9e618d54ae6d2fd7462045f99	36725778557
crates/aprender-contracts/src/lint/shapes_gate.rs	crates/aprender-contracts/src/lint/shapes_gate.rs:1020:28: replace += with *= in subsumption_of	MissedMutant	c6799ec04a9d4eb9e618d54ae6d2fd7462045f99	36725778557
crates/aprender-contracts/src/lint/shapes_gate.rs	crates/aprender-contracts/src/lint/shapes_gate.rs:1020:28: replace += with -= in subsumption_of	MissedMutant	c6799ec04a9d4eb9e618d54ae6d2fd7462045f99	36725778557
crates/aprender-contracts/src/lint/shapes_gate.rs	crates/aprender-contracts/src/lint/shapes_gate.rs:827:5: replace measured -> super::MeasuredSet with Default::default()	MissedMutant	c6799ec04a9d4eb9e618d54ae6d2fd7462045f99	36725778557
crates/aprender-contracts/src/lint/shapes_gate.rs	crates/aprender-contracts/src/lint/shapes_gate.rs:835:5: replace count_freshness with ()	MissedMutant	c6799ec04a9d4eb9e618d54ae6d2fd7462045f99	36725778557
crates/aprender-contracts/src/lint/shapes_gate.rs	crates/aprender-contracts/src/lint/shapes_gate.rs:850:26: replace += with *= in count_freshness	MissedMutant	c6799ec04a9d4eb9e618d54ae6d2fd7462045f99	36725778557
crates/aprender-contracts/src/lint/shapes_gate.rs	crates/aprender-contracts/src/lint/shapes_gate.rs:850:26: replace += with -= in count_freshness	MissedMutant	c6799ec04a9d4eb9e618d54ae6d2fd7462045f99	36725778557
crates/aprender-contracts/src/lint/subsumption.rs	crates/aprender-contracts/src/lint/subsumption.rs:31:5: replace concept_of -> Option<&'a str> with None	MissedMutant	c6799ec04a9d4eb9e618d54ae6d2fd7462045f99	36725778557
crates/aprender-contracts/src/lint/subsumption.rs	crates/aprender-contracts/src/lint/subsumption.rs:31:5: replace concept_of -> Option<&'a str> with Some("")	MissedMutant	c6799ec04a9d4eb9e618d54ae6d2fd7462045f99	36725778557
crates/aprender-contracts/src/lint/subsumption.rs	crates/aprender-contracts/src/lint/subsumption.rs:31:5: replace concept_of -> Option<&'a str> with Some("xyzzy")	MissedMutant	c6799ec04a9d4eb9e618d54ae6d2fd7462045f99	36725778557
crates/aprender-contracts/src/lint/subsumption.rs	crates/aprender-contracts/src/lint/subsumption.rs:35:26: replace == with != in concept_of	MissedMutant	c6799ec04a9d4eb9e618d54ae6d2fd7462045f99	36725778557
crates/aprender-contracts/src/lint/subsumption.rs	crates/aprender-contracts/src/lint/subsumption.rs:41:5: replace inherited -> (usize, Vec<String>) with (0, vec![])	MissedMutant	c6799ec04a9d4eb9e618d54ae6d2fd7462045f99	36725778557
crates/aprender-contracts/src/lint/subsumption.rs	crates/aprender-contracts/src/lint/subsumption.rs:41:5: replace inherited -> (usize, Vec<String>) with (0, vec![String::new()])	MissedMutant	c6799ec04a9d4eb9e618d54ae6d2fd7462045f99	36725778557
crates/aprender-contracts/src/lint/subsumption.rs	crates/aprender-contracts/src/lint/subsumption.rs:41:5: replace inherited -> (usize, Vec<String>) with (0, vec!["xyzzy".into()])	MissedMutant	c6799ec04a9d4eb9e618d54ae6d2fd7462045f99	36725778557
crates/aprender-contracts/src/lint/subsumption.rs	crates/aprender-contracts/src/lint/subsumption.rs:41:5: replace inherited -> (usize, Vec<String>) with (1, vec![])	MissedMutant	c6799ec04a9d4eb9e618d54ae6d2fd7462045f99	36725778557
crates/aprender-contracts/src/lint/subsumption.rs	crates/aprender-contracts/src/lint/subsumption.rs:41:5: replace inherited -> (usize, Vec<String>) with (1, vec![String::new()])	MissedMutant	c6799ec04a9d4eb9e618d54ae6d2fd7462045f99	36725778557
crates/aprender-contracts/src/lint/subsumption.rs	crates/aprender-contracts/src/lint/subsumption.rs:41:5: replace inherited -> (usize, Vec<String>) with (1, vec!["xyzzy".into()])	MissedMutant	c6799ec04a9d4eb9e618d54ae6d2fd7462045f99	36725778557
crates/aprender-contracts/src/lint/subsumption.rs	crates/aprender-contracts/src/lint/subsumption.rs:49:18: replace > with < in inherited	MissedMutant	c6799ec04a9d4eb9e618d54ae6d2fd7462045f99	36725778557
crates/aprender-contracts/src/lint/subsumption.rs	crates/aprender-contracts/src/lint/subsumption.rs:49:18: replace > with == in inherited	MissedMutant	c6799ec04a9d4eb9e618d54ae6d2fd7462045f99	36725778557
crates/aprender-contracts/src/lint/subsumption.rs	crates/aprender-contracts/src/lint/subsumption.rs:49:18: replace > with >= in inherited	MissedMutant	c6799ec04a9d4eb9e618d54ae6d2fd7462045f99	36725778557
crates/aprender-contracts/src/lint/subsumption.rs	crates/aprender-contracts/src/lint/subsumption.rs:50:23: replace += with *= in inherited	MissedMutant	c6799ec04a9d4eb9e618d54ae6d2fd7462045f99	36725778557
crates/aprender-contracts/src/ontology/extract/binary.rs	crates/aprender-contracts/src/ontology/extract/binary.rs:159:5: replace hex_of -> bool with true	MissedMutant	c6799ec04a9d4eb9e618d54ae6d2fd7462045f99	36725778557
crates/aprender-contracts/src/ontology/extract/binary.rs	crates/aprender-contracts/src/ontology/extract/binary.rs:160:9: replace && with || in hex_of	MissedMutant	c6799ec04a9d4eb9e618d54ae6d2fd7462045f99	36725778557
crates/aprender-contracts/src/ontology/extract/binary.rs	crates/aprender-contracts/src/ontology/extract/binary.rs:189:29: replace || with && in parse_line	MissedMutant	c6799ec04a9d4eb9e618d54ae6d2fd7462045f99	36725778557
crates/aprender-contracts/src/ontology/extract/binary.rs	crates/aprender-contracts/src/ontology/extract/binary.rs:189:52: replace || with && in parse_line	MissedMutant	c6799ec04a9d4eb9e618d54ae6d2fd7462045f99	36725778557
crates/aprender-contracts/src/ontology/extract/binary.rs	crates/aprender-contracts/src/ontology/extract/binary.rs:234:28: replace match guard chars.peek() == Some(&'"') with false in csv_records	MissedMutant	c6799ec04a9d4eb9e618d54ae6d2fd7462045f99	36725778557
crates/aprender-contracts/src/ontology/extract/binary.rs	crates/aprender-contracts/src/ontology/extract/binary.rs:250:26: replace || with && in csv_records	MissedMutant	c6799ec04a9d4eb9e618d54ae6d2fd7462045f99	36725778557
crates/aprender-contracts/src/ontology/extract/binary.rs	crates/aprender-contracts/src/ontology/extract/binary.rs:250:29: delete ! in csv_records	MissedMutant	c6799ec04a9d4eb9e618d54ae6d2fd7462045f99	36725778557
crates/aprender-contracts/src/ontology/extract/binary.rs	crates/aprender-contracts/src/ontology/extract/binary.rs:250:8: delete ! in csv_records	MissedMutant	c6799ec04a9d4eb9e618d54ae6d2fd7462045f99	36725778557
crates/aprender-contracts/src/ontology/extract/binary.rs	crates/aprender-contracts/src/ontology/extract/binary.rs:277:33: replace && with || in route_key	MissedMutant	c6799ec04a9d4eb9e618d54ae6d2fd7462045f99	36725778557
crates/aprender-contracts/src/ontology/extract/binary.rs	crates/aprender-contracts/src/ontology/extract/binary.rs:351:31: replace && with || in declared_bins	MissedMutant	c6799ec04a9d4eb9e618d54ae6d2fd7462045f99	36725778557
crates/aprender-contracts/src/ontology/extract/binary.rs	crates/aprender-contracts/src/ontology/extract/binary.rs:445:22: replace || with && in emit	MissedMutant	c6799ec04a9d4eb9e618d54ae6d2fd7462045f99	36725778557
crates/aprender-contracts/src/ontology/extract/binary.rs	crates/aprender-contracts/src/ontology/extract/binary.rs:445:39: replace == with != in emit	MissedMutant	c6799ec04a9d4eb9e618d54ae6d2fd7462045f99	36725778557
crates/aprender-contracts/src/ontology/extract/binary.rs	crates/aprender-contracts/src/ontology/extract/binary.rs:601:9: delete field help_sha256 from struct Target expression in positive_control	MissedMutant	f8df3cca6b6c3b51c1475ef54c9ece5e6fec9584	36703131059
crates/aprender-contracts/src/ontology/extract/binary.rs	crates/aprender-contracts/src/ontology/extract/binary.rs:602:9: delete field version_sha256 from struct Target expression in positive_control	MissedMutant	f8df3cca6b6c3b51c1475ef54c9ece5e6fec9584	36703131059
crates/aprender-contracts/src/ontology/extract/binary.rs	crates/aprender-contracts/src/ontology/extract/binary.rs:603:9: delete field commands from struct Target expression in positive_control	MissedMutant	f8df3cca6b6c3b51c1475ef54c9ece5e6fec9584	36703131059
crates/aprender-contracts/src/ontology/extract/binary.rs	crates/aprender-contracts/src/ontology/extract/binary.rs:628:9: replace && with || in positive_control	MissedMutant	f8df3cca6b6c3b51c1475ef54c9ece5e6fec9584	36703131059
crates/aprender-contracts/src/ontology/extract/binary.rs	crates/aprender-contracts/src/ontology/extract/binary.rs:629:9: replace && with || in positive_control	MissedMutant	f8df3cca6b6c3b51c1475ef54c9ece5e6fec9584	36703131059
crates/aprender-contracts/src/ontology/extract/binary.rs	crates/aprender-contracts/src/ontology/extract/binary.rs:630:9: replace && with || in positive_control	MissedMutant	f8df3cca6b6c3b51c1475ef54c9ece5e6fec9584	36703131059
crates/aprender-contracts/src/ontology/extract/binary.rs	crates/aprender-contracts/src/ontology/extract/binary.rs:631:9: replace && with || in positive_control	MissedMutant	f8df3cca6b6c3b51c1475ef54c9ece5e6fec9584	36703131059
crates/aprender-contracts/src/ontology/extract/binary.rs	crates/aprender-contracts/src/ontology/extract/binary.rs:632:9: replace && with || in positive_control	MissedMutant	f8df3cca6b6c3b51c1475ef54c9ece5e6fec9584	36703131059
crates/aprender-contracts/src/ontology/extract/claims.rs	crates/aprender-contracts/src/ontology/extract/claims.rs:113:29: replace + with * in fences	MissedMutant	f8df3cca6b6c3b51c1475ef54c9ece5e6fec9584	36703131059
crates/aprender-contracts/src/ontology/extract/claims.rs	crates/aprender-contracts/src/ontology/extract/claims.rs:146:21: replace + with * in prose_lines	MissedMutant	f8df3cca6b6c3b51c1475ef54c9ece5e6fec9584	36703131059
crates/aprender-contracts/src/ontology/extract/claims.rs	crates/aprender-contracts/src/ontology/extract/claims.rs:163:16: delete ! in headings	MissedMutant	f8df3cca6b6c3b51c1475ef54c9ece5e6fec9584	36703131059
crates/aprender-contracts/src/ontology/extract/claims.rs	crates/aprender-contracts/src/ontology/extract/claims.rs:163:62: delete ! in headings	MissedMutant	f8df3cca6b6c3b51c1475ef54c9ece5e6fec9584	36703131059
crates/aprender-contracts/src/ontology/extract/claims.rs	crates/aprender-contracts/src/ontology/extract/claims.rs:190:17: replace != with == in closing_run	Timeout	f8df3cca6b6c3b51c1475ef54c9ece5e6fec9584	36703131059
crates/aprender-contracts/src/ontology/extract/claims.rs	crates/aprender-contracts/src/ontology/extract/claims.rs:191:15: replace += with *= in closing_run	Timeout	f8df3cca6b6c3b51c1475ef54c9ece5e6fec9584	36703131059
crates/aprender-contracts/src/ontology/extract/claims.rs	crates/aprender-contracts/src/ontology/extract/claims.rs:198:11: replace += with *= in closing_run	Timeout	f8df3cca6b6c3b51c1475ef54c9ece5e6fec9584	36703131059
crates/aprender-contracts/src/ontology/extract/claims.rs	crates/aprender-contracts/src/ontology/extract/claims.rs:198:11: replace += with -= in closing_run	Timeout	f8df3cca6b6c3b51c1475ef54c9ece5e6fec9584	36703131059
crates/aprender-contracts/src/ontology/extract/claims.rs	crates/aprender-contracts/src/ontology/extract/claims.rs:208:17: replace != with == in line_spans	Timeout	f8df3cca6b6c3b51c1475ef54c9ece5e6fec9584	36703131059
crates/aprender-contracts/src/ontology/extract/claims.rs	crates/aprender-contracts/src/ontology/extract/claims.rs:209:15: replace += with *= in line_spans	Timeout	f8df3cca6b6c3b51c1475ef54c9ece5e6fec9584	36703131059
crates/aprender-contracts/src/ontology/extract/claims.rs	crates/aprender-contracts/src/ontology/extract/claims.rs:256:9: delete match arm serde_yaml::Value::Null in frontmatter	MissedMutant	f8df3cca6b6c3b51c1475ef54c9ece5e6fec9584	36703131059
crates/aprender-contracts/src/ontology/extract/claims.rs	crates/aprender-contracts/src/ontology/extract/claims.rs:294:8: delete ! in normalise	MissedMutant	f8df3cca6b6c3b51c1475ef54c9ece5e6fec9584	36703131059
crates/aprender-contracts/src/ontology/extract/claims.rs	crates/aprender-contracts/src/ontology/extract/claims.rs:328:21: delete ! in drop_comment	MissedMutant	f8df3cca6b6c3b51c1475ef54c9ece5e6fec9584	36703131059
crates/aprender-contracts/src/ontology/extract/claims.rs	crates/aprender-contracts/src/ontology/extract/claims.rs:328:21: replace match guard !sq with false in drop_comment	MissedMutant	f8df3cca6b6c3b51c1475ef54c9ece5e6fec9584	36703131059
crates/aprender-contracts/src/ontology/extract/claims.rs	crates/aprender-contracts/src/ontology/extract/claims.rs:328:21: replace match guard !sq with true in drop_comment	MissedMutant	f8df3cca6b6c3b51c1475ef54c9ece5e6fec9584	36703131059
crates/aprender-contracts/src/ontology/extract/claims.rs	crates/aprender-contracts/src/ontology/extract/claims.rs:329:21: replace match guard !dq with true in drop_comment	MissedMutant	f8df3cca6b6c3b51c1475ef54c9ece5e6fec9584	36703131059
crates/aprender-contracts/src/ontology/extract/claims.rs	crates/aprender-contracts/src/ontology/extract/claims.rs:330:20: delete ! in drop_comment	MissedMutant	f8df3cca6b6c3b51c1475ef54c9ece5e6fec9584	36703131059
crates/aprender-contracts/src/ontology/extract/claims.rs	crates/aprender-contracts/src/ontology/extract/claims.rs:330:20: replace match guard !sq with false in drop_comment	MissedMutant	f8df3cca6b6c3b51c1475ef54c9ece5e6fec9584	36703131059
crates/aprender-contracts/src/ontology/extract/claims.rs	crates/aprender-contracts/src/ontology/extract/claims.rs:330:20: replace match guard !sq with true in drop_comment	MissedMutant	f8df3cca6b6c3b51c1475ef54c9ece5e6fec9584	36703131059
crates/aprender-contracts/src/ontology/extract/claims.rs	crates/aprender-contracts/src/ontology/extract/claims.rs:330:32: delete ! in drop_comment	MissedMutant	f8df3cca6b6c3b51c1475ef54c9ece5e6fec9584	36703131059
crates/aprender-contracts/src/ontology/extract/claims.rs	crates/aprender-contracts/src/ontology/extract/claims.rs:359:21: delete ! in Quotes::step	MissedMutant	f8df3cca6b6c3b51c1475ef54c9ece5e6fec9584	36703131059
crates/aprender-contracts/src/ontology/extract/claims.rs	crates/aprender-contracts/src/ontology/extract/claims.rs:359:21: replace match guard !self.sq with false in Quotes::step	MissedMutant	f8df3cca6b6c3b51c1475ef54c9ece5e6fec9584	36703131059
crates/aprender-contracts/src/ontology/extract/claims.rs	crates/aprender-contracts/src/ontology/extract/claims.rs:359:21: replace match guard !self.sq with true in Quotes::step	MissedMutant	f8df3cca6b6c3b51c1475ef54c9ece5e6fec9584	36703131059
crates/aprender-contracts/src/ontology/extract/claims.rs	crates/aprender-contracts/src/ontology/extract/claims.rs:360:21: replace match guard !self.dq with true in Quotes::step	MissedMutant	f8df3cca6b6c3b51c1475ef54c9ece5e6fec9584	36703131059
crates/aprender-contracts/src/ontology/extract/claims.rs	crates/aprender-contracts/src/ontology/extract/claims.rs:361:20: replace match guard !self.sq with true in Quotes::step	MissedMutant	f8df3cca6b6c3b51c1475ef54c9ece5e6fec9584	36703131059
crates/aprender-contracts/src/ontology/extract/claims.rs	crates/aprender-contracts/src/ontology/extract/claims.rs:493:67: replace && with || in section_selected::glob	MissedMutant	f8df3cca6b6c3b51c1475ef54c9ece5e6fec9584	36703131059
crates/aprender-contracts/src/ontology/extract/claims.rs	crates/aprender-contracts/src/ontology/extract/claims.rs:494:13: delete match arm (Some(b'?'), Some(_)) in section_selected::glob	MissedMutant	f8df3cca6b6c3b51c1475ef54c9ece5e6fec9584	36703131059
crates/aprender-contracts/src/ontology/extract/claims.rs	crates/aprender-contracts/src/ontology/extract/claims.rs:79:10: replace == with != in fence_open	MissedMutant	c6799ec04a9d4eb9e618d54ae6d2fd7462045f99	36725778557
crates/aprender-contracts/src/ontology/extract/claims.rs	crates/aprender-contracts/src/ontology/extract/claims.rs:79:10: replace == with != in fence_open	MissedMutant	f8df3cca6b6c3b51c1475ef54c9ece5e6fec9584	36703131059
crates/aprender-contracts/src/ontology/extract/claims.rs	crates/aprender-contracts/src/ontology/extract/claims.rs:88:19: replace * with / in fence_close	MissedMutant	c6799ec04a9d4eb9e618d54ae6d2fd7462045f99	36725778557
crates/aprender-contracts/src/ontology/extract/claims.rs	crates/aprender-contracts/src/ontology/extract/claims.rs:88:19: replace * with / in fence_close	MissedMutant	f8df3cca6b6c3b51c1475ef54c9ece5e6fec9584	36703131059
crates/aprender-contracts/src/ontology/extract/cli_surface.rs	crates/aprender-contracts/src/ontology/extract/cli_surface.rs:131:42: replace && with || in Command::mode_args	MissedMutant	f8df3cca6b6c3b51c1475ef54c9ece5e6fec9584	36703131059
crates/aprender-contracts/src/ontology/extract/cli_surface.rs	crates/aprender-contracts/src/ontology/extract/cli_surface.rs:154:9: replace <impl std::fmt::Display for SurfaceError>::fmt -> std::fmt::Result with Ok(Default::default())	MissedMutant	f8df3cca6b6c3b51c1475ef54c9ece5e6fec9584	36703131059
crates/aprender-contracts/src/ontology/extract/cli_surface.rs	crates/aprender-contracts/src/ontology/extract/cli_surface.rs:307:17: replace += with *= in emit_command	MissedMutant	f8df3cca6b6c3b51c1475ef54c9ece5e6fec9584	36703131059
crates/aprender-contracts/src/ontology/extract/cli_surface.rs	crates/aprender-contracts/src/ontology/extract/cli_surface.rs:319:19: replace += with *= in emit_command	MissedMutant	f8df3cca6b6c3b51c1475ef54c9ece5e6fec9584	36703131059
crates/aprender-contracts/src/ontology/extract/cli_surface.rs	crates/aprender-contracts/src/ontology/extract/cli_surface.rs:331:56: replace += with *= in emit_command	MissedMutant	f8df3cca6b6c3b51c1475ef54c9ece5e6fec9584	36703131059
crates/aprender-contracts/src/ontology/extract/cli_surface.rs	crates/aprender-contracts/src/ontology/extract/cli_surface.rs:332:19: replace == with != in emit_command	MissedMutant	f8df3cca6b6c3b51c1475ef54c9ece5e6fec9584	36703131059
crates/aprender-contracts/src/ontology/extract/cli_surface.rs	crates/aprender-contracts/src/ontology/extract/cli_surface.rs:333:29: replace += with *= in emit_command	MissedMutant	f8df3cca6b6c3b51c1475ef54c9ece5e6fec9584	36703131059
crates/aprender-contracts/src/ontology/extract/cli_surface.rs	crates/aprender-contracts/src/ontology/extract/cli_surface.rs:333:29: replace += with -= in emit_command	MissedMutant	f8df3cca6b6c3b51c1475ef54c9ece5e6fec9584	36703131059
crates/aprender-contracts/src/ontology/extract/cli_surface.rs	crates/aprender-contracts/src/ontology/extract/cli_surface.rs:334:16: delete ! in emit_command	MissedMutant	f8df3cca6b6c3b51c1475ef54c9ece5e6fec9584	36703131059
crates/aprender-contracts/src/ontology/extract/cli_surface.rs	crates/aprender-contracts/src/ontology/extract/cli_surface.rs:335:44: replace += with *= in emit_command	MissedMutant	f8df3cca6b6c3b51c1475ef54c9ece5e6fec9584	36703131059
crates/aprender-contracts/src/ontology/extract/cli_surface.rs	crates/aprender-contracts/src/ontology/extract/cli_surface.rs:335:44: replace += with -= in emit_command	MissedMutant	f8df3cca6b6c3b51c1475ef54c9ece5e6fec9584	36703131059
crates/aprender-contracts/src/ontology/extract/cli_surface.rs	crates/aprender-contracts/src/ontology/extract/cli_surface.rs:348:5: replace emit_arg -> String with String::new()	MissedMutant	f8df3cca6b6c3b51c1475ef54c9ece5e6fec9584	36703131059
crates/aprender-contracts/src/ontology/extract/cli_surface.rs	crates/aprender-contracts/src/ontology/extract/cli_surface.rs:348:5: replace emit_arg -> String with "xyzzy".into()	MissedMutant	f8df3cca6b6c3b51c1475ef54c9ece5e6fec9584	36703131059
crates/aprender-contracts/src/ontology/extract/cli_surface.rs	crates/aprender-contracts/src/ontology/extract/cli_surface.rs:372:15: replace == with != in emit_arg	MissedMutant	f8df3cca6b6c3b51c1475ef54c9ece5e6fec9584	36703131059
crates/aprender-contracts/src/ontology/extract/cli_surface.rs	crates/aprender-contracts/src/ontology/extract/cli_surface.rs:372:27: replace || with && in emit_arg	MissedMutant	f8df3cca6b6c3b51c1475ef54c9ece5e6fec9584	36703131059
crates/aprender-contracts/src/ontology/extract/cli_surface.rs	crates/aprender-contracts/src/ontology/extract/cli_surface.rs:372:37: replace == with != in emit_arg	MissedMutant	f8df3cca6b6c3b51c1475ef54c9ece5e6fec9584	36703131059
crates/aprender-contracts/src/ontology/extract/cli_surface.rs	crates/aprender-contracts/src/ontology/extract/cli_surface.rs:387:5: replace positive_control -> bool with true	MissedMutant	f8df3cca6b6c3b51c1475ef54c9ece5e6fec9584	36703131059
crates/aprender-contracts/src/ontology/extract/code.rs	crates/aprender-contracts/src/ontology/extract/code.rs:1046:9: replace <impl syn::visit::Visit<'ast> for BodySafety>::visit_expr_unsafe with ()	Timeout	c6799ec04a9d4eb9e618d54ae6d2fd7462045f99	36725778557
crates/aprender-contracts/src/ontology/extract/code.rs	crates/aprender-contracts/src/ontology/extract/code.rs:1226:46: replace == with != in emit	MissedMutant	c6799ec04a9d4eb9e618d54ae6d2fd7462045f99	36725778557
crates/aprender-contracts/src/ontology/extract/code.rs	crates/aprender-contracts/src/ontology/extract/code.rs:1267:36: replace += with *= in resolve_all	Timeout	c6799ec04a9d4eb9e618d54ae6d2fd7462045f99	36725778557
crates/aprender-contracts/src/ontology/extract/covering.rs	crates/aprender-contracts/src/ontology/extract/covering.rs:118:26: replace < with <= in allowed_with	MissedMutant	c6799ec04a9d4eb9e618d54ae6d2fd7462045f99	36725778557
crates/aprender-contracts/src/ontology/extract/covering.rs	crates/aprender-contracts/src/ontology/extract/covering.rs:127:5: replace uncovered -> Vec<Pair> with vec![]	MissedMutant	c6799ec04a9d4eb9e618d54ae6d2fd7462045f99	36725778557
crates/aprender-contracts/src/ontology/extract/covering.rs	crates/aprender-contracts/src/ontology/extract/covering.rs:133:82: replace && with || in uncovered	MissedMutant	c6799ec04a9d4eb9e618d54ae6d2fd7462045f99	36725778557
crates/aprender-contracts/src/ontology/extract/csv.rs	crates/aprender-contracts/src/ontology/extract/csv.rs:167:44: replace += with *= in extract	MissedMutant	c6799ec04a9d4eb9e618d54ae6d2fd7462045f99	36725778557
crates/aprender-contracts/src/ontology/extract/csv.rs	crates/aprender-contracts/src/ontology/extract/csv.rs:180:5: replace positive_control -> bool with true	MissedMutant	c6799ec04a9d4eb9e618d54ae6d2fd7462045f99	36725778557
crates/aprender-contracts/src/ontology/extract/csv.rs	crates/aprender-contracts/src/ontology/extract/csv.rs:185:13: replace && with || in positive_control	MissedMutant	c6799ec04a9d4eb9e618d54ae6d2fd7462045f99	36725778557
crates/aprender-contracts/src/ontology/extract/json/github.rs	crates/aprender-contracts/src/ontology/extract/json/github.rs:137:5: replace name_ok -> bool with true	MissedMutant	c6799ec04a9d4eb9e618d54ae6d2fd7462045f99	36725778557
crates/aprender-contracts/src/ontology/extract/json/github.rs	crates/aprender-contracts/src/ontology/extract/json/github.rs:137:5: replace name_ok -> bool with true	MissedMutant	f8df3cca6b6c3b51c1475ef54c9ece5e6fec9584	36703131059
crates/aprender-contracts/src/ontology/extract/json/github.rs	crates/aprender-contracts/src/ontology/extract/json/github.rs:138:9: replace && with || in name_ok	MissedMutant	c6799ec04a9d4eb9e618d54ae6d2fd7462045f99	36725778557
crates/aprender-contracts/src/ontology/extract/json/github.rs	crates/aprender-contracts/src/ontology/extract/json/github.rs:138:9: replace && with || in name_ok	MissedMutant	f8df3cca6b6c3b51c1475ef54c9ece5e6fec9584	36703131059
crates/aprender-contracts/src/ontology/extract/json/github.rs	crates/aprender-contracts/src/ontology/extract/json/github.rs:157:9: replace || with && in parse_ref	MissedMutant	c6799ec04a9d4eb9e618d54ae6d2fd7462045f99	36725778557
crates/aprender-contracts/src/ontology/extract/json/github.rs	crates/aprender-contracts/src/ontology/extract/json/github.rs:157:9: replace || with && in parse_ref	MissedMutant	f8df3cca6b6c3b51c1475ef54c9ece5e6fec9584	36703131059
crates/aprender-contracts/src/ontology/extract/json/github.rs	crates/aprender-contracts/src/ontology/extract/json/github.rs:164:9: replace && with || in parse_ref	MissedMutant	c6799ec04a9d4eb9e618d54ae6d2fd7462045f99	36725778557
crates/aprender-contracts/src/ontology/extract/json/github.rs	crates/aprender-contracts/src/ontology/extract/json/github.rs:164:9: replace && with || in parse_ref	MissedMutant	f8df3cca6b6c3b51c1475ef54c9ece5e6fec9584	36703131059
crates/aprender-contracts/src/ontology/extract/json/github.rs	crates/aprender-contracts/src/ontology/extract/json/github.rs:276:15: replace != with == in check_fields	MissedMutant	c6799ec04a9d4eb9e618d54ae6d2fd7462045f99	36725778557
crates/aprender-contracts/src/ontology/extract/json/github.rs	crates/aprender-contracts/src/ontology/extract/json/github.rs:276:15: replace != with == in check_fields	MissedMutant	f8df3cca6b6c3b51c1475ef54c9ece5e6fec9584	36703131059
crates/aprender-contracts/src/ontology/extract/json/github.rs	crates/aprender-contracts/src/ontology/extract/json/github.rs:335:82: replace && with || in extract	MissedMutant	c6799ec04a9d4eb9e618d54ae6d2fd7462045f99	36725778557
crates/aprender-contracts/src/ontology/extract/json/github.rs	crates/aprender-contracts/src/ontology/extract/json/github.rs:335:82: replace && with || in extract	MissedMutant	f8df3cca6b6c3b51c1475ef54c9ece5e6fec9584	36703131059
crates/aprender-contracts/src/ontology/extract/json/github.rs	crates/aprender-contracts/src/ontology/extract/json/github.rs:496:42: replace && with || in insert_edge	MissedMutant	c6799ec04a9d4eb9e618d54ae6d2fd7462045f99	36725778557
crates/aprender-contracts/src/ontology/extract/json/github.rs	crates/aprender-contracts/src/ontology/extract/json/github.rs:496:42: replace && with || in insert_edge	MissedMutant	f8df3cca6b6c3b51c1475ef54c9ece5e6fec9584	36703131059
crates/aprender-contracts/src/ontology/extract/json/github.rs	crates/aprender-contracts/src/ontology/extract/json/github.rs:569:29: replace && with || in refused_saying	MissedMutant	f8df3cca6b6c3b51c1475ef54c9ece5e6fec9584	36703131059
crates/aprender-contracts/src/ontology/extract/json/github.rs	crates/aprender-contracts/src/ontology/extract/json/github.rs:569:5: replace refused_saying -> bool with true	MissedMutant	f8df3cca6b6c3b51c1475ef54c9ece5e6fec9584	36703131059
crates/aprender-contracts/src/ontology/extract/json/github.rs	crates/aprender-contracts/src/ontology/extract/json/github.rs:582:34: replace && with || in positive_control	MissedMutant	f8df3cca6b6c3b51c1475ef54c9ece5e6fec9584	36703131059
crates/aprender-contracts/src/ontology/extract/json/github.rs	crates/aprender-contracts/src/ontology/extract/json/github.rs:582:61: replace && with || in positive_control	MissedMutant	f8df3cca6b6c3b51c1475ef54c9ece5e6fec9584	36703131059
crates/aprender-contracts/src/ontology/extract/json/github.rs	crates/aprender-contracts/src/ontology/extract/json/github.rs:589:17: replace && with || in positive_control	MissedMutant	f8df3cca6b6c3b51c1475ef54c9ece5e6fec9584	36703131059
crates/aprender-contracts/src/ontology/extract/json/github.rs	crates/aprender-contracts/src/ontology/extract/json/github.rs:590:17: replace && with || in positive_control	MissedMutant	f8df3cca6b6c3b51c1475ef54c9ece5e6fec9584	36703131059
crates/aprender-contracts/src/ontology/extract/json/github.rs	crates/aprender-contracts/src/ontology/extract/json/github.rs:607:17: replace && with || in positive_control	MissedMutant	f8df3cca6b6c3b51c1475ef54c9ece5e6fec9584	36703131059
crates/aprender-contracts/src/ontology/extract/json/github.rs	crates/aprender-contracts/src/ontology/extract/json/github.rs:608:17: replace && with || in positive_control	MissedMutant	f8df3cca6b6c3b51c1475ef54c9ece5e6fec9584	36703131059
crates/aprender-contracts/src/ontology/extract/json/github.rs	crates/aprender-contracts/src/ontology/extract/json/github.rs:624:34: replace && with || in positive_control	MissedMutant	f8df3cca6b6c3b51c1475ef54c9ece5e6fec9584	36703131059
crates/aprender-contracts/src/ontology/extract/json/github.rs	crates/aprender-contracts/src/ontology/extract/json/github.rs:624:56: replace && with || in positive_control	MissedMutant	f8df3cca6b6c3b51c1475ef54c9ece5e6fec9584	36703131059
crates/aprender-contracts/src/ontology/extract/json/github.rs	crates/aprender-contracts/src/ontology/extract/json/github.rs:624:64: replace && with || in positive_control	MissedMutant	f8df3cca6b6c3b51c1475ef54c9ece5e6fec9584	36703131059
crates/aprender-contracts/src/ontology/extract/json/github.rs	crates/aprender-contracts/src/ontology/extract/json/github.rs:624:87: replace && with || in positive_control	MissedMutant	f8df3cca6b6c3b51c1475ef54c9ece5e6fec9584	36703131059
crates/aprender-contracts/src/ontology/extract/json/github.rs	crates/aprender-contracts/src/ontology/extract/json/github.rs:76:35: replace && with || in snapshot_types	MissedMutant	c6799ec04a9d4eb9e618d54ae6d2fd7462045f99	36725778557
crates/aprender-contracts/src/ontology/extract/json/github.rs	crates/aprender-contracts/src/ontology/extract/json/github.rs:76:35: replace && with || in snapshot_types	MissedMutant	f8df3cca6b6c3b51c1475ef54c9ece5e6fec9584	36703131059
crates/aprender-contracts/src/ontology/extract/json/github.rs	crates/aprender-contracts/src/ontology/extract/json/github.rs:97:9: replace <impl std::fmt::Display for Refusal>::fmt -> std::fmt::Result with Ok(Default::default())	MissedMutant	c6799ec04a9d4eb9e618d54ae6d2fd7462045f99	36725778557
crates/aprender-contracts/src/ontology/extract/json/github.rs	crates/aprender-contracts/src/ontology/extract/json/github.rs:97:9: replace <impl std::fmt::Display for Refusal>::fmt -> std::fmt::Result with Ok(Default::default())	MissedMutant	f8df3cca6b6c3b51c1475ef54c9ece5e6fec9584	36703131059
crates/aprender-contracts/src/ontology/extract/kernel.rs	crates/aprender-contracts/src/ontology/extract/kernel.rs:335:31: replace match guard p > 0.0 with true in within_timing	MissedMutant	c6799ec04a9d4eb9e618d54ae6d2fd7462045f99	36725778557
crates/aprender-contracts/src/ontology/extract/kernel.rs	crates/aprender-contracts/src/ontology/extract/kernel.rs:335:33: replace > with >= in within_timing	MissedMutant	c6799ec04a9d4eb9e618d54ae6d2fd7462045f99	36725778557
crates/aprender-contracts/src/ontology/extract/kernel.rs	crates/aprender-contracts/src/ontology/extract/kernel.rs:335:44: replace / with % in within_timing	MissedMutant	c6799ec04a9d4eb9e618d54ae6d2fd7462045f99	36725778557
crates/aprender-contracts/src/ontology/extract/kernel.rs	crates/aprender-contracts/src/ontology/extract/kernel.rs:494:5: replace symbol_and_contract -> Result<(), KernelError> with Ok(())	MissedMutant	c6799ec04a9d4eb9e618d54ae6d2fd7462045f99	36725778557
crates/aprender-contracts/src/ontology/extract/kernel.rs	crates/aprender-contracts/src/ontology/extract/kernel.rs:512:5: replace emit_witness with ()	MissedMutant	c6799ec04a9d4eb9e618d54ae6d2fd7462045f99	36725778557
crates/aprender-contracts/src/ontology/extract/kernel.rs	crates/aprender-contracts/src/ontology/extract/kernel.rs:530:8: delete ! in emit_witness	MissedMutant	c6799ec04a9d4eb9e618d54ae6d2fd7462045f99	36725778557
crates/aprender-contracts/src/ontology/extract/kernel.rs	crates/aprender-contracts/src/ontology/extract/kernel.rs:537:8: delete ! in emit_witness	MissedMutant	c6799ec04a9d4eb9e618d54ae6d2fd7462045f99	36725778557
crates/aprender-contracts/src/ontology/extract/kernel.rs	crates/aprender-contracts/src/ontology/extract/kernel.rs:579:5: replace positive_control -> bool with true	MissedMutant	c6799ec04a9d4eb9e618d54ae6d2fd7462045f99	36725778557
crates/aprender-contracts/src/ontology/extract/kernel.rs	crates/aprender-contracts/src/ontology/extract/kernel.rs:591:9: replace && with || in positive_control	MissedMutant	c6799ec04a9d4eb9e618d54ae6d2fd7462045f99	36725778557
crates/aprender-contracts/src/ontology/extract/kernel.rs	crates/aprender-contracts/src/ontology/extract/kernel.rs:592:9: replace && with || in positive_control	MissedMutant	c6799ec04a9d4eb9e618d54ae6d2fd7462045f99	36725778557
crates/aprender-contracts/src/ontology/extract/kernel.rs	crates/aprender-contracts/src/ontology/extract/kernel.rs:593:9: replace && with || in positive_control	MissedMutant	c6799ec04a9d4eb9e618d54ae6d2fd7462045f99	36725778557
crates/aprender-contracts/src/ontology/extract/llm_context.rs	crates/aprender-contracts/src/ontology/extract/llm_context.rs:193:34: replace += with *= in extract	MissedMutant	c6799ec04a9d4eb9e618d54ae6d2fd7462045f99	36725778557
crates/aprender-contracts/src/ontology/extract/llm_context.rs	crates/aprender-contracts/src/ontology/extract/llm_context.rs:207:5: replace positive_control -> bool with true	MissedMutant	c6799ec04a9d4eb9e618d54ae6d2fd7462045f99	36725778557
crates/aprender-contracts/src/ontology/extract/llm_context.rs	crates/aprender-contracts/src/ontology/extract/llm_context.rs:224:13: replace && with || in positive_control	MissedMutant	c6799ec04a9d4eb9e618d54ae6d2fd7462045f99	36725778557
crates/aprender-contracts/src/ontology/extract/pv_contract.rs	crates/aprender-contracts/src/ontology/extract/pv_contract.rs:86:41: replace == with != in extract_one	MissedMutant	c6799ec04a9d4eb9e618d54ae6d2fd7462045f99	36725778557
crates/aprender-contracts/src/ontology/extract/readme.rs	crates/aprender-contracts/src/ontology/extract/readme.rs:147:34: replace += with *= in extract	MissedMutant	c6799ec04a9d4eb9e618d54ae6d2fd7462045f99	36725778557
crates/aprender-contracts/src/ontology/extract/readme.rs	crates/aprender-contracts/src/ontology/extract/readme.rs:161:5: replace positive_control -> bool with true	MissedMutant	c6799ec04a9d4eb9e618d54ae6d2fd7462045f99	36725778557
crates/aprender-contracts/src/ontology/extract/readme.rs	crates/aprender-contracts/src/ontology/extract/readme.rs:178:13: replace && with || in positive_control	MissedMutant	c6799ec04a9d4eb9e618d54ae6d2fd7462045f99	36725778557
crates/aprender-contracts/src/ontology/extract/release_cells.rs	crates/aprender-contracts/src/ontology/extract/release_cells.rs:141:54: replace + with * in forbidden	MissedMutant	c6799ec04a9d4eb9e618d54ae6d2fd7462045f99	36725778557
crates/aprender-contracts/src/ontology/extract/release_cells.rs	crates/aprender-contracts/src/ontology/extract/release_cells.rs:142:58: replace || with && in forbidden	MissedMutant	c6799ec04a9d4eb9e618d54ae6d2fd7462045f99	36725778557
crates/aprender-contracts/src/ontology/extract/release_cells.rs	crates/aprender-contracts/src/ontology/extract/release_cells.rs:306:24: replace == with != in effects	MissedMutant	c6799ec04a9d4eb9e618d54ae6d2fd7462045f99	36725778557
crates/aprender-contracts/src/ontology/extract/release_cells.rs	crates/aprender-contracts/src/ontology/extract/release_cells.rs:310:31: replace == with != in effects	MissedMutant	c6799ec04a9d4eb9e618d54ae6d2fd7462045f99	36725778557
crates/aprender-contracts/src/ontology/extract/release_cells.rs	crates/aprender-contracts/src/ontology/extract/release_cells.rs:356:20: replace != with == in sampling	MissedMutant	c6799ec04a9d4eb9e618d54ae6d2fd7462045f99	36725778557
crates/aprender-contracts/src/ontology/extract/release_cells.rs	crates/aprender-contracts/src/ontology/extract/release_cells.rs:356:5: replace sampling -> Vec<CellSpec> with vec![]	MissedMutant	c6799ec04a9d4eb9e618d54ae6d2fd7462045f99	36725778557
crates/aprender-contracts/src/ontology/extract/release_cells.rs	crates/aprender-contracts/src/ontology/extract/release_cells.rs:362:30: replace == with != in sampling	MissedMutant	c6799ec04a9d4eb9e618d54ae6d2fd7462045f99	36725778557
crates/aprender-contracts/src/ontology/extract/release_cells.rs	crates/aprender-contracts/src/ontology/extract/release_cells.rs:362:44: replace && with || in sampling	MissedMutant	c6799ec04a9d4eb9e618d54ae6d2fd7462045f99	36725778557
crates/aprender-contracts/src/ontology/extract/release_cells.rs	crates/aprender-contracts/src/ontology/extract/release_cells.rs:362:74: replace == with != in sampling	MissedMutant	c6799ec04a9d4eb9e618d54ae6d2fd7462045f99	36725778557
crates/aprender-contracts/src/ontology/extract/release_cells.rs	crates/aprender-contracts/src/ontology/extract/release_cells.rs:365:38: replace == with != in sampling	MissedMutant	c6799ec04a9d4eb9e618d54ae6d2fd7462045f99	36725778557
crates/aprender-contracts/src/ontology/extract/release_cells.rs	crates/aprender-contracts/src/ontology/extract/release_cells.rs:365:8: delete ! in sampling	MissedMutant	c6799ec04a9d4eb9e618d54ae6d2fd7462045f99	36725778557
crates/aprender-contracts/src/ontology/extract/release_cells.rs	crates/aprender-contracts/src/ontology/extract/release_cells.rs:395:31: replace == with != in sampling	MissedMutant	c6799ec04a9d4eb9e618d54ae6d2fd7462045f99	36725778557
crates/aprender-contracts/src/ontology/extract/release_evidence.rs	crates/aprender-contracts/src/ontology/extract/release_evidence.rs:1010:46: replace += with *= in count_class	MissedMutant	c6799ec04a9d4eb9e618d54ae6d2fd7462045f99	36725778557
crates/aprender-contracts/src/ontology/extract/release_evidence.rs	crates/aprender-contracts/src/ontology/extract/release_evidence.rs:1010:46: replace += with -= in count_class	MissedMutant	c6799ec04a9d4eb9e618d54ae6d2fd7462045f99	36725778557
crates/aprender-contracts/src/ontology/extract/release_evidence.rs	crates/aprender-contracts/src/ontology/extract/release_evidence.rs:1010:46: replace += with *= in count_class	MissedMutant	f8df3cca6b6c3b51c1475ef54c9ece5e6fec9584	36703131059
crates/aprender-contracts/src/ontology/extract/release_evidence.rs	crates/aprender-contracts/src/ontology/extract/release_evidence.rs:1010:46: replace += with -= in count_class	MissedMutant	f8df3cca6b6c3b51c1475ef54c9ece5e6fec9584	36703131059
crates/aprender-contracts/src/ontology/extract/release_evidence.rs	crates/aprender-contracts/src/ontology/extract/release_evidence.rs:1010:9: delete match arm "RefusalCell" in count_class	MissedMutant	c6799ec04a9d4eb9e618d54ae6d2fd7462045f99	36725778557
crates/aprender-contracts/src/ontology/extract/release_evidence.rs	crates/aprender-contracts/src/ontology/extract/release_evidence.rs:1010:9: delete match arm "RefusalCell" in count_class	MissedMutant	f8df3cca6b6c3b51c1475ef54c9ece5e6fec9584	36703131059
crates/aprender-contracts/src/ontology/extract/release_evidence.rs	crates/aprender-contracts/src/ontology/extract/release_evidence.rs:1011:42: replace += with *= in count_class	MissedMutant	c6799ec04a9d4eb9e618d54ae6d2fd7462045f99	36725778557
crates/aprender-contracts/src/ontology/extract/release_evidence.rs	crates/aprender-contracts/src/ontology/extract/release_evidence.rs:1011:42: replace += with -= in count_class	MissedMutant	c6799ec04a9d4eb9e618d54ae6d2fd7462045f99	36725778557
crates/aprender-contracts/src/ontology/extract/release_evidence.rs	crates/aprender-contracts/src/ontology/extract/release_evidence.rs:1011:42: replace += with *= in count_class	MissedMutant	f8df3cca6b6c3b51c1475ef54c9ece5e6fec9584	36703131059
crates/aprender-contracts/src/ontology/extract/release_evidence.rs	crates/aprender-contracts/src/ontology/extract/release_evidence.rs:1011:42: replace += with -= in count_class	MissedMutant	f8df3cca6b6c3b51c1475ef54c9ece5e6fec9584	36703131059
crates/aprender-contracts/src/ontology/extract/release_evidence.rs	crates/aprender-contracts/src/ontology/extract/release_evidence.rs:1011:9: delete match arm "ProbeCell" in count_class	MissedMutant	c6799ec04a9d4eb9e618d54ae6d2fd7462045f99	36725778557
crates/aprender-contracts/src/ontology/extract/release_evidence.rs	crates/aprender-contracts/src/ontology/extract/release_evidence.rs:1011:9: delete match arm "ProbeCell" in count_class	MissedMutant	f8df3cca6b6c3b51c1475ef54c9ece5e6fec9584	36703131059
crates/aprender-contracts/src/ontology/extract/release_evidence.rs	crates/aprender-contracts/src/ontology/extract/release_evidence.rs:1012:44: replace += with *= in count_class	MissedMutant	c6799ec04a9d4eb9e618d54ae6d2fd7462045f99	36725778557
crates/aprender-contracts/src/ontology/extract/release_evidence.rs	crates/aprender-contracts/src/ontology/extract/release_evidence.rs:1012:44: replace += with *= in count_class	MissedMutant	f8df3cca6b6c3b51c1475ef54c9ece5e6fec9584	36703131059
crates/aprender-contracts/src/ontology/extract/release_evidence.rs	crates/aprender-contracts/src/ontology/extract/release_evidence.rs:1012:9: delete match arm "EffectCell" in count_class	MissedMutant	c6799ec04a9d4eb9e618d54ae6d2fd7462045f99	36725778557
crates/aprender-contracts/src/ontology/extract/release_evidence.rs	crates/aprender-contracts/src/ontology/extract/release_evidence.rs:1012:9: delete match arm "EffectCell" in count_class	MissedMutant	f8df3cca6b6c3b51c1475ef54c9ece5e6fec9584	36703131059
crates/aprender-contracts/src/ontology/extract/release_evidence.rs	crates/aprender-contracts/src/ontology/extract/release_evidence.rs:1062:5: replace context_met -> bool with true	MissedMutant	c6799ec04a9d4eb9e618d54ae6d2fd7462045f99	36725778557
crates/aprender-contracts/src/ontology/extract/release_evidence.rs	crates/aprender-contracts/src/ontology/extract/release_evidence.rs:1062:5: replace context_met -> bool with true	MissedMutant	f8df3cca6b6c3b51c1475ef54c9ece5e6fec9584	36703131059
crates/aprender-contracts/src/ontology/extract/release_evidence.rs	crates/aprender-contracts/src/ontology/extract/release_evidence.rs:1066:30: replace == with != in context_met	MissedMutant	c6799ec04a9d4eb9e618d54ae6d2fd7462045f99	36725778557
crates/aprender-contracts/src/ontology/extract/release_evidence.rs	crates/aprender-contracts/src/ontology/extract/release_evidence.rs:1066:30: replace == with != in context_met	MissedMutant	f8df3cca6b6c3b51c1475ef54c9ece5e6fec9584	36703131059
crates/aprender-contracts/src/ontology/extract/release_evidence.rs	crates/aprender-contracts/src/ontology/extract/release_evidence.rs:1107:59: replace || with && in emit_row	MissedMutant	c6799ec04a9d4eb9e618d54ae6d2fd7462045f99	36725778557
crates/aprender-contracts/src/ontology/extract/release_evidence.rs	crates/aprender-contracts/src/ontology/extract/release_evidence.rs:1107:59: replace || with && in emit_row	MissedMutant	f8df3cca6b6c3b51c1475ef54c9ece5e6fec9584	36703131059
crates/aprender-contracts/src/ontology/extract/release_evidence.rs	crates/aprender-contracts/src/ontology/extract/release_evidence.rs:1109:53: replace > with < in emit_row	MissedMutant	c6799ec04a9d4eb9e618d54ae6d2fd7462045f99	36725778557
crates/aprender-contracts/src/ontology/extract/release_evidence.rs	crates/aprender-contracts/src/ontology/extract/release_evidence.rs:1109:53: replace > with < in emit_row	MissedMutant	f8df3cca6b6c3b51c1475ef54c9ece5e6fec9584	36703131059
crates/aprender-contracts/src/ontology/extract/release_evidence.rs	crates/aprender-contracts/src/ontology/extract/release_evidence.rs:1120:9: delete match arm Some("fresh") in emit_row	MissedMutant	c6799ec04a9d4eb9e618d54ae6d2fd7462045f99	36725778557
crates/aprender-contracts/src/ontology/extract/release_evidence.rs	crates/aprender-contracts/src/ontology/extract/release_evidence.rs:1120:9: delete match arm Some("fresh") in emit_row	MissedMutant	f8df3cca6b6c3b51c1475ef54c9ece5e6fec9584	36703131059
crates/aprender-contracts/src/ontology/extract/release_evidence.rs	crates/aprender-contracts/src/ontology/extract/release_evidence.rs:1121:9: delete match arm Some("receipt") in emit_row	MissedMutant	c6799ec04a9d4eb9e618d54ae6d2fd7462045f99	36725778557
crates/aprender-contracts/src/ontology/extract/release_evidence.rs	crates/aprender-contracts/src/ontology/extract/release_evidence.rs:1121:9: delete match arm Some("receipt") in emit_row	MissedMutant	f8df3cca6b6c3b51c1475ef54c9ece5e6fec9584	36703131059
crates/aprender-contracts/src/ontology/extract/release_evidence.rs	crates/aprender-contracts/src/ontology/extract/release_evidence.rs:1122:47: replace && with || in emit_row	MissedMutant	c6799ec04a9d4eb9e618d54ae6d2fd7462045f99	36725778557
crates/aprender-contracts/src/ontology/extract/release_evidence.rs	crates/aprender-contracts/src/ontology/extract/release_evidence.rs:1122:47: replace && with || in emit_row	MissedMutant	f8df3cca6b6c3b51c1475ef54c9ece5e6fec9584	36703131059
crates/aprender-contracts/src/ontology/extract/release_evidence.rs	crates/aprender-contracts/src/ontology/extract/release_evidence.rs:1122:74: replace == with != in emit_row	MissedMutant	c6799ec04a9d4eb9e618d54ae6d2fd7462045f99	36725778557
crates/aprender-contracts/src/ontology/extract/release_evidence.rs	crates/aprender-contracts/src/ontology/extract/release_evidence.rs:1122:74: replace == with != in emit_row	MissedMutant	f8df3cca6b6c3b51c1475ef54c9ece5e6fec9584	36703131059
crates/aprender-contracts/src/ontology/extract/release_evidence.rs	crates/aprender-contracts/src/ontology/extract/release_evidence.rs:1133:5: replace emit_row_detail with ()	MissedMutant	c6799ec04a9d4eb9e618d54ae6d2fd7462045f99	36725778557
crates/aprender-contracts/src/ontology/extract/release_evidence.rs	crates/aprender-contracts/src/ontology/extract/release_evidence.rs:1133:5: replace emit_row_detail with ()	MissedMutant	f8df3cca6b6c3b51c1475ef54c9ece5e6fec9584	36703131059
crates/aprender-contracts/src/ontology/extract/release_evidence.rs	crates/aprender-contracts/src/ontology/extract/release_evidence.rs:1188:5: replace emit_sampling with ()	MissedMutant	c6799ec04a9d4eb9e618d54ae6d2fd7462045f99	36725778557
crates/aprender-contracts/src/ontology/extract/release_evidence.rs	crates/aprender-contracts/src/ontology/extract/release_evidence.rs:1188:5: replace emit_sampling with ()	MissedMutant	f8df3cca6b6c3b51c1475ef54c9ece5e6fec9584	36703131059
crates/aprender-contracts/src/ontology/extract/release_evidence.rs	crates/aprender-contracts/src/ontology/extract/release_evidence.rs:1200:31: replace += with *= in emit_sampling	MissedMutant	c6799ec04a9d4eb9e618d54ae6d2fd7462045f99	36725778557
crates/aprender-contracts/src/ontology/extract/release_evidence.rs	crates/aprender-contracts/src/ontology/extract/release_evidence.rs:1200:31: replace += with -= in emit_sampling	MissedMutant	c6799ec04a9d4eb9e618d54ae6d2fd7462045f99	36725778557
crates/aprender-contracts/src/ontology/extract/release_evidence.rs	crates/aprender-contracts/src/ontology/extract/release_evidence.rs:1200:31: replace += with *= in emit_sampling	MissedMutant	f8df3cca6b6c3b51c1475ef54c9ece5e6fec9584	36703131059
crates/aprender-contracts/src/ontology/extract/release_evidence.rs	crates/aprender-contracts/src/ontology/extract/release_evidence.rs:1200:31: replace += with -= in emit_sampling	MissedMutant	f8df3cca6b6c3b51c1475ef54c9ece5e6fec9584	36703131059
crates/aprender-contracts/src/ontology/extract/release_evidence.rs	crates/aprender-contracts/src/ontology/extract/release_evidence.rs:1217:29: delete ! in emit_sampling	MissedMutant	c6799ec04a9d4eb9e618d54ae6d2fd7462045f99	36725778557
crates/aprender-contracts/src/ontology/extract/release_evidence.rs	crates/aprender-contracts/src/ontology/extract/release_evidence.rs:1217:29: delete ! in emit_sampling	MissedMutant	f8df3cca6b6c3b51c1475ef54c9ece5e6fec9584	36703131059
crates/aprender-contracts/src/ontology/extract/release_evidence.rs	crates/aprender-contracts/src/ontology/extract/release_evidence.rs:1219:16: delete ! in emit_sampling	MissedMutant	c6799ec04a9d4eb9e618d54ae6d2fd7462045f99	36725778557
crates/aprender-contracts/src/ontology/extract/release_evidence.rs	crates/aprender-contracts/src/ontology/extract/release_evidence.rs:1219:16: delete ! in emit_sampling	MissedMutant	f8df3cca6b6c3b51c1475ef54c9ece5e6fec9584	36703131059
crates/aprender-contracts/src/ontology/extract/release_evidence.rs	crates/aprender-contracts/src/ontology/extract/release_evidence.rs:1236:5: replace sampling_check -> bool with false	MissedMutant	c6799ec04a9d4eb9e618d54ae6d2fd7462045f99	36725778557
crates/aprender-contracts/src/ontology/extract/release_evidence.rs	crates/aprender-contracts/src/ontology/extract/release_evidence.rs:1236:5: replace sampling_check -> bool with false	MissedMutant	f8df3cca6b6c3b51c1475ef54c9ece5e6fec9584	36703131059
crates/aprender-contracts/src/ontology/extract/release_evidence.rs	crates/aprender-contracts/src/ontology/extract/release_evidence.rs:1236:5: replace sampling_check -> bool with true	MissedMutant	c6799ec04a9d4eb9e618d54ae6d2fd7462045f99	36725778557
crates/aprender-contracts/src/ontology/extract/release_evidence.rs	crates/aprender-contracts/src/ontology/extract/release_evidence.rs:1236:5: replace sampling_check -> bool with true	MissedMutant	f8df3cca6b6c3b51c1475ef54c9ece5e6fec9584	36703131059
crates/aprender-contracts/src/ontology/extract/release_evidence.rs	crates/aprender-contracts/src/ontology/extract/release_evidence.rs:1241:34: replace != with == in sampling_check	MissedMutant	c6799ec04a9d4eb9e618d54ae6d2fd7462045f99	36725778557
crates/aprender-contracts/src/ontology/extract/release_evidence.rs	crates/aprender-contracts/src/ontology/extract/release_evidence.rs:1241:34: replace != with == in sampling_check	MissedMutant	f8df3cca6b6c3b51c1475ef54c9ece5e6fec9584	36703131059
crates/aprender-contracts/src/ontology/extract/release_evidence.rs	crates/aprender-contracts/src/ontology/extract/release_evidence.rs:1241:42: replace || with && in sampling_check	MissedMutant	c6799ec04a9d4eb9e618d54ae6d2fd7462045f99	36725778557
crates/aprender-contracts/src/ontology/extract/release_evidence.rs	crates/aprender-contracts/src/ontology/extract/release_evidence.rs:1241:42: replace || with && in sampling_check	MissedMutant	f8df3cca6b6c3b51c1475ef54c9ece5e6fec9584	36703131059
crates/aprender-contracts/src/ontology/extract/release_evidence.rs	crates/aprender-contracts/src/ontology/extract/release_evidence.rs:1241:50: replace != with == in sampling_check	MissedMutant	c6799ec04a9d4eb9e618d54ae6d2fd7462045f99	36725778557
crates/aprender-contracts/src/ontology/extract/release_evidence.rs	crates/aprender-contracts/src/ontology/extract/release_evidence.rs:1241:50: replace != with == in sampling_check	MissedMutant	f8df3cca6b6c3b51c1475ef54c9ece5e6fec9584	36703131059
crates/aprender-contracts/src/ontology/extract/release_evidence.rs	crates/aprender-contracts/src/ontology/extract/release_evidence.rs:1241:9: delete match arm "sampledDiffers" in sampling_check	MissedMutant	c6799ec04a9d4eb9e618d54ae6d2fd7462045f99	36725778557
crates/aprender-contracts/src/ontology/extract/release_evidence.rs	crates/aprender-contracts/src/ontology/extract/release_evidence.rs:1241:9: delete match arm "sampledDiffers" in sampling_check	MissedMutant	f8df3cca6b6c3b51c1475ef54c9ece5e6fec9584	36703131059
crates/aprender-contracts/src/ontology/extract/release_evidence.rs	crates/aprender-contracts/src/ontology/extract/release_evidence.rs:1242:51: replace == with != in sampling_check	MissedMutant	c6799ec04a9d4eb9e618d54ae6d2fd7462045f99	36725778557
crates/aprender-contracts/src/ontology/extract/release_evidence.rs	crates/aprender-contracts/src/ontology/extract/release_evidence.rs:1242:51: replace == with != in sampling_check	MissedMutant	f8df3cca6b6c3b51c1475ef54c9ece5e6fec9584	36703131059
crates/aprender-contracts/src/ontology/extract/release_evidence.rs	crates/aprender-contracts/src/ontology/extract/release_evidence.rs:1242:9: delete match arm "seedRepeatable" | "greedyAgrees" in sampling_check	MissedMutant	c6799ec04a9d4eb9e618d54ae6d2fd7462045f99	36725778557
crates/aprender-contracts/src/ontology/extract/release_evidence.rs	crates/aprender-contracts/src/ontology/extract/release_evidence.rs:1242:9: delete match arm "seedRepeatable" | "greedyAgrees" in sampling_check	MissedMutant	f8df3cca6b6c3b51c1475ef54c9ece5e6fec9584	36703131059
crates/aprender-contracts/src/ontology/extract/release_evidence.rs	crates/aprender-contracts/src/ontology/extract/release_evidence.rs:1243:19: replace != with == in sampling_check	MissedMutant	c6799ec04a9d4eb9e618d54ae6d2fd7462045f99	36725778557
crates/aprender-contracts/src/ontology/extract/release_evidence.rs	crates/aprender-contracts/src/ontology/extract/release_evidence.rs:1243:19: replace != with == in sampling_check	MissedMutant	f8df3cca6b6c3b51c1475ef54c9ece5e6fec9584	36703131059
crates/aprender-contracts/src/ontology/extract/release_evidence.rs	crates/aprender-contracts/src/ontology/extract/release_evidence.rs:1258:5: replace emit_effects with ()	MissedMutant	c6799ec04a9d4eb9e618d54ae6d2fd7462045f99	36725778557
crates/aprender-contracts/src/ontology/extract/release_evidence.rs	crates/aprender-contracts/src/ontology/extract/release_evidence.rs:1258:5: replace emit_effects with ()	MissedMutant	f8df3cca6b6c3b51c1475ef54c9ece5e6fec9584	36703131059
crates/aprender-contracts/src/ontology/extract/release_evidence.rs	crates/aprender-contracts/src/ontology/extract/release_evidence.rs:1269:32: replace += with *= in emit_effects	MissedMutant	c6799ec04a9d4eb9e618d54ae6d2fd7462045f99	36725778557
crates/aprender-contracts/src/ontology/extract/release_evidence.rs	crates/aprender-contracts/src/ontology/extract/release_evidence.rs:1269:32: replace += with -= in emit_effects	MissedMutant	c6799ec04a9d4eb9e618d54ae6d2fd7462045f99	36725778557
crates/aprender-contracts/src/ontology/extract/release_evidence.rs	crates/aprender-contracts/src/ontology/extract/release_evidence.rs:1269:32: replace += with *= in emit_effects	MissedMutant	f8df3cca6b6c3b51c1475ef54c9ece5e6fec9584	36703131059
crates/aprender-contracts/src/ontology/extract/release_evidence.rs	crates/aprender-contracts/src/ontology/extract/release_evidence.rs:1269:32: replace += with -= in emit_effects	MissedMutant	f8df3cca6b6c3b51c1475ef54c9ece5e6fec9584	36703131059
crates/aprender-contracts/src/ontology/extract/release_evidence.rs	crates/aprender-contracts/src/ontology/extract/release_evidence.rs:1283:18: replace != with == in emit_effects	MissedMutant	c6799ec04a9d4eb9e618d54ae6d2fd7462045f99	36725778557
crates/aprender-contracts/src/ontology/extract/release_evidence.rs	crates/aprender-contracts/src/ontology/extract/release_evidence.rs:1283:18: replace != with == in emit_effects	MissedMutant	f8df3cca6b6c3b51c1475ef54c9ece5e6fec9584	36703131059
crates/aprender-contracts/src/ontology/extract/release_evidence.rs	crates/aprender-contracts/src/ontology/extract/release_evidence.rs:567:5: replace positive_control -> bool with true	MissedMutant	c6799ec04a9d4eb9e618d54ae6d2fd7462045f99	36725778557
crates/aprender-contracts/src/ontology/extract/release_evidence.rs	crates/aprender-contracts/src/ontology/extract/release_evidence.rs:924:29: replace match guard !spec.generates with false in class_of	MissedMutant	c6799ec04a9d4eb9e618d54ae6d2fd7462045f99	36725778557
crates/aprender-contracts/src/ontology/extract/release_evidence.rs	crates/aprender-contracts/src/ontology/extract/release_evidence.rs:924:29: replace match guard !spec.generates with false in class_of	MissedMutant	f8df3cca6b6c3b51c1475ef54c9ece5e6fec9584	36703131059
crates/aprender-contracts/src/ontology/extract/release_evidence.rs	crates/aprender-contracts/src/ontology/extract/release_evidence.rs:982:22: replace != with == in emit_derived	MissedMutant	c6799ec04a9d4eb9e618d54ae6d2fd7462045f99	36725778557
crates/aprender-contracts/src/ontology/extract/release_evidence.rs	crates/aprender-contracts/src/ontology/extract/release_evidence.rs:982:22: replace != with == in emit_derived	MissedMutant	f8df3cca6b6c3b51c1475ef54c9ece5e6fec9584	36703131059
crates/aprender-contracts/src/ontology/extract/release_inputs.rs	crates/aprender-contracts/src/ontology/extract/release_inputs.rs:102:9: replace Subject::crux_dir -> PathBuf with Default::default()	MissedMutant	c6799ec04a9d4eb9e618d54ae6d2fd7462045f99	36725778557
crates/aprender-contracts/src/ontology/extract/release_inputs.rs	crates/aprender-contracts/src/ontology/extract/release_inputs.rs:102:9: replace Subject::crux_dir -> PathBuf with Default::default()	MissedMutant	f8df3cca6b6c3b51c1475ef54c9ece5e6fec9584	36703131059
crates/aprender-contracts/src/ontology/extract/release_inputs.rs	crates/aprender-contracts/src/ontology/extract/release_inputs.rs:523:5: replace read_surface_ratchet -> Result<Option<SurfaceRatchet>, ReleaseError> with Ok(None)	MissedMutant	c6799ec04a9d4eb9e618d54ae6d2fd7462045f99	36725778557
crates/aprender-contracts/src/ontology/extract/release_inputs.rs	crates/aprender-contracts/src/ontology/extract/release_inputs.rs:523:5: replace read_surface_ratchet -> Result<Option<SurfaceRatchet>, ReleaseError> with Ok(None)	MissedMutant	f8df3cca6b6c3b51c1475ef54c9ece5e6fec9584	36703131059
crates/aprender-contracts/src/ontology/witness.rs	crates/aprender-contracts/src/ontology/witness.rs:480:5: replace variables -> BTreeSet<String> with BTreeSet::from_iter([String::new()])	MissedMutant	c6799ec04a9d4eb9e618d54ae6d2fd7462045f99	36725778557
crates/aprender-contracts/src/ontology/witness.rs	crates/aprender-contracts/src/ontology/witness.rs:480:5: replace variables -> BTreeSet<String> with BTreeSet::from_iter(["xyzzy".into()])	MissedMutant	c6799ec04a9d4eb9e618d54ae6d2fd7462045f99	36725778557
crates/aprender-contracts/src/ontology/witness.rs	crates/aprender-contracts/src/ontology/witness.rs:480:5: replace variables -> BTreeSet<String> with BTreeSet::new()	MissedMutant	c6799ec04a9d4eb9e618d54ae6d2fd7462045f99	36725778557
crates/aprender-contracts/src/ontology/witness.rs	crates/aprender-contracts/src/ontology/witness.rs:491:5: replace implication_adjacency -> BTreeMap<&str, Vec<&str>> with BTreeMap::from_iter([("", vec![""])])	MissedMutant	c6799ec04a9d4eb9e618d54ae6d2fd7462045f99	36725778557
crates/aprender-contracts/src/ontology/witness.rs	crates/aprender-contracts/src/ontology/witness.rs:491:5: replace implication_adjacency -> BTreeMap<&str, Vec<&str>> with BTreeMap::from_iter([("", vec![])])	MissedMutant	c6799ec04a9d4eb9e618d54ae6d2fd7462045f99	36725778557
crates/aprender-contracts/src/ontology/witness.rs	crates/aprender-contracts/src/ontology/witness.rs:491:5: replace implication_adjacency -> BTreeMap<&str, Vec<&str>> with BTreeMap::from_iter([("", vec!["xyzzy"])])	MissedMutant	c6799ec04a9d4eb9e618d54ae6d2fd7462045f99	36725778557
crates/aprender-contracts/src/ontology/witness.rs	crates/aprender-contracts/src/ontology/witness.rs:491:5: replace implication_adjacency -> BTreeMap<&str, Vec<&str>> with BTreeMap::from_iter([("xyzzy", vec![""])])	MissedMutant	c6799ec04a9d4eb9e618d54ae6d2fd7462045f99	36725778557
crates/aprender-contracts/src/ontology/witness.rs	crates/aprender-contracts/src/ontology/witness.rs:491:5: replace implication_adjacency -> BTreeMap<&str, Vec<&str>> with BTreeMap::from_iter([("xyzzy", vec![])])	MissedMutant	c6799ec04a9d4eb9e618d54ae6d2fd7462045f99	36725778557
crates/aprender-contracts/src/ontology/witness.rs	crates/aprender-contracts/src/ontology/witness.rs:491:5: replace implication_adjacency -> BTreeMap<&str, Vec<&str>> with BTreeMap::from_iter([("xyzzy", vec!["xyzzy"])])	MissedMutant	c6799ec04a9d4eb9e618d54ae6d2fd7462045f99	36725778557
crates/aprender-contracts/src/ontology/witness.rs	crates/aprender-contracts/src/ontology/witness.rs:491:5: replace implication_adjacency -> BTreeMap<&str, Vec<&str>> with BTreeMap::new()	MissedMutant	c6799ec04a9d4eb9e618d54ae6d2fd7462045f99	36725778557
crates/aprender-contracts/src/ontology/witness.rs	crates/aprender-contracts/src/ontology/witness.rs:562:9: replace kani_proofs::cores_of_len with ()	MissedMutant	c6799ec04a9d4eb9e618d54ae6d2fd7462045f99	36725778557
crates/aprender-contracts/src/ontology/witness.rs	crates/aprender-contracts/src/ontology/witness.rs:566:28: replace < with <= in kani_proofs::cores_of_len	MissedMutant	c6799ec04a9d4eb9e618d54ae6d2fd7462045f99	36725778557
crates/aprender-contracts/src/ontology/witness.rs	crates/aprender-contracts/src/ontology/witness.rs:566:28: replace < with == in kani_proofs::cores_of_len	MissedMutant	c6799ec04a9d4eb9e618d54ae6d2fd7462045f99	36725778557
crates/aprender-contracts/src/ontology/witness.rs	crates/aprender-contracts/src/ontology/witness.rs:566:28: replace < with > in kani_proofs::cores_of_len	MissedMutant	c6799ec04a9d4eb9e618d54ae6d2fd7462045f99	36725778557
crates/aprender-contracts/src/ontology/witness.rs	crates/aprender-contracts/src/ontology/witness.rs:570:31: replace < with <= in kani_proofs::cores_of_len	MissedMutant	c6799ec04a9d4eb9e618d54ae6d2fd7462045f99	36725778557
crates/aprender-contracts/src/ontology/witness.rs	crates/aprender-contracts/src/ontology/witness.rs:570:31: replace < with == in kani_proofs::cores_of_len	MissedMutant	c6799ec04a9d4eb9e618d54ae6d2fd7462045f99	36725778557
crates/aprender-contracts/src/ontology/witness.rs	crates/aprender-contracts/src/ontology/witness.rs:570:31: replace < with > in kani_proofs::cores_of_len	MissedMutant	c6799ec04a9d4eb9e618d54ae6d2fd7462045f99	36725778557
crates/aprender-contracts/src/ontology/witness.rs	crates/aprender-contracts/src/ontology/witness.rs:583:9: replace kani_proofs::kani_ont_9_1 with ()	MissedMutant	c6799ec04a9d4eb9e618d54ae6d2fd7462045f99	36725778557
crates/aprender-contracts/src/ontology/witness.rs	crates/aprender-contracts/src/ontology/witness.rs:591:9: replace kani_proofs::kani_ont_9_1_len1 with ()	MissedMutant	c6799ec04a9d4eb9e618d54ae6d2fd7462045f99	36725778557
crates/aprender-contracts/src/ontology/witness.rs	crates/aprender-contracts/src/ontology/witness.rs:599:9: replace kani_proofs::kani_ont_9_1_len2 with ()	MissedMutant	c6799ec04a9d4eb9e618d54ae6d2fd7462045f99	36725778557
crates/aprender-contracts/src/ontology/witness.rs	crates/aprender-contracts/src/ontology/witness.rs:608:9: replace kani_proofs::kani_ont_9_1_model with ()	MissedMutant	c6799ec04a9d4eb9e618d54ae6d2fd7462045f99	36725778557
crates/aprender-contracts/src/ontology/witness.rs	crates/aprender-contracts/src/ontology/witness.rs:610:33: replace < with <= in kani_proofs::kani_ont_9_1_model	MissedMutant	c6799ec04a9d4eb9e618d54ae6d2fd7462045f99	36725778557
crates/aprender-contracts/src/ontology/witness.rs	crates/aprender-contracts/src/ontology/witness.rs:610:33: replace < with == in kani_proofs::kani_ont_9_1_model	MissedMutant	c6799ec04a9d4eb9e618d54ae6d2fd7462045f99	36725778557
crates/aprender-contracts/src/ontology/witness.rs	crates/aprender-contracts/src/ontology/witness.rs:610:33: replace < with > in kani_proofs::kani_ont_9_1_model	MissedMutant	c6799ec04a9d4eb9e618d54ae6d2fd7462045f99	36725778557
crates/aprender-contracts/src/ontology/witness.rs	crates/aprender-contracts/src/ontology/witness.rs:618:9: replace kani_proofs::any_graph -> SmallGraph with Default::default()	MissedMutant	c6799ec04a9d4eb9e618d54ae6d2fd7462045f99	36725778557
crates/aprender-contracts/src/ontology/witness_small.rs	crates/aprender-contracts/src/ontology/witness_small.rs:74:46: replace != with == in SmallGraph::satisfied_by	MissedMutant	c6799ec04a9d4eb9e618d54ae6d2fd7462045f99	36725778557
crates/aprender-contracts/src/proof_status.rs	crates/aprender-contracts/src/proof_status.rs:509:5: replace step_block_comment -> (usize, usize) with (0, 0)	Timeout	c6799ec04a9d4eb9e618d54ae6d2fd7462045f99	36725778557
crates/aprender-contracts/src/proof_status.rs	crates/aprender-contracts/src/proof_status.rs:509:5: replace step_block_comment -> (usize, usize) with (0, 1)	Timeout	c6799ec04a9d4eb9e618d54ae6d2fd7462045f99	36725778557
crates/aprender-contracts/src/proof_status.rs	crates/aprender-contracts/src/proof_status.rs:509:5: replace step_block_comment -> (usize, usize) with (1, 0)	Timeout	c6799ec04a9d4eb9e618d54ae6d2fd7462045f99	36725778557
crates/aprender-contracts/src/proof_status.rs	crates/aprender-contracts/src/proof_status.rs:509:5: replace step_block_comment -> (usize, usize) with (1, 1)	Timeout	c6799ec04a9d4eb9e618d54ae6d2fd7462045f99	36725778557
crates/aprender-contracts/src/proof_status.rs	crates/aprender-contracts/src/proof_status.rs:510:12: replace + with - in step_block_comment	Timeout	c6799ec04a9d4eb9e618d54ae6d2fd7462045f99	36725778557
crates/aprender-contracts/src/proof_status.rs	crates/aprender-contracts/src/proof_status.rs:514:12: replace + with * in step_block_comment	Timeout	c6799ec04a9d4eb9e618d54ae6d2fd7462045f99	36725778557
crates/aprender-contracts/src/proof_status.rs	crates/aprender-contracts/src/proof_status.rs:514:12: replace + with - in step_block_comment	Timeout	c6799ec04a9d4eb9e618d54ae6d2fd7462045f99	36725778557
crates/aprender-contracts/src/proof_status.rs	crates/aprender-contracts/src/proof_status.rs:520:24: replace > with < in scan_code_at	MissedMutant	c6799ec04a9d4eb9e618d54ae6d2fd7462045f99	36725778557
crates/aprender-contracts/src/proof_status.rs	crates/aprender-contracts/src/proof_status.rs:520:54: replace - with / in scan_code_at	MissedMutant	c6799ec04a9d4eb9e618d54ae6d2fd7462045f99	36725778557
crates/aprender-contracts/src/proof_status.rs	crates/aprender-contracts/src/proof_status.rs:523:41: replace + with - in scan_code_at	Timeout	c6799ec04a9d4eb9e618d54ae6d2fd7462045f99	36725778557
crates/aprender-contracts/src/proof_status.rs	crates/aprender-contracts/src/proof_status.rs:523:45: replace + with * in scan_code_at	MissedMutant	c6799ec04a9d4eb9e618d54ae6d2fd7462045f99	36725778557
crates/aprender-contracts/src/proof_status.rs	crates/aprender-contracts/src/proof_status.rs:523:45: replace + with - in scan_code_at	MissedMutant	c6799ec04a9d4eb9e618d54ae6d2fd7462045f99	36725778557
crates/aprender-contracts/src/proof_status.rs	crates/aprender-contracts/src/proof_status.rs:530:24: delete ! in scan_code_at	MissedMutant	c6799ec04a9d4eb9e618d54ae6d2fd7462045f99	36725778557
crates/aprender-contracts/src/proof_status.rs	crates/aprender-contracts/src/proof_status.rs:536:25: delete ! in scan_code_at	MissedMutant	c6799ec04a9d4eb9e618d54ae6d2fd7462045f99	36725778557
crates/aprender-contracts/src/proof_status.rs	crates/aprender-contracts/src/proof_status.rs:542:26: replace + with * in scan_code_at	Timeout	c6799ec04a9d4eb9e618d54ae6d2fd7462045f99	36725778557
crates/aprender-contracts/src/proof_status.rs	crates/aprender-contracts/src/proof_status.rs:557:22: replace + with * in scan_raw_string	MissedMutant	c6799ec04a9d4eb9e618d54ae6d2fd7462045f99	36725778557
crates/aprender-contracts/src/proof_status.rs	crates/aprender-contracts/src/proof_status.rs:557:22: replace + with - in scan_raw_string	MissedMutant	c6799ec04a9d4eb9e618d54ae6d2fd7462045f99	36725778557
crates/aprender-contracts/src/proof_status.rs	crates/aprender-contracts/src/proof_status.rs:557:55: replace == with != in scan_raw_string	MissedMutant	c6799ec04a9d4eb9e618d54ae6d2fd7462045f99	36725778557
crates/aprender-contracts/src/proof_status.rs	crates/aprender-contracts/src/proof_status.rs:558:18: replace + with * in scan_raw_string	MissedMutant	c6799ec04a9d4eb9e618d54ae6d2fd7462045f99	36725778557
crates/aprender-contracts/src/proof_status.rs	crates/aprender-contracts/src/proof_status.rs:558:18: replace + with - in scan_raw_string	MissedMutant	c6799ec04a9d4eb9e618d54ae6d2fd7462045f99	36725778557
crates/aprender-contracts/src/proof_status.rs	crates/aprender-contracts/src/proof_status.rs:558:22: replace + with * in scan_raw_string	MissedMutant	c6799ec04a9d4eb9e618d54ae6d2fd7462045f99	36725778557
crates/aprender-contracts/src/proof_status.rs	crates/aprender-contracts/src/proof_status.rs:558:22: replace + with - in scan_raw_string	MissedMutant	c6799ec04a9d4eb9e618d54ae6d2fd7462045f99	36725778557
crates/aprender-contracts/src/proof_status.rs	crates/aprender-contracts/src/proof_status.rs:559:20: replace != with == in scan_raw_string	MissedMutant	c6799ec04a9d4eb9e618d54ae6d2fd7462045f99	36725778557
crates/aprender-contracts/src/proof_status.rs	crates/aprender-contracts/src/proof_status.rs:560:33: replace + with * in scan_raw_string	MissedMutant	c6799ec04a9d4eb9e618d54ae6d2fd7462045f99	36725778557
crates/aprender-contracts/src/proof_status.rs	crates/aprender-contracts/src/proof_status.rs:560:33: replace + with - in scan_raw_string	MissedMutant	c6799ec04a9d4eb9e618d54ae6d2fd7462045f99	36725778557
crates/aprender-contracts/src/proof_status.rs	crates/aprender-contracts/src/proof_status.rs:564:26: replace + with * in scan_raw_string	MissedMutant	c6799ec04a9d4eb9e618d54ae6d2fd7462045f99	36725778557
crates/aprender-contracts/src/proof_status.rs	crates/aprender-contracts/src/proof_status.rs:564:26: replace + with - in scan_raw_string	MissedMutant	c6799ec04a9d4eb9e618d54ae6d2fd7462045f99	36725778557
crates/aprender-contracts/src/proof_status.rs	crates/aprender-contracts/src/proof_status.rs:566:25: replace == with != in scan_raw_string	MissedMutant	c6799ec04a9d4eb9e618d54ae6d2fd7462045f99	36725778557
crates/aprender-contracts/src/proof_status.rs	crates/aprender-contracts/src/proof_status.rs:570:20: replace + with * in scan_raw_string	MissedMutant	c6799ec04a9d4eb9e618d54ae6d2fd7462045f99	36725778557
crates/aprender-contracts/src/proof_status.rs	crates/aprender-contracts/src/proof_status.rs:570:20: replace + with - in scan_raw_string	MissedMutant	c6799ec04a9d4eb9e618d54ae6d2fd7462045f99	36725778557
crates/aprender-contracts/src/proof_status.rs	crates/aprender-contracts/src/proof_status.rs:570:24: replace + with * in scan_raw_string	MissedMutant	c6799ec04a9d4eb9e618d54ae6d2fd7462045f99	36725778557
crates/aprender-contracts/src/proof_status.rs	crates/aprender-contracts/src/proof_status.rs:570:24: replace + with - in scan_raw_string	Timeout	c6799ec04a9d4eb9e618d54ae6d2fd7462045f99	36725778557
crates/aprender-contracts/src/proof_status.rs	crates/aprender-contracts/src/proof_status.rs:571:31: replace + with * in scan_raw_string	MissedMutant	c6799ec04a9d4eb9e618d54ae6d2fd7462045f99	36725778557
crates/aprender-contracts/src/proof_status.rs	crates/aprender-contracts/src/proof_status.rs:571:31: replace + with - in scan_raw_string	MissedMutant	c6799ec04a9d4eb9e618d54ae6d2fd7462045f99	36725778557
crates/aprender-contracts/src/proof_status.rs	crates/aprender-contracts/src/proof_status.rs:571:45: replace + with * in scan_raw_string	MissedMutant	c6799ec04a9d4eb9e618d54ae6d2fd7462045f99	36725778557
crates/aprender-contracts/src/proof_status.rs	crates/aprender-contracts/src/proof_status.rs:571:45: replace + with - in scan_raw_string	MissedMutant	c6799ec04a9d4eb9e618d54ae6d2fd7462045f99	36725778557
crates/aprender-contracts/src/proof_status.rs	crates/aprender-contracts/src/proof_status.rs:576:19: replace + with - in scan_string	Timeout	c6799ec04a9d4eb9e618d54ae6d2fd7462045f99	36725778557
crates/aprender-contracts/src/proof_status.rs	crates/aprender-contracts/src/proof_status.rs:580:30: replace += with *= in scan_string	MissedMutant	c6799ec04a9d4eb9e618d54ae6d2fd7462045f99	36725778557
crates/aprender-contracts/src/proof_status.rs	crates/aprender-contracts/src/proof_status.rs:580:30: replace += with -= in scan_string	MissedMutant	c6799ec04a9d4eb9e618d54ae6d2fd7462045f99	36725778557
crates/aprender-contracts/src/proof_status.rs	crates/aprender-contracts/src/proof_status.rs:582:26: replace += with *= in scan_string	Timeout	c6799ec04a9d4eb9e618d54ae6d2fd7462045f99	36725778557
crates/aprender-contracts/src/proof_status.rs	crates/aprender-contracts/src/proof_status.rs:585:28: replace + with * in scan_string	MissedMutant	c6799ec04a9d4eb9e618d54ae6d2fd7462045f99	36725778557
crates/aprender-contracts/src/proof_status.rs	crates/aprender-contracts/src/proof_status.rs:585:28: replace + with - in scan_string	MissedMutant	c6799ec04a9d4eb9e618d54ae6d2fd7462045f99	36725778557
crates/aprender-contracts/src/proof_status.rs	crates/aprender-contracts/src/proof_status.rs:585:38: replace + with * in scan_string	MissedMutant	c6799ec04a9d4eb9e618d54ae6d2fd7462045f99	36725778557
crates/aprender-contracts/src/proof_status.rs	crates/aprender-contracts/src/proof_status.rs:585:38: replace + with - in scan_string	Timeout	c6799ec04a9d4eb9e618d54ae6d2fd7462045f99	36725778557
crates/aprender-contracts/src/proof_status.rs	crates/aprender-contracts/src/proof_status.rs:590:27: replace + with * in skip_char_literal	MissedMutant	c6799ec04a9d4eb9e618d54ae6d2fd7462045f99	36725778557
crates/aprender-contracts/src/proof_status.rs	crates/aprender-contracts/src/proof_status.rs:590:27: replace + with - in skip_char_literal	MissedMutant	c6799ec04a9d4eb9e618d54ae6d2fd7462045f99	36725778557
crates/aprender-contracts/src/proof_status.rs	crates/aprender-contracts/src/proof_status.rs:590:32: replace == with != in skip_char_literal	MissedMutant	c6799ec04a9d4eb9e618d54ae6d2fd7462045f99	36725778557
crates/aprender-contracts/src/proof_status.rs	crates/aprender-contracts/src/proof_status.rs:590:5: replace skip_char_literal -> usize with 0	Timeout	c6799ec04a9d4eb9e618d54ae6d2fd7462045f99	36725778557
crates/aprender-contracts/src/proof_status.rs	crates/aprender-contracts/src/proof_status.rs:590:5: replace skip_char_literal -> usize with 1	Timeout	c6799ec04a9d4eb9e618d54ae6d2fd7462045f99	36725778557
crates/aprender-contracts/src/proof_status.rs	crates/aprender-contracts/src/proof_status.rs:591:11: replace + with * in skip_char_literal	MissedMutant	c6799ec04a9d4eb9e618d54ae6d2fd7462045f99	36725778557
crates/aprender-contracts/src/proof_status.rs	crates/aprender-contracts/src/proof_status.rs:591:11: replace + with - in skip_char_literal	MissedMutant	c6799ec04a9d4eb9e618d54ae6d2fd7462045f99	36725778557
crates/aprender-contracts/src/proof_status.rs	crates/aprender-contracts/src/proof_status.rs:593:11: replace + with - in skip_char_literal	MissedMutant	c6799ec04a9d4eb9e618d54ae6d2fd7462045f99	36725778557
crates/aprender-orchestrate/src/cli/falsify.rs	crates/aprender-orchestrate/src/cli/falsify.rs:105:5: replace resolve_project_root_within -> PathBuf with Default::default()	MissedMutant	f8df3cca6b6c3b51c1475ef54c9ece5e6fec9584	36703131059
crates/aprender-orchestrate/src/cli/falsify.rs	crates/aprender-orchestrate/src/cli/falsify.rs:115:20: replace == with != in resolve_project_root_within	MissedMutant	f8df3cca6b6c3b51c1475ef54c9ece5e6fec9584	36703131059
crates/aprender-orchestrate/src/cli/falsify.rs	crates/aprender-orchestrate/src/cli/falsify.rs:97:5: replace resolve_project_root -> PathBuf with Default::default()	MissedMutant	f8df3cca6b6c3b51c1475ef54c9ece5e6fec9584	36703131059
crates/aprender-orchestrate/src/cli/viz.rs	crates/aprender-orchestrate/src/cli/viz.rs:125:5: replace cmd_viz_dashboard -> anyhow::Result<()> with Ok(())	MissedMutant	f8df3cca6b6c3b51c1475ef54c9ece5e6fec9584	36703131059
crates/aprender-present-terminal/src/bin/ptop.rs	crates/aprender-present-terminal/src/bin/ptop.rs:411:5: replace parse_panel_type -> Result<PanelType, String> with Ok(Default::default())	MissedMutant	f8df3cca6b6c3b51c1475ef54c9ece5e6fec9584	36703131059
crates/aprender-present-terminal/src/bin/ptop.rs	crates/aprender-present-terminal/src/bin/ptop.rs:412:9: delete match arm "cpu" in parse_panel_type	MissedMutant	f8df3cca6b6c3b51c1475ef54c9ece5e6fec9584	36703131059
crates/aprender-present-terminal/src/bin/ptop.rs	crates/aprender-present-terminal/src/bin/ptop.rs:413:9: delete match arm "memory" | "mem" in parse_panel_type	MissedMutant	f8df3cca6b6c3b51c1475ef54c9ece5e6fec9584	36703131059
crates/aprender-present-terminal/src/bin/ptop.rs	crates/aprender-present-terminal/src/bin/ptop.rs:414:9: delete match arm "disk" in parse_panel_type	MissedMutant	f8df3cca6b6c3b51c1475ef54c9ece5e6fec9584	36703131059
crates/aprender-present-terminal/src/bin/ptop.rs	crates/aprender-present-terminal/src/bin/ptop.rs:415:9: delete match arm "network" | "net" in parse_panel_type	MissedMutant	f8df3cca6b6c3b51c1475ef54c9ece5e6fec9584	36703131059
crates/aprender-present-terminal/src/bin/ptop.rs	crates/aprender-present-terminal/src/bin/ptop.rs:416:9: delete match arm "process" | "proc" | "processes" in parse_panel_type	MissedMutant	f8df3cca6b6c3b51c1475ef54c9ece5e6fec9584	36703131059
crates/aprender-present-terminal/src/bin/ptop.rs	crates/aprender-present-terminal/src/bin/ptop.rs:417:9: delete match arm "gpu" in parse_panel_type	MissedMutant	f8df3cca6b6c3b51c1475ef54c9ece5e6fec9584	36703131059
crates/aprender-present-terminal/src/bin/ptop.rs	crates/aprender-present-terminal/src/bin/ptop.rs:418:9: delete match arm "sensors" | "sensor" in parse_panel_type	MissedMutant	f8df3cca6b6c3b51c1475ef54c9ece5e6fec9584	36703131059
crates/aprender-present-terminal/src/bin/ptop.rs	crates/aprender-present-terminal/src/bin/ptop.rs:419:9: delete match arm "connections" | "conn" in parse_panel_type	MissedMutant	f8df3cca6b6c3b51c1475ef54c9ece5e6fec9584	36703131059
crates/aprender-present-terminal/src/bin/ptop.rs	crates/aprender-present-terminal/src/bin/ptop.rs:420:9: delete match arm "psi" | "pressure" in parse_panel_type	MissedMutant	f8df3cca6b6c3b51c1475ef54c9ece5e6fec9584	36703131059
crates/aprender-present-terminal/src/bin/ptop.rs	crates/aprender-present-terminal/src/bin/ptop.rs:421:9: delete match arm "files" | "file" in parse_panel_type	MissedMutant	f8df3cca6b6c3b51c1475ef54c9ece5e6fec9584	36703131059
crates/aprender-present-terminal/src/bin/ptop.rs	crates/aprender-present-terminal/src/bin/ptop.rs:422:9: delete match arm "battery" | "bat" in parse_panel_type	MissedMutant	f8df3cca6b6c3b51c1475ef54c9ece5e6fec9584	36703131059
crates/aprender-present-terminal/src/bin/ptop.rs	crates/aprender-present-terminal/src/bin/ptop.rs:423:9: delete match arm "containers" | "container" | "docker" in parse_panel_type	MissedMutant	f8df3cca6b6c3b51c1475ef54c9ece5e6fec9584	36703131059
crates/aprender-present-terminal/src/bin/ptop.rs	crates/aprender-present-terminal/src/bin/ptop.rs:87:5: replace handle_render_once -> io::Result<()> with Ok(())	MissedMutant	f8df3cca6b6c3b51c1475ef54c9ece5e6fec9584	36703131059
crates/aprender-ptx-debug/src/bin/main.rs	crates/aprender-ptx-debug/src/bin/main.rs:23:5: replace main with ()	MissedMutant	f8df3cca6b6c3b51c1475ef54c9ece5e6fec9584	36703131059
crates/aprender-ptx-debug/src/cli.rs	crates/aprender-ptx-debug/src/cli.rs:114:5: replace exit_code_for_parse_error -> i32 with 0	MissedMutant	f8df3cca6b6c3b51c1475ef54c9ece5e6fec9584	36703131059
crates/aprender-ptx-debug/src/cli.rs	crates/aprender-ptx-debug/src/cli.rs:114:5: replace exit_code_for_parse_error -> i32 with -1	MissedMutant	f8df3cca6b6c3b51c1475ef54c9ece5e6fec9584	36703131059
crates/aprender-ptx-debug/src/cli.rs	crates/aprender-ptx-debug/src/cli.rs:114:5: replace exit_code_for_parse_error -> i32 with 1	MissedMutant	f8df3cca6b6c3b51c1475ef54c9ece5e6fec9584	36703131059
crates/aprender-ptx-debug/src/cli.rs	crates/aprender-ptx-debug/src/cli.rs:115:9: delete match arm ErrorKind::DisplayHelp | ErrorKind::DisplayVersion in exit_code_for_parse_error	MissedMutant	f8df3cca6b6c3b51c1475ef54c9ece5e6fec9584	36703131059
crates/aprender-ptx-debug/src/run.rs	crates/aprender-ptx-debug/src/run.rs:112:25: replace == with != in analyze_ptx_file	MissedMutant	f8df3cca6b6c3b51c1475ef54c9ece5e6fec9584	36703131059
crates/aprender-ptx-debug/src/run.rs	crates/aprender-ptx-debug/src/run.rs:133:5: replace write_or_print -> Result<(), String> with Ok(())	MissedMutant	f8df3cca6b6c3b51c1475ef54c9ece5e6fec9584	36703131059
crates/aprender-ptx-debug/src/run.rs	crates/aprender-ptx-debug/src/run.rs:144:5: replace cmd_gen_fkr -> Result<i32, String> with Ok(0)	MissedMutant	f8df3cca6b6c3b51c1475ef54c9ece5e6fec9584	36703131059
crates/aprender-ptx-debug/src/run.rs	crates/aprender-ptx-debug/src/run.rs:144:5: replace cmd_gen_fkr -> Result<i32, String> with Ok(-1)	MissedMutant	f8df3cca6b6c3b51c1475ef54c9ece5e6fec9584	36703131059
crates/aprender-ptx-debug/src/run.rs	crates/aprender-ptx-debug/src/run.rs:144:5: replace cmd_gen_fkr -> Result<i32, String> with Ok(1)	MissedMutant	f8df3cca6b6c3b51c1475ef54c9ece5e6fec9584	36703131059
crates/aprender-ptx-debug/src/run.rs	crates/aprender-ptx-debug/src/run.rs:17:5: replace run -> Result<i32, String> with Ok(0)	MissedMutant	f8df3cca6b6c3b51c1475ef54c9ece5e6fec9584	36703131059
crates/aprender-ptx-debug/src/run.rs	crates/aprender-ptx-debug/src/run.rs:17:5: replace run -> Result<i32, String> with Ok(-1)	MissedMutant	f8df3cca6b6c3b51c1475ef54c9ece5e6fec9584	36703131059
crates/aprender-ptx-debug/src/run.rs	crates/aprender-ptx-debug/src/run.rs:17:5: replace run -> Result<i32, String> with Ok(1)	MissedMutant	f8df3cca6b6c3b51c1475ef54c9ece5e6fec9584	36703131059
crates/aprender-ptx-debug/src/run.rs	crates/aprender-ptx-debug/src/run.rs:29:5: replace print_json_report with ()	MissedMutant	f8df3cca6b6c3b51c1475ef54c9ece5e6fec9584	36703131059
crates/aprender-ptx-debug/src/run.rs	crates/aprender-ptx-debug/src/run.rs:44:5: replace print_text_report with ()	MissedMutant	f8df3cca6b6c3b51c1475ef54c9ece5e6fec9584	36703131059
crates/aprender-ptx-debug/src/run.rs	crates/aprender-ptx-debug/src/run.rs:66:5: replace exit_code_for_score -> i32 with 0	MissedMutant	f8df3cca6b6c3b51c1475ef54c9ece5e6fec9584	36703131059
crates/aprender-ptx-debug/src/run.rs	crates/aprender-ptx-debug/src/run.rs:66:5: replace exit_code_for_score -> i32 with -1	MissedMutant	f8df3cca6b6c3b51c1475ef54c9ece5e6fec9584	36703131059
crates/aprender-ptx-debug/src/run.rs	crates/aprender-ptx-debug/src/run.rs:66:5: replace exit_code_for_score -> i32 with 1	MissedMutant	f8df3cca6b6c3b51c1475ef54c9ece5e6fec9584	36703131059
crates/aprender-ptx-debug/src/run.rs	crates/aprender-ptx-debug/src/run.rs:68:21: replace < with <= in exit_code_for_score	MissedMutant	f8df3cca6b6c3b51c1475ef54c9ece5e6fec9584	36703131059
crates/aprender-ptx-debug/src/run.rs	crates/aprender-ptx-debug/src/run.rs:68:21: replace < with == in exit_code_for_score	MissedMutant	f8df3cca6b6c3b51c1475ef54c9ece5e6fec9584	36703131059
crates/aprender-ptx-debug/src/run.rs	crates/aprender-ptx-debug/src/run.rs:68:21: replace < with > in exit_code_for_score	MissedMutant	f8df3cca6b6c3b51c1475ef54c9ece5e6fec9584	36703131059
crates/aprender-ptx-debug/src/run.rs	crates/aprender-ptx-debug/src/run.rs:70:21: replace < with <= in exit_code_for_score	MissedMutant	f8df3cca6b6c3b51c1475ef54c9ece5e6fec9584	36703131059
crates/aprender-ptx-debug/src/run.rs	crates/aprender-ptx-debug/src/run.rs:70:21: replace < with == in exit_code_for_score	MissedMutant	f8df3cca6b6c3b51c1475ef54c9ece5e6fec9584	36703131059
crates/aprender-ptx-debug/src/run.rs	crates/aprender-ptx-debug/src/run.rs:70:21: replace < with > in exit_code_for_score	MissedMutant	f8df3cca6b6c3b51c1475ef54c9ece5e6fec9584	36703131059
crates/aprender-ptx-debug/src/run.rs	crates/aprender-ptx-debug/src/run.rs:78:5: replace cmd_analyze -> Result<i32, String> with Ok(0)	MissedMutant	f8df3cca6b6c3b51c1475ef54c9ece5e6fec9584	36703131059
crates/aprender-ptx-debug/src/run.rs	crates/aprender-ptx-debug/src/run.rs:78:5: replace cmd_analyze -> Result<i32, String> with Ok(-1)	MissedMutant	f8df3cca6b6c3b51c1475ef54c9ece5e6fec9584	36703131059
crates/aprender-ptx-debug/src/run.rs	crates/aprender-ptx-debug/src/run.rs:78:5: replace cmd_analyze -> Result<i32, String> with Ok(1)	MissedMutant	f8df3cca6b6c3b51c1475ef54c9ece5e6fec9584	36703131059
crates/aprender-rag-cli/src/lib.rs	crates/aprender-rag-cli/src/lib.rs:527:5: replace dispatch -> Result<()> with Ok(())	MissedMutant	f8df3cca6b6c3b51c1475ef54c9ece5e6fec9584	36703131059
crates/aprender-review-experiment/src/build_corpus.rs	crates/aprender-review-experiment/src/build_corpus.rs:107:5: replace review_paths -> Vec<String> with vec![]	MissedMutant	f8df3cca6b6c3b51c1475ef54c9ece5e6fec9584	36703131059
crates/aprender-review-experiment/src/build_corpus.rs	crates/aprender-review-experiment/src/build_corpus.rs:107:5: replace review_paths -> Vec<String> with vec![String::new()]	MissedMutant	f8df3cca6b6c3b51c1475ef54c9ece5e6fec9584	36703131059
crates/aprender-review-experiment/src/build_corpus.rs	crates/aprender-review-experiment/src/build_corpus.rs:107:5: replace review_paths -> Vec<String> with vec!["xyzzy".into()]	MissedMutant	f8df3cca6b6c3b51c1475ef54c9ece5e6fec9584	36703131059
crates/aprender-review-experiment/src/build_corpus.rs	crates/aprender-review-experiment/src/build_corpus.rs:118:5: replace diff_between -> Option<String> with None	MissedMutant	f8df3cca6b6c3b51c1475ef54c9ece5e6fec9584	36703131059
crates/aprender-review-experiment/src/build_corpus.rs	crates/aprender-review-experiment/src/build_corpus.rs:118:5: replace diff_between -> Option<String> with Some(String::new())	MissedMutant	f8df3cca6b6c3b51c1475ef54c9ece5e6fec9584	36703131059
crates/aprender-review-experiment/src/build_corpus.rs	crates/aprender-review-experiment/src/build_corpus.rs:118:5: replace diff_between -> Option<String> with Some("xyzzy".into())	MissedMutant	f8df3cca6b6c3b51c1475ef54c9ece5e6fec9584	36703131059
crates/aprender-review-experiment/src/build_corpus.rs	crates/aprender-review-experiment/src/build_corpus.rs:124:20: replace && with || in diff_between	MissedMutant	f8df3cca6b6c3b51c1475ef54c9ece5e6fec9584	36703131059
crates/aprender-review-experiment/src/build_corpus.rs	crates/aprender-review-experiment/src/build_corpus.rs:124:52: replace <= with > in diff_between	MissedMutant	f8df3cca6b6c3b51c1475ef54c9ece5e6fec9584	36703131059
crates/aprender-review-experiment/src/build_corpus.rs	crates/aprender-review-experiment/src/build_corpus.rs:124:6: delete ! in diff_between	MissedMutant	f8df3cca6b6c3b51c1475ef54c9ece5e6fec9584	36703131059
crates/aprender-review-experiment/src/build_corpus.rs	crates/aprender-review-experiment/src/build_corpus.rs:130:5: replace r_candidates -> Vec<(Item, String)> with vec![]	MissedMutant	f8df3cca6b6c3b51c1475ef54c9ece5e6fec9584	36703131059
crates/aprender-review-experiment/src/build_corpus.rs	crates/aprender-review-experiment/src/build_corpus.rs:131:21: delete ! in r_candidates	MissedMutant	f8df3cca6b6c3b51c1475ef54c9ece5e6fec9584	36703131059
crates/aprender-review-experiment/src/build_corpus.rs	crates/aprender-review-experiment/src/build_corpus.rs:131:61: replace && with || in r_candidates	MissedMutant	f8df3cca6b6c3b51c1475ef54c9ece5e6fec9584	36703131059
crates/aprender-review-experiment/src/build_corpus.rs	crates/aprender-review-experiment/src/build_corpus.rs:155:5: replace g_candidates -> Vec<(Item, String)> with vec![]	MissedMutant	f8df3cca6b6c3b51c1475ef54c9ece5e6fec9584	36703131059
crates/aprender-review-experiment/src/build_corpus.rs	crates/aprender-review-experiment/src/build_corpus.rs:157:42: replace < with <= in g_candidates	MissedMutant	f8df3cca6b6c3b51c1475ef54c9ece5e6fec9584	36703131059
crates/aprender-review-experiment/src/build_corpus.rs	crates/aprender-review-experiment/src/build_corpus.rs:157:42: replace < with == in g_candidates	MissedMutant	f8df3cca6b6c3b51c1475ef54c9ece5e6fec9584	36703131059
crates/aprender-review-experiment/src/build_corpus.rs	crates/aprender-review-experiment/src/build_corpus.rs:157:42: replace < with > in g_candidates	MissedMutant	f8df3cca6b6c3b51c1475ef54c9ece5e6fec9584	36703131059
crates/aprender-review-experiment/src/build_corpus.rs	crates/aprender-review-experiment/src/build_corpus.rs:158:21: delete ! in g_candidates	MissedMutant	f8df3cca6b6c3b51c1475ef54c9ece5e6fec9584	36703131059
crates/aprender-review-experiment/src/build_corpus.rs	crates/aprender-review-experiment/src/build_corpus.rs:158:45: replace && with || in g_candidates	MissedMutant	f8df3cca6b6c3b51c1475ef54c9ece5e6fec9584	36703131059
crates/aprender-review-experiment/src/build_corpus.rs	crates/aprender-review-experiment/src/build_corpus.rs:158:48: delete ! in g_candidates	MissedMutant	f8df3cca6b6c3b51c1475ef54c9ece5e6fec9584	36703131059
crates/aprender-review-experiment/src/build_corpus.rs	crates/aprender-review-experiment/src/build_corpus.rs:159:21: delete ! in g_candidates	MissedMutant	f8df3cca6b6c3b51c1475ef54c9ece5e6fec9584	36703131059
crates/aprender-review-experiment/src/build_corpus.rs	crates/aprender-review-experiment/src/build_corpus.rs:160:21: delete ! in g_candidates	MissedMutant	f8df3cca6b6c3b51c1475ef54c9ece5e6fec9584	36703131059
crates/aprender-review-experiment/src/build_corpus.rs	crates/aprender-review-experiment/src/build_corpus.rs:160:53: replace == with != in g_candidates	MissedMutant	f8df3cca6b6c3b51c1475ef54c9ece5e6fec9584	36703131059
crates/aprender-review-experiment/src/build_corpus.rs	crates/aprender-review-experiment/src/build_corpus.rs:176:5: replace is_green -> bool with false	MissedMutant	f8df3cca6b6c3b51c1475ef54c9ece5e6fec9584	36703131059
crates/aprender-review-experiment/src/build_corpus.rs	crates/aprender-review-experiment/src/build_corpus.rs:176:5: replace is_green -> bool with true	MissedMutant	f8df3cca6b6c3b51c1475ef54c9ece5e6fec9584	36703131059
crates/aprender-review-experiment/src/build_corpus.rs	crates/aprender-review-experiment/src/build_corpus.rs:184:26: replace && with || in is_green	MissedMutant	f8df3cca6b6c3b51c1475ef54c9ece5e6fec9584	36703131059
crates/aprender-review-experiment/src/build_corpus.rs	crates/aprender-review-experiment/src/build_corpus.rs:190:48: replace == with != in rollup_is_green	MissedMutant	f8df3cca6b6c3b51c1475ef54c9ece5e6fec9584	36703131059
crates/aprender-review-experiment/src/build_corpus.rs	crates/aprender-review-experiment/src/build_corpus.rs:193:71: replace || with && in rollup_is_green	MissedMutant	f8df3cca6b6c3b51c1475ef54c9ece5e6fec9584	36703131059
crates/aprender-review-experiment/src/build_corpus.rs	crates/aprender-review-experiment/src/build_corpus.rs:228:5: replace choose -> Vec<(Item, String)> with vec![]	MissedMutant	f8df3cca6b6c3b51c1475ef54c9ece5e6fec9584	36703131059
crates/aprender-review-experiment/src/build_corpus.rs	crates/aprender-review-experiment/src/build_corpus.rs:242:5: replace seal -> Vec<Sealed> with vec![]	MissedMutant	f8df3cca6b6c3b51c1475ef54c9ece5e6fec9584	36703131059
crates/aprender-review-experiment/src/build_corpus.rs	crates/aprender-review-experiment/src/build_corpus.rs:244:34: replace == with != in seal	MissedMutant	f8df3cca6b6c3b51c1475ef54c9ece5e6fec9584	36703131059
crates/aprender-review-experiment/src/build_corpus.rs	crates/aprender-review-experiment/src/build_corpus.rs:99:5: replace git -> Option<String> with None	MissedMutant	f8df3cca6b6c3b51c1475ef54c9ece5e6fec9584	36703131059
crates/aprender-review-experiment/src/build_corpus.rs	crates/aprender-review-experiment/src/build_corpus.rs:99:5: replace git -> Option<String> with Some(String::new())	MissedMutant	f8df3cca6b6c3b51c1475ef54c9ece5e6fec9584	36703131059
crates/aprender-review-experiment/src/build_corpus.rs	crates/aprender-review-experiment/src/build_corpus.rs:99:5: replace git -> Option<String> with Some("xyzzy".into())	MissedMutant	f8df3cca6b6c3b51c1475ef54c9ece5e6fec9584	36703131059
crates/aprender-review-experiment/src/contamination.rs	crates/aprender-review-experiment/src/contamination.rs:101:9: delete match arm serde_json::Value::Array(a) in collect_strings	MissedMutant	f8df3cca6b6c3b51c1475ef54c9ece5e6fec9584	36703131059
crates/aprender-review-experiment/src/contamination.rs	crates/aprender-review-experiment/src/contamination.rs:48:9: replace Index::len -> usize with 0	MissedMutant	f8df3cca6b6c3b51c1475ef54c9ece5e6fec9584	36703131059
crates/aprender-review-experiment/src/contamination.rs	crates/aprender-review-experiment/src/contamination.rs:48:9: replace Index::len -> usize with 1	MissedMutant	f8df3cca6b6c3b51c1475ef54c9ece5e6fec9584	36703131059
crates/aprender-review-experiment/src/contamination.rs	crates/aprender-review-experiment/src/contamination.rs:54:9: replace Index::is_empty -> bool with false	MissedMutant	f8df3cca6b6c3b51c1475ef54c9ece5e6fec9584	36703131059
crates/aprender-review-experiment/src/corpus.rs	crates/aprender-review-experiment/src/corpus.rs:150:36: replace || with && in names_the_mutation	MissedMutant	f8df3cca6b6c3b51c1475ef54c9ece5e6fec9584	36703131059
crates/aprender-review-experiment/src/corpus.rs	crates/aprender-review-experiment/src/corpus.rs:177:18: replace += with *= in defect_locs	MissedMutant	f8df3cca6b6c3b51c1475ef54c9ece5e6fec9584	36703131059
crates/aprender-review-experiment/src/corpus.rs	crates/aprender-review-experiment/src/corpus.rs:177:18: replace += with -= in defect_locs	MissedMutant	f8df3cca6b6c3b51c1475ef54c9ece5e6fec9584	36703131059
crates/aprender-review-experiment/src/corpus.rs	crates/aprender-review-experiment/src/corpus.rs:198:67: replace && with || in is_comment	MissedMutant	f8df3cca6b6c3b51c1475ef54c9ece5e6fec9584	36703131059
crates/aprender-review-experiment/src/corpus.rs	crates/aprender-review-experiment/src/corpus.rs:260:61: replace == with != in assign_splits	MissedMutant	f8df3cca6b6c3b51c1475ef54c9ece5e6fec9584	36703131059
crates/aprender-review-experiment/src/corpus.rs	crates/aprender-review-experiment/src/corpus.rs:289:57: replace || with && in hunks	MissedMutant	f8df3cca6b6c3b51c1475ef54c9ece5e6fec9584	36703131059
crates/aprender-review-experiment/src/corpus.rs	crates/aprender-review-experiment/src/corpus.rs:314:78: delete ! in hunk_fingerprints	MissedMutant	f8df3cca6b6c3b51c1475ef54c9ece5e6fec9584	36703131059
crates/aprender-review-experiment/src/corpus.rs	crates/aprender-review-experiment/src/corpus.rs:400:24: replace < with <= in pick_balanced	MissedMutant	f8df3cca6b6c3b51c1475ef54c9ece5e6fec9584	36703131059
crates/aprender-review-experiment/src/corpus.rs	crates/aprender-review-experiment/src/corpus.rs:400:28: replace && with || in pick_balanced	Timeout	f8df3cca6b6c3b51c1475ef54c9ece5e6fec9584	36703131059
crates/aprender-review-experiment/src/corpus.rs	crates/aprender-review-experiment/src/corpus.rs:400:58: replace > with >= in pick_balanced	MissedMutant	f8df3cca6b6c3b51c1475ef54c9ece5e6fec9584	36703131059
crates/aprender-review-experiment/src/corpus.rs	crates/aprender-review-experiment/src/corpus.rs:402:29: replace < with <= in pick_balanced	MissedMutant	f8df3cca6b6c3b51c1475ef54c9ece5e6fec9584	36703131059
crates/aprender-review-experiment/src/harness.rs	crates/aprender-review-experiment/src/harness.rs:116:44: replace * with + in post	MissedMutant	f8df3cca6b6c3b51c1475ef54c9ece5e6fec9584	36703131059
crates/aprender-review-experiment/src/harness.rs	crates/aprender-review-experiment/src/harness.rs:116:44: replace * with / in post	MissedMutant	f8df3cca6b6c3b51c1475ef54c9ece5e6fec9584	36703131059
crates/aprender-review-experiment/src/harness.rs	crates/aprender-review-experiment/src/harness.rs:159:40: replace && with || in classify	MissedMutant	f8df3cca6b6c3b51c1475ef54c9ece5e6fec9584	36703131059
crates/aprender-review-experiment/src/harness.rs	crates/aprender-review-experiment/src/harness.rs:159:52: replace > with >= in classify	MissedMutant	f8df3cca6b6c3b51c1475ef54c9ece5e6fec9584	36703131059
crates/aprender-review-experiment/src/harness.rs	crates/aprender-review-experiment/src/harness.rs:270:33: replace + with * in rfc3339	MissedMutant	f8df3cca6b6c3b51c1475ef54c9ece5e6fec9584	36703131059
crates/aprender-review-experiment/src/harness.rs	crates/aprender-review-experiment/src/harness.rs:270:33: replace + with - in rfc3339	MissedMutant	f8df3cca6b6c3b51c1475ef54c9ece5e6fec9584	36703131059
crates/aprender-review-experiment/src/harness.rs	crates/aprender-review-experiment/src/harness.rs:270:48: replace - with / in rfc3339	MissedMutant	f8df3cca6b6c3b51c1475ef54c9ece5e6fec9584	36703131059
crates/aprender-review-experiment/src/harness.rs	crates/aprender-review-experiment/src/harness.rs:287:5: replace utc_now -> String with String::new()	MissedMutant	f8df3cca6b6c3b51c1475ef54c9ece5e6fec9584	36703131059
crates/aprender-review-experiment/src/harness.rs	crates/aprender-review-experiment/src/harness.rs:287:5: replace utc_now -> String with "xyzzy".into()	MissedMutant	f8df3cca6b6c3b51c1475ef54c9ece5e6fec9584	36703131059
crates/aprender-review-experiment/src/harness.rs	crates/aprender-review-experiment/src/harness.rs:42:5: replace request_body -> Value with Default::default()	Timeout	f8df3cca6b6c3b51c1475ef54c9ece5e6fec9584	36703131059
crates/aprender-review-experiment/src/harness.rs	crates/aprender-review-experiment/src/harness.rs:60:31: replace + with * in run_order	MissedMutant	f8df3cca6b6c3b51c1475ef54c9ece5e6fec9584	36703131059
crates/aprender-review-experiment/src/harness.rs	crates/aprender-review-experiment/src/harness.rs:60:31: replace + with - in run_order	MissedMutant	f8df3cca6b6c3b51c1475ef54c9ece5e6fec9584	36703131059
crates/aprender-review-experiment/src/prereg.rs	crates/aprender-review-experiment/src/prereg.rs:101:9: replace Components::render_lock -> String with String::new()	MissedMutant	f8df3cca6b6c3b51c1475ef54c9ece5e6fec9584	36703131059
crates/aprender-review-experiment/src/prereg.rs	crates/aprender-review-experiment/src/prereg.rs:101:9: replace Components::render_lock -> String with "xyzzy".into()	MissedMutant	f8df3cca6b6c3b51c1475ef54c9ece5e6fec9584	36703131059
crates/aprender-review-experiment/src/receipt.rs	crates/aprender-review-experiment/src/receipt.rs:183:44: replace && with || in is_hex64	MissedMutant	f8df3cca6b6c3b51c1475ef54c9ece5e6fec9584	36703131059
crates/aprender-review-experiment/src/receipt.rs	crates/aprender-review-experiment/src/receipt.rs:285:30: replace || with && in execution_problems	MissedMutant	f8df3cca6b6c3b51c1475ef54c9ece5e6fec9584	36703131059
crates/aprender-review-experiment/src/receipt.rs	crates/aprender-review-experiment/src/receipt.rs:316:23: replace match guard !tail.contains("PASS") with true in parse_verdict	MissedMutant	f8df3cca6b6c3b51c1475ef54c9ece5e6fec9584	36703131059
crates/aprender-review-experiment/src/receipt.rs	crates/aprender-review-experiment/src/receipt.rs:330:36: replace - with / in spellings	MissedMutant	f8df3cca6b6c3b51c1475ef54c9ece5e6fec9584	36703131059
crates/aprender-review-experiment/src/score.rs	crates/aprender-review-experiment/src/score.rs:134:30: replace + with * in collect	MissedMutant	f8df3cca6b6c3b51c1475ef54c9ece5e6fec9584	36703131059
crates/aprender-review-experiment/src/score.rs	crates/aprender-review-experiment/src/score.rs:134:30: replace + with - in collect	MissedMutant	f8df3cca6b6c3b51c1475ef54c9ece5e6fec9584	36703131059
crates/aprender-review-experiment/src/score.rs	crates/aprender-review-experiment/src/score.rs:147:26: replace + with * in collect	MissedMutant	f8df3cca6b6c3b51c1475ef54c9ece5e6fec9584	36703131059
crates/aprender-review-experiment/src/score.rs	crates/aprender-review-experiment/src/score.rs:218:45: replace && with || in check	MissedMutant	f8df3cca6b6c3b51c1475ef54c9ece5e6fec9584	36703131059
crates/aprender-review-experiment/src/score.rs	crates/aprender-review-experiment/src/score.rs:218:55: replace && with || in check	MissedMutant	f8df3cca6b6c3b51c1475ef54c9ece5e6fec9584	36703131059
crates/aprender-review-experiment/src/score.rs	crates/aprender-review-experiment/src/score.rs:231:45: replace && with || in divergence	MissedMutant	f8df3cca6b6c3b51c1475ef54c9ece5e6fec9584	36703131059
crates/aprender-review-experiment/src/score.rs	crates/aprender-review-experiment/src/score.rs:250:42: replace && with || in paired_parsed	MissedMutant	f8df3cca6b6c3b51c1475ef54c9ece5e6fec9584	36703131059
crates/aprender-review-experiment/src/score.rs	crates/aprender-review-experiment/src/score.rs:252:35: replace == with != in paired_parsed	MissedMutant	f8df3cca6b6c3b51c1475ef54c9ece5e6fec9584	36703131059
crates/aprender-review-experiment/src/score.rs	crates/aprender-review-experiment/src/score.rs:253:35: replace == with != in paired_parsed	MissedMutant	f8df3cca6b6c3b51c1475ef54c9ece5e6fec9584	36703131059
crates/aprender-review-experiment/src/score.rs	crates/aprender-review-experiment/src/score.rs:35:17: replace > with < in Ratio::value	MissedMutant	f8df3cca6b6c3b51c1475ef54c9ece5e6fec9584	36703131059
crates/aprender-review-experiment/src/score.rs	crates/aprender-review-experiment/src/score.rs:35:44: replace / with % in Ratio::value	MissedMutant	f8df3cca6b6c3b51c1475ef54c9ece5e6fec9584	36703131059
crates/aprender-review-experiment/src/score.rs	crates/aprender-review-experiment/src/score.rs:35:44: replace / with * in Ratio::value	MissedMutant	f8df3cca6b6c3b51c1475ef54c9ece5e6fec9584	36703131059
crates/aprender-review-experiment/src/score.rs	crates/aprender-review-experiment/src/score.rs:35:9: replace Ratio::value -> Option<f64> with None	MissedMutant	f8df3cca6b6c3b51c1475ef54c9ece5e6fec9584	36703131059
