name	layer	pos	n	file	sha256
model.input_embed	-1	0	1024	pos0/model.input_embed.f32	0f2822b1d8f095dda46d1b1c56382d69fe0b941be4f54f9619610de1b68f5800
attn_norm	0	0	1024	pos0/attn_norm-0.f32	7fddf79018f18b6a8efe4d4305b8c552d45f257d584fe7cabb71ba8944bbe098
conv_output_silu	0	0	6144	pos0/conv_output_silu-0.f32	f94d409979483cd92264af6619eb79dd63a8e6fc95012c54d0b57cc975120855
q_conv_predelta	0	0	2048	pos0/q_conv_predelta-0.f32	38dccc6b258b2ea0ce771561fe7b87716a7916823675e460b5ca9c0a081f9762
k_conv_predelta	0	0	2048	pos0/k_conv_predelta-0.f32	c90c107a0f68e5b6ed28a53c1c993a9275ef443e45039df7c0e95db3069b122d
v_conv_predelta	0	0	2048	pos0/v_conv_predelta-0.f32	e2f7f88d15ec93804f7baa4b6232c2a3870c24797d7906b30d944fda731baa51
a_softplus	0	0	16	pos0/a_softplus-0.f32	2229796881643deb29ba25c707f9eef4c0cc2f3d2652cc61567979a4d556856f
gate	0	0	16	pos0/gate-0.f32	440ee61e64433b597dc5f8341fda56c6463aa70b726d782c0cfeb14fd802fe9d
beta_sigmoid	0	0	16	pos0/beta_sigmoid-0.f32	95da28504656615d2cbf38d9eb7646cc50ab0d9f950e69dc80566e23348378b9
z	0	0	2048	pos0/z-0.f32	7b8a0a135f73b66d317c02fa58bce31a96c81d454628fd22686aeb0ec5ee29ed
state_predelta	0	0	262144	pos0/state_predelta-0.f32	30e14955ebf1352266dc2ff8067e68104607e750abb9d3b36582b8af909fcb58
attn_output	0	0	2048	pos0/attn_output-0.f32	6e6b054456bd7eb244b68232781d79336cc17de556f05a8e235577e36ea1461d
new_state	0	0	262144	pos0/new_state-0.f32	478865dd67e284841b39980855198097f8000c727c894cf98e2d7568951cb91d
final_output	0	0	2048	pos0/final_output-0.f32	a55fd5400c61bee3576bb1a7c35c5f2cecfb2b159ff0f65bef89fc18c3e30757
linear_attn_out	0	0	1024	pos0/linear_attn_out-0.f32	03a4f1ac33b8032c68cce279305e82ca801eef975052a99075b6b610e7c33869
attn_residual	0	0	1024	pos0/attn_residual-0.f32	9e41964a625afbc37bbd1497741ba6632729edf1a7e842fe83e2573df166a7dd
attn_post_norm	0	0	1024	pos0/attn_post_norm-0.f32	b9bd0283757db67596b83725d539453acbfd301c3c9254dd2e5fee8425a22c33
ffn_out	0	0	1024	pos0/ffn_out-0.f32	2b9aafa7d6b111e3fb724b8e31f8236253e6da2b468b2e9eb20142d30b04ed71
l_out	0	0	1024	pos0/l_out-0.f32	ed40c1edefb72f2d24da76ef73e090825b4703c5825bb598d4d1675b7e217bc5
attn_norm	1	0	1024	pos0/attn_norm-1.f32	f6460f66f59fe87c62dfea5d954ea5ac88e91e9b56089775b842b1245125c4c0
conv_output_silu	1	0	6144	pos0/conv_output_silu-1.f32	c1f0778908c0e2816cbe7b5629cedf05301c8581f537fa9337cff1c991481124
q_conv_predelta	1	0	2048	pos0/q_conv_predelta-1.f32	3329955115b85efa579ac10022b4d2bc0348acaf940e6bffa94c02caa54f481c
k_conv_predelta	1	0	2048	pos0/k_conv_predelta-1.f32	2ee052ba444c307275ffc211854b58e3dc9927192448cc4e0abc7796ebdfbb6b
v_conv_predelta	1	0	2048	pos0/v_conv_predelta-1.f32	00ad41df2a356fa37d72b2be967e201ecb4347d447495b5e70058e420ec9d119
a_softplus	1	0	16	pos0/a_softplus-1.f32	bef4d5c17935d6943bbfe3ea4e8dd8b7612d9b645beadb1d5b068ab4e7bad615
gate	1	0	16	pos0/gate-1.f32	f48a1e65d4a40534ef1d3ab08cefc484025ad41ecb81ee206fa05d6e44ce0149
beta_sigmoid	1	0	16	pos0/beta_sigmoid-1.f32	219f0d7c88414ac447fa6a3302f030cb217ed485af7efeac95c6fd2c5c9e4799
z	1	0	2048	pos0/z-1.f32	1a09c63fe64e581b53224354913af179148d81900a9ab0515c0c038710cf76e5
state_predelta	1	0	262144	pos0/state_predelta-1.f32	30e14955ebf1352266dc2ff8067e68104607e750abb9d3b36582b8af909fcb58
attn_output	1	0	2048	pos0/attn_output-1.f32	57dd1ddc7993b51c010c65f9e091bb1f2c651b82a439281d0e76297ae1d6a88a
new_state	1	0	262144	pos0/new_state-1.f32	998f981b0940e989fd62089d8b2d4b96ade082584c8fb5905cc079ed0074564b
final_output	1	0	2048	pos0/final_output-1.f32	0612e5cf66a8df607e4f183bae81c86a3fb25b41778cbd15c093bd34dc1c0a61
linear_attn_out	1	0	1024	pos0/linear_attn_out-1.f32	6f30ff1c6f9fe5ecbc24e1c58b3f1b8f86db1d262bd4c6519631356694574a36
attn_residual	1	0	1024	pos0/attn_residual-1.f32	558ad3e6dd28afcfc493fca8eda90eb133d22b61b7d0d9fc8665cbe2e31bdef0
attn_post_norm	1	0	1024	pos0/attn_post_norm-1.f32	daf01f47604b1d799ec7e974d93cb23c44c0bb8fdbae4c32102de198613b4345
ffn_out	1	0	1024	pos0/ffn_out-1.f32	b12a80537a42d293b7ad07891a192f9ff8809a2006f8eed2b61941685204b3a3
l_out	1	0	1024	pos0/l_out-1.f32	63231d0650d04cf98e297170833ac2b03bc8a02adeea20ff83c21c6dae3dc334
attn_norm	2	0	1024	pos0/attn_norm-2.f32	1a4542d7e477deed680dda7acbc56a189d8faf6c2bef62f105a6db9f56a421b2
conv_output_silu	2	0	6144	pos0/conv_output_silu-2.f32	1ba6d532b6ef69c9421439ff5be93b6a3a48a57970eb67e1814d22782e29711c
q_conv_predelta	2	0	2048	pos0/q_conv_predelta-2.f32	8d3d9b6e5e4b5ad01e46a0cbf771a986e9be458d38b3db531000a8b8aded16bf
k_conv_predelta	2	0	2048	pos0/k_conv_predelta-2.f32	1d495f4a962b756a2999dd913fe210b0576c7985661670d81117c8aa8f5c0047
v_conv_predelta	2	0	2048	pos0/v_conv_predelta-2.f32	5ba80994139171d25e4a76e35b4d1ad8813aa69ce1dc87c9b482209c0d3c9c72
a_softplus	2	0	16	pos0/a_softplus-2.f32	db17c49e115d8c315bcdb0e5dc69d977b9e5a3f01dab5a8432fd8cd5268a3838
gate	2	0	16	pos0/gate-2.f32	f87beb6f0fd9ea35378573bb4d40d89c21ea997274a5aee9298c6b2c703090c7
beta_sigmoid	2	0	16	pos0/beta_sigmoid-2.f32	524372b97ff4e2eff8059b83d5807610dabb84e6a34a21301d054dfbd523de9c
z	2	0	2048	pos0/z-2.f32	6c54c04327566f15f1876947a57a66ef9d4f88532a2ad560e17101258c9ba7e6
state_predelta	2	0	262144	pos0/state_predelta-2.f32	30e14955ebf1352266dc2ff8067e68104607e750abb9d3b36582b8af909fcb58
attn_output	2	0	2048	pos0/attn_output-2.f32	9337146cc277b1580a292b82968c8e421e00c76055476d726092ce5574ee751e
new_state	2	0	262144	pos0/new_state-2.f32	f499ed7a4a1b79473459689f7645ebf03a90785aa3e7cce9580f961a5eb2733a
final_output	2	0	2048	pos0/final_output-2.f32	d834bf52e53886b189d4920557a74de42c835062a92a9ec49ea0d136c04b1c6e
linear_attn_out	2	0	1024	pos0/linear_attn_out-2.f32	b14c70bff7b4155fcd74ae686fb293f3569c2df7737c6b4a592e62f40a1e5f3e
attn_residual	2	0	1024	pos0/attn_residual-2.f32	7c889aaa146e7f44cb60ab729f1d43547ae6642ff37d44a3d3ebe76051ad203a
attn_post_norm	2	0	1024	pos0/attn_post_norm-2.f32	2978e48cebda3cf5156a9f8cda5427e8dd07fecb494af7677577c80791445baa
ffn_out	2	0	1024	pos0/ffn_out-2.f32	445e018d42250c561b47da155a2cc96ffd195fb292e5b55a6e0c27c134684d09
l_out	2	0	1024	pos0/l_out-2.f32	773ae4710710f02f66aee40654f44b14be5c065c9c0082d4ff112960014b03d5
attn_norm	3	0	1024	pos0/attn_norm-3.f32	5a033e5112a4ac12fad8a9768b1a60bfc592ddd04df2e3eb1e4d866f938d9ae5
attn_pregate	3	0	2048	pos0/attn_pregate-3.f32	f31c9da29f1f2c49ef2d17c097cdf8ec50e5ccdcd3c60594fe4beddd127bfcf2
attn_gated	3	0	2048	pos0/attn_gated-3.f32	15b61414d57d594990ff667a4c70901e71dd50092bbbd4159de05f3969cc300b
attn_output	3	0	1024	pos0/attn_output-3.f32	837fc6f8ab936e14bcbcc18b306dd72adf3f485f28f2425ae54c8bdedfc31298
attn_residual	3	0	1024	pos0/attn_residual-3.f32	6f769f3d391f164d4e276a1c3cce3e185a369fa6b2fe9aea2e407f10d22cec5b
attn_post_norm	3	0	1024	pos0/attn_post_norm-3.f32	51b463b4e8b72452f4322113ffb608315440d595d82f049d93a80128203c67f6
ffn_out	3	0	1024	pos0/ffn_out-3.f32	884be2cf882093ce4d0b159f8e6473468aae3fcdc9a1830ce399f5cb2310af59
l_out	3	0	1024	pos0/l_out-3.f32	5f3b9e15380f4dcf6902d36f13aa1fbe4e36af296a6ed280ef411531fdd01e2d
attn_norm	4	0	1024	pos0/attn_norm-4.f32	81253c829cd9b7eee4cafe537ae2fe0bf6e9409827518e0785aba0d024822684
conv_output_silu	4	0	6144	pos0/conv_output_silu-4.f32	63f34b0a71205bbdbbec69b373049f88750a54320c7ebce9f9b0c6b6fdeffdd3
q_conv_predelta	4	0	2048	pos0/q_conv_predelta-4.f32	a67151c116b1b626d13052642f150e0029480c27d8535a3339a23ac04cd6b7af
k_conv_predelta	4	0	2048	pos0/k_conv_predelta-4.f32	f2920cbb747eb8673af573a218f0ebd4153a427fe1bc4fc51a3d03fd2ab10b13
v_conv_predelta	4	0	2048	pos0/v_conv_predelta-4.f32	75c5d4286dc65fc4851d5831eda8d56f2c5c3fb72ddfc72551e51ca896651b23
a_softplus	4	0	16	pos0/a_softplus-4.f32	31f982043cadcad1c5219e31e8dca91beaf4aca08159bc9580e846061180dba9
gate	4	0	16	pos0/gate-4.f32	882abd7077e12cfce934aa67d18e450e8185fa5933c6413a79f1056cfe8fee1e
beta_sigmoid	4	0	16	pos0/beta_sigmoid-4.f32	5c4f0b71c4116eea133d0fd7636394df555bd5cd8a5849b7ce02312a67a53d21
z	4	0	2048	pos0/z-4.f32	7e7ba3aac7a7931eada196d64faf7e6d22f469b2177cfafde8ddda4cd878f2a4
state_predelta	4	0	262144	pos0/state_predelta-4.f32	30e14955ebf1352266dc2ff8067e68104607e750abb9d3b36582b8af909fcb58
attn_output	4	0	2048	pos0/attn_output-4.f32	ab5beda4abfbb0d252d08211b6a0cbae636ced909d52c39b5a2664e225040d12
new_state	4	0	262144	pos0/new_state-4.f32	e905aac3365db715aa02ac8e4cbf341bc74dd1cc982d49d813d6a83e053f36c9
final_output	4	0	2048	pos0/final_output-4.f32	30b1d8ef4924e00623a7619b033a8bfca09443f2f6a3ed4d629175b987a5ac32
linear_attn_out	4	0	1024	pos0/linear_attn_out-4.f32	52b3e88aec7fc7e215b73a01f359656833a2e002e516b2eb066e247cd72a6b13
attn_residual	4	0	1024	pos0/attn_residual-4.f32	b83e2f012bb5aacf85d1613487cb49e5420d1f04069639f75952f546317c9008
attn_post_norm	4	0	1024	pos0/attn_post_norm-4.f32	ec0cdf42bbfb7fa4e929dbfb884285a2e4e05ace1d3fb3ca5d1a38f8a7999723
ffn_out	4	0	1024	pos0/ffn_out-4.f32	55aecac0396039b9d164a139f0207752800cb42d9f9bf300a5d587675285a71a
l_out	4	0	1024	pos0/l_out-4.f32	e8ac536da94594b5260a07508cd667deda5a22b239cc36d90b9b6cb1cf054e66
attn_norm	5	0	1024	pos0/attn_norm-5.f32	d064012acbd0cede8c93c05f47adbfebb4e9a10212992341c7904073748eeba4
conv_output_silu	5	0	6144	pos0/conv_output_silu-5.f32	ad613852a3669994d9d350cdcdf7985334c6c75255607e22c1b048135f1e5124
q_conv_predelta	5	0	2048	pos0/q_conv_predelta-5.f32	f11ba93e8d0f97cdce3228d9902bc4b2f876aec74415e29ee8aabdcc56b520e8
k_conv_predelta	5	0	2048	pos0/k_conv_predelta-5.f32	3744a3c4a0c843e2050c55ab1addaf020b93c1772f16ac60620c902746ec5075
v_conv_predelta	5	0	2048	pos0/v_conv_predelta-5.f32	c26499fab077d260d5a93663a0cfdb2cde200e5553712614212356f29dc3ffde
a_softplus	5	0	16	pos0/a_softplus-5.f32	c644e42406c13d0f40e29c7f75944a5172a7f3b4756dd6da8784aae3978c9042
gate	5	0	16	pos0/gate-5.f32	0379270948b6d09426325151c183cbe466dab8c8bd274c16fb59b9c35d69421a
beta_sigmoid	5	0	16	pos0/beta_sigmoid-5.f32	24fe59627ab6387319fef4ef41af9978c3fc014432f876519833e091f266abe9
z	5	0	2048	pos0/z-5.f32	8e04bb3ce6c65d3558163c966e44c5711bf73463a774a7129377959dce2b03a0
state_predelta	5	0	262144	pos0/state_predelta-5.f32	30e14955ebf1352266dc2ff8067e68104607e750abb9d3b36582b8af909fcb58
attn_output	5	0	2048	pos0/attn_output-5.f32	122b6a157bc5ac7d3266cda1403857182333e4ea4c834b331d698bab734402e5
new_state	5	0	262144	pos0/new_state-5.f32	97ad02fc78f2a732b5d624a5d48947d5e2d7dd18fde1ce19239eff79c9002c05
final_output	5	0	2048	pos0/final_output-5.f32	0937b6d16f73becb8c592d136a9d102d1efaf63f51cf321fb73837b38725082f
linear_attn_out	5	0	1024	pos0/linear_attn_out-5.f32	7a7fb4b27cc688bdd1ba36c2f15b6035f4664c419ed7a65eabed3f7a48c876d2
attn_residual	5	0	1024	pos0/attn_residual-5.f32	1f940512246790c79b42f3f3c2039ceb8ab146a36270b34440ae77a5c6f02c0c
attn_post_norm	5	0	1024	pos0/attn_post_norm-5.f32	46c6aadd9fae80be57ef97b9beee21d1d7a5d38f5c2279742be9d426715237b6
ffn_out	5	0	1024	pos0/ffn_out-5.f32	e11b3df1ff5bf4b950d64e4ebe58a0baf33e599b00faf36d8afb3a248826833b
l_out	5	0	1024	pos0/l_out-5.f32	f0e55d3945127a4e462d0524c28968d73bcf197bd896c0ef2bb3a88b96adc4a3
attn_norm	6	0	1024	pos0/attn_norm-6.f32	40bddc1cc50cb4e32952922c2ede66fee3668581939c80817872e9123e1acae0
conv_output_silu	6	0	6144	pos0/conv_output_silu-6.f32	a6fd88d47d9ae3b8f3c2e8f7bc0b9b213d0d99a44036211a2926825217e3cb5b
q_conv_predelta	6	0	2048	pos0/q_conv_predelta-6.f32	63cfefc17f42c1cfa9a8df345f2b2da79d4f876c5119a1909c52e12c8a386a18
k_conv_predelta	6	0	2048	pos0/k_conv_predelta-6.f32	b94d984f35aa204dae136281b7c3699a07d9b711cad4e44c170acd6643ca25d6
v_conv_predelta	6	0	2048	pos0/v_conv_predelta-6.f32	65dd8fc2f9d24297a32b2f41e0e62f37a08ab0424798fc24f7cf73a092d39bb3
a_softplus	6	0	16	pos0/a_softplus-6.f32	9628f2f02993a579104f441c92068d6e65f40ecb2dbd8036992a8fcd64555a63
gate	6	0	16	pos0/gate-6.f32	71b19e5d4e6426cfaae2f27e9179a4410635c2277f55aec831b9f1b00cfb577f
beta_sigmoid	6	0	16	pos0/beta_sigmoid-6.f32	4d09b0c0b72f77bf151975b10ac385ccd496ff55cabec9f38f09d5cb8390452b
z	6	0	2048	pos0/z-6.f32	652e034b3541210bc3edea17edc03952e87eb29d700fc7446e97e378b3577fec
state_predelta	6	0	262144	pos0/state_predelta-6.f32	30e14955ebf1352266dc2ff8067e68104607e750abb9d3b36582b8af909fcb58
attn_output	6	0	2048	pos0/attn_output-6.f32	b613baced23a4e2b2fc1aa24faad048d0cfa49697761774d273c458935f2b947
new_state	6	0	262144	pos0/new_state-6.f32	0820c03aaaaa430f58585f521fb69a36157801896cc592c41bb488ab8bc80368
final_output	6	0	2048	pos0/final_output-6.f32	4c9def3c35ade56b8d55e5f2105b3748700ba0d8c7187cb6c3f5da918a04c79d
linear_attn_out	6	0	1024	pos0/linear_attn_out-6.f32	e6b10219af1453b07280e8aaed6d4f42ea879225d911365aff7962bfefb31f80
attn_residual	6	0	1024	pos0/attn_residual-6.f32	14bb56628e585f76787e456b68625cde4d7357012e2527507c6fb0268792a3f9
attn_post_norm	6	0	1024	pos0/attn_post_norm-6.f32	cf592f720d7d745f6e087ad5dd865b0bf0c006dc02c07782fa88bb5c45e9cd3b
ffn_out	6	0	1024	pos0/ffn_out-6.f32	8aa9fff0f02bcc6b9dbff9d383e9840c30b053a20e550024a76808a596ac6edb
l_out	6	0	1024	pos0/l_out-6.f32	9c7ad6355a61f93aebd40dfa6380cba3aecd3057052ff780d8f5eb0b01e3421e
attn_norm	7	0	1024	pos0/attn_norm-7.f32	582ad47ce8e5bd714b4199db47a4e7b3698450d94d7842e55c8bf0e4c652cec5
attn_pregate	7	0	2048	pos0/attn_pregate-7.f32	c7a233bf19b3799f81da45f098caca07608591c56755ff7cd8915a9ca84eecda
attn_gated	7	0	2048	pos0/attn_gated-7.f32	aaca8293b0ea30ddd73bc7aa2d7b28dab56a94a70d2eb89cc53bf7e58d20d272
attn_output	7	0	1024	pos0/attn_output-7.f32	6e63cd7c1dc78ec39f28d47489d983f0572ea7641dd4e5e54be28e6e1e71ecd3
attn_residual	7	0	1024	pos0/attn_residual-7.f32	d2a07e2192bde009f65b078395df167c929d0b5749acd1423846caa66d5a3460
attn_post_norm	7	0	1024	pos0/attn_post_norm-7.f32	b50a365ae28d5e92ac90e48569c1a87f0850ab6ce72832a77112447aa05f4468
ffn_out	7	0	1024	pos0/ffn_out-7.f32	dfc1ce585c29ffa44572d451aac2ef835df300030496098f3773652137479841
l_out	7	0	1024	pos0/l_out-7.f32	8de613c81ac4a348ef1429cc4c4bd5e59b7af0351c65beb42ac4b7d93a46798a
attn_norm	8	0	1024	pos0/attn_norm-8.f32	9b07ef3b95afb4aff32cecd737cf2a9cc5c4cc32d25ec0911e65a16f79531d9b
conv_output_silu	8	0	6144	pos0/conv_output_silu-8.f32	690705e17efdfea757463cfc2d994dfd49147bd74996c26b484d12dffd60376d
q_conv_predelta	8	0	2048	pos0/q_conv_predelta-8.f32	6d1008557381e0847240dd68288d0a987685507bb904d5b930b68b2219bfde09
k_conv_predelta	8	0	2048	pos0/k_conv_predelta-8.f32	0ae6d2dedce8913197e982fa310d506c4fedf299fb448f578837f9d6a0c647b1
v_conv_predelta	8	0	2048	pos0/v_conv_predelta-8.f32	79e0b7e3aed086e99b504d3a6d74d880f5c3d1cdb298634814cb49e7e9081ae0
a_softplus	8	0	16	pos0/a_softplus-8.f32	99ec4aa71c5b4fd3946e66400a7932a390ee1833fc666aff4e08c935928df9bd
gate	8	0	16	pos0/gate-8.f32	008754af0bc2dae7636b903c52d32673d3f863e3b9e993f8d2a3325d44ba9b6f
beta_sigmoid	8	0	16	pos0/beta_sigmoid-8.f32	aefcb95745f4d080195d30c88c5a89753b87de9baa15d06ea5c1d0f8aa8450b9
z	8	0	2048	pos0/z-8.f32	f010651dfda9ed16b72ae2667b6aaff17e4f60378c6dbb625655f9c3ee2a2566
state_predelta	8	0	262144	pos0/state_predelta-8.f32	30e14955ebf1352266dc2ff8067e68104607e750abb9d3b36582b8af909fcb58
attn_output	8	0	2048	pos0/attn_output-8.f32	60b032332ac56b58b3ec4d4beadd04c242400893b7ca3e5caeb858a944fa79ba
new_state	8	0	262144	pos0/new_state-8.f32	4bfdc470b362fc0631a5702f91129b505c1bb7998f2485a15727760059971d7c
final_output	8	0	2048	pos0/final_output-8.f32	fba317a536077682bdf3bebf7a116c129b359c880788e889006cde610b0aecaf
linear_attn_out	8	0	1024	pos0/linear_attn_out-8.f32	69fb0a91b11b17fc2f6b8d781e3f1a6b91ceb2baef68096efb8f9eaf8466485c
attn_residual	8	0	1024	pos0/attn_residual-8.f32	60133cab8b611d8a1766dada7488b992f7009ee46dd53a73dd2062370e294d17
attn_post_norm	8	0	1024	pos0/attn_post_norm-8.f32	3a313b448dd8620b4ea0519fcf4c012fa77fa1d60260b5478a71588187191e6c
ffn_out	8	0	1024	pos0/ffn_out-8.f32	c070806969726837ba8418f88cb21478e0db459ca47a05bf0f468db23636ae0b
l_out	8	0	1024	pos0/l_out-8.f32	3c7244b9e1dd3fcd2e6f691667cfbcdee0bb7f4f7373cc1f7b9d1b10e1c2a5ed
attn_norm	9	0	1024	pos0/attn_norm-9.f32	37dd6a35a7aba9eb229123bda98a89efbe72399dc7b90ae3824b52825e122e1f
conv_output_silu	9	0	6144	pos0/conv_output_silu-9.f32	e9b4ecadd9a7c3de9aa77e44c31520cc1f06d8f1fcfa302414ed76003b615892
q_conv_predelta	9	0	2048	pos0/q_conv_predelta-9.f32	1bb0bf7e2600029facb9535035eb28900a4076ea8919452e48a521a6b45776dc
k_conv_predelta	9	0	2048	pos0/k_conv_predelta-9.f32	5b3a768228659285f36080bbef6c685d1fde128feed02cc58a9175cf7e83b15d
v_conv_predelta	9	0	2048	pos0/v_conv_predelta-9.f32	aab342320b56ce9466a4e84d090f5dbee1f7fe34b18224fe72ab5ff5bf69d1f2
a_softplus	9	0	16	pos0/a_softplus-9.f32	30d34faa6ef6450e69d990b7b7632bbb0a363ead4aa01de1246a0ea1ec91acce
gate	9	0	16	pos0/gate-9.f32	bd9177ffbeb847a6aefc49b48c1dd3750e83f233ebb8acc5ef41b3263862d256
beta_sigmoid	9	0	16	pos0/beta_sigmoid-9.f32	db0fa3a30bd01985f92f5aff3a9f2a8f7cd465e7bbb5359eaa525a71e9207dc6
z	9	0	2048	pos0/z-9.f32	759189f4310eb5d7b49b91a9ac53e245e56d92e01494bf6294d8689b6c0458aa
state_predelta	9	0	262144	pos0/state_predelta-9.f32	30e14955ebf1352266dc2ff8067e68104607e750abb9d3b36582b8af909fcb58
attn_output	9	0	2048	pos0/attn_output-9.f32	4c23635948d7d2c91e2d086aba7f8e5b6343587759da530080e9fe7a38dbdf9e
new_state	9	0	262144	pos0/new_state-9.f32	413baecd0f42fe196c7bc1403f686a5d935bbdb0c0e13f7d0613e9826baf7fa3
final_output	9	0	2048	pos0/final_output-9.f32	c33d5d875997007f89db6af86d4c8017d8ae0a7d996edfcd282225735780c508
linear_attn_out	9	0	1024	pos0/linear_attn_out-9.f32	1f6c4b87b49594908bac416876447d4b85e3a8151a8bd73f1e20cdcb7a7b3e3b
attn_residual	9	0	1024	pos0/attn_residual-9.f32	c43b4d543f48390c99ae39b3af837a0e8ad539517404fda2a61e950ac58d1d85
attn_post_norm	9	0	1024	pos0/attn_post_norm-9.f32	06e99678a192ae490914fd606eb61b79ac1e44197b7000737394376fd2a7fff5
ffn_out	9	0	1024	pos0/ffn_out-9.f32	fb9557c34b89f8398340a4b252f17a9864ea6175eb97dfd6bea2bcd3194ef9fc
l_out	9	0	1024	pos0/l_out-9.f32	63f6aa955a734aaf840124fd122f0a58c0edeb72815895a97622ddeba8a9dc82
attn_norm	10	0	1024	pos0/attn_norm-10.f32	20747d394135c7b9cbef248060e295dbcf39d91fda1666a18a278ce9f67c9965
conv_output_silu	10	0	6144	pos0/conv_output_silu-10.f32	62b7ea875ae6cd09d73ec161d83530c3ffa8b06d2fb9933771b73ef38e9d630a
q_conv_predelta	10	0	2048	pos0/q_conv_predelta-10.f32	629e7bb3d5995b1c003069fe64e869fce6eedc855a08947f79c6b6efd04b72dd
k_conv_predelta	10	0	2048	pos0/k_conv_predelta-10.f32	ea84f17a761d4b252cb8ada7b92be3037a350fbbd38760e94699e8ae6efdf22d
v_conv_predelta	10	0	2048	pos0/v_conv_predelta-10.f32	bb2a7ceffc7805e36d1e8befd32f13ffc609600dffa5df64020e54a9e71ebae4
a_softplus	10	0	16	pos0/a_softplus-10.f32	22d9d1b0e05fce59f185fe18847be3d4271137cb29eb188112b8eded2e746f11
gate	10	0	16	pos0/gate-10.f32	7a541e5a792fe229a0d105ddd46e7661cf3f57457cb30cbdc945569b4532f1b3
beta_sigmoid	10	0	16	pos0/beta_sigmoid-10.f32	e5d5368dc450f1968a296a520ca4b6411e156252c4be4ae1b5252680e65bc625
z	10	0	2048	pos0/z-10.f32	b278ce581d53e8ca02cad361d3d715fce16ea56e7dbe70c983a1a1273d9a1771
state_predelta	10	0	262144	pos0/state_predelta-10.f32	30e14955ebf1352266dc2ff8067e68104607e750abb9d3b36582b8af909fcb58
attn_output	10	0	2048	pos0/attn_output-10.f32	6c12bc25aa885f312d7b8a9ba1589085ef682e1bcb2b60bb5742e0e7d04e49d2
new_state	10	0	262144	pos0/new_state-10.f32	6aa3545dee4acb3d87a1474eccdf8c74781293f219d3f759bea63d1cf79f9c38
final_output	10	0	2048	pos0/final_output-10.f32	cf7bb526b9d2b77774957fd9d75851337c99b1f1db934b76d6709e7c90221686
linear_attn_out	10	0	1024	pos0/linear_attn_out-10.f32	af8142bd3d54fc1f635f48090d4c38f9aaa01cbcf9202e9c33f156d9ffdf4e95
attn_residual	10	0	1024	pos0/attn_residual-10.f32	c20c30968327eac8ce862b35f126c593761bb074b0f209fc66b2f9bdc561da2d
attn_post_norm	10	0	1024	pos0/attn_post_norm-10.f32	6e7d975412a5d0357f454cb4e250ba0d08067ed4ad8c328212f1bb061427697e
ffn_out	10	0	1024	pos0/ffn_out-10.f32	65bf9e4626a3dd92482c37be570df5413fcf49b638d4bb418f8bee966f584b60
l_out	10	0	1024	pos0/l_out-10.f32	7a891d9f250a8d16c2a9efb0d34860de19d5d0756be325d8d32262d8514fbce1
attn_norm	11	0	1024	pos0/attn_norm-11.f32	0ef641c98343ba0ffe306d974987a04784b314a300b7455b8627cb84ea5d5b5f
attn_pregate	11	0	2048	pos0/attn_pregate-11.f32	2d397032cf30bc102366802fd5fbaf5d3a302b2c761adeecc1f318defca90fb6
attn_gated	11	0	2048	pos0/attn_gated-11.f32	257e3af170a7e0dadd2c3ddfe63b255651d66462cadd3aae81f25379e0986707
attn_output	11	0	1024	pos0/attn_output-11.f32	c6d7e0a86ac343d23428493b30c0f3fdec5270d2f2916eb50b36544a67ac3f06
attn_residual	11	0	1024	pos0/attn_residual-11.f32	c084c6b4e9214dec889d7ef8b4ef0409ba116c0239709960472fa7db5cc5eda3
attn_post_norm	11	0	1024	pos0/attn_post_norm-11.f32	769282f44014d89bfbfc7d5943b032743c0b1b26bbac89754603783e11cc16a3
ffn_out	11	0	1024	pos0/ffn_out-11.f32	593f1aefdd730bec038a6546246805ac93d4d351607094ee9e7ddb83f451aa4b
l_out	11	0	1024	pos0/l_out-11.f32	1973d4d154ac3989c487f35cacc3b5231ed915d926e35f1db0898753f2946ce8
attn_norm	12	0	1024	pos0/attn_norm-12.f32	b55895bbbd5f035d18b941566644b8590b4296226810a13af4324870994f573c
conv_output_silu	12	0	6144	pos0/conv_output_silu-12.f32	d30f713637c945621d896bb6785c86f99abe503c2765e3587f4b5233fac8d064
q_conv_predelta	12	0	2048	pos0/q_conv_predelta-12.f32	b7aa811a1354bf0d77bc59c611ed6b7894ee5392427f7627d902239018c933eb
k_conv_predelta	12	0	2048	pos0/k_conv_predelta-12.f32	3da1d8f51184e1e025c8ce2c0e2a6ea8bf19fdd811d816a7437393cdf691bfdb
v_conv_predelta	12	0	2048	pos0/v_conv_predelta-12.f32	85a01cd5d21920507f7698181c272ef798ae0393e226c950b89b1fb0854c957e
a_softplus	12	0	16	pos0/a_softplus-12.f32	41355db9b23e81dea21c979d34765a4e755bc84a1bb4bb28ca8d451dc7e91a7d
gate	12	0	16	pos0/gate-12.f32	53fcbe98af4a7746a06bc86af33cb056ef89a1221d584990ca52c3483192caae
beta_sigmoid	12	0	16	pos0/beta_sigmoid-12.f32	8c294d8b81c521c6c7169c7d2ed07e5c6eaa24a721be6d89067f8efd7568b9f0
z	12	0	2048	pos0/z-12.f32	2ab87b8154efea80408c4409da3aba582302e691de0e198083bffbe54b70d045
state_predelta	12	0	262144	pos0/state_predelta-12.f32	30e14955ebf1352266dc2ff8067e68104607e750abb9d3b36582b8af909fcb58
attn_output	12	0	2048	pos0/attn_output-12.f32	d209ba3bf1da1ba53665741e14a922e9a9d90516daee2572e9ae9af3d6ccf01e
new_state	12	0	262144	pos0/new_state-12.f32	5602a031f99f9cdfbec47ed5d484d95a97d38d5f22fb1f7a440ec59a51b9a173
final_output	12	0	2048	pos0/final_output-12.f32	99bbc122d926d43175d159ebf97e6c9655d03daf24bcc89c9e2e1d9e9eeb9092
linear_attn_out	12	0	1024	pos0/linear_attn_out-12.f32	33d90f873735b9548c1dc35b0a16c26790ffac74d360bc11935355e15da218dc
attn_residual	12	0	1024	pos0/attn_residual-12.f32	1e168d6d6a1883e2daec59ddc019ef066b9cfdd1d9ab908bf5080f4bb260226f
attn_post_norm	12	0	1024	pos0/attn_post_norm-12.f32	87e48fb491403af11e3c53585b5a993ff0b0d148f763350bd86f54e19cd9f704
ffn_out	12	0	1024	pos0/ffn_out-12.f32	a2b6d86349d68f514080894dff2c068a6a105251f3c6ca988d1a252fda1f9d50
l_out	12	0	1024	pos0/l_out-12.f32	7025caa02d0781fb8860f055291bc30c6df726b241cc6ef0db818d1395add5ec
attn_norm	13	0	1024	pos0/attn_norm-13.f32	0020a0dee4862dae086addac995661faa32f357ce485d5b18f21b011659e99a3
conv_output_silu	13	0	6144	pos0/conv_output_silu-13.f32	9c2680ff528f5db947598e8f27d601bfcb41e93e347c143c859347374b522e84
q_conv_predelta	13	0	2048	pos0/q_conv_predelta-13.f32	0dcd4c0dbf4686d906f55340c20f078d97a6d3259e92cc728fbdc0340731a178
k_conv_predelta	13	0	2048	pos0/k_conv_predelta-13.f32	402c0d522f89b0d267c666146227f44bc0042a973efe90d2bdb81ac3bf5e549f
v_conv_predelta	13	0	2048	pos0/v_conv_predelta-13.f32	e81355faa8baab83849bc7ec3d3965c51f5a4653366d21a167ea112d741b3200
a_softplus	13	0	16	pos0/a_softplus-13.f32	e0783fed800a008093a92f5096ff0ecdd92c489c78319322fffa25b865a4a639
gate	13	0	16	pos0/gate-13.f32	f2c027d59072ae3d86ea1ab532772ad08f720315c525d396de75d37c4dba2b8c
beta_sigmoid	13	0	16	pos0/beta_sigmoid-13.f32	d4e37e6134b6ff884f6228f9ce11ac37eadb949328493f02bbf9d36116d3d1bc
z	13	0	2048	pos0/z-13.f32	aaceec7ebc7146c2068f00ccc0ab46b4ef3e2a24172449f4416ddb889070c691
state_predelta	13	0	262144	pos0/state_predelta-13.f32	30e14955ebf1352266dc2ff8067e68104607e750abb9d3b36582b8af909fcb58
attn_output	13	0	2048	pos0/attn_output-13.f32	ae389ce448adcad57bb90e86f82cdfb654960abfe17c8d951c0186586ffa046c
new_state	13	0	262144	pos0/new_state-13.f32	ea5f249376121687c2667075e326271b7762ddd068b12342fb6361a91beb0101
final_output	13	0	2048	pos0/final_output-13.f32	5424aff726db74f60ea2e16653df55468d880d4552892ee0e69216a62c790499
linear_attn_out	13	0	1024	pos0/linear_attn_out-13.f32	f7ed45cefb480dd7fc7246e23f9bfda7f55bd301a0e2ba829684c72172faf049
attn_residual	13	0	1024	pos0/attn_residual-13.f32	5fd61873490664e51eababde04b374da8117cdc565074f8fd8b848c0ab051694
attn_post_norm	13	0	1024	pos0/attn_post_norm-13.f32	560c804183a794d68cb3bede56606fa9e9d87bee8c80d06aa65361122a9e31e7
ffn_out	13	0	1024	pos0/ffn_out-13.f32	db937792cddd577945dd1cd0803a7ff5d2c1fc94710c25b93e943755ee0d54f4
l_out	13	0	1024	pos0/l_out-13.f32	a28e90bccce02001d5f54b5197418aaa77529b2ca8d3e09a3bcd90c3d57d7bac
attn_norm	14	0	1024	pos0/attn_norm-14.f32	ee6e4ac2c7330e4177e5847293ef1443a076b823237e91a7c24bb4d360cdb93b
conv_output_silu	14	0	6144	pos0/conv_output_silu-14.f32	2a27f65832a673dce08c3a5f79652a49137914fc016f51bedce18d9a6d5ac27f
q_conv_predelta	14	0	2048	pos0/q_conv_predelta-14.f32	c2344964dc839fd027c5f08bbcc4c5ba6e27bf913aa3ae7d0ce881f5d83191ee
k_conv_predelta	14	0	2048	pos0/k_conv_predelta-14.f32	ec0bfc47134931cc0f4e8fbdfe1e2a45b0db939c633b9e458a4e5d1c536255d2
v_conv_predelta	14	0	2048	pos0/v_conv_predelta-14.f32	ae2ed16ad6780b0552e3feeeb72dbf85d622e4e334637af4cd4d6b7ebc23b0c8
a_softplus	14	0	16	pos0/a_softplus-14.f32	693688d6a9e58037b743ad85b2e0de2850446538d57285bf92a162d3a7563b82
gate	14	0	16	pos0/gate-14.f32	83a3154c3f5f1095df3fda761ed010637bd9610fff7b70fb0dad1ec68e11ff81
beta_sigmoid	14	0	16	pos0/beta_sigmoid-14.f32	fde52f69a7442681edae7ec8ce2e43190cc93461b27ed738d783310d5a52b6c8
z	14	0	2048	pos0/z-14.f32	e7528a23e125ac2f4ebd6bf8651a94e044399c30621b51b68f35b9be9c94791f
state_predelta	14	0	262144	pos0/state_predelta-14.f32	30e14955ebf1352266dc2ff8067e68104607e750abb9d3b36582b8af909fcb58
attn_output	14	0	2048	pos0/attn_output-14.f32	1a6ad15d70ad0e5efe5bdf11e30c988d4edf977e7b02814c91d6eeccfe14b73b
new_state	14	0	262144	pos0/new_state-14.f32	2c35b3be8179dd9e67e8dfb37d8432312fc7bc7ac4c0a045a26c36175a54e90c
final_output	14	0	2048	pos0/final_output-14.f32	59e609cb817d7a0ac979655c80b902a0d445d0d33e666cf6bdd4c5f96dc8f600
linear_attn_out	14	0	1024	pos0/linear_attn_out-14.f32	d6b5d28acfa7b963dd8d0cedc436dba29159114bff27dac885358e233d1ec04c
attn_residual	14	0	1024	pos0/attn_residual-14.f32	747ecd925193412c18e84f7e3b68c5e2243dd9e5d2220ff2e546d527a133d8d5
attn_post_norm	14	0	1024	pos0/attn_post_norm-14.f32	1a77be2f4d11582e56ab4ae7c9683c5268c2a45b684191520244a23d7b5a817c
ffn_out	14	0	1024	pos0/ffn_out-14.f32	4abe76ec459ef6c5ae4abc14641c9a02fea1c38c670441021cf7c0773400a3c8
l_out	14	0	1024	pos0/l_out-14.f32	c2b86a882e30679fc7691f823199f991ed07aaf96773e0d485a22b45cac94fbe
attn_norm	15	0	1024	pos0/attn_norm-15.f32	51d8c2bb645ddc3467cbe159247f322d811b999b50fead741a9c67d9c33b0269
attn_pregate	15	0	2048	pos0/attn_pregate-15.f32	72c72f213422523716546885ce4298988ca006fd68c0c8c40faead1735174321
attn_gated	15	0	2048	pos0/attn_gated-15.f32	3b7667163b5d388bece881dbbe5281fec768bdaee8af63abf1af19bc94ee7d6d
attn_output	15	0	1024	pos0/attn_output-15.f32	97ef309fbe0590a730ad7531e90e8b961e8c05a9e342a7664dc14583626114c7
attn_residual	15	0	1024	pos0/attn_residual-15.f32	c07d3ad6371dd0cf91ad5e38eee0604bd0b68a7a694b0ea3a65f848a7181dd9c
attn_post_norm	15	0	1024	pos0/attn_post_norm-15.f32	84a5e962128ed59799e6fd26de13b92dc94487bf5bad9f4446ed1fc048464891
ffn_out	15	0	1024	pos0/ffn_out-15.f32	48325d099c36cebc22c5ffc7e513b5ea2501704d97b7978d3903d0f1286d925f
l_out	15	0	1024	pos0/l_out-15.f32	64cbe1c2ad0324563b0f255a893a0f11ee763f716ed9ccddbbca672462ece3be
attn_norm	16	0	1024	pos0/attn_norm-16.f32	03e5db4c92b8a971c8dc079040b3afa0cf2eaa26180b2f0e7de572c30299105c
conv_output_silu	16	0	6144	pos0/conv_output_silu-16.f32	bf9731b383170c2d801db46ce865210b529af2fa2efbf094426bc91fb6ed1e2f
q_conv_predelta	16	0	2048	pos0/q_conv_predelta-16.f32	626ff71f0f71ad9d4105174629eee36b2f7ddb9e11b9fc491831c46e565f45a1
k_conv_predelta	16	0	2048	pos0/k_conv_predelta-16.f32	88ca292acd62e856a5d0a5f06cc80f1656b230eeac080fb1cb44b640668e6edc
v_conv_predelta	16	0	2048	pos0/v_conv_predelta-16.f32	a8b02dc24642a2511f3e922d795bba7cd9fbbdd3f973def04a591cb3ddf39dc3
a_softplus	16	0	16	pos0/a_softplus-16.f32	c598b91e1ad83091f3f68e2d7342969429f5d57555dd2a64ca28e7a66212a1f5
gate	16	0	16	pos0/gate-16.f32	3cd7f00a3b86261c33bb8a3f40c8d6b7d165030096b8a3dad23b2822111e6c2c
beta_sigmoid	16	0	16	pos0/beta_sigmoid-16.f32	54e4af6d223a1f4ae84fbc36c6feb11d8e7191de5b3ff59f8b75e0eb78387c5f
z	16	0	2048	pos0/z-16.f32	10bc0811a2f999bcb32edb5fd40036f5c1f84ff58f33ff42cd7c60e4dd0c2cff
state_predelta	16	0	262144	pos0/state_predelta-16.f32	30e14955ebf1352266dc2ff8067e68104607e750abb9d3b36582b8af909fcb58
attn_output	16	0	2048	pos0/attn_output-16.f32	1df71789949f26d264fb6ce4cf093815504f4e44c0bbf11e4313ddc6c030970d
new_state	16	0	262144	pos0/new_state-16.f32	b7911b5300d896ac511910fc7137900e25d42a47348b058658f11a5665c26f3b
final_output	16	0	2048	pos0/final_output-16.f32	c02495bd692f827fd2e036677e60aecfb73f4569c9857fe522964d12daab156f
linear_attn_out	16	0	1024	pos0/linear_attn_out-16.f32	da4e3d7cebca095e504734ae34e5e70e72c283b81d01e1263818127e20ab9170
attn_residual	16	0	1024	pos0/attn_residual-16.f32	cae7031a7e9058aeada291ed008f0aec1e8d7d7585e4033b9764f07db7dc975a
attn_post_norm	16	0	1024	pos0/attn_post_norm-16.f32	253811484d25618bad5afff3833531171277a262857340ed704980decba56c63
ffn_out	16	0	1024	pos0/ffn_out-16.f32	a576c9df4eb6f4d2a90b10ebad7fce93064680a7b9c73d49d4d404f74f7fecf9
l_out	16	0	1024	pos0/l_out-16.f32	7831ee3720683b082a7da127e1ccf25fcf6ad457be1383482219560d92646b9b
attn_norm	17	0	1024	pos0/attn_norm-17.f32	4284aa24d8cff700c86837aac67ea8d4abc1965b77a36b67c934910fbf84aa13
conv_output_silu	17	0	6144	pos0/conv_output_silu-17.f32	d97f230365909885dcf32eac736cfa27f660527bff56295812673e918b46508d
q_conv_predelta	17	0	2048	pos0/q_conv_predelta-17.f32	0f57bcc41acc70bc427fb70daf810c1585677f715803bb302758d51aa441a859
k_conv_predelta	17	0	2048	pos0/k_conv_predelta-17.f32	1319a44384e94916a7c7976f4a5b05a2ccc985cdf65fe050512c3544ac968ce7
v_conv_predelta	17	0	2048	pos0/v_conv_predelta-17.f32	8cea52d0120c8e2abd1040c4bd6a114f97bf7363e93a4d39ecc2a01b4d414014
a_softplus	17	0	16	pos0/a_softplus-17.f32	13825a06c21db683ee6bca137169478efc9a3dce24f54b7844b793127e476781
gate	17	0	16	pos0/gate-17.f32	e9348dc56b3358bfe51efc9d58e3cd642ada56d24abe5de1cd1f490f161ecc16
beta_sigmoid	17	0	16	pos0/beta_sigmoid-17.f32	1905630047d755c84f4eb72dab3404a62789ec69805d157954206d6152f73b60
z	17	0	2048	pos0/z-17.f32	27eeb14662a6df24dba7f7c2039c6c6d4b3f078b8ff5b2aa61acde2d5a35005e
state_predelta	17	0	262144	pos0/state_predelta-17.f32	30e14955ebf1352266dc2ff8067e68104607e750abb9d3b36582b8af909fcb58
attn_output	17	0	2048	pos0/attn_output-17.f32	b0801d8f4e28ea5ecd132ec73f35ac8536738bb7a365330d1e433e202d1b6e48
new_state	17	0	262144	pos0/new_state-17.f32	3b87acf9e85416c4d0e590018191a6f357bfd853ef53d28851ee724726576391
final_output	17	0	2048	pos0/final_output-17.f32	7c976c28539bc67ac9e55143c9db94f4437a057ed39ffcd193918b8dbd2b0e25
linear_attn_out	17	0	1024	pos0/linear_attn_out-17.f32	7860e9e516f01f0b320b39a7ea6474eaf91bbbe0902e86f7e3c6fbd35e4d65ac
attn_residual	17	0	1024	pos0/attn_residual-17.f32	1dd5532f1995662f6fdf240ba79162e1bd8112d541f6ae4f8e7c67f254f20a6c
attn_post_norm	17	0	1024	pos0/attn_post_norm-17.f32	e81f071c434f9282567a07e519402cdaf6b27dd370600b18081f801be23a7047
ffn_out	17	0	1024	pos0/ffn_out-17.f32	f266ef42464169b61008cca25353ae23e1e070c015fa2399dcb5862381df4057
l_out	17	0	1024	pos0/l_out-17.f32	225d783744334d86a36695474a824002f7bce5e2391f4baddaae77df2f8a1fac
attn_norm	18	0	1024	pos0/attn_norm-18.f32	9725404c7209f852cdd3e07715f9b5c04befd09dd798eb3e7df74ada5a5b1cd6
conv_output_silu	18	0	6144	pos0/conv_output_silu-18.f32	5e4f7659562f325a9799c425b60b7b137989a4e0895533c0de2e8685023c0a46
q_conv_predelta	18	0	2048	pos0/q_conv_predelta-18.f32	00991601982e9da143643cc1c154f2aa82ede978eb6ca64222ec3116fb48f63c
k_conv_predelta	18	0	2048	pos0/k_conv_predelta-18.f32	ca64938f724e56870e619ab6b47b4838975f97b3fe42555311edaea6f2e50205
v_conv_predelta	18	0	2048	pos0/v_conv_predelta-18.f32	2d05c82ee77ccfe37d3d60ade4483e361f8924abd66cda7fbfca6d1159254185
a_softplus	18	0	16	pos0/a_softplus-18.f32	d3490e8c0256b87005e6949471bb10f669205956950dbbaf1a89a7d04cbca690
gate	18	0	16	pos0/gate-18.f32	a0d594386bff88c9995bb72b0463037952b36f41151bc59aa44d211d2bc7ae48
beta_sigmoid	18	0	16	pos0/beta_sigmoid-18.f32	3ce557ee926b3f3d6ca83b4886171affccb89c7403114cf64ba9d920b356342f
z	18	0	2048	pos0/z-18.f32	913d4b6ca98b445cdda8252243f12d42c231a28e7a15b5082956095a623e63c9
state_predelta	18	0	262144	pos0/state_predelta-18.f32	30e14955ebf1352266dc2ff8067e68104607e750abb9d3b36582b8af909fcb58
attn_output	18	0	2048	pos0/attn_output-18.f32	b0b90ebf2bd711617079f68a6af96152239c3c57ebb9173387d37ff366f64bcd
new_state	18	0	262144	pos0/new_state-18.f32	d18e020c2ed7b212dc2efbebcab6a052d3dc5140f0cf90b2226b45ab91558e42
final_output	18	0	2048	pos0/final_output-18.f32	9e8ba1d75254eeec13c12afa8d6dd1cc833309a021625441f88ebf431a1d5f4f
linear_attn_out	18	0	1024	pos0/linear_attn_out-18.f32	14f08513365521a6313617b9465cf117bfe3a825642fa8d07b75c2707bc7e8b3
attn_residual	18	0	1024	pos0/attn_residual-18.f32	baa9362916a271f13f3d0874f9bc800184c594202ce7fc615b5c665bddce4aca
attn_post_norm	18	0	1024	pos0/attn_post_norm-18.f32	82d65c6b04956bedae7aa614b67db8a9fb7a7af6482c52dc441cc43f515e1301
ffn_out	18	0	1024	pos0/ffn_out-18.f32	6c539526b6d911e4c0441a38cbcd9de6fb692cc6b0e0d18dd4d1086bd4455485
l_out	18	0	1024	pos0/l_out-18.f32	526ccfddff08fe832cefd6df93ea51e2b9eb1d14ef5a4f989cbe63818b6be2ce
attn_norm	19	0	1024	pos0/attn_norm-19.f32	52389d4520fa28431596dd35168bb02ed8b7b54f2b5b268861e5212914c645ba
attn_pregate	19	0	2048	pos0/attn_pregate-19.f32	c5b324e61070f62d38915b8d4b6c0a877ed34a0d815b7521e00a1d5649fa18f0
attn_gated	19	0	2048	pos0/attn_gated-19.f32	d5a30e972219c031ea4161ceed2134972a7625ca385ce5576f806f7c7cc36172
attn_output	19	0	1024	pos0/attn_output-19.f32	116c2f7cbfa76ed064f6dd57460270e29bf4c282ad01cc13cd04b1c1b4fcb565
attn_residual	19	0	1024	pos0/attn_residual-19.f32	67a037b10928ecb7b194413d095d23cf7a74a502971b3fb8a54d2f3024799d98
attn_post_norm	19	0	1024	pos0/attn_post_norm-19.f32	4ea145b81d0bf0e4591443bb646153e5ab349a961843ca5362d177b78d0040ae
ffn_out	19	0	1024	pos0/ffn_out-19.f32	de354791173db591cd2b7699c99242d85c6b8ceda625218473c1925ad2e775d8
l_out	19	0	1024	pos0/l_out-19.f32	1b7e86d8219b40a949c677d684cc95c96a440a419d6f5331bee722547e614124
attn_norm	20	0	1024	pos0/attn_norm-20.f32	ee698e839a5e024d065aa6765a651abe388f39a2f85c8bea1d95a27d4799f72b
conv_output_silu	20	0	6144	pos0/conv_output_silu-20.f32	8bc4d65fdae81f4edfaa180041798693040e270b9d72dbb1725ead89154084f2
q_conv_predelta	20	0	2048	pos0/q_conv_predelta-20.f32	87dec4f69f516f80196f285bc636badbe19f0946752b7d7b3880158ef931665d
k_conv_predelta	20	0	2048	pos0/k_conv_predelta-20.f32	96276eb6c7af72b9d8e5a0ffb99300f8680ee615edc3a31fa266e96170533eb5
v_conv_predelta	20	0	2048	pos0/v_conv_predelta-20.f32	2ace6ebd2d95b3a4efa28e261ce1155465e251137d7ef4fcf42540153b472f1b
a_softplus	20	0	16	pos0/a_softplus-20.f32	5b0deadc8f6108b01655043141f7a44f25df005d3f5a77d41369df10b9d94bf8
gate	20	0	16	pos0/gate-20.f32	64e423603fb909b943bc59b4ac1d0217a61c48588b39c06ebfe0fe1f48aaf0a8
beta_sigmoid	20	0	16	pos0/beta_sigmoid-20.f32	f60212f228610e3d8bfac43e6dd58ec879787211ee1117480fd6b0fd64cbbfd5
z	20	0	2048	pos0/z-20.f32	37f148beaa39011eee116469e44b14de5c0fd45f346f8622c3a650a19a8ede63
state_predelta	20	0	262144	pos0/state_predelta-20.f32	30e14955ebf1352266dc2ff8067e68104607e750abb9d3b36582b8af909fcb58
attn_output	20	0	2048	pos0/attn_output-20.f32	6b3e12d6c8ab6c9f2fd4fe2e707aec45de1a5713745590cd4a5aa16a30f0da3a
new_state	20	0	262144	pos0/new_state-20.f32	a47dc0de54e0e71e90c30a060e48a4723b37bc48384656cc47a58eb61ac3b19e
final_output	20	0	2048	pos0/final_output-20.f32	9e733020da95b3c23f2d7a35dc28b71d4df89eedd8eb4e2e54a02f5ba3698b43
linear_attn_out	20	0	1024	pos0/linear_attn_out-20.f32	5177f7bf49e1dd9c0db3442eddcdfa0fb5ae0da0b5bf2d88a45280016cdface8
attn_residual	20	0	1024	pos0/attn_residual-20.f32	da5793aee1e39662d8f50633357073ffaf8830f62faba90debe081d85b27f8d2
attn_post_norm	20	0	1024	pos0/attn_post_norm-20.f32	4cf7d0dd1769d025a6f47ebf688abb620738dcdf85c895008cfd7e99c82926ae
ffn_out	20	0	1024	pos0/ffn_out-20.f32	f7d3cf50a410c4f519c4ccd5986878847cdd3d2ae02ea5b1818a7276ca2123b9
l_out	20	0	1024	pos0/l_out-20.f32	33d1ac7f7878176be7e503ccf243f28722b90b286ab0f60cc00f0565012609e0
attn_norm	21	0	1024	pos0/attn_norm-21.f32	22aaae2b164fcac5f94e72218e44f950fd19e129a477919ba257b61ecf0fbc5f
conv_output_silu	21	0	6144	pos0/conv_output_silu-21.f32	45800dcc030a831fb5fa774217fbcd75be420771973a1f864fb7599c6785dcb2
q_conv_predelta	21	0	2048	pos0/q_conv_predelta-21.f32	07092f74289ea53aa9d4cb0d67fa74cad64c29d6637430705277372ddb755331
k_conv_predelta	21	0	2048	pos0/k_conv_predelta-21.f32	f304ce8ea2f4759ca995215c1e4ecf20f7c628c0b33c8eabb4ef5589cc25ef25
v_conv_predelta	21	0	2048	pos0/v_conv_predelta-21.f32	f0b54999f147cf6aab72df08fb54758abcfc726ab2f92d6a4b5bd7009eb4cfa0
a_softplus	21	0	16	pos0/a_softplus-21.f32	6c2372f9bbac80b90c81287298e27b5c3397f4b41483e8ddee816b7998ee83c6
gate	21	0	16	pos0/gate-21.f32	f2eaef9d4baa77402a6493fad36cd9e277604c1b4ef131de94966f1676f1a7f7
beta_sigmoid	21	0	16	pos0/beta_sigmoid-21.f32	b81fe22f520499cb77ad4ad8a93c373de0665ee4eef44748d0df08881a817978
z	21	0	2048	pos0/z-21.f32	23a1576d7d8bf9ba1e74211f4a2f84e790c59203d2209a7e8051af7272f885bf
state_predelta	21	0	262144	pos0/state_predelta-21.f32	30e14955ebf1352266dc2ff8067e68104607e750abb9d3b36582b8af909fcb58
attn_output	21	0	2048	pos0/attn_output-21.f32	e9ff45585a54cb74608f0756b8ce73d8951cdc923b68189a6619da1420309044
new_state	21	0	262144	pos0/new_state-21.f32	170e1f981ed5b2c0dbe62bd2e4fdb8fd30b9b7080c85df2c7356ee0e6ba156fa
final_output	21	0	2048	pos0/final_output-21.f32	839f74f04c7141486154b8ea52ac8886a0e58992f675e41fe70a15d074f266c0
linear_attn_out	21	0	1024	pos0/linear_attn_out-21.f32	22539a14646984f7dcef54a23f21aa2e91dc1756cd8a63b6b44c3b1f6c20b0ed
attn_residual	21	0	1024	pos0/attn_residual-21.f32	41c2832c2b3fe5a5e020b92377b7bcd0bc9bf39e8257173da064b85e580372bc
attn_post_norm	21	0	1024	pos0/attn_post_norm-21.f32	8adb85a2c9501b785eedba3d61c12873aeab272cab28f085a7943907c4252e9d
ffn_out	21	0	1024	pos0/ffn_out-21.f32	2ddf0d6383956903aa99f8349114b58b130d8ebfacab245ff99adea7b36cddf2
l_out	21	0	1024	pos0/l_out-21.f32	b037d35362fe47690ec07cbb6b1148c58e7d1607432c41144eab835be0908678
attn_norm	22	0	1024	pos0/attn_norm-22.f32	cc12ccf4f98cbaec9f759474ad50760919a2503b4e36052fe2ebaf44832709fe
conv_output_silu	22	0	6144	pos0/conv_output_silu-22.f32	d777ab4ea70bd4fe6a0d44dfd6b076a489bc37171a0211d3d0221036f3b5a7a2
q_conv_predelta	22	0	2048	pos0/q_conv_predelta-22.f32	6b68e01fa8511767be4cd5fc6e78ffdc6b60f254c3c65d51fead71014550b889
k_conv_predelta	22	0	2048	pos0/k_conv_predelta-22.f32	00f3ce4f47324eec104b8a6a588d445516aecbbb0a00fa85970259abe78ee2a1
v_conv_predelta	22	0	2048	pos0/v_conv_predelta-22.f32	a9a3b11b49752256f64f5a5cc44de054000f482966cce332beb9af0fddca9a88
a_softplus	22	0	16	pos0/a_softplus-22.f32	3f85124d02892a9220a69e9f067f8ceff5289e59d8beb35a0ef8a0e0a9d6ae5c
gate	22	0	16	pos0/gate-22.f32	134b870f842a1c1e87ba2f772ab6ac2d4a354959a1a71e463000034764e470dd
beta_sigmoid	22	0	16	pos0/beta_sigmoid-22.f32	5aa470976cbdde3b525ed211674c0fe595d9ef29ded17e5ee20c641658aa8ab2
z	22	0	2048	pos0/z-22.f32	3bf7995b6233b24c53bed88b2e0bc3553c1725687387f985ec57bc3bd70fe2b9
state_predelta	22	0	262144	pos0/state_predelta-22.f32	30e14955ebf1352266dc2ff8067e68104607e750abb9d3b36582b8af909fcb58
attn_output	22	0	2048	pos0/attn_output-22.f32	c8e6db0cd016b2695e9c34ac67becb08e40b7447658d32aa593d9dfa3a579553
new_state	22	0	262144	pos0/new_state-22.f32	70bd8e69dd637c88325bc98d1cbeca4f9234133a683ff1128bb30cfa92fd3eb5
final_output	22	0	2048	pos0/final_output-22.f32	c93b48874d10ec70d68e5f1c564df060a55ad519244bd77717933f95c152560d
linear_attn_out	22	0	1024	pos0/linear_attn_out-22.f32	b430142669064f208ab289690f20fb61c8bd3dfbd5bcde13983278a492eae5ff
attn_residual	22	0	1024	pos0/attn_residual-22.f32	afcd8047da35b095c79d865cad746f359fcc8601e9de365d53e62a149d7da292
attn_post_norm	22	0	1024	pos0/attn_post_norm-22.f32	98d018130c0e1376c4c51c0d10646a164d685ffa6e66008a1f2c51d549fc1cda
ffn_out	22	0	1024	pos0/ffn_out-22.f32	b162f7feaac165f38ea4c786e5da3a4fefd166671fa67dfd251018c2098fc509
l_out	22	0	1024	pos0/l_out-22.f32	3a9b870fe081bed7c41ee8885cfd7435347d74464462b4ab227b4bd780828eeb
attn_norm	23	0	1024	pos0/attn_norm-23.f32	e363cf37ade225eb5dd34a26588bac2fff3afea07fc4435c9860c6473a326d9d
attn_pregate	23	0	2048	pos0/attn_pregate-23.f32	eec621b18c519c0596669affde3aa6516076d565674cb7fb6ba199b76254183f
attn_gated	23	0	2048	pos0/attn_gated-23.f32	06ec2fb17aebd01bfbab467ab72edb9ddb8590518631382840d844dcd1dd5a19
attn_output	23	0	1024	pos0/attn_output-23.f32	eb015626f80cae21fd863641ed885d15835a7fa93269baba2e81cc871f702944
attn_residual	23	0	1024	pos0/attn_residual-23.f32	580fbd8327f64a9f2ff44592c800d4b31dadfd9bff3334d2dba1f3946804ef19
attn_post_norm	23	0	1024	pos0/attn_post_norm-23.f32	978a52b413e0b9d0c7e64f17e950dee46d614d5aee62a4a8416a81b091f85e3f
ffn_out	23	0	1024	pos0/ffn_out-23.f32	2e845f59d235e87093d999a41a62ca81afe1507544e0d706db484adc72b7bb82
l_out	23	0	1024	pos0/l_out-23.f32	6c4329b17a6d2483e3a35fcfcc40f0f48a1519b0c5b42c06bc78c5dfb8cb4aa3
result_norm	-1	0	1024	pos0/result_norm.f32	d86caaccecb2060fe05e00526bef0948fdfa4ae0433f49f3af779e2896b8d33d
result_output	-1	0	248320	pos0/result_output.f32	08bb854c6191b2527e6e36445ba44625406b441aa6cad8794eaf77381a02eac7
model.input_embed	-1	1	1024	pos1/model.input_embed.f32	b9fec06cea4b14fb090020ae1ec69a8df58ad272fccdd2bc47423ccc8d689538
attn_norm	0	1	1024	pos1/attn_norm-0.f32	3c18e4294c4019ec840bf442b43b7d26eddeea559e01c029ad8641376e0cc2fd
conv_output_silu	0	1	6144	pos1/conv_output_silu-0.f32	d8672cc6329987f2d2644bc8b75066099f85efad5765488919cbab651540956e
q_conv_predelta	0	1	2048	pos1/q_conv_predelta-0.f32	0afcb6c69dd01d0c97c9d334d597b001bccacd2054970c6d32c5a7d878e496d1
k_conv_predelta	0	1	2048	pos1/k_conv_predelta-0.f32	ef7c93fd08a73ebeee68e057b377f5baf003e4453c47737d9237884f3f80b898
v_conv_predelta	0	1	2048	pos1/v_conv_predelta-0.f32	a633a86a553233c8c3cd5cf6ce47eb7f4c2bba8545ff94d91e206a002cac18ee
a_softplus	0	1	16	pos1/a_softplus-0.f32	747e52aa9bb83af4d76b084cc4450c9ab470152cd2b03433398c2ac86d547f52
gate	0	1	16	pos1/gate-0.f32	1a496de137c481c7db57712645d787c343640d9a4fc16d0cda4c66ee4c5fd92b
beta_sigmoid	0	1	16	pos1/beta_sigmoid-0.f32	269c758a4bff10ea21c8a55c9319f5cc094de6de2af189a94f0540981f835400
z	0	1	2048	pos1/z-0.f32	d2bd469ce0ae4e0d4410f21433f3f2e7208fa2b51de9b97a62d6e445f6b1ed28
state_predelta	0	1	262144	pos1/state_predelta-0.f32	478865dd67e284841b39980855198097f8000c727c894cf98e2d7568951cb91d
attn_output	0	1	2048	pos1/attn_output-0.f32	a1f89b58e393d4b9a8e61f8b4c04e05673a43c71e1d2449c7fd57fc264101ca4
new_state	0	1	262144	pos1/new_state-0.f32	b1cba3bbd98ed05ad58388c06352937de64cce36752b0d9ec2c9f47f35b604d7
final_output	0	1	2048	pos1/final_output-0.f32	7140235d6530848ddbbc9f296e223a3ad7a08a70fcaf3eabf545962ffdfb905c
linear_attn_out	0	1	1024	pos1/linear_attn_out-0.f32	b00224ed392d3ef752563a405ffa45eb079bd3b63166e7528b6936b3a7e06ad7
attn_residual	0	1	1024	pos1/attn_residual-0.f32	cf6aad27eeae070af2abca41d95859ce13c7cd7122188fcd05c6e2e7d2acbc5c
attn_post_norm	0	1	1024	pos1/attn_post_norm-0.f32	a940347e8bc6e05f11fe1af3bf792bdab407b2835c849f9cb062392c200cc652
ffn_out	0	1	1024	pos1/ffn_out-0.f32	b24ffa1f09b78a13afe9eb230ddb292fc744dd33bbf5d350e9a6616764da49b0
l_out	0	1	1024	pos1/l_out-0.f32	b8d9f57ad926bddbf944e8ab659d7a71a3bf136798e31bdfba2475719f0c7410
attn_norm	1	1	1024	pos1/attn_norm-1.f32	aa99e10ba322e60a893fb5091c7468554b2fa4a762aa458d0abe96180eadcf99
conv_output_silu	1	1	6144	pos1/conv_output_silu-1.f32	34c1d4adbc0365c1d87428b92f9146682252d1515722e956df977dfc55f64dd8
q_conv_predelta	1	1	2048	pos1/q_conv_predelta-1.f32	5d26c9ae03df4216d28c244453f0b597c8a4a866bf0166810a6edcac226afb41
k_conv_predelta	1	1	2048	pos1/k_conv_predelta-1.f32	f8f8b7d941eb197aa4776965c68dac7ca2ef2ee23c19632b6f9079836860b0d4
v_conv_predelta	1	1	2048	pos1/v_conv_predelta-1.f32	8209b3265b692bf991bf44f40db10d1fc71cc0a4bbf449defefb1612a42d9292
a_softplus	1	1	16	pos1/a_softplus-1.f32	5fc6512f17e2063328902758f5414c7388e7695f2e4869b086c01e27359997ca
gate	1	1	16	pos1/gate-1.f32	11c1f08f0fb76f64da0e972b9e0a7af481a0337a5aeea95f0cfa9e3d9fafcbae
beta_sigmoid	1	1	16	pos1/beta_sigmoid-1.f32	8ecff717604edece06bb7dbcd94af51ace0a4deeba2ad60a882551a5917d4609
z	1	1	2048	pos1/z-1.f32	1c8d3e65c91c30ef40160ba2d810a8a962ef5a00a8c7bc7220dc8e04e81cc1a1
state_predelta	1	1	262144	pos1/state_predelta-1.f32	998f981b0940e989fd62089d8b2d4b96ade082584c8fb5905cc079ed0074564b
attn_output	1	1	2048	pos1/attn_output-1.f32	0d757be9d125890568cd82ee5628fba9e488548ea5ca5ed6538ab3213da3a43f
new_state	1	1	262144	pos1/new_state-1.f32	56f1b78bd92c6f3796b3c6c5a7e29d47cddebc89f3a28ab4869b99ea479068ae
final_output	1	1	2048	pos1/final_output-1.f32	2e0d4ef68e8073a10e17c8aa716d5b327763991174fb6f72ed64acbf1c6c07c5
linear_attn_out	1	1	1024	pos1/linear_attn_out-1.f32	fed716612b739a07a9fd869478852774d6c9444f0917a73843a8af2beb830365
attn_residual	1	1	1024	pos1/attn_residual-1.f32	b6d89311a2f54dfb3ad3219ee3e6de7ceb337df95677e6499067e9b2e7f423fb
attn_post_norm	1	1	1024	pos1/attn_post_norm-1.f32	18f56852a400a3226ad27750061215dea85d3d75b486eb8c8456de8fda1f036f
ffn_out	1	1	1024	pos1/ffn_out-1.f32	11f91b31a90583a9b94424b050524eb7fe455611d55b4bc4cf936b559c0f9ec9
l_out	1	1	1024	pos1/l_out-1.f32	5574c4ff476f089586911e34484bade4d74654efc5e03d71874ae5182a5a8345
attn_norm	2	1	1024	pos1/attn_norm-2.f32	f1731eb3b4cbf6afdfefa749ed43c3e834487059d6f6af20295b88943fe14ccc
conv_output_silu	2	1	6144	pos1/conv_output_silu-2.f32	8fe8fa33baa3e7ea0059dcf925cfd967ece4e0406d6743c980c40e4163bb9923
q_conv_predelta	2	1	2048	pos1/q_conv_predelta-2.f32	c10ff2179777d67c9216ab6a5539dce23377bf2eeab785e83398a4b30915404e
k_conv_predelta	2	1	2048	pos1/k_conv_predelta-2.f32	daceb2ebbcca98a27e6f6584ed9c714ff4c5cf6f8ecb68ca5efdb646eac39250
v_conv_predelta	2	1	2048	pos1/v_conv_predelta-2.f32	6d914f2a1278e586d413ad8c5e388033517713a7f756f80a045a00c48742bc77
a_softplus	2	1	16	pos1/a_softplus-2.f32	270dc0e3d0d8311577d612e961e8dc0da6362d516105357b9c499868493badbb
gate	2	1	16	pos1/gate-2.f32	f84ece8a7f6033742bbae1366df47ec2f36cd2e699dfc53ed9dda4d076a102f2
beta_sigmoid	2	1	16	pos1/beta_sigmoid-2.f32	02b7338bf0d2bf2e59e3afc21bef54b7ca2d9eef37fb6f62874c6ccc0b0a5d2b
z	2	1	2048	pos1/z-2.f32	819d02c1fc8634bf648537ce24d2c2f8b42adf1eae337ae5ed6978a1f74843a1
state_predelta	2	1	262144	pos1/state_predelta-2.f32	f499ed7a4a1b79473459689f7645ebf03a90785aa3e7cce9580f961a5eb2733a
attn_output	2	1	2048	pos1/attn_output-2.f32	99393415dabf0ee625a23dcc278b25e0275d12d770537b2401548bd86d9a8b9d
new_state	2	1	262144	pos1/new_state-2.f32	c7473fa2f306f182ba95854122a6e8f3d9d0dca1fa6ccfa86b41ffa734027641
final_output	2	1	2048	pos1/final_output-2.f32	ddb96634bd4edc0959c04e90b298813ce9e8656fc6eb6962727f9b986fe429fa
linear_attn_out	2	1	1024	pos1/linear_attn_out-2.f32	57779089378b2e29e0ccda940f40e86639763fa89f1c3b4aee20af2a555de4b6
attn_residual	2	1	1024	pos1/attn_residual-2.f32	490d9067dba5234de106d3db36ab624ca6a62f01f1af9fadbb5975da9890b2c9
attn_post_norm	2	1	1024	pos1/attn_post_norm-2.f32	394f8283e0aa5a32733a151724abe918af9f69127cdcb7712358cf02becae6ba
ffn_out	2	1	1024	pos1/ffn_out-2.f32	8b5f3bbe3cd00aa0c155f09e9e1d64ef1472126d44950a2ae859b3a3aa1bdc17
l_out	2	1	1024	pos1/l_out-2.f32	60409ac11b03aca1dc40f75d5461cf03be10fe312de743509ce58ce5008dfe3b
attn_norm	3	1	1024	pos1/attn_norm-3.f32	ffbc960f976945032bac3ea17d87437f3a29fe9370ab6e4a2cdfb67c7d5a4df0
attn_pregate	3	1	2048	pos1/attn_pregate-3.f32	f2216b18e68b60d9721eab306ec2d5bd6c4738eca4509c9fb19aeb369f87eef0
attn_gated	3	1	2048	pos1/attn_gated-3.f32	91e84a4034261c8aa6d71fc34d6bfed285795a37efc81dc45c9d10c24d51f3d2
attn_output	3	1	1024	pos1/attn_output-3.f32	0da93cefb8b64b2214e54759cc040cb2c3eb1e684cc1dbaf8ba53d815e588493
attn_residual	3	1	1024	pos1/attn_residual-3.f32	d22d6d4690f5e447fb09f28f5599f423bf628428823b30b35a78c2308acbccc1
attn_post_norm	3	1	1024	pos1/attn_post_norm-3.f32	1fd5f199f9cb775d54ca413bbdc12a45594df0ba46383691652de1d5871580d2
ffn_out	3	1	1024	pos1/ffn_out-3.f32	1b3dabae8a185d4e4f941fdc4f11cfde7a1dbbc07e30b50f4d347cdc1485c978
l_out	3	1	1024	pos1/l_out-3.f32	e4eeba1e47dce1ae1b82e36c10a90041d310ca45344d4791f45081279f6448be
attn_norm	4	1	1024	pos1/attn_norm-4.f32	b394901f318b3c665083d9e144bb0f4e899fff056a4356c9a2793ca6937c8b72
conv_output_silu	4	1	6144	pos1/conv_output_silu-4.f32	3acb823692a7fc41e91cb2204838fd03f31883bc49364b63fe67502d6a0d50a2
q_conv_predelta	4	1	2048	pos1/q_conv_predelta-4.f32	841c356e9df61fa9f33616d543a96454d7c7133d1618835934dd0ac8142579e1
k_conv_predelta	4	1	2048	pos1/k_conv_predelta-4.f32	d70adb4a59cd2decf9803af9f0da897864a43c2fcd15ec45e40cdfbacc590b8c
v_conv_predelta	4	1	2048	pos1/v_conv_predelta-4.f32	2673dcd368cce057331acc31857e05a213ff9472da307be99917f53c7e0e42e7
a_softplus	4	1	16	pos1/a_softplus-4.f32	fe45edcafaf96eac0fe9bea6de99c07a46704d50fc2869fe95d356c5d1ef88b4
gate	4	1	16	pos1/gate-4.f32	c1a8270b640eee197c6e77810c9b7adbd1b1d89c84aadc9e9cc4d9679cebeb73
beta_sigmoid	4	1	16	pos1/beta_sigmoid-4.f32	3a1d1345bd7f2669bce40a6174b81487079db1e636cdab16e882f203eceb98ab
z	4	1	2048	pos1/z-4.f32	c0a6ff75785be1536e4483957235b7ca73f51e64daf511212cc9afb5a383d6ad
state_predelta	4	1	262144	pos1/state_predelta-4.f32	e905aac3365db715aa02ac8e4cbf341bc74dd1cc982d49d813d6a83e053f36c9
attn_output	4	1	2048	pos1/attn_output-4.f32	0e83de5e7a9256439b7e0102796e070d7e086767d4d5b34ae06f683ad230028b
new_state	4	1	262144	pos1/new_state-4.f32	1f483f364e105f8ce8b26b0125d6355f17fc24395d63e1cf576336e640757cbd
final_output	4	1	2048	pos1/final_output-4.f32	7cc4f4058ecd37a7ae8a688465689bafba26f586b6eeb194cb26690510ff508f
linear_attn_out	4	1	1024	pos1/linear_attn_out-4.f32	50baebf00e38c2e07d99ccc3b1d79bd68355297a0a4a7c9893475cb216795ffb
attn_residual	4	1	1024	pos1/attn_residual-4.f32	ec810f38132a019807fb4d3435047eb96ecc26e07819afcd1e51f316070f893b
attn_post_norm	4	1	1024	pos1/attn_post_norm-4.f32	25bda499d0e55d20e6309d99b9144db26a7e699bd05799a52f3d17536affef72
ffn_out	4	1	1024	pos1/ffn_out-4.f32	06c0589e31a34d011b66839531c3d323bb53abb9133df7d4eeaa6532d0f04ae2
l_out	4	1	1024	pos1/l_out-4.f32	06a597330b57f5073f85804092d40d6d2361894b139b83a798a4e45eaf2228bb
attn_norm	5	1	1024	pos1/attn_norm-5.f32	648bd3820b69a29e062bbef8d97a6c4097db96060a3c0f8ee6a33c85eac3b4b1
conv_output_silu	5	1	6144	pos1/conv_output_silu-5.f32	d526eba939f99316555e81c27275ddaaaca3a0f2960ee0e4c209879c76bcff67
q_conv_predelta	5	1	2048	pos1/q_conv_predelta-5.f32	930ffc7616d384c2273ba0204ba6a5b0949aa01c085cbb44d0ac35d41d502348
k_conv_predelta	5	1	2048	pos1/k_conv_predelta-5.f32	c397287a5860c3f96e033123e15d02dd0f4b5445bac5e1248ed81431188b323d
v_conv_predelta	5	1	2048	pos1/v_conv_predelta-5.f32	a500eb94d0430313e40b48320c1ebaf17748625412c4122b0377735eecea8f93
a_softplus	5	1	16	pos1/a_softplus-5.f32	9d19f39558d3fcf09e75ed8e3834561cab2dae1a6ba8d71ffe77ee99b87d310c
gate	5	1	16	pos1/gate-5.f32	2c9d59aab783dd89b1efe77f8ba59701554628393b9c3876b4e338cc7ad9f898
beta_sigmoid	5	1	16	pos1/beta_sigmoid-5.f32	d8f2321d6666d133aa24811f1fbc4f35af4f762e7e7d89efa55a4f108a8eb4d9
z	5	1	2048	pos1/z-5.f32	73040c203ec402069d57a968b5290475f1ea637b4b050f36df732899b6cf5148
state_predelta	5	1	262144	pos1/state_predelta-5.f32	97ad02fc78f2a732b5d624a5d48947d5e2d7dd18fde1ce19239eff79c9002c05
attn_output	5	1	2048	pos1/attn_output-5.f32	a8dbbee23129c907137a13c8eb2d7aa9586412df09f60c47a5a65df841b32c0a
new_state	5	1	262144	pos1/new_state-5.f32	aaa5f1af588d9886e1356e3d5c3fa6530a38a241dc37484df7e2247a55b31f0b
final_output	5	1	2048	pos1/final_output-5.f32	a92cba01cfcc0c528a39f7eea2b0b7d4351e3aebc1ad21df514ceac42222c791
linear_attn_out	5	1	1024	pos1/linear_attn_out-5.f32	249c726bb3aad665e45440d708b8303322de16de7c4102b9117d4a8857975647
attn_residual	5	1	1024	pos1/attn_residual-5.f32	bebf1acb59029b53a177f2c99b9da28e7746ee119c56ff360e005921840634a6
attn_post_norm	5	1	1024	pos1/attn_post_norm-5.f32	bf7518103a9995d050f99c9404da998e8152096e4e4e5b5b9957e3b545d9ad58
ffn_out	5	1	1024	pos1/ffn_out-5.f32	c2ab9ad8c49c21e02fa6ca0c82c7162760cbc0fc14135a5f2b78e16c2e5a1fed
l_out	5	1	1024	pos1/l_out-5.f32	16b81a0b2b12f8a2e8da614577b720ae4dbc8dbe840a2a21e45b5685b8455cb8
attn_norm	6	1	1024	pos1/attn_norm-6.f32	eaf5550ca6c1548f3d1d069ce4bd8c4d9abbd017fbb9cff18424164226c50d7e
conv_output_silu	6	1	6144	pos1/conv_output_silu-6.f32	13e7bebefe0622c8c665d75175bd24427c4fe588fdf667e3eb3d89879b80ac34
q_conv_predelta	6	1	2048	pos1/q_conv_predelta-6.f32	d10d88fd1bfbafd325736908b690b02093d4f9bca6a86280d4af80609021b087
k_conv_predelta	6	1	2048	pos1/k_conv_predelta-6.f32	f6c54358a5d43913d7e536073eb28016b48b0eb49ca7bd8c71ac6e56de6847c1
v_conv_predelta	6	1	2048	pos1/v_conv_predelta-6.f32	e736d0352f6083d76ba9aee949f71f13c3a4f4e55db4eed0f155934361253a01
a_softplus	6	1	16	pos1/a_softplus-6.f32	00f4030a7eda5e879ad10d0964dedce4d9afc355695e27faa78bdab7a1957846
gate	6	1	16	pos1/gate-6.f32	07204a7e8b806b4c49186e1de2ea029919703861fa6a73647199fe821c76e5b9
beta_sigmoid	6	1	16	pos1/beta_sigmoid-6.f32	1d6af26e9d7667d394aaa77b2c7ff25f3d6ec32bfbea42f110fb9494ed8f18ea
z	6	1	2048	pos1/z-6.f32	74ac6179911d4cf2110523c24032370cbefe4772364b1988129d52e4b35fa8e7
state_predelta	6	1	262144	pos1/state_predelta-6.f32	0820c03aaaaa430f58585f521fb69a36157801896cc592c41bb488ab8bc80368
attn_output	6	1	2048	pos1/attn_output-6.f32	2a2a1e14d77bc71d36751e8b039512ab1061376cdac2a19f6acdd39304e232dc
new_state	6	1	262144	pos1/new_state-6.f32	0472f25484b3efc10536ce07eab83358619fe0ac1503c60beca3c94e2e4fdc51
final_output	6	1	2048	pos1/final_output-6.f32	6cd89d7c99e3050a71641f5666f5d68234fb9037a765e0f5e0946dbfb306cc94
linear_attn_out	6	1	1024	pos1/linear_attn_out-6.f32	c5f30c241347c579d570489bdb4a3beca0db17430c059718bad46877f7570a35
attn_residual	6	1	1024	pos1/attn_residual-6.f32	c5bf5094bca577cbd84771163113860ceb6147950c3131ff5f4640c681a17263
attn_post_norm	6	1	1024	pos1/attn_post_norm-6.f32	36bb660d9f48de586098678f1f53b6bbd0250ad9f3c0706fc49b07def64b5c5e
ffn_out	6	1	1024	pos1/ffn_out-6.f32	720a17a14b2e11de78a1662f041f3af4ba411d187fa4d281bb3a86aca190ef84
l_out	6	1	1024	pos1/l_out-6.f32	d1a08dcdc3364f76828d509765a549549a6924e4419e83551524e886a3dbdea1
attn_norm	7	1	1024	pos1/attn_norm-7.f32	ff8f646dae0079dd8870729acddf5f79dc4625d0b37748e8d19071a9c4763519
attn_pregate	7	1	2048	pos1/attn_pregate-7.f32	cef075c5612cf4938e8bae0be58218bbc98a215f3ffb7c54d0108c6a91a0f3bf
attn_gated	7	1	2048	pos1/attn_gated-7.f32	984b0e5eda79c8ded7cd921ec4215d56eb088efba6f13808c729a749f4bd6b8c
attn_output	7	1	1024	pos1/attn_output-7.f32	54faf0e269d8c06a85af80cb28179d333c0e6e2d1630814da6c7c1f6c804d1c6
attn_residual	7	1	1024	pos1/attn_residual-7.f32	b665e63867e64e177a4a74e5618cd3baf3b0cd83a139ffb3cf08ccdaa5256313
attn_post_norm	7	1	1024	pos1/attn_post_norm-7.f32	4136ec7c8c74055e2755173f6926e1d5f04ba90351fe62252e53667fb2a374ac
ffn_out	7	1	1024	pos1/ffn_out-7.f32	c39ea28aa1a38c31ac6b35d7ddac68325969330b7ed96f29819dae7407ae3d29
l_out	7	1	1024	pos1/l_out-7.f32	017f3f7c10f9d01aa210b23aca59cf7a6edcaffd2b63234f1ee4bfc6e9ff1c1a
attn_norm	8	1	1024	pos1/attn_norm-8.f32	09c81c79e4d3ad156b8f9f6c78543133c93d7d3d42a37553affa602243a71d83
conv_output_silu	8	1	6144	pos1/conv_output_silu-8.f32	d63e39061be4e03355621aede9b43d978a5bb26a5e63427146e824f531ee5294
q_conv_predelta	8	1	2048	pos1/q_conv_predelta-8.f32	fb527c2177c4e865318f7fd820980a9c84925090560f782c0b5e22af76d4c308
k_conv_predelta	8	1	2048	pos1/k_conv_predelta-8.f32	f0bae16291064810c762420f1e536ffec92476e2f596accaffc1279c0d08898f
v_conv_predelta	8	1	2048	pos1/v_conv_predelta-8.f32	2041a42c887fda2fc5eb01ad1ad87f8a3fbff986742a205f6f8da9718b9267e9
a_softplus	8	1	16	pos1/a_softplus-8.f32	faf54c0922ebeb4595bfe541a47bafae5f7a32633665675a5d3b6fe8f0f68eb7
gate	8	1	16	pos1/gate-8.f32	91759b6fb4669b6599a60a1d19587f935080729459228ea3b995a8567eeab469
beta_sigmoid	8	1	16	pos1/beta_sigmoid-8.f32	06fded097f996a5c33cf1ffb696d4c5d1c766cc6cda82049ce97051a3dbc38b5
z	8	1	2048	pos1/z-8.f32	2afcc5cd39c027aced73256d77f87aadacbbe9a468ad5e4d84d2ae37639d69ca
state_predelta	8	1	262144	pos1/state_predelta-8.f32	4bfdc470b362fc0631a5702f91129b505c1bb7998f2485a15727760059971d7c
attn_output	8	1	2048	pos1/attn_output-8.f32	adf86688466efdce8a10e02df3994ad87d946f4b53d462b6c635e1bb8327cc10
new_state	8	1	262144	pos1/new_state-8.f32	fe71b2912161151c3be1775f2fe1d3840935a897eae90af4e8d3c706ef53a1d1
final_output	8	1	2048	pos1/final_output-8.f32	dc53787927df5ec80457ff4a80a11671c85b05030d93c7cb0b76f2d61b1417ab
linear_attn_out	8	1	1024	pos1/linear_attn_out-8.f32	1ef4394b292b683579a7701f86a529b5571a1fdc6ffccb0481e750fad118c046
attn_residual	8	1	1024	pos1/attn_residual-8.f32	662593b0d484c39aad0e97778954b6bfdadf3546aa1c4b06bb6964c583d7b511
attn_post_norm	8	1	1024	pos1/attn_post_norm-8.f32	90d71918b46f01536c4003005060c7bb01af957ffc9023114b059c356cb173a9
ffn_out	8	1	1024	pos1/ffn_out-8.f32	bbac0ce5bc8403e860b3323b5f729e5a5e6e5995a4cf10b7063ff18a4ee69bae
l_out	8	1	1024	pos1/l_out-8.f32	5f5eab95ede0f4d9311592532fc29f14b83968a647f7e3b0e367b4fbbfc360df
attn_norm	9	1	1024	pos1/attn_norm-9.f32	3895824f7b5cc8def8072a142f5cc3da853b1332c2a96f47c72315bb06458b8f
conv_output_silu	9	1	6144	pos1/conv_output_silu-9.f32	f460a529c15c6b04abfff9cfa3b3ad12630799d1f708b5abb19c8686a97158f7
q_conv_predelta	9	1	2048	pos1/q_conv_predelta-9.f32	0db626bae0daf657edf4bb737ef8c0b8e4918485df3643d4dd8068dcf648c7c6
k_conv_predelta	9	1	2048	pos1/k_conv_predelta-9.f32	f64d41e94dfcda98b667b322e7a8cc0e3cc218f3eb6822ba078bae825b9a8540
v_conv_predelta	9	1	2048	pos1/v_conv_predelta-9.f32	bca22e553f293ff1841b72d833a2a00d94279c94aafd9927812c77ea3d849b18
a_softplus	9	1	16	pos1/a_softplus-9.f32	f356dbc9c4496bae69f307f2293d1811d9bd47fb4a8f18c4fc89f6e76e9cc104
gate	9	1	16	pos1/gate-9.f32	0de1e2ec5624d6b37dd24863cc46d6d477303142948ed9011c58259a9b9ad981
beta_sigmoid	9	1	16	pos1/beta_sigmoid-9.f32	2aa3ae3836e1bf9c9dd66a0a5eef7e0e6962aaab48130eed4095f34eaaaac09e
z	9	1	2048	pos1/z-9.f32	6f8982b70db9a065e538e90fe10d62838c6b9dfabe52bb305fa930f673179c95
state_predelta	9	1	262144	pos1/state_predelta-9.f32	413baecd0f42fe196c7bc1403f686a5d935bbdb0c0e13f7d0613e9826baf7fa3
attn_output	9	1	2048	pos1/attn_output-9.f32	894448287f44a639c39925df800bfd477de861cb88751b03d1127cf6ac9c285c
new_state	9	1	262144	pos1/new_state-9.f32	496d62e5ddba9dec1bb18906338b4af553faa9c416089306a551e97ae949c63a
final_output	9	1	2048	pos1/final_output-9.f32	64a79761b9c475c90585bc2b1f5012638bed53afd9c3f42e9cfd5413cf60a2ca
linear_attn_out	9	1	1024	pos1/linear_attn_out-9.f32	21f4c7e22e39d76b605fbc5959148da232c82ec8d5d878f0e1e2aeb9732b5867
attn_residual	9	1	1024	pos1/attn_residual-9.f32	160e3340f553afdff2c373edeca6a25891473d8c4c0a57112715a23cad092b6f
attn_post_norm	9	1	1024	pos1/attn_post_norm-9.f32	b6667f99ce759f3d9324a2c3694208683b88aa0391fc10dedfdcf8b078d409c5
ffn_out	9	1	1024	pos1/ffn_out-9.f32	168c9c8f06978297728ca9ab2920de4412fbe13710fd7f18e3165c78ce0735e4
l_out	9	1	1024	pos1/l_out-9.f32	a368738770edfcf8541b1c2bd549294df72962f58bd1729f619ee4e7b9db5f04
attn_norm	10	1	1024	pos1/attn_norm-10.f32	ac3b6a7802cf074311de9b1d7ed1621340488ebfef01e47f126252a83090f8cc
conv_output_silu	10	1	6144	pos1/conv_output_silu-10.f32	f380ecf14216484734bc8da4dd859c6af44828d1f92651d04c9c03f808b002c1
q_conv_predelta	10	1	2048	pos1/q_conv_predelta-10.f32	789b0855ae928989fd8586d726e531ac12c0b1077e53447f5213373411039c70
k_conv_predelta	10	1	2048	pos1/k_conv_predelta-10.f32	1ff1ed3e3edb59ee1b5906c0992013d46d13f0bf3cf3e72e89e6f4dbd20f6184
v_conv_predelta	10	1	2048	pos1/v_conv_predelta-10.f32	c3c3043af9421bdc730bc90347000a3709b91eb593c3a4b823c5a0612a55d65e
a_softplus	10	1	16	pos1/a_softplus-10.f32	5e5e42c3c8a134d2924b292d698dc305349ee11b27436b64953a46b64fe5c362
gate	10	1	16	pos1/gate-10.f32	6cccc8ae3669a82c38e47ae93eb305c48327b588e72ef660c5adb93e43e4227a
beta_sigmoid	10	1	16	pos1/beta_sigmoid-10.f32	0d4b654bce2cf615e34247e82cef37eeca9a026c75a05f61e487a9dc963924d8
z	10	1	2048	pos1/z-10.f32	4eaa90f09dce1083ccc8cc0992429e08a63b5397de66b6cde41dd5009f1348ba
state_predelta	10	1	262144	pos1/state_predelta-10.f32	6aa3545dee4acb3d87a1474eccdf8c74781293f219d3f759bea63d1cf79f9c38
attn_output	10	1	2048	pos1/attn_output-10.f32	4680e9747c4a1c2be7c66ff51dd16b4097149e0bfe8ef65d01c78d12888ad2a2
new_state	10	1	262144	pos1/new_state-10.f32	d5ef1d00d1205ac0ae592d7460e282abadf2f75002df3700fc3cdfe86f1a9673
final_output	10	1	2048	pos1/final_output-10.f32	9739c8de55c55dd5beec78334c956709463c06b52bdc04d8e453fb45702a6086
linear_attn_out	10	1	1024	pos1/linear_attn_out-10.f32	043170ae5c62b975fb3db6b7775246b6753a57573fa1c0b4318f01d79df6e677
attn_residual	10	1	1024	pos1/attn_residual-10.f32	bef84a7be0c68159050bf5907d6dfe3cb0c4372213fe6c4983ce8506f628d2ee
attn_post_norm	10	1	1024	pos1/attn_post_norm-10.f32	4409345053ee40bd5b0a3fedbf7857a17f45ea6c4a30b1a125e05a6d0260c087
ffn_out	10	1	1024	pos1/ffn_out-10.f32	a6ca7973f37f099c0bdcf4a50db8d76feb65f6165f083466239809e9ee22969d
l_out	10	1	1024	pos1/l_out-10.f32	75d8a6459f3706d4b62bb12ca9955251639eb50ba257a3bc4d5d5685585225be
attn_norm	11	1	1024	pos1/attn_norm-11.f32	eda176d9975283fbbc6d34a95273f81fdcd4d4c0b236ccfb196f8d9083ce1290
attn_pregate	11	1	2048	pos1/attn_pregate-11.f32	924659e5b0a86333d7e0d4359d6f8626ef3f8ceaaf7f0dc179d464ebc1e48290
attn_gated	11	1	2048	pos1/attn_gated-11.f32	b7f12913f70aa45c91e0497b702da233018188ce133e6e9ec0d33e9c817d35d4
attn_output	11	1	1024	pos1/attn_output-11.f32	7f112b70b498d8cf71ebe228b0be2e492046e9c3ec8f42aba9025835d7153fea
attn_residual	11	1	1024	pos1/attn_residual-11.f32	c5a2ea7d4a5fc906aa9b40b263188f48f4adfce21908448deddab5e0a05e6256
attn_post_norm	11	1	1024	pos1/attn_post_norm-11.f32	d976a1251918aca80c707824e050778a1f8a30119cf4fb7d267fe92df09bdaa6
ffn_out	11	1	1024	pos1/ffn_out-11.f32	2df57c08f9aef463249768fca37de42ffc26af8d5f5d993955adc0c3a380e83c
l_out	11	1	1024	pos1/l_out-11.f32	cae956e6d454c0cbcc4e4d96b192e4943af7bd26d7cba79a4bfc178c9ccd5728
attn_norm	12	1	1024	pos1/attn_norm-12.f32	7defafec11623fa919e65ce3e20ce96b66bbcbd9c98cab96b35b5d026ba825b9
conv_output_silu	12	1	6144	pos1/conv_output_silu-12.f32	6770799140913970b31970bca32d5da555f88064444825aa2003ba1c63fa64be
q_conv_predelta	12	1	2048	pos1/q_conv_predelta-12.f32	2fa8deb4d38c683cdacdcfa1d79c3ec79891888f698157b084de52670c238c39
k_conv_predelta	12	1	2048	pos1/k_conv_predelta-12.f32	6fd4eb56cb31684d75668abd994434e3e3d4ee3a81f315e4baa38cb3cf9154ff
v_conv_predelta	12	1	2048	pos1/v_conv_predelta-12.f32	2e92169b713a7a7da012ff9be28e59f2864321eed3326388494d978805cbb1d7
a_softplus	12	1	16	pos1/a_softplus-12.f32	0805f3ff2b43915708fc514d061fc7c081954987f180b5395b32dcc352c21df0
gate	12	1	16	pos1/gate-12.f32	b3384c85d77d3815c3e78c98920da0afff6d0483289c1883001e314db292cd5c
beta_sigmoid	12	1	16	pos1/beta_sigmoid-12.f32	e7bc1be186b6090f3823c36fb55c711039c248011e7502fb0d6877d6161bc518
z	12	1	2048	pos1/z-12.f32	cdeee1c34a993d7173b4589816a3c014036d742d24bb208fcfe534cd7f806b1a
state_predelta	12	1	262144	pos1/state_predelta-12.f32	5602a031f99f9cdfbec47ed5d484d95a97d38d5f22fb1f7a440ec59a51b9a173
attn_output	12	1	2048	pos1/attn_output-12.f32	21f44a42e03c62451450a1416af2f8efa17db3ac79c82e3cfd8906d0546ca44e
new_state	12	1	262144	pos1/new_state-12.f32	5f399f9112fed47f904e0bda766471fb9af18b5dd8c5712afc025293018c775b
final_output	12	1	2048	pos1/final_output-12.f32	1de7d0db8062bb0c4a9f37937fc98c36812afdc51327bf9d81dca2ecf7b1c9b2
linear_attn_out	12	1	1024	pos1/linear_attn_out-12.f32	7456ca4a01814de20b28f27f4c5b617d727101d722422a92c4f4d193729304d6
attn_residual	12	1	1024	pos1/attn_residual-12.f32	4d74c2de378a355d3813e5059ef66a508f4440ef0d8158b0753e47adf32557b9
attn_post_norm	12	1	1024	pos1/attn_post_norm-12.f32	2b54fe27925aeef5b914cc906ec6bb76c017473072b8ac0628b898aaf0e0fc0e
ffn_out	12	1	1024	pos1/ffn_out-12.f32	4913b71da255fa1c510a54f3248c83b227c1f73d977fb10837b5a54472c0f6c6
l_out	12	1	1024	pos1/l_out-12.f32	e330c36b637d7b04fc1503baf972196d70512213dcba698af9611f2e51e34180
attn_norm	13	1	1024	pos1/attn_norm-13.f32	b1ebd1117ec9db8c9930196abcf3d9e948a0d13e4a1bdf2cabb962a3855ee2ab
conv_output_silu	13	1	6144	pos1/conv_output_silu-13.f32	e0ebbdead8dae59766e61e4e8dc341b5c6594e290ac17735f6630ab002046b7a
q_conv_predelta	13	1	2048	pos1/q_conv_predelta-13.f32	043b50626b8936053f4988e3117dd795c27496b5878c01b1dc420b7a5249d0fd
k_conv_predelta	13	1	2048	pos1/k_conv_predelta-13.f32	88244c18913ec9da3441b42cff471a4e2d1a2fd20b3d633c946fbc462dc010ac
v_conv_predelta	13	1	2048	pos1/v_conv_predelta-13.f32	487c6ba6e2449e0440f4624d24f5d9da27f1114e967103e988cb9fd73fb6bb44
a_softplus	13	1	16	pos1/a_softplus-13.f32	140ebac7b94467f3ed63b9d0cc186467ce036e9642ea6f55e50862e4eedacf18
gate	13	1	16	pos1/gate-13.f32	daced0cbc08f905bac5621fbfbd2b6e78ab636d7960e0b76f02c3ce4a7e38f76
beta_sigmoid	13	1	16	pos1/beta_sigmoid-13.f32	e6cf7fce4a64f2bd28135e27b9f9f7c6710f9ce29105eb7d07e171fc9a64becc
z	13	1	2048	pos1/z-13.f32	b991c8e2d2263e81e365b815d37c377ae0eb216306706c6d64b3f5e003c88944
state_predelta	13	1	262144	pos1/state_predelta-13.f32	ea5f249376121687c2667075e326271b7762ddd068b12342fb6361a91beb0101
attn_output	13	1	2048	pos1/attn_output-13.f32	a8df87328bad5936bf819104c11324cdb8cf0763f2afd691b3a94c1944d07eb4
new_state	13	1	262144	pos1/new_state-13.f32	b99acc09d5e3092c1fb378bada1f8573755e3ec0e595f6b601575614f891083b
final_output	13	1	2048	pos1/final_output-13.f32	fb75b8d67329f493a2961875d290f4107e3590e08958769e0acdbfd62ff28fa6
linear_attn_out	13	1	1024	pos1/linear_attn_out-13.f32	b305a7cf14e0805b7574facf40bb30068e3da1cc6c2b0ba21414b8e578527e93
attn_residual	13	1	1024	pos1/attn_residual-13.f32	ce709e2aa4b043e2d34f7e6ea261a71fe51f1f109930cff6391d23a83f354ca2
attn_post_norm	13	1	1024	pos1/attn_post_norm-13.f32	8579cfe1a1cd4fa22d49b86e55085a6d68d3232f78e08c999155f775e4b2fd9b
ffn_out	13	1	1024	pos1/ffn_out-13.f32	4f23b4c16fe53ff9eb624ff60b0e0e9811f4780a922f8d74f399224c518feb30
l_out	13	1	1024	pos1/l_out-13.f32	54660b3cb2f5f560ac17f72d930ccfc18ddbfa4f7a6f7743851e43685226fca3
attn_norm	14	1	1024	pos1/attn_norm-14.f32	0666aec8576b702ed60aba07c72ca0183179b477546a9b83191b898b799f8e7f
conv_output_silu	14	1	6144	pos1/conv_output_silu-14.f32	ba7122803d9cdaddb263ad41e4b9a30e9bb32cafdb9229cfc43a8f08b7eb6a74
q_conv_predelta	14	1	2048	pos1/q_conv_predelta-14.f32	b65e10b35f6c60753cdf9fe6cd9a0dfe02274a8b90e36963a24f9c1de51981e1
k_conv_predelta	14	1	2048	pos1/k_conv_predelta-14.f32	6ab1e4fe23b0e88c232afba2797228c4ff1f42dce6c4c6c235bc423a2ece94c4
v_conv_predelta	14	1	2048	pos1/v_conv_predelta-14.f32	69ebc3edf602c866d45f6397d1d302f0632a081413ef918105bbf099334c579e
a_softplus	14	1	16	pos1/a_softplus-14.f32	b89587fcde539bbb0fa08ff5b10841533f63d3cfa694346d2b6cf0c3545192bd
gate	14	1	16	pos1/gate-14.f32	c19feb966fe97f75735b13baa2075272abc69edf89f132cc03d8fc029e95d93e
beta_sigmoid	14	1	16	pos1/beta_sigmoid-14.f32	5a295d5227a1eb0f99670eb9e1400b81fcf4e28b3b99bb718fc37c099185bfee
z	14	1	2048	pos1/z-14.f32	32567cd57f460c8ac12aee2f48673dab68e90e7ee4f6f2941009689fc946b8c2
state_predelta	14	1	262144	pos1/state_predelta-14.f32	2c35b3be8179dd9e67e8dfb37d8432312fc7bc7ac4c0a045a26c36175a54e90c
attn_output	14	1	2048	pos1/attn_output-14.f32	056eec25bdbe337bd4b908f8787da447d958f0094f4b11adea580865cf7294ab
new_state	14	1	262144	pos1/new_state-14.f32	1e2c9fbef57db0ca4f431694959240c6c9670d36c1457cfe0f67009e59b96746
final_output	14	1	2048	pos1/final_output-14.f32	a670f4889efecf0a0aa51be150d0f79932fc4a7e1ca701788beef309bedd8244
linear_attn_out	14	1	1024	pos1/linear_attn_out-14.f32	80696f12f74e5c4f68fe45e9596c65fd0aae463f26dac676d8e5122ca699c6e7
attn_residual	14	1	1024	pos1/attn_residual-14.f32	9473a1fc46859bad6825d6ef901bd714d7d4b81bfe7c98f263f4ece0bb916cc7
attn_post_norm	14	1	1024	pos1/attn_post_norm-14.f32	790b1c1736af56ac884086328b9b25a39daae0051bc834fa1b47acede6418d02
ffn_out	14	1	1024	pos1/ffn_out-14.f32	c7d2b99889b07ec65abf7f51554a1022b1be5b94922952615c72340fcad902ab
l_out	14	1	1024	pos1/l_out-14.f32	413431508642eee1ad1ffeb21a1950cfb2ffd748bf86fe7c2a4c5663efdc0b0c
attn_norm	15	1	1024	pos1/attn_norm-15.f32	51fca75e5c876ea7b2a892cbba7806c007974e0e45d4d9ce55bb0fa6f1b1e855
attn_pregate	15	1	2048	pos1/attn_pregate-15.f32	e196dfd9bdbbe72963f6d992143e89fe0616a4b5503a80b41dc155446324526b
attn_gated	15	1	2048	pos1/attn_gated-15.f32	71b6f9f312512d21cab50354976c9d5499c7afee15f83d3be5bcdb6a63f93929
attn_output	15	1	1024	pos1/attn_output-15.f32	48d33864e11c5f0881150ea42733ca2c15b3fb76ccd81c26f09efae29f3f913c
attn_residual	15	1	1024	pos1/attn_residual-15.f32	dc185061b7b6e3fd6e13b08c6288a6e3dbe9ed04b85a9a925bd634bd400c58c1
attn_post_norm	15	1	1024	pos1/attn_post_norm-15.f32	8c2705fd6fa2af2775f7c800fcebfef39098cf04b66cb122740f9b398b2aeb0c
ffn_out	15	1	1024	pos1/ffn_out-15.f32	cd906af37526e18d7c8d4175b50036e634ae7d9b645457e05b74db2c09df99af
l_out	15	1	1024	pos1/l_out-15.f32	22129deedeee74b469ebcebe2e75891cb2eaef1fa6677b147a590e4dc7ccc020
attn_norm	16	1	1024	pos1/attn_norm-16.f32	9265729fe40ff57cae449d86c16bb070d9548315f38e2981d88949746c58718d
conv_output_silu	16	1	6144	pos1/conv_output_silu-16.f32	5b0bedd7475327ffc768a2be10fbdea0b42ff9c6326454c75bd3598684c1596a
q_conv_predelta	16	1	2048	pos1/q_conv_predelta-16.f32	b51bf6fee9b5f523e548bbb37a5b1f2c6839f3f2d7d7b2bf6f9fce71b4036afe
k_conv_predelta	16	1	2048	pos1/k_conv_predelta-16.f32	b6df52fa8b16382bf73c4a176314fd4dc8bee23d0549b198df5d8fc739609ded
v_conv_predelta	16	1	2048	pos1/v_conv_predelta-16.f32	8c90096a8a7a056ae01e934bd9af68c9f7c33f2ea49edc258f5136893a0bbb5f
a_softplus	16	1	16	pos1/a_softplus-16.f32	4abcdd305550e4b0671d135273ca64b67f6fc97d9bc51020adff216280eed7af
gate	16	1	16	pos1/gate-16.f32	ce01f2f36293b689b6413611c87c6262a19c2007ca7d304ab6b199bb0de75385
beta_sigmoid	16	1	16	pos1/beta_sigmoid-16.f32	56ff46f2545b0b7aab8b5d13edb87c2b95cc2a3b0f6d8e2a3aec032abcc9d1fe
z	16	1	2048	pos1/z-16.f32	8f2c8f482e7fe3af4d2b2025bb47fb6cfc5eb50cd839ef04576f648ded7fb9ae
state_predelta	16	1	262144	pos1/state_predelta-16.f32	b7911b5300d896ac511910fc7137900e25d42a47348b058658f11a5665c26f3b
attn_output	16	1	2048	pos1/attn_output-16.f32	b8499f0819ca5dba86dba4903da9c21b2f6c31941ff3768495f97495417e0867
new_state	16	1	262144	pos1/new_state-16.f32	96a8430ec504b09b0eb58ae6a6f7334b8374a0ea7c13f9b6c44580015cce5e11
final_output	16	1	2048	pos1/final_output-16.f32	a7d4318777cd36a28f2bd30b65a8378e49a3d262299ccfb42412c3d6da89750b
linear_attn_out	16	1	1024	pos1/linear_attn_out-16.f32	ab98c1f0ca2e583256ea8813ef732bc4d2abe208f85de10f91e5ea3386f1490f
attn_residual	16	1	1024	pos1/attn_residual-16.f32	ae171083ef2b385a64455e09b495775dfa90a33444344c49005cd024355c4220
attn_post_norm	16	1	1024	pos1/attn_post_norm-16.f32	abf8dcc39c530ee50f0b9cd911b9f457e5a1b488fbc6116e7cfdca0d455c32d2
ffn_out	16	1	1024	pos1/ffn_out-16.f32	6a447065fda9a8647ab92af79e736e25dba97dbfed17f9ee74b9f679c76db830
l_out	16	1	1024	pos1/l_out-16.f32	52a84ddbf7d59dd3ab6db11cb4b1cd489047f6ec7b14887e87f0f894d1bee466
attn_norm	17	1	1024	pos1/attn_norm-17.f32	450895e07c5c050c1215ff08a20de4ee250fe565a3fcd17d80dae99ce25f8137
conv_output_silu	17	1	6144	pos1/conv_output_silu-17.f32	2246f4d758aa92e2c41f0c0709778a774a77ff37e86ee467dfabe36dcbd6533d
q_conv_predelta	17	1	2048	pos1/q_conv_predelta-17.f32	c23e986f86e049893fe0b87fd49feab754d953123b5d3aab35b9cfe3e0426443
k_conv_predelta	17	1	2048	pos1/k_conv_predelta-17.f32	4c57a91d659901f70b5ca836893ff392a14e8247b537ccd70dad5c2db1dd66f1
v_conv_predelta	17	1	2048	pos1/v_conv_predelta-17.f32	fe6794435144e9a37a2dc88114b1f7c0f827b2d52a1f772a9cba50d2f3bb0860
a_softplus	17	1	16	pos1/a_softplus-17.f32	02be4013526bb463010cc357d090c04167fa05c8b511838bb4bd3fc0ee221879
gate	17	1	16	pos1/gate-17.f32	fd7b3c8c86b7918f8a2b388b37d045187acbbc886e6bdd1d91b65c4aff91ca54
beta_sigmoid	17	1	16	pos1/beta_sigmoid-17.f32	bcb5cf62319a3a73d94ed0dba018d5a3a1bd1dd0e9ceff2464c6b075010d498d
z	17	1	2048	pos1/z-17.f32	c3ea0d8633021642f7cf5b462034ac050980a7c5b616689a1886e192365056ce
state_predelta	17	1	262144	pos1/state_predelta-17.f32	3b87acf9e85416c4d0e590018191a6f357bfd853ef53d28851ee724726576391
attn_output	17	1	2048	pos1/attn_output-17.f32	3aaef3d43bed7eee6e21eb1927aae892de0f630c11f3fc19c8be28bb51121217
new_state	17	1	262144	pos1/new_state-17.f32	1a0ee397f4fc26682881f175933c05708107f969e3791b1f9e23f7a077ba5d21
final_output	17	1	2048	pos1/final_output-17.f32	30fd69f02a9c8b0269b9fb2a4c3ef6d51a0403cf38e79072d7100faa8987cb28
linear_attn_out	17	1	1024	pos1/linear_attn_out-17.f32	8befadf44de417c3541ae2bf228e32a05dce442f75b096a9c8942949eb19d6b7
attn_residual	17	1	1024	pos1/attn_residual-17.f32	4fdda7ae1d22a3e5767ae19ddf6df03261c2a677312dd02bab084900a4eb9920
attn_post_norm	17	1	1024	pos1/attn_post_norm-17.f32	44e59e7125650554651ff47b401b29591ee2dc0a3142ecb1c47098d730bc21a4
ffn_out	17	1	1024	pos1/ffn_out-17.f32	8f78e93f4e8903be5f3a5a2bf36dd7ea5666768bbd9eae54d74d9adf027c6601
l_out	17	1	1024	pos1/l_out-17.f32	34f2ebf7047d083762f923b5adc0a67d9268bd22084148131a8e2dc874945eaa
attn_norm	18	1	1024	pos1/attn_norm-18.f32	ae0e8b940d6f5a9d0641c2330093bb92a39cb1aeaf79d4fd922a8bdf05194cc0
conv_output_silu	18	1	6144	pos1/conv_output_silu-18.f32	bac4d7212ca90221e2282fab6153a08b1d2dde4155bbb7af298898d879300bbc
q_conv_predelta	18	1	2048	pos1/q_conv_predelta-18.f32	21c715f2f0c15ab70743198cb14f65923c778b71d946bf2567cd8f5bb06fa795
k_conv_predelta	18	1	2048	pos1/k_conv_predelta-18.f32	b1fb304f829318ea1f6ce635e450b6bc840184e1735d6cffcfba9515bf62992b
v_conv_predelta	18	1	2048	pos1/v_conv_predelta-18.f32	4305dd50e111d023868c8676abd3489f1af4b28ae7afbc37fd9d4e41fe9cbca4
a_softplus	18	1	16	pos1/a_softplus-18.f32	4fae7a704ade8a2a1a1370a5cf3f915ef1891af3a9da103f1c52b897f96eee1a
gate	18	1	16	pos1/gate-18.f32	1478485c8d80b24a8fc7db4f3c3dd1ce27ac21b945aad617ea4d1a53ed6f561b
beta_sigmoid	18	1	16	pos1/beta_sigmoid-18.f32	6d72cefff6db83814d24025e0c073b72c1f986893bc820f94a803f7e5611cd76
z	18	1	2048	pos1/z-18.f32	1a638044ff0972787fb08daf1856c64a7b82612d8090ce661b8aec42bbee3afa
state_predelta	18	1	262144	pos1/state_predelta-18.f32	d18e020c2ed7b212dc2efbebcab6a052d3dc5140f0cf90b2226b45ab91558e42
attn_output	18	1	2048	pos1/attn_output-18.f32	4d16514f5674841778adc03c2be69eacaef41b5daa7e6671fdfcc6a67dbdc103
new_state	18	1	262144	pos1/new_state-18.f32	ee6783c95a8db47b60e6be3b2bba3961119827d80d05d78f8e238ef9ed99a816
final_output	18	1	2048	pos1/final_output-18.f32	c8fc7bf10f6ef5b60a711d9ab200e6d1c1414e664419ae0ea32b1642bf4c5380
linear_attn_out	18	1	1024	pos1/linear_attn_out-18.f32	9f0f30c0f7d4a8d89d14585c0875cdcb826165782bc9e8c54be78853f1381a1b
attn_residual	18	1	1024	pos1/attn_residual-18.f32	f68c6d63ef59c54bbfce9d446916f122d605296beca1f487fea05773cdc5036d
attn_post_norm	18	1	1024	pos1/attn_post_norm-18.f32	4e9f895c2873c4abf9534dde5e5b914a62839fb7758189f9f1dec57a996c4ac1
ffn_out	18	1	1024	pos1/ffn_out-18.f32	1d180a10849770860f9403c3ec5c2260110267fc5cb21cf150924fc2f15164c0
l_out	18	1	1024	pos1/l_out-18.f32	1ad7d32c21c3bf831e332909824229a1238fc7b4bb0c1c2e6b6d49707c849101
attn_norm	19	1	1024	pos1/attn_norm-19.f32	bf22951e1b0f319088987cfd272727fe2e78ea5cf709c1ac10edfa4e45fc8fe1
attn_pregate	19	1	2048	pos1/attn_pregate-19.f32	cfcf0fcf7b03c8f918052bd77c84a2e31ac4ab3dd37cbbed74c6cc1f42efbd3e
attn_gated	19	1	2048	pos1/attn_gated-19.f32	09381f318380208b1f8c6ed9fe1b9d7407c585fd3775d82725a522eef4252d80
attn_output	19	1	1024	pos1/attn_output-19.f32	cfadc482ad56f7e4427b217ae8b0fb213409005bb5bd981fdc1fda0ff41c1ee3
attn_residual	19	1	1024	pos1/attn_residual-19.f32	42fb60602c75659011b434c4e428327b8da97af390c4ea1f3fd603264a1a0589
attn_post_norm	19	1	1024	pos1/attn_post_norm-19.f32	2ba8a19755c2ba171985c7b255f063190c3a8cbb2f721fa802dd65293d75843c
ffn_out	19	1	1024	pos1/ffn_out-19.f32	7e81bb4002d506d11633cdbea65ab8d0830b66eb0f36864a4e1367bc98d39905
l_out	19	1	1024	pos1/l_out-19.f32	2b01112a0cca2ef6f4bff5f9cf60ef2935eb17c16c08ea1896126255751e7384
attn_norm	20	1	1024	pos1/attn_norm-20.f32	ad29d8d639536019f1e5562740ff566c927debe0a45296bb8f0f8750b747e13f
conv_output_silu	20	1	6144	pos1/conv_output_silu-20.f32	86e298dc17b2eac641f00a777ba05bdaaeb8a275c5bdbb7c9bb8d3aabf85d96b
q_conv_predelta	20	1	2048	pos1/q_conv_predelta-20.f32	c3e6daeea09972ddfc24f825bd24837f53ee6e17c2d1e9c2ccedd3fe9a79605d
k_conv_predelta	20	1	2048	pos1/k_conv_predelta-20.f32	f2a3a3b56a70b315d3d0ae40d3f3da89e2a503af3731dc4dd9c6dc41ee84f2fc
v_conv_predelta	20	1	2048	pos1/v_conv_predelta-20.f32	25af242ccb3bf93a351c7d18f4eadf4f271771c150b2748552e579c3414ef79e
a_softplus	20	1	16	pos1/a_softplus-20.f32	e35ae42b77416ff32f3f977050786b375a6f2c39426a10ea36621ac85edeba64
gate	20	1	16	pos1/gate-20.f32	6d5595f6032674a6d6a7f06ffe3b4896deef1efd5443a8a2e11fcc31581bcdc1
beta_sigmoid	20	1	16	pos1/beta_sigmoid-20.f32	5a6588ecfb424767e5c5d816e43d1ca1f9ea37e174b48510118303b356023691
z	20	1	2048	pos1/z-20.f32	007b58a8669644cf64469d1c837d3842be7df0a3ebbd284f341ff41d38104119
state_predelta	20	1	262144	pos1/state_predelta-20.f32	a47dc0de54e0e71e90c30a060e48a4723b37bc48384656cc47a58eb61ac3b19e
attn_output	20	1	2048	pos1/attn_output-20.f32	4b94367312afbf54644a571a121ab572985f695376dcd5814fcb5537034e3263
new_state	20	1	262144	pos1/new_state-20.f32	53291c6a9af092a088080458b553e09822d8e492c91672b242451e1df5b229dd
final_output	20	1	2048	pos1/final_output-20.f32	42d8e425c44317d8b4cdc0557420d488e32ea1bc3b60ffa4a608de4dab046855
linear_attn_out	20	1	1024	pos1/linear_attn_out-20.f32	64aca9500e69ab701a9095c86870addbfad34cde11df999d50ba435f6c9a4355
attn_residual	20	1	1024	pos1/attn_residual-20.f32	5105400635458d094a5e8d0972bb2f3618ef4c80b9854b1d67e1bc3073fd527f
attn_post_norm	20	1	1024	pos1/attn_post_norm-20.f32	242672603d8198e6680a3f7486f9f92b821a47e2388415a202806f1d4c710d88
ffn_out	20	1	1024	pos1/ffn_out-20.f32	466165b9a16fa8183beb3b69cf54e9d8da80eff878508349172f4d002e791c31
l_out	20	1	1024	pos1/l_out-20.f32	dc43d0566bbff550e6ef98a3923984419180e379ae92245461a1d76d7080da97
attn_norm	21	1	1024	pos1/attn_norm-21.f32	1db09bf67a737f3740c4a4aa40f9289025e09f6001d690ec2d4c9ed18ce1c346
conv_output_silu	21	1	6144	pos1/conv_output_silu-21.f32	384af776b1d3f5b494b0aeed778a01b9fc3415f5362c362a14db7939621133e2
q_conv_predelta	21	1	2048	pos1/q_conv_predelta-21.f32	8e5d275410ab5b141214538dc58ddea27bbba8db4bb68cd16329235c86de490f
k_conv_predelta	21	1	2048	pos1/k_conv_predelta-21.f32	5c6b813170dbb7f1c77906b4df1e5019a09ceb985d7af91ac67a4bea5b39fce8
v_conv_predelta	21	1	2048	pos1/v_conv_predelta-21.f32	f82fd071948468c2a14cd92684d031a3db1635de2aa7f644f272060ec04c2eaa
a_softplus	21	1	16	pos1/a_softplus-21.f32	4df033ad28d072303d1c5c6cd8daee78cebc5ba934605588e4d2b258318283e8
gate	21	1	16	pos1/gate-21.f32	479e2aaf01e84df760d3803d789a6f7693d7ced66b6d917a289326823e302174
beta_sigmoid	21	1	16	pos1/beta_sigmoid-21.f32	fef6d294a1006eb8d1dcc6982d8282c11952d6cec1bbfd01ea199845768307b8
z	21	1	2048	pos1/z-21.f32	a32090fd6dee5f584fbe6b1fdf990143974a8d6771654652803e7442aaa1fbf4
state_predelta	21	1	262144	pos1/state_predelta-21.f32	170e1f981ed5b2c0dbe62bd2e4fdb8fd30b9b7080c85df2c7356ee0e6ba156fa
attn_output	21	1	2048	pos1/attn_output-21.f32	c79a92227099961522e1ac40f7e79b086842e08fd98bddd572fb9800e614ff04
new_state	21	1	262144	pos1/new_state-21.f32	de230df75bd4ba219725f437a4df8f2ae71144fb03dd4504dcf3f23832e4880b
final_output	21	1	2048	pos1/final_output-21.f32	708b649c6d73fe6bbe03b727a2b55a6508c6ce7faefddc3ecada9639e5a03e40
linear_attn_out	21	1	1024	pos1/linear_attn_out-21.f32	93c6b3379948b7c7479cbac60f0c235f33dd82f4e645b9fe70ed5566357fa27a
attn_residual	21	1	1024	pos1/attn_residual-21.f32	292e92c37b85771f2ad69f57b2a1906715457b76eff4ed88bd777afcefc8a355
attn_post_norm	21	1	1024	pos1/attn_post_norm-21.f32	9de3e555b8d5b303d9edf7b7bfd3a0379f29d69cc8727250d84718fc7a188a5b
ffn_out	21	1	1024	pos1/ffn_out-21.f32	9c4ed80eb834b7217822f29593da4137a081d1e44b6ac3a4af084d07e5bb6d0a
l_out	21	1	1024	pos1/l_out-21.f32	ee3d18c1d98de8e42a67b4309451b1817bec5cf31fdd052819fc6ad542315b29
attn_norm	22	1	1024	pos1/attn_norm-22.f32	96e87556f276de78e517d14f3673023974486cf53c271e71e32bb5ecdc47256d
conv_output_silu	22	1	6144	pos1/conv_output_silu-22.f32	7e71ed14b172496cc1113f86024c140e778965d0d5a6ed055e3ed9edf5c2be45
q_conv_predelta	22	1	2048	pos1/q_conv_predelta-22.f32	6ca3a9a3199790b92677bedac7b433bad39d8092ae458a740df7ca1e29c316f9
k_conv_predelta	22	1	2048	pos1/k_conv_predelta-22.f32	01f2f6e67bd1c5d138683595edc906aca1de4c46b1b8e1a02fc1867174d90055
v_conv_predelta	22	1	2048	pos1/v_conv_predelta-22.f32	26f1b21baaf747fe81a2ee7f757daf0eb9831d632957f33b09503b65ad917db2
a_softplus	22	1	16	pos1/a_softplus-22.f32	daa6c65cc067c5f3777953bb90ea0c5bdd15431843e665b4034981259b76f5d0
gate	22	1	16	pos1/gate-22.f32	b8332276aa3deea07409bd3eed1dbda5f68abded47aeeed150cf166749e87bdf
beta_sigmoid	22	1	16	pos1/beta_sigmoid-22.f32	41faca514c22de9b1d5e93b7ebfd49d9e124fc9c17ee89d7acb2af310af954b2
z	22	1	2048	pos1/z-22.f32	0cf546c165e24c785e99dc72859085d77caa383b6148da947aa9b1b7cef022c4
state_predelta	22	1	262144	pos1/state_predelta-22.f32	70bd8e69dd637c88325bc98d1cbeca4f9234133a683ff1128bb30cfa92fd3eb5
attn_output	22	1	2048	pos1/attn_output-22.f32	add7d019c04cb705e038550fe8d2edb16a7caf2b96593cc83232ff092860fc98
new_state	22	1	262144	pos1/new_state-22.f32	bc2cc39124b7bb6fa24e0deaa8aa693f48f4aacb7d813d93c2d61b6150aacc1c
final_output	22	1	2048	pos1/final_output-22.f32	304834bad32ff5334f0d28312e7afa87de2bbdfe7e0d7cad49c75935c2163d38
linear_attn_out	22	1	1024	pos1/linear_attn_out-22.f32	3ab5bcc714c7dcff13a17fc00958c008ceab3aeb05362cd36f84926e808ae16a
attn_residual	22	1	1024	pos1/attn_residual-22.f32	2f1227da5c0702ffc9be08c8e45d4268ce81de5f930eb04150f329c03dbec1c1
attn_post_norm	22	1	1024	pos1/attn_post_norm-22.f32	a1e8e164ecf24afb0da690fa8d948ba342e1e4a48c15be62a42d024dfaccc25e
ffn_out	22	1	1024	pos1/ffn_out-22.f32	00942a8e20129eb76954e2be0534861feb13546d81451cba9ac533cdfa5d3082
l_out	22	1	1024	pos1/l_out-22.f32	06c3ebb95cea10896ad00f487a03f51f27c2f0bad36b870e58d2a545dacc4121
attn_norm	23	1	1024	pos1/attn_norm-23.f32	8977aac940b2b9c970b2867c3db68019a520721389ab339bb01604b3e092100b
attn_pregate	23	1	2048	pos1/attn_pregate-23.f32	0305978fc0c37fc64f6c3f37d6f6894e726efa3b6b632f3ed40968961cc962ad
attn_gated	23	1	2048	pos1/attn_gated-23.f32	8d6235af9aaf52ac76673f739d121301c2cca9fdb87c38ec3b0e4a22dd862557
attn_output	23	1	1024	pos1/attn_output-23.f32	2e9259962446ad1bda3085abe7b264d847f1eccf19f560e4e793f33a4aca8e35
attn_residual	23	1	1024	pos1/attn_residual-23.f32	d81abd2ce4290f593f62b9e54e1f2b701deed268c0eca3e6fa41674f11a02831
attn_post_norm	23	1	1024	pos1/attn_post_norm-23.f32	a96448ba40ce5951b75ec29ea9026f90a23434e0cf4f2e314996e1f48809948a
ffn_out	23	1	1024	pos1/ffn_out-23.f32	95686d695445498e49142a9a1b0491ea8de9408b29de7cacd0267e9ae3cbf202
l_out	23	1	1024	pos1/l_out-23.f32	6b9a0b8c83fc30803ed2b5708c595c94828b97c82c092b9ef4e30fd71d049bac
result_norm	-1	1	1024	pos1/result_norm.f32	cdc05cde6208621c6f15716c2d6a1e94a3ebe2b4d4703c16b92fa03ea6dc1053
result_output	-1	1	248320	pos1/result_output.f32	b39ef071d537475f101ac4f848ad9249c91777303376d0f15f8a1fc0fa5ead95
model.input_embed	-1	2	1024	pos2/model.input_embed.f32	22ba0638f8f48fed37cbac68b016766320ff53ab3bc682d8402bff200162b931
attn_norm	0	2	1024	pos2/attn_norm-0.f32	6777ef978843ec18377a6bc4ba0759c69bca776d2f73cebd25ad60bf8be09657
conv_output_silu	0	2	6144	pos2/conv_output_silu-0.f32	4d97a412dcfd4bbe5afca09a3e40031ee5538cd98b0d81a061d21a3648482643
q_conv_predelta	0	2	2048	pos2/q_conv_predelta-0.f32	37c5bc4460a608851fa9b615ade90bcec24941dec426ea9cc8c973cab5d0044c
k_conv_predelta	0	2	2048	pos2/k_conv_predelta-0.f32	fc66e96b7910a15bead6c1ad8eb9fb594f3b37562b25bf39c055cd3c041b04a6
v_conv_predelta	0	2	2048	pos2/v_conv_predelta-0.f32	0dcd543daf21c86a6a5378c215c3f2ac282e78843c60641ce473bd31cf046e46
a_softplus	0	2	16	pos2/a_softplus-0.f32	3b8921b71993b71a315dc6dc7b08811812180104fc0a97094a11f73589249079
gate	0	2	16	pos2/gate-0.f32	6989f45442f9859c045e422448c8e19c9ed43b03d0d27510b3842c522fcc54f8
beta_sigmoid	0	2	16	pos2/beta_sigmoid-0.f32	5a828b64b71f9d01d92cb18fc9b0c9246cd3948efde2a2ecf0c59dea3d0771da
z	0	2	2048	pos2/z-0.f32	c6c3a0580a38c59eba7b4168d2260e88d5e681a01f38f12fff56d2ec42ef21b0
state_predelta	0	2	262144	pos2/state_predelta-0.f32	b1cba3bbd98ed05ad58388c06352937de64cce36752b0d9ec2c9f47f35b604d7
attn_output	0	2	2048	pos2/attn_output-0.f32	ba49b1499663fdd2c3601847f7c9b5f1acc5ca1ad30fdb7899625b5eafec14c4
new_state	0	2	262144	pos2/new_state-0.f32	0ca87e208953232d652ff31a650fe56e1382ba70a5ba7b5a9d92c128744291e9
final_output	0	2	2048	pos2/final_output-0.f32	82fcff190e3d36106724a8935d206fa65d1bd060a62629a5bd185d42bc0e6d08
linear_attn_out	0	2	1024	pos2/linear_attn_out-0.f32	a0d9a6e338f6d9bbaf24f76fbf40a123797ae0fcb34c4a709fb729b701ff76ce
attn_residual	0	2	1024	pos2/attn_residual-0.f32	c5c4fc8a09c06596b1670b89fda1c4891607b1c4b3aa7cb91713f6e460b9b9bd
attn_post_norm	0	2	1024	pos2/attn_post_norm-0.f32	0d55e358f291f45df536e10e58114e6c7b376960fa0467c8fbda87c925737f2c
ffn_out	0	2	1024	pos2/ffn_out-0.f32	a24bdff7e8cfe3f1a695875523c5f3da6eccda701d64beb091abe0b1753147ac
l_out	0	2	1024	pos2/l_out-0.f32	2875940a33c19940796ae6059ec61591b7a40ca08469a5b63e7c019eb69be21b
attn_norm	1	2	1024	pos2/attn_norm-1.f32	d628af69243a9d07c65885240c4ad3d16ddce369f06888356518f8eb6b537400
conv_output_silu	1	2	6144	pos2/conv_output_silu-1.f32	cd4d5a1cb7340e24d04a8f82e685199e4f4d8d9acb89f2e42e538802394a8156
q_conv_predelta	1	2	2048	pos2/q_conv_predelta-1.f32	d5e896b9b957af125300aefecfb035cce5fde9876c89ac94a49dd50aa2c07eaa
k_conv_predelta	1	2	2048	pos2/k_conv_predelta-1.f32	d8276d3977a8de7f1467984ce11f7a9b5fb00aed5ba3378249ed4fcae395a27a
v_conv_predelta	1	2	2048	pos2/v_conv_predelta-1.f32	2bd31d0b74d9d3d5079330c08163cd4c94fdd1e485b51999ae67396d340c9ab3
a_softplus	1	2	16	pos2/a_softplus-1.f32	7138d05fe71af32f0aa7744515c8f71f25af7ff7181e0c447f173b68b80b8705
gate	1	2	16	pos2/gate-1.f32	4c7f6715d06bb75ed760b43bea42b9e04b1029bebcd96f104ac8aa58e1d65bc3
beta_sigmoid	1	2	16	pos2/beta_sigmoid-1.f32	d81b29bf0edca5418cb606f2b4af208aa79c08c0cc683c995f281ef9d3995e68
z	1	2	2048	pos2/z-1.f32	70b1e69c1c421d020094e882c885fb374880ef66b067004eeb6e0760bdeda0a5
state_predelta	1	2	262144	pos2/state_predelta-1.f32	56f1b78bd92c6f3796b3c6c5a7e29d47cddebc89f3a28ab4869b99ea479068ae
attn_output	1	2	2048	pos2/attn_output-1.f32	84a8851bf4385a5e46c90c61221480255b3a8396451eb91c5b809da104bdb2dd
new_state	1	2	262144	pos2/new_state-1.f32	9229c58109754b9b6b3959d5f4b334547f95de3c97235c544f3a1c96dd8e23e3
final_output	1	2	2048	pos2/final_output-1.f32	73be27fe382aa8c1bdd6cf0ce7856d6853f0de6563f7227a56261175f69ce001
linear_attn_out	1	2	1024	pos2/linear_attn_out-1.f32	616a93d9f24581353d19347aadd11fbbdb21b8cd79f5cdd6a945a8af013095c6
attn_residual	1	2	1024	pos2/attn_residual-1.f32	6b6e2f58a7fd5230494b3b0a274ec1956f0df65297aa210ef15e8ef750c84ce0
attn_post_norm	1	2	1024	pos2/attn_post_norm-1.f32	993f46671d6ba2e1db83a8087cdc9e9e32ec6e8b04bbfcd8892c7c1cd65186a3
ffn_out	1	2	1024	pos2/ffn_out-1.f32	208fd9453cbe4f79fd792dcd2914bee48c056d39b25276081af75f16ebbaf131
l_out	1	2	1024	pos2/l_out-1.f32	d1c08c4534bae1d4f8e564a7a3e1697f65e8ecb0568eb19572a1324c15553eff
attn_norm	2	2	1024	pos2/attn_norm-2.f32	d19304974456f9e8d5a9092748840250b9a1c04859e5576de69fad80864325f3
conv_output_silu	2	2	6144	pos2/conv_output_silu-2.f32	ca83d75efbeb696738b30d66461b60ba46dcdf64d3c6e477dae85bf426ed4296
q_conv_predelta	2	2	2048	pos2/q_conv_predelta-2.f32	3d3c7a32a607319233255283d1b487b713ff7f7175d57b465cde30779b60da4c
k_conv_predelta	2	2	2048	pos2/k_conv_predelta-2.f32	448a519a1c24f87757fc6c5fa08dd9aca377500587da972f9cf87c6dceff17ae
v_conv_predelta	2	2	2048	pos2/v_conv_predelta-2.f32	a35155203e95befd577daf6f33c3419576152a8523ab179d811d40f9f0e5c8e3
a_softplus	2	2	16	pos2/a_softplus-2.f32	dbaaecf6b3192ec3f255e63086cfcb91009bde1b40955aed996852a658b58632
gate	2	2	16	pos2/gate-2.f32	2d75d9796f3d3c2d74ddb2c759ebb0b0c16a733cda4542773688edc774d0ab05
beta_sigmoid	2	2	16	pos2/beta_sigmoid-2.f32	56c36e8d7ed21a6ed5333676a90325b634ac250ed1eab943f256c861b8492e2d
z	2	2	2048	pos2/z-2.f32	7b73945ccfa4570450e483c5427e7daaea04b90bd4d6c44cf95a65ef7b07198f
state_predelta	2	2	262144	pos2/state_predelta-2.f32	c7473fa2f306f182ba95854122a6e8f3d9d0dca1fa6ccfa86b41ffa734027641
attn_output	2	2	2048	pos2/attn_output-2.f32	6f10b53cd8759735e91b144582e08efa26a93f30ec82ffe81ef6c2e882fe9922
new_state	2	2	262144	pos2/new_state-2.f32	55266692aa7779700c4159ca08d642b7ace94ba6bcd50f4cec1e3466cb46d78e
final_output	2	2	2048	pos2/final_output-2.f32	0b9c6dc1d1e0fa1fba32f51be7239ff8a135621f6fcfef6a72556056ade49d8f
linear_attn_out	2	2	1024	pos2/linear_attn_out-2.f32	e59704748ea0b1dc15e31a1369de87a7f00672a08e1bcf467d8c80c0a16a3f04
attn_residual	2	2	1024	pos2/attn_residual-2.f32	2d0f44da486bb27bef8f26fb154b4b6ba94fe0ecd14e0b33614eb121b50eaa5e
attn_post_norm	2	2	1024	pos2/attn_post_norm-2.f32	36e81baeee0a59ab5de6762b3e216a59456a32898082d1a6e9355c7336a2ca26
ffn_out	2	2	1024	pos2/ffn_out-2.f32	f82a57e8c4aa3229dabf7d0f19f887dd9651e3299e31fc145128297c53b06b9a
l_out	2	2	1024	pos2/l_out-2.f32	99e91f719938d6ef0dfd1f9035ec2048825155b1a438fee1cc92d2325ce212ff
attn_norm	3	2	1024	pos2/attn_norm-3.f32	c1c2177b743411c1d5173095d8af8c652a1d49c8dd06066620857fe89ccf0da7
attn_pregate	3	2	2048	pos2/attn_pregate-3.f32	9463d6149aa961f8ea8be9bc8a4f921e41f46f9e2703124ed678e58b0a3caafe
attn_gated	3	2	2048	pos2/attn_gated-3.f32	255eaf7c37b0b6ac17ebf1a889d01ae59cc58bbdb182e86836d1ebca788ad429
attn_output	3	2	1024	pos2/attn_output-3.f32	cef1cd8f9bd0894e5708dbc5c0fcfd179745fe64bef42046455122f5caeb8b8f
attn_residual	3	2	1024	pos2/attn_residual-3.f32	7d400f4fdf942b7311d625b7b453b421449b751cf05763ce67f8b69bca0ae6f3
attn_post_norm	3	2	1024	pos2/attn_post_norm-3.f32	8dc0c0c8ee6c9718ba26315a1bc25a32508d108531af7ecbe0bdf010a617e43d
ffn_out	3	2	1024	pos2/ffn_out-3.f32	7a37dac627b67fcbfb493d614ba2735ce17b9e758f09865f7fb2a9cb8e44e2c3
l_out	3	2	1024	pos2/l_out-3.f32	8d712d8e0b18e327ee6166f0cfa018863870ea70330c35ed2a59e594c1fcb867
attn_norm	4	2	1024	pos2/attn_norm-4.f32	bb12d963e0e36c5c074627195db2976196e1c678ad99b2573e7a4f3db022538c
conv_output_silu	4	2	6144	pos2/conv_output_silu-4.f32	8fcb832ac30e60de50ec7b7a5ff7036449e2f67b45c77137768e61eabd1b8c4b
q_conv_predelta	4	2	2048	pos2/q_conv_predelta-4.f32	0106644ff0cc99790759c5ee1c1709e5c57702b381c247f30b0fb30aee66d06b
k_conv_predelta	4	2	2048	pos2/k_conv_predelta-4.f32	ffb4d9dc07b0d573104714efd8b5a8f3e66d8879362ec9bcc7a911236c7dec17
v_conv_predelta	4	2	2048	pos2/v_conv_predelta-4.f32	84f197d771998c4d2245c2bf927b730a14f852aeb27278b130f5ba85d78fa00b
a_softplus	4	2	16	pos2/a_softplus-4.f32	5094a83207bf4ab7ec3ef3c3f7e901212dc095c734f64f2c012ddd9d31c409e6
gate	4	2	16	pos2/gate-4.f32	797df84392006b3974dd50977a5a01dfb3abfd40741c4599cf3db7525e2d7907
beta_sigmoid	4	2	16	pos2/beta_sigmoid-4.f32	93b73b5e5e586db9cd03919d2ff65532f411cf436311b3fc13b54cad75540164
z	4	2	2048	pos2/z-4.f32	7fc4f2224fb0b43e0fb66b54f269622c8d43a985fda6053ed75c7621003b19b5
state_predelta	4	2	262144	pos2/state_predelta-4.f32	1f483f364e105f8ce8b26b0125d6355f17fc24395d63e1cf576336e640757cbd
attn_output	4	2	2048	pos2/attn_output-4.f32	5bc8731c5580a175c260fd525110c5cc43e5da1da6b5643b7f58ef7602091433
new_state	4	2	262144	pos2/new_state-4.f32	9e8caacca689e57b201a6cfe3efd2542c083bedbd83e8dbb0b307c01de7c8794
final_output	4	2	2048	pos2/final_output-4.f32	6fe6da2dfb1551523813f04f984f45ad79ba71a70fe71af3263d10d91143971f
linear_attn_out	4	2	1024	pos2/linear_attn_out-4.f32	b5d036961c4c4344bf66bc5021e38bfa4c85d7ddcb5d38dc093e5e8de0881410
attn_residual	4	2	1024	pos2/attn_residual-4.f32	de419d3c47cb5b0c81db834ff4a1b2ddb6fbaa6084447a53ea9d8ecd68310a00
attn_post_norm	4	2	1024	pos2/attn_post_norm-4.f32	9815c95dd384c038309ae4fb354dfa73bbe7f16c8dabbb92adc1fbacb630aa29
ffn_out	4	2	1024	pos2/ffn_out-4.f32	32a3f13254db194dc5ee46eea899038add3c549ec00fec1532601ff45881fd7a
l_out	4	2	1024	pos2/l_out-4.f32	57426f57c444050182ad85e9aeb091887a851ef05c1c78d91684d0ed99d72065
attn_norm	5	2	1024	pos2/attn_norm-5.f32	72f9081405761e335613ade7f34d49489f5f186d4ea9ce03f9a6251e33ab190c
conv_output_silu	5	2	6144	pos2/conv_output_silu-5.f32	76cd66c282d56b3f7be8ca98057be78ec55fd7b5308109b389337b949acab06c
q_conv_predelta	5	2	2048	pos2/q_conv_predelta-5.f32	120f687478076b21af9981b0285917c6365b37db236f5e4fa24aa64d00b1bb82
k_conv_predelta	5	2	2048	pos2/k_conv_predelta-5.f32	e35c952ba0f435ece30aaec58b3b6cbc539577e48b4d6b097fedb1f4ec5834c8
v_conv_predelta	5	2	2048	pos2/v_conv_predelta-5.f32	caee2e89ae12c0148e97e306bf66451b76b7e39523974eb38ca8567e7bd3350d
a_softplus	5	2	16	pos2/a_softplus-5.f32	b4e48ce1fb9ceb7ea361a06481733c939df5265eff060a6d8f8de81327d8749e
gate	5	2	16	pos2/gate-5.f32	c31e40edb97ddb535830e94b9a855b048625791464a3ee60dd00a1bfc4418880
beta_sigmoid	5	2	16	pos2/beta_sigmoid-5.f32	393411b5174f1256775cce7199c4b1be459c2b43802ef6ab482a91b17b78947d
z	5	2	2048	pos2/z-5.f32	2ac9c52432f332f31bdf3dc3675559f434d1d814bb23883650b296c1179bb86e
state_predelta	5	2	262144	pos2/state_predelta-5.f32	aaa5f1af588d9886e1356e3d5c3fa6530a38a241dc37484df7e2247a55b31f0b
attn_output	5	2	2048	pos2/attn_output-5.f32	20618bd7f04dbd995c4a7047426b24aee6cbbf76a170cf3683ebf88c24118a1d
new_state	5	2	262144	pos2/new_state-5.f32	3f16da7792261503907d87a918d8e9e1a7b151b08fa1c4bc000bfa1a0a47d687
final_output	5	2	2048	pos2/final_output-5.f32	b58b2a5e69f641226cb709f964af09f57e9ae27806f61f4e8651edbd6409d719
linear_attn_out	5	2	1024	pos2/linear_attn_out-5.f32	9f5e6823b526e85ca2c8f4669885e391a54fb769d9f7dd8cb327fde219168fe3
attn_residual	5	2	1024	pos2/attn_residual-5.f32	7452a58ce3d05b8157d3ecd4347fb4a2bc2acfaf350a46dfe0a5307b13fc166d
attn_post_norm	5	2	1024	pos2/attn_post_norm-5.f32	488c7d959adf0dfd5cbca6dc36c74061e2da0bb3772e31b0dfbeb87c2a83ab4b
ffn_out	5	2	1024	pos2/ffn_out-5.f32	dac641a5176b6b5b836fb1f8db899625a12cdf51c84d8ce6cf0232b7e6d18d46
l_out	5	2	1024	pos2/l_out-5.f32	9bcc1416ac97dd2dafdcdadb586e58ae051b9646492c579eda5e18949ccb63c9
attn_norm	6	2	1024	pos2/attn_norm-6.f32	316d77f583b9c9e069f70f83abde01b4ad5d774f8b5841d65cda012f67ac9bc0
conv_output_silu	6	2	6144	pos2/conv_output_silu-6.f32	31fa8a81aedd66223c326cb5c214a092847e1b42ab47c46599cfda44a62145cc
q_conv_predelta	6	2	2048	pos2/q_conv_predelta-6.f32	acaa2396a6dca3c410d7765a0985bfdc155ff93369a856bc0e119cb2167ac639
k_conv_predelta	6	2	2048	pos2/k_conv_predelta-6.f32	7e1c828f0bb28d2cafb1b2be4f61904fd20e54daa7b53949cbd8f9023c3e5007
v_conv_predelta	6	2	2048	pos2/v_conv_predelta-6.f32	c86ae54af94203d9ba122712cec117bda702df1f93d900692cb76f0ac35012e8
a_softplus	6	2	16	pos2/a_softplus-6.f32	1c10fcdf27e178d9cc2d0cec7869ca8ef4c475e3f8cb40b361e71ca02a99d617
gate	6	2	16	pos2/gate-6.f32	509ad03f37edbdade5535c95e820fc06be1a9dc8eb2336a4d7cf66609190e7cf
beta_sigmoid	6	2	16	pos2/beta_sigmoid-6.f32	4377046c6929dbf2e00d6279a5b5b910b68832992596c3daa73b5a2237fa623d
z	6	2	2048	pos2/z-6.f32	6a47c9ef5baab4ebed5aea2fb6889951573040336e4f8b7cb2fa85dbf858c4e3
state_predelta	6	2	262144	pos2/state_predelta-6.f32	0472f25484b3efc10536ce07eab83358619fe0ac1503c60beca3c94e2e4fdc51
attn_output	6	2	2048	pos2/attn_output-6.f32	73723f0c172dac96b7f4e8771c2ea70b238126cded72720af6be1d61c88ad95b
new_state	6	2	262144	pos2/new_state-6.f32	3776de064e4f64423afdc4f4e50530500a494e66ff19bd917cd39b342d28a69e
final_output	6	2	2048	pos2/final_output-6.f32	58b29a3eaa05afbfd6c3ba99da1a910ba76e1a08a752c69db8646064e725d064
linear_attn_out	6	2	1024	pos2/linear_attn_out-6.f32	89c788c9d338c8196350024a52a867ed271f73da6e1df6dc81c0078517d4bee5
attn_residual	6	2	1024	pos2/attn_residual-6.f32	641d39c91bebb7bce6f753499c884713dbb36d2c9a117097db6b5ddd41f8eb8d
attn_post_norm	6	2	1024	pos2/attn_post_norm-6.f32	01bfe49c1016c7587ebd0e4a4863d345e77aff11d0f27056e78aa0bfd8232f1b
ffn_out	6	2	1024	pos2/ffn_out-6.f32	122915ac87cfed0c05eedcaf1173b1d8b884d64b9215a3c20f089210e7a92814
l_out	6	2	1024	pos2/l_out-6.f32	db0493ec4f4f77579c3e7a5424ebdec1c2ffb1dfef280688d8bf062148540a7d
attn_norm	7	2	1024	pos2/attn_norm-7.f32	2d42de3c67cf5d1b8eee22ea915241ab0bec21e4c73fa725ac7a816899c619a2
attn_pregate	7	2	2048	pos2/attn_pregate-7.f32	c962305c7f56c319c19c8bef62ca80e27eec24bc872c6f2f971adc3e2f40a871
attn_gated	7	2	2048	pos2/attn_gated-7.f32	df488272dced9f150165db439fa00ef9caa09e590dfa1f290793f136ab097c1a
attn_output	7	2	1024	pos2/attn_output-7.f32	cd6b79dd62e09b87bbdb4cb8e137c60c402b4c36139a1446fd7c54c1bf205d4b
attn_residual	7	2	1024	pos2/attn_residual-7.f32	059c1628c802518a6d87bf335ab8e55c7755925d5ee9165d69b162e1e2c7aacc
attn_post_norm	7	2	1024	pos2/attn_post_norm-7.f32	3d5d62e3d9f3450328da81680f5c3042ea8590bee88c20ead402ebebd7190edc
ffn_out	7	2	1024	pos2/ffn_out-7.f32	16b699b94eba2672c65fefa4091d4869043e5933c07089f459704a4722846547
l_out	7	2	1024	pos2/l_out-7.f32	fc406b589d978ecedcece34deaaa006c576d39b26993e10c23e726d3518709ad
attn_norm	8	2	1024	pos2/attn_norm-8.f32	6b263abf76ab47b0782f276fc2db272cf59fc690e329f235abee22302cc25d5d
conv_output_silu	8	2	6144	pos2/conv_output_silu-8.f32	c90402cfdb7dfe56ed567a7a5549a521b3099f776d05c4a3665b77f45b2e68f1
q_conv_predelta	8	2	2048	pos2/q_conv_predelta-8.f32	df02eb9d2373e6865346475c721289bea406ae36c9654d4a79f1ab0eb73ae117
k_conv_predelta	8	2	2048	pos2/k_conv_predelta-8.f32	81fe51a4b62762e815fd796b70dd69f203b872c94e3b9575b496a987044a212b
v_conv_predelta	8	2	2048	pos2/v_conv_predelta-8.f32	e96941da8b6a19281e04949237d699a4cc1c56da68a932bbf10a3de8f75fb687
a_softplus	8	2	16	pos2/a_softplus-8.f32	beb586c0d7ca3e6c309d4ac6d885a1481d47360666a73f89d8ef5e62fc4a66a3
gate	8	2	16	pos2/gate-8.f32	ff6c81b6dd6b8ad2180dd264de332f7fd500e86c700542381bea15588c491b7c
beta_sigmoid	8	2	16	pos2/beta_sigmoid-8.f32	e84bdb673cc3e8031e48d5ab42df7f7f065c0dd6a2c70f450810d25b20070ab8
z	8	2	2048	pos2/z-8.f32	b68b673ffa6ce22b7cf31c3b350e4b277e5691b4296a5b9baf2b33e2f8946aa3
state_predelta	8	2	262144	pos2/state_predelta-8.f32	fe71b2912161151c3be1775f2fe1d3840935a897eae90af4e8d3c706ef53a1d1
attn_output	8	2	2048	pos2/attn_output-8.f32	be51c1d35b8b806abcabb977dfc79630c378f1bd6068ab10266a59c624cb61f8
new_state	8	2	262144	pos2/new_state-8.f32	c17e75b08f284ae36e6d7d66542eac77914b76f75a5637b6c1cc5bde11a87288
final_output	8	2	2048	pos2/final_output-8.f32	2b47e024fb77bae77338c45632bec410938858a4da2036e165345909d0d9a042
linear_attn_out	8	2	1024	pos2/linear_attn_out-8.f32	403565e43e56652ed30d55e88f223c9208ea155cef2bb88a0bff363b61867b23
attn_residual	8	2	1024	pos2/attn_residual-8.f32	c3881517d57125b299e034594ceef772680a648db59b91989f2737448ac42f70
attn_post_norm	8	2	1024	pos2/attn_post_norm-8.f32	4bb6f1d0a4ad616060182585cad33d34f0bc4f09c60eacaa67ea426af54fe2b3
ffn_out	8	2	1024	pos2/ffn_out-8.f32	41a9d67385b629b8e3e137dddbd9e294a15363878f60be4554ee4df0c5c57c47
l_out	8	2	1024	pos2/l_out-8.f32	ec6da35560476681bd2e862702f7d564c4d3f16a65a96696c58822f7bec9ece9
attn_norm	9	2	1024	pos2/attn_norm-9.f32	715e141d8d76cf782a227d79d527216277a4902ec2ff4f7dd9ee9dcc2c256d33
conv_output_silu	9	2	6144	pos2/conv_output_silu-9.f32	0028f6c0c6c5fdd71d4be0ed697b8ab9b923e8e4f1fe92d642222da08bdf862e
q_conv_predelta	9	2	2048	pos2/q_conv_predelta-9.f32	d865fb2e6133ec005a2327c5b269302f4929e29a894dda4d2585845c70f22c69
k_conv_predelta	9	2	2048	pos2/k_conv_predelta-9.f32	7e4850eefb38e771cd700eb3cceabce7fff59b4af27fa08abb22922ebd0fdd97
v_conv_predelta	9	2	2048	pos2/v_conv_predelta-9.f32	a3f3ce7741dfa667b6adeda175a0b557b37dad3f8497b29136ab2226e3f53444
a_softplus	9	2	16	pos2/a_softplus-9.f32	5492a04266b5af54abec38282f6e3e00f667c7c922de151bfe58539565df9e50
gate	9	2	16	pos2/gate-9.f32	a064fe365614ece87f2766cd02a2b07923fc0afa9c911ee2a8355c4546c53f54
beta_sigmoid	9	2	16	pos2/beta_sigmoid-9.f32	01a53e1aeae28251ede53d0d205ef0e8adb573de3eb2e1d079d8916122d1e427
z	9	2	2048	pos2/z-9.f32	739a21ce6205b71d79a0c0210c5ebefbb10322d7f27b11672d433a12e896f405
state_predelta	9	2	262144	pos2/state_predelta-9.f32	496d62e5ddba9dec1bb18906338b4af553faa9c416089306a551e97ae949c63a
attn_output	9	2	2048	pos2/attn_output-9.f32	7b3a83327a75963983182399ab801ae4c91503ab9a748218e9908b10eb735192
new_state	9	2	262144	pos2/new_state-9.f32	5b2d4268f910f867a6f014a896e44271f720f5dafee77abc6ff6c8d3be942b76
final_output	9	2	2048	pos2/final_output-9.f32	4365727f10dba93bc478586bd6ed8965d342ce7655110067b5aad98a0589b7d6
linear_attn_out	9	2	1024	pos2/linear_attn_out-9.f32	12674745abf28b2870b6a9c27364a9722da0a11c51fcd459693763e591a53bfb
attn_residual	9	2	1024	pos2/attn_residual-9.f32	d090aa10d5068ea776f0732ca740ad0a18aeb8eeed55235e928eff2f149a5ba7
attn_post_norm	9	2	1024	pos2/attn_post_norm-9.f32	b44740c6755d67013048659d634f841517d2dc9ffaab783ffa5571dbd8f9740e
ffn_out	9	2	1024	pos2/ffn_out-9.f32	7490882f81db2099387d09cf51613d7d72f704ad6441e45bb57d25d4084256d8
l_out	9	2	1024	pos2/l_out-9.f32	9707b9661c891f02e2f77b93928deca456473adaeef16f53ebcf3bcbe76ea310
attn_norm	10	2	1024	pos2/attn_norm-10.f32	6127044b6ad98bb7ccaaf8b1c33985d83750f29dceba553c2e7264da052d7c12
conv_output_silu	10	2	6144	pos2/conv_output_silu-10.f32	eaf192f1cb04a2cf686ff8d2c5d74c22ba04fa1fb8073f83c06cc9ff042abfcb
q_conv_predelta	10	2	2048	pos2/q_conv_predelta-10.f32	7db1b7f628d40549041a9a8763095edc238471803ba125fb4a53d948f774530f
k_conv_predelta	10	2	2048	pos2/k_conv_predelta-10.f32	11034ffc538c692a833b3825c521c2ac049fd995d39648ce1eb1926fdcc8cab8
v_conv_predelta	10	2	2048	pos2/v_conv_predelta-10.f32	cf4ebf1e0cc825085a168320a4658c586c3bfe65722497671e1717cbf469fd60
a_softplus	10	2	16	pos2/a_softplus-10.f32	8b8c5def3bdc02bbf21dd1ff8b2b3ebcb49a1beb66d0f1d43f2f063d38aac860
gate	10	2	16	pos2/gate-10.f32	7b1da305e3211404ca9048e8c5744467a95f1dfd0c9912fb7b061864ed614163
beta_sigmoid	10	2	16	pos2/beta_sigmoid-10.f32	667a16a51f4ef520696bb43a6c4eacb55caddece6676dd04794c5d6d75e9dc9c
z	10	2	2048	pos2/z-10.f32	8e6aa8be9d9763135d40f0e73ab5a10889f86ebecbd7629d6a4b9a7136cb5e45
state_predelta	10	2	262144	pos2/state_predelta-10.f32	d5ef1d00d1205ac0ae592d7460e282abadf2f75002df3700fc3cdfe86f1a9673
attn_output	10	2	2048	pos2/attn_output-10.f32	fef941edd659af8e298e3f6b8c3fc42c8a0c56dfc2f10fbcfaa1cd15479372e9
new_state	10	2	262144	pos2/new_state-10.f32	f09d04d6b955b231d0a5cc13bd406e242233a72955b0f04878069da7be355bf0
final_output	10	2	2048	pos2/final_output-10.f32	71d75f97b775d289b9a31dcb7f45ed355ae7b2da4e01419941af263c43ec7b9a
linear_attn_out	10	2	1024	pos2/linear_attn_out-10.f32	8f9777470d1af401e111522c6cb3e6d98f58884737a1e9bb1e9dc095cbcff118
attn_residual	10	2	1024	pos2/attn_residual-10.f32	a152e60f0b54f2d015cb39bb85bae67cb4ece3a4b379cb5fdcd89f760f23d87c
attn_post_norm	10	2	1024	pos2/attn_post_norm-10.f32	95ef138a6e9f5d58f312d1da857f998b0d155e82ba0801bfc924dbfd45b75be3
ffn_out	10	2	1024	pos2/ffn_out-10.f32	cd104899caa0464ab09784675e5a8d018aabbbaf09ab985e2b1d68ebf1cecd99
l_out	10	2	1024	pos2/l_out-10.f32	caac1706b9c32f01ac42c5391054dfa9eace7ffb6d89434c4ce25a0a547d42b2
attn_norm	11	2	1024	pos2/attn_norm-11.f32	4125c3c8913d39e899aab7ddbb134cdaabd4a5de1c694c52e1346b3daeb6f3ef
attn_pregate	11	2	2048	pos2/attn_pregate-11.f32	b11b534c42e1df2344c727e16203281ba91c7968f33719001b7cd5f68b8b554d
attn_gated	11	2	2048	pos2/attn_gated-11.f32	cbf083b7abb15ec4fe1a1afbc2c492e89533223e0aedf19035132b36aaf01c00
attn_output	11	2	1024	pos2/attn_output-11.f32	c9da00264ecae8f63d89166e578df0da24419d3cd8d788f7625b23a6d4512a13
attn_residual	11	2	1024	pos2/attn_residual-11.f32	c58b4f2440318ff973f9b274fa2549d7be258f9d00cb9ec1a2f5af6f5455901a
attn_post_norm	11	2	1024	pos2/attn_post_norm-11.f32	1c2f8bd1a6a24c02bd3b06df52c26c7e89b9ebde587cbf0c9fc1e41f1d24d5fb
ffn_out	11	2	1024	pos2/ffn_out-11.f32	06371ac2627ae3df01a55eeb03013609d88924b35f0e3d66f000b626e41387c2
l_out	11	2	1024	pos2/l_out-11.f32	6ebb32c7273d8b50b4728d083911ea244fbb4bf412a93512fc7be1388ea61447
attn_norm	12	2	1024	pos2/attn_norm-12.f32	0415f7e9e5189c30ee9caec2e4a88eb45251fdc8c9460e9ff91ed9bec863bfe6
conv_output_silu	12	2	6144	pos2/conv_output_silu-12.f32	7f28bc270accc24ec1843f66e4353d99b2499ed3100f1956628e39faf201fb05
q_conv_predelta	12	2	2048	pos2/q_conv_predelta-12.f32	8426f66765bf9ade453bab43ad8cf90b0b619ac677cc2bedec690e4bbfb7ff77
k_conv_predelta	12	2	2048	pos2/k_conv_predelta-12.f32	325e037e6f2e498bb3a7f69ba35b49fa8d6be383c3c8e1e95a957c56625a786c
v_conv_predelta	12	2	2048	pos2/v_conv_predelta-12.f32	145c2d14ea3d5c679068250bea3120f4efb0fabec755e9a4ebe784ae618189a7
a_softplus	12	2	16	pos2/a_softplus-12.f32	d23210c6644f7820fa4e63676e28cc1aa6f5d4f36dc56b598f80ab4ed6a8a010
gate	12	2	16	pos2/gate-12.f32	038e49380e391df911b4eddcee933f3c691d5a6fe0075e64d03ec45ecec44e15
beta_sigmoid	12	2	16	pos2/beta_sigmoid-12.f32	b18e8eff1bb1f136e7707a308924f3bad3bc0c956b624fd7ed969ab9ee8ce8fc
z	12	2	2048	pos2/z-12.f32	b6718c2b8429bb978b505160d8d3c7fbb64288aa60e6d96738f2dde28047cb31
state_predelta	12	2	262144	pos2/state_predelta-12.f32	5f399f9112fed47f904e0bda766471fb9af18b5dd8c5712afc025293018c775b
attn_output	12	2	2048	pos2/attn_output-12.f32	a971ea9680cbdcd9559e74219e3ae064a1b712dbcf8d5eade0ce783a3338bcee
new_state	12	2	262144	pos2/new_state-12.f32	4152cea0cfdd9c9c71c38bb189cf9d1f4e34b41bf119a9e1f8ac615c3a8dba3d
final_output	12	2	2048	pos2/final_output-12.f32	3e55afe4544c4ac65f580300e72b1f608258f53390329f87646c1273bb2d2ffb
linear_attn_out	12	2	1024	pos2/linear_attn_out-12.f32	483dfe511799b51c44568a9b5ab4bf0eb47ec35a4ffa3b90f80b546182fbff9e
attn_residual	12	2	1024	pos2/attn_residual-12.f32	2e59280a098fe8ca7bf55246cefc5334e6c056469dcb2162b0cd3950c4ae247d
attn_post_norm	12	2	1024	pos2/attn_post_norm-12.f32	2af21f0acad10c10175968186587aa332a33024d929ac340e84734f3ce9bdacf
ffn_out	12	2	1024	pos2/ffn_out-12.f32	617374de4e1c135c53fd99e47e471ed4260ce42356a37640a5147518c4b7beb5
l_out	12	2	1024	pos2/l_out-12.f32	3078b7c9d1b6c696b3d0731a57ec3000fbde6c5560a7d418d325372cb3fca50e
attn_norm	13	2	1024	pos2/attn_norm-13.f32	4d108fa8a3d56442658790ecd791d868daa734772c02a32663f4b858305b134c
conv_output_silu	13	2	6144	pos2/conv_output_silu-13.f32	1d814a46f20e8ad73452537219b0e01fb3d78313f2b731b75b83e88d00c9b72c
q_conv_predelta	13	2	2048	pos2/q_conv_predelta-13.f32	49cb8ed347572ad1ebe480d3a951f094d2c50c1b4504e02bc67b8a970b5d2b62
k_conv_predelta	13	2	2048	pos2/k_conv_predelta-13.f32	8039844d408139b4c7e7d5d9c08d25dc95f809cf1cb624a3aa70bab30a41116c
v_conv_predelta	13	2	2048	pos2/v_conv_predelta-13.f32	03d52cb61058a5f48f8f1b4726b585fa424e0498baa3ca962e8dbf167a322525
a_softplus	13	2	16	pos2/a_softplus-13.f32	a063bb4fc8e2a24920470a58ae9e772f19b1cd80e6e433dabdd48cded6ec5bd7
gate	13	2	16	pos2/gate-13.f32	8da7b28216e3485788e4667a701a77eb9e02e5939373263e4c76d0d11b997182
beta_sigmoid	13	2	16	pos2/beta_sigmoid-13.f32	0f36874f88f206a87e1ddb0314c4b15d2df28ebb03df1a5868153ab12c7edcc8
z	13	2	2048	pos2/z-13.f32	fa991c8d39390b27a7c60d5d8be500be19e1674589fb564ca6062fa2e3692b74
state_predelta	13	2	262144	pos2/state_predelta-13.f32	b99acc09d5e3092c1fb378bada1f8573755e3ec0e595f6b601575614f891083b
attn_output	13	2	2048	pos2/attn_output-13.f32	6c5ad9381d771c9d119d19bc92afd5bbd1ba0c9bbadc510dc1094123e71e3c92
new_state	13	2	262144	pos2/new_state-13.f32	f4707c152b90c22edc1d8d0712e4d88acca2ef2d67ffeab38420d9e1d5d6d12d
final_output	13	2	2048	pos2/final_output-13.f32	7282cad28e2445f624bc7b012a8622fc776dc6e78efd53fadc71d8c22aa3f238
linear_attn_out	13	2	1024	pos2/linear_attn_out-13.f32	205d8a097f96318d9092455dc5a3440c456448487871991838c12b426e77b110
attn_residual	13	2	1024	pos2/attn_residual-13.f32	67031265e0a723591d511195851c20c07218b8dd28a6cab5eaaf7ff9dc0d3ef1
attn_post_norm	13	2	1024	pos2/attn_post_norm-13.f32	2d54e52ea652491c0a405771321836a11be179f9482a3e34ab1d0b9095a45555
ffn_out	13	2	1024	pos2/ffn_out-13.f32	a651aeadf434ede3f75d9b2b630f5b895eddbce5862c0714f0d2e314e6a86376
l_out	13	2	1024	pos2/l_out-13.f32	2b751c492b2bd6ddafdc6439d83f90b7875cb8d114a4bc63fe2ebcfba016c067
attn_norm	14	2	1024	pos2/attn_norm-14.f32	8e43c0da0b796f479023805535d6e3991ab14f03d6c408d1ba21b71223f2d214
conv_output_silu	14	2	6144	pos2/conv_output_silu-14.f32	3765cb9111fab6dda94ad9590f0a7e27e143ca4e8c4b222a8504bd2e3d306af2
q_conv_predelta	14	2	2048	pos2/q_conv_predelta-14.f32	e5fa4c392306d7a6a439ff7360f0b28f0af9e706c41833af41911fc2b7c97042
k_conv_predelta	14	2	2048	pos2/k_conv_predelta-14.f32	cb2094bff13ad201bd9b6408d66d4f92d00ab3410bdd9dd1c35d397544eed4eb
v_conv_predelta	14	2	2048	pos2/v_conv_predelta-14.f32	c097b9be09db18b4c36c1b2e70f79c7004bc5cfeb7c11036aacba94fa7d68b56
a_softplus	14	2	16	pos2/a_softplus-14.f32	6e07c3d63f11d60adc7c47be67c6bc5d4591ab9824246e35897a0a92f1a469f6
gate	14	2	16	pos2/gate-14.f32	6b4d5967e0dd86ba63ceddf37513205ebc43267a23ff45d680177d9a641573fe
beta_sigmoid	14	2	16	pos2/beta_sigmoid-14.f32	fcc2fa91acf2c48d214af61a1ce68092b4beb767668dc7affcf26c3e56d998c4
z	14	2	2048	pos2/z-14.f32	56fa89d58a3772d91754afdeeb943d79c9a917f8c73399a929a87575addc20f6
state_predelta	14	2	262144	pos2/state_predelta-14.f32	1e2c9fbef57db0ca4f431694959240c6c9670d36c1457cfe0f67009e59b96746
attn_output	14	2	2048	pos2/attn_output-14.f32	bbb1604abc43230dc03b8a3efa73bd4a8c4e5a60939efed9af9ffd09ed9b7bb3
new_state	14	2	262144	pos2/new_state-14.f32	a65fc76bd1d0e4a2fe465ab5bd2b0f05b449ccaf5537456c85b77f82408d1339
final_output	14	2	2048	pos2/final_output-14.f32	127912a269a74c3036eb6bfdcffb9986366b91869fd69a2baffaa4fccd7f279b
linear_attn_out	14	2	1024	pos2/linear_attn_out-14.f32	55c79e95cf4c0f1c983585c2976da7cea6da5adb0269982ba9e095102d8a102f
attn_residual	14	2	1024	pos2/attn_residual-14.f32	1c66c7e9eee606aa573538919963c20b7012dcb59864c1bbf2375f0e190c9ca5
attn_post_norm	14	2	1024	pos2/attn_post_norm-14.f32	f64efb8ff470e6e75080a14641829f8525c6fbc84eebf438c60c366a3ab29556
ffn_out	14	2	1024	pos2/ffn_out-14.f32	c2741e4e3e00799dee05ad0bea112c573466766c79a5d8e57765e3737a69208c
l_out	14	2	1024	pos2/l_out-14.f32	9bab1e6704183ceac97b8cb812731e231c3572081a48535060d1316c4602f0af
attn_norm	15	2	1024	pos2/attn_norm-15.f32	a85d6d23a7c6be1674adb6806cecc6c8581e4d922a20066f48c50faf8127cf40
attn_pregate	15	2	2048	pos2/attn_pregate-15.f32	18df471635799035a01de50a7113b5b400957f6bacb1c41e001365991bc8645d
attn_gated	15	2	2048	pos2/attn_gated-15.f32	d72adfc77e01640bb40d2d1b4ca9644a31046a3797b453f84054837b47905016
attn_output	15	2	1024	pos2/attn_output-15.f32	7a401459fcaea933248ae50704958aabaa8ecfe26c6735f5a8ad0f1807b4cfee
attn_residual	15	2	1024	pos2/attn_residual-15.f32	4045679ea8d046fe888c702bd20d1e2ef2cab71dec8d381b209d45a88ff1dadb
attn_post_norm	15	2	1024	pos2/attn_post_norm-15.f32	321fbd88c7630e86e11384c44eacf75028ff139e67efa7e0f8ae4bd083163672
ffn_out	15	2	1024	pos2/ffn_out-15.f32	0e17a1902f84d7401dbedfe5cdd713c019e9f60c609f8a7bb51d75d7e4d592bd
l_out	15	2	1024	pos2/l_out-15.f32	47d0507cec292929638ebe4105a04992737aaffacccb73de7158514caf515569
attn_norm	16	2	1024	pos2/attn_norm-16.f32	93d08bf67f26f96662f7a58c9f3f640b54ec5c653b1a6739ae444abe117e32ed
conv_output_silu	16	2	6144	pos2/conv_output_silu-16.f32	1d78f06d7e6944cbc5b023c1a0544459031339fbb65573df8f21172f5c230b92
q_conv_predelta	16	2	2048	pos2/q_conv_predelta-16.f32	715f586ff947740c96cba45f738c1973865fc0b7caae32a53a5ba4463181c196
k_conv_predelta	16	2	2048	pos2/k_conv_predelta-16.f32	9feeef8b24c1c19ef2988194a1a9b76f41f61f94ed32a9fe0caa2efa59731ba4
v_conv_predelta	16	2	2048	pos2/v_conv_predelta-16.f32	5bb576a0a002c065ea7fbed0ec88af3c63fb65c89db08af3af9c042286f42183
a_softplus	16	2	16	pos2/a_softplus-16.f32	6dff001b49cef22fe64771b10ac3ac1e8c1b13e4994b24c8c9846c75d61b6172
gate	16	2	16	pos2/gate-16.f32	0b6c595bb676e185cab9c15877db08c7a07478c586fc3b8d29b8fed35cfb14c2
beta_sigmoid	16	2	16	pos2/beta_sigmoid-16.f32	6b3b451c0995fc3616be73355b94b8303f0fc2f91a9d89e705b75aacd1d39d3d
z	16	2	2048	pos2/z-16.f32	22047a87d80c277b7d449d4dd0134a18ee622e0fac51d487a3035e6cd3d5f766
state_predelta	16	2	262144	pos2/state_predelta-16.f32	96a8430ec504b09b0eb58ae6a6f7334b8374a0ea7c13f9b6c44580015cce5e11
attn_output	16	2	2048	pos2/attn_output-16.f32	41477fe3293d688848631531dfaffcb65d3198324d83a313e71eac5722e02b8a
new_state	16	2	262144	pos2/new_state-16.f32	80e19c334f15c99793ac69ecf4f782b7ed088d1b16a47ec11529022a6ae35237
final_output	16	2	2048	pos2/final_output-16.f32	5402d8b9942e22e4692b3309aad5792920ead7e36dcbf964db604f8016314814
linear_attn_out	16	2	1024	pos2/linear_attn_out-16.f32	9eeebc506d101e43d4eebd3ec6fc80f4dcb6aa52dbad12e515f6c9b49c8214e8
attn_residual	16	2	1024	pos2/attn_residual-16.f32	afa5e6b1224b876ffcf6cdef4ecc83189cd0ea8813693739f0d3be2eb91ecdc7
attn_post_norm	16	2	1024	pos2/attn_post_norm-16.f32	6dcefbddb807fbedd99a97a4a8f94302971c0c77709d7e64ddb4e43cdd8dcbe7
ffn_out	16	2	1024	pos2/ffn_out-16.f32	1919d1c3b9281d55365548cfd8b8e6d1a4bf76e4315af582764b281a3920ae34
l_out	16	2	1024	pos2/l_out-16.f32	0773d52b3553215a1c48f3689a68edf2ccce352440fa4319e7f069404f55bdf6
attn_norm	17	2	1024	pos2/attn_norm-17.f32	c4b6aa1524a3023e10ed449fef9108dd3bbb58864b35abb64b4689e1f37ca555
conv_output_silu	17	2	6144	pos2/conv_output_silu-17.f32	d09d8b3fd4604c0bb07ccb163fc24baea1bdfa3829c3f18e60be501bdebd57fe
q_conv_predelta	17	2	2048	pos2/q_conv_predelta-17.f32	7356e431d1a2d94531a951c7ad6076567ec34a35b1c3dd142e1a7faf619065d2
k_conv_predelta	17	2	2048	pos2/k_conv_predelta-17.f32	1079cc0462812753e156db4dd3779519ff636b32a203bb3bdfd05dd175a5e68e
v_conv_predelta	17	2	2048	pos2/v_conv_predelta-17.f32	ddf703e33b70b49a9767f4d9b44a1f0677118fef7232a0b15f6c61eb00e89ef8
a_softplus	17	2	16	pos2/a_softplus-17.f32	36bccec1911aba4c70378a9b62b25492021fd3dcafba977cb87aa930e00ccc01
gate	17	2	16	pos2/gate-17.f32	caa072f26d469d0aa60ab2692e132179aaa45712f7fa8f09954a133581490c87
beta_sigmoid	17	2	16	pos2/beta_sigmoid-17.f32	d4a2421a3a14d79f3578dae9446108cbe04cd2e081655c2680c2087576e44d2c
z	17	2	2048	pos2/z-17.f32	232558589f9332ac9665e94aa9fbc1638da3a0ff381ccdcda7295fe55c897a5c
state_predelta	17	2	262144	pos2/state_predelta-17.f32	1a0ee397f4fc26682881f175933c05708107f969e3791b1f9e23f7a077ba5d21
attn_output	17	2	2048	pos2/attn_output-17.f32	ed85980f9f49726dfacb80bfcbd16ab4364d715273154d0eb035a12891825851
new_state	17	2	262144	pos2/new_state-17.f32	504ebced901de2879cf073857268fff5445ba2d8f091b4bf70eed8602069a001
final_output	17	2	2048	pos2/final_output-17.f32	51ad469d1d90473a8e028604aa4ac97f72cce9a47ef6de5a5e9ac455f0d9954b
linear_attn_out	17	2	1024	pos2/linear_attn_out-17.f32	d3fff5c45a0c3bac95e8ca979b0b2f0d01b85e7aad1c4fce85ed2350d6d69756
attn_residual	17	2	1024	pos2/attn_residual-17.f32	a5d6ff928dc9bdecb2c50c9545b687e1c9c317f02f489159222c6824d760b257
attn_post_norm	17	2	1024	pos2/attn_post_norm-17.f32	4b973d89666f544ed564d38d02987811caaccec7966425da68e57a4f2dcd5e09
ffn_out	17	2	1024	pos2/ffn_out-17.f32	aafc83ccaa35a0ebb0cfec4253ecbef41eb5477f7120d3fb46b00d7aab487192
l_out	17	2	1024	pos2/l_out-17.f32	4b5f2e413a87fa7c006cca79826872915a38ad3d5b029cd388bd5a0d4778fb8f
attn_norm	18	2	1024	pos2/attn_norm-18.f32	a6dd3d4f5a7f5c0fc842f04e6af35784ef2aab5c9ebb30faef3118bc3f4c901c
conv_output_silu	18	2	6144	pos2/conv_output_silu-18.f32	f3864c95ad3feb308dd5c9b5b67cb56cfdb192ba805ec000891bda54f3c7227e
q_conv_predelta	18	2	2048	pos2/q_conv_predelta-18.f32	75024cdc98eb62072c70e05434d2ca97512d798e59e55ee0d0ab02306c396107
k_conv_predelta	18	2	2048	pos2/k_conv_predelta-18.f32	7935d46a3ade5a50a591cf2058b631b0a76c0ff46c04aa2892bf2fafc5740e4f
v_conv_predelta	18	2	2048	pos2/v_conv_predelta-18.f32	b5597bf539f5c195ed262fd7118962620a82226aac1bad1dcfaa0103eefc9793
a_softplus	18	2	16	pos2/a_softplus-18.f32	79924794300adcc350fbe6d6bc63f779fdb3ae8923e41366cb9b06534977f40b
gate	18	2	16	pos2/gate-18.f32	3f99a1c15872eec56aaa7a3aaa6a4cd1254bfc3eb37b71204600d6735008768a
beta_sigmoid	18	2	16	pos2/beta_sigmoid-18.f32	5c34b2a83b080bfa8a6064be181da349db426cfbce8063584ad877b1cdeb03e8
z	18	2	2048	pos2/z-18.f32	9a3f9df839fda3fea5a32fb77ce99cd5e1f7f4f906f16c002d86bcbfc80206a6
state_predelta	18	2	262144	pos2/state_predelta-18.f32	ee6783c95a8db47b60e6be3b2bba3961119827d80d05d78f8e238ef9ed99a816
attn_output	18	2	2048	pos2/attn_output-18.f32	2f31b6751cc3d1bbc5cd5c81d831600a64a9ce36f2266528765242b04c577f60
new_state	18	2	262144	pos2/new_state-18.f32	f9837987b7e630e16c789a58fc5a7c018452e78c749be2bd595433e11efd3ef7
final_output	18	2	2048	pos2/final_output-18.f32	078a6d0c3b2b82355c71cd504c524b822d6369549111c6120afa7f39857e2a77
linear_attn_out	18	2	1024	pos2/linear_attn_out-18.f32	b9dc4fc186db52561798ee0d9057c82765355cdcacbccba2500561aad7baa99d
attn_residual	18	2	1024	pos2/attn_residual-18.f32	51695ad2466001183b2cf5e10ea4b32312697e2e6aef37db8ba258ee2b2eba01
attn_post_norm	18	2	1024	pos2/attn_post_norm-18.f32	20a82719df9c6339d07370cd55cf297bcc84c5705c925b73118fa47517635581
ffn_out	18	2	1024	pos2/ffn_out-18.f32	178d39d7c53e619ed2e8c72d1183bd95a92cf96222ac30bc3f2101cd6f599100
l_out	18	2	1024	pos2/l_out-18.f32	c38a5bf9f1cf9c0dfd3b9f029294e6fb3a679ab53aa3b9f458ede71fded72a3c
attn_norm	19	2	1024	pos2/attn_norm-19.f32	78f34fbe2ef40cab75fc616ab49ebcee20de733465cdf5200f5ae44ab9c86436
attn_pregate	19	2	2048	pos2/attn_pregate-19.f32	884c70269ace8cb8c0520dc76544f5c96fcf5da2ae9cfc151feb40f31cfd83a4
attn_gated	19	2	2048	pos2/attn_gated-19.f32	7c22e602286ca313badf0cf5a1fcd3f73e5031a3b2e67f4ae486932e0e0de7db
attn_output	19	2	1024	pos2/attn_output-19.f32	7327e6a97a2b11f2b9ba08f6d9d15e03525f9b453b5272fcdaa6495b6247420f
attn_residual	19	2	1024	pos2/attn_residual-19.f32	a111a39fa787e92dbc52e8d0e31435c18df3cd30abf246ecf393813fc681e59a
attn_post_norm	19	2	1024	pos2/attn_post_norm-19.f32	212045da36da337a7b89ef20c962a85be2075a1ea4b21f8fc0725cf0df3f164c
ffn_out	19	2	1024	pos2/ffn_out-19.f32	eeec04befd1364f78029a747ea472bf04c69bf71dea5d16f29beaa543a1221a4
l_out	19	2	1024	pos2/l_out-19.f32	3a31a1a19eddbb295ca9da7458c4de72136b5634a0f769cc5092a13b598e186e
attn_norm	20	2	1024	pos2/attn_norm-20.f32	475e0dcdc005f22ca840b863271c1f7bd19fa7b57385f0c1b3baa5a00aa42c64
conv_output_silu	20	2	6144	pos2/conv_output_silu-20.f32	9f25e344d9433822eeb7605bdf0e6d8649e7e097665a9f572ab3a8e805b27d02
q_conv_predelta	20	2	2048	pos2/q_conv_predelta-20.f32	a9060c0ad04433bee58ce57409d8cf23711a20c9176dc4b5dabcb7a198822892
k_conv_predelta	20	2	2048	pos2/k_conv_predelta-20.f32	ce0c6b720dac00e5665901e7d52b66036f90913d9b2774ae6fedff43ceaa0201
v_conv_predelta	20	2	2048	pos2/v_conv_predelta-20.f32	1dfade492687d5378c50689da4698f22072136486b5d2a45f9b4e5aecc8d906c
a_softplus	20	2	16	pos2/a_softplus-20.f32	31acec408de2dc4fe73b92a04ca91746dff9d40245c53707f923fe9bfd250785
gate	20	2	16	pos2/gate-20.f32	159a5052e5005121a0625fe19ae72d2e94abcb2f0baa8c7997ce47ddd140527e
beta_sigmoid	20	2	16	pos2/beta_sigmoid-20.f32	ddf949a759396180bde0c2d21574af0397b50148eeaa35701b72581bb4f3e6b8
z	20	2	2048	pos2/z-20.f32	6faab22f0fdc501b9f9b90aebc0cca158db319e3aedf3dbbb2c14b137ca78e7d
state_predelta	20	2	262144	pos2/state_predelta-20.f32	53291c6a9af092a088080458b553e09822d8e492c91672b242451e1df5b229dd
attn_output	20	2	2048	pos2/attn_output-20.f32	8425f059c5f3a18af354a60ec62abe9d0591e58838183d6f7666d80993c0f3b7
new_state	20	2	262144	pos2/new_state-20.f32	08725433cc874540875364131253eba4771e8738ecd5d0cb4dbc4b83f5600c69
final_output	20	2	2048	pos2/final_output-20.f32	17d7ea96fa1cbc69de9ce95ea9e0d243ec7d27164a6fd7fba2ccbb168daa3559
linear_attn_out	20	2	1024	pos2/linear_attn_out-20.f32	13cd3aba650faa217e1046572e85ad503fb9a8ad1d8105bd742d19f2d3ee396d
attn_residual	20	2	1024	pos2/attn_residual-20.f32	7def4a86315a7d5d88f071b0237df8550237cbb0b4448b018e3978ba2335d49f
attn_post_norm	20	2	1024	pos2/attn_post_norm-20.f32	562e863ab4fb6e6b66dbdece9b4816982105137562e3d7860e8fbb4df3682e46
ffn_out	20	2	1024	pos2/ffn_out-20.f32	4f86f46a4adbb58c9602d800cb314033ecc7b8bf09c82e3aa0fd4c39ccab4597
l_out	20	2	1024	pos2/l_out-20.f32	fb21d333f62b164fef5f564faa5decbe2879e7f23efb47154343640511f7e478
attn_norm	21	2	1024	pos2/attn_norm-21.f32	804692a1ca125aa0950039ad695327647763d3e785561c295ca0c8a4f5da1ca3
conv_output_silu	21	2	6144	pos2/conv_output_silu-21.f32	e9cda079b84189bd7d0dc53602a722bf2a1a74a65c75555f0e646f89746c95b1
q_conv_predelta	21	2	2048	pos2/q_conv_predelta-21.f32	eadf41ac813ce33b168960d93893573268419b4dfb3291ff9d8bba80f36ab88d
k_conv_predelta	21	2	2048	pos2/k_conv_predelta-21.f32	9e379d8664ab417c83323a3ddf09aa90c6781fbb831e610deb333bf10370425c
v_conv_predelta	21	2	2048	pos2/v_conv_predelta-21.f32	1633c71003340e3546ede5e8641cdf79bc8d2b02d607981463c8fe442a4fa60c
a_softplus	21	2	16	pos2/a_softplus-21.f32	0a0eda344302e0aad357a3a9d304df431cec82a11fd2919d78c9ba949f5dc1fe
gate	21	2	16	pos2/gate-21.f32	6ce262577dea7592f9effef5044828462df8013e4bf3422a92b6277fc2988a24
beta_sigmoid	21	2	16	pos2/beta_sigmoid-21.f32	0c5dfa5508825e2cd3d966696235fb3c487073a81155f008e66ad2f6fc48d763
z	21	2	2048	pos2/z-21.f32	9fcb7e5734620c2c3a7cdd608320612b6942b498ca0726a17db5320cda47da2b
state_predelta	21	2	262144	pos2/state_predelta-21.f32	de230df75bd4ba219725f437a4df8f2ae71144fb03dd4504dcf3f23832e4880b
attn_output	21	2	2048	pos2/attn_output-21.f32	61888cbe7ec310b1aae67a81ffee0b5044c0dd6604ae37c64a9796c37cb0731d
new_state	21	2	262144	pos2/new_state-21.f32	d828d175d72be936e96f2c32155e6e554411ecda7781ab2b5c4a140c680393ce
final_output	21	2	2048	pos2/final_output-21.f32	46dd8ddc1cda9725b09c238122a11be461acf5b6abb012584e6beeedf5feb7d9
linear_attn_out	21	2	1024	pos2/linear_attn_out-21.f32	366234347ef96d6f1cf4a1abff1da6d12b3c2af1eb87d4fdd13c95ed2d096f91
attn_residual	21	2	1024	pos2/attn_residual-21.f32	69458c0fc5e755eb235a199fcde35da3044dc14bf67a90b73008bf42804cd68e
attn_post_norm	21	2	1024	pos2/attn_post_norm-21.f32	a9d68fa3f071f9cc36aaa289f1e5d7dfd6b278c44c9b92d6650eb9824f6fafc8
ffn_out	21	2	1024	pos2/ffn_out-21.f32	51ceea1581ef66f9033edfb200082d352d797e5ae791aad0fbc6225e14ad7331
l_out	21	2	1024	pos2/l_out-21.f32	e04389fb4c90776027e7dc4aaa491db071c27d1bbe9bed39bd87b945275bb1c4
attn_norm	22	2	1024	pos2/attn_norm-22.f32	2de55d0bf9a6184ca4e304bec592df8a6dea065cb25531599d56e7160b792625
conv_output_silu	22	2	6144	pos2/conv_output_silu-22.f32	73553f8c451c4c25f58941e52365717cf4a351a380457ab9975b49f8628ee30d
q_conv_predelta	22	2	2048	pos2/q_conv_predelta-22.f32	3e1b4d9e0f9498f824f82e2577b5f04bd2d8d1973f77f001fe840a44b2c75ef1
k_conv_predelta	22	2	2048	pos2/k_conv_predelta-22.f32	6bbd381832008b52d1956e96f514e1f388f9d55ac2b37b47311ff4095022272a
v_conv_predelta	22	2	2048	pos2/v_conv_predelta-22.f32	8aa1cbaff5e1e1a9eb6a5396da8fdc0c688b8406e168c48b6270a39c6bdd700c
a_softplus	22	2	16	pos2/a_softplus-22.f32	42352ef2d65dacb7de103c58e39093ca69b1a72addfb02c6cd1ac3ef3dfc5007
gate	22	2	16	pos2/gate-22.f32	2aba26a7a3fa34154ec2e45604119fb79e655a27c54c12a1d4e24e66fd2d4bae
beta_sigmoid	22	2	16	pos2/beta_sigmoid-22.f32	8d32081a40ade5aba498a1205089586624439795021aebf0b4acead93b40ca8b
z	22	2	2048	pos2/z-22.f32	0b92b502cca738445f20be1440a94b737a294dac2a6d89ed272ea7fbd1a4af01
state_predelta	22	2	262144	pos2/state_predelta-22.f32	bc2cc39124b7bb6fa24e0deaa8aa693f48f4aacb7d813d93c2d61b6150aacc1c
attn_output	22	2	2048	pos2/attn_output-22.f32	963c016fdd9927a7f95f0f47079a81ff81f2f2d701d6e483cd485fcec345c3df
new_state	22	2	262144	pos2/new_state-22.f32	8e14a8cdcc7eed5cce316e11573f409a4f22e9434e63e2d86ed2ac1721c1cf54
final_output	22	2	2048	pos2/final_output-22.f32	e9db660f58d0ccfebe19355e487ffb5b17c7685a613f958cfbf3bd9fbc8b8e66
linear_attn_out	22	2	1024	pos2/linear_attn_out-22.f32	e53843a18463825ad4bd05bef904f7a0da1f0b366b42fde813183fc7f5479196
attn_residual	22	2	1024	pos2/attn_residual-22.f32	13368d64cb3f535c5c2b4c2336419f95591c00083339f4b2625c914369852dd5
attn_post_norm	22	2	1024	pos2/attn_post_norm-22.f32	d7f7c17666069d70394b48dcf11b5dd1b9d61ba8d2a5a42b71faf37115373cd5
ffn_out	22	2	1024	pos2/ffn_out-22.f32	b21eed100b867186e4129d9f56911c92686f18ef0de7a916242fa7aa84a6d53b
l_out	22	2	1024	pos2/l_out-22.f32	d570df7494f6824dbcec2b0cca036fd4abd1f4182b133deb37c22782b3a4f97a
attn_norm	23	2	1024	pos2/attn_norm-23.f32	d1af7f471ef3fe75257b0e11924e6abac13227cc285b0322647022480fd8c318
attn_pregate	23	2	2048	pos2/attn_pregate-23.f32	bf032e17823e04f26473a309103699d0aefe470af71eb90e3a04f8588667c0c3
attn_gated	23	2	2048	pos2/attn_gated-23.f32	0cbfe03d84d3686d48b1426e84e03b50176d121d6d915699726c1563e68efe1a
attn_output	23	2	1024	pos2/attn_output-23.f32	7312592649696fe00f854e9188243d043efed33b7880e7dd1f4be776131c312d
attn_residual	23	2	1024	pos2/attn_residual-23.f32	5a77e53111e7c75627556b887687c76a5939cb63f5dd10475477435579687a72
attn_post_norm	23	2	1024	pos2/attn_post_norm-23.f32	9cbc8ce9c287a947c7c1bbf0813d5d18fda1290dee6b15cc2aab483b94152621
ffn_out	23	2	1024	pos2/ffn_out-23.f32	44c38e9a5150c6e34b4057b40ddc6128032b9a21f449cd0ead7608db246064bf
l_out	23	2	1024	pos2/l_out-23.f32	277736fc8ee8aeb68f8e2d7230d57c68b6fd54083a7f62ca1896fdd3f7206ce2
result_norm	-1	2	1024	pos2/result_norm.f32	06a4c2a3b8be32c3c09533e945fefe685d2587a93a290effc0d4c70ca0a5f1a4
result_output	-1	2	248320	pos2/result_output.f32	421e18d54bec669abbc8e87526320f83f03c1e2ac3f53e3a0d21908c04866df4
model.input_embed	-1	3	1024	pos3/model.input_embed.f32	58800e60994aaed001f2732a140e2002cc59d01c60217736438fd8dc8c27a97c
attn_norm	0	3	1024	pos3/attn_norm-0.f32	8f4cc81054982617133fbbdee73abd58e024e10f1b90d5311c3bda59bb6058db
conv_output_silu	0	3	6144	pos3/conv_output_silu-0.f32	f74d83eaf6c47d69342db471b803f3e165a453d355b8c683dbbcd38d9343a1e7
q_conv_predelta	0	3	2048	pos3/q_conv_predelta-0.f32	dc7bb4f808a3bf6883eed8d24b8735c05c0ada39adff5d14482e6e98b1dd284f
k_conv_predelta	0	3	2048	pos3/k_conv_predelta-0.f32	e1f2ca25325476fdc9b89dc835ca737e7a228437ad812df08bbc8a062689925e
v_conv_predelta	0	3	2048	pos3/v_conv_predelta-0.f32	73829fe0a1becca476d15edc92e2b1e680ba7e7bf3ea67e055805839684018af
a_softplus	0	3	16	pos3/a_softplus-0.f32	0fb87900d10089d3123e52d06db27825ac92fbfd055a2c49029eeec2738b5a2b
gate	0	3	16	pos3/gate-0.f32	8052113eee9921f2d6c20efa11ff4b5ad751f746c63fb563fe397515bb721ad1
beta_sigmoid	0	3	16	pos3/beta_sigmoid-0.f32	9755e9ece46d3945231b7c80c16bec2a3a79db4e4ec4149f348bc9a0a46d4019
z	0	3	2048	pos3/z-0.f32	698626808a7a7f994c8638f5e4308741315d772cf5b5f2dd391e5e0840a55506
state_predelta	0	3	262144	pos3/state_predelta-0.f32	0ca87e208953232d652ff31a650fe56e1382ba70a5ba7b5a9d92c128744291e9
attn_output	0	3	2048	pos3/attn_output-0.f32	e71a4cd62bebb505c4d05527ccf4c68b2540b6eadae990bb2b31506aacb6a934
new_state	0	3	262144	pos3/new_state-0.f32	109a2aeeecd132bb178f797b8e3da9ac9d62c99369ffb7dcf137f62d25a24af0
final_output	0	3	2048	pos3/final_output-0.f32	c1120cfa827e3b1cdd1fad3ea84f6c223e8c8844ab01f7a8937fa3e3559980da
linear_attn_out	0	3	1024	pos3/linear_attn_out-0.f32	2c3c500c9704a5a5bde5d4e81d85051572657b539b431821b59c293729fd9e6a
attn_residual	0	3	1024	pos3/attn_residual-0.f32	cde1599647e2adca169cc8253a8736ed0beb2d304560f1654e49fa87c35626a1
attn_post_norm	0	3	1024	pos3/attn_post_norm-0.f32	b47c9477ca00d82d23dcda538a010ef8e916b45495da033a1c8759327c2bddcf
ffn_out	0	3	1024	pos3/ffn_out-0.f32	116d159c4cade79ad4fb0d9e9d67a6830bdfcd3b9fbb45f577b84ba7730741d6
l_out	0	3	1024	pos3/l_out-0.f32	823ef68eb89026e9134880aaa19f3de8036cf39d071dbe3e488404ef062d74a4
attn_norm	1	3	1024	pos3/attn_norm-1.f32	0ad61911785eefbc18cb27d6de89d992a5e0d0aa81e7e9a2b258bc0ae82c9f1d
conv_output_silu	1	3	6144	pos3/conv_output_silu-1.f32	5dba3dd8554e96f0f90b1c2f613e6ac73817449121aa3b81979567bd05f866a2
q_conv_predelta	1	3	2048	pos3/q_conv_predelta-1.f32	cad97954d3bb2618262af7a0dc1ee2a9109f90d07b9afdae2f9c6c323a0585f8
k_conv_predelta	1	3	2048	pos3/k_conv_predelta-1.f32	83748469196ec16c5bb635b8cb88ecc3e4d5b49de679c38d4b0df7bbffe1fe23
v_conv_predelta	1	3	2048	pos3/v_conv_predelta-1.f32	11d15f1c86a25118c3284c3236250025b2c6fc9526429282505ce5e590d03f2c
a_softplus	1	3	16	pos3/a_softplus-1.f32	bf8f0fbae77e5f88b62262acfa2f61dfef022d560fe3792776525ab6e43de70d
gate	1	3	16	pos3/gate-1.f32	027e04cfccca21e5f5f5acef240e35281eb69109604191cd6d80c14b4bb97690
beta_sigmoid	1	3	16	pos3/beta_sigmoid-1.f32	e5092dc4a664cb1e7c24f93018a326c9a80fac009c1c77e0a5f39832c77ecb12
z	1	3	2048	pos3/z-1.f32	b35eedc3d09c6daa7770d1a1ad5439fae6cee8a9eb2a4ddee3d432d86d305a19
state_predelta	1	3	262144	pos3/state_predelta-1.f32	9229c58109754b9b6b3959d5f4b334547f95de3c97235c544f3a1c96dd8e23e3
attn_output	1	3	2048	pos3/attn_output-1.f32	5f40a873a192f9dc80d6c944878bdcec94361d9ca593fa70f6ecd498308f4194
new_state	1	3	262144	pos3/new_state-1.f32	ef869df35cc6702ecb5b224a2ce879a0387bdd0bcfa429660490797bf17532e6
final_output	1	3	2048	pos3/final_output-1.f32	646c7bc1d74034df99b1b34e9c9311f370be54b4dd19cc7cee958ac65c3aebc5
linear_attn_out	1	3	1024	pos3/linear_attn_out-1.f32	ccd7fac12721d908b3c42233dd9a34f075a5b05992d0f63a5f29d73c56b3d6ad
attn_residual	1	3	1024	pos3/attn_residual-1.f32	bafd75140cdedbee90fd98ad56e3d4a3b88fddf06aa4f92a2d82e3dec7fa59bd
attn_post_norm	1	3	1024	pos3/attn_post_norm-1.f32	fab7378c3545f51b739020d857a24120a15b01b3aa7b79a5b01ce7904248eece
ffn_out	1	3	1024	pos3/ffn_out-1.f32	e787917e0ebd3e26556705f2943e751998d3dd9f20b7ae147377342358ea036d
l_out	1	3	1024	pos3/l_out-1.f32	a574f782748aeb900c80b6c3c3560f52eb2f9841da76efa762f2c715ece9f1f6
attn_norm	2	3	1024	pos3/attn_norm-2.f32	63a06f85824b880cd2657b10e826638f58cc4120b4c19bc4eac0a8b4b8b8e067
conv_output_silu	2	3	6144	pos3/conv_output_silu-2.f32	133d18d81df3d3eea48bfe725c0b7495c9a34ae4b2ceb53be19e63b89033454d
q_conv_predelta	2	3	2048	pos3/q_conv_predelta-2.f32	892b48448c68520defb18027f6dd9580e2d5a576e1a899d9f036446e9afdbad3
k_conv_predelta	2	3	2048	pos3/k_conv_predelta-2.f32	99332e1549aff9eb73a399dc7d639eb1f6c7a71f9de3f9ebeaf0c37330c25c50
v_conv_predelta	2	3	2048	pos3/v_conv_predelta-2.f32	49a6985ebcdd474e1234ab46433557f9a3f31c5f7ad97b4b173b94215183a809
a_softplus	2	3	16	pos3/a_softplus-2.f32	3cc9237795b7723056c94cb94faf22607e4992c32b68caf2d2ac080e0fb3860e
gate	2	3	16	pos3/gate-2.f32	1f26397f7a1fd41a57133a8b97a9cb58e227de5709b473de218bd6a90232510d
beta_sigmoid	2	3	16	pos3/beta_sigmoid-2.f32	d5359deefebd6253b80680d948ea39a50255407c9ecf126d1fc51b3b24910ae2
z	2	3	2048	pos3/z-2.f32	7d91cd5125396d27511563d9f02fce5f0071c927ff772ea34e6b2e2c4888802d
state_predelta	2	3	262144	pos3/state_predelta-2.f32	55266692aa7779700c4159ca08d642b7ace94ba6bcd50f4cec1e3466cb46d78e
attn_output	2	3	2048	pos3/attn_output-2.f32	818a0f4193e245c39e89e1f3874d2765638625ca7d729a35abd895f292eb9dbc
new_state	2	3	262144	pos3/new_state-2.f32	c5e11496f2651b68828445880b969f0ac9d5a740dcf4575aa17e2577c246f579
final_output	2	3	2048	pos3/final_output-2.f32	d217eb94287eb53e6d75fdfc4869654367cf0cfd35bb98ff2401bbb6d5e03ed7
linear_attn_out	2	3	1024	pos3/linear_attn_out-2.f32	33e257dc47d6d597d75e7182d7649d9d734d6e2331fe751f9d846a62684c4cad
attn_residual	2	3	1024	pos3/attn_residual-2.f32	852c262695aa345a98a5f4273f98b96011d81a24bea7890fd331f4914cfff41c
attn_post_norm	2	3	1024	pos3/attn_post_norm-2.f32	c92de2863891eeecc6e321be5ec0490cfce5ddd556ee51b84768138ff6409986
ffn_out	2	3	1024	pos3/ffn_out-2.f32	20632214a4e5bb71520e69f887d10520be33a7ac84186ebf5b98ba502ff4278b
l_out	2	3	1024	pos3/l_out-2.f32	c82835b49352340a6a0a1c2e4639130a1fa5e1bd0a4a03b60dcc59d5f44a3458
attn_norm	3	3	1024	pos3/attn_norm-3.f32	b8c4d32e3501af21b279238c046357ac9fe3798b111285d1bdd0fdb6ca76e8f7
attn_pregate	3	3	2048	pos3/attn_pregate-3.f32	7be1a24273f239050fbe78f0457632613970fa78ccd9131dde0c5a0622aa8898
attn_gated	3	3	2048	pos3/attn_gated-3.f32	227292e7fae67f2cf4c4a56681f26858fb55027325cad56b1d8f96683f63b7fe
attn_output	3	3	1024	pos3/attn_output-3.f32	1e878fc1c90654b547cbb6796926c4ece8936932cdcdfb315d04e94348365ade
attn_residual	3	3	1024	pos3/attn_residual-3.f32	6595d51c3da34bdba20138dd02bbfb6e4021d9879be542bdd96fb301050f8e82
attn_post_norm	3	3	1024	pos3/attn_post_norm-3.f32	d726e7d7e898bbf5913f1588b5dbcb00f77eb5dbb0afe1c9294065839322e82f
ffn_out	3	3	1024	pos3/ffn_out-3.f32	b0ea273db26dde64f517fe2d898db78dab5a7cbf0c36aa27aeadac8a720e8fc1
l_out	3	3	1024	pos3/l_out-3.f32	05347dae35284c380a1e24637d6dd983f627f3cf0ba97bb2249cdbd146166d38
attn_norm	4	3	1024	pos3/attn_norm-4.f32	9909a4b6195d927fe8ab5390c47f2215471e7fd1a94f0d65737fd719a49aa35d
conv_output_silu	4	3	6144	pos3/conv_output_silu-4.f32	15810b1a26f75fb19b61f1c70c9ccecce2532575a0e9f7083695f3fc82b62a5c
q_conv_predelta	4	3	2048	pos3/q_conv_predelta-4.f32	d3065aa7f95c1ef0886f97dd078c3e6b1bf54ce1178c9cc7b37439b957e0b29e
k_conv_predelta	4	3	2048	pos3/k_conv_predelta-4.f32	777bc0a4f2b70b5e532b3ebce9f40a4933b41d6ff8e3bdbc09faf1bf55bd6665
v_conv_predelta	4	3	2048	pos3/v_conv_predelta-4.f32	5e94a7d4af3f0d62355b5a7756843abc644ff0917129a813252347ccfab01e84
a_softplus	4	3	16	pos3/a_softplus-4.f32	268bc8d23421c7975b201c40c974fd3e35d0a7126bb407bed314274acdfcd5e7
gate	4	3	16	pos3/gate-4.f32	b4c36b2fe390a427159b52cbd6c0d0c9d1c17261cb357cc5e9375d39871a7083
beta_sigmoid	4	3	16	pos3/beta_sigmoid-4.f32	8efb131dff555607e7f5d0e23e78a2604934ea557c7e649f1f03da58d76e76e6
z	4	3	2048	pos3/z-4.f32	7ff63bbf742d0c3c73d380cc31acc7b3dd2db8239b4712263b41594275488340
state_predelta	4	3	262144	pos3/state_predelta-4.f32	9e8caacca689e57b201a6cfe3efd2542c083bedbd83e8dbb0b307c01de7c8794
attn_output	4	3	2048	pos3/attn_output-4.f32	374bf1322ce6ccf6ce90d93bbecd7d631056b771810d211e727ea17584923de9
new_state	4	3	262144	pos3/new_state-4.f32	8cf8ed994ceb89927d3efd14a0d8c4fa4900d93f56807e20361bb57cd61233f4
final_output	4	3	2048	pos3/final_output-4.f32	204c5d953e315638896a5defd26add4f60dfa5758540cc6bd24db79441d26029
linear_attn_out	4	3	1024	pos3/linear_attn_out-4.f32	431221e066cb78fef1f5f7973f5e64b5788bb28d717d33784017a537efaed5af
attn_residual	4	3	1024	pos3/attn_residual-4.f32	2e86102e9fe40a0d2d2d28ac91e3ba836484afd143ad8c62d18bd0da39bbb762
attn_post_norm	4	3	1024	pos3/attn_post_norm-4.f32	d209233a9ebb2a9cd58b330cc5b66c8282bac195bbc54aff1bd3be51b94ccda0
ffn_out	4	3	1024	pos3/ffn_out-4.f32	346b6bbe2a5179155519030c9c8a5d0a2e07b7a86ce56983233703d251616d72
l_out	4	3	1024	pos3/l_out-4.f32	bc3f607196e4cdcc6dc8f2d01f40b6ba662a1f3c190c4c0af0b81a9e56279976
attn_norm	5	3	1024	pos3/attn_norm-5.f32	344009810efcd011d8e3f76730cd2e4fccbf31d6de6dd8b6574a446ea264cec2
conv_output_silu	5	3	6144	pos3/conv_output_silu-5.f32	1bc8185c20b08ff77d22e235229a13d75047c76a2cb5d3b2296e9d016a1dda38
q_conv_predelta	5	3	2048	pos3/q_conv_predelta-5.f32	daf667eeff60a49149a1fa43eb7ef60973eed73f87ff320c600bc53bec0f5561
k_conv_predelta	5	3	2048	pos3/k_conv_predelta-5.f32	ade6296363f338f4e5a13e38bb1dedad3696fa49435b9801fb6706e0ffd64524
v_conv_predelta	5	3	2048	pos3/v_conv_predelta-5.f32	abd96085188cd84bb3222432965f2a01474e1bcfa1e3cbfa13df49f6459aaa8b
a_softplus	5	3	16	pos3/a_softplus-5.f32	4864a80940aed17177951872e0ae37b452dedc485f9f829c69dfc06b1135cc56
gate	5	3	16	pos3/gate-5.f32	bb764cad2f5129d82999268af927bd09c82512010f5221bf1a15b062232829f5
beta_sigmoid	5	3	16	pos3/beta_sigmoid-5.f32	58a25ed4267227759afdd86ca38e1073a3152eb8601dc217d67323e505b18dd1
z	5	3	2048	pos3/z-5.f32	928ff6b2812a0dbf37255c9c4eb184b847028fdcc5441e6d75b03df3759503ad
state_predelta	5	3	262144	pos3/state_predelta-5.f32	3f16da7792261503907d87a918d8e9e1a7b151b08fa1c4bc000bfa1a0a47d687
attn_output	5	3	2048	pos3/attn_output-5.f32	7ce3f3d4cd7aa22b64ba295d259e2cede9bcb41f15486ff1cd6850d602e9df35
new_state	5	3	262144	pos3/new_state-5.f32	78b5f10e7e1655c07bcde0535400dbc141d618ec56fa27273ee95e56e8c1e4d9
final_output	5	3	2048	pos3/final_output-5.f32	db8c9eb71649107cd602a8b5d11157757e7855aec62722e2b98256c6a1727031
linear_attn_out	5	3	1024	pos3/linear_attn_out-5.f32	f9098ad4a98af899cd101c86149b6020bad079e7394bb28cd82cdf8578eb05d1
attn_residual	5	3	1024	pos3/attn_residual-5.f32	2db348bf55514eb59874a4fc6ceb1728a62a9123855e6c848ed5a65d54ffafba
attn_post_norm	5	3	1024	pos3/attn_post_norm-5.f32	17aefa22e7709221348e75e3095f18a626aa254df881c930e339c0a0d29a7b8c
ffn_out	5	3	1024	pos3/ffn_out-5.f32	fcba2d767e003731b052e05b885ddea7aedd65178dc73e5eb6b3a5442ee09ce8
l_out	5	3	1024	pos3/l_out-5.f32	dad5941ce4f7e3b58a78575fcfcb2d58424bc286d443cf7d9d8862c3ce7a503e
attn_norm	6	3	1024	pos3/attn_norm-6.f32	f0f93d760758e584874e657fe76c2eb3feabffb12c88bedc2d1f895cd7be3d1b
conv_output_silu	6	3	6144	pos3/conv_output_silu-6.f32	68c641cb9ef80fc51bc5faa23a74b402687bd4fdb93d6b5db6692f793f165180
q_conv_predelta	6	3	2048	pos3/q_conv_predelta-6.f32	044621db54d29399bc64e98f90a24c0dda3c187bc0408080e52f473c76a2da6b
k_conv_predelta	6	3	2048	pos3/k_conv_predelta-6.f32	dd73c4f14060a38010a356420b0f851408ada30d161c40382ab084bcbc5439f6
v_conv_predelta	6	3	2048	pos3/v_conv_predelta-6.f32	88a80e35d08973d75754573a6161644eafad3a39b5c99a8d7769d6804633bbc1
a_softplus	6	3	16	pos3/a_softplus-6.f32	11bad1c59daa917cb96d4a089d6dee77547d8e7846cae780c5d17b18d63643b1
gate	6	3	16	pos3/gate-6.f32	5b279b2d6d15cd10bb7013ce6456c66304e8966bbf90cf01d5da27fd92d654e8
beta_sigmoid	6	3	16	pos3/beta_sigmoid-6.f32	eb569961bde2ab5bb5a548e32c216e247693298c15df3f252cbf16392d9d2e52
z	6	3	2048	pos3/z-6.f32	626421b297537b7926ed3faf35fa48faa203621c3c3c2b25f447465e837f3166
state_predelta	6	3	262144	pos3/state_predelta-6.f32	3776de064e4f64423afdc4f4e50530500a494e66ff19bd917cd39b342d28a69e
attn_output	6	3	2048	pos3/attn_output-6.f32	39de8f4dba20285fbb650f54900e5882a1b3dfe97ab935fdf5f79f7815cbc933
new_state	6	3	262144	pos3/new_state-6.f32	dcb31b387ef40eec21f9762c76747b12537d9c3a10d8b0acfdcce7bcf4ed4815
final_output	6	3	2048	pos3/final_output-6.f32	cfc75b29c423439786aac991adae425455de48c71d5e9b96ddb74fa72ef17ad4
linear_attn_out	6	3	1024	pos3/linear_attn_out-6.f32	88ff5fd86994eaff1c7a763aab8d8096f9aa2d9c98b59dcffba3a99c88a955f8
attn_residual	6	3	1024	pos3/attn_residual-6.f32	8d711e9cd9be687f6b61e0b598496ea46fd343f9827ef4accc72b615b8175f3f
attn_post_norm	6	3	1024	pos3/attn_post_norm-6.f32	e15eeaca8e48051a5e0d222b996596e56c058fb4bc08635e47619519bf9dcd2f
ffn_out	6	3	1024	pos3/ffn_out-6.f32	338e43ef8ae4721861e38b55e7b10cdf27ab48779de545308b33c096ca9dcdcc
l_out	6	3	1024	pos3/l_out-6.f32	5036c0769a2e745542a5a23029d94fe6f9a4d4e21fa5653a61f3c33e9051110e
attn_norm	7	3	1024	pos3/attn_norm-7.f32	fbce4d3e8f1822d007df24fb9216001fe71eae5038126c2f8792bf60c95bdaf4
attn_pregate	7	3	2048	pos3/attn_pregate-7.f32	6c50b0caf6a1c947ea744884815f73df2caba50886215cfb7817b22625594c84
attn_gated	7	3	2048	pos3/attn_gated-7.f32	018f231173e7729536579fdace96098f39a4e000cb69c2f1df78a4abf380fd9f
attn_output	7	3	1024	pos3/attn_output-7.f32	c55d51c9558b95e86e72e953f8e246b0ca8fcc2f3719bda69e59298c8480887b
attn_residual	7	3	1024	pos3/attn_residual-7.f32	1ac8edfce73948f6be261b7482760773eb7cf59c46a657559036e940295a645d
attn_post_norm	7	3	1024	pos3/attn_post_norm-7.f32	d17db49b487c4edf2cbcb30586a0f1bd73f032c7ce1c3cf1f01619a74a67b96b
ffn_out	7	3	1024	pos3/ffn_out-7.f32	09e2e7f28d5344c5f1a373a13175c993081f80048b105a3f6cb8c4403cbac3ad
l_out	7	3	1024	pos3/l_out-7.f32	646e035037bf39eadf582df0b6117fc794cd916f4db3b495c0a46cb9ed0af742
attn_norm	8	3	1024	pos3/attn_norm-8.f32	3c56da037f16d3ae63f32cc71b919df034b9ed670c56bd9e8918753f2d0d3513
conv_output_silu	8	3	6144	pos3/conv_output_silu-8.f32	240a3cd2ddc5447cc1c53ea67e92571730424bd80cdd236f2fa658606c434522
q_conv_predelta	8	3	2048	pos3/q_conv_predelta-8.f32	06f0e50eccd522ccc6291365e33a8d502d8d5e29d7a3cd2fd432c0d741bfada1
k_conv_predelta	8	3	2048	pos3/k_conv_predelta-8.f32	aaf7e1f8dd98a27611d34817176eeb07f37c2b01a30f583541aa55230c430567
v_conv_predelta	8	3	2048	pos3/v_conv_predelta-8.f32	2baa84cb837758ba2576ea8ff2bb01e94df1bd70e9fb2f32d4bdaf8aa22ab657
a_softplus	8	3	16	pos3/a_softplus-8.f32	c2a69d1cb3e87fa64d19ec8444a58b1997e736c6f7961da19eeab79adfb101c2
gate	8	3	16	pos3/gate-8.f32	ba64da1858d2b08aefb84ef0e1c81e2b88e55e162658ccc9f32cb5c9cb9a51c3
beta_sigmoid	8	3	16	pos3/beta_sigmoid-8.f32	a07c1db9feaf5fcaa3f1794d9546e11efaf9dfba495306246b8c50379a11c1f6
z	8	3	2048	pos3/z-8.f32	70752a9a2be544cbf082071cdb7f0f69320f7455ed2b5a685b12c950b10e864b
state_predelta	8	3	262144	pos3/state_predelta-8.f32	c17e75b08f284ae36e6d7d66542eac77914b76f75a5637b6c1cc5bde11a87288
attn_output	8	3	2048	pos3/attn_output-8.f32	4c081b519b8cb49df2f1461d66384937e1810b800f1a40099e4a1bba2059a383
new_state	8	3	262144	pos3/new_state-8.f32	988ceb888c3c1296f98888d2acb112d909a781f052ecb6b81ca2f57f2ccb1808
final_output	8	3	2048	pos3/final_output-8.f32	5df121b50b2c9618149c6b5b2b47198fd9a7a71225e34fe05aa245e8a33e83f4
linear_attn_out	8	3	1024	pos3/linear_attn_out-8.f32	a665e0b9ac1a1598956b8c1bcabb9abeb86f3e5c705068f28a3a57424136c2e0
attn_residual	8	3	1024	pos3/attn_residual-8.f32	4a52372a8bb238d4583b12978eb2614628f10337ec03fa0b4b6d1616fd7afb95
attn_post_norm	8	3	1024	pos3/attn_post_norm-8.f32	5de29428374d328254f30c9dccac46a19f7df0f69f46184be0c532f3350973ac
ffn_out	8	3	1024	pos3/ffn_out-8.f32	d421d2b3e4e4509760711c55e1cc7a40ae65cd96a3893143806b65a100595463
l_out	8	3	1024	pos3/l_out-8.f32	e36e819a48ce09778deae6ebf3a2400ade47c6692d040e156d690c628f36ca1d
attn_norm	9	3	1024	pos3/attn_norm-9.f32	ef1a6c98985178bd2683910fcfdc0cd300648d277e8a4672b096ee6cfc32ec35
conv_output_silu	9	3	6144	pos3/conv_output_silu-9.f32	b2b59b57d3c15ffbbe627f37db7a8840534daa027ff98ecd92b250257225eda7
q_conv_predelta	9	3	2048	pos3/q_conv_predelta-9.f32	587e7035b5c5a8c0c323f741f102d3bffec2f3b58ce756ffd9b357a304a05d02
k_conv_predelta	9	3	2048	pos3/k_conv_predelta-9.f32	8436967d78238fad432fb6a9d3189b0a1c9001f2bfa906671ba3731488506d1c
v_conv_predelta	9	3	2048	pos3/v_conv_predelta-9.f32	519d799d31086ce64ab0ac1600b5673c3b2aa008e8e4c707317d35d61fb7a79b
a_softplus	9	3	16	pos3/a_softplus-9.f32	1889c4f3f643e34ee40cc458881516817d2d501f85de74e88f3620ee0cbc31b7
gate	9	3	16	pos3/gate-9.f32	c990c8494f17ffe55cfd9ed38b1b6b0156f82fd86fef6c5a30b051977fc0fb4b
beta_sigmoid	9	3	16	pos3/beta_sigmoid-9.f32	892ade50ca34f80d190b0d42f0905f590f6a3d03bb05517032c65d376ffb9692
z	9	3	2048	pos3/z-9.f32	93b0c412d68cf4bfd49c3ea803a4544340399c29697dac244847ecfb05166f4d
state_predelta	9	3	262144	pos3/state_predelta-9.f32	5b2d4268f910f867a6f014a896e44271f720f5dafee77abc6ff6c8d3be942b76
attn_output	9	3	2048	pos3/attn_output-9.f32	2a586f1d1c777c9acbaff73b608487f1c9f40e22cc2c34a9f41a40b330bd2c4d
new_state	9	3	262144	pos3/new_state-9.f32	acc27e7c0a2dde1562869863da8deb8b73a8c8792ae24be2b9529f6539909d78
final_output	9	3	2048	pos3/final_output-9.f32	82e9e318781d823f0442cfaea37c961ae5849c1d305b4ed9910125b34b5de5c5
linear_attn_out	9	3	1024	pos3/linear_attn_out-9.f32	21aae71b426406963c9dc35f7c66cd182d2c3fc7511c8104b0de24095f648754
attn_residual	9	3	1024	pos3/attn_residual-9.f32	3432f5b22cc83ef12ef71d9b3842d97262b4e8b62238172313c6531e70920332
attn_post_norm	9	3	1024	pos3/attn_post_norm-9.f32	ecbd02eab038e80300543101bf4842a774929fe6ab25a1aa72de026f06c3d06c
ffn_out	9	3	1024	pos3/ffn_out-9.f32	e17390bcf2aeaecc33cc6bcffeceb91423daf05a67720300907351628040367d
l_out	9	3	1024	pos3/l_out-9.f32	730aae53ec5ac0bc8f039ebce9db94f43372c37669ea8b23c1654561c1a51012
attn_norm	10	3	1024	pos3/attn_norm-10.f32	792238162433a85914f3ac56660c3c4933181d8d5975237c85f72d89d1a82dbe
conv_output_silu	10	3	6144	pos3/conv_output_silu-10.f32	2b738526639e2fd3a93d661e44aeaa299c12c8458dbf60f9077e76d73bb71269
q_conv_predelta	10	3	2048	pos3/q_conv_predelta-10.f32	3c9e4c86bbd69f21ab8f20bfb467b3059f48a8df1cbaa9067026b488135a02c9
k_conv_predelta	10	3	2048	pos3/k_conv_predelta-10.f32	991955f7f0cf7d4caf1eec312a781c3ce5a0305a7b9a44b428d975c3fd431ef5
v_conv_predelta	10	3	2048	pos3/v_conv_predelta-10.f32	808f5fe60c84c47101e31f717a46fd04ea1e1fbe511107324e36119b79318342
a_softplus	10	3	16	pos3/a_softplus-10.f32	3942500e3805231656623f240b8c8efe87a1dc097d13370e4900812ba3348323
gate	10	3	16	pos3/gate-10.f32	7aaff31e7ccc3b9f9e47a23a53a39c5aafda06461d8a039781ac97473c10fec3
beta_sigmoid	10	3	16	pos3/beta_sigmoid-10.f32	89ec45202cd9edef7379e8fe8b28f82c54e9b6f03a73a1f62217fa8192fb5336
z	10	3	2048	pos3/z-10.f32	47afff7cf8cca160e81334893a716757966f7e416b2ac94fb49fdba1c4abc766
state_predelta	10	3	262144	pos3/state_predelta-10.f32	f09d04d6b955b231d0a5cc13bd406e242233a72955b0f04878069da7be355bf0
attn_output	10	3	2048	pos3/attn_output-10.f32	0a75822ed96413756fb39fb5a3880936175c8d7bed8bb2732b00d8f588e92169
new_state	10	3	262144	pos3/new_state-10.f32	9d93056534525a43b3a3aeddfdf6a59f8de91d99c54cbcc9c37e3ec7dbc13769
final_output	10	3	2048	pos3/final_output-10.f32	8be1834999305f1be8cab085865885e505bbc1a9c6c387508322a3cea0777c97
linear_attn_out	10	3	1024	pos3/linear_attn_out-10.f32	9b1df413512a675fbb11a783694b9362399eeff04d8744a0d5e2199eef0640c1
attn_residual	10	3	1024	pos3/attn_residual-10.f32	2d82a0a4c942baf66eb9167b81d6aa05e8f5aa10f8498409d683bc3ef1f6e59a
attn_post_norm	10	3	1024	pos3/attn_post_norm-10.f32	6d625892e17bc8e96b68d3df9b0da44e5bff11ef7a88af38d8da7302b4dbccac
ffn_out	10	3	1024	pos3/ffn_out-10.f32	564668f0eb703d31fdf92057a79b40f4a57ec19fbd0a434ee45dbeadc6bb884a
l_out	10	3	1024	pos3/l_out-10.f32	d4febb88b2f1819ed695a45ae502a0a31426ad8f9f2656a6e22d8129e61dd241
attn_norm	11	3	1024	pos3/attn_norm-11.f32	43e427174a28da7de86d8c7f2134496c9dc4d38566e112b697d9d7477d832279
attn_pregate	11	3	2048	pos3/attn_pregate-11.f32	518a4d290e8de218fe3b0c67d46bab0ddc0c9c621acd0a851b7f3614ad59ce57
attn_gated	11	3	2048	pos3/attn_gated-11.f32	2cd4f5ab77e1e57b977b7ad0a25cb3d4ad23cc85da14fff9be00739d80c69c68
attn_output	11	3	1024	pos3/attn_output-11.f32	8f6ac66e6b808ec2a3d1781e2dc343f99e2929c23dec1f3ea2c68e1fea842879
attn_residual	11	3	1024	pos3/attn_residual-11.f32	29e75930cd58e0e6ea048dc8644a157c5ef97942a431b521be29951078cc6cf3
attn_post_norm	11	3	1024	pos3/attn_post_norm-11.f32	8c43f844ad27df3604089dc3e3b08b73e064b3a8a407b139617becda3406cb0c
ffn_out	11	3	1024	pos3/ffn_out-11.f32	402bc23402eaa90371f5d71523b74e5df3044bdca31dbf0379b15ddbacdea95b
l_out	11	3	1024	pos3/l_out-11.f32	0fe337b771afd4f667ea2ebb8ddad6e7f51c7f7833d3cf628944a8b992a6e1ef
attn_norm	12	3	1024	pos3/attn_norm-12.f32	2b541fbadc938d4dac2f81e1a577ba3733cde4b5cb63dd410916794d3b60fb9d
conv_output_silu	12	3	6144	pos3/conv_output_silu-12.f32	29cf59129a07d103a727d718aac4619e6e87faa6e0c6ba594e3e02273e7a547a
q_conv_predelta	12	3	2048	pos3/q_conv_predelta-12.f32	511825ed33c80d642c8d4536ae5f543a5ce4be65fe342ff18772fa8366a5ffbe
k_conv_predelta	12	3	2048	pos3/k_conv_predelta-12.f32	a4615bad4fe97543025e243a5a8c27d612d43b5e59ace05424566544aba55f89
v_conv_predelta	12	3	2048	pos3/v_conv_predelta-12.f32	79a36a59b8c8af39e85ce942c37d72a838bf851e172aaba7ba3cc246ca4a5edb
a_softplus	12	3	16	pos3/a_softplus-12.f32	f43478058087f96d9df1741acb53ee1a89947807eae7f77e340f1e524326807a
gate	12	3	16	pos3/gate-12.f32	a7fd75ebb7a245de31ea5d22dd188b62c8e9f073e63454d63be3af945fb76abe
beta_sigmoid	12	3	16	pos3/beta_sigmoid-12.f32	bc8838b3896e162a7a3680fdcc342063fef6de3adb4b8826c0b21bdb4627c9b9
z	12	3	2048	pos3/z-12.f32	bcef36669ecab04658a385957865d75096da00e8194dbf7b6e9d3e7e8c29d740
state_predelta	12	3	262144	pos3/state_predelta-12.f32	4152cea0cfdd9c9c71c38bb189cf9d1f4e34b41bf119a9e1f8ac615c3a8dba3d
attn_output	12	3	2048	pos3/attn_output-12.f32	53e4260d61b0239d3a6a109fb68ad3a7d17a593e34bc3ed91d462c0bcd38f54b
new_state	12	3	262144	pos3/new_state-12.f32	7e3393db9cae0ff5817397394ce7181ea892b213ac37b41f3be57c30b87b80b5
final_output	12	3	2048	pos3/final_output-12.f32	bcda80547198166fb689aca3dd5ae4c29fd39ebb441803834387efb7314e73de
linear_attn_out	12	3	1024	pos3/linear_attn_out-12.f32	a43cffba083dec23ddb91dc3d1792e4edcc2b6ac1f2abf293ada5f13abf9e910
attn_residual	12	3	1024	pos3/attn_residual-12.f32	7462111518247a35225c3fcf9c0b0db0e428861a6fff26211ba9d5704745fb92
attn_post_norm	12	3	1024	pos3/attn_post_norm-12.f32	945b2cabf8a343ee86f3894b23493fdceec58d050f0ba2d18aa6ca0fd90fcc54
ffn_out	12	3	1024	pos3/ffn_out-12.f32	eb5df371618e66765d1ef0be5e1f6ffc1a24572714acc0f5b3013898135a84a7
l_out	12	3	1024	pos3/l_out-12.f32	04aaa20e73dc06872cdcb0221440e21047f1eece9e83afe3c7b1cd6308578798
attn_norm	13	3	1024	pos3/attn_norm-13.f32	35491cee09ded40746dbd85a90585b46478a09132f78f7a116322b248f847f0c
conv_output_silu	13	3	6144	pos3/conv_output_silu-13.f32	a5f14a28f68de1735af2a4e356a88dbc66291b1c226dc5ff4c986627cbe58f24
q_conv_predelta	13	3	2048	pos3/q_conv_predelta-13.f32	20ec6594823cfb9cd9370f02882cf03900edd6cd4e01fa8e9466ebbbda3c71e7
k_conv_predelta	13	3	2048	pos3/k_conv_predelta-13.f32	12db407ec019c51e9dec69208d396079a62290232249325c1862e9cfd9d74a3d
v_conv_predelta	13	3	2048	pos3/v_conv_predelta-13.f32	220d0537156382b937e08932cc7e04b5a62afd812e8eb4eab9c4767878e58cd5
a_softplus	13	3	16	pos3/a_softplus-13.f32	1157f67647d57796284f9b38e093ed2847d67eb49e8a27e6e484d3c319df333f
gate	13	3	16	pos3/gate-13.f32	b61b4b90472c936b175e7ce0047a66a684f2ece38dd501153169271943962895
beta_sigmoid	13	3	16	pos3/beta_sigmoid-13.f32	b8e32f6c1ddfa14af313ff6eb44e3e7c1a57a67eee667855f2190352fcf7291c
z	13	3	2048	pos3/z-13.f32	ac21c58cd7ad95f91307283f17884f3ae16696baa430969667b2d80b82ebe40c
state_predelta	13	3	262144	pos3/state_predelta-13.f32	f4707c152b90c22edc1d8d0712e4d88acca2ef2d67ffeab38420d9e1d5d6d12d
attn_output	13	3	2048	pos3/attn_output-13.f32	dc27796a15e9176338d47280323d441b76a82e1af5a61c4cacfceaaa20418b59
new_state	13	3	262144	pos3/new_state-13.f32	5a8ffbd3b6dd2f50b088b262fd5de60f4695fc9d6aab837bcce06e8efe483de2
final_output	13	3	2048	pos3/final_output-13.f32	e37b8c897c0a457e14d9d0f8114d342eb79185eb1dd39148a2683b3f42fc1102
linear_attn_out	13	3	1024	pos3/linear_attn_out-13.f32	f7305e24098edd1fa79e964a3c75f25d8b2d9b788a626295acd8fdf3bbc25b4e
attn_residual	13	3	1024	pos3/attn_residual-13.f32	823f17dae3d9df7d093158c96dc71346d89cd4bd059d5486236e2a9202f0298c
attn_post_norm	13	3	1024	pos3/attn_post_norm-13.f32	8f26766bb9f297f76b9c0e5dd2f916e65cdd6ff8d3f0026d73aa2cb7c7956221
ffn_out	13	3	1024	pos3/ffn_out-13.f32	05b73f97e680f861553acf972e7ed1db3660732c50831fbb4527bb897b6d6e17
l_out	13	3	1024	pos3/l_out-13.f32	4920b21b4935d089569c6c6ae406cb0f5701cf49c6e03dd2fb497e7668e3395b
attn_norm	14	3	1024	pos3/attn_norm-14.f32	e098bddd4f952bc9500f743cfff61a42e3f4c5624c1e61e4679aa6a2c01c1cd5
conv_output_silu	14	3	6144	pos3/conv_output_silu-14.f32	8faa3a0e620034b77d8363b8de2e1347ad53cab872d4075cfb2194eab54f19b0
q_conv_predelta	14	3	2048	pos3/q_conv_predelta-14.f32	90c05de9c1814987121a57225c9d43d6f5dd2986913828cd38255d62622ef61b
k_conv_predelta	14	3	2048	pos3/k_conv_predelta-14.f32	0997ecdfe272e93f648ee0ef792482fcabb2d290e50f7304710d850a57539db0
v_conv_predelta	14	3	2048	pos3/v_conv_predelta-14.f32	67a95c6d228f9e73acaa292c152951e2356000cefe875f89a35d44576349b37a
a_softplus	14	3	16	pos3/a_softplus-14.f32	a386f6a92a876711d4afc3fd718bb7400b0e45be0e49251a59a0189f49787187
gate	14	3	16	pos3/gate-14.f32	90e4f28d6d2c0be13c80fcc9428d4f19193e48d7228bfcc3da66bc5bdcf7840f
beta_sigmoid	14	3	16	pos3/beta_sigmoid-14.f32	d021c60f05a0c6f74f93be48ee6fbb0ffe5338aaca238b4c8c299e5b09f6a900
z	14	3	2048	pos3/z-14.f32	be076d3918eeea324ef8ad3441562219b359d777ab672f080f84231ebabd6d22
state_predelta	14	3	262144	pos3/state_predelta-14.f32	a65fc76bd1d0e4a2fe465ab5bd2b0f05b449ccaf5537456c85b77f82408d1339
attn_output	14	3	2048	pos3/attn_output-14.f32	6a644d055fb8b65904509d150c555266b19ff7038454793342f952c53e458ec4
new_state	14	3	262144	pos3/new_state-14.f32	f04e451d1ba2ca5ef6ddacf9b15a819f39bc7296d578fe8546b59590ca1faf12
final_output	14	3	2048	pos3/final_output-14.f32	2bd19c986899a5580ddd945cb7871437d197bd091fd2f9b76379852903e171b3
linear_attn_out	14	3	1024	pos3/linear_attn_out-14.f32	2534a2cd17a6c251a70536429167e3a3cabfdfe651310c55fd202e6b84e4bfd1
attn_residual	14	3	1024	pos3/attn_residual-14.f32	2ff2aca6278c078f46c44f8711794b9b33a619f71990dbd1315250bdc555479f
attn_post_norm	14	3	1024	pos3/attn_post_norm-14.f32	c507101d7bfaec0f58df6b80ef9a79e810f5cc38a22176e1df0586c3b0ca7c93
ffn_out	14	3	1024	pos3/ffn_out-14.f32	998c222fd8da7522face28e0547404addc1ba9acb2fdeb2626d48a447115c5c2
l_out	14	3	1024	pos3/l_out-14.f32	5c279bd2e9ab12d7621e34bbc647c1d77814bcc8b38c5679a786afd79646f6d6
attn_norm	15	3	1024	pos3/attn_norm-15.f32	fc7f896940d25f16615f86580715587061f6d3559305b28276b9da2114924206
attn_pregate	15	3	2048	pos3/attn_pregate-15.f32	a0e371f0a368c3f1ccb377acf03c3f8d252d5eb7474babc0120b673a88b57a14
attn_gated	15	3	2048	pos3/attn_gated-15.f32	b1dab0f9fbc1e5d2c83f877260ac38a63642a37a9ec3835070df711377101b1f
attn_output	15	3	1024	pos3/attn_output-15.f32	9350ea40ac0e8a4047f704492998379ca785a13b2ce7d4b2a51ce536d89ed45f
attn_residual	15	3	1024	pos3/attn_residual-15.f32	65e4b40d4a4dfe93d6963bd403228838be5e43036a2f7a51060c2c674003aa05
attn_post_norm	15	3	1024	pos3/attn_post_norm-15.f32	b8e716aba314459fdad6abf96e0a15b4621251e6ecf879e9c76a7e931f87fb55
ffn_out	15	3	1024	pos3/ffn_out-15.f32	ba27af1e2230fc0250c4253108c3b717b5ed2d97d691f287352c2f702b3222ad
l_out	15	3	1024	pos3/l_out-15.f32	23b5c2985bc40af98561b91c83545f08922c050e0243c2e666bc83709e422415
attn_norm	16	3	1024	pos3/attn_norm-16.f32	7ab63b053fe190a15897b230d134d2e4c045fe3f56f0b24dbc5c113433a983de
conv_output_silu	16	3	6144	pos3/conv_output_silu-16.f32	e27d903bba8245ce9fd5d4eb751eec2e2979fdc8ba50b84ac430c8086929c762
q_conv_predelta	16	3	2048	pos3/q_conv_predelta-16.f32	029c48b9b51adc255429458a5945d681171b907e1079fd54762e196f90de82b1
k_conv_predelta	16	3	2048	pos3/k_conv_predelta-16.f32	ecd263cbc8ea448f6e4988455dd55483204787f8bc1191b3a68f60060fbe6498
v_conv_predelta	16	3	2048	pos3/v_conv_predelta-16.f32	51b6a88f0ba4e644db55fe3bad32b73c9b68ab7480970703a97c09ec96f674fd
a_softplus	16	3	16	pos3/a_softplus-16.f32	570ec995cd3bf683cadc79dd5337207b6b06bf07f9f9802e4d20e0e9cce8ac86
gate	16	3	16	pos3/gate-16.f32	956b7cb20aceceb8106b20651923e06b3b0133df709bce84869acc5dc06edb6f
beta_sigmoid	16	3	16	pos3/beta_sigmoid-16.f32	621ebc4fc3fc79f77ad28f62d31f27a7875da3badc4855c791dc983e2abebd40
z	16	3	2048	pos3/z-16.f32	46bcc5e811beb1d1f6633ffc022a6d36767fa7be51a87d8fd142eac559ace398
state_predelta	16	3	262144	pos3/state_predelta-16.f32	80e19c334f15c99793ac69ecf4f782b7ed088d1b16a47ec11529022a6ae35237
attn_output	16	3	2048	pos3/attn_output-16.f32	7fd2108c2794f4702b0188d5eb4112984c950f59b1efa319e9829c7e2233d79c
new_state	16	3	262144	pos3/new_state-16.f32	16be7d26eb236c9753266b7064fb3dcd96d13ba19b5e2ce4e11b199da462770b
final_output	16	3	2048	pos3/final_output-16.f32	734c094d3342006f9ceeb170858f4715d751839961b4c869c83c5ff674a5b717
linear_attn_out	16	3	1024	pos3/linear_attn_out-16.f32	9f48cb8b8b8575d11d7d898f29431185f5837612bc940f2d9b575b98b30f2710
attn_residual	16	3	1024	pos3/attn_residual-16.f32	e0fb77d9fd2e6c4319d2177ec3962f4de64048ce1862f4b21f61ba4f2eb67e45
attn_post_norm	16	3	1024	pos3/attn_post_norm-16.f32	8aa2ec3773dc99e54af5e4825e63a543a23bb16d7ab379301a761959746b3b2c
ffn_out	16	3	1024	pos3/ffn_out-16.f32	e7f5b771bff9fba008cdbd36ed3e8577463827f0ca8a0df6302d60ce2285b744
l_out	16	3	1024	pos3/l_out-16.f32	9c01d48e20957b38b1000b2ab72a52246767a53bf3f21459b384d1d4954bf70c
attn_norm	17	3	1024	pos3/attn_norm-17.f32	4d9ab546305db5fafb1c99bb34857baadaee7210982dfaffd4067227e83bf560
conv_output_silu	17	3	6144	pos3/conv_output_silu-17.f32	72489aaece108b9e2799619c0d180ddbddfcea3c0ef3af1dc0c60f9f9ce5c3be
q_conv_predelta	17	3	2048	pos3/q_conv_predelta-17.f32	2630ca3a1f6d2e430fef78b95ea526037fe4e1bf1d537864668e60860257225a
k_conv_predelta	17	3	2048	pos3/k_conv_predelta-17.f32	28a8a9d013586a3340fe96b19efc9634995e5bf0592264a8a8898fbb74adbd65
v_conv_predelta	17	3	2048	pos3/v_conv_predelta-17.f32	7f24d743823e9a28b87149b1065fa4b642f2ca09e3554bdb1e32aad99e24703e
a_softplus	17	3	16	pos3/a_softplus-17.f32	0ff152323bb0482e47f3361812a0ce4854970300757ca042c56baf1291956d85
gate	17	3	16	pos3/gate-17.f32	9203b6066646ef6f3a3ac1b2353e08dd1779594f6d3b1d33438c43496b91f248
beta_sigmoid	17	3	16	pos3/beta_sigmoid-17.f32	5b476873ce42219190c346adcab286fb8b737d8cf2230316dc89eac02b186d0a
z	17	3	2048	pos3/z-17.f32	1aec0d645ecc4c8a822c7868dba8a78c86cbfd22e00832a2ac2ccdb1be73eb00
state_predelta	17	3	262144	pos3/state_predelta-17.f32	504ebced901de2879cf073857268fff5445ba2d8f091b4bf70eed8602069a001
attn_output	17	3	2048	pos3/attn_output-17.f32	85bda3d715929b5799eca45db6e44952a3aaba903445a45649ac3d140ecd9bb4
new_state	17	3	262144	pos3/new_state-17.f32	df14fdc1aef2f84fdf3ba6fd5f58512e09e7381f8b49302227f14048c6944c42
final_output	17	3	2048	pos3/final_output-17.f32	96d0e712076b39acf1ba3f1ff00e5aad33bbf7963612f57c6253bb475c716330
linear_attn_out	17	3	1024	pos3/linear_attn_out-17.f32	f8c5462e996dc275ff7ed73065fabad10fb8db579ef6ba0e87115b345d90380b
attn_residual	17	3	1024	pos3/attn_residual-17.f32	ae61aec249dbe815014a9dcc3615ee460a52c4e741d78197d6f63afe61c24053
attn_post_norm	17	3	1024	pos3/attn_post_norm-17.f32	b70ed975ad5210cf26229698f579bc84aa6b868df65321ff945889f91b7bc5e2
ffn_out	17	3	1024	pos3/ffn_out-17.f32	d5fed43cf44502e996fff82821be7a7326d59c5a320c628cba0761b410e4d478
l_out	17	3	1024	pos3/l_out-17.f32	a0fddb23842284fc381b69b3cac344d8e369ea6eaf41843b33768e720c4d559f
attn_norm	18	3	1024	pos3/attn_norm-18.f32	fef3262df1ff83bd62f97b68eb3bd77a20364cebda04d436af53ff8b3336b8d5
conv_output_silu	18	3	6144	pos3/conv_output_silu-18.f32	b690674e12a5a9b39244e2d77094bd5c49659952701e6a98d895dc73e4524721
q_conv_predelta	18	3	2048	pos3/q_conv_predelta-18.f32	f4a9d3faef9450a7d24e53a3cce5d5c26ccee36470827b7361b46115f2f303d0
k_conv_predelta	18	3	2048	pos3/k_conv_predelta-18.f32	ee54ae21b7af0de23dd606cfca71fef2820fa5cd38c880685dbecc3659f56e17
v_conv_predelta	18	3	2048	pos3/v_conv_predelta-18.f32	af9ac857063bc81b5389983fcaa900889a6dd969feb318ccb5b207ef298cf719
a_softplus	18	3	16	pos3/a_softplus-18.f32	9d1d91f1f76afe280b2e0f731bfce480d9449ae293dff7ff264f318c0aad1b97
gate	18	3	16	pos3/gate-18.f32	0b96ba39364cbc47daf6dbc4dccc6bc03bcdee61fe1faf62470f58871f0f8dd8
beta_sigmoid	18	3	16	pos3/beta_sigmoid-18.f32	70bd55209b0c1a5b3a64f21359d68c3a1205785549624b4905ebec5d22609262
z	18	3	2048	pos3/z-18.f32	6acbd20be07d6e283326b7113b5ba35f29e57d6c5fad8b6481575b37bb9e96e9
state_predelta	18	3	262144	pos3/state_predelta-18.f32	f9837987b7e630e16c789a58fc5a7c018452e78c749be2bd595433e11efd3ef7
attn_output	18	3	2048	pos3/attn_output-18.f32	7cf9f38de1efb9168bc0db55782788e8910532c158b0e9854e30d0fa8ac0f08c
new_state	18	3	262144	pos3/new_state-18.f32	c1cc2748c3d69e088043fecefbe3856a5946e13aa6e1bcf339e877b6a20af852
final_output	18	3	2048	pos3/final_output-18.f32	bd17b0f3256e325a57d9b2d7a6d0fea466bcb34618e203d0d4deb02e19e7bbe6
linear_attn_out	18	3	1024	pos3/linear_attn_out-18.f32	547f6c8aa2bd77cfba57b9f6a332a2b7f641bf305246faef0dbf9dd02b7be7c7
attn_residual	18	3	1024	pos3/attn_residual-18.f32	f2af68df0144486a82e6ff7a233d3da2137e88f08e77d079c4e3ba098c81d81b
attn_post_norm	18	3	1024	pos3/attn_post_norm-18.f32	07055a04f81aea596d3e4889c76f712169a392b28579fa13e9b5822d181eca28
ffn_out	18	3	1024	pos3/ffn_out-18.f32	990cc03b993e882eb9df4d4576f2baad6fad5b53c6218baa04c053ce398aa8a8
l_out	18	3	1024	pos3/l_out-18.f32	1867bee5f19b06df3c784a52f6d4f18739c3a6ae497c8bc721a4d0b3c2b3b1af
attn_norm	19	3	1024	pos3/attn_norm-19.f32	294806f87c54c866150505a2cdc71a0b4046ebb4e8a80ee6d3ae7a6e29fa5fa0
attn_pregate	19	3	2048	pos3/attn_pregate-19.f32	cb0b61df935c0f7c5628bced07f10293aec15ff5def9636a03919d00b153512c
attn_gated	19	3	2048	pos3/attn_gated-19.f32	c4c0f8451adea3d522bc91f9458511b0ecf29a12732f0dd135213269a742e9c9
attn_output	19	3	1024	pos3/attn_output-19.f32	13138ff072fcd4bdb127f99b88a16d81fb053581c9918d086b67e44cd73c0fde
attn_residual	19	3	1024	pos3/attn_residual-19.f32	99ea4a3411e346a5c9870621a038877fc85b6d5d01b88add2ff237b5cee01074
attn_post_norm	19	3	1024	pos3/attn_post_norm-19.f32	5d37287fe241266c75e703d6b259b6937f59e52a4c09d358b49774e86ccc045f
ffn_out	19	3	1024	pos3/ffn_out-19.f32	1256704a791293819b05fcfdffbc40c6c82ad74e845c9f73201ddf5d220b8515
l_out	19	3	1024	pos3/l_out-19.f32	78cf1da41098e85366310050e095779acfeb95afa259ec24a828737101886efa
attn_norm	20	3	1024	pos3/attn_norm-20.f32	bfb0de7b98babea2056f6838e77b9d502ed578de72c9ae4d071f6cf875062844
conv_output_silu	20	3	6144	pos3/conv_output_silu-20.f32	9f3450088779cac617126b3f4754162b7006357d1e93a6e64ea38b7110ea0b87
q_conv_predelta	20	3	2048	pos3/q_conv_predelta-20.f32	282512373db07038f29c77c23da1f2f2571de66734542d7cac558523f1613c99
k_conv_predelta	20	3	2048	pos3/k_conv_predelta-20.f32	d2533e34a64465d6132d3c4a8109759462ee255adf40166b7d5346d5432ade9a
v_conv_predelta	20	3	2048	pos3/v_conv_predelta-20.f32	b105c6b74835571b1cb29f75aafb93156e3c40b802c276edc75015f756e1ced4
a_softplus	20	3	16	pos3/a_softplus-20.f32	463c6f001c9c4d42bbd22f755eefb3f7751f63802ee8258bbab0320efb52fe09
gate	20	3	16	pos3/gate-20.f32	66eb5cfa6a09c6c2a7b70ed2a39445f2dace22049e33e04aa3f1ec3c560a1abf
beta_sigmoid	20	3	16	pos3/beta_sigmoid-20.f32	eec2886d3bd010e740fb275b6dafea8e473f819bd2e97fe7fbf730e6807d1cb0
z	20	3	2048	pos3/z-20.f32	f9fec8c7ab6ecf9516bb82f38d8845593eacb15714f574face047bee40cb95e6
state_predelta	20	3	262144	pos3/state_predelta-20.f32	08725433cc874540875364131253eba4771e8738ecd5d0cb4dbc4b83f5600c69
attn_output	20	3	2048	pos3/attn_output-20.f32	e957058a47d5813f291e0cb11164803ed4df7a1fed5d36ec5e63cc08031bc3b4
new_state	20	3	262144	pos3/new_state-20.f32	17ba6e476fca7212ba640a2039993dcff33776ad485615723095bc6b13fe68ce
final_output	20	3	2048	pos3/final_output-20.f32	e64c05c945268463fd32ca44331cd3555dc5574df98bd5a5325fafd62fcfaf1e
linear_attn_out	20	3	1024	pos3/linear_attn_out-20.f32	219baf249f4a4f2add73b9df2174aa8663c9f3e3dac9b580f1abb7b44f3a0535
attn_residual	20	3	1024	pos3/attn_residual-20.f32	0f4cadc53fda6fcd7dc59fd204106492dd2ab1304f370fea0e36236f1d81153a
attn_post_norm	20	3	1024	pos3/attn_post_norm-20.f32	50e0921369d0cf1f12864d8cda06f0f9bcc5825a230623df3b6584ca189c71ec
ffn_out	20	3	1024	pos3/ffn_out-20.f32	9ebfba461e7f7b98e2cee418b3a598ccb5cc79f0d675e66fa678336640f34647
l_out	20	3	1024	pos3/l_out-20.f32	7608636ff4c9e14ad6646bc3f507ea9fc8e9f74b8fa06d8f530fb974e922a113
attn_norm	21	3	1024	pos3/attn_norm-21.f32	7b8bb029975658a9ed4ffdaf15f787ca8e03dd57e428aaed89533a6005d791a6
conv_output_silu	21	3	6144	pos3/conv_output_silu-21.f32	f887d355ba2e39dc517d76ee31050f6ca13eab0dd34e50458fda65617b9b49ac
q_conv_predelta	21	3	2048	pos3/q_conv_predelta-21.f32	9992db984446ecef1cd666301a9aad264af756e17f20f3d0503adffff0cf88da
k_conv_predelta	21	3	2048	pos3/k_conv_predelta-21.f32	e406a33aca9fdd4a3959f0021f664b98b29030cb1a5fbaed359c30f38db4a0da
v_conv_predelta	21	3	2048	pos3/v_conv_predelta-21.f32	9eb6b1f56797ceaf47dc0ac1bfd390e5a96315ee7663f78941cee1b5ace09a5a
a_softplus	21	3	16	pos3/a_softplus-21.f32	2dcc0af8e5d64c3280a6566c2f2fc51ef93115a2e5b5058d612bd9d7f62448c0
gate	21	3	16	pos3/gate-21.f32	8b1a846a490e68921cf13188f9e202478828ad6906a45954173c50de95e6a3d8
beta_sigmoid	21	3	16	pos3/beta_sigmoid-21.f32	b4e01c6049990c1d1822b0a8782e3cae82b17c7ec38de15469c8241a512a9964
z	21	3	2048	pos3/z-21.f32	06c3187a4c409c69aed09ce26842310c9107d6b9fe139e79c20e75c4eb1115ed
state_predelta	21	3	262144	pos3/state_predelta-21.f32	d828d175d72be936e96f2c32155e6e554411ecda7781ab2b5c4a140c680393ce
attn_output	21	3	2048	pos3/attn_output-21.f32	5c71378823097d48f2ab54e5b0438b77035228794f32d1347fa23e77cae5f8d6
new_state	21	3	262144	pos3/new_state-21.f32	707a19ffbab888bd8abd1e75811f30ce8972a3b28f1e639f5142f4699f9b629e
final_output	21	3	2048	pos3/final_output-21.f32	7784b02ec3ec902251ac2e913093af26e59277d4ee309159890291492e4b466d
linear_attn_out	21	3	1024	pos3/linear_attn_out-21.f32	54fe08e7d52c389f0310bae74ae6bc0d4055f97062dcfa8faccedd983f4332a2
attn_residual	21	3	1024	pos3/attn_residual-21.f32	01b4a9c9c57a09f0bdea5d45f18147eea9fc15244475455566d49057a36a806a
attn_post_norm	21	3	1024	pos3/attn_post_norm-21.f32	1921ba0cb7de9e1b78ff52433c2ac23034a8663a0af5ab152207a3ef5ed9e00c
ffn_out	21	3	1024	pos3/ffn_out-21.f32	b21e8d152032d3bef76c6c97328d893c2eb941a6b705babb114459cd49192e46
l_out	21	3	1024	pos3/l_out-21.f32	651e791706f1a2569238d1d6613e50224f0d8199ef35aa163068bd6bb7cb184e
attn_norm	22	3	1024	pos3/attn_norm-22.f32	206b8095261546f47ba38ea5f6db883265563b31d78db517a06055ebee68f85a
conv_output_silu	22	3	6144	pos3/conv_output_silu-22.f32	8cd12ca754d18fb311fcf674b5b38ac13156a45696501edb0f2d954045a73400
q_conv_predelta	22	3	2048	pos3/q_conv_predelta-22.f32	ae7cb85775fc766b8c4f862d606a7f9400908e2855aa4c158d8861d460f6a24b
k_conv_predelta	22	3	2048	pos3/k_conv_predelta-22.f32	db1369b61f082e8f385a2779445483b8e5a8b245e0b25159fe12097e977ad41e
v_conv_predelta	22	3	2048	pos3/v_conv_predelta-22.f32	cde06345e737f49263616e44b704586bac25db22c0f597ba241064e736819413
a_softplus	22	3	16	pos3/a_softplus-22.f32	06b7a604827fc364dee1ad8b4b793bf643480e836b771c33b9100486e60c7f1b
gate	22	3	16	pos3/gate-22.f32	64be71ee3bd139041383c58ebb403594788f8589357e1ec9edebe1da661a90cd
beta_sigmoid	22	3	16	pos3/beta_sigmoid-22.f32	de499e6e921c44c22c414d49e2ebb1ef9680f5f1dcdec507de2a5fdde984118b
z	22	3	2048	pos3/z-22.f32	ff01c3a626a02458de5f3dadec7edce55f520a296b704ea12a11feec36e88b43
state_predelta	22	3	262144	pos3/state_predelta-22.f32	8e14a8cdcc7eed5cce316e11573f409a4f22e9434e63e2d86ed2ac1721c1cf54
attn_output	22	3	2048	pos3/attn_output-22.f32	b249627393fc3c0f052ea2f5e6c38fdaebcdc917ec85d42892db0b11bf1302d7
new_state	22	3	262144	pos3/new_state-22.f32	3d973a8857b81bbcf5624a473f91a6ab41de3c47dd4d0767ebdf7205d7f703bb
final_output	22	3	2048	pos3/final_output-22.f32	93277e6efa71d57e3dca50ea0e29bf62e9c5b909a699561d34f628021907bd78
linear_attn_out	22	3	1024	pos3/linear_attn_out-22.f32	b35b3bb7d259235f6b13fafea7c3eb6f493629b4789352a86402b9191dc20cf3
attn_residual	22	3	1024	pos3/attn_residual-22.f32	85fd328513e9a1d14f26de7556da73e58927e10b5064378c992131f409ef2898
attn_post_norm	22	3	1024	pos3/attn_post_norm-22.f32	05e67d2c9692df9921d1a1c68adb89b437b489a217cb00f4212a2363bd0d214b
ffn_out	22	3	1024	pos3/ffn_out-22.f32	f574beda1628dd7af3dee6104c1331d7c6124821454ec50b631bb611eb866d17
l_out	22	3	1024	pos3/l_out-22.f32	f265b406fa417e2764b2ab48390e91f92303e08f88eb461117b495bd51501959
attn_norm	23	3	1024	pos3/attn_norm-23.f32	69998ec48c4174102046b5cf1c96cd3fa32144a3424649266df30677ce824348
attn_pregate	23	3	2048	pos3/attn_pregate-23.f32	cede22110719a912610d0585825ed3a3df242439915188457fc7ebd08f4c1966
attn_gated	23	3	2048	pos3/attn_gated-23.f32	be6b91fdef6b7a6510b083844b27d3eb9d33ce06f3ae195c5ba9be2db16af3ac
attn_output	23	3	1024	pos3/attn_output-23.f32	e4297a39351393105f65d2436f3577b378cda4a3760f7f2a80587c5ce68b8a4f
attn_residual	23	3	1024	pos3/attn_residual-23.f32	9cc88ee6e8c05915acbfcbbdf6de819d5a424c37bcf47a8ed097da4cd26b4f43
attn_post_norm	23	3	1024	pos3/attn_post_norm-23.f32	7594c68ae7f5cae732d8f6a8c828956c31211b3e75d18ecf02d658fa85483c75
ffn_out	23	3	1024	pos3/ffn_out-23.f32	ae679c4afaedfcf24f01d7e62c72545876ff590975404bfc0f533ae1f2ae3af5
l_out	23	3	1024	pos3/l_out-23.f32	63b48b72945980bf0b67c9852515ba59e9864ceb4a32f46642ee20d3f54d6841
result_norm	-1	3	1024	pos3/result_norm.f32	73fdd79987cfa828e74154e09d1fc3fbdfa655ae781bdf845d72d1e4a37d60e1
result_output	-1	3	248320	pos3/result_output.f32	1311e193fe876248dc2501fddec86ccc4cce686eeb128fba5f8eb1ec74d8a135
