name	layer	pos	shape	n_bytes	file	sha256
model.input_embed	-1	0	1024x1x1x1	4096	pos0/model.input_embed.f32	0f2822b1d8f095dda46d1b1c56382d69fe0b941be4f54f9619610de1b68f5800
attn_norm-0	0	0	1024x1x1x1	4096	pos0/attn_norm-0.f32	7fddf79018f18b6a8efe4d4305b8c552d45f257d584fe7cabb71ba8944bbe098
conv_output_silu-0	0	0	6144x1x1x1	24576	pos0/conv_output_silu-0.f32	7b60c34139979b73d8452820e7758300d596c03137cbb2e7c9511ce980d74d93
q_conv_predelta-0	0	0	128x16x1x1	8192	pos0/q_conv_predelta-0.f32	17a78107cda3c15bb6e2638ab7f78c70c55095531399ce60a8dc0222dafb4410
k_conv_predelta-0	0	0	128x16x1x1	8192	pos0/k_conv_predelta-0.f32	e38c231c7a5815c78261f50ac0dd48f70ea3e867c212993409295d2f4068b72e
v_conv_predelta-0	0	0	128x16x1x1	8192	pos0/v_conv_predelta-0.f32	2137354faac5e733662b88df392247ebe1f7002e41bed3e0afa00b95aa5997dd
a_softplus-0	0	0	16x1x1x1	64	pos0/a_softplus-0.f32	44d1c89a03d66c1f452b946e142a9e9ad1e080f1c007fb777b4380ccb922b445
gate-0	0	0	16x1x1x1	64	pos0/gate-0.f32	68f2f49cebb0ade93cff238040394af61e3533000984e7e6a87eff81beb7461a
beta_sigmoid-0	0	0	1x16x1x1	64	pos0/beta_sigmoid-0.f32	5024bb72aab2304541af693ec4471a80c0313ae6b5bf8686dc08d3a209ee0970
state_predelta-0	0	0	128x128x16x1	1048576	pos0/state_predelta-0.f32	30e14955ebf1352266dc2ff8067e68104607e750abb9d3b36582b8af909fcb58
new_state-0	0	0	128x128x16x1	1048576	pos0/new_state-0.f32	23e95f39cd8da2bf9a811be16a89e0ad16f73652105e96cf71194d149e70242c
attn_output-0	0	0	128x16x1x1	8192	pos0/attn_output-0.f32	1f55efb7e44af76cb0ddb3f12196c5660eb3ad7ea6c0252ed1e32575bbae6ba5
z-0	0	0	2048x1x1x1	8192	pos0/z-0.f32	65705cfd6bb19795a3eabdd7ec1cbd30d7a4e3a7c05ff74ba5b9e1404898838a
final_output-0	0	0	2048x1x1x1	8192	pos0/final_output-0.f32	3ed0766cded141f093f460eddaea1f2222fe6b96a6f56e67870582bad7ac442a
linear_attn_out-0	0	0	1024x1x1x1	4096	pos0/linear_attn_out-0.f32	b7cb76989a84587466b797db8c1578d01e8958b3ac859676f2bc0e5ec81ae462
attn_residual-0	0	0	1024x1x1x1	4096	pos0/attn_residual-0.f32	157e31dca0955a7e4d14c517e328db402818385cd600ff7accd73813f8eb4fe4
attn_post_norm-0	0	0	1024x1x1x1	4096	pos0/attn_post_norm-0.f32	2030e104ddfdf22a4e52f6c31e81ec3e42f0a558398d769719a25d29de7de1b7
ffn_out-0	0	0	1024x1x1x1	4096	pos0/ffn_out-0.f32	f6e0b824cd13995123c633b8fba16abc9bde0fcc6b8b3cace582d2d4e55e9069
l_out-0	0	0	1024x1x1x1	4096	pos0/l_out-0.f32	63c6f57cd2831f1e3bc5e7337d24f2dd3a6bdc20e489bc3356d3285c698698f5
attn_norm-1	1	0	1024x1x1x1	4096	pos0/attn_norm-1.f32	b6129a19ef544e3434ed6ad4df51100790e83deac22abeb516c01f9020b28921
conv_output_silu-1	1	0	6144x1x1x1	24576	pos0/conv_output_silu-1.f32	59df7303d0088691ec1fbd1aa0384d83d3ee9e009170bb29b82c59905c2a4e60
q_conv_predelta-1	1	0	128x16x1x1	8192	pos0/q_conv_predelta-1.f32	237d38f5b729c65dcb9e4ccce1305cc387c3a6b00216a050d8249197d9c9840c
k_conv_predelta-1	1	0	128x16x1x1	8192	pos0/k_conv_predelta-1.f32	96f36587a4cdc8fdfec090c9f997a6a72b54825547ff3d4b26728283079a6a14
v_conv_predelta-1	1	0	128x16x1x1	8192	pos0/v_conv_predelta-1.f32	3748710c4f5f5cdcbe9d017621a430bb5b1651cd60a7fbb38ec0932c5c54b35f
a_softplus-1	1	0	16x1x1x1	64	pos0/a_softplus-1.f32	1705d31b19ad7beaf7c0c9cbf72ae3dc6537369f32e4543cb6112c1ae1c9628c
gate-1	1	0	16x1x1x1	64	pos0/gate-1.f32	75c70eabe2ab253a5204599e6b5bcd3ab8d2e206646b1f9708501de1337a09b6
beta_sigmoid-1	1	0	1x16x1x1	64	pos0/beta_sigmoid-1.f32	ec5ec16496f6a0247a475e3a413996f55518e8862608189465b282bc825e3e3e
state_predelta-1	1	0	128x128x16x1	1048576	pos0/state_predelta-1.f32	30e14955ebf1352266dc2ff8067e68104607e750abb9d3b36582b8af909fcb58
new_state-1	1	0	128x128x16x1	1048576	pos0/new_state-1.f32	187e999847ca85924c21052156f64ba573cae4529aebf0af622158932f680b04
attn_output-1	1	0	128x16x1x1	8192	pos0/attn_output-1.f32	e3c67336c0920ce199b29db2aa9a8d726d9ef9bc8b0c84f0f15990c174ca0f27
z-1	1	0	2048x1x1x1	8192	pos0/z-1.f32	0b99a01f0e9c9560597156b27cf200b8cd1aa979e141e3baa801edaa62563cf2
final_output-1	1	0	2048x1x1x1	8192	pos0/final_output-1.f32	5500f5dd6e0d0c3dc05eb192eb2a4b2f4d5b3902c2d5f6d09d412bde7e097c7d
linear_attn_out-1	1	0	1024x1x1x1	4096	pos0/linear_attn_out-1.f32	7af0f6f9c358b555a2a10030995d1619f049ba445c01ddd66775e3e9921dabcf
attn_residual-1	1	0	1024x1x1x1	4096	pos0/attn_residual-1.f32	5401a6c9ea21eae1a4bc70b3ee4a4294261ab750e89197b454d540c8de68292a
attn_post_norm-1	1	0	1024x1x1x1	4096	pos0/attn_post_norm-1.f32	1957b6001e027805eba1754fca8e61734579c58c4de667e04ad42069314efde8
ffn_out-1	1	0	1024x1x1x1	4096	pos0/ffn_out-1.f32	2e9153464e661a90cb55f5f2162ef4b5e7de1d865a21f844dcf27976a0d1d352
l_out-1	1	0	1024x1x1x1	4096	pos0/l_out-1.f32	91a040f186d7a8a5f14bab5fd966272368edc4bd8dc36368dded8144a599ddcd
attn_norm-2	2	0	1024x1x1x1	4096	pos0/attn_norm-2.f32	c9a509ded7c3dc4077fc772fc28736496a3c4ddb54ba8d9ccd353a5929ef168f
conv_output_silu-2	2	0	6144x1x1x1	24576	pos0/conv_output_silu-2.f32	ed3286e94e8da7db57f6059ba25c937df080e25456838cade5691b793b88b095
q_conv_predelta-2	2	0	128x16x1x1	8192	pos0/q_conv_predelta-2.f32	1f07fcc4e10ac6933cb03dd1d7554514d8f766885eead2cf9b89a33490f7d6f0
k_conv_predelta-2	2	0	128x16x1x1	8192	pos0/k_conv_predelta-2.f32	583069515fa2a53b8f3627b2482b9f9d2f7beb47509e6d327eff5d37c5ee7278
v_conv_predelta-2	2	0	128x16x1x1	8192	pos0/v_conv_predelta-2.f32	f58d3b3115e0cade83433dae51a25bf8febc6439029f6d412a0d755c5d30c508
a_softplus-2	2	0	16x1x1x1	64	pos0/a_softplus-2.f32	7e8aec3cca03a5623e6665949bb30be81c3293b9c5331d5f51721e4650126ee1
gate-2	2	0	16x1x1x1	64	pos0/gate-2.f32	eec0a51f79c769f9cf0aa096e892a7501e4ea24124a55423b978f1ac79123d54
beta_sigmoid-2	2	0	1x16x1x1	64	pos0/beta_sigmoid-2.f32	bb7afc4dc8c0b4e1638327712f5f28c7f570cf4e0cdf86eed142f136dc05aa23
state_predelta-2	2	0	128x128x16x1	1048576	pos0/state_predelta-2.f32	30e14955ebf1352266dc2ff8067e68104607e750abb9d3b36582b8af909fcb58
new_state-2	2	0	128x128x16x1	1048576	pos0/new_state-2.f32	6be45f83777e4e439afff252bfce2bf1bdad024512014efe0cce1e90ce9df17c
attn_output-2	2	0	128x16x1x1	8192	pos0/attn_output-2.f32	6b1580a364659c9de3035479d672faca14cc0b9a589a67f0a3b4c9154a1c732a
z-2	2	0	2048x1x1x1	8192	pos0/z-2.f32	47e3f74a28dff20c426a459226c0b6827db691fc8655d91a614465d3e83c4940
final_output-2	2	0	2048x1x1x1	8192	pos0/final_output-2.f32	2fee39f2c8cb5e4a7f9595da101d894307d560e03a099645b173a7521fb961dc
linear_attn_out-2	2	0	1024x1x1x1	4096	pos0/linear_attn_out-2.f32	3882535b99f447a1c0410b8e9e848fddb615a57ba2bc6383ddaa9f1c62985a22
attn_residual-2	2	0	1024x1x1x1	4096	pos0/attn_residual-2.f32	fce8059f274f1df606a2d1cef0797a8d4fe958259b9416dc49656d447c72c9b2
attn_post_norm-2	2	0	1024x1x1x1	4096	pos0/attn_post_norm-2.f32	d58566fd632d942bdd6b3b5b469759331eae7a2ff315045f779c3d4144a76369
ffn_out-2	2	0	1024x1x1x1	4096	pos0/ffn_out-2.f32	0a0951e6fd708c073da2f359635e597392ec4e46d010d43c1ca8f4b436fea38e
l_out-2	2	0	1024x1x1x1	4096	pos0/l_out-2.f32	f8e81952fdacd061fbfea9ba9f2abb9580f838c65e0e1a24638f20333395d628
attn_norm-3	3	0	1024x1x1x1	4096	pos0/attn_norm-3.f32	8640612cb77872f7dad231d13554b968b6194d01c20f0fb9b42765f35e7ca5fe
attn_pregate-3	3	0	2048x1x1x1	8192	pos0/attn_pregate-3.f32	0b31130860f328545b894ec3bf0d2363bb26bd8ba564882cb79367e76f280042
attn_gated-3	3	0	2048x1x1x1	8192	pos0/attn_gated-3.f32	116bb62db71da796a891aeeb5b0ae76f52d77774c7d0da7dd0e2da4f73a40635
attn_output-3	3	0	1024x1x1x1	4096	pos0/attn_output-3.f32	0b4efbbddf9fa19cfa13a52dd2806fe2795591dadeadde03f43bf5e559dfd440
attn_residual-3	3	0	1024x1x1x1	4096	pos0/attn_residual-3.f32	d435d3003c1edef2ccea352f37b31f97e1dd95234ef9f9b735da718346505add
attn_post_norm-3	3	0	1024x1x1x1	4096	pos0/attn_post_norm-3.f32	8a3a17a8d00339e5bd53b13bdb8d60e2bc2db65179d5fb8e55ede91544447eed
ffn_out-3	3	0	1024x1x1x1	4096	pos0/ffn_out-3.f32	75c9f887ad28393fcd53d188f1f8d3cbd9442e18f066428553898060e12b1b6d
l_out-3	3	0	1024x1x1x1	4096	pos0/l_out-3.f32	d7a2f1787bd2d1a171f5f97c9e932f54408f8214b61a5b06d2ad36ed167970b5
attn_norm-4	4	0	1024x1x1x1	4096	pos0/attn_norm-4.f32	12cc511118377142993b9ca3824f8b615e85197c5593861a1e7bd93c3e51e1f2
conv_output_silu-4	4	0	6144x1x1x1	24576	pos0/conv_output_silu-4.f32	e731ebccc479e573cbd39d35af56b2d5714501fe26a6b7fb014cff2efbf73974
q_conv_predelta-4	4	0	128x16x1x1	8192	pos0/q_conv_predelta-4.f32	c5aa34d8600d86954d64ddf741316578df52b174378c59ab37ab5c1c84cea65c
k_conv_predelta-4	4	0	128x16x1x1	8192	pos0/k_conv_predelta-4.f32	c92bdc2bc5cb8ccb25f9826f3be67890439f979f6e0ab6c7d528e23bc4318567
v_conv_predelta-4	4	0	128x16x1x1	8192	pos0/v_conv_predelta-4.f32	2e0bdbe2da04f1e0bd9e11bfb075f6e478aeeaeabb9096c5a215275d293e30b5
a_softplus-4	4	0	16x1x1x1	64	pos0/a_softplus-4.f32	37162be34eb14f1d2c2fa40c1966bb3858749574665b8b072e3e1fe842df52a7
gate-4	4	0	16x1x1x1	64	pos0/gate-4.f32	f3eed70f6bd62dcc73f32e7d815af30a6514303b0f1cad2adf76e25670c6eda2
beta_sigmoid-4	4	0	1x16x1x1	64	pos0/beta_sigmoid-4.f32	4410d176885ac827907c6b5ad2b43484f551818aa1a50113a952c108d388f9f9
state_predelta-4	4	0	128x128x16x1	1048576	pos0/state_predelta-4.f32	30e14955ebf1352266dc2ff8067e68104607e750abb9d3b36582b8af909fcb58
new_state-4	4	0	128x128x16x1	1048576	pos0/new_state-4.f32	746564bc3f0f3ecbc4b4a7918f4d71a71ef2e2b4224ae08806cc9d3090a7ce09
attn_output-4	4	0	128x16x1x1	8192	pos0/attn_output-4.f32	94a8e7abdd1ae15f73f0c956cf681817a1564866bb440c60aaf87e504e77c6a8
z-4	4	0	2048x1x1x1	8192	pos0/z-4.f32	666c5b710bde70479874b535e55df06a55792a1f3bcb784ee6181bbdec0b2d12
final_output-4	4	0	2048x1x1x1	8192	pos0/final_output-4.f32	db0bb41cb7606d0038781f35c5f9a54012ff49a2bad58f381c2da7b77c140dbe
linear_attn_out-4	4	0	1024x1x1x1	4096	pos0/linear_attn_out-4.f32	70be1012d8299136b77431fe4df89f3c3ab2b01f5a67b1db6bef25399efd6c64
attn_residual-4	4	0	1024x1x1x1	4096	pos0/attn_residual-4.f32	5b8d40db93231a543ec673ae30495434826a882889aef9604776869f682cb141
attn_post_norm-4	4	0	1024x1x1x1	4096	pos0/attn_post_norm-4.f32	0f1ccf529de0e76c95cb5e07295261bacfadb94a8147fbf4d3a3e12c62be1e89
ffn_out-4	4	0	1024x1x1x1	4096	pos0/ffn_out-4.f32	cd5a2387aed9de099bb34d59f80835334ab9cfb3fb819082718ccd4e2f84a4a2
l_out-4	4	0	1024x1x1x1	4096	pos0/l_out-4.f32	b5949bc9ff3658d24ed54fa357eb2bc10c0b23d560e83962ba3fd8fc73a96225
attn_norm-5	5	0	1024x1x1x1	4096	pos0/attn_norm-5.f32	1073ce022432ddf70e572a8c08bd97acaaaef069267359e1887c2b411567aab6
conv_output_silu-5	5	0	6144x1x1x1	24576	pos0/conv_output_silu-5.f32	f54fd1a26e30210a3dc590f46cf2cce1c5a898a1086e3a41b16d440ffac907a8
q_conv_predelta-5	5	0	128x16x1x1	8192	pos0/q_conv_predelta-5.f32	d8c559f9b96fc6d20c2d69467779a1023c9705136253b2ed121f33386e4ab5c0
k_conv_predelta-5	5	0	128x16x1x1	8192	pos0/k_conv_predelta-5.f32	4e0c886fdd2bea4ba9459ec6f0bc9377a116352714513f7b1be2bf5898f6c06a
v_conv_predelta-5	5	0	128x16x1x1	8192	pos0/v_conv_predelta-5.f32	9537d4bcd6932664ac81f65ad5dd80adc1f2ec453d92aa1a587299ae6d71ff15
a_softplus-5	5	0	16x1x1x1	64	pos0/a_softplus-5.f32	8e9dfc1119a5d392d6f4ee2bafce271adfa6e4d96f10a6b7244348f9a3b61de6
gate-5	5	0	16x1x1x1	64	pos0/gate-5.f32	f8ef2fe76f35e896dc1d779c78f28aa289dec13da9a7380a96430fdfda396ac2
beta_sigmoid-5	5	0	1x16x1x1	64	pos0/beta_sigmoid-5.f32	ca6455192b27ef6fa25044fe159baf4ce0eb02d958fdd27c249d4fc302d2c5c5
state_predelta-5	5	0	128x128x16x1	1048576	pos0/state_predelta-5.f32	30e14955ebf1352266dc2ff8067e68104607e750abb9d3b36582b8af909fcb58
new_state-5	5	0	128x128x16x1	1048576	pos0/new_state-5.f32	0278d67e3b001428122669d1687899a85364df9e757dd208c3dc7705f8bf7aff
attn_output-5	5	0	128x16x1x1	8192	pos0/attn_output-5.f32	e3df4a099b92c5377eda48eee337b97be8b4caee674d8255d203a18c2aa8d313
z-5	5	0	2048x1x1x1	8192	pos0/z-5.f32	1c993d2066f6865729e9f2eb68db52b10058b5ad286be15f91af28c4fc0e019d
final_output-5	5	0	2048x1x1x1	8192	pos0/final_output-5.f32	f4459166db7b251b11f387b286d70ee6877687da2e2542c53b632c4269f53e07
linear_attn_out-5	5	0	1024x1x1x1	4096	pos0/linear_attn_out-5.f32	bf21bb703d833cc5cae27d19a22bc3b6567a24ee2e5aecbfe3d821b3c1d754c5
attn_residual-5	5	0	1024x1x1x1	4096	pos0/attn_residual-5.f32	84427a1cdfaff83c461bfe9851fdc4dd07517dfd16c45d2c03e83269a45d85e0
attn_post_norm-5	5	0	1024x1x1x1	4096	pos0/attn_post_norm-5.f32	6ea30bdda09309f60a7399fd0f54642935437bb8d135f1461b6a2f08f6fa39fd
ffn_out-5	5	0	1024x1x1x1	4096	pos0/ffn_out-5.f32	7e729c8064cf27cfcc6abb43c368d0e6916e288cc714b639430dfb7aa37c2bc8
l_out-5	5	0	1024x1x1x1	4096	pos0/l_out-5.f32	b4b973dbd16ddbe43a44b31fda2e9a4be49dcd787bb94fbe0f418bede80c1d38
attn_norm-6	6	0	1024x1x1x1	4096	pos0/attn_norm-6.f32	903a8823be2899e53c206c9c15aadf7f0c3f274768dd751741b1fb2a849b0d6b
conv_output_silu-6	6	0	6144x1x1x1	24576	pos0/conv_output_silu-6.f32	7041e211bbfd1ade4a50b88789dc3f8ecaa00ebf7ee839ac305258bcda98aac5
q_conv_predelta-6	6	0	128x16x1x1	8192	pos0/q_conv_predelta-6.f32	4283d8f86064af2a303d805321654817dcaa4f51cff39d599d2d5c5b6686cf50
k_conv_predelta-6	6	0	128x16x1x1	8192	pos0/k_conv_predelta-6.f32	99e1f5f71d94e25e4f8680b91d9c05fe7189f3eb820db9d6971c85a6c7b2140f
v_conv_predelta-6	6	0	128x16x1x1	8192	pos0/v_conv_predelta-6.f32	19851045cd783e6a2c34e2581c23c5720e4553f0f848c2859f7f69a378421135
a_softplus-6	6	0	16x1x1x1	64	pos0/a_softplus-6.f32	e4f78799b4de2a12b87141549a5c2686622e9c21ff337afede2a3e5163de64c4
gate-6	6	0	16x1x1x1	64	pos0/gate-6.f32	eaddb2b502ca7b54218d990749b1c89d66cb6ded06fb68e6ab3d5a100ac742c3
beta_sigmoid-6	6	0	1x16x1x1	64	pos0/beta_sigmoid-6.f32	3b564b517ef47ab2da4be8105ff9c1c2afb1470347d44702868c2664ffa18256
state_predelta-6	6	0	128x128x16x1	1048576	pos0/state_predelta-6.f32	30e14955ebf1352266dc2ff8067e68104607e750abb9d3b36582b8af909fcb58
new_state-6	6	0	128x128x16x1	1048576	pos0/new_state-6.f32	efed28337287f6aecf77deb253540d6a3051e8c30c89112d4ebb68cdbacd77cb
attn_output-6	6	0	128x16x1x1	8192	pos0/attn_output-6.f32	1a12b01d5fc9c42c2a307908c0a27b3a8ed6f18eda13df15e59e3aaf189add0e
z-6	6	0	2048x1x1x1	8192	pos0/z-6.f32	68cc5bcd6692e845c82ea21f131b7b7a8fa174198ba9af9e542bb2edc27379d3
final_output-6	6	0	2048x1x1x1	8192	pos0/final_output-6.f32	9d14f37f1c6278bf03557d958937fcfd9c8dffac1de2f602f74d3c0c42625528
linear_attn_out-6	6	0	1024x1x1x1	4096	pos0/linear_attn_out-6.f32	c56ccd2b54e197489f7e3427e5449752ff88f0bb85d060fc3fc5a4934646582a
attn_residual-6	6	0	1024x1x1x1	4096	pos0/attn_residual-6.f32	d5a3f45a95d0c0dbe24086c64e3006072fe73799d03d4bc70e4ffa029c3f3520
attn_post_norm-6	6	0	1024x1x1x1	4096	pos0/attn_post_norm-6.f32	ff3c0becb7fc28f8c30e66167937a018a2a340aebdc13ea98c435a945712bbac
ffn_out-6	6	0	1024x1x1x1	4096	pos0/ffn_out-6.f32	4b63689bcc3e2f031aece09e7f6410f702aeccda4f726544775d332ae196716e
l_out-6	6	0	1024x1x1x1	4096	pos0/l_out-6.f32	e553ba0d0c61e61edd3d3c58b6e9e853f55c07993d89760af5a62520e7c4abf2
attn_norm-7	7	0	1024x1x1x1	4096	pos0/attn_norm-7.f32	6e4337bf1b9c68cb07731eb55a551be5f4ff7a7c76210103e5e053e9552df2b5
attn_pregate-7	7	0	2048x1x1x1	8192	pos0/attn_pregate-7.f32	dffac1b46177fea99fa2f88a475d54798c3eb94bfa8177160015a40f301c7ce7
attn_gated-7	7	0	2048x1x1x1	8192	pos0/attn_gated-7.f32	b9db4b308a9f45f185a0cef46fb39643359b8e9fd468173a9f78374d0e1e0826
attn_output-7	7	0	1024x1x1x1	4096	pos0/attn_output-7.f32	41047455f23a2fa95ce9c5ed53fe7acf51f7d958feb43497bb945b8c27f271f6
attn_residual-7	7	0	1024x1x1x1	4096	pos0/attn_residual-7.f32	dccdd1c5a8351b94d7f2c15e54eb8c3b0061fcb9befdcba1f94b14f907f2876f
attn_post_norm-7	7	0	1024x1x1x1	4096	pos0/attn_post_norm-7.f32	966a2dc4840ff1d74060d98bb6980f232f356b02c2dedcae936b4ffd6f2bcaff
ffn_out-7	7	0	1024x1x1x1	4096	pos0/ffn_out-7.f32	5daf1e1a0f669d4b170df9355e903b8cafe113885ef5bbc4aebb5500cbb94b2c
l_out-7	7	0	1024x1x1x1	4096	pos0/l_out-7.f32	9e4510772f59f302112d9dfa72f86942b80be8b0d36908714e20b2fb20c836a3
attn_norm-8	8	0	1024x1x1x1	4096	pos0/attn_norm-8.f32	5df54be0c44b8a3382657ca6ebbf5894f2e0f3eb6ae60c99b1b5aeb4095ef811
conv_output_silu-8	8	0	6144x1x1x1	24576	pos0/conv_output_silu-8.f32	1b9123f74bdeea16853b9b3808643bdcd251c9b535d397ca0fd50df81c23695e
q_conv_predelta-8	8	0	128x16x1x1	8192	pos0/q_conv_predelta-8.f32	0cd4dbebc08c839fd9486058ba55da364929712eb5e2d67ec25d27d59ffa023d
k_conv_predelta-8	8	0	128x16x1x1	8192	pos0/k_conv_predelta-8.f32	471be803cfa557d2c4c07f725f7424a0c5bd1ab9b4d6285a0c5c9ec73f95447f
v_conv_predelta-8	8	0	128x16x1x1	8192	pos0/v_conv_predelta-8.f32	1845f44c820176365f985de35de4d0d6c14e6b42a4beaa014c05342fad472a00
a_softplus-8	8	0	16x1x1x1	64	pos0/a_softplus-8.f32	3af5a011dcd8e97d9b19c869aec1f78debca1075f863bfd295546ef6f4baf529
gate-8	8	0	16x1x1x1	64	pos0/gate-8.f32	d0250da4771fa4d7204f79ea3478658d61b4b37f85cb1b0de0f09ee1d38577fe
beta_sigmoid-8	8	0	1x16x1x1	64	pos0/beta_sigmoid-8.f32	a1cd3706bb735a9e97483235388fe644e788882ef3accb3d8a033df50df2ccb3
state_predelta-8	8	0	128x128x16x1	1048576	pos0/state_predelta-8.f32	30e14955ebf1352266dc2ff8067e68104607e750abb9d3b36582b8af909fcb58
new_state-8	8	0	128x128x16x1	1048576	pos0/new_state-8.f32	02ed3a9b801a35b6d6ba0fcb29fa610e327a8aa96ef2dc452bee6ca5b4fbbac7
attn_output-8	8	0	128x16x1x1	8192	pos0/attn_output-8.f32	49b67e5cc410520a3edf9fdb71045e1c591e215a78d27887dd44b8c59616b070
z-8	8	0	2048x1x1x1	8192	pos0/z-8.f32	31395661406c2572141812c006f2344875566b92556c28a7d538bb13e5319d56
final_output-8	8	0	2048x1x1x1	8192	pos0/final_output-8.f32	e413078448e56c2c2cbc935b196d6ee4d1064f311f6470798de43ec7cc1c75e5
linear_attn_out-8	8	0	1024x1x1x1	4096	pos0/linear_attn_out-8.f32	098528c21c0bf6d7ea17512fbecc14e7aec1d10083c4738af21771accc61b116
attn_residual-8	8	0	1024x1x1x1	4096	pos0/attn_residual-8.f32	fa78bab3d77e392ee9540ce44a9de97b303d710cdac9ad2a618afe0951b91fe3
attn_post_norm-8	8	0	1024x1x1x1	4096	pos0/attn_post_norm-8.f32	2f2895783a74f70b7c02db456dea0d36419e394e8108e216ad79d4405d6877c2
ffn_out-8	8	0	1024x1x1x1	4096	pos0/ffn_out-8.f32	4675d2d4b813af5412aedc06da308c23b8c14dbda46659fecb1fd8b5e690d4b5
l_out-8	8	0	1024x1x1x1	4096	pos0/l_out-8.f32	aee023238248c56911a8c82f640e4874b64fd4915e152008edfb91927f27162b
attn_norm-9	9	0	1024x1x1x1	4096	pos0/attn_norm-9.f32	8be3a87bb7fbeca657d841bb2b068922c2e8118b430fd946144a2a1f0d5721ed
conv_output_silu-9	9	0	6144x1x1x1	24576	pos0/conv_output_silu-9.f32	833db7650552ba9b13c43bed688ac3013bd2c62eebdc06c86c46534de21e6591
q_conv_predelta-9	9	0	128x16x1x1	8192	pos0/q_conv_predelta-9.f32	b41001a9587d541b48c9933282fb9592293e3545aa7c6fe0720ba7e947350bec
k_conv_predelta-9	9	0	128x16x1x1	8192	pos0/k_conv_predelta-9.f32	9a11225ac04f9531931f68a9545a8adb57d230863c38877d4916f09d76b17e04
v_conv_predelta-9	9	0	128x16x1x1	8192	pos0/v_conv_predelta-9.f32	28ec22135047d1cbe368793503762433abf9863fe4e9fbf557bc5dc1e97549d3
a_softplus-9	9	0	16x1x1x1	64	pos0/a_softplus-9.f32	9b9151cfe76274673367494ff49683306b11aa1bae8db40af095654c995b6ab3
gate-9	9	0	16x1x1x1	64	pos0/gate-9.f32	888d0bd24bd02d7c4d8349b2066f66ed14c22f555e3d0e8d2742310b6020befe
beta_sigmoid-9	9	0	1x16x1x1	64	pos0/beta_sigmoid-9.f32	b6b4896d78cd8f2c630ded24a84ea831eaffc26d27ed6b74288229577b09cadf
state_predelta-9	9	0	128x128x16x1	1048576	pos0/state_predelta-9.f32	30e14955ebf1352266dc2ff8067e68104607e750abb9d3b36582b8af909fcb58
new_state-9	9	0	128x128x16x1	1048576	pos0/new_state-9.f32	b896d5db507733041210847aecabdff4881944631a11dc4d78465416f69ebe3f
attn_output-9	9	0	128x16x1x1	8192	pos0/attn_output-9.f32	eaad8e87c89e42dfa169da16115e6234b721cd1a94b4f6c7c8575d1499345d4a
z-9	9	0	2048x1x1x1	8192	pos0/z-9.f32	27dfd492dd66e726e81388e43ac52464cb89c9cad8e2bf4c374c723c5e17959f
final_output-9	9	0	2048x1x1x1	8192	pos0/final_output-9.f32	7dbffd2ffc6a1bc936cb414313beca872891bbe7a7a66de7f5d0ab434f1ed266
linear_attn_out-9	9	0	1024x1x1x1	4096	pos0/linear_attn_out-9.f32	ab0c5acf856d203a13ff1a7326ad0084e10fe7a9ba966bf08d336006715e3077
attn_residual-9	9	0	1024x1x1x1	4096	pos0/attn_residual-9.f32	e37d4d50fbb519219e23798036cf43c1a1722743641ed827ad19862185a7d003
attn_post_norm-9	9	0	1024x1x1x1	4096	pos0/attn_post_norm-9.f32	3f782618d9aeb187f71508b39b308f9f72d2505a20b437bf001dcf87ff40d4af
ffn_out-9	9	0	1024x1x1x1	4096	pos0/ffn_out-9.f32	7bbb117c82f0fa3f3aa2ddb3d17b0d72d6fd67e224d868823af5b5b0fdcb8c98
l_out-9	9	0	1024x1x1x1	4096	pos0/l_out-9.f32	d05ca9c35d77441b489c6fd75345e50786171ba8dca2275519d854198577f0c3
attn_norm-10	10	0	1024x1x1x1	4096	pos0/attn_norm-10.f32	e4494a35768f797e68ff48dcddcca510c118daeeef748421bb701dff9ae21aa2
conv_output_silu-10	10	0	6144x1x1x1	24576	pos0/conv_output_silu-10.f32	73f3d8ceca8e74c96333de4151e3e1f7f7fce22a72d8a6b5e88c6a61b2261f57
q_conv_predelta-10	10	0	128x16x1x1	8192	pos0/q_conv_predelta-10.f32	c3804218328dfd5c922f35b0aab8e33e5263b17b4edec3f53174b762a992e664
k_conv_predelta-10	10	0	128x16x1x1	8192	pos0/k_conv_predelta-10.f32	4a6997a5c1219ebb3fd521aea0152a183c00c783a42b803f329c715abbbf6771
v_conv_predelta-10	10	0	128x16x1x1	8192	pos0/v_conv_predelta-10.f32	d78c97042f294bd77474111967eeb497afeb55d113304d4eb92df2ed50d2f5fb
a_softplus-10	10	0	16x1x1x1	64	pos0/a_softplus-10.f32	2da7f71ae79169c5b1c0c7b2ca7e6669e40dda4a337f459e5a12e825b4da67cf
gate-10	10	0	16x1x1x1	64	pos0/gate-10.f32	4381cc788def68f354e1ac25f836185019d0e2c09f5340ecb195aeee01e9902a
beta_sigmoid-10	10	0	1x16x1x1	64	pos0/beta_sigmoid-10.f32	0c521e94be7bb4e9f631dab46658ae10fbc20379cbbfefd4d3f32b0c32b7e930
state_predelta-10	10	0	128x128x16x1	1048576	pos0/state_predelta-10.f32	30e14955ebf1352266dc2ff8067e68104607e750abb9d3b36582b8af909fcb58
new_state-10	10	0	128x128x16x1	1048576	pos0/new_state-10.f32	be544d212a928e7ac2b9c28fa320571bd670fe364431bf1d5e53ee7fc564fb2a
attn_output-10	10	0	128x16x1x1	8192	pos0/attn_output-10.f32	110215fe9db1d06cf1adb279c920d9b489942c46741cc0eaebdf85e9ddc33972
z-10	10	0	2048x1x1x1	8192	pos0/z-10.f32	36e5154083b9e01e6b3531fb3d58da3002a4bde965070969767e775d10644a9d
final_output-10	10	0	2048x1x1x1	8192	pos0/final_output-10.f32	955a08e111d93411e41131d580847afa0f41f90efd8b5977e79379693baabef8
linear_attn_out-10	10	0	1024x1x1x1	4096	pos0/linear_attn_out-10.f32	e20f959e7480a202d0630eb8989f209ffe2adf979bc8ed2e8fc9d42d452fdc3a
attn_residual-10	10	0	1024x1x1x1	4096	pos0/attn_residual-10.f32	e8653f71eb51121faafe901e082ef8b5ef64c0f48a1bae53e4af237d28af3301
attn_post_norm-10	10	0	1024x1x1x1	4096	pos0/attn_post_norm-10.f32	f1a170fd2d7b6ad01daac590d02e3924e80e239d3ba9c4d3db28c79470f839b3
ffn_out-10	10	0	1024x1x1x1	4096	pos0/ffn_out-10.f32	bfd5a54ff72388aa2ea22d840ed4bb21dcbc36e45000479f7bf7cd93cd754ae4
l_out-10	10	0	1024x1x1x1	4096	pos0/l_out-10.f32	d0345037ddc6b84792884705ea62fa6d0f92a18185b739b846d1099525c83693
attn_norm-11	11	0	1024x1x1x1	4096	pos0/attn_norm-11.f32	ccae73a02cd1a8b9bc3ed40ae503673fe8ec9baab1789678c86bbd2aa655eb61
attn_pregate-11	11	0	2048x1x1x1	8192	pos0/attn_pregate-11.f32	fadf2aba6132615c865f2dddda5b07170acd21fc43cb78d3d69babfb94466e1f
attn_gated-11	11	0	2048x1x1x1	8192	pos0/attn_gated-11.f32	7806eabdfe332cbc0c59ab5347a7bc991a675649bca7102255ce69b918863d1d
attn_output-11	11	0	1024x1x1x1	4096	pos0/attn_output-11.f32	a455692de81252e93f7ce82008d4a28dec3986f46adeffa7ee2bf761af6048e9
attn_residual-11	11	0	1024x1x1x1	4096	pos0/attn_residual-11.f32	7af29c32705893cb490c82617c3fba7880e12541a76464f5901190832d87192f
attn_post_norm-11	11	0	1024x1x1x1	4096	pos0/attn_post_norm-11.f32	b52456e6228770c363d3ab795dee429ac3114865c0c6051bd61acb60da94b20d
ffn_out-11	11	0	1024x1x1x1	4096	pos0/ffn_out-11.f32	81ef474bd9ca18e450c5dde54d2a891786d4bf723d99800a2182f2b1b7c9c83f
l_out-11	11	0	1024x1x1x1	4096	pos0/l_out-11.f32	7c6629856a5b4abe1d7674ac0d110bc4c2f9b24ade8ff2ef1b7627821c79daab
attn_norm-12	12	0	1024x1x1x1	4096	pos0/attn_norm-12.f32	3387b888208712682d01c45c750f1dcc328b2c0936a472b07ed6c1cbd83f0718
conv_output_silu-12	12	0	6144x1x1x1	24576	pos0/conv_output_silu-12.f32	a079fe8639bd35d9c4e6262470e9afa29774b91fb4363e5e0b98eec0db8eed68
q_conv_predelta-12	12	0	128x16x1x1	8192	pos0/q_conv_predelta-12.f32	deedbd23f01c5304f0d00ef1d1a281ffbefbd1cea04de1c5ebc940bf169accd4
k_conv_predelta-12	12	0	128x16x1x1	8192	pos0/k_conv_predelta-12.f32	e6c2e28b3828ff8889b59ee186ec327b1f6737b35277fdd16f01a2b293eeaea7
v_conv_predelta-12	12	0	128x16x1x1	8192	pos0/v_conv_predelta-12.f32	26962a5b79c3950d9aa7a1e817ad6da4b1b2edc4b1e903ced931160beda6ab94
a_softplus-12	12	0	16x1x1x1	64	pos0/a_softplus-12.f32	146c4847b5b2691540208d7bd2235ac89343c3251e3383c8d6c98608a45f11e2
gate-12	12	0	16x1x1x1	64	pos0/gate-12.f32	b1448562295025a80885f5046d5ee75efc47589e5fdcba63b0d1d986a3060b72
beta_sigmoid-12	12	0	1x16x1x1	64	pos0/beta_sigmoid-12.f32	379cc251f2aec9546db2ce9c3377740ad2757cb0a1bd243bf73f76f1885f8e44
state_predelta-12	12	0	128x128x16x1	1048576	pos0/state_predelta-12.f32	30e14955ebf1352266dc2ff8067e68104607e750abb9d3b36582b8af909fcb58
new_state-12	12	0	128x128x16x1	1048576	pos0/new_state-12.f32	00af2ee88189521fe61eae56c2627f929bd4fc8ba8f38df159bb5cd992a963e2
attn_output-12	12	0	128x16x1x1	8192	pos0/attn_output-12.f32	b454171703d37d2e526e75261d66be10dac4bd4ede88c4ff939f562c3c3a16b5
z-12	12	0	2048x1x1x1	8192	pos0/z-12.f32	9f3467f17cf09a32aad01a159d8ec45055954ea69409f7d1acb5186fa33b54c2
final_output-12	12	0	2048x1x1x1	8192	pos0/final_output-12.f32	8fc01381b034a7687ec082d7b6b73ef669a3da99e8c0b7d3682bd1305e90c04c
linear_attn_out-12	12	0	1024x1x1x1	4096	pos0/linear_attn_out-12.f32	889c2f69ae2da6e8fa6308989937ddf2fa127c656fcb8978ad305dd909dda341
attn_residual-12	12	0	1024x1x1x1	4096	pos0/attn_residual-12.f32	2e1d47d7353a2520cddb927abeedbd033ec08ae70deb2caf5a83ab1e56f2819d
attn_post_norm-12	12	0	1024x1x1x1	4096	pos0/attn_post_norm-12.f32	f3b2aa054dbb64997c110ac5364c275323f91dad57536ab2d3c346123c4598c5
ffn_out-12	12	0	1024x1x1x1	4096	pos0/ffn_out-12.f32	7c0476bbb542533c55ba472864de59e6c006dfb9bd3d260d2192137f5b3e42ce
l_out-12	12	0	1024x1x1x1	4096	pos0/l_out-12.f32	40c1cddfabadad1bd95b1eb17d785b8503a46373a48a0ac2a4c781b011840c64
attn_norm-13	13	0	1024x1x1x1	4096	pos0/attn_norm-13.f32	009914204d6ccf21efe03a504730e56b309e803fe2e7fd045f9f8775cf2bfe73
conv_output_silu-13	13	0	6144x1x1x1	24576	pos0/conv_output_silu-13.f32	f4d37b40c6fe389e37c3f7cf73ae64b0bfe64ce3fce820415131c4dfacf93046
q_conv_predelta-13	13	0	128x16x1x1	8192	pos0/q_conv_predelta-13.f32	3d411a71307ced582cd0d4bf8ab80f64eaafdaf60f4bad0ec382b9c237714672
k_conv_predelta-13	13	0	128x16x1x1	8192	pos0/k_conv_predelta-13.f32	23e39f36b4cfc8cf17430f8e84a1321a39c5b4a9db23386f37afa8203bc31aa5
v_conv_predelta-13	13	0	128x16x1x1	8192	pos0/v_conv_predelta-13.f32	96db463c2790afe57ef8e641da3dda8c39d5c5466d36534bfb0e91a07e0faa11
a_softplus-13	13	0	16x1x1x1	64	pos0/a_softplus-13.f32	76f0d3029575bb8c93a601f1a50ca32a242262ea816517c3e45289f048e06741
gate-13	13	0	16x1x1x1	64	pos0/gate-13.f32	9ecb14be6a64ae8b621d4ed5b858a3d45b2804b44f0ac0269a7499e0cdeb0455
beta_sigmoid-13	13	0	1x16x1x1	64	pos0/beta_sigmoid-13.f32	8178c630037a095bdfcde907c3395a57114a0c01d858ae3c7386dbae69732263
state_predelta-13	13	0	128x128x16x1	1048576	pos0/state_predelta-13.f32	30e14955ebf1352266dc2ff8067e68104607e750abb9d3b36582b8af909fcb58
new_state-13	13	0	128x128x16x1	1048576	pos0/new_state-13.f32	4ea341ef7e55a8d2b93332b5487d7b81c91c8ee75e8a30951ed6182880dcb597
attn_output-13	13	0	128x16x1x1	8192	pos0/attn_output-13.f32	ec9d4b0f952338c9af9b49e908ea824df3f88c65db667f106a4d5e16e16d1f5b
z-13	13	0	2048x1x1x1	8192	pos0/z-13.f32	2da39ae71de766b2743504ad5243161ec65804eff75ca1f0b07fbeb473feb35a
final_output-13	13	0	2048x1x1x1	8192	pos0/final_output-13.f32	45ab5f73976d51b2e28f3950cd81a7275f82e29d6286d6ccd0532312c82e37bb
linear_attn_out-13	13	0	1024x1x1x1	4096	pos0/linear_attn_out-13.f32	016604b9ee273eee7c06ee46fdb61b1abde4e1f9ab32e3afcbcdb23ed1a39708
attn_residual-13	13	0	1024x1x1x1	4096	pos0/attn_residual-13.f32	2c30a7ed30f1f1da9630e364e378ea2ee79d2a665bcaa2eedfd870881f4f9ee4
attn_post_norm-13	13	0	1024x1x1x1	4096	pos0/attn_post_norm-13.f32	6efa111653cbc342e511190d3352289ae8fe09094164c59fa9f2ce6fb10af681
ffn_out-13	13	0	1024x1x1x1	4096	pos0/ffn_out-13.f32	673a37184cc78c45850fbbf3bc0e9c86ea6670f6531ed3046bd816fa31b8fb2e
l_out-13	13	0	1024x1x1x1	4096	pos0/l_out-13.f32	95bad64fedd01deb0f066cbe532ff156b0d465d61f5c7e3f4abb5521bdbaf50e
attn_norm-14	14	0	1024x1x1x1	4096	pos0/attn_norm-14.f32	3aed86f4be7d8b9490b7e30228d0e991d6f25d8e6152dd74644900e24abb8bc8
conv_output_silu-14	14	0	6144x1x1x1	24576	pos0/conv_output_silu-14.f32	4fd7451dd613f46577fb996f2cc9b661d89efa9c8c2e3b60f8bb81bf51bbe321
q_conv_predelta-14	14	0	128x16x1x1	8192	pos0/q_conv_predelta-14.f32	550a3d8edaf382ae9c8c95dd14dc11c754364b2d209c2c6f62dac21b54b18517
k_conv_predelta-14	14	0	128x16x1x1	8192	pos0/k_conv_predelta-14.f32	dd8e7f13adc14d4d87573277219a343f1d7f782f6a0ef8974489f6c1b001b708
v_conv_predelta-14	14	0	128x16x1x1	8192	pos0/v_conv_predelta-14.f32	bbb4f2de77adddffa3372296846aede71a11249e006f510ed1bd3a0198783b16
a_softplus-14	14	0	16x1x1x1	64	pos0/a_softplus-14.f32	7aaa6c6fed42dded98c92fa68b53f5d57dc6a875c53e308255a747a06e8c6b15
gate-14	14	0	16x1x1x1	64	pos0/gate-14.f32	7667dbf07ce2fbe631bb2c90ddbe714aa66d50e07c6f9b8477eff77f40f5352c
beta_sigmoid-14	14	0	1x16x1x1	64	pos0/beta_sigmoid-14.f32	289ca57903c55e7051298efffacaec72fde4e72b51e8842cccabc9eec712b25a
state_predelta-14	14	0	128x128x16x1	1048576	pos0/state_predelta-14.f32	30e14955ebf1352266dc2ff8067e68104607e750abb9d3b36582b8af909fcb58
new_state-14	14	0	128x128x16x1	1048576	pos0/new_state-14.f32	9fb9a8aabe1cd9e3183bc60012b4996e61fcc2fef90811e96c27d7df209b6bfa
attn_output-14	14	0	128x16x1x1	8192	pos0/attn_output-14.f32	3afad43c70e85a81dd3e66c79e8f19c05e664ce629812cab4aa87d7c59b3656e
z-14	14	0	2048x1x1x1	8192	pos0/z-14.f32	340fb1462d9ec44dcd7f226e1cc452b66a166c1b4e5ad00b2c9d883b6d1b8118
final_output-14	14	0	2048x1x1x1	8192	pos0/final_output-14.f32	034b5af3f49f9cd2cdeda481b7b9a3bc889002dad0aec0bb2ad6923af26c89eb
linear_attn_out-14	14	0	1024x1x1x1	4096	pos0/linear_attn_out-14.f32	18e31543772f78663bfbc04d89a907c5f9b40ff97be2f8d739c8c0ba3e7cf88f
attn_residual-14	14	0	1024x1x1x1	4096	pos0/attn_residual-14.f32	5abab43b498e674503ee8b0a3483e92de53db30d659f2660ea2c7016d7e35fce
attn_post_norm-14	14	0	1024x1x1x1	4096	pos0/attn_post_norm-14.f32	e99299fc2086df38cbc17a107cfe7c7dc67040167f60f7b48a8b386c9cd54ccc
ffn_out-14	14	0	1024x1x1x1	4096	pos0/ffn_out-14.f32	fbc7b25598ed9656965f85b21b405a22e9648f110b2d9cd3dd2f3a531bd32671
l_out-14	14	0	1024x1x1x1	4096	pos0/l_out-14.f32	f575bc5704861fc4c2cccbf6b11b4b2849723339fafbfeacdb975e32c5d044d3
attn_norm-15	15	0	1024x1x1x1	4096	pos0/attn_norm-15.f32	ad47737315b4b98c0f751c3357b21aa0980917a065044ca2ee8164b1b2a295ec
attn_pregate-15	15	0	2048x1x1x1	8192	pos0/attn_pregate-15.f32	f8ce91026ba8b2f30fe81492fd6010e00c6c4b06fabf773a1d713d426453569f
attn_gated-15	15	0	2048x1x1x1	8192	pos0/attn_gated-15.f32	477cf5111c4fdf39bb8edca2790ebc117c79223db389ea385c946103adec48f0
attn_output-15	15	0	1024x1x1x1	4096	pos0/attn_output-15.f32	34877fc6057293fdfb65cd2731172b47ae7675d00443e52190a326c5e19bef1e
attn_residual-15	15	0	1024x1x1x1	4096	pos0/attn_residual-15.f32	12b356810fed1b8c9d4810bb9dd119219ec423efa604db6aa5e563a50914af0f
attn_post_norm-15	15	0	1024x1x1x1	4096	pos0/attn_post_norm-15.f32	192896ab94fe4cb173b8843d0437a142bb9d7d07a2011967a3f59d186b80faf5
ffn_out-15	15	0	1024x1x1x1	4096	pos0/ffn_out-15.f32	a84359856daf595edea61542da6e8530900b59db0071a62063000621054a9a09
l_out-15	15	0	1024x1x1x1	4096	pos0/l_out-15.f32	cd3095f77ff6d0b67ba2ec625321ca2612b2f4fc7c4b496f55c0dfed7f3cc3c7
attn_norm-16	16	0	1024x1x1x1	4096	pos0/attn_norm-16.f32	08dbb70be35e897e2c98eeef14bc152befcb27587d3aa59de0683dd4d1f5ccca
conv_output_silu-16	16	0	6144x1x1x1	24576	pos0/conv_output_silu-16.f32	b15f146652da2ab198b8a59f30735b33d1374b11997fa0289f447835b1cd339d
q_conv_predelta-16	16	0	128x16x1x1	8192	pos0/q_conv_predelta-16.f32	714c554c1f6db356903844135ad8e00179e5660ed860fae94369cc32a8e236cc
k_conv_predelta-16	16	0	128x16x1x1	8192	pos0/k_conv_predelta-16.f32	6d06643351518d5074a737b65ceb52582fd478c282dad70b926d15c74582d5f8
v_conv_predelta-16	16	0	128x16x1x1	8192	pos0/v_conv_predelta-16.f32	d75e3ecd9d1c452eb11f1e911042377e911d10317b91df4370a99377db1035b7
a_softplus-16	16	0	16x1x1x1	64	pos0/a_softplus-16.f32	f160359dd88f60edd5a8936d210c9c8b99e77321d6f7c2bda2e8e07c12608466
gate-16	16	0	16x1x1x1	64	pos0/gate-16.f32	e1580cee82616e335f8bc8439a186be2d7094a00e648503260f2a5b87b7000ec
beta_sigmoid-16	16	0	1x16x1x1	64	pos0/beta_sigmoid-16.f32	570d0dee60b53b60d123160467e6ec3203d829a8a405294c06f9d54b27cbc53e
state_predelta-16	16	0	128x128x16x1	1048576	pos0/state_predelta-16.f32	30e14955ebf1352266dc2ff8067e68104607e750abb9d3b36582b8af909fcb58
new_state-16	16	0	128x128x16x1	1048576	pos0/new_state-16.f32	488823832beb9ee7f49c297b0bf54c5acbf1ef688b3da4cfc9b16b2388566baa
attn_output-16	16	0	128x16x1x1	8192	pos0/attn_output-16.f32	c8946a082ec6dfd72c6e5a4cacfdf8b0777948b38be562f78d2351fff3b7f52d
z-16	16	0	2048x1x1x1	8192	pos0/z-16.f32	f1ac67caf5e56b97eaee9d4a460c5747381f484a898960f8de263c06d1bb55dc
final_output-16	16	0	2048x1x1x1	8192	pos0/final_output-16.f32	b01a09bac60b4a457c205d62314e0d871e79f8c5428221171231c3ced55f9e85
linear_attn_out-16	16	0	1024x1x1x1	4096	pos0/linear_attn_out-16.f32	d8f09279cc6e75cfb3c8edbd940867c397abca9ae7f1d55690b8ee362af6fa5d
attn_residual-16	16	0	1024x1x1x1	4096	pos0/attn_residual-16.f32	07421b4fbe7b85c6449d94f9ea0ddfc59ccecce1fe70653047c90c617bcdc5ff
attn_post_norm-16	16	0	1024x1x1x1	4096	pos0/attn_post_norm-16.f32	8b44dd721720339130262a850d3e8aac6f926c46a83719e4d69b9038a4272425
ffn_out-16	16	0	1024x1x1x1	4096	pos0/ffn_out-16.f32	0ace866418a160970f50ec2618a76c03f33ca62b9c544fe84c50448264cc0bef
l_out-16	16	0	1024x1x1x1	4096	pos0/l_out-16.f32	d6dab8d1ba1c93932e00436750e15ac51f97caf7bf9d8371f8ba45794d5dedf9
attn_norm-17	17	0	1024x1x1x1	4096	pos0/attn_norm-17.f32	0bb031088662dbe5be714c9aa15ca61b09a5f0567779af09285fda158d32f6b7
conv_output_silu-17	17	0	6144x1x1x1	24576	pos0/conv_output_silu-17.f32	936a0926d495cd2d9fc5bd920b5bdf5c6afa300d35865ca2f3bad3bbf18df748
q_conv_predelta-17	17	0	128x16x1x1	8192	pos0/q_conv_predelta-17.f32	52af888129098489c231f0069895a8fae4da12103e5722fe098f632fd05a9be8
k_conv_predelta-17	17	0	128x16x1x1	8192	pos0/k_conv_predelta-17.f32	bac7144a1ddf73200f099fc3e749823a4b494e09bb9a2701778a1bf8fe312d92
v_conv_predelta-17	17	0	128x16x1x1	8192	pos0/v_conv_predelta-17.f32	b531b358d1a28e706e15670ab37f404aaed1f657f0d23321fd0e940fddebe1fe
a_softplus-17	17	0	16x1x1x1	64	pos0/a_softplus-17.f32	c67425627c344b00317f50372ac60e8d6a24bc47fc7ad0ebb6fb5be49ccc6703
gate-17	17	0	16x1x1x1	64	pos0/gate-17.f32	b96265709ea1624c0e9fae10e3af68f46984168a9f830234b6ddd540208d0c22
beta_sigmoid-17	17	0	1x16x1x1	64	pos0/beta_sigmoid-17.f32	bb6689335e5a8ff4eb9592066e26618d5657b8ba917d16fb4eefcb317a44282e
state_predelta-17	17	0	128x128x16x1	1048576	pos0/state_predelta-17.f32	30e14955ebf1352266dc2ff8067e68104607e750abb9d3b36582b8af909fcb58
new_state-17	17	0	128x128x16x1	1048576	pos0/new_state-17.f32	e72b0d17de24b64d50870312fb9109b688ff578f55fd845e92b9ec7ba13c0d67
attn_output-17	17	0	128x16x1x1	8192	pos0/attn_output-17.f32	4e5d80bd417f1996857d8232a3fb588955e4f8ef86f6fa1e926c5422a9ce5e91
z-17	17	0	2048x1x1x1	8192	pos0/z-17.f32	086b30fbbe395d0a991aad110ef9b7df8ea02092f8b416f9c3292e7220ad1b30
final_output-17	17	0	2048x1x1x1	8192	pos0/final_output-17.f32	b7ce5564130ea360ce992952738a1b63932ed0e97e5013b712f23342fc4a011d
linear_attn_out-17	17	0	1024x1x1x1	4096	pos0/linear_attn_out-17.f32	211adb4c7228ae5c663fbfd15e8ea863e3d7a9b6df63caeb45d44557503c4f9e
attn_residual-17	17	0	1024x1x1x1	4096	pos0/attn_residual-17.f32	d1bbbc46b6e9262b51ae05309e528f53a2d6b9df345208cdc5825dd7e93884d1
attn_post_norm-17	17	0	1024x1x1x1	4096	pos0/attn_post_norm-17.f32	90be039c842ad46ace422b5777cef302dd1ea042e4aaa3fb59ba89e1d318f359
ffn_out-17	17	0	1024x1x1x1	4096	pos0/ffn_out-17.f32	fc245852dcbe189c503f7983926b6eebcc001bbd6c2df64a1b2f5d3cc07b3459
l_out-17	17	0	1024x1x1x1	4096	pos0/l_out-17.f32	07f5ecd7cc0f70544fce2691344f15b72449ff0745a11749f89c69814e768aaa
attn_norm-18	18	0	1024x1x1x1	4096	pos0/attn_norm-18.f32	76802043fbbce7639f7cfaba550cf9897202a8eeb126b9c4be372183db50444c
conv_output_silu-18	18	0	6144x1x1x1	24576	pos0/conv_output_silu-18.f32	0d94f811e27d7b89c9a3e54d2831b10128c28b44371501bc8924fa9494a70b29
q_conv_predelta-18	18	0	128x16x1x1	8192	pos0/q_conv_predelta-18.f32	ffd30f0f1c745bf8518d8c70254868fbce1f504f72fafd23d472724f8751f239
k_conv_predelta-18	18	0	128x16x1x1	8192	pos0/k_conv_predelta-18.f32	f75ea2a561fd04c84e4494677c1bdc362057ee8db17b2a6bba9a65ae3a109433
v_conv_predelta-18	18	0	128x16x1x1	8192	pos0/v_conv_predelta-18.f32	21db4d3f73e3aabdcb19d81449d9b2725711d2daf8ef19a5aea7ebed59f9ae68
a_softplus-18	18	0	16x1x1x1	64	pos0/a_softplus-18.f32	f9bde45ea1c4e803cc9f55b80c8ccc7f4cb49ffbeff151fc2a67856bad3d291d
gate-18	18	0	16x1x1x1	64	pos0/gate-18.f32	ff547831a2c1c86d9e50ab6716141f108920586e450c9aae63406876c02b608c
beta_sigmoid-18	18	0	1x16x1x1	64	pos0/beta_sigmoid-18.f32	e473d8a4c1defbd404cf15cc6d19e11d2551c1f64d5395044b7dde0a1e546192
state_predelta-18	18	0	128x128x16x1	1048576	pos0/state_predelta-18.f32	30e14955ebf1352266dc2ff8067e68104607e750abb9d3b36582b8af909fcb58
new_state-18	18	0	128x128x16x1	1048576	pos0/new_state-18.f32	e02026ca3268b1ab65a99a5448de408fe4e1ecc6b58863fe57363666f2906e82
attn_output-18	18	0	128x16x1x1	8192	pos0/attn_output-18.f32	d05bd192246b9f8cb0219ca8d4db0c6a62f433c41dedb7844d994d4d66a22e26
z-18	18	0	2048x1x1x1	8192	pos0/z-18.f32	f052953aeca3e949dfc16c4b9ff0e9bed550ca9f592da354966bd868ad165592
final_output-18	18	0	2048x1x1x1	8192	pos0/final_output-18.f32	968cd98de52d72764acce1bd22d421346e24954dd92105604f75cbea8129a672
linear_attn_out-18	18	0	1024x1x1x1	4096	pos0/linear_attn_out-18.f32	b52b484f7a8b96f2e1c0b43c326c2a223a53b8e07cdc89faad7356ed2d670054
attn_residual-18	18	0	1024x1x1x1	4096	pos0/attn_residual-18.f32	a491b53f31b7574e724fa8504ed50a97918c30de608e65db6cb3f1994f7db52b
attn_post_norm-18	18	0	1024x1x1x1	4096	pos0/attn_post_norm-18.f32	c1c49381cc18da41727f088de0ac77cc752f2b47ff7c13a9a2fa5e3253a7b26f
ffn_out-18	18	0	1024x1x1x1	4096	pos0/ffn_out-18.f32	4b2ae6cf16669918d40be3641530e3cfd38640b297f9726db9ffb1769b647287
l_out-18	18	0	1024x1x1x1	4096	pos0/l_out-18.f32	17087013d8886d7d423607ba8110fbbf281ccaa50354b38c0ff3aa7b6546b62e
attn_norm-19	19	0	1024x1x1x1	4096	pos0/attn_norm-19.f32	775af2f8b6defc7af9088d1e7df386f54c795750d3286d4c7048f901082a6f23
attn_pregate-19	19	0	2048x1x1x1	8192	pos0/attn_pregate-19.f32	4b3b508a6592f236c0aa854f375db2669bb819e23083f15eb132db63ce51a37a
attn_gated-19	19	0	2048x1x1x1	8192	pos0/attn_gated-19.f32	1dec469c45e91b1cad420b9bf61951e77a060182879c1eb02cce5aa3bed5f7e4
attn_output-19	19	0	1024x1x1x1	4096	pos0/attn_output-19.f32	cd57d964bc22f9db2c207bfb525a8cf4840842be88990bf9adc75c71c614bcd2
attn_residual-19	19	0	1024x1x1x1	4096	pos0/attn_residual-19.f32	5813b50312cd5d907154d57e5af9b562db23d46c0e4b53b59c70a1da2413cbc4
attn_post_norm-19	19	0	1024x1x1x1	4096	pos0/attn_post_norm-19.f32	ee3170aa58909209c8f797a7046c7de76adf5c059c4412f4750084e3110ef0a3
ffn_out-19	19	0	1024x1x1x1	4096	pos0/ffn_out-19.f32	5143bb51972ab229568e68dcef44c809658e1a67dddf8931826258e1c6d05637
l_out-19	19	0	1024x1x1x1	4096	pos0/l_out-19.f32	bb05e3c524c6a12b6ad1cf38ffa5ca82896c77cc45975f1e2c18243940ae56f2
attn_norm-20	20	0	1024x1x1x1	4096	pos0/attn_norm-20.f32	87926785f7b665714fb4fa9c9e303007fe44ab807c8db6f5f37711a12fe90505
conv_output_silu-20	20	0	6144x1x1x1	24576	pos0/conv_output_silu-20.f32	ef3136ad969fd0233f335a23f9729a69a2d725c42dc7f757cdd47021e484c65e
q_conv_predelta-20	20	0	128x16x1x1	8192	pos0/q_conv_predelta-20.f32	9e26908ef337f463c243d124ec3e6f7b30dcb52356165b271eb889be1a700aff
k_conv_predelta-20	20	0	128x16x1x1	8192	pos0/k_conv_predelta-20.f32	f97cb976a57f50f694a53ec99cca04bde0cdcabea157539238010ba7a713fd24
v_conv_predelta-20	20	0	128x16x1x1	8192	pos0/v_conv_predelta-20.f32	1ce985b8fd0b8215aeec0d624aad4cbaf536a5ce708a70778f0b67d6254959c6
a_softplus-20	20	0	16x1x1x1	64	pos0/a_softplus-20.f32	d755600a0e5064c51ad5fd126c8ee4def173cc2c5b975e12db4d1eb1afc907c1
gate-20	20	0	16x1x1x1	64	pos0/gate-20.f32	36f5654ce0c2800379429671b2e1c3a02303d6cd0ff202cf8831875fc61aceb9
beta_sigmoid-20	20	0	1x16x1x1	64	pos0/beta_sigmoid-20.f32	9a61c64dca63803faeccb0cefdc8bf43d5bf22c24255815acf8135288ce614e7
state_predelta-20	20	0	128x128x16x1	1048576	pos0/state_predelta-20.f32	30e14955ebf1352266dc2ff8067e68104607e750abb9d3b36582b8af909fcb58
new_state-20	20	0	128x128x16x1	1048576	pos0/new_state-20.f32	8353835009188a81729095cef0eb377bcf516daed9b9ae59b035519124ee6f68
attn_output-20	20	0	128x16x1x1	8192	pos0/attn_output-20.f32	c21a76f48cea40c5cb5b12afba351c4bf3989bbc283d509dd912d33dfd83d279
z-20	20	0	2048x1x1x1	8192	pos0/z-20.f32	140b825b2319535d730f86559b23d17ae9d49db5ead9d57b7a60cf76b5c63a27
final_output-20	20	0	2048x1x1x1	8192	pos0/final_output-20.f32	3eab2e7568eee10b4a7b148154f7aa3b5e8292d8dbfbc12a73b9902cfa1bcba9
linear_attn_out-20	20	0	1024x1x1x1	4096	pos0/linear_attn_out-20.f32	1e1dc8664450b466cf8f80f0eee8944f72df2d23baf618a5c352b1116ca57578
attn_residual-20	20	0	1024x1x1x1	4096	pos0/attn_residual-20.f32	09cb8ca083c52ed9507ab0d99d4cdb24f1b63a84993e2dda5b617c967569a6d0
attn_post_norm-20	20	0	1024x1x1x1	4096	pos0/attn_post_norm-20.f32	d0a8dc7b93762a69b43dac2b3a979ab5dd4adf94cb9bd206e05baa91003317bc
ffn_out-20	20	0	1024x1x1x1	4096	pos0/ffn_out-20.f32	5dbad3fbc6f1b6c1db1e5b0eca3cba6c9df4f04125de255fcdddbe4786a3df40
l_out-20	20	0	1024x1x1x1	4096	pos0/l_out-20.f32	207518b6ce46f9c81a90d21913a4d0489adc4315e28bc9238f54df6e60f33111
attn_norm-21	21	0	1024x1x1x1	4096	pos0/attn_norm-21.f32	bb3bc7beefe736ff89db5e059a574a230a0d22ecc5edee32882461292cb113ef
conv_output_silu-21	21	0	6144x1x1x1	24576	pos0/conv_output_silu-21.f32	1a8f207c86fb46c8234df9083e1413fcbc5eb65014e732f82461cb7374284fd5
q_conv_predelta-21	21	0	128x16x1x1	8192	pos0/q_conv_predelta-21.f32	1548fb6b06586d3ca56b460b1d41849a1aa83d90a822946db136f48f06aca5ac
k_conv_predelta-21	21	0	128x16x1x1	8192	pos0/k_conv_predelta-21.f32	36d83f0de30e9a1f2ce80ef46cdc3584e185aac176ffdca8fc2feab85c4944c4
v_conv_predelta-21	21	0	128x16x1x1	8192	pos0/v_conv_predelta-21.f32	81c180440c22e221e3c7566e445d928756678727c6114ef0b7c8cf85ba66a7b6
a_softplus-21	21	0	16x1x1x1	64	pos0/a_softplus-21.f32	2cb55ecc1e396110c97516ebfb27705c9d5777da226f1446e52ed245b0821524
gate-21	21	0	16x1x1x1	64	pos0/gate-21.f32	572139e1d9eb9b942ff2050a2b557ce4d2dc8bb5de44eaa4146d319ebe8242e2
beta_sigmoid-21	21	0	1x16x1x1	64	pos0/beta_sigmoid-21.f32	7251e3a0f0e8481eae20161c35ab9ac010d328bab4bb2499aec91c9948d061d1
state_predelta-21	21	0	128x128x16x1	1048576	pos0/state_predelta-21.f32	30e14955ebf1352266dc2ff8067e68104607e750abb9d3b36582b8af909fcb58
new_state-21	21	0	128x128x16x1	1048576	pos0/new_state-21.f32	56ea2f71ec40b0d0ee11a638ba24f86d5f886bd865173b6bbc1d7ed432b6baec
attn_output-21	21	0	128x16x1x1	8192	pos0/attn_output-21.f32	da6021d679c7e097ed74ff1b7bae00babbf0f91ef29b3854c8a23fff069bbdae
z-21	21	0	2048x1x1x1	8192	pos0/z-21.f32	f01a3bff2872d21fc995fea01097f3faf22a9c0306767ad5497189ec89683976
final_output-21	21	0	2048x1x1x1	8192	pos0/final_output-21.f32	fbbf319f7e66d0d544aeaadf21c89642af3b06a40d8af33df07794aa9d05b4b7
linear_attn_out-21	21	0	1024x1x1x1	4096	pos0/linear_attn_out-21.f32	d68235226caaa7103d1f4c0e98b6fe350b4f3edb6cac30ae25fcd350a6dd0660
attn_residual-21	21	0	1024x1x1x1	4096	pos0/attn_residual-21.f32	534760ba02deb47eddc359cfa00f80828f3d9a411c37b597e244101019ff948c
attn_post_norm-21	21	0	1024x1x1x1	4096	pos0/attn_post_norm-21.f32	29437285ee0027022a0832e55d2238fe980082f019a0d9c28eb0793c712c4c8d
ffn_out-21	21	0	1024x1x1x1	4096	pos0/ffn_out-21.f32	fb943fdb07910e346d24275fda7b79ba894ebb60017ebc04700394c45b713648
l_out-21	21	0	1024x1x1x1	4096	pos0/l_out-21.f32	0dbeb6247c3dbc06c76eab759f310b052523af31958485fcd30737fba49ff01a
attn_norm-22	22	0	1024x1x1x1	4096	pos0/attn_norm-22.f32	563c1ff784ce9b41e8240893a04f7b9f2cbdfce54a6a22b84fdde494e385f5d0
conv_output_silu-22	22	0	6144x1x1x1	24576	pos0/conv_output_silu-22.f32	50a8ff5f3ed340a3c2873d40a4aaac8555a389d9d79182f5718f578c40b619e6
q_conv_predelta-22	22	0	128x16x1x1	8192	pos0/q_conv_predelta-22.f32	8a82d53ac9bd104ea26cf3f89b919b0431f3d9589901dc1cdc62468f271d5ced
k_conv_predelta-22	22	0	128x16x1x1	8192	pos0/k_conv_predelta-22.f32	dc4118e34e2e36a1ea6338949f1cf46d50a2509b665e6d10c34a061f8b2b5da8
v_conv_predelta-22	22	0	128x16x1x1	8192	pos0/v_conv_predelta-22.f32	6cffb84ce851f53794ce37da9dcfa2776667e26f5920713e7016e24325a3db81
a_softplus-22	22	0	16x1x1x1	64	pos0/a_softplus-22.f32	1277163fea8e05dbd8caf6a617cd06562a7b551aebd6463667a0e6ecb5c64f61
gate-22	22	0	16x1x1x1	64	pos0/gate-22.f32	358ef8ce52d117ace6bcdef8a90288f345944b8145e185d55762976f9af3861c
beta_sigmoid-22	22	0	1x16x1x1	64	pos0/beta_sigmoid-22.f32	e35f7e65dbbd5432dbbaa38564a5755bddb7ba9c11afa777290833fd99bc14f8
state_predelta-22	22	0	128x128x16x1	1048576	pos0/state_predelta-22.f32	30e14955ebf1352266dc2ff8067e68104607e750abb9d3b36582b8af909fcb58
new_state-22	22	0	128x128x16x1	1048576	pos0/new_state-22.f32	dc4fe1554e42699573a34e3a5fcbdcb8fa8f95032c0fd21f674627b008ab88f0
attn_output-22	22	0	128x16x1x1	8192	pos0/attn_output-22.f32	6377c847412af7af931e058113ac498667c6261fa432f98eb764486e22298f28
z-22	22	0	2048x1x1x1	8192	pos0/z-22.f32	8b6312b40ab82dbe1332af30b200fc652bec4ceb17efc1816612fd639a998f82
final_output-22	22	0	2048x1x1x1	8192	pos0/final_output-22.f32	9e4834711630b37b6354ea7d20bba2dc1f44430cd7189439ae0cd3a61c62d972
linear_attn_out-22	22	0	1024x1x1x1	4096	pos0/linear_attn_out-22.f32	b37d920d6843076e9435f844356865466bb14e024241c06d1e5cf59e0a5a626c
attn_residual-22	22	0	1024x1x1x1	4096	pos0/attn_residual-22.f32	ce9e7e84c8426c40618d5c0cb872db91ac10b0c5be58cd1de9f8e56dde313078
attn_post_norm-22	22	0	1024x1x1x1	4096	pos0/attn_post_norm-22.f32	e14da60d5af8a0a1e573a4b414898a6434cb26db9b7ff65aa9cc33ed086b27b6
ffn_out-22	22	0	1024x1x1x1	4096	pos0/ffn_out-22.f32	1f26d8ebffdf53af85bc6421f100d77336023b73216e1f50b55d01b27f65db19
l_out-22	22	0	1024x1x1x1	4096	pos0/l_out-22.f32	b2e52d4c95f5294772e161ad2859b1b78bf2a2fa48283fa87adeb48641d12849
attn_norm-23	23	0	1024x1x1x1	4096	pos0/attn_norm-23.f32	cc248e41833f48f16bbe2f4b0a39a808f7a44281dfb5ee24767774a00f8737cc
attn_pregate-23	23	0	2048x1x1x1	8192	pos0/attn_pregate-23.f32	3c9d43f535ea31ad01eaf2c27e5f0e2ab19cb78711d0254e173ff08a3011bbb9
attn_gated-23	23	0	2048x1x1x1	8192	pos0/attn_gated-23.f32	c0fbf63b7393cf07b44e542ce49bfdc12e6ef117fdf6a800efe3d7df55b474e5
attn_output-23	23	0	1024x1x1x1	4096	pos0/attn_output-23.f32	f5a175b1e8e66e9d8b5ead4cb201b8f8041bbadaa7c9bc6fe72775a9eee10137
attn_residual-23	23	0	1024x1x1x1	4096	pos0/attn_residual-23.f32	27df9f71e3cbd561cb1777505fa6a6bdaa2bee966bd893b8b4a85b7b11cf8366
attn_post_norm-23	23	0	1024x1x1x1	4096	pos0/attn_post_norm-23.f32	3dfd32f617b513c23f1e6eb2322c1a62010d644b6c5c6ac88bf9b1c7f0fba485
ffn_out-23	23	0	1024x1x1x1	4096	pos0/ffn_out-23.f32	3cf16f7aed0cdff822d6576edca536816b7c5b8cab770a400d5e962fcb697057
l_out-23	23	0	1024x1x1x1	4096	pos0/l_out-23.f32	ae37864f0c27f16b874cd53827f5cd1d31108e2e2c36feac44801eb824734247
result_norm	-1	0	1024x1x1x1	4096	pos0/result_norm.f32	2936e51d6b3896c54d6166cb40c22f38186b347e47982d7e6ff32e93696fdfb3
result_output	-1	0	248320x1x1x1	993280	pos0/result_output.f32	0aefaf24f02c7e3c01f1eccd4a6484620ef9befa696ce54b9a3bed202765e405
model.input_embed	-1	1	1024x1x1x1	4096	pos1/model.input_embed.f32	b9fec06cea4b14fb090020ae1ec69a8df58ad272fccdd2bc47423ccc8d689538
attn_norm-0	0	1	1024x1x1x1	4096	pos1/attn_norm-0.f32	3c18e4294c4019ec840bf442b43b7d26eddeea559e01c029ad8641376e0cc2fd
conv_output_silu-0	0	1	6144x1x1x1	24576	pos1/conv_output_silu-0.f32	1128f4b0dbcc0eaea8197512e4de88801273416b0ba1f2d3a83c4d113153c20d
q_conv_predelta-0	0	1	128x16x1x1	8192	pos1/q_conv_predelta-0.f32	adf4c0a9f9fc3ee06f9d641f1a15638646fae3eef584dea3cea7a04d3b2620ee
k_conv_predelta-0	0	1	128x16x1x1	8192	pos1/k_conv_predelta-0.f32	08de02d33f7a0530752255591a392baa6ba0c98db70dd94695b9fb390243698c
v_conv_predelta-0	0	1	128x16x1x1	8192	pos1/v_conv_predelta-0.f32	91db12f5bfa86bcce8a83f5bbfe28b7ac4ce90dc52f9419fcfdbe7f7f75ef234
a_softplus-0	0	1	16x1x1x1	64	pos1/a_softplus-0.f32	50328adef66fef6768eb704b97e3d879cc9c4337abf8c2174eb0d4d7e6a08342
gate-0	0	1	16x1x1x1	64	pos1/gate-0.f32	a5216f8ae978d134d924a20b86ac1fac1e1b44a795d8acb6e18e96432ccebacc
beta_sigmoid-0	0	1	1x16x1x1	64	pos1/beta_sigmoid-0.f32	7be14d754113fd356b0b35e3c6d80ba0199a4d54adf8315bf530b5a2597631e9
state_predelta-0	0	1	128x128x16x1	1048576	pos1/state_predelta-0.f32	23e95f39cd8da2bf9a811be16a89e0ad16f73652105e96cf71194d149e70242c
new_state-0	0	1	128x128x16x1	1048576	pos1/new_state-0.f32	1d0911c6edad66431890d5a3860bfd014d99d05cb1d362504f1a252a5a9a3b08
attn_output-0	0	1	128x16x1x1	8192	pos1/attn_output-0.f32	426f43c00993d0dc1efc3562133585059cc54dff550533dd143f2fde75e687b2
z-0	0	1	2048x1x1x1	8192	pos1/z-0.f32	37b552f0b8dec1a97cad36be5094fc7047d75513133ae9392d324284e96520d7
final_output-0	0	1	2048x1x1x1	8192	pos1/final_output-0.f32	9db4f3ea3cf492c51b5e69f1392dfb9d1c2cfbb3c875e4fdac1ef6732fdf8da8
linear_attn_out-0	0	1	1024x1x1x1	4096	pos1/linear_attn_out-0.f32	dae1323df8b4c750c6343ed8e9a6094d8709498c7c8661c8c3765b493c028d32
attn_residual-0	0	1	1024x1x1x1	4096	pos1/attn_residual-0.f32	6e26a965ef902d59fbdec112772f1e7116457d30ae07010f2431c4557ddf588c
attn_post_norm-0	0	1	1024x1x1x1	4096	pos1/attn_post_norm-0.f32	ba1a99d8d9b1647839809dc752c0fb7eaa112dd0b98cba9e8693b69e91e51284
ffn_out-0	0	1	1024x1x1x1	4096	pos1/ffn_out-0.f32	1c3123a2f8d463c668970e352474479f41e8a33fe5bdf4b0eb205091c679b90b
l_out-0	0	1	1024x1x1x1	4096	pos1/l_out-0.f32	0c33876a22b57faa43b638b2919f272636c08e659c274eb0a5d87dcc5465037e
attn_norm-1	1	1	1024x1x1x1	4096	pos1/attn_norm-1.f32	73f5cbe84fc6df2931b6f74d2bd174de5383807e202c3bf49c4ffe0045cbc18d
conv_output_silu-1	1	1	6144x1x1x1	24576	pos1/conv_output_silu-1.f32	f0b95d436b94e92b70177f6d04c429e847e166e0070cc9c24de8b62fa1742a88
q_conv_predelta-1	1	1	128x16x1x1	8192	pos1/q_conv_predelta-1.f32	802b9f9c8603a014e7d4708706df02c783b5b4686364d1f0bb73edebcba7b676
k_conv_predelta-1	1	1	128x16x1x1	8192	pos1/k_conv_predelta-1.f32	919d1e990ef2eb8c2049099a856939d9c1b14938285ddd790178c7b824184a79
v_conv_predelta-1	1	1	128x16x1x1	8192	pos1/v_conv_predelta-1.f32	54b05636cb5ee168ac2b30ccdc4b07c80676f354d9d4460f281decd0d118bf7e
a_softplus-1	1	1	16x1x1x1	64	pos1/a_softplus-1.f32	734383df4fc01e4e5ed839cef5ebd79aab66acef03b079bb873afb8c3acadf93
gate-1	1	1	16x1x1x1	64	pos1/gate-1.f32	7bc364e7a1d37ac6928c1d726157ea375162de4b19af43abbaa9b76166767238
beta_sigmoid-1	1	1	1x16x1x1	64	pos1/beta_sigmoid-1.f32	46fb2ff93f6af7d1a719bc5b7fe563d4448479b8de76a5190969b51872436d65
state_predelta-1	1	1	128x128x16x1	1048576	pos1/state_predelta-1.f32	187e999847ca85924c21052156f64ba573cae4529aebf0af622158932f680b04
new_state-1	1	1	128x128x16x1	1048576	pos1/new_state-1.f32	c58ed70f5ab09f5ac71dd2787250be5c2a93f27b7068b8c42fcf621ccc6d352e
attn_output-1	1	1	128x16x1x1	8192	pos1/attn_output-1.f32	26176cb7e42f5c7f2fd568257bf3563dc3598d7868fc45a560f8c22291ba3b22
z-1	1	1	2048x1x1x1	8192	pos1/z-1.f32	e8352529fa3813d563cda10f6f9e05c1601b8ed83ec376e55ea9a3b8a7d891c9
final_output-1	1	1	2048x1x1x1	8192	pos1/final_output-1.f32	6d850336e94c6845163a12ec704765cb5b1862550fa973ff82ae79ea7502cf82
linear_attn_out-1	1	1	1024x1x1x1	4096	pos1/linear_attn_out-1.f32	8526190d500a4611cf29fbddb216a70db9ce877cd85d9729d30e935c3a4cbd4a
attn_residual-1	1	1	1024x1x1x1	4096	pos1/attn_residual-1.f32	5a52a539753b036f782a178770ce81fe0a40c17fe455da8ea20827a750eceaf3
attn_post_norm-1	1	1	1024x1x1x1	4096	pos1/attn_post_norm-1.f32	7b4933049d1307abb393a45b27783ea2eed325592f4c8ea0f671ec28b4e64b4a
ffn_out-1	1	1	1024x1x1x1	4096	pos1/ffn_out-1.f32	4f49c0204ce846bd20153f098454a3b33eeca99a4dde83b0fafae978b7524111
l_out-1	1	1	1024x1x1x1	4096	pos1/l_out-1.f32	2b6e8e99636b309621a34622da49b3540143720752dfbbae97d04d5935505f75
attn_norm-2	2	1	1024x1x1x1	4096	pos1/attn_norm-2.f32	853fc16adf324b6cdf028a8e6e328a28df0b73b75f9969c261e27b08042539a5
conv_output_silu-2	2	1	6144x1x1x1	24576	pos1/conv_output_silu-2.f32	242f2c5bbfe666b34a1b1522fe13b5876cc13f8ec9da47eeaf995486c8fae969
q_conv_predelta-2	2	1	128x16x1x1	8192	pos1/q_conv_predelta-2.f32	ab80dbc3576056b7d71fe519f277006d7dbda8b8aa34040fa4abb057895b13ef
k_conv_predelta-2	2	1	128x16x1x1	8192	pos1/k_conv_predelta-2.f32	7f064e89e47f078ba7a90949de42fd25b2df643e379db014846cfa0cfb9fab7d
v_conv_predelta-2	2	1	128x16x1x1	8192	pos1/v_conv_predelta-2.f32	79e81309d5c83585559fe1bdfd09916051b84f65df6289d23148ce196ec3d3ee
a_softplus-2	2	1	16x1x1x1	64	pos1/a_softplus-2.f32	fae498791135f493c2114b544a25266ac5a13b53ad6a08ce6804be2645840f7a
gate-2	2	1	16x1x1x1	64	pos1/gate-2.f32	1ceadbc5b4ecf894ce23ed4da095183d5891a8b4df82f06f18f6212418e9304a
beta_sigmoid-2	2	1	1x16x1x1	64	pos1/beta_sigmoid-2.f32	b12ee3feedb8af978c02d73f21c08eb910e9e9953de0a96cc6508ab196e17165
state_predelta-2	2	1	128x128x16x1	1048576	pos1/state_predelta-2.f32	6be45f83777e4e439afff252bfce2bf1bdad024512014efe0cce1e90ce9df17c
new_state-2	2	1	128x128x16x1	1048576	pos1/new_state-2.f32	6790a41424b5791ff16faf6167a4de95a98c8ad012a24de3081b1e5c3d782817
attn_output-2	2	1	128x16x1x1	8192	pos1/attn_output-2.f32	546e0bb18b8da439880bd6f89e07b46ea7ddbe6327de886de49fcfb70fe252d1
z-2	2	1	2048x1x1x1	8192	pos1/z-2.f32	b19b113a26dc18e125679809017d7811ff865fdf800159bf80b7eccad4309910
final_output-2	2	1	2048x1x1x1	8192	pos1/final_output-2.f32	8e29cb1ec047c63a88d557c63bf5d8e66fe0befcc6fc68206f82e3802eab2391
linear_attn_out-2	2	1	1024x1x1x1	4096	pos1/linear_attn_out-2.f32	39e745c8555c114b5d02f279cf3ee86967b99c205e35b6e21743acd5d2d82c8b
attn_residual-2	2	1	1024x1x1x1	4096	pos1/attn_residual-2.f32	0d04de75112df3aeefc5bc79e929aefa9cf55f7c54cd04499b81728df7919513
attn_post_norm-2	2	1	1024x1x1x1	4096	pos1/attn_post_norm-2.f32	bd3f64cbfb6c7f9521e0f9f2b455fd061a98cc59d79a3090999ea68cf4f185d4
ffn_out-2	2	1	1024x1x1x1	4096	pos1/ffn_out-2.f32	3721d4b2cdac0bff33770d592fda415e8556600bd5eab1e7f279b95a5fbb2cff
l_out-2	2	1	1024x1x1x1	4096	pos1/l_out-2.f32	797376b5a61f684ef545593accee1a76c27dba35cb82dd1a9a16e8cadf9f8a3d
attn_norm-3	3	1	1024x1x1x1	4096	pos1/attn_norm-3.f32	1c1ad906c8dd9a3d8af3542654a4b701668fd1adbb1fdbbd375ecb762494915e
attn_pregate-3	3	1	2048x1x1x1	8192	pos1/attn_pregate-3.f32	4d83d64608a942b9e198602620a756fac69895b4aef6276de075f38692131a09
attn_gated-3	3	1	2048x1x1x1	8192	pos1/attn_gated-3.f32	92091a4d148bf9ca55e5c8efa812c5bc8c744c7fb6d22992bfab768177a55cb8
attn_output-3	3	1	1024x1x1x1	4096	pos1/attn_output-3.f32	3dff9a0d54c0a0f72a2357840fc2b45e77e44223ecb2c9fd497c7eb716a6b4d3
attn_residual-3	3	1	1024x1x1x1	4096	pos1/attn_residual-3.f32	98f2a89ee72160133451a5b24f7ac7c5e83df6cc5886dd9f30749092dc6775da
attn_post_norm-3	3	1	1024x1x1x1	4096	pos1/attn_post_norm-3.f32	b448dd6b6ee159889710fb611d1e046fa862d40cbbf8521d94a7bae047a0ac45
ffn_out-3	3	1	1024x1x1x1	4096	pos1/ffn_out-3.f32	de634c4743523afe624302e8410f2058613efb7b2ec1718fb59289f135749508
l_out-3	3	1	1024x1x1x1	4096	pos1/l_out-3.f32	27eccefd4944e2899aaee99ff193f524e099421529cacdcd121da0e5795856f1
attn_norm-4	4	1	1024x1x1x1	4096	pos1/attn_norm-4.f32	82f951b48fe4376d69b4fb4e74c0432cb25ff78bcf1fa111ae5436c8cda9cfc5
conv_output_silu-4	4	1	6144x1x1x1	24576	pos1/conv_output_silu-4.f32	7ae6916d6eb21c52ad5bbc726b0fa331ce85834e5faa311796b40b83caafa684
q_conv_predelta-4	4	1	128x16x1x1	8192	pos1/q_conv_predelta-4.f32	9619cbf338d0355ab70c843d0598a2a408c765172cad0e285c0ad1dfdb218b46
k_conv_predelta-4	4	1	128x16x1x1	8192	pos1/k_conv_predelta-4.f32	39c1049e225f8c6471cac349d677cc2c70e0abd415d8c8737d8a592dd7a937f5
v_conv_predelta-4	4	1	128x16x1x1	8192	pos1/v_conv_predelta-4.f32	9a4c812bc428a92c513ca93d32cbdf1c0185710823613571fe93bff09861785c
a_softplus-4	4	1	16x1x1x1	64	pos1/a_softplus-4.f32	c9dadd1e0b09d9376aff981a096779c5b57a32a09df176f595dcfcccac3b92a5
gate-4	4	1	16x1x1x1	64	pos1/gate-4.f32	74eb85b1e3965d490159b559add7dff2b92ff7a45f0930a30940d9e5880ff6d6
beta_sigmoid-4	4	1	1x16x1x1	64	pos1/beta_sigmoid-4.f32	efdf588d5eedb2c9c90e1e6b07518e5bd579a92f81d126f17671270e23af92f5
state_predelta-4	4	1	128x128x16x1	1048576	pos1/state_predelta-4.f32	746564bc3f0f3ecbc4b4a7918f4d71a71ef2e2b4224ae08806cc9d3090a7ce09
new_state-4	4	1	128x128x16x1	1048576	pos1/new_state-4.f32	1f98f3aa07455897e2035925035d11c88d0801fc5f3e7af2d1f984e140b9c40b
attn_output-4	4	1	128x16x1x1	8192	pos1/attn_output-4.f32	e52425eb98852bcaa41a1e1fc7244cc185c7e5aae15f707f56f34896ea6de835
z-4	4	1	2048x1x1x1	8192	pos1/z-4.f32	020128896476f5ea7d52572a0ce4325c95bdef262c4eb27fda197c450a76fd1e
final_output-4	4	1	2048x1x1x1	8192	pos1/final_output-4.f32	d4c7cd733a746c42fc02635d14e6de5fb1f1994de151d6e4a4beccd8955c1ccd
linear_attn_out-4	4	1	1024x1x1x1	4096	pos1/linear_attn_out-4.f32	a227f64ba5749b68bf3c12be97f2df9e2881905d85cb046665abb69cf0544602
attn_residual-4	4	1	1024x1x1x1	4096	pos1/attn_residual-4.f32	72fa975341044ae089aabe4cbc5aad8916f8263b6f054e68120c1c04427c9312
attn_post_norm-4	4	1	1024x1x1x1	4096	pos1/attn_post_norm-4.f32	c211b4e3774ad9411d934d1be1efb48f474af850461ca45355e611a8b8b86285
ffn_out-4	4	1	1024x1x1x1	4096	pos1/ffn_out-4.f32	c830c3228ab03dbd05271e584cf1aa2885c05042b25279a8f1cb0c9e3649f1a7
l_out-4	4	1	1024x1x1x1	4096	pos1/l_out-4.f32	484a0bb45f7f5de82e73f66012ba915738170454f058ad3ae06e28bb633ea6da
attn_norm-5	5	1	1024x1x1x1	4096	pos1/attn_norm-5.f32	98ee463a9e79e3af98d9986e85731c7cf6cd7e0b2e80e044af8ced0d39c7c83c
conv_output_silu-5	5	1	6144x1x1x1	24576	pos1/conv_output_silu-5.f32	e84d920d76d85ecf1b3eb6818608cd2d0f5f39535855a2e098580e9ed5f9da42
q_conv_predelta-5	5	1	128x16x1x1	8192	pos1/q_conv_predelta-5.f32	8af48003ad95f4d83e00810573e4b2243d0c40d54f3c9e35339f2eea8fbcbb20
k_conv_predelta-5	5	1	128x16x1x1	8192	pos1/k_conv_predelta-5.f32	c92ad62cd3becec8f53c9be837156df8f3ad244c9d6716ad9bedd5842cd1da34
v_conv_predelta-5	5	1	128x16x1x1	8192	pos1/v_conv_predelta-5.f32	4a0c78e0fec1623fe9f304b822b77a008f9cf8a6a86cc57986ebf94267428a34
a_softplus-5	5	1	16x1x1x1	64	pos1/a_softplus-5.f32	f8cc15df093dfa8a2ca8109c7131539731ea0aa806e555b3849fee4853f55e97
gate-5	5	1	16x1x1x1	64	pos1/gate-5.f32	471a1260bc5889d9bc4cf2c696db085afbe428351ce4c4df162366c726879b4a
beta_sigmoid-5	5	1	1x16x1x1	64	pos1/beta_sigmoid-5.f32	6630b693db5c53761e5dd87800c319923ffb7d809c8d526e49fa844f3af3c04c
state_predelta-5	5	1	128x128x16x1	1048576	pos1/state_predelta-5.f32	0278d67e3b001428122669d1687899a85364df9e757dd208c3dc7705f8bf7aff
new_state-5	5	1	128x128x16x1	1048576	pos1/new_state-5.f32	0170e63415fc479c6284dfe776a40816d03f9740b5fdba94570129a995e61589
attn_output-5	5	1	128x16x1x1	8192	pos1/attn_output-5.f32	45047edd7c93511c8c4816bf384313971939cab451ed06c318694a9bcba81a7c
z-5	5	1	2048x1x1x1	8192	pos1/z-5.f32	9952a4850d569b357075416eea76a940f31204c18d91b6b67657126beb22041a
final_output-5	5	1	2048x1x1x1	8192	pos1/final_output-5.f32	f19736dd596cf4b2acfcd0dab4151a73c91f69d0d693e7da77eabdc72cd9f2c3
linear_attn_out-5	5	1	1024x1x1x1	4096	pos1/linear_attn_out-5.f32	d87e2390b92bbe9c99ae929dcfb19903f50581f374cc76b82446cac95b2e32c0
attn_residual-5	5	1	1024x1x1x1	4096	pos1/attn_residual-5.f32	e2bf2297dabb512e870a0004134f094bad00a81cea9edcff4a239b0c5c7fde86
attn_post_norm-5	5	1	1024x1x1x1	4096	pos1/attn_post_norm-5.f32	52b7179b7455cec9cdc829ad18a59e94d0ce04d3fdf5857d9db4070c4fb6357a
ffn_out-5	5	1	1024x1x1x1	4096	pos1/ffn_out-5.f32	7afd29e2fb4510c698591563bdb7380e1369e3935176ae930f51822d280ca418
l_out-5	5	1	1024x1x1x1	4096	pos1/l_out-5.f32	b985d21d42f84ecc97e8c176292ae3a608ad49cdc5b7609f3a4c36d3274e7e0d
attn_norm-6	6	1	1024x1x1x1	4096	pos1/attn_norm-6.f32	dfa748ec6f1ecccf951a5207ac8f94f57bde0bcfeab451cdf8edc5643d5d45a2
conv_output_silu-6	6	1	6144x1x1x1	24576	pos1/conv_output_silu-6.f32	8e9f24f182ea9902350ac168a012dc61bb8eafb948df8e657142f12ccff674e5
q_conv_predelta-6	6	1	128x16x1x1	8192	pos1/q_conv_predelta-6.f32	21ab682ad07e407441c8355d6b1a45753ec88efbdb5e0126ae06d1d5f3f0cac7
k_conv_predelta-6	6	1	128x16x1x1	8192	pos1/k_conv_predelta-6.f32	1734f73e28ee2a62a1b53d39e28643e9e2c5f060fd0da2a1e8400153606f64c0
v_conv_predelta-6	6	1	128x16x1x1	8192	pos1/v_conv_predelta-6.f32	1104a7a6bf8043afb3f1f53bf253d7759a54803f58958ebf72ba21f4bc92e532
a_softplus-6	6	1	16x1x1x1	64	pos1/a_softplus-6.f32	872fafe143f9b58386acf3b6191829f9b7a6be3fadb9a128139f4c8439dd8895
gate-6	6	1	16x1x1x1	64	pos1/gate-6.f32	3b269d3ab6c420365abe1957e965425f50c9f0f3793041614007a540cf9d3fe0
beta_sigmoid-6	6	1	1x16x1x1	64	pos1/beta_sigmoid-6.f32	c4689de54403e5ff208e9dd57cc9c87aeb81513397a18c640ee80383386e58ee
state_predelta-6	6	1	128x128x16x1	1048576	pos1/state_predelta-6.f32	efed28337287f6aecf77deb253540d6a3051e8c30c89112d4ebb68cdbacd77cb
new_state-6	6	1	128x128x16x1	1048576	pos1/new_state-6.f32	50486fa2ca7bd8fb2daa675020d8706f15a7230f2a48b9b662bbc23407d30ecf
attn_output-6	6	1	128x16x1x1	8192	pos1/attn_output-6.f32	1353e100693c53679ebfbe3be4bfcc6ee34b64565228aab2c33319fa563001e4
z-6	6	1	2048x1x1x1	8192	pos1/z-6.f32	9455850b565e125a956b133cda3d65cf0cd088a476bf39c220fa4ca6d58ffdfd
final_output-6	6	1	2048x1x1x1	8192	pos1/final_output-6.f32	0747e69a8412eec3835f5450689870337ef90b93ae08cd4d72faee56e7e8e67b
linear_attn_out-6	6	1	1024x1x1x1	4096	pos1/linear_attn_out-6.f32	e14ad5108ed7aac96cd88767e6ba586d4cf1f6d591bbed66feda19ab922fc959
attn_residual-6	6	1	1024x1x1x1	4096	pos1/attn_residual-6.f32	7603d6d8dec6017764b7cfb247b850a039715f44851d9be552b4a1306886a0a7
attn_post_norm-6	6	1	1024x1x1x1	4096	pos1/attn_post_norm-6.f32	8e01fb41f4a7fbb3143236a43a6920cb81f772131a071aee05fd82489ec4224f
ffn_out-6	6	1	1024x1x1x1	4096	pos1/ffn_out-6.f32	e236eac2888442233b03f17ad28f2efba9a7e2e3d6be8e907baa40cc92ffd22a
l_out-6	6	1	1024x1x1x1	4096	pos1/l_out-6.f32	66904a70ef788298c54a6f0ad11679eec9e0b6dbf66a8e1f57d58c43a5989c82
attn_norm-7	7	1	1024x1x1x1	4096	pos1/attn_norm-7.f32	16d6d209192031741a41b15eb6578c0df8ea5057849d7b7a857d492741b082f8
attn_pregate-7	7	1	2048x1x1x1	8192	pos1/attn_pregate-7.f32	feb3025d3998be657f41f25c7d429fe59c6ce664ba3944feec79403ec8e375b4
attn_gated-7	7	1	2048x1x1x1	8192	pos1/attn_gated-7.f32	b2009eb7825b23c5f5843df0c1bc1c8dfc8bb8a661d9bb4adc3c7065e8dd0649
attn_output-7	7	1	1024x1x1x1	4096	pos1/attn_output-7.f32	c0475c6d6c38ee78b96ee50bb7acd43ee0e0a6577c402028a0e09d2b4b3842b7
attn_residual-7	7	1	1024x1x1x1	4096	pos1/attn_residual-7.f32	790f6ac018e8585d11eab49bae2048e809847cb03afd3d73b3d3c435ed11e55f
attn_post_norm-7	7	1	1024x1x1x1	4096	pos1/attn_post_norm-7.f32	b50c290aace179979ea90ae4a35ccd7d7237891ad37a4284b62b151455d48128
ffn_out-7	7	1	1024x1x1x1	4096	pos1/ffn_out-7.f32	129844295a0c574210662b6046c876feae68349256cd78a7ad5670c9bea8534b
l_out-7	7	1	1024x1x1x1	4096	pos1/l_out-7.f32	390c1d0388ce785bf6e86b360cd9d1a8e48133dde5b011695bd83b918da7cfb3
attn_norm-8	8	1	1024x1x1x1	4096	pos1/attn_norm-8.f32	d8ef4ae20d1e6c94dbbd060843919c4b0b52ef0778a0b183aa952b1b8661c7d6
conv_output_silu-8	8	1	6144x1x1x1	24576	pos1/conv_output_silu-8.f32	f1c47d2e98a8e05ee7b54f72d70cee9a62c6c3bc53536175a4473053d31c2699
q_conv_predelta-8	8	1	128x16x1x1	8192	pos1/q_conv_predelta-8.f32	aacc5c71a638ac8e71e5a0f109dbb14d202712ed3036ece499574ff2216bb8da
k_conv_predelta-8	8	1	128x16x1x1	8192	pos1/k_conv_predelta-8.f32	ef53d7bb9846226692a07873f384be6ee1ddf254a5185f6510ee77301b4e41fd
v_conv_predelta-8	8	1	128x16x1x1	8192	pos1/v_conv_predelta-8.f32	295f7a4177840a090f6f7af4c0b4683d34bb206ab1b952992be2025f16242376
a_softplus-8	8	1	16x1x1x1	64	pos1/a_softplus-8.f32	b91c5f3805c48a359984c6a1335da3c918cdb49a358bb4ee269b0efd2a2ab4fb
gate-8	8	1	16x1x1x1	64	pos1/gate-8.f32	eddbb1b8de4353656b21ce20521cfeb1f7842e370f382ad7a741793d831f9e1d
beta_sigmoid-8	8	1	1x16x1x1	64	pos1/beta_sigmoid-8.f32	e47a3b741becc42fef2179c39613293d8273354aa49feeaef2b8ae58c433079b
state_predelta-8	8	1	128x128x16x1	1048576	pos1/state_predelta-8.f32	02ed3a9b801a35b6d6ba0fcb29fa610e327a8aa96ef2dc452bee6ca5b4fbbac7
new_state-8	8	1	128x128x16x1	1048576	pos1/new_state-8.f32	09d821912ce4b97b12f1b842c3f987dfb8591838f0f54c4f880ef9fa2566cb39
attn_output-8	8	1	128x16x1x1	8192	pos1/attn_output-8.f32	1f3c78c5f4e31b4b04a91448535e195b409ee6ca61492569587899fda4cdd792
z-8	8	1	2048x1x1x1	8192	pos1/z-8.f32	b5af3c976ecdb86577e9a8f07eef69044600e60b7e75648d12dbaf9d7823363e
final_output-8	8	1	2048x1x1x1	8192	pos1/final_output-8.f32	57e151d016550483c12c9304cebb4f79a03a71b83e3eb64f45715b2760953ee0
linear_attn_out-8	8	1	1024x1x1x1	4096	pos1/linear_attn_out-8.f32	312e0e40de5dfba9a6890fa0a8ed940f07e6f53018dd983bc6b21edf8e170162
attn_residual-8	8	1	1024x1x1x1	4096	pos1/attn_residual-8.f32	a40db60d539b8e365c94a51111370f6f52997d7d0ceaaf93d60b9e0aaba045e5
attn_post_norm-8	8	1	1024x1x1x1	4096	pos1/attn_post_norm-8.f32	ef1bd93023327d0a0d8ce59eaf828eb86ed03dec10bacb65d8ef4ca980b0e324
ffn_out-8	8	1	1024x1x1x1	4096	pos1/ffn_out-8.f32	1b302210c8089b8aac1f286f561d49b6cd7030fc54867f1f633b0797344a31b0
l_out-8	8	1	1024x1x1x1	4096	pos1/l_out-8.f32	4c33228dc7a83fc3f8eb5fc5bf9e6f5d957e362e1bf4a94a3db39058092f2695
attn_norm-9	9	1	1024x1x1x1	4096	pos1/attn_norm-9.f32	3297ebe0d3ddf4c043cbf460a78eddae8fdf2d04dae5d192e728615731fe4fb5
conv_output_silu-9	9	1	6144x1x1x1	24576	pos1/conv_output_silu-9.f32	f9019d723b970f129a43860bbea85f0d48bf46d3bf0dbd550e44cec4da8fb57b
q_conv_predelta-9	9	1	128x16x1x1	8192	pos1/q_conv_predelta-9.f32	333abb1a979911ac2dbebaf4d3f125ef510555413f5d9f89e22c40077e5f9e8c
k_conv_predelta-9	9	1	128x16x1x1	8192	pos1/k_conv_predelta-9.f32	125d6d7336ab3583c1ffad531ab801c6c7232998f2531acd9189e4a051e5f754
v_conv_predelta-9	9	1	128x16x1x1	8192	pos1/v_conv_predelta-9.f32	b09df81c5347ca5ffc69f6836ae66f2900ea6a8ecb9a7f9a4748eaacf6a4514e
a_softplus-9	9	1	16x1x1x1	64	pos1/a_softplus-9.f32	9ccbe4cfcb77520bb1b9b538701f7f056b5d10960eddf3d92ccdfb3253c1877e
gate-9	9	1	16x1x1x1	64	pos1/gate-9.f32	ee5f1a3c81353f6d0550d10c4cf61e555808480e30805e0777f8f89f983a2c21
beta_sigmoid-9	9	1	1x16x1x1	64	pos1/beta_sigmoid-9.f32	8c843049576352df5a774ae75ed68e4e2edb05fcc26fb664008b7b56c1ddad59
state_predelta-9	9	1	128x128x16x1	1048576	pos1/state_predelta-9.f32	b896d5db507733041210847aecabdff4881944631a11dc4d78465416f69ebe3f
new_state-9	9	1	128x128x16x1	1048576	pos1/new_state-9.f32	dd5628c04f05eef104dd6f23941d4dc78e0cf2d0576ff13d7d28eb96616e1eea
attn_output-9	9	1	128x16x1x1	8192	pos1/attn_output-9.f32	d4e2e01bab806f78a65c1df315a34fb822bb7cdf60340e1d12e0c3b4ff766899
z-9	9	1	2048x1x1x1	8192	pos1/z-9.f32	220a8679fba29a66c3f5d4acf6280e284f271d24df37562be1350f8ec12f8a90
final_output-9	9	1	2048x1x1x1	8192	pos1/final_output-9.f32	92b74a46c2bf0a2f1ca48ecf904effb60476939404066f0458225f8e6f30b5d9
linear_attn_out-9	9	1	1024x1x1x1	4096	pos1/linear_attn_out-9.f32	c3f33e41a2af2147339d75fdcb3c014476d00063562d4a9aef6fd7314fdd2e6f
attn_residual-9	9	1	1024x1x1x1	4096	pos1/attn_residual-9.f32	65a0e06c968c90375f4e4d6b1ccfa305f2104ce6640eae9001f155e2bf06fe8d
attn_post_norm-9	9	1	1024x1x1x1	4096	pos1/attn_post_norm-9.f32	390e977e14d3c5b515815d2a6116902f02d2e56c48cac12e8b9a56a0847fd0d2
ffn_out-9	9	1	1024x1x1x1	4096	pos1/ffn_out-9.f32	4e3da4287c662a585dd65320533c8ceea0a5b8e0e3127aea65e19d962abf9cad
l_out-9	9	1	1024x1x1x1	4096	pos1/l_out-9.f32	327616af9eeda86d355b14db8c5c114eaf361d86db841a90c9bb81f109141e0e
attn_norm-10	10	1	1024x1x1x1	4096	pos1/attn_norm-10.f32	b05f8692699c20dce84722b37c9ee37e57cb057d003517d4c5985c5dea44ec0f
conv_output_silu-10	10	1	6144x1x1x1	24576	pos1/conv_output_silu-10.f32	0457948ed48bd495e7efef7ad5d05c2648bb0dad84e808d18d7bda43dd7f0d8f
q_conv_predelta-10	10	1	128x16x1x1	8192	pos1/q_conv_predelta-10.f32	d2de1d1dd20818318393e5748d292353fe4f5eeae29c276e8c51c5b3935ef340
k_conv_predelta-10	10	1	128x16x1x1	8192	pos1/k_conv_predelta-10.f32	8b71e60eac4d70b17019f79a541b81801482b32dbda1c513c520cb63a82ece18
v_conv_predelta-10	10	1	128x16x1x1	8192	pos1/v_conv_predelta-10.f32	65f531efa761fccc1b8053edec1e29c08fd8df8deda33a1b0ad87a54e76a10bd
a_softplus-10	10	1	16x1x1x1	64	pos1/a_softplus-10.f32	9dacf5baf134ab57a801f3b52e61075e158c50846f3cbc8f63e1a95c75c6cffa
gate-10	10	1	16x1x1x1	64	pos1/gate-10.f32	bab0a8c62bd63f4d06241d40c9ce82862298c89653b3240f55ce35ebf27eba75
beta_sigmoid-10	10	1	1x16x1x1	64	pos1/beta_sigmoid-10.f32	7329dcc0d4380eb16fe17eec36ec95c8f253d26f378229218ff7396f8a57fc5e
state_predelta-10	10	1	128x128x16x1	1048576	pos1/state_predelta-10.f32	be544d212a928e7ac2b9c28fa320571bd670fe364431bf1d5e53ee7fc564fb2a
new_state-10	10	1	128x128x16x1	1048576	pos1/new_state-10.f32	6ef3f612bc8460aed84ffe83d028b2b95cd6545d1e83d8690be2f23e2f8d58a0
attn_output-10	10	1	128x16x1x1	8192	pos1/attn_output-10.f32	d63836bf3681b686ccde3abf791c9aef72d0da3ba42c8374216060ca2b605a3a
z-10	10	1	2048x1x1x1	8192	pos1/z-10.f32	6dd2fa193ae8c22f43fca634bc19f795c6e1e29752fdd7924df8d1d3c5347b7f
final_output-10	10	1	2048x1x1x1	8192	pos1/final_output-10.f32	1e7fdeb8a5dfe3921f9c96b94dccb540631cf1bc943d58857f4409831a216854
linear_attn_out-10	10	1	1024x1x1x1	4096	pos1/linear_attn_out-10.f32	7baad9587ddb64fa9ae33c91c04744da301ffd73912ff1a8b0a208e8b2c95957
attn_residual-10	10	1	1024x1x1x1	4096	pos1/attn_residual-10.f32	e0286ca3a2c5b8d6b7703963a4aecc61d50556e06934de1523d138f3a1cdd54b
attn_post_norm-10	10	1	1024x1x1x1	4096	pos1/attn_post_norm-10.f32	ac2e6958642a881e0777e38e504fca202fbaf2018a49a829ab30dcbf5d9704d7
ffn_out-10	10	1	1024x1x1x1	4096	pos1/ffn_out-10.f32	f8df8aa079dce552f0723f57a5cc79ca4848baaa4f8f58a189371c47f8334a6b
l_out-10	10	1	1024x1x1x1	4096	pos1/l_out-10.f32	05690bddfdf70be98fd13629072c8da57a411c25f41835539ec45d1c38e093ce
attn_norm-11	11	1	1024x1x1x1	4096	pos1/attn_norm-11.f32	9992e8d934b2d184243095b0923916a9a4a962d4991b7ee2ef5bf85c9be939bf
attn_pregate-11	11	1	2048x1x1x1	8192	pos1/attn_pregate-11.f32	560b350aad98bd0c15118fdd705a7225c18c7c085a95eff845d7c902072a7121
attn_gated-11	11	1	2048x1x1x1	8192	pos1/attn_gated-11.f32	7a607989dc78e9e3aebb5dc362608fb00fa1a9ed2724cb9d4e9fb9bd7dfada8f
attn_output-11	11	1	1024x1x1x1	4096	pos1/attn_output-11.f32	07023470fb1139d2e83a713a36122bfd3d37c20d5885f7dae616054960ce7cb7
attn_residual-11	11	1	1024x1x1x1	4096	pos1/attn_residual-11.f32	f85488fa791a433c70924ce6a2a9c32ae144ec796a14eb5b6bf022904c5d3564
attn_post_norm-11	11	1	1024x1x1x1	4096	pos1/attn_post_norm-11.f32	a73b3e4447317de5048071964fb5652c4b6489cafdbc6256d8381f7998a2febd
ffn_out-11	11	1	1024x1x1x1	4096	pos1/ffn_out-11.f32	4baf0453aab99e92be655a4692b0488f5183426d9a392b55d83cf471368702d8
l_out-11	11	1	1024x1x1x1	4096	pos1/l_out-11.f32	a6efbe049e0a3a9729708d503b5245aa61d3b385b8a0490aa311a204ecdc7657
attn_norm-12	12	1	1024x1x1x1	4096	pos1/attn_norm-12.f32	a50fac618eb580e09d0256fe4fc07b17c81a49e92a7d6bbdccbb2e5e2c75dcf5
conv_output_silu-12	12	1	6144x1x1x1	24576	pos1/conv_output_silu-12.f32	8e9481e59563115e4e8235fb6ae08f28cd1eb9c26b750edbd5d3735c0ca69a4d
q_conv_predelta-12	12	1	128x16x1x1	8192	pos1/q_conv_predelta-12.f32	79657e8de3c1064c4c14606b677d3b5ae7b53b3f137df3b4fb65748c5e4cdf7a
k_conv_predelta-12	12	1	128x16x1x1	8192	pos1/k_conv_predelta-12.f32	1ea9aa1eed6a95adad39e58f68652cd8aee90cec3cbf2d8c9a32684af812fe00
v_conv_predelta-12	12	1	128x16x1x1	8192	pos1/v_conv_predelta-12.f32	978a47c8d7e538fdcee79a10acf28a78708ea882da7a908fe8842aa9d924b5b5
a_softplus-12	12	1	16x1x1x1	64	pos1/a_softplus-12.f32	ac7b48cd718d6467c33e2ce502fdfcaa0d8c671e4b95ce09df625c78f10ae854
gate-12	12	1	16x1x1x1	64	pos1/gate-12.f32	3b49cf9b6e7be5579440b8c164d812c17ea09d293eacb9c74cdba37d6b830965
beta_sigmoid-12	12	1	1x16x1x1	64	pos1/beta_sigmoid-12.f32	24cb56c0070efa842644604f0e3be2b0997dddd8231afd8ca6d94731e45da0e1
state_predelta-12	12	1	128x128x16x1	1048576	pos1/state_predelta-12.f32	00af2ee88189521fe61eae56c2627f929bd4fc8ba8f38df159bb5cd992a963e2
new_state-12	12	1	128x128x16x1	1048576	pos1/new_state-12.f32	f839a66725e84e1c08f3ac4cdcec788690df311ab553b1df1b078a161a600556
attn_output-12	12	1	128x16x1x1	8192	pos1/attn_output-12.f32	5c6e160204f52135b838b5ef2a328b5ceb5bee09a5ff501f14b42a63f7b6f20b
z-12	12	1	2048x1x1x1	8192	pos1/z-12.f32	5110f1a6ebf4eb04a27103ed070aff6ea723175b5b64be00bc431f55feea569c
final_output-12	12	1	2048x1x1x1	8192	pos1/final_output-12.f32	cc8f1b344d1c621bec2c79b7319c31e1f4ab238e1608b0cc436eff642545293e
linear_attn_out-12	12	1	1024x1x1x1	4096	pos1/linear_attn_out-12.f32	99b6e7cb6ff75def9dc4d57055cc10d817d46adf7f2430a6193dbe5e41c833d9
attn_residual-12	12	1	1024x1x1x1	4096	pos1/attn_residual-12.f32	2245500d24d38df8ccdf586fb645f665519d33ce965b090c1308c67fbb8d58d3
attn_post_norm-12	12	1	1024x1x1x1	4096	pos1/attn_post_norm-12.f32	dfa7a79bc891dcb6813d1245303d94d0e8bd404cb67d8cdfd1d848bfb5af3c12
ffn_out-12	12	1	1024x1x1x1	4096	pos1/ffn_out-12.f32	078658657b52a69b70fdac70ed174046568b7ed5f993d0e7a7652230e109fd47
l_out-12	12	1	1024x1x1x1	4096	pos1/l_out-12.f32	71f87e084db03758ad4369632aa6759677ac80321262e5bde4404da3e3e593f6
attn_norm-13	13	1	1024x1x1x1	4096	pos1/attn_norm-13.f32	11e65f06870fce89757ecc54fe004014a9ba39570299150c6d7b358dc7bbcf14
conv_output_silu-13	13	1	6144x1x1x1	24576	pos1/conv_output_silu-13.f32	a35817eecb60ff5c4ffb7775e20caaf4ed6ad80133f27412afd3581e2bf8c48d
q_conv_predelta-13	13	1	128x16x1x1	8192	pos1/q_conv_predelta-13.f32	67527dcf32d481c04276109e27453c80eafd778d01c06b42334d0f4078ff2721
k_conv_predelta-13	13	1	128x16x1x1	8192	pos1/k_conv_predelta-13.f32	fd0642c6bb7ded77414eac4463a1c62d7c712dbc1aacb7897b633bc261e62c56
v_conv_predelta-13	13	1	128x16x1x1	8192	pos1/v_conv_predelta-13.f32	b428037cdee4df2900a80211e78af3052a46c82d15d4f78857fefa2c1f1bb911
a_softplus-13	13	1	16x1x1x1	64	pos1/a_softplus-13.f32	8b53532cdc93ad01705a5174bd726d634690f96e722e923b8a43c0e78033413d
gate-13	13	1	16x1x1x1	64	pos1/gate-13.f32	8dd0ddb6d6f2eafd4e1383e34a759c1f46c4a9b7da1a6bae4b41afec43083719
beta_sigmoid-13	13	1	1x16x1x1	64	pos1/beta_sigmoid-13.f32	5fa9b7c2947d8422584d1cd7e4831b9b90998f3dc2e159fe9c88084347c2c697
state_predelta-13	13	1	128x128x16x1	1048576	pos1/state_predelta-13.f32	4ea341ef7e55a8d2b93332b5487d7b81c91c8ee75e8a30951ed6182880dcb597
new_state-13	13	1	128x128x16x1	1048576	pos1/new_state-13.f32	e039ec2717067507e77f9c697fbe2373d95063c84e514b093a5407d050e05883
attn_output-13	13	1	128x16x1x1	8192	pos1/attn_output-13.f32	df9fb81c23442a496ca7d12562f281cb4cd5cc2dcc1cefcb67a1a18a053edd19
z-13	13	1	2048x1x1x1	8192	pos1/z-13.f32	baf1ce1032c554ad9f8e02d5c15dd8ac98924c00e8abf2f3dd947a134cbe0ebc
final_output-13	13	1	2048x1x1x1	8192	pos1/final_output-13.f32	70e053d8f5b736c2d30716e3aa37d4921e3c4de22a39f1a8d1f79ba326802e8c
linear_attn_out-13	13	1	1024x1x1x1	4096	pos1/linear_attn_out-13.f32	5436e47e3224274b37af961ca60cc25a26134ff1753975f6b82b35d393c287cb
attn_residual-13	13	1	1024x1x1x1	4096	pos1/attn_residual-13.f32	7a32f4e2cae5848a0a488e1ded7fb0736afee63ee2dd23e3d9f61656c3b3f6c5
attn_post_norm-13	13	1	1024x1x1x1	4096	pos1/attn_post_norm-13.f32	2c0e386aba32f72c39d079ed55bbdacd78578d916bec3b6a4a59a85e86a8c32c
ffn_out-13	13	1	1024x1x1x1	4096	pos1/ffn_out-13.f32	9f6793d310ee8b4263403751a173cb7d5c4e8ad83e516ca162755b01a82a7b3b
l_out-13	13	1	1024x1x1x1	4096	pos1/l_out-13.f32	f1c0365d6e5683eb573f0171d498bbb30ad5c3067f9b2179ae6ba8cef1a080cf
attn_norm-14	14	1	1024x1x1x1	4096	pos1/attn_norm-14.f32	7db22ec75e80511a019de0f131e06aa7e2d0daf181e564acd293ff876b19af36
conv_output_silu-14	14	1	6144x1x1x1	24576	pos1/conv_output_silu-14.f32	784937f5501395d5a8451b3dffc7173aa56ad6a48db9c522474f79d8213f64db
q_conv_predelta-14	14	1	128x16x1x1	8192	pos1/q_conv_predelta-14.f32	2c38e86babd6ba3853d6e7358596ecf3b3cf3a68f4a5be6645b89d90a3c1c58d
k_conv_predelta-14	14	1	128x16x1x1	8192	pos1/k_conv_predelta-14.f32	7ac6e51e11dfe7519114eea0efe061e1c00ef92532661de1518da0b92d560fbe
v_conv_predelta-14	14	1	128x16x1x1	8192	pos1/v_conv_predelta-14.f32	fa231087ad82cbe7a74921f91ba00465d9c4ab0cefc6905c5339b83dea44fe8f
a_softplus-14	14	1	16x1x1x1	64	pos1/a_softplus-14.f32	12eb35b0188e6430c8d2bb99737ed4b14a511bf615e3782ddfc88cebc306bc73
gate-14	14	1	16x1x1x1	64	pos1/gate-14.f32	e0d78e4a56d525af09c4c6fc55e99b7611e55941a55900b4554e41fbc0a1f859
beta_sigmoid-14	14	1	1x16x1x1	64	pos1/beta_sigmoid-14.f32	f2ad8187cbe547c0973a0f669bc472ac81a1c8041937c98d61790d8c964d5f8c
state_predelta-14	14	1	128x128x16x1	1048576	pos1/state_predelta-14.f32	9fb9a8aabe1cd9e3183bc60012b4996e61fcc2fef90811e96c27d7df209b6bfa
new_state-14	14	1	128x128x16x1	1048576	pos1/new_state-14.f32	37e96637811dcacb0e683df6022ed25165278b04286db6ef90d5a51077439c13
attn_output-14	14	1	128x16x1x1	8192	pos1/attn_output-14.f32	92e3ce7f158bacea66b3934804e17a97bb109e25596ce5ef7b4c5870d6e10435
z-14	14	1	2048x1x1x1	8192	pos1/z-14.f32	6e9410639887bb6341c38c227432f9bfd724bda724856299cd63a7e53acde41a
final_output-14	14	1	2048x1x1x1	8192	pos1/final_output-14.f32	77dd1c880a808ff844b5d798410cacdf4420bd407aa02d19d68741a93aff3b09
linear_attn_out-14	14	1	1024x1x1x1	4096	pos1/linear_attn_out-14.f32	2fcf60192fd8e7cff1d38a9098a062a78bc98fcc165687706b151b6feb93b92d
attn_residual-14	14	1	1024x1x1x1	4096	pos1/attn_residual-14.f32	a2d66bb55b04cfe15cc0849d22c284eb4b9e4dad652c6cff2b2cf65027bf4965
attn_post_norm-14	14	1	1024x1x1x1	4096	pos1/attn_post_norm-14.f32	882316407fb0809540c557c725ed810bebdeebccc984f2b9883e3473008e2b1e
ffn_out-14	14	1	1024x1x1x1	4096	pos1/ffn_out-14.f32	ebde1144e53897e5f5d9f7d667c3d6154e877b1845c08b3e3cb048a708f60237
l_out-14	14	1	1024x1x1x1	4096	pos1/l_out-14.f32	931e0f2b7e20de95b0e99d69c0e71d5ec53444713aabe7f4a856c3a37462b4b1
attn_norm-15	15	1	1024x1x1x1	4096	pos1/attn_norm-15.f32	262dc82995fd3e557c1aba814083e7f50a81c9a090b1ebe6737e75d483e79696
attn_pregate-15	15	1	2048x1x1x1	8192	pos1/attn_pregate-15.f32	e510882980d9c1afd85810105f2f0d1c4186d93b983c269351a4cb0b867386fe
attn_gated-15	15	1	2048x1x1x1	8192	pos1/attn_gated-15.f32	3469c6bd90ec981107d6595bc7bf54d81047f87d67c83a60f7e25b131a0b200f
attn_output-15	15	1	1024x1x1x1	4096	pos1/attn_output-15.f32	047056eafc78044c91674a0e6ba633bc8043149d49f4293f9acbd56ff1434a64
attn_residual-15	15	1	1024x1x1x1	4096	pos1/attn_residual-15.f32	962248c4637a271e588f50bab4902eee097345fe116d0959a633688cbac02934
attn_post_norm-15	15	1	1024x1x1x1	4096	pos1/attn_post_norm-15.f32	3b6bde13c2f0669e632107ae774442d98853ea3ac48969a2946116445509faeb
ffn_out-15	15	1	1024x1x1x1	4096	pos1/ffn_out-15.f32	fbe584c33326fcbd959656e8cf2358dbc0e7e0ef75a8e53e35c6604680959e55
l_out-15	15	1	1024x1x1x1	4096	pos1/l_out-15.f32	69265c432b797a10f421f7fd55d35303d5bb58db49c7954811ee653bc1cd339d
attn_norm-16	16	1	1024x1x1x1	4096	pos1/attn_norm-16.f32	1827ab4da8b517d60e66a2e5e321aa34cc936d199cb8601e0c449d842f0bd255
conv_output_silu-16	16	1	6144x1x1x1	24576	pos1/conv_output_silu-16.f32	4260249bbbf6095fc033f4a3c4bd5cab0940e6e54b3820fdcb3388f556da0929
q_conv_predelta-16	16	1	128x16x1x1	8192	pos1/q_conv_predelta-16.f32	67383573f87f8ffb9f211a0669de895c71cc5025c8718aaea8568dc9c52438f3
k_conv_predelta-16	16	1	128x16x1x1	8192	pos1/k_conv_predelta-16.f32	ee525ea818417217e30f8b7e8124019aee8e2731bdba9a78c958be75de70f6ce
v_conv_predelta-16	16	1	128x16x1x1	8192	pos1/v_conv_predelta-16.f32	6fead0137334dcb926186b25ce4b56d67387eab5d28af1bcb5e42a1522b81e4e
a_softplus-16	16	1	16x1x1x1	64	pos1/a_softplus-16.f32	8be2018a128086efaba8e9153fb673b7d88bdfb37652ea5f552b7fe2b71f14f5
gate-16	16	1	16x1x1x1	64	pos1/gate-16.f32	9c201ab67848a42c448f81f1e96ee83ea55214b54f27a022712995392ffd0f90
beta_sigmoid-16	16	1	1x16x1x1	64	pos1/beta_sigmoid-16.f32	3178ec49d00de33b041b67b96f9d6db0cacba8f586dcbb8b2cea3fc9be351b14
state_predelta-16	16	1	128x128x16x1	1048576	pos1/state_predelta-16.f32	488823832beb9ee7f49c297b0bf54c5acbf1ef688b3da4cfc9b16b2388566baa
new_state-16	16	1	128x128x16x1	1048576	pos1/new_state-16.f32	0c2baeec43db915c6c1bfc541c88fc7ff08521778a9772b53efc1858acfd7d1b
attn_output-16	16	1	128x16x1x1	8192	pos1/attn_output-16.f32	c9dc2d89f0992183741d4a9b4a85b41acf0ac2749d800498d7d34e73e978ab57
z-16	16	1	2048x1x1x1	8192	pos1/z-16.f32	afa5dbf083edfce2518e0138ff5c5de1197ccb49a2f392a5be848e15bddf9f9b
final_output-16	16	1	2048x1x1x1	8192	pos1/final_output-16.f32	dcef08d45890e88221769be8150fb2bf175775c53b6cd3beee6f9ee59caf8165
linear_attn_out-16	16	1	1024x1x1x1	4096	pos1/linear_attn_out-16.f32	1e8371813eb35d33997e4ba8fbf845ee145b8adb9d6040a0f7000367563098a9
attn_residual-16	16	1	1024x1x1x1	4096	pos1/attn_residual-16.f32	58da82f5d67af6e6a0e1b615ddb1fbbb60f6b1ddaa97aebf947eed3471f4fe72
attn_post_norm-16	16	1	1024x1x1x1	4096	pos1/attn_post_norm-16.f32	d8aaef5ba828d4e1c9a806ad592362ac03bfc66c5f661446e4407bd01664b01e
ffn_out-16	16	1	1024x1x1x1	4096	pos1/ffn_out-16.f32	393ae1aca285af5a0d194b0d976d82574cc10a97e1ed2da4655681810d68e8bc
l_out-16	16	1	1024x1x1x1	4096	pos1/l_out-16.f32	5cb63321f0b7fe07734e13c73cfa1b73bc5a2201250a757ee869cb57ada15db8
attn_norm-17	17	1	1024x1x1x1	4096	pos1/attn_norm-17.f32	366971facad84385ac18e062c3d331d9fbd9913705c1eb707cd9a4952aaccbf6
conv_output_silu-17	17	1	6144x1x1x1	24576	pos1/conv_output_silu-17.f32	e3e685d064a560636846cb1d0eb8e338ee72043af710fb1902890110e7b01ea6
q_conv_predelta-17	17	1	128x16x1x1	8192	pos1/q_conv_predelta-17.f32	5f26b63e67c3a5922cd242310d5433d0f87bb14e56e525ed80c3fd8dfc95bf10
k_conv_predelta-17	17	1	128x16x1x1	8192	pos1/k_conv_predelta-17.f32	22264ffcec7bed838a02cbaf92535803828ef129650b699bef0855651e03c588
v_conv_predelta-17	17	1	128x16x1x1	8192	pos1/v_conv_predelta-17.f32	00e2e5b9eea0b4d43d02604bce594e82f288c3ac3344217165036877d1361356
a_softplus-17	17	1	16x1x1x1	64	pos1/a_softplus-17.f32	c617d51723930437f4f198bbb5e9bcb530759f051a972920e579686e7ddeb519
gate-17	17	1	16x1x1x1	64	pos1/gate-17.f32	3abb19b3d0f223578819f843d99c28b8262460042708919dd17350198b7eff2d
beta_sigmoid-17	17	1	1x16x1x1	64	pos1/beta_sigmoid-17.f32	429649695040b2257b0c6fe1226e2e67d7bd42f7375c2cd002a5f4f7ea0d49f0
state_predelta-17	17	1	128x128x16x1	1048576	pos1/state_predelta-17.f32	e72b0d17de24b64d50870312fb9109b688ff578f55fd845e92b9ec7ba13c0d67
new_state-17	17	1	128x128x16x1	1048576	pos1/new_state-17.f32	5e89c48faf596c382808c651019b54c67cb1356d7ff8a2103efac5eef29caf55
attn_output-17	17	1	128x16x1x1	8192	pos1/attn_output-17.f32	bf2785bf5c68c4997769e3a6be10ec41fcb55f6dd124725c9e62aecd502df581
z-17	17	1	2048x1x1x1	8192	pos1/z-17.f32	a5014539a1ae2b0e9cf949d7adb39043e6828e3f1cd95c15356a2924cce9ae96
final_output-17	17	1	2048x1x1x1	8192	pos1/final_output-17.f32	fb9bd66cbd65f2f50f963a24a5e81e8996960998474088d087b8cfbdcf21471c
linear_attn_out-17	17	1	1024x1x1x1	4096	pos1/linear_attn_out-17.f32	346afd2e5ffe6b56bba54f8479ee249c36bb02c1ab2bc9961e9ec800a091596b
attn_residual-17	17	1	1024x1x1x1	4096	pos1/attn_residual-17.f32	88c0b931bbbc457c90fbd0d4e8402ace9a7ae543b943b9e71beb332dfc8e4297
attn_post_norm-17	17	1	1024x1x1x1	4096	pos1/attn_post_norm-17.f32	e9ed8d9b58f4600f5d670dd922bf62d9e7c253bbdb7845fade6fad5abc09c966
ffn_out-17	17	1	1024x1x1x1	4096	pos1/ffn_out-17.f32	c973f42ef149057c35af9a30ed686739210ac96b3477afdf04f2280531c6de06
l_out-17	17	1	1024x1x1x1	4096	pos1/l_out-17.f32	493c717623dc3e0dd941c87b8a62bb997bd051b894ed582883914debac38ea39
attn_norm-18	18	1	1024x1x1x1	4096	pos1/attn_norm-18.f32	9d83807792e71568d7e976124808c212b3fdc677d1c4a9b03985e31906221273
conv_output_silu-18	18	1	6144x1x1x1	24576	pos1/conv_output_silu-18.f32	a0d3feb78ea4605701ad4ddffc877b4d7b831c2eb222dce88cc1194c151fcfbb
q_conv_predelta-18	18	1	128x16x1x1	8192	pos1/q_conv_predelta-18.f32	0dd21493ac05fa4ca839f2996a1825faed06fa0df63b0751f64b2f93045b2681
k_conv_predelta-18	18	1	128x16x1x1	8192	pos1/k_conv_predelta-18.f32	cedbd9179083713e607bd6c6550e8a5893498b9b49c2c7067e676a3a53b0aba8
v_conv_predelta-18	18	1	128x16x1x1	8192	pos1/v_conv_predelta-18.f32	a2b759bffb84eacd26dd06d2b84f922749151a441c6f11b4472b4af761971d06
a_softplus-18	18	1	16x1x1x1	64	pos1/a_softplus-18.f32	513a55b94d92f1f56bfbf8afd496541496d0806c43ccb224af8fd2d8b279d3dc
gate-18	18	1	16x1x1x1	64	pos1/gate-18.f32	55ef347d734198aaccfb9e0b2466956cfebfe9b7bd2293b8e6c8214f78ad9f68
beta_sigmoid-18	18	1	1x16x1x1	64	pos1/beta_sigmoid-18.f32	d2c17f565b3d52f8daac338c18656054467d437e5d6b948929258b7f18267dc7
state_predelta-18	18	1	128x128x16x1	1048576	pos1/state_predelta-18.f32	e02026ca3268b1ab65a99a5448de408fe4e1ecc6b58863fe57363666f2906e82
new_state-18	18	1	128x128x16x1	1048576	pos1/new_state-18.f32	95350a8fe4855f72936b3cc02355bb19d417ab1c6e6aca216e551cdc1cf93a6f
attn_output-18	18	1	128x16x1x1	8192	pos1/attn_output-18.f32	62a7c56ba4d0cb3c9e0b7611cdfaa2d3e8f7b05983f0f3874054343d9401371f
z-18	18	1	2048x1x1x1	8192	pos1/z-18.f32	7b7fefee3e71d534a756cb0c64114ce255d8d52b61593148fb320d6216e95bff
final_output-18	18	1	2048x1x1x1	8192	pos1/final_output-18.f32	1798de4f3f99e2554da65d1258b3594e3a68fec39fb19883b1adfea580d972af
linear_attn_out-18	18	1	1024x1x1x1	4096	pos1/linear_attn_out-18.f32	70d6fdcbe6a9449d2fdc392ea5f6f8e55893c679aa6da12f89571ca8df68f1d5
attn_residual-18	18	1	1024x1x1x1	4096	pos1/attn_residual-18.f32	a5f849554d38f544cb93cdcbedfc3a6ac3a4778bdba92bc5b43334d157f84b1e
attn_post_norm-18	18	1	1024x1x1x1	4096	pos1/attn_post_norm-18.f32	98d39221389202fb11c82c2099e5a6bf2b9a54f7bb04320324858219433bc05d
ffn_out-18	18	1	1024x1x1x1	4096	pos1/ffn_out-18.f32	eb0e0dee3b4b7afe465b183d245a780853b044ee9e818cb586add52e221db0e7
l_out-18	18	1	1024x1x1x1	4096	pos1/l_out-18.f32	354b09e8674d73e077471dc4e65562efea5b8452e469baaa5db72aa49342ef75
attn_norm-19	19	1	1024x1x1x1	4096	pos1/attn_norm-19.f32	a506e48740fe7d72096b96bf723580c5049ca64a349e3a30fe5c80b73870d8d5
attn_pregate-19	19	1	2048x1x1x1	8192	pos1/attn_pregate-19.f32	fb01e03b53f058fd673a5f24725afacb53fccf25739f5a97e6ba1c819e335117
attn_gated-19	19	1	2048x1x1x1	8192	pos1/attn_gated-19.f32	35fba66cbc69bd6ad834022b7ab1faed64877da7dd8fd86455aacf305139e654
attn_output-19	19	1	1024x1x1x1	4096	pos1/attn_output-19.f32	97a4b785dda3dea4b282a944966d63bc9f7cbb74280effd3a8b8e4d186e2c9b5
attn_residual-19	19	1	1024x1x1x1	4096	pos1/attn_residual-19.f32	bf83dc0ad6613b9510aef335422a3f2dcc4483de8844fdefb410bdaafad3d049
attn_post_norm-19	19	1	1024x1x1x1	4096	pos1/attn_post_norm-19.f32	93b25205ae3175969db74f96ef4dc0d99098cd559bc8ffae445f63b3437edbeb
ffn_out-19	19	1	1024x1x1x1	4096	pos1/ffn_out-19.f32	cff176a6fbd95694dbed3adaf7ef85283bd277a864b4b7945d8561f13049a20c
l_out-19	19	1	1024x1x1x1	4096	pos1/l_out-19.f32	c1eece04e877228fdeb7c06b279ba715740d125d3f0797251450c55134794498
attn_norm-20	20	1	1024x1x1x1	4096	pos1/attn_norm-20.f32	ef0eb1d3ed1996679998222f8c5ef3b8c77b6d1c8569557a1979dec531e29226
conv_output_silu-20	20	1	6144x1x1x1	24576	pos1/conv_output_silu-20.f32	fd96f9db38d4ade7e8c60a684ef9686d2ce98f343f40cdffa6451b88ef5b020e
q_conv_predelta-20	20	1	128x16x1x1	8192	pos1/q_conv_predelta-20.f32	d3afe42d473515136cfc5966decd5f924ce7e38a739b63ac8329cffee85518d0
k_conv_predelta-20	20	1	128x16x1x1	8192	pos1/k_conv_predelta-20.f32	0570cef257b489a4114878767310a6c9f96115b8e46de1669809bf7bf778ca15
v_conv_predelta-20	20	1	128x16x1x1	8192	pos1/v_conv_predelta-20.f32	c617b737c7a0d400860d71832e254410d7915cc1bb63dbea215d8230c277ed1a
a_softplus-20	20	1	16x1x1x1	64	pos1/a_softplus-20.f32	76385b20116edfe30c63c546c4f402fbf37055a51e651493c80eeb9dfcdb5419
gate-20	20	1	16x1x1x1	64	pos1/gate-20.f32	ef7950afae1752a741a45a0d72f48c0fcde421bfc3fbd8602a8e87c1abf34525
beta_sigmoid-20	20	1	1x16x1x1	64	pos1/beta_sigmoid-20.f32	6d4a32c4c863e783aa363a78845b3f618b41ff6a5868e55e52c11894e11ebcc2
state_predelta-20	20	1	128x128x16x1	1048576	pos1/state_predelta-20.f32	8353835009188a81729095cef0eb377bcf516daed9b9ae59b035519124ee6f68
new_state-20	20	1	128x128x16x1	1048576	pos1/new_state-20.f32	8d8ec5df4b8991a100dcb95c27533a50de223a654f8e7cbad413e21d48649836
attn_output-20	20	1	128x16x1x1	8192	pos1/attn_output-20.f32	97e5757a1f8a1361fa00d27a7065e043e0e33ad6fa4d4353d109f7a5908cd0eb
z-20	20	1	2048x1x1x1	8192	pos1/z-20.f32	382ba056357c7455242780f1afb9fe605b55c4c88cf17b83c71f4ae9c5d24392
final_output-20	20	1	2048x1x1x1	8192	pos1/final_output-20.f32	b7613819a2b056b7ec83d0664d5007b2390b1385cc890e3268f01607064053d6
linear_attn_out-20	20	1	1024x1x1x1	4096	pos1/linear_attn_out-20.f32	2e44dfacd4e9ba51ee388186862b080e0b0a4c6dadb625502650850556cb40f9
attn_residual-20	20	1	1024x1x1x1	4096	pos1/attn_residual-20.f32	de5d52be8370842c22c13b5f19303525df53792c8309e969447b656d2ea97f95
attn_post_norm-20	20	1	1024x1x1x1	4096	pos1/attn_post_norm-20.f32	3d700be0a06040e2c25080b7dbcb327ef117d62516b81078444412b518670d2c
ffn_out-20	20	1	1024x1x1x1	4096	pos1/ffn_out-20.f32	c9036229367685e79cdfe258028bde464a62caf96f23101e2cf207c07abaca41
l_out-20	20	1	1024x1x1x1	4096	pos1/l_out-20.f32	478804bc16a73e13302394cc8a46ee46146a593ffe83bae3069d71c97dce8d59
attn_norm-21	21	1	1024x1x1x1	4096	pos1/attn_norm-21.f32	e7358baa166b7b6d54c1ca53ef33b3a326fb235866d903d4d28430238ff2d0bf
conv_output_silu-21	21	1	6144x1x1x1	24576	pos1/conv_output_silu-21.f32	300e9ea99ba81e721798ab982ffc041b17a52294d1bdff88768c745a01698454
q_conv_predelta-21	21	1	128x16x1x1	8192	pos1/q_conv_predelta-21.f32	406bf1dde0ec9eb4e8ebd718cd452fa7490f92b6c122b12c3d778db2637a9f96
k_conv_predelta-21	21	1	128x16x1x1	8192	pos1/k_conv_predelta-21.f32	4fdafa902b85718a11c39fdea0da5a3137e89f2fe250cfe3789bc96b9308d81e
v_conv_predelta-21	21	1	128x16x1x1	8192	pos1/v_conv_predelta-21.f32	aea6f6148094ab04b7eb3b58e94b2d249b11f057d9196b9c933c4f2e1f9bd7b7
a_softplus-21	21	1	16x1x1x1	64	pos1/a_softplus-21.f32	98734fea2f5c78e87ecd07d01b2033f67c14a6f29dbf584531bb88b46aa7db49
gate-21	21	1	16x1x1x1	64	pos1/gate-21.f32	a2e9f1cd204d6a80ade060d3a7e8f94d4789a7674de5f11042ffb72cb2d261ed
beta_sigmoid-21	21	1	1x16x1x1	64	pos1/beta_sigmoid-21.f32	8afc0f7d45a1a485b8c4df1681a9311c1feffe8bb61bdfa3553ca0b96a0d51be
state_predelta-21	21	1	128x128x16x1	1048576	pos1/state_predelta-21.f32	56ea2f71ec40b0d0ee11a638ba24f86d5f886bd865173b6bbc1d7ed432b6baec
new_state-21	21	1	128x128x16x1	1048576	pos1/new_state-21.f32	fc0e4bea641237099b9a33ca6bc4cc2ebe5269a423650c7b3017e596732a8fda
attn_output-21	21	1	128x16x1x1	8192	pos1/attn_output-21.f32	5ef10efc52cc54a8886cfe56057ea0d872b99fc82c95d730a7660f4ce3788117
z-21	21	1	2048x1x1x1	8192	pos1/z-21.f32	098d31d995578e6880daa5f76b8a3ba43f7717aac0437433d10d6e4b71142728
final_output-21	21	1	2048x1x1x1	8192	pos1/final_output-21.f32	b8da06c31fc81f11f3f3d12b3a0acabccc4d0221b85c0f558523b99e41640dc0
linear_attn_out-21	21	1	1024x1x1x1	4096	pos1/linear_attn_out-21.f32	af700caf8dfe821d3ecd6908608ee84210ac13d6cc5da2fc20a8f5579fefcc6b
attn_residual-21	21	1	1024x1x1x1	4096	pos1/attn_residual-21.f32	12e699a2f582215b34ca52967896aff25e5940748c3c100b3b6e82ee5a530675
attn_post_norm-21	21	1	1024x1x1x1	4096	pos1/attn_post_norm-21.f32	e173fc879959745377a33a9a1ee69dd71e3497e24e96578523907976d386cfa7
ffn_out-21	21	1	1024x1x1x1	4096	pos1/ffn_out-21.f32	6da66ff47e5f77cfa42289e7e0cf1066921bef2155a29b9d361ac7a873e159ea
l_out-21	21	1	1024x1x1x1	4096	pos1/l_out-21.f32	32b8f728426ec0053d67691b2372ccae7c76ae0b6078f434d90ada2eea42a00f
attn_norm-22	22	1	1024x1x1x1	4096	pos1/attn_norm-22.f32	3e13e3ca4e061e89d4c7fdb25c6088b7ef0a5cf3fde6c59fc67568600f948828
conv_output_silu-22	22	1	6144x1x1x1	24576	pos1/conv_output_silu-22.f32	d938147dc42072b41bd26e20165108c867224585e547ec2456843a98a64a63bb
q_conv_predelta-22	22	1	128x16x1x1	8192	pos1/q_conv_predelta-22.f32	849d38ba37b3c7af2829eb8be0e01b58173d12bd79381d67b326e2b97f56b060
k_conv_predelta-22	22	1	128x16x1x1	8192	pos1/k_conv_predelta-22.f32	6d7045eca2309916a8028ba53c7d1243c177d7356d5eb158d8777f2dd96b1b4a
v_conv_predelta-22	22	1	128x16x1x1	8192	pos1/v_conv_predelta-22.f32	5871a526428de2cd0e78d92d84b4ff413e73ee82943697586ee2334ee10ce50a
a_softplus-22	22	1	16x1x1x1	64	pos1/a_softplus-22.f32	7d9651aba15c6741fd3569666475ae7a9333e23b68f3ca3f28b8b32cea78d991
gate-22	22	1	16x1x1x1	64	pos1/gate-22.f32	48a1b011fc430e18444896185529f258b8243fda2b04babae0d1afab646cc1fd
beta_sigmoid-22	22	1	1x16x1x1	64	pos1/beta_sigmoid-22.f32	00c46094f340c0487b181da547bca7510973248e027943fcb92d06bf01be7e8a
state_predelta-22	22	1	128x128x16x1	1048576	pos1/state_predelta-22.f32	dc4fe1554e42699573a34e3a5fcbdcb8fa8f95032c0fd21f674627b008ab88f0
new_state-22	22	1	128x128x16x1	1048576	pos1/new_state-22.f32	0ebd272145a66d3fe8b471bd2c78afa39d18627039a5b1f514c86d6fc7fd1f06
attn_output-22	22	1	128x16x1x1	8192	pos1/attn_output-22.f32	083b842c909a359fb06490c9c979875994a48a1d1ecae528cea0beed61b69c0b
z-22	22	1	2048x1x1x1	8192	pos1/z-22.f32	9eddce34b62f89ec22c9cac13b860cbf38e043bb6a1d943bfa13385867dd702f
final_output-22	22	1	2048x1x1x1	8192	pos1/final_output-22.f32	885c3183b51307a70d714d4e85797daaccfb6a64727508e3c79cb6483b8a5054
linear_attn_out-22	22	1	1024x1x1x1	4096	pos1/linear_attn_out-22.f32	8380fa0c4c6c890a299cb12b0dd9028f366b2d8e51bd4286466a24c4c65466f6
attn_residual-22	22	1	1024x1x1x1	4096	pos1/attn_residual-22.f32	ad83b903d1c4e0e4c932acd9c6fe097651e9ba405d0aaf05a0bfd8e94cd79289
attn_post_norm-22	22	1	1024x1x1x1	4096	pos1/attn_post_norm-22.f32	f1e324e9da8269b3d682880ca47b1be8fd8b3e82f5f77bff1684f3dbbf03781e
ffn_out-22	22	1	1024x1x1x1	4096	pos1/ffn_out-22.f32	a2e93fa1afc302b9aae032e32ec7ba55960232155807c47047f6443f74cf59e6
l_out-22	22	1	1024x1x1x1	4096	pos1/l_out-22.f32	4ccec22d555307a80d7ac077b679fb96ae9787d59f8b1ecd2a61ea4ecd91f6fd
attn_norm-23	23	1	1024x1x1x1	4096	pos1/attn_norm-23.f32	9feba11efc22e056968f0c01c475380d3b997f62ea4c7e9f5ea194b5f8465cbc
attn_pregate-23	23	1	2048x1x1x1	8192	pos1/attn_pregate-23.f32	a0c56c9645dfe8275e238d1f734f6a8ff4dee53a723de52edd154bc5fb74f8a4
attn_gated-23	23	1	2048x1x1x1	8192	pos1/attn_gated-23.f32	7f00189974ac97c22b6923a6ec5ee69cd3d1164d4fa57925e4a752ca7e2bba49
attn_output-23	23	1	1024x1x1x1	4096	pos1/attn_output-23.f32	6d8c2331687fa32d489597b9f32883917b095156d05631646625f9c6ec37f422
attn_residual-23	23	1	1024x1x1x1	4096	pos1/attn_residual-23.f32	dfcd0fd3ba673278a1930204c5f0941e403e82e5e73c6898f05a76e43524da4d
attn_post_norm-23	23	1	1024x1x1x1	4096	pos1/attn_post_norm-23.f32	2aadec1fb140dca6fe3d9aabbd79caa0a6a96ba7ac7a4cbdb4e9aff73090664e
ffn_out-23	23	1	1024x1x1x1	4096	pos1/ffn_out-23.f32	fd621db2587b89b1aff8267d3ba7833dc6ab855b028f5b386f16e4436907fdd3
l_out-23	23	1	1024x1x1x1	4096	pos1/l_out-23.f32	854999f8838d5844d304cefdbb0bfde9a349fe848d1a3f1871c6db9c845d0993
result_norm	-1	1	1024x1x1x1	4096	pos1/result_norm.f32	5f74e94b84b55a7eb67d38bebd4ac10a804d224f72914ccff2199d5ae92c559a
result_output	-1	1	248320x1x1x1	993280	pos1/result_output.f32	2f6f292d3c844555ad64882549d19b87301dc1b300e3f0cf99f8cfcd29cadb59
model.input_embed	-1	2	1024x1x1x1	4096	pos2/model.input_embed.f32	22ba0638f8f48fed37cbac68b016766320ff53ab3bc682d8402bff200162b931
attn_norm-0	0	2	1024x1x1x1	4096	pos2/attn_norm-0.f32	6777ef978843ec18377a6bc4ba0759c69bca776d2f73cebd25ad60bf8be09657
conv_output_silu-0	0	2	6144x1x1x1	24576	pos2/conv_output_silu-0.f32	6776dd98f51b9fb075113a2d84906e7cb5e3ada43197b4e052c53557da2a14fb
q_conv_predelta-0	0	2	128x16x1x1	8192	pos2/q_conv_predelta-0.f32	dc02d0fb72d246ec9d8ece1bb81d792039600f669cfe94f5d697973f105f64fc
k_conv_predelta-0	0	2	128x16x1x1	8192	pos2/k_conv_predelta-0.f32	bd96b7216c98fd30605fbea400086ff7d287e321ee0a1c7334a8773f8f9d8d0c
v_conv_predelta-0	0	2	128x16x1x1	8192	pos2/v_conv_predelta-0.f32	a0f126f707e87fbb9708edbad92d699962434d6e14160515e3bf607500d0bf7f
a_softplus-0	0	2	16x1x1x1	64	pos2/a_softplus-0.f32	8dba96c656ba5a8c1402ee8319030a4611c9769948342e435a094ec71d468ed2
gate-0	0	2	16x1x1x1	64	pos2/gate-0.f32	8d28454591f3ec22977db5f8ea0a9e6f07b7b53f8d79db5a8dc36feb1236d8aa
beta_sigmoid-0	0	2	1x16x1x1	64	pos2/beta_sigmoid-0.f32	ac40c1e112443aaccfa4f99597b50f9a2309c4e7facae5064880d637e2a3c9d3
state_predelta-0	0	2	128x128x16x1	1048576	pos2/state_predelta-0.f32	1d0911c6edad66431890d5a3860bfd014d99d05cb1d362504f1a252a5a9a3b08
new_state-0	0	2	128x128x16x1	1048576	pos2/new_state-0.f32	e3a7803ee20829e87d14c87a3a9ea446f6ed1506843aef23bf1c527d38fc7397
attn_output-0	0	2	128x16x1x1	8192	pos2/attn_output-0.f32	2287931bc87cc8bd87d3a48b55c7cbe83ef32f1bb7943fe647d4007913d9de6a
z-0	0	2	2048x1x1x1	8192	pos2/z-0.f32	aed8bd3476706f1d9e6247b8e3c5473b59f0338969a0ec2912ff6c7a6a7dfcb1
final_output-0	0	2	2048x1x1x1	8192	pos2/final_output-0.f32	85be741b0cee4a8043fc80aa245ee8a10641889e2bc69c5605399f8fedecbd26
linear_attn_out-0	0	2	1024x1x1x1	4096	pos2/linear_attn_out-0.f32	d38035f3743e8237b8843041e7faab92e83b59c7f7ba6b9caeb0b0d2bbd2d54e
attn_residual-0	0	2	1024x1x1x1	4096	pos2/attn_residual-0.f32	109d7952e5b0884e4a7a0b02d6c71bd8be20b20e3a50af0c3d1ec77aa5462a13
attn_post_norm-0	0	2	1024x1x1x1	4096	pos2/attn_post_norm-0.f32	6694e4bc8238259cb7015e24bd47ecb427c9082209623de3af4ef37e54e99eb0
ffn_out-0	0	2	1024x1x1x1	4096	pos2/ffn_out-0.f32	54e205131e80a366f6957aedeed2f0276364791cc0078d7c409f7b1012e943ed
l_out-0	0	2	1024x1x1x1	4096	pos2/l_out-0.f32	7674d3692761581da326d7e20d31c3f9b0247697a77075a33e6074e539c9ee9f
attn_norm-1	1	2	1024x1x1x1	4096	pos2/attn_norm-1.f32	87e5233ffaed333119f59e9c89b11d4fb417b9c32c41e6997ac91d695c36edea
conv_output_silu-1	1	2	6144x1x1x1	24576	pos2/conv_output_silu-1.f32	2bdc503d77b659a233caf3c3302f0cdc17d06a4578d53bf0827f82be0e294120
q_conv_predelta-1	1	2	128x16x1x1	8192	pos2/q_conv_predelta-1.f32	db4de38ae3de836734dd0c9b122eb322ca3f85ac39c7a5c89b63b36c177e1bea
k_conv_predelta-1	1	2	128x16x1x1	8192	pos2/k_conv_predelta-1.f32	cea7bd64b31c47e62d6367db3336389526573807303e21f28ed84ebf752f48b0
v_conv_predelta-1	1	2	128x16x1x1	8192	pos2/v_conv_predelta-1.f32	50977bbbda0b53a6ef55a07e045bd8ece5b87b7789dcabb475b4f3c80d95dee9
a_softplus-1	1	2	16x1x1x1	64	pos2/a_softplus-1.f32	3c227f98f13d6cad17a51f131139922bffdb5f81db016c8342c50d0c0c4a6642
gate-1	1	2	16x1x1x1	64	pos2/gate-1.f32	b9d7fe96d297b86626bd98a935d9a238227b6b1a33bf72b179b813a8a63fad15
beta_sigmoid-1	1	2	1x16x1x1	64	pos2/beta_sigmoid-1.f32	6f56ef80ef512af093a18e305284e3502e487e4a0521c438644061a1dfeee308
state_predelta-1	1	2	128x128x16x1	1048576	pos2/state_predelta-1.f32	c58ed70f5ab09f5ac71dd2787250be5c2a93f27b7068b8c42fcf621ccc6d352e
new_state-1	1	2	128x128x16x1	1048576	pos2/new_state-1.f32	50a650022b6955d8af911cacd143b2b007426c0695e2e8f6165f7d0a8166cded
attn_output-1	1	2	128x16x1x1	8192	pos2/attn_output-1.f32	992c7c12c7ebae512bd3a6db37d7c0f5d138152f285e27e8169df099694e3ff6
z-1	1	2	2048x1x1x1	8192	pos2/z-1.f32	6cf3d7791580f34d64e72b52677bb7ceab17daadb9651af89f3e3320e902f0b3
final_output-1	1	2	2048x1x1x1	8192	pos2/final_output-1.f32	40f23ef72135382b2e062b32edb3d68beea6cb1a8c5f4817ccf5d2a032d4edf7
linear_attn_out-1	1	2	1024x1x1x1	4096	pos2/linear_attn_out-1.f32	9aa34ba0ee34eb3b8d3be20caa9e27d219a1a569961e7f5616bfb4b8604a127f
attn_residual-1	1	2	1024x1x1x1	4096	pos2/attn_residual-1.f32	f7b65f7e3dc50e900772f4d6b79bbac2a5ff72821bd9fff7830d02c4e012015e
attn_post_norm-1	1	2	1024x1x1x1	4096	pos2/attn_post_norm-1.f32	068d301d2055fb5b285aeba36fca45d238f42f34147df6a7dd62627fcb8be461
ffn_out-1	1	2	1024x1x1x1	4096	pos2/ffn_out-1.f32	3b0592df993518df62b3194c1d8c67744f2626197a13617d8bdb8959c10d41bc
l_out-1	1	2	1024x1x1x1	4096	pos2/l_out-1.f32	e0126f6ff56b8708c2929a1e1f144775d0acb6eb45cac203a7e77670d5410211
attn_norm-2	2	2	1024x1x1x1	4096	pos2/attn_norm-2.f32	65e2f3de415692ea5b762bd00c005eec1614413f18e58ae252aea0665db66f13
conv_output_silu-2	2	2	6144x1x1x1	24576	pos2/conv_output_silu-2.f32	48b2474c71bdbdab9c0f2151e9a15b715dbbb4d10ca6d9f18464d7464b2ce035
q_conv_predelta-2	2	2	128x16x1x1	8192	pos2/q_conv_predelta-2.f32	8842404d2242cd800a8c1808a0c82622bcc006d14ced3312c4edab2239fdb833
k_conv_predelta-2	2	2	128x16x1x1	8192	pos2/k_conv_predelta-2.f32	43211204f9134938eabc7996767ec0104e72883da89306b5498f760c3579df3a
v_conv_predelta-2	2	2	128x16x1x1	8192	pos2/v_conv_predelta-2.f32	edb775d0b965564e2a13af416dcf7e55b4cd6fa613ce431d99f479ae9d3b3e49
a_softplus-2	2	2	16x1x1x1	64	pos2/a_softplus-2.f32	ecce477385418deb000dbbad577dff8e825518661d3b117130472ef4bf03eb10
gate-2	2	2	16x1x1x1	64	pos2/gate-2.f32	41483c5fe2f63864b6dda78d494741670df86a203aea7362e132652fe61bf197
beta_sigmoid-2	2	2	1x16x1x1	64	pos2/beta_sigmoid-2.f32	1266fa858dbe4eec087edcb56d37ca5e5c4044e2eac1aaaa09ab767335b9a164
state_predelta-2	2	2	128x128x16x1	1048576	pos2/state_predelta-2.f32	6790a41424b5791ff16faf6167a4de95a98c8ad012a24de3081b1e5c3d782817
new_state-2	2	2	128x128x16x1	1048576	pos2/new_state-2.f32	bb171d5a7ca9da9723ec430800bd4d8c811fe1a0d261e47b6e96af95f5496e15
attn_output-2	2	2	128x16x1x1	8192	pos2/attn_output-2.f32	d225ed8548bba0dd7e588adcc36929496736f9e90d61c2f700387959bfa3a072
z-2	2	2	2048x1x1x1	8192	pos2/z-2.f32	ded3e6b2b9a47b5758f08111b4477864775ba0cd0b3b5daa2ada52410ad39319
final_output-2	2	2	2048x1x1x1	8192	pos2/final_output-2.f32	4dad93ba4959cba5125a18c25e1fef29d5e724b4e92e5f48efa7909a2bbd22fc
linear_attn_out-2	2	2	1024x1x1x1	4096	pos2/linear_attn_out-2.f32	36daeacc208ee644019b9dfd4bffa5926529700b60fb169f501fd7444dfdb88f
attn_residual-2	2	2	1024x1x1x1	4096	pos2/attn_residual-2.f32	b8bc2b0ab4286cf2a0259ef166842552912d2e112e9c7a9043753ea5af914ac5
attn_post_norm-2	2	2	1024x1x1x1	4096	pos2/attn_post_norm-2.f32	bcc17f837a1eaf795af82c65b75429ab670cd2563e1a94f84a6f84b36447833d
ffn_out-2	2	2	1024x1x1x1	4096	pos2/ffn_out-2.f32	b8e6f30c53c6ad8349d8e18ee61ac0fb1ad3f60583d4ef0b8690684846167989
l_out-2	2	2	1024x1x1x1	4096	pos2/l_out-2.f32	a398cc4c0e0a800c2899c9e76c151064ba85c99a31fda9f6ef5b0ade415a084e
attn_norm-3	3	2	1024x1x1x1	4096	pos2/attn_norm-3.f32	5360e47d029dc16ac1f247d7415fcb211c7baa25a9a3ae68baeae05d69665ff5
attn_pregate-3	3	2	2048x1x1x1	8192	pos2/attn_pregate-3.f32	f81670a5911cfbb8641bdf530f5906dddce206d289000a8b154780ebfcb1326c
attn_gated-3	3	2	2048x1x1x1	8192	pos2/attn_gated-3.f32	fc6ac709257585cc17c17d6abeb0f691a3ce20317d1304b1fa1bf001a1a04250
attn_output-3	3	2	1024x1x1x1	4096	pos2/attn_output-3.f32	e83022a2e1ec7c64fb72d1681cc6e5b6dc45319c1062cd42ddf9aba83e96cbc2
attn_residual-3	3	2	1024x1x1x1	4096	pos2/attn_residual-3.f32	5e4736e40a311a284bc500098f4d0b71554b2605e1a7d4680ef4eb0aeeec3dad
attn_post_norm-3	3	2	1024x1x1x1	4096	pos2/attn_post_norm-3.f32	20bca8c982685a65884f9ffe959ad3103761e287cbab95540509b8ec349236dd
ffn_out-3	3	2	1024x1x1x1	4096	pos2/ffn_out-3.f32	a1acbbcca6811307c51468592408576b816c0f8783d0f0698bbb0bf7de06f14c
l_out-3	3	2	1024x1x1x1	4096	pos2/l_out-3.f32	8aff6bc5e666bbabd331a8e5cada2273fe6333b70862504dec843932e2d0a33a
attn_norm-4	4	2	1024x1x1x1	4096	pos2/attn_norm-4.f32	495a698f15e85314a6bb94323d52f59d807fff421ebd508fd900d3f1a090ceac
conv_output_silu-4	4	2	6144x1x1x1	24576	pos2/conv_output_silu-4.f32	98599a71066332fb89cbfccfcb9b255c818b65fc3ead7fda3de929945282fab1
q_conv_predelta-4	4	2	128x16x1x1	8192	pos2/q_conv_predelta-4.f32	0e382ebce94040ef3fdb766804cb1d671a4ef2ccde0607e21e707397535ce36d
k_conv_predelta-4	4	2	128x16x1x1	8192	pos2/k_conv_predelta-4.f32	52edb92045cf1aad996d3d9708c50a64ea1716ad53d44872787bf69a9664056b
v_conv_predelta-4	4	2	128x16x1x1	8192	pos2/v_conv_predelta-4.f32	096f60446c2308aaaf76fbef2b84eed0ba188047e8ceabad60dccbfbb133138d
a_softplus-4	4	2	16x1x1x1	64	pos2/a_softplus-4.f32	6716d8f44e07e052ef4606e0d6e5e1507dc9aa43788f7936711b74810569b755
gate-4	4	2	16x1x1x1	64	pos2/gate-4.f32	9eca72820371b6086f938ab7e27fabcb95acd89a321c4ab14ef4f2f6c5afa311
beta_sigmoid-4	4	2	1x16x1x1	64	pos2/beta_sigmoid-4.f32	58b578e9e41723bd9600503eaa841f8546bda66a31cb45244ff8c020f443af51
state_predelta-4	4	2	128x128x16x1	1048576	pos2/state_predelta-4.f32	1f98f3aa07455897e2035925035d11c88d0801fc5f3e7af2d1f984e140b9c40b
new_state-4	4	2	128x128x16x1	1048576	pos2/new_state-4.f32	dadd63bcf570c4566a23db682ed8f4a0709db8a6dd599b6cd91edc0817f6baf9
attn_output-4	4	2	128x16x1x1	8192	pos2/attn_output-4.f32	0e4167a30425496e4747435e77b929a5c0cca424b0469cf5aa78ee914bf6c200
z-4	4	2	2048x1x1x1	8192	pos2/z-4.f32	d9667b82d33261d2d099f6c832e5e65cb01a0edd30bec1d9d0390b28ec899189
final_output-4	4	2	2048x1x1x1	8192	pos2/final_output-4.f32	89221209565af48774b11ed093b86b943e64446b16992fe8e906b3041eccaed2
linear_attn_out-4	4	2	1024x1x1x1	4096	pos2/linear_attn_out-4.f32	f3c976fc22360d97400a46548b295c8e20663a90742d73996cebdb9cc0d41f75
attn_residual-4	4	2	1024x1x1x1	4096	pos2/attn_residual-4.f32	73e0edafcc86cd1235950f4df83db773797c19630bd4aa83683b0bce4694390d
attn_post_norm-4	4	2	1024x1x1x1	4096	pos2/attn_post_norm-4.f32	cdb6cbca2c74190133745651e3b3b0049c6513fe1167a19c2bbcdba1a187cce7
ffn_out-4	4	2	1024x1x1x1	4096	pos2/ffn_out-4.f32	8eb80349a4756cc9bd2e96974dd0e1f4c6adbe1522c4a11e7a7b928ede8746da
l_out-4	4	2	1024x1x1x1	4096	pos2/l_out-4.f32	1abc2b1909a4c16910fd093ef06170d7eb316290ac52a2647250fa24ac349f6a
attn_norm-5	5	2	1024x1x1x1	4096	pos2/attn_norm-5.f32	84715dfbee51d0abe2c21bd5176847217170f2f684c19c7537be330baa891980
conv_output_silu-5	5	2	6144x1x1x1	24576	pos2/conv_output_silu-5.f32	86f8046404c4836002bf181515a1095096998adef43294a5903ec6a11645da13
q_conv_predelta-5	5	2	128x16x1x1	8192	pos2/q_conv_predelta-5.f32	eef0b412cf270abdb840a1e0c6a83c6d4a13fe286f3438e643c612763bd27b53
k_conv_predelta-5	5	2	128x16x1x1	8192	pos2/k_conv_predelta-5.f32	d9e85845c9370217f4bd2871aa27e6c10fd84996fc7e8462f785558e931e21b0
v_conv_predelta-5	5	2	128x16x1x1	8192	pos2/v_conv_predelta-5.f32	9bc934f193ddd6c403194c0cf90b7606fcb62837e1c70fa43fd9e2e55afd7f2d
a_softplus-5	5	2	16x1x1x1	64	pos2/a_softplus-5.f32	6139f0ebf8e99c5600aea7ee3c93402e3f5b9c3f404a3303fc54e95550b98321
gate-5	5	2	16x1x1x1	64	pos2/gate-5.f32	9aa5b6a7a51236c458c1a87670bf43f0c4fc455aec7898e57d3990660773a0f4
beta_sigmoid-5	5	2	1x16x1x1	64	pos2/beta_sigmoid-5.f32	64034056bbd7c2e67a14acf731649b4bf3e1505eb95055e87974e674ea0d630b
state_predelta-5	5	2	128x128x16x1	1048576	pos2/state_predelta-5.f32	0170e63415fc479c6284dfe776a40816d03f9740b5fdba94570129a995e61589
new_state-5	5	2	128x128x16x1	1048576	pos2/new_state-5.f32	a83e05e3a7b9e01327a619c145706606545a6bb29cf4bfdd03a34b6c1646a001
attn_output-5	5	2	128x16x1x1	8192	pos2/attn_output-5.f32	e2869d12c8f251f41e612ec81ded7784278813a3332d6d1380afc6dd48aeb2eb
z-5	5	2	2048x1x1x1	8192	pos2/z-5.f32	04647f4859939196511baa985e936ca6a0fb24e2fa42f4bafc01bd4b2c79926f
final_output-5	5	2	2048x1x1x1	8192	pos2/final_output-5.f32	dbd23dec03711f734d559def4d59235103212f1c8cf4d1d5df0ad248918e5a15
linear_attn_out-5	5	2	1024x1x1x1	4096	pos2/linear_attn_out-5.f32	8f8432d34ab3b23143f0071435833dfd903192a325a3ac71725c35ef5b50a113
attn_residual-5	5	2	1024x1x1x1	4096	pos2/attn_residual-5.f32	d026fd6235cd7c6d06c4bac6dba8737fe5f9b9b33fca9ea21e1da42f5409cfc8
attn_post_norm-5	5	2	1024x1x1x1	4096	pos2/attn_post_norm-5.f32	be06eab7d41cebe298c42cc81ed0eb48d7538b4b54cbb3f35cd43050733ebd83
ffn_out-5	5	2	1024x1x1x1	4096	pos2/ffn_out-5.f32	79ec4c879984fc240463141ae797e4bfe6072bdf9a000d99cd3a1c028ef26fe4
l_out-5	5	2	1024x1x1x1	4096	pos2/l_out-5.f32	f4f97c806c2bee44c91bcdfd331b96a7fa9604dc6d4ee75094d63a9f66e71663
attn_norm-6	6	2	1024x1x1x1	4096	pos2/attn_norm-6.f32	5d508e5b520eec457af9c42e0c1059b1dea3f5788063a3cb451767e578f59212
conv_output_silu-6	6	2	6144x1x1x1	24576	pos2/conv_output_silu-6.f32	4e9bf9c33a3e362be7f42891c75025e993b73a5e88477ff0bca08c8a063dd8c7
q_conv_predelta-6	6	2	128x16x1x1	8192	pos2/q_conv_predelta-6.f32	0aab8a84cc70e3512f13c46e0eadf5d1ea0e62685f25f8ad68066ab4e6a63540
k_conv_predelta-6	6	2	128x16x1x1	8192	pos2/k_conv_predelta-6.f32	f7e7ed9e0c9d1fb7ad09fe1bc46dd2b55b05618b135f1d5694ed68b67d6963c6
v_conv_predelta-6	6	2	128x16x1x1	8192	pos2/v_conv_predelta-6.f32	90006ec00b1271d47f7ee7d5ba17dbd0fdc68c884462950ec23a8b34ecc24ed0
a_softplus-6	6	2	16x1x1x1	64	pos2/a_softplus-6.f32	2cf616135e4a488b26aff2d636af3d4fddb2fdda394d526b4b1f468a827d6f6c
gate-6	6	2	16x1x1x1	64	pos2/gate-6.f32	16bd31fcbba5c39d1165335ffdb765404184415da1f099cd65af87ad5c16851e
beta_sigmoid-6	6	2	1x16x1x1	64	pos2/beta_sigmoid-6.f32	d143c51b3e2047633e9a04fd2f32ae653d530561a9afe3c608c0851357495a9a
state_predelta-6	6	2	128x128x16x1	1048576	pos2/state_predelta-6.f32	50486fa2ca7bd8fb2daa675020d8706f15a7230f2a48b9b662bbc23407d30ecf
new_state-6	6	2	128x128x16x1	1048576	pos2/new_state-6.f32	6ae87dfcda85c6f5d4d0c77b36e8ed9af8cfde413ce9e253f44fe5f1b23308d3
attn_output-6	6	2	128x16x1x1	8192	pos2/attn_output-6.f32	d076c3c72b413c2e264828a60493d1e7b875006c2dbfc881d1ecb981a7953af5
z-6	6	2	2048x1x1x1	8192	pos2/z-6.f32	185666fbcb388c264a9e78fbaddbe10763acfc67d4ab9c373fd0f48bd452bb54
final_output-6	6	2	2048x1x1x1	8192	pos2/final_output-6.f32	b82a92d677c2dffc92a8b8d7361ba406f8f148c4d2f5d2eee8bbeffafbe99212
linear_attn_out-6	6	2	1024x1x1x1	4096	pos2/linear_attn_out-6.f32	353949657d3e7228328c6a06abd177847ed004f5b37fabc9cc7848d514494112
attn_residual-6	6	2	1024x1x1x1	4096	pos2/attn_residual-6.f32	99feddb625b1c65df69778a40249b00a4bd54efb6ab8a1164f5323e9cf452a74
attn_post_norm-6	6	2	1024x1x1x1	4096	pos2/attn_post_norm-6.f32	e1ce4ac2696b83845106899a214a6646cd680dbde59d31f8f06a6b3ecf583222
ffn_out-6	6	2	1024x1x1x1	4096	pos2/ffn_out-6.f32	cc7f9fddf2c4861a127b0ffe338ac8a77f3586e49ca9da769081747721806774
l_out-6	6	2	1024x1x1x1	4096	pos2/l_out-6.f32	dc882a9c51ad6b9fcaeab56ca9a975abdb98263a91e33a64b1c52bd1ac9284ff
attn_norm-7	7	2	1024x1x1x1	4096	pos2/attn_norm-7.f32	c6f973f3ab856e6ad699deae0ea59ad31996f333356af7dfa5d5003ceebd650f
attn_pregate-7	7	2	2048x1x1x1	8192	pos2/attn_pregate-7.f32	bac676c2d199c5b0753734e830106ce24d40ab18de12d1bf4659900b92d13d41
attn_gated-7	7	2	2048x1x1x1	8192	pos2/attn_gated-7.f32	d776fd7064c376ad1096f67e6f9de1cbf0238f45f11f4a720339998a1d806df5
attn_output-7	7	2	1024x1x1x1	4096	pos2/attn_output-7.f32	d6e00e540b96c3868f306aef81d3aa692d6c0e201750c5ad1f075ce91040b238
attn_residual-7	7	2	1024x1x1x1	4096	pos2/attn_residual-7.f32	07ce2dbda053c7dcf18bc3a1056500ae02d437d2fd5cc20204606656ec73bc55
attn_post_norm-7	7	2	1024x1x1x1	4096	pos2/attn_post_norm-7.f32	090f01404755c883e068e74cbf7ece19281aeb4a048ddb682a4563d079f6ce7c
ffn_out-7	7	2	1024x1x1x1	4096	pos2/ffn_out-7.f32	0be8463f7f2145c8d6305d20902b57bd8ad70b9273da970002c2dae48a514677
l_out-7	7	2	1024x1x1x1	4096	pos2/l_out-7.f32	26494f2124dcf91aa85220576167728274a2256c3df9088ac8d5af28612cc133
attn_norm-8	8	2	1024x1x1x1	4096	pos2/attn_norm-8.f32	4a8a8d3eb5d6ad304baedb5bda0b9401e66e59742106d302641d6bb276cb6df2
conv_output_silu-8	8	2	6144x1x1x1	24576	pos2/conv_output_silu-8.f32	bd020fcc12cddd4b95d278e309095feb824632b8283c06ad834afb2dd817ef49
q_conv_predelta-8	8	2	128x16x1x1	8192	pos2/q_conv_predelta-8.f32	701e5a7ee5bf025bef7a1d14e8bcac54054477fcb203f5ba9cebfc0885af8115
k_conv_predelta-8	8	2	128x16x1x1	8192	pos2/k_conv_predelta-8.f32	6be990ecc9286103bb3a51e38c56f5a796a122f7d64fb010911c294271aa4635
v_conv_predelta-8	8	2	128x16x1x1	8192	pos2/v_conv_predelta-8.f32	2c5df3ac23b6c6fb88489af351780d387446dc4ae5f6808362632d5f20ffdc30
a_softplus-8	8	2	16x1x1x1	64	pos2/a_softplus-8.f32	e70eb8fb534145cf29b5884dfde44b9aa6bcdf968d15b283d7f2224431816362
gate-8	8	2	16x1x1x1	64	pos2/gate-8.f32	6373c5332868a1dd5cb244075965b4ebda6e4ff1dcb0d25f5e1d2fcef88f2095
beta_sigmoid-8	8	2	1x16x1x1	64	pos2/beta_sigmoid-8.f32	ea476d97326de19ffd610888bee6f3c5e111b622add6003688f6d5c67abb7180
state_predelta-8	8	2	128x128x16x1	1048576	pos2/state_predelta-8.f32	09d821912ce4b97b12f1b842c3f987dfb8591838f0f54c4f880ef9fa2566cb39
new_state-8	8	2	128x128x16x1	1048576	pos2/new_state-8.f32	519620ed06bc0c507c581ad6e130c54f323502b0bf50868b6ca5e92bbcff9833
attn_output-8	8	2	128x16x1x1	8192	pos2/attn_output-8.f32	e3553798e90d5288aec70125db7f02c9ebaedadb58da5cb0d78940f2a332e2d7
z-8	8	2	2048x1x1x1	8192	pos2/z-8.f32	863c338b6121bcefae53bfd7589538adb8009d6c3a3ad6dabdb13805ffa555ea
final_output-8	8	2	2048x1x1x1	8192	pos2/final_output-8.f32	ecea7037cf968844900c0450e5e926bd2abe63fadeaf21386188f6d314a06fba
linear_attn_out-8	8	2	1024x1x1x1	4096	pos2/linear_attn_out-8.f32	d0a077382835c266a6c30f6cc028010201857cde0f461a5338c8d49809784797
attn_residual-8	8	2	1024x1x1x1	4096	pos2/attn_residual-8.f32	4792a922fc458ec1f4dc319ca14c1a72c3b5f283dbff100a3885a8ada1651a84
attn_post_norm-8	8	2	1024x1x1x1	4096	pos2/attn_post_norm-8.f32	1877a61443da2778e9403f4eeeb53eada31943817608f9cdf55bb3779195c9ef
ffn_out-8	8	2	1024x1x1x1	4096	pos2/ffn_out-8.f32	6c8c3d08b2c7ada2138d5fe3a9fac1862d603b997b09f37faf04981c0259a1fd
l_out-8	8	2	1024x1x1x1	4096	pos2/l_out-8.f32	8619acd35ed9ffbbe1cbd13a09072ae091572cf7796df88c087b91513a493138
attn_norm-9	9	2	1024x1x1x1	4096	pos2/attn_norm-9.f32	824d6c0ee98a98ab42a9e1cb4232ccadce5185ff0ca5bba38fa2233a018736cb
conv_output_silu-9	9	2	6144x1x1x1	24576	pos2/conv_output_silu-9.f32	bfe81a98e775af51f3c3924361f561f2a9e2cd0d9c659ea9556c45d641a1abb9
q_conv_predelta-9	9	2	128x16x1x1	8192	pos2/q_conv_predelta-9.f32	6e5ecd1f525c38e84f5ec674782db601fd3afaa523061105fb737571c95244b7
k_conv_predelta-9	9	2	128x16x1x1	8192	pos2/k_conv_predelta-9.f32	2f55bbca2e55759789245abe1211d62e2203718daab702f340fa78a3979b7be4
v_conv_predelta-9	9	2	128x16x1x1	8192	pos2/v_conv_predelta-9.f32	932ee5ce70acc27915efd164742bc1be80e8955c677c7ff9ee4617a2900bc51a
a_softplus-9	9	2	16x1x1x1	64	pos2/a_softplus-9.f32	bbee270bb7677d66ee8fe05b7cc91f7e2149fa402b9a75f6ffaae2ee8a050ea9
gate-9	9	2	16x1x1x1	64	pos2/gate-9.f32	1edef8fb962e75af813b1e50e596f81f8f1e92466d6446d514a73d74cce326a2
beta_sigmoid-9	9	2	1x16x1x1	64	pos2/beta_sigmoid-9.f32	de9081a2186a3b39abbe270362c975a3b09ba14671b647ee34707462c0aeb599
state_predelta-9	9	2	128x128x16x1	1048576	pos2/state_predelta-9.f32	dd5628c04f05eef104dd6f23941d4dc78e0cf2d0576ff13d7d28eb96616e1eea
new_state-9	9	2	128x128x16x1	1048576	pos2/new_state-9.f32	5bee2eee9d273304cca9edc76f71b0e6689251b39c46e8844dd5ddcc06d549d0
attn_output-9	9	2	128x16x1x1	8192	pos2/attn_output-9.f32	abe5671dffc4ab8cd8f8ace3206cdd60b8145df1a30bd104da2f657bceaf81cd
z-9	9	2	2048x1x1x1	8192	pos2/z-9.f32	7dd635bc6915dc5ecf038898c3c22f223a995458fb938461d5307f222590e486
final_output-9	9	2	2048x1x1x1	8192	pos2/final_output-9.f32	91adc19ea0b419e695b54300d883e38ce8836325ec6bbb8dafcfe7b0f5464d4e
linear_attn_out-9	9	2	1024x1x1x1	4096	pos2/linear_attn_out-9.f32	37ead311288b8dcde8d7b2204a9c2fcd16891f96c0e3e68c8336a9d593dddf72
attn_residual-9	9	2	1024x1x1x1	4096	pos2/attn_residual-9.f32	39c704ebf7eeff480d77752036f7aa8b4e34259981c99791232f189a8d54893c
attn_post_norm-9	9	2	1024x1x1x1	4096	pos2/attn_post_norm-9.f32	48fe8f150cc277ab28d4073a27133a4f6e369ef6b36295cc961d9dec33c3062d
ffn_out-9	9	2	1024x1x1x1	4096	pos2/ffn_out-9.f32	33c0cb5af9309762bc257f08d642bef87c5a6a3f337733104862cbecb1a69053
l_out-9	9	2	1024x1x1x1	4096	pos2/l_out-9.f32	e06a9f1896959195e01dc8232b96a496afcc4c14d9938f7cba6be8c577d98992
attn_norm-10	10	2	1024x1x1x1	4096	pos2/attn_norm-10.f32	7f34f759bc9f0e2d324781865ca8fc2ee1a206d13fc6d929cc4ebdb528f42f56
conv_output_silu-10	10	2	6144x1x1x1	24576	pos2/conv_output_silu-10.f32	340f66a713dce8f95ce8f7ea6c0cacdcc61d63f79137ebf061390b4228ac56bf
q_conv_predelta-10	10	2	128x16x1x1	8192	pos2/q_conv_predelta-10.f32	981eb2d889dd80bcda5b12a53e698b714d7b6558e4101da824aec05fef793701
k_conv_predelta-10	10	2	128x16x1x1	8192	pos2/k_conv_predelta-10.f32	45d7bb71a46a2461f47557d3e057f0f59875c7b48c13971373882e97e7570b61
v_conv_predelta-10	10	2	128x16x1x1	8192	pos2/v_conv_predelta-10.f32	730b6f42ab34aaa66da1d3683241a7a7bfec9230f7b71e81809d0c6fffcfffe3
a_softplus-10	10	2	16x1x1x1	64	pos2/a_softplus-10.f32	299c22cc23fa6ed066587a25872666a5d1a7c6557e53fd6ae3fee9404af6d78c
gate-10	10	2	16x1x1x1	64	pos2/gate-10.f32	b12592d9f05f6c09ae7257e27e69ce15a7aa5d7d6b23326707257216a4ab6adb
beta_sigmoid-10	10	2	1x16x1x1	64	pos2/beta_sigmoid-10.f32	86f11b4964d3f086d38e952704edc3b253691ec3501b32aded989c05d49cef13
state_predelta-10	10	2	128x128x16x1	1048576	pos2/state_predelta-10.f32	6ef3f612bc8460aed84ffe83d028b2b95cd6545d1e83d8690be2f23e2f8d58a0
new_state-10	10	2	128x128x16x1	1048576	pos2/new_state-10.f32	3e2b808bc1d417b0c2579d686c1e6945c8614829e1efc190632027ce72a75a55
attn_output-10	10	2	128x16x1x1	8192	pos2/attn_output-10.f32	0bf99f246c9243fa71e3962e741c57b6c9ea1d23590e0f25498d76646b49c084
z-10	10	2	2048x1x1x1	8192	pos2/z-10.f32	5b77f526798a95b5b81756c5095357b65cce09db3a5b9d6c39c4291e9d7fc133
final_output-10	10	2	2048x1x1x1	8192	pos2/final_output-10.f32	476e77a2bb24f8d65e2f9f4402f025d5c9688d7dba854e5cd0e3c6191d147afd
linear_attn_out-10	10	2	1024x1x1x1	4096	pos2/linear_attn_out-10.f32	5fdc58e71fdd34b92f9b08c34630a597337188fae470568d3010285358024bf5
attn_residual-10	10	2	1024x1x1x1	4096	pos2/attn_residual-10.f32	75860163d62b0ad287c8c8af0fafa6f3e77399b0ca1dff67575b94597b4c3e80
attn_post_norm-10	10	2	1024x1x1x1	4096	pos2/attn_post_norm-10.f32	824c2005a3c92330ffe9ede4bc2633017c07739f5b5170fb0886202e435ba3d9
ffn_out-10	10	2	1024x1x1x1	4096	pos2/ffn_out-10.f32	6799d4566ec2f49e9a5d2996ac420728dde0a9e355a6355b5ce11b6b24bb6de8
l_out-10	10	2	1024x1x1x1	4096	pos2/l_out-10.f32	d1fc2b8c781557b303cd2b5940913d82cad9625c908d276f5140f4749b0916af
attn_norm-11	11	2	1024x1x1x1	4096	pos2/attn_norm-11.f32	aad05d7ab64b72b67cdad40e470159e9504ea8c18bc08026a2d48f3fc619f8ae
attn_pregate-11	11	2	2048x1x1x1	8192	pos2/attn_pregate-11.f32	377f9c70a6f7aa69ceee918d0ea25f3e3bda784d20f85f57281b2f992302b180
attn_gated-11	11	2	2048x1x1x1	8192	pos2/attn_gated-11.f32	d7a9ac25897a818f25f675bc5c7f3c3d5c9bfa771ca5b9a43c16f06b66ba266c
attn_output-11	11	2	1024x1x1x1	4096	pos2/attn_output-11.f32	26a6a82b6c29fa2705fd1a2311912383c7a26a85294309ebecf6270aee1a819b
attn_residual-11	11	2	1024x1x1x1	4096	pos2/attn_residual-11.f32	ce9a7c650cbf3f9b8e2dbb00ba26579f5f86889d445bc2567844ad3cec94e4c1
attn_post_norm-11	11	2	1024x1x1x1	4096	pos2/attn_post_norm-11.f32	d6b6d3c7503d57a3491b7c76a0ff6da97fce9280ffd48532ecf1b7ca573feaa7
ffn_out-11	11	2	1024x1x1x1	4096	pos2/ffn_out-11.f32	9be2505b73227f8ee3a982d05773ea40b936fb0f59d7795d38716c5e027941bb
l_out-11	11	2	1024x1x1x1	4096	pos2/l_out-11.f32	610d11395a8fb8fe5af691b0c41a85e927cb99f1d0c6682eab7bd81336eefcd4
attn_norm-12	12	2	1024x1x1x1	4096	pos2/attn_norm-12.f32	d3313e75023b4df6e04e53a1419f88ade3d2289666279d5a642905da9d51fe93
conv_output_silu-12	12	2	6144x1x1x1	24576	pos2/conv_output_silu-12.f32	92c40ae3a707c9ebc6895d7dfc8eea2c207ce6c33a69e120c53e8e943ee648c9
q_conv_predelta-12	12	2	128x16x1x1	8192	pos2/q_conv_predelta-12.f32	364c37a315f6b396d527b7313687a2f61deae912be853758598c56c5b12cc055
k_conv_predelta-12	12	2	128x16x1x1	8192	pos2/k_conv_predelta-12.f32	f701e12a006548b0237bc23b2a6f90f596d8b2abaeefefef64866529d943a546
v_conv_predelta-12	12	2	128x16x1x1	8192	pos2/v_conv_predelta-12.f32	9e30fbad44a2c8ddddfe6638856248eac6449f59d8207bfe34b8e8d4f47d7160
a_softplus-12	12	2	16x1x1x1	64	pos2/a_softplus-12.f32	db0ee50efc843310af01c6b3c7c51d4d9d4850e1d285eddb6c76593aa9bef806
gate-12	12	2	16x1x1x1	64	pos2/gate-12.f32	94b2df378abfeb77f6df0d32d308d3edffabbe4542d071de423643d24236ed6b
beta_sigmoid-12	12	2	1x16x1x1	64	pos2/beta_sigmoid-12.f32	e5f7d688167b0647ad3bffdea47a8fecd204ebb714d536dcda2a93364f0e6861
state_predelta-12	12	2	128x128x16x1	1048576	pos2/state_predelta-12.f32	f839a66725e84e1c08f3ac4cdcec788690df311ab553b1df1b078a161a600556
new_state-12	12	2	128x128x16x1	1048576	pos2/new_state-12.f32	4335527290c6ccd476bab101969068f56e18d81e62af21cc477b4acc92a59c10
attn_output-12	12	2	128x16x1x1	8192	pos2/attn_output-12.f32	6f1a6b45140ebb9a28d77b0edbde4ff6676156145f31948e837492b5c6dee0fb
z-12	12	2	2048x1x1x1	8192	pos2/z-12.f32	74169710a1e79a38f827ca3e81d2bc12a481b3ea043b06616ae392f47acd87f2
final_output-12	12	2	2048x1x1x1	8192	pos2/final_output-12.f32	a06c2549c546337e760826b919e3ba25d119e0493ccb02e947b508cbb60837a8
linear_attn_out-12	12	2	1024x1x1x1	4096	pos2/linear_attn_out-12.f32	7563dfaca1ba897039dc8291a52b30c11a5c2417f6dd7b9160f00bd9be0b9471
attn_residual-12	12	2	1024x1x1x1	4096	pos2/attn_residual-12.f32	784e2408d5178f54f6b27399c0add82f7a98f5a64f1103ffa9fc8605eb3bd7f9
attn_post_norm-12	12	2	1024x1x1x1	4096	pos2/attn_post_norm-12.f32	9b5467b11de61e0565c40e7de844d20d2ebaaa5b7fc45254bab70b9aafa80b1f
ffn_out-12	12	2	1024x1x1x1	4096	pos2/ffn_out-12.f32	7a133f1d0e38c82d1cb501f055da7b1190e11761c63b9a0a6f79499c2eb06ee9
l_out-12	12	2	1024x1x1x1	4096	pos2/l_out-12.f32	a97a7ee316ea6282466412a5970d52f45f6c73675f1e3fd760b64099f175146f
attn_norm-13	13	2	1024x1x1x1	4096	pos2/attn_norm-13.f32	ec589217f8e986f6abc3667814e3c4772ccf9a7840b38147960702c2686c2357
conv_output_silu-13	13	2	6144x1x1x1	24576	pos2/conv_output_silu-13.f32	4a3f91c7f66f9b807f55a7153837c2ede6b5d533e199929c3bc81e20762fb07a
q_conv_predelta-13	13	2	128x16x1x1	8192	pos2/q_conv_predelta-13.f32	746331162a9d183203c15d5e21a6e7df1dc620c45f1848abe5b4c691841bf179
k_conv_predelta-13	13	2	128x16x1x1	8192	pos2/k_conv_predelta-13.f32	3bb9b9a778586b865b09d8344ae544fce2502bf3dca9e059d82a6dd9bdf07c8d
v_conv_predelta-13	13	2	128x16x1x1	8192	pos2/v_conv_predelta-13.f32	1b38bf85836d8d8498991b59a6915c8b8c42eed4e3c30258f5f35cf326e3f83b
a_softplus-13	13	2	16x1x1x1	64	pos2/a_softplus-13.f32	e1ebdd17234f60902b018d7ed0a779cac5a6921033f9b9a7d347c25805a0fbbb
gate-13	13	2	16x1x1x1	64	pos2/gate-13.f32	16075a5a038db28dff7ad01ce24b6738a7cc4d3e55f75b8f7a7f412e42ebe66b
beta_sigmoid-13	13	2	1x16x1x1	64	pos2/beta_sigmoid-13.f32	437265cd7b5b8c9bcbdc320b7f9a79b66cf100e43bf014ff3514bd7221a77f6c
state_predelta-13	13	2	128x128x16x1	1048576	pos2/state_predelta-13.f32	e039ec2717067507e77f9c697fbe2373d95063c84e514b093a5407d050e05883
new_state-13	13	2	128x128x16x1	1048576	pos2/new_state-13.f32	fe620f589015e0668b6b3895f37b36d2e307870bb9474edaf29c54ddf42dda7f
attn_output-13	13	2	128x16x1x1	8192	pos2/attn_output-13.f32	4fbc61f4832e99db66b782fe9b2c8db3b0c8a31491821d859c6b8480e3dace41
z-13	13	2	2048x1x1x1	8192	pos2/z-13.f32	886a304e5ae138831c28b86803a6627809bc3543507a6bf903a6597f85ab9d9c
final_output-13	13	2	2048x1x1x1	8192	pos2/final_output-13.f32	c8e14fa1af32f8ede00b930bce2e186c45befe13e355c4029745f733482c1beb
linear_attn_out-13	13	2	1024x1x1x1	4096	pos2/linear_attn_out-13.f32	e0145924580f30f6cac31d0a2da4688d106d183a8b53ab0c96abdd589686f967
attn_residual-13	13	2	1024x1x1x1	4096	pos2/attn_residual-13.f32	d45108c1690de064da7ef1a6839c2f127ebc5deaa788730ea4f759539b12b280
attn_post_norm-13	13	2	1024x1x1x1	4096	pos2/attn_post_norm-13.f32	1e937995036016fbaa93b1982bae53296d3520ceed332c8e76d78e952402a359
ffn_out-13	13	2	1024x1x1x1	4096	pos2/ffn_out-13.f32	1b774624fa2dd6bcb4fac687e628e088f6b0a462902c46371190df2ca1ca4b9b
l_out-13	13	2	1024x1x1x1	4096	pos2/l_out-13.f32	e18792ffb89871f40c440a88ba3ee9c6e458431e35b45ddfda809db16a12698d
attn_norm-14	14	2	1024x1x1x1	4096	pos2/attn_norm-14.f32	3bd49fd700f2de768d24143995198b0695b713c279f08ff3c2219585bad5e653
conv_output_silu-14	14	2	6144x1x1x1	24576	pos2/conv_output_silu-14.f32	16336866eaf4e7a3d76d9a38544fee2e9950ab9b4e6ca92e68760e4df6ec1329
q_conv_predelta-14	14	2	128x16x1x1	8192	pos2/q_conv_predelta-14.f32	b7681d5e76c0c2fb4a460f2383cb32e3af213fef38a714949ef2de03edd18c5c
k_conv_predelta-14	14	2	128x16x1x1	8192	pos2/k_conv_predelta-14.f32	b1e3fde35a62e8dedf7828962b857a863357c3e66653058316753288896b1bea
v_conv_predelta-14	14	2	128x16x1x1	8192	pos2/v_conv_predelta-14.f32	92464b5a0795583ba69dc8a49a694d74c521df0dbaf8a202cba5c4c1027dbeb0
a_softplus-14	14	2	16x1x1x1	64	pos2/a_softplus-14.f32	613d3210957d5a111b92e51600502b8c9454dca11b4a96df0b8fda02b9b03b40
gate-14	14	2	16x1x1x1	64	pos2/gate-14.f32	90f4a97e1bae241e43fd2a7a3b4baddab66dfc19cbbfd8b8850e6af699ad5d4f
beta_sigmoid-14	14	2	1x16x1x1	64	pos2/beta_sigmoid-14.f32	d4ce64b4d04b6d292c3f015acfda13a453309642f0ef8e4201db348b3861b2e6
state_predelta-14	14	2	128x128x16x1	1048576	pos2/state_predelta-14.f32	37e96637811dcacb0e683df6022ed25165278b04286db6ef90d5a51077439c13
new_state-14	14	2	128x128x16x1	1048576	pos2/new_state-14.f32	6d712b9431cff867815b5f1d68dbf043e6ff294f39158f871b4c8f96cdfec69c
attn_output-14	14	2	128x16x1x1	8192	pos2/attn_output-14.f32	9c226704c3904257ff88f75013ef5ad54b1c0338e07e1ba44a5981b60a44797c
z-14	14	2	2048x1x1x1	8192	pos2/z-14.f32	64a629e8615015e2b901a332d8638f3622f6895a056f8afc4458a2efff922ca6
final_output-14	14	2	2048x1x1x1	8192	pos2/final_output-14.f32	4ea3425db31446de40715dac3d41c7406d4387b329d2bd2dd84afed1167f62bb
linear_attn_out-14	14	2	1024x1x1x1	4096	pos2/linear_attn_out-14.f32	09b46f5ac2af8e08fe21b3a361f3f45228641cb20e3968aad76dd31715cc2ce7
attn_residual-14	14	2	1024x1x1x1	4096	pos2/attn_residual-14.f32	56c1cbbea64235286f067a4b79a432bfa2953ace83785b80c703bd82f862c9ba
attn_post_norm-14	14	2	1024x1x1x1	4096	pos2/attn_post_norm-14.f32	75080a218a7a3507143bbf54f55d82c317df08226a2575181238b3bdceeda1d3
ffn_out-14	14	2	1024x1x1x1	4096	pos2/ffn_out-14.f32	27278829165dc4b3e2b7702090a6cb554cf137b622284f1bbe23292fe37774f0
l_out-14	14	2	1024x1x1x1	4096	pos2/l_out-14.f32	c83d21c6d764373e0d3af11ecb7af8a038cdaad95c2e8a42f32a9d641290eb1b
attn_norm-15	15	2	1024x1x1x1	4096	pos2/attn_norm-15.f32	141722a21c2d732f6d162e0b292717c9ba20a5be76aabf3b7cea3e58b9f67602
attn_pregate-15	15	2	2048x1x1x1	8192	pos2/attn_pregate-15.f32	c6a9ff841001ad4fdb3ca722de3adf2747ab60082316564bd5021749bec3e8f1
attn_gated-15	15	2	2048x1x1x1	8192	pos2/attn_gated-15.f32	6867c2defba8f35dfdf27bfb6598897a84e106c2240259e9004691574d54ab5c
attn_output-15	15	2	1024x1x1x1	4096	pos2/attn_output-15.f32	241dc21f951f0b12bc8e94eece0a961c4687cd6f40c933a9cbace1699c69d214
attn_residual-15	15	2	1024x1x1x1	4096	pos2/attn_residual-15.f32	442c30a7179add5d3149aa88460265df4f9cf7e6c74a487389c9fa4d08c5ac1a
attn_post_norm-15	15	2	1024x1x1x1	4096	pos2/attn_post_norm-15.f32	78e1efcdb491385a15333275343a202f1e5f263062692fbb15ec3139dedf2e0b
ffn_out-15	15	2	1024x1x1x1	4096	pos2/ffn_out-15.f32	432fc58ce2f9fe0473f4ca2084fcb851aa01932de16f518412ad085b3d79a15e
l_out-15	15	2	1024x1x1x1	4096	pos2/l_out-15.f32	805910b1f22fce6b0c52f6649340abc5bb3ac47d2c654c1cfebcf05bda98c943
attn_norm-16	16	2	1024x1x1x1	4096	pos2/attn_norm-16.f32	1c0f426f22709dfb23a9fb2197becfb753202cb554210553dd9df306d968222e
conv_output_silu-16	16	2	6144x1x1x1	24576	pos2/conv_output_silu-16.f32	01683b183051d5b60b3a6fd528c5296997a0e9707717f451ba1403203d86c086
q_conv_predelta-16	16	2	128x16x1x1	8192	pos2/q_conv_predelta-16.f32	d3948742d6fd2b3643b6b068758c38abcd9d30586a2078d2a3b75e4237b75060
k_conv_predelta-16	16	2	128x16x1x1	8192	pos2/k_conv_predelta-16.f32	91dcbee9f8febe16b835f161f68efdbee1385a68fb86abbb85336e40468ca891
v_conv_predelta-16	16	2	128x16x1x1	8192	pos2/v_conv_predelta-16.f32	b5269f0a0d92dfa7226352259ebaf36d9f20fb34a0515849be7ea292cd370f34
a_softplus-16	16	2	16x1x1x1	64	pos2/a_softplus-16.f32	c7f818799803747e3d08af876dd5850d8347db041161c7b6228030af3ccd3b8d
gate-16	16	2	16x1x1x1	64	pos2/gate-16.f32	fc6bf25f7b244cd8bb220b6761fcebeb20376bab989b4a113678181c95c5d5d4
beta_sigmoid-16	16	2	1x16x1x1	64	pos2/beta_sigmoid-16.f32	57b6a5cc887b4a8ed696295c27c69d0fb7e8d8aad554f458d9674fb3a506c5c6
state_predelta-16	16	2	128x128x16x1	1048576	pos2/state_predelta-16.f32	0c2baeec43db915c6c1bfc541c88fc7ff08521778a9772b53efc1858acfd7d1b
new_state-16	16	2	128x128x16x1	1048576	pos2/new_state-16.f32	bfa9658ef0f01045020a3c8ffe515591f3b3c7a478c5ec77c60a9f52a02188fd
attn_output-16	16	2	128x16x1x1	8192	pos2/attn_output-16.f32	63a9b99ac95d3042b996af5407897243df248bb64d9c4fc233da21c5591c7aab
z-16	16	2	2048x1x1x1	8192	pos2/z-16.f32	1cc91e0a45d0442323cd2a7276c5c39bcb26eeee1982cabe28db27cae5bbb6e3
final_output-16	16	2	2048x1x1x1	8192	pos2/final_output-16.f32	524cbf1573c88488cfd72987860cfda9e0781b38dbf171021e014e4f7a73b183
linear_attn_out-16	16	2	1024x1x1x1	4096	pos2/linear_attn_out-16.f32	547e976b341137659722f402dc7bb6112b89e077c123763ba5696abac9d8f716
attn_residual-16	16	2	1024x1x1x1	4096	pos2/attn_residual-16.f32	a1be0df43f9e5e080c36ad88dc641b68d38e51cdd57920dd926d43e1d9fb8738
attn_post_norm-16	16	2	1024x1x1x1	4096	pos2/attn_post_norm-16.f32	6a19035be95e0166085cc89e8cf4b6fbac0765cc8d06d144abc0f71ea1d5981e
ffn_out-16	16	2	1024x1x1x1	4096	pos2/ffn_out-16.f32	fa5725e0be62c02152e5f0d1682fde8e928b95ad2f0dbe01e05ad85fc3eae826
l_out-16	16	2	1024x1x1x1	4096	pos2/l_out-16.f32	fa15a8b373be12b99645983d5d5265857a73e94362cc41cb082bdea37ab91c30
attn_norm-17	17	2	1024x1x1x1	4096	pos2/attn_norm-17.f32	89765566bb03b68bc6c879c8638b6de7c530af8f539ce30aa00756526a32357e
conv_output_silu-17	17	2	6144x1x1x1	24576	pos2/conv_output_silu-17.f32	08d3984ce0a115319475b4fdbfc4cff3649c773f1171491b6c03c7c646b7883c
q_conv_predelta-17	17	2	128x16x1x1	8192	pos2/q_conv_predelta-17.f32	cc5dccf21bcb921553786125a503a56e37064195b58be4e6859c7bfb1ea9e3fd
k_conv_predelta-17	17	2	128x16x1x1	8192	pos2/k_conv_predelta-17.f32	62f1c122c39173b84a89f87568e045b60225e9ab5a843832d9502ecea95d6205
v_conv_predelta-17	17	2	128x16x1x1	8192	pos2/v_conv_predelta-17.f32	08e773223e415fb1dfc49723dac6627a9179b3215e23acbe3fae7857f29d4215
a_softplus-17	17	2	16x1x1x1	64	pos2/a_softplus-17.f32	0cf9ee3c126b132e6c8f71289db6b3a82c9694e59a7364dbba7c1dd0f7dd56d7
gate-17	17	2	16x1x1x1	64	pos2/gate-17.f32	133dd4c4296adbcae391233c6d3564dbd204b7cd59265bb238b66ab9dd6837c7
beta_sigmoid-17	17	2	1x16x1x1	64	pos2/beta_sigmoid-17.f32	50d820638f56caabae77c03e2a0a87acd43532f8a555bcad66587a3571ff6548
state_predelta-17	17	2	128x128x16x1	1048576	pos2/state_predelta-17.f32	5e89c48faf596c382808c651019b54c67cb1356d7ff8a2103efac5eef29caf55
new_state-17	17	2	128x128x16x1	1048576	pos2/new_state-17.f32	7aaaa91936d99b3b691e22cc474407705ed156ce81b3c5b6dbb50e0a401d309c
attn_output-17	17	2	128x16x1x1	8192	pos2/attn_output-17.f32	619d5364152e279919746d7f7a8801ef7cc0852d5ced0901b6ccd26d0f4910bb
z-17	17	2	2048x1x1x1	8192	pos2/z-17.f32	73cbf6752ed97588c41a316b6ab8d5427ce01abdbe911e1b2c51865f57b80281
final_output-17	17	2	2048x1x1x1	8192	pos2/final_output-17.f32	e0ef5d1091cf1c85611074d27204e7ae8bfd1a3c64d82cd47ad9686f3da13a99
linear_attn_out-17	17	2	1024x1x1x1	4096	pos2/linear_attn_out-17.f32	48ab9028ff97b767e67f1bd37c0107bdad5e4eae0527422fb80da4e84a6a00af
attn_residual-17	17	2	1024x1x1x1	4096	pos2/attn_residual-17.f32	9cd8eb70b1d304b2008ed27a0d15e6121aa58e42f1f3cb1c4ebc12041d713ea2
attn_post_norm-17	17	2	1024x1x1x1	4096	pos2/attn_post_norm-17.f32	9ce6e46c59e3353d2916dbfde7c75e5393c0cb9c5128e5ef55fcf421646a9814
ffn_out-17	17	2	1024x1x1x1	4096	pos2/ffn_out-17.f32	44356f68756ec3c815f0f67d7c7bd92e05f7cca89ebea6c7bd1e6b6b3a3d61db
l_out-17	17	2	1024x1x1x1	4096	pos2/l_out-17.f32	fac935eecdafabf6b6bdb3ce04acdfeb3194123170a3f9a9b0ae3524a0a86529
attn_norm-18	18	2	1024x1x1x1	4096	pos2/attn_norm-18.f32	5356cb7e8d3325a25af5bad211a00f80736a8e7bc6a2090598b1ea1805ebe9b7
conv_output_silu-18	18	2	6144x1x1x1	24576	pos2/conv_output_silu-18.f32	0c76c11544087f8b6926e4424fb788c969beb2bac38da63194f5a81e461ca229
q_conv_predelta-18	18	2	128x16x1x1	8192	pos2/q_conv_predelta-18.f32	0c566f5ebe236701ef2ec85e43598a97efd2f29f097a6b097e18cc01725cea84
k_conv_predelta-18	18	2	128x16x1x1	8192	pos2/k_conv_predelta-18.f32	79932e5e42a737ee840f9083ec74894dd37b656c730efdff1ac427b62fbbc254
v_conv_predelta-18	18	2	128x16x1x1	8192	pos2/v_conv_predelta-18.f32	13f92d3f7df9bb31e0578fff87c9123a95da08f06519cbf68102eca6d34e5583
a_softplus-18	18	2	16x1x1x1	64	pos2/a_softplus-18.f32	e6da015ff5c9d9c0945b990e57382a165dc82d159edb1339a76003c5b8b55d60
gate-18	18	2	16x1x1x1	64	pos2/gate-18.f32	5e8aa42a3356cccaeff198578762f6e12e489b282ad32e1475aeb545dbe90740
beta_sigmoid-18	18	2	1x16x1x1	64	pos2/beta_sigmoid-18.f32	ce3082418bbeb81fb2d20f661a280fa5a4c7ce6e8e88c82022d4f0b476e8e1d3
state_predelta-18	18	2	128x128x16x1	1048576	pos2/state_predelta-18.f32	95350a8fe4855f72936b3cc02355bb19d417ab1c6e6aca216e551cdc1cf93a6f
new_state-18	18	2	128x128x16x1	1048576	pos2/new_state-18.f32	4f929e533e0e6269e08239c49b0a44fe164eceb717e1711e5ac829a0ca2a99b8
attn_output-18	18	2	128x16x1x1	8192	pos2/attn_output-18.f32	4a2db034a8341be9ca5f459c099b6e2596f7fba14c3fbd51e5c50d7e2164fda2
z-18	18	2	2048x1x1x1	8192	pos2/z-18.f32	643b895a2ecd196aa5b00dee25c8644a4456386d5ae8d322110ff6d98fc4b671
final_output-18	18	2	2048x1x1x1	8192	pos2/final_output-18.f32	8a73456a550acb5502992eed791d4a08ec4ff5fd806a8e4fd702a4a600afbeac
linear_attn_out-18	18	2	1024x1x1x1	4096	pos2/linear_attn_out-18.f32	e1b03ce805e4d8eb76eff99ec2dba518529fa60420a1912edced3c9ced3791fb
attn_residual-18	18	2	1024x1x1x1	4096	pos2/attn_residual-18.f32	02b8d4a9378a05b8ca1b778a60652caa870e653d0a686a2b8c4faad0b7db4e10
attn_post_norm-18	18	2	1024x1x1x1	4096	pos2/attn_post_norm-18.f32	b6d987c0be681be14b11625c039e055a24e43c8d7d895d3f74e074d865fd2af6
ffn_out-18	18	2	1024x1x1x1	4096	pos2/ffn_out-18.f32	6fe0c0d0e403c76c210ce6705da4df882222f8fdb5d3021506d28454cc5e9b4f
l_out-18	18	2	1024x1x1x1	4096	pos2/l_out-18.f32	0820c58baa779c39338db21875e3bd49be9c13025a68075233b6b8daf7f807ff
attn_norm-19	19	2	1024x1x1x1	4096	pos2/attn_norm-19.f32	eecaa9d02c1422d6c7c9830e74ebbe8df4e7f8e635c48b9c69962bbab63b8e26
attn_pregate-19	19	2	2048x1x1x1	8192	pos2/attn_pregate-19.f32	2d6fa6a010ae6f388bac6658b1ccdc7f5570d66200864068c610df1363266b4a
attn_gated-19	19	2	2048x1x1x1	8192	pos2/attn_gated-19.f32	1fe0519aafcc8ae65a27cd1864d78814f3251314441d4b761cc42c86372342c7
attn_output-19	19	2	1024x1x1x1	4096	pos2/attn_output-19.f32	19985968f9c8661a3eeaab1a7551d04d91ee2e3c6ce0fb9ddd25f0d0eb9b0013
attn_residual-19	19	2	1024x1x1x1	4096	pos2/attn_residual-19.f32	ab69ed451ec59582803c07b82b1f943278ae67b8b2db9844ce6fecc569482bde
attn_post_norm-19	19	2	1024x1x1x1	4096	pos2/attn_post_norm-19.f32	404f23b1159c1db185aa5645fe28577bc5e41651644fe48fa877663649a80d06
ffn_out-19	19	2	1024x1x1x1	4096	pos2/ffn_out-19.f32	44b121c401250ac6069065499671e9ff7a9e35ee4f8fcc870852bc3022a0d39a
l_out-19	19	2	1024x1x1x1	4096	pos2/l_out-19.f32	4f37c0b006be25fc3ed99060c2764ff2ecd0c4d6e4b3d332d1f5b90a8a896730
attn_norm-20	20	2	1024x1x1x1	4096	pos2/attn_norm-20.f32	96cc05aedad4498240b24527dec82deac5806e859ceb4af5a01332756fe69dc6
conv_output_silu-20	20	2	6144x1x1x1	24576	pos2/conv_output_silu-20.f32	1901bec29931d544f498c047e609d9cdc419e041e54b80e587b2970a6318de21
q_conv_predelta-20	20	2	128x16x1x1	8192	pos2/q_conv_predelta-20.f32	69bf413fc5de864c84f0a8c6f3dd5c74e349348a7e21049da51ed6c3d0eec5dd
k_conv_predelta-20	20	2	128x16x1x1	8192	pos2/k_conv_predelta-20.f32	1185afb75bc98f9267363a269c2b9080f54a3a70169fab8ae235996c9c77452e
v_conv_predelta-20	20	2	128x16x1x1	8192	pos2/v_conv_predelta-20.f32	971ffab1fc8a3c429c3fd3dd24e2275b152766dd6669c14e9f8c1980b7238e88
a_softplus-20	20	2	16x1x1x1	64	pos2/a_softplus-20.f32	3d7d8b15e4f541628dc70096f9e6477387e9da5a657a40e8c13e073eb6bc91d3
gate-20	20	2	16x1x1x1	64	pos2/gate-20.f32	472170dcbb399de382d6d539738fa05c26e1d955071a9456d3b818bc87194fdd
beta_sigmoid-20	20	2	1x16x1x1	64	pos2/beta_sigmoid-20.f32	8661c4f25ad04fca74b85d30b6a73b0595ec0c134409e30e09be58213aea5145
state_predelta-20	20	2	128x128x16x1	1048576	pos2/state_predelta-20.f32	8d8ec5df4b8991a100dcb95c27533a50de223a654f8e7cbad413e21d48649836
new_state-20	20	2	128x128x16x1	1048576	pos2/new_state-20.f32	250be3a5e081fe1b2565f1b96fff96542f192d63dc2c1e3fa2291c9e64afb3ce
attn_output-20	20	2	128x16x1x1	8192	pos2/attn_output-20.f32	7439254f75a3feeaf2625e2f2261d894b7e8b46598b1db3f3ca30ac01122c374
z-20	20	2	2048x1x1x1	8192	pos2/z-20.f32	8b7fcdf031c32f6ee1cae621dcf79181fd16d30b40bec78bbd9c8cd50b52f315
final_output-20	20	2	2048x1x1x1	8192	pos2/final_output-20.f32	0fd67c9b775dc4c358e7a98c93fd3e08e69d781bac98d08780cf57d977b8d9b7
linear_attn_out-20	20	2	1024x1x1x1	4096	pos2/linear_attn_out-20.f32	b62b77b958af3403d1e197c2d0123cff513a190e411fc27de4b2f919ad897545
attn_residual-20	20	2	1024x1x1x1	4096	pos2/attn_residual-20.f32	f38567526af1a0fc93d33cadfb61066b7d6d10ade1ddd1778a615547ea03ba7d
attn_post_norm-20	20	2	1024x1x1x1	4096	pos2/attn_post_norm-20.f32	1ca7283e9b3d0e95fa33ab3a23ff4aa65e87c771186424f611dec67ac53b6fcd
ffn_out-20	20	2	1024x1x1x1	4096	pos2/ffn_out-20.f32	66318b3b91eed7d3e68b516eb785519f6ac2a88e991d3e688cb605e4b46b7af6
l_out-20	20	2	1024x1x1x1	4096	pos2/l_out-20.f32	fa366c6e0fd741051020f3369a263e2eaaabe93607f825b54db3e1ade1ae8605
attn_norm-21	21	2	1024x1x1x1	4096	pos2/attn_norm-21.f32	9d8f1717bdf3a4fa3ca326e3b35a2037ced7426b7113b10c70709dd9a25ecc88
conv_output_silu-21	21	2	6144x1x1x1	24576	pos2/conv_output_silu-21.f32	cfeacaa7a131b7461dd3a18a92c81c150bca70372e6c5cd3baf7db7160692640
q_conv_predelta-21	21	2	128x16x1x1	8192	pos2/q_conv_predelta-21.f32	d1e1a44d57854e7d3d8c89f68f02063343d449a659c9de4540f27177a997b1a8
k_conv_predelta-21	21	2	128x16x1x1	8192	pos2/k_conv_predelta-21.f32	55ba11d342109793f0e068780a0e25e88a3f75d588d8f7d56279a2010bcaefca
v_conv_predelta-21	21	2	128x16x1x1	8192	pos2/v_conv_predelta-21.f32	b5b8f14f258ad2ab9fd944223e43a506ec994ee8a5b1f94503e46133ce53f3b6
a_softplus-21	21	2	16x1x1x1	64	pos2/a_softplus-21.f32	fbfde63b8eff5afeb01fd7aee20c36bc13c7bb83e4cfe737c125cd6dfb251321
gate-21	21	2	16x1x1x1	64	pos2/gate-21.f32	c14390f1c1afe1a85f3be1a441cf8f845f721986005c0157d3b8dfd9c2ee56d9
beta_sigmoid-21	21	2	1x16x1x1	64	pos2/beta_sigmoid-21.f32	844f62008633d510857015c65b0dfe9b7eecd5ed8c11bdcf40556d1c6c560f0d
state_predelta-21	21	2	128x128x16x1	1048576	pos2/state_predelta-21.f32	fc0e4bea641237099b9a33ca6bc4cc2ebe5269a423650c7b3017e596732a8fda
new_state-21	21	2	128x128x16x1	1048576	pos2/new_state-21.f32	f7e0487563d7e7cad90af12708a04a0e1b0f631b35b9d591c3990e292c789ba0
attn_output-21	21	2	128x16x1x1	8192	pos2/attn_output-21.f32	a6934a9cc001538d03924e060518f463b510ace8afce63a17df98cbc27622c4e
z-21	21	2	2048x1x1x1	8192	pos2/z-21.f32	4766869d64131db33587ed9dfdbae0c20e1fd70c09e01e78d51159be1aa48f15
final_output-21	21	2	2048x1x1x1	8192	pos2/final_output-21.f32	295d3a05701ba2489493e262f8265aaac344a92a0633436ccc010791e70bcb99
linear_attn_out-21	21	2	1024x1x1x1	4096	pos2/linear_attn_out-21.f32	75795b26769df4588be62a8f061189f7262905393cab1f63a3cbe25c566db2f9
attn_residual-21	21	2	1024x1x1x1	4096	pos2/attn_residual-21.f32	b8cc3b98577955e8731980881d36fa8341212636e091cc4b20bfdd47759fb46c
attn_post_norm-21	21	2	1024x1x1x1	4096	pos2/attn_post_norm-21.f32	46a7ffef7b3103725c227da328b6dcbfc0b3711ea39495d830cacd11e18c97ad
ffn_out-21	21	2	1024x1x1x1	4096	pos2/ffn_out-21.f32	a2a332c42621881b38ba744ff6a49b155b8d8cdbcb7e769522db1390423f53bd
l_out-21	21	2	1024x1x1x1	4096	pos2/l_out-21.f32	ebee4b2f023d26aa941b04b20c67dd936a79fd78406eba0123d63ab7ad6efc60
attn_norm-22	22	2	1024x1x1x1	4096	pos2/attn_norm-22.f32	0c359f5ca23c5fd33acb84499d3a86b47a4d2b845c888e041f6afe234f0ac23c
conv_output_silu-22	22	2	6144x1x1x1	24576	pos2/conv_output_silu-22.f32	2773d29fee8347299deb4357f11a5aeb5fc4d658e15f9ee19b2407a0f41f6eeb
q_conv_predelta-22	22	2	128x16x1x1	8192	pos2/q_conv_predelta-22.f32	f5fdba8616da7f9a7f5ffdb74dfe747d1d386d202afa4a68efce29513f7c5e3a
k_conv_predelta-22	22	2	128x16x1x1	8192	pos2/k_conv_predelta-22.f32	606cff538938748caca345143ed94495fb97dee4d702906269149f7a86732f18
v_conv_predelta-22	22	2	128x16x1x1	8192	pos2/v_conv_predelta-22.f32	46a87f3a80d7cf0af54e86c86ffea50c8e2cb791e90e3b9a2bd0406226398669
a_softplus-22	22	2	16x1x1x1	64	pos2/a_softplus-22.f32	46c58c2677710c26221634be8cc79f0e774fbab8513337519bbfa0b984148d23
gate-22	22	2	16x1x1x1	64	pos2/gate-22.f32	9dce876064816664b7f8797b5b593b7a71d68882f9f5a28c0f8e3f078b5d03f0
beta_sigmoid-22	22	2	1x16x1x1	64	pos2/beta_sigmoid-22.f32	46443e43a078f2273f7fd8dc772adf100b38a0339570e95aee4ed90ec7d7465e
state_predelta-22	22	2	128x128x16x1	1048576	pos2/state_predelta-22.f32	0ebd272145a66d3fe8b471bd2c78afa39d18627039a5b1f514c86d6fc7fd1f06
new_state-22	22	2	128x128x16x1	1048576	pos2/new_state-22.f32	b79431e102edbb90d76b9b80c827d5cf940f8fa5b2e121db424f82a446044abf
attn_output-22	22	2	128x16x1x1	8192	pos2/attn_output-22.f32	2998d3ecdf0406f4a62a0e0e04ceb31d7b54e7a142adffeba56dc1ec1f97c4ad
z-22	22	2	2048x1x1x1	8192	pos2/z-22.f32	320366d2c1128a01d2c364fae2ba79a2bfe1e8b129f0b8285632e5826a0e35b0
final_output-22	22	2	2048x1x1x1	8192	pos2/final_output-22.f32	111d241f082ff022e615ef17bdc215dd724bfef1c548fa9ff76a2b7d10c75ad6
linear_attn_out-22	22	2	1024x1x1x1	4096	pos2/linear_attn_out-22.f32	3dfb187e0aeb12c4b5f84ca229a13b31dc0cb5537d4be974c3c9bbda7b393ce7
attn_residual-22	22	2	1024x1x1x1	4096	pos2/attn_residual-22.f32	13fa529c54bd3b4d3a22ec32a1cd3143c0495d3ed4fa8f1784f3a8c6b557660e
attn_post_norm-22	22	2	1024x1x1x1	4096	pos2/attn_post_norm-22.f32	18655179508f0c60a9a66eb555d9f0ea07afdc18ea3a5520622bf9c3ee8f8c22
ffn_out-22	22	2	1024x1x1x1	4096	pos2/ffn_out-22.f32	0eef3b9debc82f00440cb89e136a2aa54fad92731a0e8f8c3d98496dab27175d
l_out-22	22	2	1024x1x1x1	4096	pos2/l_out-22.f32	05859b05a4713e4f546ca1aec2412c1a54226dbc42795f5b4f9af5737d2f1399
attn_norm-23	23	2	1024x1x1x1	4096	pos2/attn_norm-23.f32	07ed6417610cb29a1efd77f55cb41e07cbe3a104b2885fc45a3568c84cfcb041
attn_pregate-23	23	2	2048x1x1x1	8192	pos2/attn_pregate-23.f32	9e7717d885e3e3e8c8f57bf77ce087b8644171dbb9c5bfa1718d83672beeac0d
attn_gated-23	23	2	2048x1x1x1	8192	pos2/attn_gated-23.f32	38dd0e284df418e7adbba02e01cfecfd893c3d4d82c94cf15c662c89c6e6ea8c
attn_output-23	23	2	1024x1x1x1	4096	pos2/attn_output-23.f32	2fdc521f7e99965efccdcf6562fe20d3383f95ebd79bbf0586c51e52af1a41e3
attn_residual-23	23	2	1024x1x1x1	4096	pos2/attn_residual-23.f32	dbdb8d960eb8f8577c71a2af2280af6d1fdfa61b9643ad84f7a4e40250dc7b29
attn_post_norm-23	23	2	1024x1x1x1	4096	pos2/attn_post_norm-23.f32	9a6cec933ab4ddd4456b2d22de22ddb2c92cf5b1187e6f5654470f12223c6d62
ffn_out-23	23	2	1024x1x1x1	4096	pos2/ffn_out-23.f32	63f3949eceec7d5ca9232781ce6eb13e85f173b85cfacb2910c7e236a1188640
l_out-23	23	2	1024x1x1x1	4096	pos2/l_out-23.f32	56baa3d2f6e019246fb78682c2a3ce32e813e3d1d3f6a114d533c40a01967519
result_norm	-1	2	1024x1x1x1	4096	pos2/result_norm.f32	fd64baa151ed6271f125f96310328344ae15c91424ec26052df002d35fd5cd53
result_output	-1	2	248320x1x1x1	993280	pos2/result_output.f32	04ee71c565a9d68de1b8af3cfe9a4168755aa1245d2dfe0588db0c80a0a06cda
model.input_embed	-1	3	1024x1x1x1	4096	pos3/model.input_embed.f32	58800e60994aaed001f2732a140e2002cc59d01c60217736438fd8dc8c27a97c
attn_norm-0	0	3	1024x1x1x1	4096	pos3/attn_norm-0.f32	8f4cc81054982617133fbbdee73abd58e024e10f1b90d5311c3bda59bb6058db
conv_output_silu-0	0	3	6144x1x1x1	24576	pos3/conv_output_silu-0.f32	b2b177be4116d8b0bdbdce02abf24fa969d3bb78b4a022884e67ba145bfb251d
q_conv_predelta-0	0	3	128x16x1x1	8192	pos3/q_conv_predelta-0.f32	4dbf5db6f114d8b9b13856c772b119fb14cff49c536e8e1bf697570f03b01a93
k_conv_predelta-0	0	3	128x16x1x1	8192	pos3/k_conv_predelta-0.f32	afc9992977c93b88d46fa74407c9d3827626c1bfd15b5d2c0062e80eb926fe98
v_conv_predelta-0	0	3	128x16x1x1	8192	pos3/v_conv_predelta-0.f32	58463d76244c47f3e5c1e8c3af83fce799e19e780e7e3fd858975608bc983ebd
a_softplus-0	0	3	16x1x1x1	64	pos3/a_softplus-0.f32	207a23bf5c6375204a81df599e0392460a1fc8dac014f291d981374b912011a9
gate-0	0	3	16x1x1x1	64	pos3/gate-0.f32	f72a189633ed1a64896ae8a7257056274cfbe97d63ec3039338ba69e3c1011ff
beta_sigmoid-0	0	3	1x16x1x1	64	pos3/beta_sigmoid-0.f32	e9c8a0177b82260d097a786c0c6805e4b24fc3eeae48bbc558a1edb8dfa09ed2
state_predelta-0	0	3	128x128x16x1	1048576	pos3/state_predelta-0.f32	e3a7803ee20829e87d14c87a3a9ea446f6ed1506843aef23bf1c527d38fc7397
new_state-0	0	3	128x128x16x1	1048576	pos3/new_state-0.f32	4db842783a08ebc51cfbfc9a2dbaae174c2dd7ac3d98d44107d554bb60ddb4df
attn_output-0	0	3	128x16x1x1	8192	pos3/attn_output-0.f32	9f0c2d3000040af0050a70d5052e8ef25192b02fd20d116a4f32b8696a04ac11
z-0	0	3	2048x1x1x1	8192	pos3/z-0.f32	526a059815a3d34da3c1c48954bcef999a02a33ad72c56a40e5771bc30cfbd1c
final_output-0	0	3	2048x1x1x1	8192	pos3/final_output-0.f32	efe78cacdadb6b9fdfa3e09d220a50f874607017e54930f680027d29757b77e8
linear_attn_out-0	0	3	1024x1x1x1	4096	pos3/linear_attn_out-0.f32	ee3034df2873d1e64c9f4bc9413e2cfbf7cc51690e1c406846d1643cf0afeb4c
attn_residual-0	0	3	1024x1x1x1	4096	pos3/attn_residual-0.f32	506db680e07d4b916642aae19301374e2117316668e358ff606f531ea8b16394
attn_post_norm-0	0	3	1024x1x1x1	4096	pos3/attn_post_norm-0.f32	b0b9bfa76d0b9e1f49a0c87684d97fc2c63f4e07d06a23036b924cb1951753e7
ffn_out-0	0	3	1024x1x1x1	4096	pos3/ffn_out-0.f32	dcf824e89b9965c3f6e77ce771f4f31722115060233bce042eb3059cde4de13a
l_out-0	0	3	1024x1x1x1	4096	pos3/l_out-0.f32	5daecab48673763b41d7a5b9df09e4e7011b1800524386021510102b512a8979
attn_norm-1	1	3	1024x1x1x1	4096	pos3/attn_norm-1.f32	bb9605930681aaec86123352594ec7fe29801e76ba6ceae0a318563709ecc8ea
conv_output_silu-1	1	3	6144x1x1x1	24576	pos3/conv_output_silu-1.f32	d84febd0c0d767d7859e4409e4941267b81eb0c1917b3d59c6677d9b23522160
q_conv_predelta-1	1	3	128x16x1x1	8192	pos3/q_conv_predelta-1.f32	3e4c8138635b30ec4455a8d7f69d6b2e11077e29cb6affaf9cb023f13ed89148
k_conv_predelta-1	1	3	128x16x1x1	8192	pos3/k_conv_predelta-1.f32	abd3371553cb727829496b4637946f16ceae2e9f872bf92c58840c5ddf52c1ff
v_conv_predelta-1	1	3	128x16x1x1	8192	pos3/v_conv_predelta-1.f32	43ea16cfb5ab83503023c1d02adeb65b48c3bc19843321ca2a612110dbf9f4cf
a_softplus-1	1	3	16x1x1x1	64	pos3/a_softplus-1.f32	a59b98e48fb989b192a570c29510bed9fe15094c26eea8d44338ec115d917bb9
gate-1	1	3	16x1x1x1	64	pos3/gate-1.f32	656388d149ef68257ed83bfb05b0430923b8700f3a1d7047a99db5dd78a293ae
beta_sigmoid-1	1	3	1x16x1x1	64	pos3/beta_sigmoid-1.f32	711716b987509c2146190f25988688ed183963e719a8ab07f118fd13a460e6c9
state_predelta-1	1	3	128x128x16x1	1048576	pos3/state_predelta-1.f32	50a650022b6955d8af911cacd143b2b007426c0695e2e8f6165f7d0a8166cded
new_state-1	1	3	128x128x16x1	1048576	pos3/new_state-1.f32	852fd5e08a4e453f7166f77a62b685571f9f4c14fef212575762f93a947fb6af
attn_output-1	1	3	128x16x1x1	8192	pos3/attn_output-1.f32	5b5a6f81608fc3b4292c74517c255a02dc9ec79e96b0444c9e3f45c1a0838921
z-1	1	3	2048x1x1x1	8192	pos3/z-1.f32	b34a5a3af273c0352e8ea4bfe8934b9fdd1ca64687ad6bbd88910bcfb6ab9c61
final_output-1	1	3	2048x1x1x1	8192	pos3/final_output-1.f32	320496593340a998d36662af19cb3e998f00a802cde49ca8b237483a1ee75e17
linear_attn_out-1	1	3	1024x1x1x1	4096	pos3/linear_attn_out-1.f32	2a8a201eead86d57216b9e47dc259117c5e8dae6593e3a9acbbb4bf799869db2
attn_residual-1	1	3	1024x1x1x1	4096	pos3/attn_residual-1.f32	b166791d821fb8929ac6a79e3b26c05a6014ca193bd8986aa7ffab10a6297573
attn_post_norm-1	1	3	1024x1x1x1	4096	pos3/attn_post_norm-1.f32	35a753e359a1431a4961ef6d4aa224192af6725c451d060ac773e11821acbe08
ffn_out-1	1	3	1024x1x1x1	4096	pos3/ffn_out-1.f32	1df82df79b71bd02b2e97194f56e85aac13aa6933d6d972958b075d58cc7647a
l_out-1	1	3	1024x1x1x1	4096	pos3/l_out-1.f32	bfd67bfb70b2efe27f46abe08ed23d940009b13a603e4d97f79fd1d16d38b246
attn_norm-2	2	3	1024x1x1x1	4096	pos3/attn_norm-2.f32	5cb959ebc34e59cb26d537271c06b820c5e40b052361f681ff8e65b0054e1912
conv_output_silu-2	2	3	6144x1x1x1	24576	pos3/conv_output_silu-2.f32	40afe41783d16ad80affe6d08f03c8363194609ec12bc349c2ee3f0076ab1f08
q_conv_predelta-2	2	3	128x16x1x1	8192	pos3/q_conv_predelta-2.f32	d942b47b90654475a85e059473a3456d0a1a02b6ec772df4fd18b9c049ffa5da
k_conv_predelta-2	2	3	128x16x1x1	8192	pos3/k_conv_predelta-2.f32	5d707aa2a5622a1e63a34a36dbeaeae4c12487bdb6773b2576ce52f093046d52
v_conv_predelta-2	2	3	128x16x1x1	8192	pos3/v_conv_predelta-2.f32	7176afccd023612de550eadb5246c18f02fa69140859d0e157915f41c9b7de24
a_softplus-2	2	3	16x1x1x1	64	pos3/a_softplus-2.f32	0508eabb2b44a8be4ca5090155606d85b456cc3fe204551efad3e8b43b6f9302
gate-2	2	3	16x1x1x1	64	pos3/gate-2.f32	59aee47993b3dad4dcc0d51c9c63b57546ca7c8270eced9ebaafe2f248703fb7
beta_sigmoid-2	2	3	1x16x1x1	64	pos3/beta_sigmoid-2.f32	08857a44325edef1f1e5cb98d73cefd62528ac67c362d9a2eade102df7491f65
state_predelta-2	2	3	128x128x16x1	1048576	pos3/state_predelta-2.f32	bb171d5a7ca9da9723ec430800bd4d8c811fe1a0d261e47b6e96af95f5496e15
new_state-2	2	3	128x128x16x1	1048576	pos3/new_state-2.f32	7a4416a97fc0a9db69731f83d4b73434ddab6eea07aeec08cf9a89f9352d4bf9
attn_output-2	2	3	128x16x1x1	8192	pos3/attn_output-2.f32	b5aebadd62beefeb0347bac0cc08203f190464578202f97d0de235dbea09998c
z-2	2	3	2048x1x1x1	8192	pos3/z-2.f32	cd5e3cc651cc63a4bb418401b1db4268090e4169aac3dd177074070013fc3f45
final_output-2	2	3	2048x1x1x1	8192	pos3/final_output-2.f32	3fa0c297381334dd0b0efc1dda242adbbd79873d38a51c4677395b95dec5eebc
linear_attn_out-2	2	3	1024x1x1x1	4096	pos3/linear_attn_out-2.f32	6db92c0a7ef736f66772ecdb2e8981ef7e60cacbc9eb12d0c8b81d14acf088d0
attn_residual-2	2	3	1024x1x1x1	4096	pos3/attn_residual-2.f32	f7acda3285f83c2c1c24a3e286d1bc2d5d6351d95fa5ad1f74f75ebdba1ba94e
attn_post_norm-2	2	3	1024x1x1x1	4096	pos3/attn_post_norm-2.f32	d1e70ce4ccc0c73ed9538ca6cf0ee1bcb6ba44f71375e75ad0ceff019f08d317
ffn_out-2	2	3	1024x1x1x1	4096	pos3/ffn_out-2.f32	aeff930a527e25a531ceaad677d09a5e9912ae2e5df2c393681aaa1322b44326
l_out-2	2	3	1024x1x1x1	4096	pos3/l_out-2.f32	d36da14f140fcec0dd5b53bbcf5899917c875e89ca5a54a216888394cd47d547
attn_norm-3	3	3	1024x1x1x1	4096	pos3/attn_norm-3.f32	cbe6ee088de42442f09acb23ebd447e4b0d48bc9d4a5abf9b706036a20be4763
attn_pregate-3	3	3	2048x1x1x1	8192	pos3/attn_pregate-3.f32	9c98dcd98006ef54ff648d0f0a24729fe04228d084e3facc55bef5eeca8ab1d8
attn_gated-3	3	3	2048x1x1x1	8192	pos3/attn_gated-3.f32	7721d5aa5944c1d95fd3ce2b2c169f14add8f0a5e984c43975095467999ecca6
attn_output-3	3	3	1024x1x1x1	4096	pos3/attn_output-3.f32	8c20e455950746f54b0db7e1971cc8dee1bbe731c458e7a5528f185c7f89e696
attn_residual-3	3	3	1024x1x1x1	4096	pos3/attn_residual-3.f32	6e1bf4979644c65fce0f8f77f0bed1d945b343826639e330e7f4066620ca5204
attn_post_norm-3	3	3	1024x1x1x1	4096	pos3/attn_post_norm-3.f32	bc50054c65a5e02ccfa94c8853b821caa0db01db4780fc4612df875b3279f5c1
ffn_out-3	3	3	1024x1x1x1	4096	pos3/ffn_out-3.f32	0f9dc52b3abc71d2acc68696ad61fcf234dd182e6e8d998e6e2b99167751a7af
l_out-3	3	3	1024x1x1x1	4096	pos3/l_out-3.f32	40828f63d78ba2643af1a3edba77fa70adcf2b81ff9094cbe0c6c0940556cd41
attn_norm-4	4	3	1024x1x1x1	4096	pos3/attn_norm-4.f32	17dda664ef00b6d54542a7034abeec2f3844b398b2794fbe3b42303771c035ac
conv_output_silu-4	4	3	6144x1x1x1	24576	pos3/conv_output_silu-4.f32	8ab0a21c8d12793a6c6b5ddebfd0b531902de7ff4111a1c4ad5d919064791276
q_conv_predelta-4	4	3	128x16x1x1	8192	pos3/q_conv_predelta-4.f32	5be7114a31777b6ffb4db61207d3ba4db95f307cac244849ef9149d6af707a2b
k_conv_predelta-4	4	3	128x16x1x1	8192	pos3/k_conv_predelta-4.f32	26fda92688d1bff2daeec69a5ac76c91c2a361b2d199523924c94f2321f19074
v_conv_predelta-4	4	3	128x16x1x1	8192	pos3/v_conv_predelta-4.f32	2d63ae931c44af00e6cf819070ba29fbde6a3b89a697020bade00bbb2c9f77bc
a_softplus-4	4	3	16x1x1x1	64	pos3/a_softplus-4.f32	110ff445e6dab1fe5d5a138568137c4d7d7ad839944bca810d1ad3162f65ae01
gate-4	4	3	16x1x1x1	64	pos3/gate-4.f32	f14b7f5efebe631f50db1bd864d7430fd9f638a450b233635fbb173c693537d4
beta_sigmoid-4	4	3	1x16x1x1	64	pos3/beta_sigmoid-4.f32	8dfb44e8258c325be150935d8c77489cab6be4e70397f3dbe898aabdf7f928aa
state_predelta-4	4	3	128x128x16x1	1048576	pos3/state_predelta-4.f32	dadd63bcf570c4566a23db682ed8f4a0709db8a6dd599b6cd91edc0817f6baf9
new_state-4	4	3	128x128x16x1	1048576	pos3/new_state-4.f32	6edc2be7bfdf1469d86c0aa710b77d03755a08a9a311635cb6dcc952facd25e3
attn_output-4	4	3	128x16x1x1	8192	pos3/attn_output-4.f32	a71544908172d7e9d543411d754a65bc3097e0b605d34331dae12ea76a9cea97
z-4	4	3	2048x1x1x1	8192	pos3/z-4.f32	39d83ae9f08802d0cf8cf5ca3f35893abd3e2f5f3b0e8726947905eed4dca0e2
final_output-4	4	3	2048x1x1x1	8192	pos3/final_output-4.f32	aa53e86a156003ba95659c92c2705bbec65554bb8765c3a6b5954afdf6bbb36d
linear_attn_out-4	4	3	1024x1x1x1	4096	pos3/linear_attn_out-4.f32	0bfa9318b85ed62bea99fe257e50bf31ee35c023b2404ebf62309042614681c0
attn_residual-4	4	3	1024x1x1x1	4096	pos3/attn_residual-4.f32	5098b81e9229bc036d3e16db1e9f0fd6b4c88fc44d99c0206b6455163222f7b7
attn_post_norm-4	4	3	1024x1x1x1	4096	pos3/attn_post_norm-4.f32	960cc022e6b7ec5d686f4682cfb318c4eca317deb14a9a5fd97689ff9d36530f
ffn_out-4	4	3	1024x1x1x1	4096	pos3/ffn_out-4.f32	2f6cb20e198aa999921f3c7624f28cafd0d6b56feac4246051d659ee9e69545b
l_out-4	4	3	1024x1x1x1	4096	pos3/l_out-4.f32	416a5e2f870b4bb407ccf960355e66120d112dab972a7baedbe41724c0bf55cc
attn_norm-5	5	3	1024x1x1x1	4096	pos3/attn_norm-5.f32	bc2e01c7226ea474106551784d0913d2a22625a896fa177e51f605cf6b43ccb5
conv_output_silu-5	5	3	6144x1x1x1	24576	pos3/conv_output_silu-5.f32	c8a672bb42919d39570db0aecb00ee5a985480054337a6718dcd4c76a7308580
q_conv_predelta-5	5	3	128x16x1x1	8192	pos3/q_conv_predelta-5.f32	de9d2168bc5f3b2d30a31d81f699fff645304d22e0c8764269ae594da24c2c91
k_conv_predelta-5	5	3	128x16x1x1	8192	pos3/k_conv_predelta-5.f32	a1bf0db7b4e5fba0482477aaf9f16a9cc12b2efdbf496613b7dc6c5d65e566af
v_conv_predelta-5	5	3	128x16x1x1	8192	pos3/v_conv_predelta-5.f32	04e7b9b99cf37787b2ad8b868a2b47e8d5d9966dae9ad5811f68194ee8678649
a_softplus-5	5	3	16x1x1x1	64	pos3/a_softplus-5.f32	d47d7333679cd13f7508c318139de14a2701686a7fb4b565d425c4c8078ef9fa
gate-5	5	3	16x1x1x1	64	pos3/gate-5.f32	e0f36400d29a575448d73922a80748d299f756a7c2b87d84d5850996ab5400f0
beta_sigmoid-5	5	3	1x16x1x1	64	pos3/beta_sigmoid-5.f32	973b4560c90bf2fa946cf678cfa4c0207198fe1a8f792804ddc32c5118ef5ece
state_predelta-5	5	3	128x128x16x1	1048576	pos3/state_predelta-5.f32	a83e05e3a7b9e01327a619c145706606545a6bb29cf4bfdd03a34b6c1646a001
new_state-5	5	3	128x128x16x1	1048576	pos3/new_state-5.f32	50e77d81728e2d9e55be719b711c5bcf447fd909e85d27fc0dd6165246bb4751
attn_output-5	5	3	128x16x1x1	8192	pos3/attn_output-5.f32	245a36c74277e202604babc2d6f24a4345ee6a4f57a48510529de3a15775f722
z-5	5	3	2048x1x1x1	8192	pos3/z-5.f32	91dcad413b9de1ad0a7ef5d994b38e99aefd044ba89516f6da007bc50393cc37
final_output-5	5	3	2048x1x1x1	8192	pos3/final_output-5.f32	5dc8c7d4e493f5d0ad9994a1d58c187cdbc074beca9ad691b89d9fd767eceb62
linear_attn_out-5	5	3	1024x1x1x1	4096	pos3/linear_attn_out-5.f32	177c0dc23ef992ef532827e61325c666b56a2bdf5df4c5ed395aadab8a831d08
attn_residual-5	5	3	1024x1x1x1	4096	pos3/attn_residual-5.f32	e313de756129caa623cbec2fede365e9557bb2783c9ade679b20ff10b5d10162
attn_post_norm-5	5	3	1024x1x1x1	4096	pos3/attn_post_norm-5.f32	a474cd6f0d8d449e810f79f6801a1331b1c9378b3d76c25eb8d60827744905b0
ffn_out-5	5	3	1024x1x1x1	4096	pos3/ffn_out-5.f32	fb15584115bf8911bd05232b09db2fb374af490817e27dd800c6d732ea8d434f
l_out-5	5	3	1024x1x1x1	4096	pos3/l_out-5.f32	10b29121051ce1f2e5c9233a3c6e670a027c4559ff3ee9f9f06c3d89cc177c3c
attn_norm-6	6	3	1024x1x1x1	4096	pos3/attn_norm-6.f32	88020f8f38d5fb629b854fb2ca10a3bbe8d81489822adc6fa291b1e7c9194d54
conv_output_silu-6	6	3	6144x1x1x1	24576	pos3/conv_output_silu-6.f32	7f02c9fe83896bfd1d963afddb5a0826390595d23139d3db19c5475ff8dfd803
q_conv_predelta-6	6	3	128x16x1x1	8192	pos3/q_conv_predelta-6.f32	8e61ca30b59ceeac76b0d16650cbc9ceae14ff249b0e707ba92d982d06019483
k_conv_predelta-6	6	3	128x16x1x1	8192	pos3/k_conv_predelta-6.f32	d21441b3c0f1c37ac03cfbe6c1518cbc15ce5a4438ab1763a58285b9a0a2b6af
v_conv_predelta-6	6	3	128x16x1x1	8192	pos3/v_conv_predelta-6.f32	6d474465e542f03620782035c542c06f2438b3510cc9aa79571e9307bc6a41ba
a_softplus-6	6	3	16x1x1x1	64	pos3/a_softplus-6.f32	e2414b10161497c79dc602140d6c1c70178f689d09029f5eeeccd277efe3a205
gate-6	6	3	16x1x1x1	64	pos3/gate-6.f32	a28504a0aab854071608f4b4f5523554f648336b4de24d2c57fbf532ec797bb3
beta_sigmoid-6	6	3	1x16x1x1	64	pos3/beta_sigmoid-6.f32	7cca425354bb046fd6bbfeec767db8cbd01250a3dc12b9a0d81b2fa32865af90
state_predelta-6	6	3	128x128x16x1	1048576	pos3/state_predelta-6.f32	6ae87dfcda85c6f5d4d0c77b36e8ed9af8cfde413ce9e253f44fe5f1b23308d3
new_state-6	6	3	128x128x16x1	1048576	pos3/new_state-6.f32	5d4703be73c31950c3a93be0c2ced3148dfa5771cea584d9283eebeb4f0f2aad
attn_output-6	6	3	128x16x1x1	8192	pos3/attn_output-6.f32	8a2ef2f3d70f90942a7e03c4e08749f2b0c5cad989846da556f7d4bd6899e19b
z-6	6	3	2048x1x1x1	8192	pos3/z-6.f32	c4738a6dce229c80f0d4c55a864efff7f9ea81a3ffabf7f6e9d78c280b191781
final_output-6	6	3	2048x1x1x1	8192	pos3/final_output-6.f32	f2f063061f57f0a511d805cb5a04f11cc16e25b7bb0ce42279c874021bcd6ea0
linear_attn_out-6	6	3	1024x1x1x1	4096	pos3/linear_attn_out-6.f32	bac5761008f67a264039c67877946e8e7f8e6cb63211aa1b01337880f9312918
attn_residual-6	6	3	1024x1x1x1	4096	pos3/attn_residual-6.f32	a0603fcaa24fb04e7dd6847ca97e5a5489afa055df2d2a5052714be78f615032
attn_post_norm-6	6	3	1024x1x1x1	4096	pos3/attn_post_norm-6.f32	934e2437ce06b2c6601f743768f0a47b3f9d2aefbc79cdca2e5bfd54bbe637bb
ffn_out-6	6	3	1024x1x1x1	4096	pos3/ffn_out-6.f32	e4e7024d81eab199186b79d522a00443eeec18029933ff1a0389db1e23442894
l_out-6	6	3	1024x1x1x1	4096	pos3/l_out-6.f32	c6a6c86a4f136a15a15aa19ee5c2956f36ba08cd304b65582ab2f0879608573b
attn_norm-7	7	3	1024x1x1x1	4096	pos3/attn_norm-7.f32	65db9935785e78628d9204ce8740cc03bb67c8e3cc11416e9720237beb172d75
attn_pregate-7	7	3	2048x1x1x1	8192	pos3/attn_pregate-7.f32	52166cc2e99ed54d25a8efa3855e93fd8d291d945e1a0bf18adc965f4861d84c
attn_gated-7	7	3	2048x1x1x1	8192	pos3/attn_gated-7.f32	9a7c20463017cb19079a8b1b0f798ef59b547f36d32abce05501e50f4eff9cd8
attn_output-7	7	3	1024x1x1x1	4096	pos3/attn_output-7.f32	de32656b96191ecf54c959247ee60cd47b658b8a8bfd75acedbc89cdc34a2222
attn_residual-7	7	3	1024x1x1x1	4096	pos3/attn_residual-7.f32	7f91451cb319e20ace99c8106f2e46c959ae1faab09941f3d6fafa1b23df4b32
attn_post_norm-7	7	3	1024x1x1x1	4096	pos3/attn_post_norm-7.f32	2c39149798c340198132ad070ea2732ebd01f0ab58db19e3aa8f3b01bc542a04
ffn_out-7	7	3	1024x1x1x1	4096	pos3/ffn_out-7.f32	10b1b2fa8e7909fe01be8adfd58e1e266153864aec6aa79da310750276c3a477
l_out-7	7	3	1024x1x1x1	4096	pos3/l_out-7.f32	8b6f4100e5719aaee3bc82428da4f2cd5f9c3f074a9025b863724beb8ec0c27b
attn_norm-8	8	3	1024x1x1x1	4096	pos3/attn_norm-8.f32	56fa185e14596444ac1e694462d5f5651954132e72f411946d94286e53be6967
conv_output_silu-8	8	3	6144x1x1x1	24576	pos3/conv_output_silu-8.f32	315601bbab0919cc3c75b5f18f703249f9bf121afee9902494b00c0a386399c9
q_conv_predelta-8	8	3	128x16x1x1	8192	pos3/q_conv_predelta-8.f32	5b4c7e3115d792ab628507b08233129724f39c8f5cd35e284ff5a968224f0165
k_conv_predelta-8	8	3	128x16x1x1	8192	pos3/k_conv_predelta-8.f32	17094bf74950714ef2e52aa2bdfb569f85716c6927433c2789a8df1b1ee700e7
v_conv_predelta-8	8	3	128x16x1x1	8192	pos3/v_conv_predelta-8.f32	75734e317b74b220ea7db2864fc28974243a98df4cebbc049164e294c793b340
a_softplus-8	8	3	16x1x1x1	64	pos3/a_softplus-8.f32	85eb7814eb9ef235e796bc438e65f9aba068ffeece9772f9673c5fe0c3397d3c
gate-8	8	3	16x1x1x1	64	pos3/gate-8.f32	dfc1044355f87695b93e39b11d8d997f6912b9a8b772d2635bd0db02ad9ae70f
beta_sigmoid-8	8	3	1x16x1x1	64	pos3/beta_sigmoid-8.f32	bd63268cf420effd5e125af8e4b81fa3d27a48d662287e4c408a7485b840549e
state_predelta-8	8	3	128x128x16x1	1048576	pos3/state_predelta-8.f32	519620ed06bc0c507c581ad6e130c54f323502b0bf50868b6ca5e92bbcff9833
new_state-8	8	3	128x128x16x1	1048576	pos3/new_state-8.f32	6cbb9d6444303817839d6f5faa1ba56a654ad247f86653e4fbbb32a987106947
attn_output-8	8	3	128x16x1x1	8192	pos3/attn_output-8.f32	96bbc01541fc7b72ecf302da44ecde77438f5e12ef0a0ced79190971d87b28e2
z-8	8	3	2048x1x1x1	8192	pos3/z-8.f32	39986c4dcfd3c0777a2358c3fafb45070b91910bbcb4d3f0d2da7c3ec1226389
final_output-8	8	3	2048x1x1x1	8192	pos3/final_output-8.f32	653fea811c0708aaf96b03e1c3d35660eaa8e38e7dbb4cf85f16efe48f69c121
linear_attn_out-8	8	3	1024x1x1x1	4096	pos3/linear_attn_out-8.f32	7e0c98883f8e1a7228863d5b912e8a5827f3872b7bde856d9c26215eeb30687e
attn_residual-8	8	3	1024x1x1x1	4096	pos3/attn_residual-8.f32	ad113e465b16fa049dc62214cbd100ecc13897008d8a138c10f03e37b0d0c924
attn_post_norm-8	8	3	1024x1x1x1	4096	pos3/attn_post_norm-8.f32	b256024dbed06a33ab6420ec9ff9d72efc6f717c6b73fa0b331e00349eb4daf1
ffn_out-8	8	3	1024x1x1x1	4096	pos3/ffn_out-8.f32	4c6df6b95a90bc5525704eb640d815c2dabb13d4f9006e16fd1e23f18520abe7
l_out-8	8	3	1024x1x1x1	4096	pos3/l_out-8.f32	2a9c6800be7363f4a66ebeffe502a1582679cda0c1fc5c6d07ded998547e1c37
attn_norm-9	9	3	1024x1x1x1	4096	pos3/attn_norm-9.f32	93e11bb61eb86e1013c0da4a0c98aa6352569b309444d3dca4456a140c99ec89
conv_output_silu-9	9	3	6144x1x1x1	24576	pos3/conv_output_silu-9.f32	7c63c8999892d3f6054bdf59a0cdd25ae08d0fa0ef7fb97146046ec0d8bf1458
q_conv_predelta-9	9	3	128x16x1x1	8192	pos3/q_conv_predelta-9.f32	0ad4d201735796d571f4a20feba60960e3955fc75374a8a824cd7bc6b16ae761
k_conv_predelta-9	9	3	128x16x1x1	8192	pos3/k_conv_predelta-9.f32	e088b63ade25aaa14b9345be97f34944b1b423b09d9611aab412a2f15c6012c9
v_conv_predelta-9	9	3	128x16x1x1	8192	pos3/v_conv_predelta-9.f32	d2f8ae246b5ad7d9d4d22a732b9dd5330660e2464686e5f93a27338bd68bcd59
a_softplus-9	9	3	16x1x1x1	64	pos3/a_softplus-9.f32	ed568033fca8744c3df77721f47433c6fccf051b94ea205407c5683eb4028eba
gate-9	9	3	16x1x1x1	64	pos3/gate-9.f32	e121dc8fb1bbb1b500db93c86038459d730d9c6828402feb50c0cae678755972
beta_sigmoid-9	9	3	1x16x1x1	64	pos3/beta_sigmoid-9.f32	bdc64e0aef99caaead6499055dc084dda1c6c1a27cab2029d4a74e0dd89186a5
state_predelta-9	9	3	128x128x16x1	1048576	pos3/state_predelta-9.f32	5bee2eee9d273304cca9edc76f71b0e6689251b39c46e8844dd5ddcc06d549d0
new_state-9	9	3	128x128x16x1	1048576	pos3/new_state-9.f32	d8f92fc800deab7d18e5ad7f301451e7cc172b9b53e129b6bd7d4d2dcfbda658
attn_output-9	9	3	128x16x1x1	8192	pos3/attn_output-9.f32	553b32e488e009213a79d06ff680c3641fd77cdd52dc50c0e1ca7a9a33c7aca8
z-9	9	3	2048x1x1x1	8192	pos3/z-9.f32	3fff0a976917d961d84e6cd729ddc14b80436b3ff1b431626f89b894a09bb5d2
final_output-9	9	3	2048x1x1x1	8192	pos3/final_output-9.f32	04dde5d3824a60713c20c5b0f83e68a9bd13ed9a47db0d22107b01675642067e
linear_attn_out-9	9	3	1024x1x1x1	4096	pos3/linear_attn_out-9.f32	c4444de44f29ea85494eecbd0923773af72e80dc895791564e365eaa57252a3d
attn_residual-9	9	3	1024x1x1x1	4096	pos3/attn_residual-9.f32	bf5c12629330fd0f6a127bfe42589f069beddec23a5c85945c57564851d770e6
attn_post_norm-9	9	3	1024x1x1x1	4096	pos3/attn_post_norm-9.f32	9e135807e906c8554cd7ed95c8fa703a76e0e31183d0a2438765654c81268bc6
ffn_out-9	9	3	1024x1x1x1	4096	pos3/ffn_out-9.f32	2d585ee63145c912edbdc200073ce2a4eb0864f089d0f883ef4bf6c8011ff9dd
l_out-9	9	3	1024x1x1x1	4096	pos3/l_out-9.f32	cdddd12bbe58fe30605131dbf6e4f8e790e5e7cb8a1b411010432191b6391f41
attn_norm-10	10	3	1024x1x1x1	4096	pos3/attn_norm-10.f32	0d73ca87d8c62d3989fe825ddda99e3b37c8f12d6337d4b24f91de3746b7329b
conv_output_silu-10	10	3	6144x1x1x1	24576	pos3/conv_output_silu-10.f32	e00ef63604e99c4327aa36aaa98fb0d3531416aa2228e6a7144a2c27e94a3aef
q_conv_predelta-10	10	3	128x16x1x1	8192	pos3/q_conv_predelta-10.f32	c830d1f7934cf5b773a0e279fa3c72652dfcb6d4584ac49d94307cc713359161
k_conv_predelta-10	10	3	128x16x1x1	8192	pos3/k_conv_predelta-10.f32	ae64213e4d30291d503d9e6427bb931b379d8f14825154114641d7a594933602
v_conv_predelta-10	10	3	128x16x1x1	8192	pos3/v_conv_predelta-10.f32	6acfbb0c87f2ba86bbf3cd0b8a1fbe7943e86325bbd29eda2e9f52cab6530c78
a_softplus-10	10	3	16x1x1x1	64	pos3/a_softplus-10.f32	f3df58495d91ccabf359a92ed57ff6ba3ae99441f2925e3a7648fb1cd0f045de
gate-10	10	3	16x1x1x1	64	pos3/gate-10.f32	c9e2dc792e8184d9c24e23d15c77f86bce0d33e8d2b6971fe3ea580db6ac17eb
beta_sigmoid-10	10	3	1x16x1x1	64	pos3/beta_sigmoid-10.f32	3d7f603fabd786393688110744b54cc0ad82e47cd75911c2ba7bdccef6bcc6a0
state_predelta-10	10	3	128x128x16x1	1048576	pos3/state_predelta-10.f32	3e2b808bc1d417b0c2579d686c1e6945c8614829e1efc190632027ce72a75a55
new_state-10	10	3	128x128x16x1	1048576	pos3/new_state-10.f32	baf6cea7877636b35d49423e3fce9286ed1fa1aeddd37a718b110f1151fdcf81
attn_output-10	10	3	128x16x1x1	8192	pos3/attn_output-10.f32	b0f5b7d083bbbf6bd562c45f655db18c48e51b0fc99a1e53e6ed294603bd03d1
z-10	10	3	2048x1x1x1	8192	pos3/z-10.f32	fbd5bc6efeb321f524a42b1b602cc986a6e6aa35f4725894b130e95545e631b2
final_output-10	10	3	2048x1x1x1	8192	pos3/final_output-10.f32	a4dd7c8f3c8a6f5624b661fcfdbef30184c92b6d77522cba5a9033db3f359e83
linear_attn_out-10	10	3	1024x1x1x1	4096	pos3/linear_attn_out-10.f32	43d78ab21c876b57350b4c1f47f062ebda488800e3fe6e8b6276fa573afddc4a
attn_residual-10	10	3	1024x1x1x1	4096	pos3/attn_residual-10.f32	876c33787e19911336d98d1e86e0fa94da245660dd05bf6a2983e2963f0938ec
attn_post_norm-10	10	3	1024x1x1x1	4096	pos3/attn_post_norm-10.f32	f26531954acb2c01ee3dd2aedc93ae9100296ccc21a2e31bd5ffc704fa7d4c92
ffn_out-10	10	3	1024x1x1x1	4096	pos3/ffn_out-10.f32	600eef8ad87963f65d098146a59285c0bf3f12144142926d371dd6df55df2c39
l_out-10	10	3	1024x1x1x1	4096	pos3/l_out-10.f32	b1d01b4105c4ac99dd44ab723114159977f3754766f337b1f616e19350c1eb5f
attn_norm-11	11	3	1024x1x1x1	4096	pos3/attn_norm-11.f32	68829111f842705593d66ecab04f6a3de33b2f625028e5c1086dd65e8a016e4b
attn_pregate-11	11	3	2048x1x1x1	8192	pos3/attn_pregate-11.f32	637d054a562f7b9bee5971424ba17bcdc1d812687a44fc61646ca2e3e49e9957
attn_gated-11	11	3	2048x1x1x1	8192	pos3/attn_gated-11.f32	2b71cf34a04095335dea604171978caac42ca8a9cce96845636b170c6f38cae2
attn_output-11	11	3	1024x1x1x1	4096	pos3/attn_output-11.f32	f5a8c1049f34366ee95c8a631650110801be35dcda0873816f2c7be3ded4e41c
attn_residual-11	11	3	1024x1x1x1	4096	pos3/attn_residual-11.f32	70883475bf38cef728ba91439b559525f47bf909979f7db7c0a21229fd43a800
attn_post_norm-11	11	3	1024x1x1x1	4096	pos3/attn_post_norm-11.f32	15af82c243251ffbeff309ae1af954f4acbb8405c6c5d90d235cc26efdc85335
ffn_out-11	11	3	1024x1x1x1	4096	pos3/ffn_out-11.f32	8bb889d5ed1cd17c8a643b1d0388296a52c40d2233232725aeb48fcc423737fe
l_out-11	11	3	1024x1x1x1	4096	pos3/l_out-11.f32	651226c066ec24103e2857c9f656c7ea0a683c830dc82a205aaf799288634c78
attn_norm-12	12	3	1024x1x1x1	4096	pos3/attn_norm-12.f32	56b4f4bd43e0a49e521bd3b88cff068a7b3b15ecb4aae158bf74a464f0d79a7a
conv_output_silu-12	12	3	6144x1x1x1	24576	pos3/conv_output_silu-12.f32	71de5805fee015c7129818d26e1348715c1aaea1d0ed61cc870b4013a5ba0283
q_conv_predelta-12	12	3	128x16x1x1	8192	pos3/q_conv_predelta-12.f32	32fb84271c9978e8b50d95d2067094aaae74de49f7f69ebe3e32c40fae37c54f
k_conv_predelta-12	12	3	128x16x1x1	8192	pos3/k_conv_predelta-12.f32	81eedccc382db09eca0d00817cd8cfd587664571dd057981862108f73b386ef8
v_conv_predelta-12	12	3	128x16x1x1	8192	pos3/v_conv_predelta-12.f32	db48b86c325016893258a900e1e91bb5f1a756ad8df5603714d877765ec7fec5
a_softplus-12	12	3	16x1x1x1	64	pos3/a_softplus-12.f32	43f9e41d5037e55a1328e5600ec98924676c620005aba93788232e5885c129d2
gate-12	12	3	16x1x1x1	64	pos3/gate-12.f32	e7b1094c82afd4d62bb06b14ef6036f9fee7d2edbd1bd7185cb7239456030e3a
beta_sigmoid-12	12	3	1x16x1x1	64	pos3/beta_sigmoid-12.f32	1eaddeff84d7c5360f342b11c6afd11b304bdacc4c04d7cca26d0bd673ae3217
state_predelta-12	12	3	128x128x16x1	1048576	pos3/state_predelta-12.f32	4335527290c6ccd476bab101969068f56e18d81e62af21cc477b4acc92a59c10
new_state-12	12	3	128x128x16x1	1048576	pos3/new_state-12.f32	31a256a8a74469ac0dd64e8a1f9c786cfb632e2c7c96c00b7548af7df7e0ad85
attn_output-12	12	3	128x16x1x1	8192	pos3/attn_output-12.f32	cb0c775197cfe5405f26bbaad1c3b7493b85df3f254c3563ad98d5cd2da65543
z-12	12	3	2048x1x1x1	8192	pos3/z-12.f32	2e8f85434bad89339f598f30ad0d6c238625e65a169de614a575f476e0b152c3
final_output-12	12	3	2048x1x1x1	8192	pos3/final_output-12.f32	fb4118d4a5fa8b0f0f28968647a10b9b4be7c9072ef6fbc4d85d0d2773a9dca2
linear_attn_out-12	12	3	1024x1x1x1	4096	pos3/linear_attn_out-12.f32	6ce657ccae9defdc103f5f1b27c328ba969f737b44ec8854cfbaedb5f3777300
attn_residual-12	12	3	1024x1x1x1	4096	pos3/attn_residual-12.f32	86715c39064509f0823105417661996ee59f61faa549613407b561af2dcaaef8
attn_post_norm-12	12	3	1024x1x1x1	4096	pos3/attn_post_norm-12.f32	5169df1e2efbb995e0f6d084a10965d4dd8195889c1dc8b588eeabdf28fb8080
ffn_out-12	12	3	1024x1x1x1	4096	pos3/ffn_out-12.f32	0e2af913024728b88467cf1ad80a53ac045ac0ec5d61ee6cff63169711e18666
l_out-12	12	3	1024x1x1x1	4096	pos3/l_out-12.f32	95a7e2bfce9680723485e43d6a803d79241c2567405a59ba5f950f3a6145b2f4
attn_norm-13	13	3	1024x1x1x1	4096	pos3/attn_norm-13.f32	0b9ad4ef7daa6d3edb2e8ca46e42a1b5eeae9f278ab97bb10d4b4adb555eaf8f
conv_output_silu-13	13	3	6144x1x1x1	24576	pos3/conv_output_silu-13.f32	58d7018144bf9b12e5e510f7ba6c6aaea68c9fe74d0fd90ce8378f45a6ff9b58
q_conv_predelta-13	13	3	128x16x1x1	8192	pos3/q_conv_predelta-13.f32	26bc79badcb5d663ae814686a57f58da24666a9cc88fbacf54655a2c2fe21478
k_conv_predelta-13	13	3	128x16x1x1	8192	pos3/k_conv_predelta-13.f32	9f92a3beccfa71a120e89c0cd53015a02dbe7709c3dbdf3c1ffcadd30878f5d1
v_conv_predelta-13	13	3	128x16x1x1	8192	pos3/v_conv_predelta-13.f32	5c273c07699aa760612347561a422a3c8e1d90182f441cdb5194813427eab31d
a_softplus-13	13	3	16x1x1x1	64	pos3/a_softplus-13.f32	b369f4b9e7e180134d58c05155ba85f28dc85f06d33612152535c1b92c9121f9
gate-13	13	3	16x1x1x1	64	pos3/gate-13.f32	210ff53b707804e6933455601bf6f005e65ae1e49b9238377842b7771b0e01ba
beta_sigmoid-13	13	3	1x16x1x1	64	pos3/beta_sigmoid-13.f32	035421cff3f525a21c1816d932d89b04ab2db20ecc567beccf1e58cfad257f12
state_predelta-13	13	3	128x128x16x1	1048576	pos3/state_predelta-13.f32	fe620f589015e0668b6b3895f37b36d2e307870bb9474edaf29c54ddf42dda7f
new_state-13	13	3	128x128x16x1	1048576	pos3/new_state-13.f32	a050f3cd225396fd438c9c3dba8d2a2e7da3ff62cb66c68738f996d3d47b68ab
attn_output-13	13	3	128x16x1x1	8192	pos3/attn_output-13.f32	1bc427ed6f67b849c16a38b223cfdf3905e63b5976915b14daea054cdd3e4f3e
z-13	13	3	2048x1x1x1	8192	pos3/z-13.f32	510bdff5efaa0a2035f1b3e9a9aae0e75c4f4f48532ebeb3c69caddbf7a4291d
final_output-13	13	3	2048x1x1x1	8192	pos3/final_output-13.f32	0b889d729810b587bb03a81f396e6db8c59905a3edbdb7d5d63777eb142eb990
linear_attn_out-13	13	3	1024x1x1x1	4096	pos3/linear_attn_out-13.f32	a3534cd404379082d5cb42630aa0aa40ac170aee3a8db3308c30ca7a7a30782b
attn_residual-13	13	3	1024x1x1x1	4096	pos3/attn_residual-13.f32	2f487b9ed0c997cebd9e919ffbddef31bae164db56caeb2abeef0d6252281730
attn_post_norm-13	13	3	1024x1x1x1	4096	pos3/attn_post_norm-13.f32	5f291d952aa7b86b7102ef670ce9fef51603d9dedd6009e2e350ebee97b37988
ffn_out-13	13	3	1024x1x1x1	4096	pos3/ffn_out-13.f32	b460d0420628969252526292f8fa026d0e930195eeef219adee1d10def9073ec
l_out-13	13	3	1024x1x1x1	4096	pos3/l_out-13.f32	6aa5f09081cada643c6ae9cad44250737e6670754da6fc68ef1fbcba895631c9
attn_norm-14	14	3	1024x1x1x1	4096	pos3/attn_norm-14.f32	87c69d23ed0afe49c8d5213cbd03e31d69c3be9aafc3549b7a5e6840d270649f
conv_output_silu-14	14	3	6144x1x1x1	24576	pos3/conv_output_silu-14.f32	69d383a624993dad412854eeb1a0f16445c6e83d4418fa807ad867c2a876bbd1
q_conv_predelta-14	14	3	128x16x1x1	8192	pos3/q_conv_predelta-14.f32	03b9de99f187aa398a2b2b88039635961b7cc9bde0aadd1f83b2a95b0b257f8c
k_conv_predelta-14	14	3	128x16x1x1	8192	pos3/k_conv_predelta-14.f32	d7bd6b69b752b7dc9330e31ac75409be722f95aff833284540b13d46aaae35ad
v_conv_predelta-14	14	3	128x16x1x1	8192	pos3/v_conv_predelta-14.f32	6412dbf91417754d4957037f9d696bc2c27781819268a7f9fa19a929224dc128
a_softplus-14	14	3	16x1x1x1	64	pos3/a_softplus-14.f32	164a16f894c57834e9bc907ef39afec250baf9786167b77ebd0a635fd615ea09
gate-14	14	3	16x1x1x1	64	pos3/gate-14.f32	5a22ea365bcaff803f9c01f1bee4e8ba645da5e0f346f91d37821848b6f533bb
beta_sigmoid-14	14	3	1x16x1x1	64	pos3/beta_sigmoid-14.f32	221218d991d33086c1fbeb1a16d8a5bbf6e81d4c276a3fb156072695d7356383
state_predelta-14	14	3	128x128x16x1	1048576	pos3/state_predelta-14.f32	6d712b9431cff867815b5f1d68dbf043e6ff294f39158f871b4c8f96cdfec69c
new_state-14	14	3	128x128x16x1	1048576	pos3/new_state-14.f32	6a53e0013467231724e5ab9634ffcd8675554895d73e0ffbbbb7a3b1ff3c0e21
attn_output-14	14	3	128x16x1x1	8192	pos3/attn_output-14.f32	789218e90ef10eccb857301107d52d9c115d84b4d2c3d532a86092fa0471d3ce
z-14	14	3	2048x1x1x1	8192	pos3/z-14.f32	9165e59d7d580706b88e0f4d5b29c6ec8dca8496a808266892ab53b1f2d37027
final_output-14	14	3	2048x1x1x1	8192	pos3/final_output-14.f32	404505d1038ec750064f03e67040b3e5fed0660d01f262db1f70149280a8164b
linear_attn_out-14	14	3	1024x1x1x1	4096	pos3/linear_attn_out-14.f32	230987cb661fdbd1cc711ab340b26f84c43ad448f7c906d241419902be578eec
attn_residual-14	14	3	1024x1x1x1	4096	pos3/attn_residual-14.f32	da58e782953d85a539f1cb7e9c67e07693c325416c18fa08403f18d8902fe93d
attn_post_norm-14	14	3	1024x1x1x1	4096	pos3/attn_post_norm-14.f32	8c9c268782881dbe4593ad85402c99ec6810f6017623a6ad07260ffa535f2981
ffn_out-14	14	3	1024x1x1x1	4096	pos3/ffn_out-14.f32	ef346219c071c7f610bd95f06cc62bd85d950a857fb20b09f9387e8356cd5a20
l_out-14	14	3	1024x1x1x1	4096	pos3/l_out-14.f32	99a45fe893d6fb877ec68c0201c309b56f5f644bc9473827cf56e703d288e2f1
attn_norm-15	15	3	1024x1x1x1	4096	pos3/attn_norm-15.f32	083fae00641636cef933513ea87805122986e59fa881860b933255c65d6d4130
attn_pregate-15	15	3	2048x1x1x1	8192	pos3/attn_pregate-15.f32	82b8f7d61147314faecb1a1eef49078dd961996f9b72255371b38f02c739eb29
attn_gated-15	15	3	2048x1x1x1	8192	pos3/attn_gated-15.f32	2fc8bca6a2174ab7bf16e2afd5ce51d9b6661011cc88251809550d150c1a7440
attn_output-15	15	3	1024x1x1x1	4096	pos3/attn_output-15.f32	1af1792e23ceb3a42be90778ebb426cb311998937a956b0f5b71144fa60914e9
attn_residual-15	15	3	1024x1x1x1	4096	pos3/attn_residual-15.f32	e5bc0e4bf2a6ed950a88e1d5171617910453e54a3b9235a6b4bdb51206515ea9
attn_post_norm-15	15	3	1024x1x1x1	4096	pos3/attn_post_norm-15.f32	829e7223a03b54a477797b0d69f732f224044912976f6fb7764037885656042d
ffn_out-15	15	3	1024x1x1x1	4096	pos3/ffn_out-15.f32	a143ed502dc1db9f0f96ab5d89ed8f899539124863290a628821ac0ef18ec86c
l_out-15	15	3	1024x1x1x1	4096	pos3/l_out-15.f32	21609a7fb23006a0fab6c96b5eef77e4307880db2e6e2f4108599ded33a2c772
attn_norm-16	16	3	1024x1x1x1	4096	pos3/attn_norm-16.f32	8820236248f72b4e09dd54988c20ea226608f187434d5cccb92eb062fb4a931c
conv_output_silu-16	16	3	6144x1x1x1	24576	pos3/conv_output_silu-16.f32	da95d126384180b8b9068fbb64613efac39da683623b4a54ba7cc3a2398c7503
q_conv_predelta-16	16	3	128x16x1x1	8192	pos3/q_conv_predelta-16.f32	e1ff90fd7ac7311040fc4a2300447c6a0f675a23248ad09e83bbf95dcc084c69
k_conv_predelta-16	16	3	128x16x1x1	8192	pos3/k_conv_predelta-16.f32	f91971b04146c4322d71a34e39809d477f8a8d1832d42abac57c6c875950b3ed
v_conv_predelta-16	16	3	128x16x1x1	8192	pos3/v_conv_predelta-16.f32	6a29ea34797b3740c3360d31cf38db2cfadef2fee9ba632a0d02674fc23eefbb
a_softplus-16	16	3	16x1x1x1	64	pos3/a_softplus-16.f32	ff9b9b7ff588d0247fbfd4edec0a026c5e04ac1bb99ae348fa661774245a2a8c
gate-16	16	3	16x1x1x1	64	pos3/gate-16.f32	1cb119367cbce232e1c27c417937b639de22535618e2c79eff77be945e18d0f0
beta_sigmoid-16	16	3	1x16x1x1	64	pos3/beta_sigmoid-16.f32	b33a168a0eb948f4f89e71d532773751415693ec3d159481890a58adf66054a0
state_predelta-16	16	3	128x128x16x1	1048576	pos3/state_predelta-16.f32	bfa9658ef0f01045020a3c8ffe515591f3b3c7a478c5ec77c60a9f52a02188fd
new_state-16	16	3	128x128x16x1	1048576	pos3/new_state-16.f32	610dcefd84c4783f23c25e213c597d4f424b4029e758ff04ad66aac7ee0df962
attn_output-16	16	3	128x16x1x1	8192	pos3/attn_output-16.f32	5b7bd279d5f3d72716fa4033740d8212437ce3a68f4d24cb6d39fb60124370f2
z-16	16	3	2048x1x1x1	8192	pos3/z-16.f32	0c8fffeca81b8b3ebb84ada3c43578b7a157547d0a8b61e13fcc52f1d90c9a70
final_output-16	16	3	2048x1x1x1	8192	pos3/final_output-16.f32	63c43ea8a94ea612ea279df76c788e21aefdba25bfd2236c97af381d5b09a349
linear_attn_out-16	16	3	1024x1x1x1	4096	pos3/linear_attn_out-16.f32	c8e958e165836987adc925a53f9c8de33506aad28ff840113c72aa7a9bd8c5a2
attn_residual-16	16	3	1024x1x1x1	4096	pos3/attn_residual-16.f32	68bae996194008ba0279bdc0e459e41b695e301a0a82cecd08dbf9bf6373f192
attn_post_norm-16	16	3	1024x1x1x1	4096	pos3/attn_post_norm-16.f32	59a96c9839f77fe745b29a49b74163c5bb528e2b374fb040bbc6cd18e36227c5
ffn_out-16	16	3	1024x1x1x1	4096	pos3/ffn_out-16.f32	db4e67b2f21129e6bcb917d1618113dda203203640b139eba687542bbd7f4b67
l_out-16	16	3	1024x1x1x1	4096	pos3/l_out-16.f32	92523ed28bdd42041a01b8d34f0d6644e7d82ba152fefa5b1e091f373bbfbf5b
attn_norm-17	17	3	1024x1x1x1	4096	pos3/attn_norm-17.f32	cd6d8b5b1fb6a1c37f2fac937cff113ae762da6f7e5c8ede1a4920d214cab0c4
conv_output_silu-17	17	3	6144x1x1x1	24576	pos3/conv_output_silu-17.f32	c2cb0cb8d741cb08bcd2a9de67cf33536250b2754df920cc21eb9e2c59724dea
q_conv_predelta-17	17	3	128x16x1x1	8192	pos3/q_conv_predelta-17.f32	bdb811341d8c872d5051e8454bafd7fb898e87b12f561b016216c112719aeb0c
k_conv_predelta-17	17	3	128x16x1x1	8192	pos3/k_conv_predelta-17.f32	bb03a31cd561108cdf2079a7d6508e07170f09641c0027ad47d644f15f68d35e
v_conv_predelta-17	17	3	128x16x1x1	8192	pos3/v_conv_predelta-17.f32	f7ae01ba4f892d30a6f13156a2f9a895c895e42dd625ee4d84ba509579f26850
a_softplus-17	17	3	16x1x1x1	64	pos3/a_softplus-17.f32	415803703781e1fa6966f0d35311563891be173af70eb7f1d45d1585cc4f50ae
gate-17	17	3	16x1x1x1	64	pos3/gate-17.f32	70e94cfa59471ea1777d2ddf042ff5500be524edf2bdcbb4b6ebc637ce0fd4f4
beta_sigmoid-17	17	3	1x16x1x1	64	pos3/beta_sigmoid-17.f32	8e42fcb52f8097a519db5869c6e43e1536fdef76c45295094a5bee8efba41b01
state_predelta-17	17	3	128x128x16x1	1048576	pos3/state_predelta-17.f32	7aaaa91936d99b3b691e22cc474407705ed156ce81b3c5b6dbb50e0a401d309c
new_state-17	17	3	128x128x16x1	1048576	pos3/new_state-17.f32	d123c265ec0185f8639eaefb71a46f9575285fd1e0a0fb86c4ceb5d23d4a2b04
attn_output-17	17	3	128x16x1x1	8192	pos3/attn_output-17.f32	35a64b3b718f71dc88f4ed24972b729e2114238153d048ecdcd4da91c67a5de3
z-17	17	3	2048x1x1x1	8192	pos3/z-17.f32	244493f68f3a88d82d993787beca9089a86a516adacd9fdb925003413c161b63
final_output-17	17	3	2048x1x1x1	8192	pos3/final_output-17.f32	6605c277c915d6128d59a9e001e8dd5d1057824718be7f1843da41301854fba0
linear_attn_out-17	17	3	1024x1x1x1	4096	pos3/linear_attn_out-17.f32	649a1681913d56a8cb76e86f13b6877c41b6b196c8357e18510e75244531eb23
attn_residual-17	17	3	1024x1x1x1	4096	pos3/attn_residual-17.f32	88ee162c412d70be3961d2d0ff16449d39ae756d1d0abe6e0b40c63bda60424e
attn_post_norm-17	17	3	1024x1x1x1	4096	pos3/attn_post_norm-17.f32	d5c4858ee4ac0b46a455cf0b66ad5b88d1e47a4852c54a9168b76fcb44e52616
ffn_out-17	17	3	1024x1x1x1	4096	pos3/ffn_out-17.f32	668df31a3889718f7ca1a3f765b96318d0c4b02c3970467f661fe0c62ebb7bc4
l_out-17	17	3	1024x1x1x1	4096	pos3/l_out-17.f32	0ada26dbeed8d28ab686f8520df6d67b63c1ec5b18627e51e568c001f15129ac
attn_norm-18	18	3	1024x1x1x1	4096	pos3/attn_norm-18.f32	fba1efcc1f00cf24b8723fba9b0a159716ce08e4c94db5aa98aae3efb101e5c2
conv_output_silu-18	18	3	6144x1x1x1	24576	pos3/conv_output_silu-18.f32	4dce05c2387798165e992e87c8ae89470a190d191635ed98b18557219db4619c
q_conv_predelta-18	18	3	128x16x1x1	8192	pos3/q_conv_predelta-18.f32	ffbb70aed0b748824b4261b344ba5bae990bd3d4f01597c50699144346065a21
k_conv_predelta-18	18	3	128x16x1x1	8192	pos3/k_conv_predelta-18.f32	b26721ad27653586c158f46527c7b195fb0fb0883c33ad17b7c79a8749530e46
v_conv_predelta-18	18	3	128x16x1x1	8192	pos3/v_conv_predelta-18.f32	b10a2fc4e59f90dc026d2f041f9a3894f3d1fed6ab7ea9e5d8b386b9bb74cf7f
a_softplus-18	18	3	16x1x1x1	64	pos3/a_softplus-18.f32	780915f2efe679fe030c4d9704f9ffb0619f522db42ac9bc457ec857e1683b54
gate-18	18	3	16x1x1x1	64	pos3/gate-18.f32	7e630d32a6725e172c95468f050efd5f10d8547b9fd25aaf0da60f58883e5e48
beta_sigmoid-18	18	3	1x16x1x1	64	pos3/beta_sigmoid-18.f32	adc26c4f0a6b403c881641cc46ffcf224c417c60f956e6acf24fb9ee6db21962
state_predelta-18	18	3	128x128x16x1	1048576	pos3/state_predelta-18.f32	4f929e533e0e6269e08239c49b0a44fe164eceb717e1711e5ac829a0ca2a99b8
new_state-18	18	3	128x128x16x1	1048576	pos3/new_state-18.f32	5fa3e964afbc442a29dc0f936d2a05b4e0b23f2d9560970d2f33ef7312790c05
attn_output-18	18	3	128x16x1x1	8192	pos3/attn_output-18.f32	bf263331691391d18dd3f538204038b6acbe471cbda02c30563c691ef3043ce5
z-18	18	3	2048x1x1x1	8192	pos3/z-18.f32	a0b7e2c1f5d84a82c643c1f106739f58839acd6919e9a6b9f7f6c449c5f66041
final_output-18	18	3	2048x1x1x1	8192	pos3/final_output-18.f32	a4a0be1e583969c0c65eddb5d33c65480e930cee432196a0d89912ad2ddce073
linear_attn_out-18	18	3	1024x1x1x1	4096	pos3/linear_attn_out-18.f32	c75f9cde977542dc48a2ff10df694fab8472827c62d6aa9b7fb089cef8536868
attn_residual-18	18	3	1024x1x1x1	4096	pos3/attn_residual-18.f32	5d21275555297693f45bd3c07c2029dd248d3d07c1fc97ff72fbc2c11d35c01b
attn_post_norm-18	18	3	1024x1x1x1	4096	pos3/attn_post_norm-18.f32	f23f3e0b7281e3e0808cf039368c04ec8a3280bb1b878e193b52b668a959aa80
ffn_out-18	18	3	1024x1x1x1	4096	pos3/ffn_out-18.f32	67605e1c00aa499f337d0999b8f591b773d31a3faf0d9b153b2115d4d07e1a19
l_out-18	18	3	1024x1x1x1	4096	pos3/l_out-18.f32	75813581ef36c5a1bf3b17b9d085d384081eb3d42968e959b74c65e941f74346
attn_norm-19	19	3	1024x1x1x1	4096	pos3/attn_norm-19.f32	7dcde745baf34fc2c2ac13b10588950edcae4c63c4fa96290c2fdb2bcfc73ea9
attn_pregate-19	19	3	2048x1x1x1	8192	pos3/attn_pregate-19.f32	f01e8f8effc726d117a4f359fcc5d0021ae46aac19044efb038929bc622d774c
attn_gated-19	19	3	2048x1x1x1	8192	pos3/attn_gated-19.f32	a9a8631d589cd08f537ace86cd5ce1b7c47651cae6431c50c5337205d25e3bfe
attn_output-19	19	3	1024x1x1x1	4096	pos3/attn_output-19.f32	62af89504ec011ae81e759544516e09c210fc7b58b0fdb8c9a93fb2245166fc2
attn_residual-19	19	3	1024x1x1x1	4096	pos3/attn_residual-19.f32	0d08f20ae61a4860003337f379d5238c97e19d02f2d0524790489e594c454b86
attn_post_norm-19	19	3	1024x1x1x1	4096	pos3/attn_post_norm-19.f32	cbd16528a87a330172d29016877ec36cad8c4941825031185ef576a30c868513
ffn_out-19	19	3	1024x1x1x1	4096	pos3/ffn_out-19.f32	2ba9f527dc2b09ff604ad81c2c1ff78841db7ddd80712620a2b8458abf2f217d
l_out-19	19	3	1024x1x1x1	4096	pos3/l_out-19.f32	7d5910437fd25acb433333ddaebe235c4cab55487d637c1a96b2d23a962e55d2
attn_norm-20	20	3	1024x1x1x1	4096	pos3/attn_norm-20.f32	823b096f8c4586636dc9d5a3d04d4e58acda81dc73eedca8aaed8f53998bdba2
conv_output_silu-20	20	3	6144x1x1x1	24576	pos3/conv_output_silu-20.f32	c65cd7c728cb4fcc908814b0ec3a165b7a2604a60dbe88175d4778356966b785
q_conv_predelta-20	20	3	128x16x1x1	8192	pos3/q_conv_predelta-20.f32	c6f571b3816b6edb4a288137a894e16f0250ef7096402faca81f911fd3f315b5
k_conv_predelta-20	20	3	128x16x1x1	8192	pos3/k_conv_predelta-20.f32	4e077b1a811d909c2f0f29832385fd5421eb48b09426099b1667698f4f10e160
v_conv_predelta-20	20	3	128x16x1x1	8192	pos3/v_conv_predelta-20.f32	701244569c1837ce841dc66025bbac5855190f69df9bda9009d667134e4fcdae
a_softplus-20	20	3	16x1x1x1	64	pos3/a_softplus-20.f32	de95bf0b84e4f846b9b1f4ce7d39c357f3b853d8c7169d9867e0a1aba7db1d08
gate-20	20	3	16x1x1x1	64	pos3/gate-20.f32	d606241750b88e9a4c628eab0a59ead270de4d97fb5a7f9330335e180cecc626
beta_sigmoid-20	20	3	1x16x1x1	64	pos3/beta_sigmoid-20.f32	f0aa0cc50492075aa1b6836dd7e07a0e1999fedc4c2bce07bb252b9f035e02ad
state_predelta-20	20	3	128x128x16x1	1048576	pos3/state_predelta-20.f32	250be3a5e081fe1b2565f1b96fff96542f192d63dc2c1e3fa2291c9e64afb3ce
new_state-20	20	3	128x128x16x1	1048576	pos3/new_state-20.f32	8e7db4678f18eb2d1635917fb3f2fa3f8190a4db56c95eba451b91f93a023b05
attn_output-20	20	3	128x16x1x1	8192	pos3/attn_output-20.f32	aec045a3cbd762ff82f80f39781a1e0ce2eefecb9f55307da1e9d7214e4ac920
z-20	20	3	2048x1x1x1	8192	pos3/z-20.f32	d67200906793d3d8dcc069ee29bd0d6063b7e235775f174d0c710d65465ced81
final_output-20	20	3	2048x1x1x1	8192	pos3/final_output-20.f32	2e83e5f0f158b03cea9ff277a500b69935f0ff26b3caefb492db9a0b97366086
linear_attn_out-20	20	3	1024x1x1x1	4096	pos3/linear_attn_out-20.f32	83665def23fd29e88cc670f2385afb499f66557666481389e8b05ebaa99082ec
attn_residual-20	20	3	1024x1x1x1	4096	pos3/attn_residual-20.f32	281ec0bc328ce2a3ebd5f4485c2fe253a59d9e7a4bf89a002492eae20c245969
attn_post_norm-20	20	3	1024x1x1x1	4096	pos3/attn_post_norm-20.f32	8821ff0bbbae5c4d84012ff2a02aab5b89fd88552b2c40cad04c45cb2403556a
ffn_out-20	20	3	1024x1x1x1	4096	pos3/ffn_out-20.f32	47dfa01e884f270e9b6eef355ff060f8ca5ac7918f705213b4bcf1e2c2d8f1f3
l_out-20	20	3	1024x1x1x1	4096	pos3/l_out-20.f32	8c148b21536b5745665ff1d0725d5fc3d6d8c53d872ebb1ea2e9d0f493dc3490
attn_norm-21	21	3	1024x1x1x1	4096	pos3/attn_norm-21.f32	e2bfcf4ca877d6c3734f271821e09cd7696aef524111993e8c270f77f9f046d2
conv_output_silu-21	21	3	6144x1x1x1	24576	pos3/conv_output_silu-21.f32	30fce23db1cfdd5fbc5dc24a9d4f5026de2d1b67155ddf587b7c518e94aa4d72
q_conv_predelta-21	21	3	128x16x1x1	8192	pos3/q_conv_predelta-21.f32	094efcde7f96d76a525e8293351faac33c8b64878e4f57e5f798b859adc495f5
k_conv_predelta-21	21	3	128x16x1x1	8192	pos3/k_conv_predelta-21.f32	0ff1e15259dbd9676c5639eb2e7e3de33ac4efc58a0a1cbc5719c8e839076747
v_conv_predelta-21	21	3	128x16x1x1	8192	pos3/v_conv_predelta-21.f32	d98987c362812f510005e1207abdd88d47087a83f67581fa33ca2ec56c6e40e3
a_softplus-21	21	3	16x1x1x1	64	pos3/a_softplus-21.f32	626b05932cf924f8f53957305b9a9b5c32ff9dc19f69bddaf69b77ee26610235
gate-21	21	3	16x1x1x1	64	pos3/gate-21.f32	fd705e714247a8b1e32b687cee1fe978ae0754b1983b6ad6903eb0c6068e329c
beta_sigmoid-21	21	3	1x16x1x1	64	pos3/beta_sigmoid-21.f32	a2c929d508f079758acf6659625d56076832eff48f267419cace7c54ad42f7c8
state_predelta-21	21	3	128x128x16x1	1048576	pos3/state_predelta-21.f32	f7e0487563d7e7cad90af12708a04a0e1b0f631b35b9d591c3990e292c789ba0
new_state-21	21	3	128x128x16x1	1048576	pos3/new_state-21.f32	e2b6cee7162c622843552e14715bd5bba27da69648c2d77ee1224f7dfbed911a
attn_output-21	21	3	128x16x1x1	8192	pos3/attn_output-21.f32	d0cf25d90597720f0feb1d551c6f1bd4c09643a497f35ef92536a0e0b15493c9
z-21	21	3	2048x1x1x1	8192	pos3/z-21.f32	6ed1c3985a1f831c287345f06b324045acba061b49750ebf2456177054d00865
final_output-21	21	3	2048x1x1x1	8192	pos3/final_output-21.f32	4804c7c5d1973bc0557d3103e5a54cee53634d6cd36cdb5f3986dd5d9a56f615
linear_attn_out-21	21	3	1024x1x1x1	4096	pos3/linear_attn_out-21.f32	8181c72677a5b7552a872ca028199771363658bfd925c387eb91f646809a335a
attn_residual-21	21	3	1024x1x1x1	4096	pos3/attn_residual-21.f32	288821e58038596604176f248517afaaf8659cf0adf4a2d7895991d065f6694e
attn_post_norm-21	21	3	1024x1x1x1	4096	pos3/attn_post_norm-21.f32	7b46ac5d4376eb508c519055e3025b1e35b58184c46ee17d38854ed0f0e458cc
ffn_out-21	21	3	1024x1x1x1	4096	pos3/ffn_out-21.f32	c0ad544b4ae00b2c752c463add05c5927c6bd581dbece7d27103a443f4826a1c
l_out-21	21	3	1024x1x1x1	4096	pos3/l_out-21.f32	33b732e97623b1f4f26382aaf3e61a2e510dda76425484f5572d4ecb21946f4d
attn_norm-22	22	3	1024x1x1x1	4096	pos3/attn_norm-22.f32	63a880dcd9d6160ace7aa8f6e581485d795af3adc33d6a597238ee1aef15a9c1
conv_output_silu-22	22	3	6144x1x1x1	24576	pos3/conv_output_silu-22.f32	24aaa58d37ba5196b706c5e24f26bd61c5bb8ef8f76295cfba33a13bda94eed6
q_conv_predelta-22	22	3	128x16x1x1	8192	pos3/q_conv_predelta-22.f32	2d27bb8320a406a258975eb676034757c39f55f9b09b2b6f0bd7520e50dd2110
k_conv_predelta-22	22	3	128x16x1x1	8192	pos3/k_conv_predelta-22.f32	4026cb2ab0a6a804efbbc6dee8b40a5456d9a6e3b6f31d848b74652142aea47b
v_conv_predelta-22	22	3	128x16x1x1	8192	pos3/v_conv_predelta-22.f32	19dc9880a3cb6edda5e5a75cd5e185d62670a1783d88562a1a613fd26ea70ad9
a_softplus-22	22	3	16x1x1x1	64	pos3/a_softplus-22.f32	9a5313ed673c995dacf98517da1df03ff4444fefefb71f34bbd740fc1af07491
gate-22	22	3	16x1x1x1	64	pos3/gate-22.f32	9bc905b53018effe12221c3219dc561acd3a2ee75654c08e77fc9ed9206d68a9
beta_sigmoid-22	22	3	1x16x1x1	64	pos3/beta_sigmoid-22.f32	8acf2ad14f21366506fbf49be07ee1bf346a0bd3ae2ca13adba367e573ea0aae
state_predelta-22	22	3	128x128x16x1	1048576	pos3/state_predelta-22.f32	b79431e102edbb90d76b9b80c827d5cf940f8fa5b2e121db424f82a446044abf
new_state-22	22	3	128x128x16x1	1048576	pos3/new_state-22.f32	7725379d555e34ddcd79d8febab27c0bf99776bcdb7e870cff47116e57bd1376
attn_output-22	22	3	128x16x1x1	8192	pos3/attn_output-22.f32	6a88c36afc783dc1e72b0041c9fbb9c6a8b2137c9ba398bc771785225d61d003
z-22	22	3	2048x1x1x1	8192	pos3/z-22.f32	e5bc6ed05d39d2457d38c1e75d9951ae2c6bb8ce38f641e3b38907d9da934c0d
final_output-22	22	3	2048x1x1x1	8192	pos3/final_output-22.f32	de9e2c648d07743780ec641e5c25a121404e4ae363f2eec790651114136e5c76
linear_attn_out-22	22	3	1024x1x1x1	4096	pos3/linear_attn_out-22.f32	0de1b481ea0a6ccbe79d8bb2c576482a502756362f36f24df6b84b87401195a1
attn_residual-22	22	3	1024x1x1x1	4096	pos3/attn_residual-22.f32	fe9f8aa5c09285950e0cdf8fa83e0d677074b2c3f79c84fb1f691246e23e6075
attn_post_norm-22	22	3	1024x1x1x1	4096	pos3/attn_post_norm-22.f32	df12469c1f5c1d93c40234acbd651eeb955074c80d2820cb88ca1ed4146b6186
ffn_out-22	22	3	1024x1x1x1	4096	pos3/ffn_out-22.f32	8438d0b4adcaf937627e1b72e0b5666bed664fb85d6fb7da23bdb1a8fd33d5df
l_out-22	22	3	1024x1x1x1	4096	pos3/l_out-22.f32	897561d8742df7ba931bc297b7d0e086c9941a025388df390c41ea51056c0e67
attn_norm-23	23	3	1024x1x1x1	4096	pos3/attn_norm-23.f32	dbee3186059c3a3f47bede7fca868af22eaf231eca2e1b0ff4a4b8a73dc16fbf
attn_pregate-23	23	3	2048x1x1x1	8192	pos3/attn_pregate-23.f32	3d73884817258e731caf780ea02129f1d43a53f1171c63c2ad8a5dacf509530c
attn_gated-23	23	3	2048x1x1x1	8192	pos3/attn_gated-23.f32	48489983a6ac083e6fd5ae5e0221eda69c457cdb81039750bd24e757a7797726
attn_output-23	23	3	1024x1x1x1	4096	pos3/attn_output-23.f32	92a750ce6e7127b87ce8b52c61f3452b3ab728cb178ba5a5b54436733f7d66fb
attn_residual-23	23	3	1024x1x1x1	4096	pos3/attn_residual-23.f32	2e09fafcc230a2e8bcd3a1b9bbfa006ece6544b6fa0942dc062ac0102e680b9b
attn_post_norm-23	23	3	1024x1x1x1	4096	pos3/attn_post_norm-23.f32	f28249309676204cb554d7d5631013ad31db64e2891db2dca829717390a83eab
ffn_out-23	23	3	1024x1x1x1	4096	pos3/ffn_out-23.f32	213506ca9be4f3d1e40083f84e80d28d5638b3a197821ce6ea57564d5f30524d
l_out-23	23	3	1024x1x1x1	4096	pos3/l_out-23.f32	66ecfd927cc89654732408b059a4a3d00f1c22083f1bd41c73e3dfe8173a17e0
result_norm	-1	3	1024x1x1x1	4096	pos3/result_norm.f32	ffa38299150d9785a44d6c6879916094727947929e654166e013323511d1ed3f
result_output	-1	3	248320x1x1x1	993280	pos3/result_output.f32	08c58b7a688236e1be85ff84df4a1b59ba3d7a628bf3e66ee4ec95712b320a79
