label	pos	idx	tensor	layer	n	bit_equal	rel_l2	max_abs	llama_first4	apr_first4
p4	0	0	model.input_embed	-1	1024	1024	0.000000e+00	0.000000e+00	0.00861465931,0.012060523,0.0206751823,-0.0241210461	0.00861465931,0.012060523,0.0206751823,-0.0241210461
p4	0	1	attn_norm-0	0	1024	1024	0.000000e+00	0.000000e+00	0.804404795,0.729148924,1.48186445,-1.96639264	0.804404795,0.729148924,1.48186445,-1.96639264
p4	0	2	conv_output_silu-0	0	6144	5636	4.536158e-08	1.192093e-07	0.0151475985,-0.000458114344,0.00156917621,0.422838897	0.0151475985,-0.000458114344,0.00156917621,0.422838867
p4	0	3	q_conv_predelta-0	0	2048	641	1.363724e-07	2.384186e-07	0.0284802243,-0.000861337816,0.00295033492,0.795013547	0.0284802243,-0.000861337816,0.00295033492,0.795013547
p4	0	4	k_conv_predelta-0	0	2048	653	1.122120e-07	1.788139e-07	0.00106224918,0.0860972703,0.0977004319,0.000354820921	0.0010622493,0.0860972852,0.0977004468,0.000354820979
p4	0	5	v_conv_predelta-0	0	2048	1937	3.705333e-08	2.980232e-08	-0.000635103323,0.000963137485,0.000886906986,-0.00808946602	-0.000635103323,0.000963137485,0.000886906986,-0.00808946602
p4	0	6	a_softplus-0	0	16	16	0.000000e+00	0.000000e+00	3.65524697,0.000606591289,0.00199131458,6.23334169	3.65524697,0.000606591289,0.00199131458,6.23334169
p4	0	7	gate-0	0	16	16	0.000000e+00	0.000000e+00	-4.73024082,-7.95674569e-05,-0.000237828615,-3.53780437	-4.73024082,-7.95674569e-05,-0.000237828615,-3.53780437
p4	0	8	beta_sigmoid-0	0	16	16	0.000000e+00	0.000000e+00	0.583097696,0.541695356,0.753251016,0.97367245	0.583097696,0.541695356,0.753251016,0.97367245
p4	0	9	state_predelta-0	0	262144	262144	0.000000e+00	0.000000e+00	0,0,0,0	0,0,0,0
p4	0	10	new_state-0	0	262144	94938	1.276344e-07	5.960464e-08	-3.93379878e-07,-3.18841703e-05,-3.61811362e-05,-1.31399872e-07	-3.93379906e-07,-3.18841739e-05,-3.61811435e-05,-1.31399901e-07
p4	0	11	attn_output-0	0	2048	363	2.903084e-07	3.725290e-09	1.0349617e-07,-1.56952453e-07,-1.44529963e-07,1.31825584e-06	1.03496163e-07,-1.56952538e-07,-1.44530034e-07,1.31825584e-06
p4	0	12	z-0	0	2048	2048	0.000000e+00	0.000000e+00	-0.479235053,0.140865922,0.34920913,-0.287062287	-0.479235053,0.140865922,0.34920913,-0.287062287
p4	0	13	final_output-0	0	2048	352	2.481732e-07	5.960464e-07	-1.82688527e-05,-1.17163036e-05,-2.74584763e-05,-0.000149958025	-1.82688509e-05,-1.1716309e-05,-2.74584891e-05,-0.000149958039
p4	0	14	linear_attn_out-0	0	1024	78	1.006572e-06	1.639128e-07	-0.249426872,0.0656647384,0.0067916438,0.00469857454	-0.249427035,0.0656647608,0.0067917034,0.00469858199
p4	0	15	attn_residual-0	0	1024	79	9.662583e-07	1.639128e-07	-0.240812212,0.0777252614,0.0274668261,-0.0194224715	-0.240812376,0.0777252838,0.0274668857,-0.0194224641
p4	0	16	attn_post_norm-0	0	1024	25	9.963392e-07	3.382564e-06	-4.77791166,2.8288064,1.02864087,-0.712736189	-4.77791405,2.8288064,1.02864289,-0.712735713
p4	0	17	ffn_out-0	0	1024	157	2.154350e-07	3.725290e-08	0.0804717094,0.0927953497,0.038045492,-0.0299790148	0.0804717243,0.0927953348,0.0380454808,-0.0299790204
p4	0	18	l_out-0	0	1024	61	5.580789e-07	1.490116e-07	-0.160340503,0.170520604,0.0655123144,-0.0494014844	-0.160340652,0.170520619,0.0655123666,-0.0494014844
p4	0	19	attn_norm-1	1	1024	79	5.595929e-07	2.861023e-06	-3.2413497,4.46672249,1.64145851,-1.32714915	-3.24135256,4.46672297,1.6414597,-1.32714915
p4	0	20	conv_output_silu-1	1	6144	663	2.750971e-07	3.129244e-07	-0.00559159182,0.00330801494,-0.158168972,-0.231207356	-0.00559159182,0.00330802589,-0.158169001,-0.231207356
p4	0	21	q_conv_predelta-1	1	2048	152	3.207744e-07	2.086163e-07	-0.00647618389,0.00383134396,-0.183191359,-0.267784446	-0.00647618389,0.00383135676,-0.183191404,-0.267784446
p4	0	22	k_conv_predelta-1	1	2048	164	3.846910e-07	3.613532e-07	0.00134338893,-0.102888741,-0.00675734598,0.00253094058	0.00134339172,-0.102888711,-0.00675734831,0.00253094337
p4	0	23	v_conv_predelta-1	1	2048	204	1.385548e-07	1.192093e-07	0.0199732278,0.00705860229,0.00145066355,0.000400472927	0.0199732445,0.00705858925,0.00145066332,0.000400473044
p4	0	24	a_softplus-1	1	16	16	0.000000e+00	0.000000e+00	1.37391865,1.2592541,3.16072679,1.58036625	1.37391865,1.2592541,3.16072679,1.58036625
p4	0	25	gate-1	1	16	16	0.000000e+00	0.000000e+00	-0.246330038,-1.35825825,-3.62025404,-0.478233665	-0.246330038,-1.35825825,-3.62025404,-0.478233665
p4	0	26	beta_sigmoid-1	1	16	16	0.000000e+00	0.000000e+00	0.958108187,0.886677265,0.90557152,0.720539868	0.958108187,0.886677265,0.90557152,0.720539868
p4	0	27	state_predelta-1	1	262144	262144	0.000000e+00	0.000000e+00	0,0,0,0	0,0,0,0
p4	0	28	new_state-1	1	262144	10241	3.028969e-07	1.490116e-07	2.57077791e-05,-0.00196893164,-0.000129312044,4.84333759e-05	2.57078555e-05,-0.0019689328,-0.00012931219,4.84334705e-05
p4	0	29	attn_output-1	1	2048	73	4.662692e-07	1.862645e-08	0.0001789854,6.32540032e-05,1.29997807e-05,3.58874445e-06	0.000178985516,6.32538868e-05,1.29997807e-05,3.58874445e-06
p4	0	30	z-1	1	2048	190	2.947871e-07	1.907349e-06	-4.22766209,-4.17285156,-1.04000878,0.475897104	-4.22766209,-4.17285109,-1.04000866,0.475896895
p4	0	31	final_output-1	1	2048	49	5.184161e-07	1.668930e-06	-0.00939458981,-0.0034512803,-0.00333428569,0.00109658926	-0.00939459633,-0.00345127517,-0.00333428569,0.00109658868
p4	0	32	linear_attn_out-1	1	1024	59	7.159549e-07	1.490116e-07	-0.466196597,-0.016215289,0.00400138274,-0.0173398815	-0.466196448,-0.0162152909,0.00400137529,-0.0173398871
p4	0	33	attn_residual-1	1	1024	65	5.396947e-07	1.192093e-07	-0.626537085,0.154305309,0.0695136935,-0.0667413622	-0.626537085,0.154305324,0.0695137382,-0.0667413697
p4	0	34	attn_post_norm-1	1	1024	75	5.631607e-07	2.145767e-06	-6.69380999,2.59694147,1.18188632,-1.19800532	-6.69380999,2.59694171,1.18188715,-1.19800544
p4	0	35	ffn_out-1	1	1024	83	2.884278e-07	2.980232e-08	0.456281126,0.000233195722,0.0123432875,0.0125877168	0.456281126,0.00023320131,0.0123432931,0.0125877149
p4	0	36	l_out-1	1	1024	60	5.564665e-07	1.341105e-07	-0.170255959,0.154538512,0.0818569809,-0.0541536435	-0.170255959,0.154538527,0.0818570331,-0.0541536547
p4	0	37	attn_norm-2	2	1024	77	5.532907e-07	2.920628e-06	-3.13030457,3.48062372,1.78014708,-1.2352432	-3.13030457,3.48062396,1.78014815,-1.23524344
p4	0	38	conv_output_silu-2	2	6144	644	2.696149e-07	5.960464e-07	-0.0495844781,0.0192501824,0.0923690274,-0.00149168645	-0.0495844632,0.0192501917,0.0923690423,-0.00149169052
p4	0	39	q_conv_predelta-2	2	2048	210	2.785382e-07	2.980232e-07	-0.0850164965,0.0330059566,0.158373982,-0.00255761389	-0.0850164667,0.0330059715,0.158373997,-0.00255762087
p4	0	40	k_conv_predelta-2	2	2048	195	2.589473e-07	3.874302e-07	-0.080690816,0.00101453857,0.00064051128,-0.427813381	-0.0806908235,0.00101454079,0.000640511396,-0.427813381
p4	0	41	v_conv_predelta-2	2	2048	212	2.576049e-07	5.960464e-07	0.00318125635,-0.00973074045,0.00126899395,-0.00738393655	0.00318125589,-0.00973074138,0.00126899569,-0.00738393795
p4	0	42	a_softplus-2	2	16	16	0.000000e+00	0.000000e+00	2.95589399,0.863819838,1.42934632,2.38217902	2.95589399,0.863819838,1.42934632,2.38217902
p4	0	43	gate-2	2	16	16	0.000000e+00	0.000000e+00	-2.65353036,-0.243651569,-0.425827771,-1.55618036	-2.65353036,-0.243651569,-0.425827771,-1.55618036
p4	0	44	beta_sigmoid-2	2	16	16	0.000000e+00	0.000000e+00	0.843373001,0.96635437,0.672357023,0.742931783	0.843373001,0.96635437,0.672357023,0.742931783
p4	0	45	state_predelta-2	2	262144	262144	0.000000e+00	0.000000e+00	0,0,0,0	0,0,0,0
p4	0	46	new_state-2	2	262144	12523	4.335204e-07	8.344650e-07	-0.000216492306,2.72199259e-06,1.71848262e-06,-0.00114781724	-0.000216492292,2.72199804e-06,1.71848262e-06,-0.00114781701
p4	0	47	attn_output-2	2	2048	103	2.603610e-07	1.490116e-08	3.80199822e-06,-1.16294495e-05,1.51660629e-06,-8.82472432e-06	3.80199958e-06,-1.16294559e-05,1.51660856e-06,-8.82473068e-06
p4	0	48	z-2	2	2048	201	2.500119e-07	1.430511e-06	-0.0567511916,0.066301465,-1.2156136,1.05728281	-0.0567513108,0.0663013458,-1.21561348,1.05728281
p4	0	49	final_output-2	2	2048	71	3.409674e-07	5.364418e-07	-0.000106956257,-0.000264043949,-0.000384755142,-0.00675244676	-0.000106956519,-0.00026404357,-0.000384755753,-0.00675245188
p4	0	50	linear_attn_out-2	2	1024	60	4.280789e-07	2.384186e-07	-1.09250832,0.00295895012,-0.0191954393,-0.0211988762	-1.09250855,0.00295897108,-0.0191954337,-0.0211988706
p4	0	51	attn_residual-2	2	1024	53	5.143115e-07	2.384186e-07	-1.26276422,0.157497466,0.0626615435,-0.0753525198	-1.26276445,0.157497495,0.0626616031,-0.0753525272
p4	0	52	attn_post_norm-2	2	1024	62	5.515046e-07	2.264977e-06	-11.9678469,2.34431219,0.946789086,-1.13497794	-11.9678478,2.34431243,0.946789861,-1.13497794
p4	0	53	ffn_out-2	2	1024	99	2.941755e-07	3.445894e-08	0.0979637504,0.00773434481,-0.0161840878,-0.0237000175	0.0979637578,0.00773435086,-0.0161840953,-0.0237000249
p4	0	54	l_out-2	2	1024	55	5.431411e-07	2.384186e-07	-1.16480041,0.165231809,0.0464774556,-0.0990525335	-1.16480064,0.165231854,0.0464775078,-0.0990525484
p4	0	55	attn_norm-3	3	1024	59	5.334181e-07	2.443790e-06	-18.5056858,3.13385105,0.796793044,-1.79083502	-18.5056858,3.13385153,0.796793818,-1.79083502
p4	0	56	attn_pregate-3	3	2048	384	1.620487e-07	4.768372e-07	0.208644763,-0.168411896,0.277770221,0.0260311589	0.208644718,-0.168411866,0.277770281,0.0260311887
p4	0	57	attn_gated-3	3	2048	192	2.458936e-07	3.576279e-07	0.00828528777,-0.0068817935,0.0136747127,0.000880656764	0.00828528591,-0.00688179536,0.0136747155,0.000880657928
p4	0	58	attn_output-3	3	1024	84	6.836921e-07	5.215406e-08	-0.132133871,0.00677717663,0.00432735309,-0.0235974491	-0.132133856,0.00677718967,0.00432736054,-0.0235974267
p4	0	59	attn_residual-3	3	1024	44	5.605087e-07	2.384186e-07	-1.29693425,0.172008991,0.0508048087,-0.122649983	-1.29693449,0.172009051,0.0508048683,-0.122649975
p4	0	60	attn_post_norm-3	3	1024	43	6.173804e-07	2.324581e-06	-12.834938,2.54925442,0.775582612,-1.88860881	-12.834939,2.54925513,0.775583446,-1.88860846
p4	0	61	ffn_out-3	3	1024	102	3.089297e-07	2.384186e-07	1.09847665,-0.0151844015,-0.0394638143,-0.042871058	1.09847689,-0.0151844518,-0.039463833,-0.0428710394
p4	0	62	l_out-3	3	1024	69	4.727650e-07	1.676381e-07	-0.198457599,0.156824589,0.0113409944,-0.165521041	-0.198457599,0.156824604,0.0113410354,-0.165521011
p4	0	63	attn_norm-4	4	1024	80	4.692436e-07	2.533197e-06	-2.26533675,2.36103892,0.159129754,-2.55473661	-2.26533675,2.3610394,0.15913032,-2.55473614
p4	0	64	conv_output_silu-4	4	6144	1392	6.829553e-08	4.768372e-07	0.00287973788,-0.0302877408,0.0316320397,-0.116305888	0.0028797565,-0.0302877408,0.031632036,-0.11630588
p4	0	65	q_conv_predelta-4	4	2048	250	2.315833e-07	2.384186e-07	0.00248446385,-0.0261304323,0.0272902139,-0.100341685	0.00248448015,-0.0261304341,0.0272902101,-0.100341693
p4	0	66	k_conv_predelta-4	4	2048	282	2.239761e-07	2.384186e-07	0.00165889808,-0.218412086,0.0329773836,-0.0131385354	0.00165890018,-0.218412071,0.0329773836,-0.0131385382
p4	0	67	v_conv_predelta-4	4	2048	488	3.972768e-08	4.768372e-07	0.00944972131,-6.14294113e-05,-0.000586590788,-7.20890821e-05	0.00944972411,-6.14294113e-05,-0.000586590904,-7.20890821e-05
p4	0	68	a_softplus-4	4	16	16	0.000000e+00	0.000000e+00	0.108713917,1.59407103,0.0646035001,1.05245447	0.108713917,1.59407103,0.0646035001,1.05245447
p4	0	69	gate-4	4	16	16	0.000000e+00	0.000000e+00	-0.0453187041,-1.54880333,-0.0203283932,-0.552442372	-0.0453187041,-1.54880333,-0.0203283932,-0.552442372
p4	0	70	beta_sigmoid-4	4	16	16	0.000000e+00	0.000000e+00	0.677617431,0.862892807,0.954500675,0.704203188	0.677617431,0.862892807,0.954500675,0.704203188
p4	0	71	state_predelta-4	4	262144	262144	0.000000e+00	0.000000e+00	0,0,0,0	0,0,0,0
p4	0	72	new_state-4	4	262144	22378	1.389330e-07	1.907349e-06	1.06224152e-05,-0.00139855721,0.000211163948,-8.41299261e-05	1.06224315e-05,-0.00139855745,0.000211164006,-8.41299698e-05
p4	0	73	attn_output-4	4	2048	191	2.128517e-07	7.450581e-08	2.19308513e-05,-1.42564986e-07,-1.361356e-06,-1.67303881e-07	2.19308567e-05,-1.42564957e-07,-1.361356e-06,-1.67303881e-07
p4	0	74	z-4	4	2048	490	1.316213e-07	9.536743e-07	1.49524474,-1.18054867,-0.0483585,0.564092755	1.49524462,-1.18054903,-0.0483583212,0.564092875
p4	0	75	final_output-4	4	2048	147	3.191240e-07	2.384186e-07	0.0235361159,4.1788775e-05,2.69551183e-05,-5.71055389e-05	0.0235361159,4.17887604e-05,2.69550183e-05,-5.71055534e-05
p4	0	76	linear_attn_out-4	4	1024	68	5.227892e-07	2.980232e-08	-0.0683432594,0.0219870172,0.00173766306,0.0160019454	-0.0683432668,0.0219870154,0.00173766725,0.0160019416
p4	0	77	attn_residual-4	4	1024	51	4.789299e-07	1.713634e-07	-0.266800851,0.17881161,0.0130786579,-0.149519101	-0.26680088,0.178811625,0.0130787026,-0.149519071
p4	0	78	attn_post_norm-4	4	1024	75	4.850457e-07	2.145767e-06	-2.08026028,2.0374229,0.146558255,-1.76420021	-2.08026028,2.0374229,0.146558747,-1.76419961
p4	0	79	ffn_out-4	4	1024	85	3.421221e-07	2.607703e-08	0.0737441182,0.00332881627,0.0170618519,0.0159145016	0.0737441331,0.00332881627,0.0170618556,0.0159144998
p4	0	80	l_out-4	4	1024	58	4.966870e-07	1.713634e-07	-0.193056732,0.182140425,0.0301405098,-0.133604601	-0.193056747,0.18214044,0.0301405583,-0.133604571
p4	0	81	attn_norm-5	5	1024	76	4.924543e-07	2.682209e-06	-2.11806178,2.69112134,0.414175779,-2.06605744	-2.11806202,2.69112158,0.414176434,-2.06605697
p4	0	82	conv_output_silu-5	5	6144	1466	1.536235e-07	3.576279e-07	-0.0831810236,-0.101966873,-0.0301261842,-0.219639778	-0.0831810907,-0.101966903,-0.0301261935,-0.219639823
p4	0	83	q_conv_predelta-5	5	2048	268	2.456079e-07	1.490116e-07	-0.0788058043,-0.0966035351,-0.0285415854,-0.208086997	-0.0788058639,-0.0966035649,-0.028541591,-0.208087027
p4	0	84	k_conv_predelta-5	5	2048	286	2.338749e-07	2.384186e-07	0.000349653012,-0.00161127909,0.277311355,-0.00678436272	0.000349652953,-0.00161127839,0.277311414,-0.00678436318
p4	0	85	v_conv_predelta-5	5	2048	491	7.200509e-08	2.384186e-07	1.50620808e-05,0.000382675091,-0.00291267945,-8.66503178e-05	1.50620808e-05,0.000382674974,-0.00291268108,-8.66503178e-05
p4	0	86	a_softplus-5	5	16	16	0.000000e+00	0.000000e+00	0.0821074769,0.565568089,1.22268176,0.0116748894	0.0821074769,0.565568089,1.22268176,0.0116748894
p4	0	87	gate-5	5	16	16	0.000000e+00	0.000000e+00	-0.0627085567,-0.0686111972,-0.311567008,-0.00488586631	-0.0627085567,-0.0686111972,-0.311567008,-0.00488586631
p4	0	88	beta_sigmoid-5	5	16	16	0.000000e+00	0.000000e+00	0.918922782,0.990156412,0.825428128,0.980775595	0.918922782,0.990156412,0.825428128,0.980775595
p4	0	89	state_predelta-5	5	262144	262144	0.000000e+00	0.000000e+00	0,0,0,0	0,0,0,0
p4	0	90	new_state-5	5	262144	21451	1.678885e-07	2.384186e-07	4.83950879e-09,-2.23015366e-08,3.8382359e-06,-9.39016118e-08	4.83950791e-09,-2.2301526e-08,3.83823681e-06,-9.39016189e-08
p4	0	91	attn_output-5	5	2048	149	2.480699e-07	1.117587e-08	-2.50157477e-08,-6.3556314e-07,4.83750273e-06,1.43912558e-07	-2.50157246e-08,-6.35562401e-07,4.83750182e-06,1.43912487e-07
p4	0	92	z-5	5	2048	427	1.611439e-07	9.536743e-07	0.903356671,1.13450646,-0.201255262,-0.255754113	0.903356731,1.13450623,-0.201255143,-0.255754232
p4	0	93	final_output-5	5	2048	92	3.711864e-07	2.980232e-07	-1.54382869e-05,-0.000504605356,-0.000429096312,-1.55785237e-05	-1.54382742e-05,-0.000504604657,-0.000429096021,-1.55785237e-05
p4	0	94	linear_attn_out-5	5	1024	76	9.534429e-07	5.960464e-08	-0.0322286785,-0.0211507585,0.00222104043,-0.00874574482	-0.0322287381,-0.0211507473,0.00222102553,-0.00874577835
p4	0	95	attn_residual-5	5	1024	56	5.230585e-07	2.011657e-07	-0.225285411,0.160989672,0.0323615521,-0.142350346	-0.225285485,0.160989687,0.0323615819,-0.142350346
p4	0	96	attn_post_norm-5	5	1024	51	5.345707e-07	2.413988e-06	-1.706182,1.83272791,0.349925697,-1.70525146	-1.70618236,1.83272791,0.349925995,-1.70525122
p4	0	97	ffn_out-5	5	1024	181	1.570983e-07	1.862645e-08	0.01606372,-0.0110914949,0.0312921517,0.0320992321	0.0160637181,-0.0110914931,0.0312921517,0.0320992246
p4	0	98	l_out-5	5	1024	54	5.333795e-07	2.011657e-07	-0.209221691,0.149898171,0.0636537075,-0.110251114	-0.209221765,0.149898201,0.0636537373,-0.110251121
p4	0	99	attn_norm-6	6	1024	68	5.268419e-07	2.831221e-06	-2.28993845,2.12594175,0.872888446,-1.65638471	-2.2899394,2.12594223,0.872888803,-1.65638494
p4	0	100	conv_output_silu-6	6	6144	2790	1.679733e-07	1.490116e-07	-0.0118301194,0.135970637,0.0484864824,-0.0683801174	-0.0118301194,0.135970682,0.0484864786,-0.0683801025
p4	0	101	q_conv_predelta-6	6	2048	381	2.252927e-07	1.825392e-07	-0.00705961697,0.081140399,0.0289342795,-0.0408057943	-0.00705961604,0.0811404213,0.0289342757,-0.0408057831
p4	0	102	k_conv_predelta-6	6	2048	292	2.540362e-07	3.874302e-07	-0.00746137556,0.00954085775,-0.0139252432,0.0320438333	-0.00746137695,0.00954085961,-0.013925246,0.0320438407
p4	0	103	v_conv_predelta-6	6	2048	972	8.987878e-08	5.960464e-08	-3.39224971e-05,0.000103051352,2.41575635e-05,1.5774116e-05	-3.39225444e-05,0.000103051352,2.41575635e-05,1.5774116e-05
p4	0	104	a_softplus-6	6	16	16	0.000000e+00	0.000000e+00	0.167408228,0.274803162,1.78523827,0.162356123	0.167408228,0.274803162,1.78523827,0.162356123
p4	0	105	gate-6	6	16	16	0.000000e+00	0.000000e+00	-0.0304873027,-0.204216361,-0.544466913,-0.0900124907	-0.0304873027,-0.204216361,-0.544466913,-0.0900124907
p4	0	106	beta_sigmoid-6	6	16	16	0.000000e+00	0.000000e+00	0.930817902,0.597514987,0.90008986,0.868772566	0.930817902,0.597514987,0.90008986,0.868772566
p4	0	107	state_predelta-6	6	262144	262144	0.000000e+00	0.000000e+00	0,0,0,0	0,0,0,0
p4	0	108	new_state-6	6	262144	27398	4.103284e-07	3.129244e-07	2.35597909e-07,-3.0125895e-07,4.39698823e-07,-1.01180535e-06	2.35598307e-07,-3.01259462e-07,4.39699562e-07,-1.01180717e-06
p4	0	109	attn_output-6	6	2048	189	3.118069e-07	5.587935e-09	-1.67303156e-07,5.08241385e-07,1.19143259e-07,7.77967344e-08	-1.67303412e-07,5.08241442e-07,1.19143216e-07,7.77967415e-08
p4	0	110	z-6	6	2048	1017	1.078841e-07	9.536743e-07	0.0973483324,0.36149919,1.4299202,1.59676278	0.0973483324,0.361499429,1.4299202,1.59676254
p4	0	111	final_output-6	6	2048	167	1.902701e-07	7.629395e-06	-7.25507607e-06,0.000105724757,0.000132665256,0.000107459586	-7.25508653e-06,0.000105724852,0.000132665198,0.000107459564
p4	0	112	linear_attn_out-6	6	1024	106	3.664596e-07	7.152557e-07	-0.582322001,0.0124833938,-0.433831096,-0.214487329	-0.582321644,0.0124833938,-0.433831185,-0.214487344
p4	0	113	attn_residual-6	6	1024	75	3.326538e-07	7.152557e-07	-0.791543722,0.16238156,-0.370177388,-0.324738443	-0.791543424,0.162381589,-0.370177448,-0.324738473
p4	0	114	attn_post_norm-6	6	1024	82	3.121623e-07	1.922250e-06	-1.80246925,0.45295161,-1.01932216,-0.926774085	-1.80246842,0.45295167,-1.01932216,-0.926774085
p4	0	115	ffn_out-6	6	1024	76	5.555238e-07	1.043081e-07	0.163929909,-0.000286351889,-0.00994288363,0.0604319461	0.163929999,-0.000286370516,-0.00994287431,0.0604319349
p4	0	116	l_out-6	6	1024	60	3.380846e-07	7.152557e-07	-0.627613783,0.162095204,-0.380120277,-0.264306486	-0.627613425,0.162095219,-0.380120337,-0.264306545
p4	0	117	attn_norm-7	7	1024	97	2.981629e-07	1.907349e-06	-1.60707176,0.441070318,-1.06813657,-0.862777591	-1.60707068,0.441070318,-1.06813669,-0.86277765
p4	0	118	attn_pregate-7	7	2048	260	9.009688e-08	1.907349e-06	-0.0924450308,0.150094211,-0.753982186,0.134367302	-0.0924450234,0.15009436,-0.753982246,0.134367257
p4	0	119	attn_gated-7	7	2048	173	1.124821e-07	7.152557e-07	-0.0413280539,0.0662133768,-0.592255533,0.077137202	-0.0413280539,0.0662134513,-0.592255652,0.0771371797
p4	0	120	attn_output-7	7	1024	116	2.585707e-07	2.384186e-07	0.606915355,-0.0231537148,0.304088593,-0.027007591	0.606915116,-0.023153726,0.304088593,-0.0270075761
p4	0	121	attn_residual-7	7	1024	59	5.292381e-07	8.344650e-07	-0.0206984282,0.138941497,-0.0760316849,-0.291314065	-0.0206983089,0.138941497,-0.0760317445,-0.291314125
p4	0	122	attn_post_norm-7	7	1024	53	5.084842e-07	2.741814e-06	-0.0588460676,0.575226009,-0.303528786,-1.25493038	-0.0588457137,0.57522589,-0.303528935,-1.25493038
p4	0	123	ffn_out-7	7	1024	101	3.653415e-07	1.043081e-07	-0.172659919,-0.0191443264,0.0117164608,0.0939309373	-0.172659889,-0.0191443115,0.0117164459,0.0939309075
p4	0	124	l_out-7	7	1024	41	6.295039e-07	8.344650e-07	-0.193358347,0.11979717,-0.0643152222,-0.197383136	-0.193358198,0.119797185,-0.0643152967,-0.197383225
p4	0	125	attn_norm-8	8	1024	49	5.918232e-07	3.814697e-06	-0.993710637,0.728334188,-0.354833603,-1.28954124	-0.993709624,0.728334129,-0.354833901,-1.28954148
p4	0	126	conv_output_silu-8	8	6144	0	1.166150e-03	1.760185e-03	0.0841539279,-0.00981122814,-0.00118449458,-0.0881424546	0.0840822011,-0.00979831163,-0.00115279749,-0.0881822482
p4	0	127	q_conv_predelta-8	8	2048	0	1.618819e-03	1.409382e-03	0.0690161139,-0.00804636069,-0.000971424859,-0.0722871721	0.0690062493,-0.00804147311,-0.000946100743,-0.0723711625
p4	0	128	k_conv_predelta-8	8	2048	0	2.220374e-03	4.529297e-03	0.0737940818,0.0169603098,0.183163315,0.00758593809	0.0734195784,0.0168339889,0.183120012,0.00760451425
p4	0	129	v_conv_predelta-8	8	2048	0	2.711291e-04	3.893878e-04	0.00152003579,0.00144625211,0.00211885944,-0.00100592338	0.00151988177,0.00144737319,0.00211263867,-0.00101634266
p4	0	130	a_softplus-8	8	16	16	0.000000e+00	0.000000e+00	2.47310996,0.160218522,0.124911927,0.54169935	2.47310996,0.160218522,0.124911927,0.54169935
p4	0	131	gate-8	8	16	16	0.000000e+00	0.000000e+00	-0.868143201,-0.0455461517,-0.0372134931,-0.0817843676	-0.868143201,-0.0455461517,-0.0372134931,-0.0817843676
p4	0	132	beta_sigmoid-8	8	16	16	0.000000e+00	0.000000e+00	0.975863099,0.88569361,0.985879123,0.978078187	0.975863099,0.88569361,0.985879123,0.978078187
p4	0	133	state_predelta-8	8	262144	262144	0.000000e+00	0.000000e+00	0,0,0,0	0,0,0,0
p4	0	134	new_state-8	8	262144	0	9.038974e-04	7.879734e-04	0.000109462213,2.51580204e-05,0.000271694706,1.12525768e-05	0.000108895663,2.49681143e-05,0.00027160297,1.12789894e-05
p4	0	135	attn_output-8	8	2048	0	2.196484e-04	5.845213e-06	2.3342338e-05,2.2209284e-05,3.25381407e-05,-1.54474019e-05	2.3352497e-05,2.2238426e-05,3.24600078e-05,-1.56157821e-05
p4	0	136	z-8	8	2048	0	7.245575e-04	5.604982e-03	-0.0985240042,-0.378494978,1.00863421,0.209284782	-0.0982699096,-0.37822783,1.0086081,0.210369945
p4	0	137	final_output-8	8	2048	0	3.455916e-03	1.263328e-03	-0.00100727752,-0.00222537294,0.0241030548,-0.00134871097	-0.00100524852,-0.00222706818,0.0240443312,-0.00137114443
p4	0	138	linear_attn_out-8	8	1024	0	1.116877e-02	5.275747e-04	0.0256817117,0.0148785124,-0.0138804037,-0.00545597449	0.0258416571,0.0147278039,-0.0138264839,-0.0054535903
p4	0	139	attn_residual-8	8	1024	0	5.854248e-04	5.276203e-04	-0.167676628,0.134675682,-0.0781956241,-0.202839106	-0.167516544,0.134524986,-0.0781417787,-0.202836812
p4	0	140	attn_post_norm-8	8	1024	0	6.177995e-04	2.691418e-03	-0.535484135,0.623748779,-0.34974134,-1.03016961	-0.534973919,0.623051941,-0.349501133,-1.03015971
p4	0	141	ffn_out-8	8	1024	0	1.170350e-02	1.846960e-03	0.326063335,0.000709315762,0.0220186822,0.032424558	0.325589687,0.000612195116,0.0221443959,0.0324127488
p4	0	142	l_out-8	8	1024	0	1.334534e-03	1.660019e-03	0.158386707,0.135384992,-0.0561769418,-0.170414552	0.158073142,0.135137185,-0.0559973828,-0.170424059
p4	0	143	attn_norm-9	9	1024	0	1.397085e-03	1.077217e-02	0.740649283,0.770065725,-0.314756483,-1.14752734	0.739164472,0.768637002,-0.313742578,-1.14756262
p4	0	144	conv_output_silu-9	9	6144	0	6.030528e-03	5.495361e-03	0.00550174899,-0.123704694,-0.244472265,-0.0464881621	0.00560590066,-0.122783013,-0.244470477,-0.0462382808
p4	0	145	q_conv_predelta-9	9	2048	0	8.294367e-03	5.449444e-03	0.00470067002,-0.105692744,-0.208876029,-0.0397192799	0.00478759175,-0.104860038,-0.208784446,-0.0394887514
p4	0	146	k_conv_predelta-9	9	2048	0	6.034961e-03	1.047024e-02	-0.0560228713,0.0774714798,-0.0181958005,-7.76348388e-05	-0.0561054572,0.077384077,-0.018248193,-7.41501717e-05
p4	0	147	v_conv_predelta-9	9	2048	0	2.089952e-03	2.481401e-03	0.000319806626,-0.000680625555,3.6262114e-05,0.00185624999	0.000326529786,-0.000694026705,3.29292525e-05,0.00185357395
p4	0	148	a_softplus-9	9	16	0	7.897275e-04	4.137993e-03	0.26292178,1.06156111,0.0651986226,5.6563592	0.264167696,1.06493628,0.06539841,5.66049719
p4	0	149	gate-9	9	16	0	7.070354e-04	7.654428e-04	-0.106645778,-0.144793466,-0.0221827142,-1.04632127	-0.107151143,-0.145253837,-0.0222506896,-1.04708672
p4	0	150	beta_sigmoid-9	9	16	0	1.540371e-04	4.066825e-04	0.997082651,0.999519944,8.06275366e-08,0.939084828	0.997092247,0.999521017,8.09789285e-08,0.939304173
p4	0	151	state_predelta-9	9	262144	262144	0.000000e+00	0.000000e+00	0,0,0,0	0,0,0,0
p4	0	152	new_state-9	9	262144	0	4.751662e-03	3.438607e-03	-1.78642167e-05,2.47036132e-05,-5.80216101e-06,-2.47557033e-08	-1.82668336e-05,2.51947331e-05,-5.94125277e-06,-2.4141837e-08
p4	0	153	attn_output-9	9	2048	0	1.021265e-02	8.312566e-05	-1.98226502e-08,4.21874589e-08,-2.24764918e-09,-1.15056743e-07	-1.8126137e-08,3.85265437e-08,-1.82795268e-09,-1.02893409e-07
p4	0	154	z-9	9	2048	0	5.011996e-03	2.093816e-02	-0.0287249088,-0.567698479,0.461937904,-0.103290439	-0.0354841948,-0.563482165,0.460907817,-0.110162616
p4	0	155	final_output-9	9	2048	0	1.223683e-02	8.762062e-03	3.06782766e-07,-8.98787221e-06,-6.83604071e-07,5.57806288e-06	3.45350202e-07,-8.16890861e-06,-5.54496523e-07,5.30104398e-06
p4	0	156	linear_attn_out-9	9	1024	0	1.522256e-02	1.405448e-03	-0.17082867,-0.00940968283,-0.0110364091,-0.008922345	-0.172234118,-0.00922803022,-0.0110493619,-0.00881912187
p4	0	157	attn_residual-9	9	1024	0	1.531833e-03	1.719013e-03	-0.012441963,0.125975311,-0.067213349,-0.179336891	-0.0141609758,0.12590915,-0.0670467466,-0.179243177
p4	0	158	attn_post_norm-9	9	1024	0	1.610032e-03	6.746233e-03	-0.0407423787,0.577739775,-0.297623903,-0.930139422	-0.0463693924,0.577410758,-0.296873003,-0.9296121
p4	0	159	ffn_out-9	9	1024	0	1.559511e-02	1.640746e-03	0.0277954005,-0.0092399912,0.00719979731,0.00458307005	0.0270022899,-0.00940143969,0.00696171541,0.00502122939
p4	0	160	l_out-9	9	1024	0	1.957315e-03	2.512123e-03	0.0153534375,0.116735317,-0.0600135513,-0.174753815	0.0128413141,0.116507709,-0.0600850321,-0.174221948
p4	0	161	attn_norm-10	10	1024	0	2.065191e-03	1.296865e-02	0.079258278,0.627852082,-0.345092624,-1.08345413	0.0662896261,0.626623631,-0.345501304,-1.08014917
p4	0	162	conv_output_silu-10	10	6144	0	7.581059e-03	7.781506e-03	0.00398805318,0.00613736687,0.0104613258,-0.0788519904	0.00398917729,0.00613841787,0.0104465857,-0.0788936988
p4	0	163	q_conv_predelta-10	10	2048	0	8.208548e-03	5.343169e-03	0.0154101113,0.0237152074,0.0404232778,-0.304689497	0.0154036749,0.0237026792,0.0403380953,-0.304637462
p4	0	164	k_conv_predelta-10	10	2048	0	1.041477e-02	8.244589e-03	0.0670372993,0.0606693588,0.0561091378,0.105654202	0.0697360411,0.0596830659,0.0594029129,0.105644308
p4	0	165	v_conv_predelta-10	10	2048	0	4.752595e-03	7.300777e-04	0.003558442,0.00115808565,-0.00426465645,-0.00371701038	0.00347024691,0.00107770856,-0.00422716886,-0.0036069965
p4	0	166	a_softplus-10	10	16	0	9.843344e-04	6.896734e-03	1.04042971,0.0136279445,6.66927052,4.61354113	1.04124522,0.0136080701,6.67315149,4.61032629
p4	0	167	gate-10	10	16	0	1.121541e-03	2.115667e-03	-0.796168566,-0.0790384859,-2.06604362,-0.944649041	-0.796792626,-0.078923218,-2.06724596,-0.943990767
p4	0	168	beta_sigmoid-10	10	16	1	8.969327e-05	3.029704e-04	0.948028266,0.968971789,0.883738935,0.994519174	0.948054612,0.96903944,0.883865178,0.994532824
p4	0	169	state_predelta-10	10	262144	262144	0.000000e+00	0.000000e+00	0,0,0,0	0,0,0,0
p4	0	170	new_state-10	10	262144	1	9.730554e-03	1.449035e-03	0.000226150572,0.000204668308,0.000189284387,0.000356424833	0.000229430429,0.000196356312,0.000195434608,0.000347568042
p4	0	171	attn_output-10	10	2048	0	7.117539e-03	2.393941e-05	4.44583275e-05,1.44688465e-05,-5.32816011e-05,-4.64394398e-05	4.31822409e-05,1.34105358e-05,-5.26010408e-05,-4.48839091e-05
p4	0	172	z-10	10	2048	0	3.618975e-03	3.103614e-02	1.0535661,1.12115407,1.2693212,1.3052913	1.05045688,1.11901116,1.262218,1.29871917
p4	0	173	final_output-10	10	2048	0	1.627695e-02	1.839745e-02	0.0311578419,0.0130473105,-0.0513571352,-0.0486933477	0.0301505011,0.0120637296,-0.0503396541,-0.046760492
p4	0	174	linear_attn_out-10	10	1024	0	2.542770e-02	5.581468e-03	-0.410839736,-0.0224290341,-0.0298555642,-0.00652544945	-0.405258268,-0.0227204114,-0.0299133621,-0.00577493198
p4	0	175	attn_residual-10	10	1024	0	3.314919e-03	3.125340e-03	-0.395486295,0.0943062827,-0.0898691118,-0.181279272	-0.392416954,0.0937872976,-0.0899983943,-0.179996878
p4	0	176	attn_post_norm-10	10	1024	0	3.443263e-03	1.628500e-02	-1.45170832,0.427321106,-0.40590778,-0.874918401	-1.44100785,0.425136507,-0.406651497,-0.86907059
p4	0	177	ffn_out-10	10	1024	0	2.089880e-02	2.375892e-03	-0.178529993,-0.00293818302,0.013532619,-0.0334991999	-0.179511562,-0.00331326574,0.0135986898,-0.033335574
p4	0	178	l_out-10	10	1024	0	3.628609e-03	3.474772e-03	-0.574016273,0.0913681015,-0.0763364956,-0.214778468	-0.571928501,0.0904740319,-0.0763997063,-0.213332444
p4	0	179	attn_norm-11	11	1024	0	3.682081e-03	1.704746e-02	-2.31128788,0.383719921,-0.342371851,-1.06219804	-2.3028388,0.379958034,-0.342648953,-1.05502701
p4	0	180	attn_pregate-11	11	2048	0	5.119631e-03	2.500755e-02	0.317912698,0.16163069,0.155247793,-0.142066777	0.322089642,0.165566117,0.157025397,-0.142589778
p4	0	181	attn_gated-11	11	2048	0	1.367179e-02	1.847363e-02	0.28658092,0.0567942187,0.0867285281,-0.0431167968	0.290137559,0.0582432039,0.0877707377,-0.0434605218
p4	0	182	attn_output-11	11	1024	0	2.164467e-02	9.271782e-03	0.479531884,0.00335177034,0.147265539,0.150307998	0.47943911,0.0044003278,0.14884913,0.151037842
p4	0	183	attn_residual-11	11	1024	0	1.615006e-02	9.570695e-03	-0.0944843888,0.0947198719,0.070929043,-0.06447047	-0.0924893916,0.0948743597,0.0724494234,-0.0622946024
p4	0	184	attn_post_norm-11	11	1024	0	1.676005e-02	7.145977e-02	-0.466582626,0.663585544,0.474170983,-0.464029014	-0.457000881,0.665060759,0.484621197,-0.448633134
p4	0	185	ffn_out-11	11	1024	0	2.540929e-02	4.878562e-03	0.120049164,-0.00567574846,0.0186890736,0.00477894116	0.115216538,-0.00590445939,0.0185896028,0.00526025612
p4	0	186	l_out-11	11	1024	0	2.126491e-02	1.109704e-02	0.0255647749,0.0890441239,0.0896181166,-0.0596915297	0.0227271467,0.0889699012,0.0910390243,-0.0570343472
p4	0	187	attn_norm-12	12	1024	0	2.191464e-02	1.416482e-01	0.249392107,0.980053127,1.02764142,-0.731207788	0.221298859,0.977419436,1.04199803,-0.697361648
p4	0	188	conv_output_silu-12	12	6144	0	1.571822e-02	5.690140e-02	-0.0227191634,-0.104206994,0.0182637479,0.0374702476	-0.0223488379,-0.103932433,0.0201276131,0.044691164
p4	0	189	q_conv_predelta-12	12	2048	0	2.481087e-02	2.089155e-02	-0.0131268846,-0.0602096654,0.0105525944,0.021649899	-0.0128376652,-0.0597010814,0.0115617448,0.0256715901
p4	0	190	k_conv_predelta-12	12	2048	0	1.839344e-02	4.176152e-02	-0.00951877609,0.00133787072,-0.000693053938,-0.00612819334	-0.00958582666,0.00138060784,-0.000772355997,-0.00625635218
p4	0	191	v_conv_predelta-12	12	2048	0	3.457243e-03	8.788109e-03	-0.00112512219,0.00126778742,0.00015907544,-0.000305970258	-0.00112920045,0.00126245781,0.000189510902,-0.000296026439
p4	0	192	a_softplus-12	12	16	0	9.107262e-03	4.772735e-02	0.300565183,2.517241,3.04856205,0.643720806	0.308592319,2.46951365,3.08061123,0.63964653
p4	0	193	gate-12	12	16	0	1.360231e-02	2.816737e-02	-0.0605883189,-1.48560143,-0.316334516,-0.182993859	-0.0622064397,-1.45743406,-0.319660127,-0.181835651
p4	0	194	beta_sigmoid-12	12	16	0	9.782041e-04	2.027810e-03	0.979334116,0.858416557,0.961678028,0.859583199	0.979179263,0.857348859,0.962835968,0.861611009
p4	0	195	state_predelta-12	12	262144	262144	0.000000e+00	0.000000e+00	0,0,0,0	0,0,0,0
p4	0	196	new_state-12	12	262144	0	1.417443e-02	1.720185e-02	1.04884593e-05,-1.4741604e-06,7.63655748e-07,6.75247566e-06	1.05989493e-05,-1.52652387e-06,8.5398608e-07,6.91758396e-06
p4	0	197	attn_output-12	12	2048	0	1.204525e-02	1.001947e-03	-9.93948379e-06,1.1199807e-05,1.40529426e-06,-2.70298301e-06	-9.96184917e-06,1.11374457e-05,1.67187147e-06,-2.61155537e-06
p4	0	198	z-12	12	2048	0	1.367241e-02	1.247749e-01	0.488871098,-0.216558158,1.38514912,-0.248447031	0.495312005,-0.256508529,1.38112402,-0.243517756
p4	0	199	final_output-12	12	2048	0	2.704838e-02	4.840678e-02	-0.00265131937,-0.000999837182,0.001135397,0.000267912488	-0.00269928551,-0.00115186127,0.0013459652,0.000254455546
p4	0	200	linear_attn_out-12	12	1024	0	3.314807e-02	1.977192e-03	-0.0328301042,0.0153150856,0.00322440825,0.0075121969	-0.0324496329,0.0151496008,0.0045494996,0.00740460306
p4	0	201	attn_residual-12	12	1024	0	2.291500e-02	1.052902e-02	-0.00726532936,0.10435921,0.0928425267,-0.0521793328	-0.00972248614,0.104119502,0.0955885202,-0.0496297441
p4	0	202	attn_post_norm-12	12	1024	0	2.365909e-02	1.048022e-01	-0.0470381156,1.04541743,0.850800574,-0.512201428	-0.0628342703,1.0411557,0.874402165,-0.486305237
p4	0	203	ffn_out-12	12	1024	0	3.732546e-02	4.829057e-03	-0.0610569641,-0.0224509127,-0.000427138526,-0.0120192822	-0.0658860207,-0.0223338697,-0.000148324354,-0.0113109658
p4	0	204	l_out-12	12	1024	0	2.604945e-02	1.004116e-02	-0.0683222935,0.0819083005,0.0924153849,-0.0641986132	-0.0756085068,0.0817856342,0.095440194,-0.060940709
p4	0	205	attn_norm-13	13	1024	0	2.704121e-02	1.441588e-01	-0.765304863,1.04001784,1.19534755,-0.925244272	-0.845457911,1.03666687,1.23233998,-0.876773775
p4	0	206	conv_output_silu-13	13	6144	0	2.840595e-02	6.288667e-02	-0.0101590352,0.108969547,0.0324024186,-0.00662516477	-0.00982266571,0.115064785,0.0338780321,-0.00651456788
p4	0	207	q_conv_predelta-13	13	2048	0	3.048050e-02	4.536803e-02	-0.00806564279,0.0865150541,0.0257255062,-0.00525996927	-0.00784972962,0.0919533893,0.0270734429,-0.00520608108
p4	0	208	k_conv_predelta-13	13	2048	0	1.982712e-02	1.932485e-02	-0.00376070268,-0.000983730424,0.00640820153,-0.660265505	-0.003734614,-0.00101683184,0.00648229476,-0.656754792
p4	0	209	v_conv_predelta-13	13	2048	0	3.641221e-02	2.152357e-02	1.57384329e-05,0.000257036503,0.000123704085,7.88076941e-05	1.30244071e-05,0.000271383964,0.000131047462,6.78837314e-05
p4	0	210	a_softplus-13	13	16	0	5.491365e-03	2.081347e-02	2.25577807,0.61869359,1.61380255,2.79336405	2.23496461,0.613255262,1.59586871,2.78831482
p4	0	211	gate-13	13	16	0	7.641398e-03	9.017706e-03	-0.607134461,-0.71211201,-0.811470866,-0.668685853	-0.601532578,-0.705852509,-0.80245316,-0.667477131
p4	0	212	beta_sigmoid-13	13	16	0	8.431097e-04	1.644850e-03	0.94828707,0.862775028,0.659687579,0.978647351	0.947882473,0.863767087,0.658178627,0.978883505
p4	0	213	state_predelta-13	13	262144	262144	0.000000e+00	0.000000e+00	0,0,0,0	0,0,0,0
p4	0	214	new_state-13	13	262144	0	4.277640e-02	1.076785e-02	-5.61268045e-08,-1.46817367e-08,9.56395425e-08,-9.85416682e-06	-4.61060772e-08,-1.25534072e-08,8.0027867e-08,-8.10803704e-06
p4	0	215	attn_output-13	13	2048	0	4.039333e-02	5.136122e-05	-7.76941178e-09,-1.26888295e-07,-6.10675812e-08,-3.89040977e-08	-6.84305057e-09,-1.42585577e-07,-6.88525432e-08,-3.56662326e-08
p4	0	216	z-13	13	2048	0	1.925793e-02	1.498271e-01	0.895652413,0.490358293,0.291368127,2.10842395	0.933451295,0.507656336,0.289979219,2.13809419
p4	0	217	final_output-13	13	2048	0	3.477051e-02	1.099137e-02	-5.23780818e-06,-4.12077752e-05,-1.0807611e-05,-7.58230672e-05	-4.86026011e-06,-4.82533505e-05,-1.21200865e-05,-7.071461e-05
p4	0	218	linear_attn_out-13	13	1024	0	4.128639e-02	1.971611e-03	0.0288389921,-0.00534927985,-0.00153762102,-0.0123206824	0.0275549777,-0.00488100527,-0.00152820488,-0.0121988459
p4	0	219	attn_residual-13	13	1024	0	2.664343e-02	9.886954e-03	-0.0394833013,0.0765590221,0.0908777639,-0.0765192956	-0.0480535291,0.0769046322,0.0939119905,-0.0731395558
p4	0	220	attn_post_norm-13	13	1024	0	2.730475e-02	1.143938e-01	-0.313681304,0.919875145,1.00772834,-0.845645487	-0.38106364,0.922320962,1.03945088,-0.806801617
p4	0	221	ffn_out-13	13	1024	0	4.030820e-02	5.152129e-03	-0.0895211101,0.0189485308,0.0230872333,-0.00262228586	-0.0912855715,0.0177171919,0.0233994573,-0.00242553931
p4	0	222	l_out-13	13	1024	0	2.489710e-02	1.033469e-02	-0.129004419,0.0955075547,0.113964997,-0.0791415796	-0.139339104,0.0946218222,0.117311448,-0.0755650923
p4	0	223	attn_norm-14	14	1024	0	2.526086e-02	1.372207e-01	-1.46559036,1.22495997,1.3566848,-1.09380758	-1.5817945,1.21267521,1.39545834,-1.04358172
p4	0	224	conv_output_silu-14	14	6144	0	2.533162e-02	8.310676e-02	-0.205845341,-0.0156004308,-0.138333037,-0.213234365	-0.198924124,-0.0152155468,-0.143513292,-0.212123811
p4	0	225	q_conv_predelta-14	14	2048	0	2.868974e-02	2.512333e-02	-0.0760359243,-0.00576254539,-0.0510979742,-0.0787653103	-0.0735138431,-0.00562301511,-0.0530363694,-0.0783918798
p4	0	226	k_conv_predelta-14	14	2048	0	2.454414e-02	3.668961e-02	-0.00283959345,0.0249523688,0.000460279931,-2.88317551e-05	-0.00276033697,0.0260789618,0.000521968352,0.000385248044
p4	0	227	v_conv_predelta-14	14	2048	0	1.964733e-02	6.607190e-03	-0.000188239006,-0.000758873124,0.000272025296,-0.00259504514	-9.98359246e-05,-0.000801153481,0.0001986977,-0.00229745498
p4	0	228	a_softplus-14	14	16	0	9.571169e-03	2.283680e-02	0.371566474,1.53729486,0.768167675,0.0278056711	0.360148162,1.55090654,0.777173996,0.0284469631
p4	0	229	gate-14	14	16	0	9.084955e-03	7.021934e-03	-0.116918571,-0.256907731,-0.510711491,-0.083663471	-0.113325641,-0.259182483,-0.516699314,-0.0855930373
p4	0	230	beta_sigmoid-14	14	16	0	7.871987e-04	1.885414e-03	0.955226183,0.984059811,0.890013814,0.929672539	0.955166221,0.984231174,0.88900125,0.928976238
p4	0	231	state_predelta-14	14	262144	262144	0.000000e+00	0.000000e+00	0,0,0,0	0,0,0,0
p4	0	232	new_state-14	14	262144	0	3.204751e-02	7.289883e-03	5.10589643e-07,-4.48670608e-06,-8.27633144e-08,5.18426191e-09	2.63225473e-07,-2.4868873e-06,-4.97748509e-08,-3.67372159e-08
p4	0	233	attn_output-14	14	2048	0	1.691539e-02	1.364176e-04	-5.88776281e-08,-2.37361235e-07,8.5084416e-08,-8.11681389e-07	-4.25646967e-08,-3.41568978e-07,8.47141095e-08,-9.79512265e-07
p4	0	234	z-14	14	2048	0	1.617064e-02	1.203818e-01	0.179047704,-0.743002355,0.519366384,0.991110086	0.191006899,-0.721514225,0.540071011,0.952888787
p4	0	235	final_output-14	14	2048	0	4.418058e-02	6.663042e-02	-6.03308263e-06,5.68333708e-05,2.784553e-05,-0.000536564563	-4.67813879e-06,8.05797245e-05,2.90514254e-05,-0.000616037694
p4	0	236	linear_attn_out-14	14	1024	0	5.130830e-02	4.872952e-03	0.0223053917,-0.012047451,0.00294186175,-0.0148281641	0.0205973908,-0.0115699079,0.00244252943,-0.0159927402
p4	0	237	attn_residual-14	14	1024	0	2.544041e-02	1.204269e-02	-0.106699027,0.0834601074,0.116906859,-0.0939697474	-0.118741713,0.0830519125,0.119753979,-0.0915578306
p4	0	238	attn_post_norm-14	14	1024	0	2.536278e-02	1.068226e-01	-0.917725921,1.0067687,1.3233155,-1.0322423	-1.02036488,1.00092161,1.35429406,-1.00482094
p4	0	239	ffn_out-14	14	1024	0	2.942523e-03	8.818150e-03	-1.07878923,-0.162841201,-0.107965946,-0.187188208	-1.07626152,-0.162059784,-0.107512847,-0.185334668
p4	0	240	l_out-14	14	1024	0	4.681358e-03	1.108122e-02	-1.18548822,-0.0793810934,0.00894091278,-0.28115797	-1.19500327,-0.0790078714,0.0122411326,-0.276892483
p4	0	241	attn_norm-15	15	1024	0	4.384977e-03	1.843119e-02	-1.9908638,-0.149000958,0.0167458281,-0.523603678	-2.00929499,-0.148481563,0.0229549631,-0.516290009
p4	0	242	attn_pregate-15	15	2048	0	4.083444e-03	2.715486e-02	-0.207333148,0.220410615,0.0850597024,0.0746375322	-0.213428259,0.227099538,0.0699601769,0.0854224563
p4	0	243	attn_gated-15	15	2048	0	2.944220e-03	1.489246e-02	-0.0406258963,0.0546765104,0.0106401769,0.0260693859	-0.0417007767,0.0560663678,0.00880924705,0.0295731332
p4	0	244	attn_output-15	15	1024	0	8.596234e-03	1.616132e-02	1.05939174,0.114625879,0.124200605,0.333968431	1.05248129,0.113706045,0.116932258,0.335605145
p4	0	245	attn_residual-15	15	1024	0	4.141835e-02	1.919457e-02	-0.126096487,0.0352447852,0.133141518,0.0528104603	-0.142521977,0.0346981734,0.129173398,0.0587126613
p4	0	246	attn_post_norm-15	15	1024	0	4.297881e-02	1.907607e-01	-0.863718212,0.381733745,1.37526548,0.506178916	-0.980042994,0.377282411,1.3394928,0.564950109
p4	0	247	ffn_out-15	15	1024	0	6.554016e-02	1.044933e-02	0.0819580406,0.00984012708,-0.00527200475,0.0193425678	0.0841787159,0.00756960735,-0.00457201153,0.0186567418
p4	0	248	l_out-15	15	1024	0	3.802236e-02	1.540202e-02	-0.0441384465,0.0450849123,0.127869517,0.0721530318	-0.0583432615,0.0422677808,0.124601386,0.0773694068
p4	0	249	attn_norm-16	16	1024	0	3.734402e-02	1.900401e-01	-0.420596331,0.617905617,1.45974338,0.922806859	-0.558335423,0.581776798,1.42852676,0.993759871
p4	0	250	conv_output_silu-16	16	6144	0	2.463455e-02	8.374405e-02	0.0330873653,0.0797003433,0.161502317,-0.245250002	0.0241065379,0.083711803,0.160899907,-0.246336564
p4	0	251	q_conv_predelta-16	16	2048	0	4.350674e-02	4.611382e-02	0.00564333051,0.0135935685,0.0275455881,-0.0418294668	0.00407211343,0.0141407261,0.0271794591,-0.0416115485
p4	0	252	k_conv_predelta-16	16	2048	0	3.429158e-02	2.985297e-02	0.0637207329,-0.0155602051,-0.00431533949,0.0682044178	0.0631440133,-0.015024147,-0.00352409738,0.0725335926
p4	0	253	v_conv_predelta-16	16	2048	0	1.482118e-02	4.365110e-02	-0.00717367046,0.000262971502,0.116132341,-0.00048389312	-0.00714492891,0.000279705244,0.115282886,-0.000469596853
p4	0	254	a_softplus-16	16	16	0	1.768119e-02	6.916791e-02	0.448827356,1.52503705,0.508258998,2.00885415	0.437527061,1.51923573,0.546597421,1.96840298
p4	0	255	gate-16	16	16	0	9.989558e-03	1.234412e-02	-0.0911848098,-0.618582308,-0.0607028827,-0.434445202	-0.0888890177,-0.616229177,-0.0652817562,-0.425696999
p4	0	256	beta_sigmoid-16	16	16	0	8.304457e-04	1.782954e-03	0.992546856,0.92931366,0.993063748,0.985437751	0.993237495,0.931096613,0.993495464,0.986033142
p4	0	257	state_predelta-16	16	262144	262144	0.000000e+00	0.000000e+00	0,0,0,0	0,0,0,0
p4	0	258	new_state-16	16	262144	1	2.939859e-02	4.184568e-02	-0.000453704619,0.000110791836,3.07260998e-05,-0.000485629367	-0.000448108534,0.000106620537,2.50091489e-05,-0.000514742744
p4	0	259	attn_output-16	16	2048	0	2.538911e-02	4.604962e-04	-7.52336491e-05,2.75790535e-06,0.0012179343,-5.07481354e-06	-7.65314835e-05,2.99600742e-06,0.00123482978,-5.02999228e-06
p4	0	260	z-16	16	2048	0	3.149880e-02	1.577215e-01	0.00579607487,0.171598077,-1.33328199,0.224167854	0.00222951174,0.194848657,-1.37028718,0.247885406
p4	0	261	final_output-16	16	2048	0	5.081547e-02	5.044699e-02	-0.000170976578,0.000207762379,-0.305926889,-0.00050222635	-6.64829568e-05,0.000257837324,-0.308152854,-0.000553748279
p4	0	262	linear_attn_out-16	16	1024	0	7.399918e-02	7.084545e-03	-0.141620919,0.0101328865,0.0407453105,-0.0199644268	-0.136620045,0.00969653949,0.0423349403,-0.0192398243
p4	0	263	attn_residual-16	16	1024	0	3.876461e-02	1.496308e-02	-0.185759366,0.0552177988,0.168614835,0.0521886051	-0.194963306,0.0519643202,0.166936323,0.0581295826
p4	0	264	attn_post_norm-16	16	1024	0	4.129744e-02	1.659778e-01	-1.22631383,0.613758147,1.83448386,0.474393964	-1.29235315,0.579963744,1.82367063,0.530564368
p4	0	265	ffn_out-16	16	1024	0	7.356815e-02	1.037022e-02	0.0525972322,-0.00274102716,0.0105987983,0.0508981273	0.0422270074,-0.00456833839,0.00916167069,0.0561500415
p4	0	266	l_out-16	16	1024	0	4.014726e-02	1.957417e-02	-0.133162141,0.0524767712,0.179213628,0.103086732	-0.152736306,0.0473959818,0.176097989,0.114279628
p4	0	267	attn_norm-17	17	1024	0	3.987737e-02	2.373590e-01	-1.36029518,0.720695019,2.3008523,1.28849339	-1.56520247,0.652982891,2.26802588,1.43292713
p4	0	268	conv_output_silu-17	17	6144	0	2.952542e-02	1.568503e-01	-0.246370107,-0.190535277,-0.127059102,0.000431360677	-0.240988135,-0.193759963,-0.132622048,0.00104744046
p4	0	269	q_conv_predelta-17	17	2048	0	4.198516e-02	3.485796e-02	-0.0945899263,-0.073153019,-0.0487823412,0.000165614139	-0.0915583596,-0.0736150146,-0.0503869504,0.000397952914
p4	0	270	k_conv_predelta-17	17	2048	0	3.130208e-02	4.218996e-02	0.0185735095,-0.115010075,-0.0230448879,-0.0108387005	0.0193888098,-0.117379151,-0.0233844984,-0.0130650187
p4	0	271	v_conv_predelta-17	17	2048	0	1.625865e-02	3.334117e-02	-0.00984986871,-0.203549266,0.0496629179,-0.0293378662	-0.0101428274,-0.200549409,0.048960492,-0.0176263712
p4	0	272	a_softplus-17	17	16	0	1.056934e-02	5.278540e-02	2.67984772,0.228325143,3.6571908,3.08820295	2.73228431,0.236506775,3.64792156,3.10505724
p4	0	273	gate-17	17	16	0	9.417656e-03	1.235789e-02	-0.631566167,-0.0590986572,-0.924682617,-1.07562494	-0.643924057,-0.0612163544,-0.922339022,-1.0814954
p4	0	274	beta_sigmoid-17	17	16	0	7.534481e-04	1.938522e-03	0.943912089,0.994383693,0.985736072,0.963858068	0.942838252,0.994525909,0.985052764,0.963773549
p4	0	275	state_predelta-17	17	262144	262144	0.000000e+00	0.000000e+00	0,0,0,0	0,0,0,0
p4	0	276	new_state-17	17	262144	0	3.376864e-02	8.263433e-02	-0.000172685541,0.0010692958,0.000214257772,0.000100771846	-0.000185416066,0.00112250214,0.000223627023,0.000124941376
p4	0	277	attn_output-17	17	2048	0	3.379741e-02	1.313496e-03	-1.78147802e-05,-0.000368145644,8.98219077e-05,-5.30613834e-05	-1.88782888e-05,-0.00037327176,9.11275056e-05,-3.28070055e-05
p4	0	278	z-17	17	2048	0	3.386789e-02	1.704930e-01	-0.121163137,-1.12228036,-1.33336186,-0.72130394	-0.126762018,-1.13152266,-1.32608235,-0.684602857
p4	0	279	final_output-17	17	2048	0	6.793232e-02	8.103979e-02	0.000772866944,0.0855706856,-0.0145863844,0.00939947553	0.000853016158,0.0867368504,-0.0147801964,0.00564437173
p4	0	280	linear_attn_out-17	17	1024	0	8.997997e-02	1.516043e-02	-0.163770691,0.0278424863,0.0490866378,-0.0507380925	-0.148610264,0.0264564194,0.0523799062,-0.0534262322
p4	0	281	attn_residual-17	17	1024	0	4.164072e-02	1.826598e-02	-0.296932817,0.0803192556,0.228300273,0.0523486398	-0.30134657,0.073852405,0.228477895,0.0608533956
p4	0	282	attn_post_norm-17	17	1024	0	4.484161e-02	1.991889e-01	-1.82366204,0.865086973,2.37259316,0.47830227	-1.85305917,0.796419024,2.37737632,0.556696832
p4	0	283	ffn_out-17	17	1024	0	8.631771e-02	1.085989e-02	-0.0203327909,-0.0357995667,-0.0180682763,0.0393719412	-0.0224028435,-0.033062581,-0.0123558827,0.0423954464
p4	0	284	l_out-17	17	1024	0	4.445568e-02	2.089869e-02	-0.3172656,0.0445196889,0.21023199,0.0917205811	-0.323749423,0.040789824,0.216122016,0.103248842
p4	0	285	attn_norm-18	18	1024	0	4.317184e-02	2.720507e-01	-3.20808506,0.592361331,2.69205666,1.14209783	-3.27744555,0.543362916,2.77069044,1.28713858
p4	0	286	conv_output_silu-18	18	6144	0	2.309213e-02	7.472062e-02	-0.259165525,-0.235831425,-0.0348478816,-0.27643773	-0.264956743,-0.240539059,-0.0175853465,-0.275456429
p4	0	287	q_conv_predelta-18	18	2048	0	3.562166e-02	2.657873e-02	-0.0711625665,-0.06475541,-0.00956865121,-0.0759052262	-0.0723913088,-0.0657199249,-0.00480465684,-0.0752600282
p4	0	288	k_conv_predelta-18	18	2048	0	3.037727e-02	2.821496e-02	-0.035975568,-0.0690212771,-0.0391864404,0.00115958636	-0.0326003619,-0.0695342198,-0.03952685,0.00111391989
p4	0	289	v_conv_predelta-18	18	2048	0	1.593037e-02	6.685969e-02	0.0800255463,0.0129866963,-0.00863330532,-0.102182172	0.0802319646,0.0130351679,-0.00808783155,-0.101283766
p4	0	290	a_softplus-18	18	16	0	1.118004e-02	6.200624e-02	0.0686918274,7.81408358,1.70992863,4.97774601	0.0639014542,7.75278282,1.67669249,4.94048882
p4	0	291	gate-18	18	16	0	1.271337e-02	1.876366e-02	-0.0286350138,-1.57517314,-0.509418249,-1.33974218	-0.0266380887,-1.56281602,-0.499516606,-1.32971454
p4	0	292	beta_sigmoid-18	18	16	0	2.360644e-04	5.631447e-04	0.995706618,0.985102296,0.97120285,0.980772376	0.99571687,0.9850986,0.970837414,0.980348527
p4	0	293	state_predelta-18	18	262144	262144	0.000000e+00	0.000000e+00	0,0,0,0	0,0,0,0
p4	0	294	new_state-18	18	262144	0	2.657301e-02	5.473596e-02	-0.0028666039,-0.00549975084,-0.00312245241,9.23981206e-05	-0.00260438817,-0.00555497222,-0.00315773371,8.8989189e-05
p4	0	295	attn_output-18	18	2048	0	3.418001e-02	1.227140e-03	0.00122041185,0.000198050751,-0.000131660316,-0.00155830663	0.00125603809,0.000204066615,-0.000126615661,-0.00158560579
p4	0	296	z-18	18	2048	0	3.418908e-02	2.393570e-01	-3.5866909,-0.431511343,-0.967489421,-0.690627575	-3.5764873,-0.426291585,-0.958833814,-0.651421726
p4	0	297	final_output-18	18	2048	0	4.931352e-02	1.755598e-01	-0.0441655777,-0.0147427823,0.0140354233,0.136824593	-0.0448615178,-0.0147530558,0.0131915398,0.13207224
p4	0	298	linear_attn_out-18	18	1024	0	4.083002e-02	2.911264e-02	-0.664128184,0.0661906004,-0.023998633,0.0630492344	-0.677520752,0.0670145527,-0.0227313451,0.0646216944
p4	0	299	attn_residual-18	18	1024	1	4.056285e-02	2.510428e-02	-0.981393814,0.110710293,0.186233357,0.154769808	-1.00127017,0.107804373,0.193390667,0.167870536
p4	0	300	attn_post_norm-18	18	1024	0	4.274786e-02	1.722484e-01	-5.32412481,0.933564603,1.59651399,1.13698852	-5.38502789,0.90120703,1.64354861,1.22257674
p4	0	301	ffn_out-18	18	1024	0	5.119603e-02	1.714093e-02	-1.29461813,-0.0389828011,-0.135147244,0.299685627	-1.28096449,-0.0370795354,-0.127859473,0.307104915
p4	0	302	l_out-18	18	1024	0	3.801602e-02	2.480221e-02	-2.27601194,0.0717274919,0.0510861129,0.454455435	-2.28223467,0.0707248375,0.0655311942,0.474975467
p4	0	303	attn_norm-19	19	1024	0	3.425291e-02	1.470470e-01	-11.6471682,0.408253014,0.299696803,2.63613391	-11.5849133,0.39930281,0.381341428,2.73296475
p4	0	304	attn_pregate-19	19	2048	0	4.299064e-02	9.040773e-02	-0.442429662,-0.26149404,-0.52533859,-0.224258721	-0.435308158,-0.236725926,-0.534273565,-0.208087042
p4	0	305	attn_gated-19	19	2048	0	3.225123e-02	4.578185e-02	-0.015875604,-0.017425485,-0.0297681391,-0.0145734912	-0.0171909444,-0.0174152087,-0.0341632217,-0.0148947453
p4	0	306	attn_output-19	19	1024	0	5.102681e-02	2.212179e-02	1.68914711,0.0228888243,0.0175865591,-0.144197255	1.7112689,0.0235354155,0.017447874,-0.149258733
p4	0	307	attn_residual-19	19	1024	0	4.628165e-02	3.076386e-02	-0.586864829,0.0946163163,0.0686726719,0.31025818	-0.570965767,0.094260253,0.0829790682,0.325716734
p4	0	308	attn_post_norm-19	19	1024	0	4.778804e-02	1.955757e-01	-3.28125143,0.783034503,0.519613862,1.95107484	-3.1617136,0.772599638,0.621836722,2.02862525
p4	0	309	ffn_out-19	19	1024	0	8.428549e-02	1.314116e-02	0.0485323519,-0.00629166886,-0.0727806389,-0.027778849	0.0616735145,-0.000981237739,-0.0700572953,-0.0272754356
p4	0	310	l_out-19	19	1024	0	5.044166e-02	3.198433e-02	-0.538332462,0.0883246511,-0.00410796702,0.282479346	-0.509292245,0.093279019,0.0129217729,0.298441291
p4	0	311	attn_norm-20	20	1024	0	4.642284e-02	2.887078e-01	-3.74036741,0.862093568,-0.0373663194,2.30085468	-3.50365663,0.901461661,0.116376765,2.4068675
p4	0	312	conv_output_silu-20	20	6144	0	3.346385e-02	1.453732e-01	0.147016689,-0.107801974,-0.052446533,0.08597105	0.151589975,-0.109521709,-0.0507780351,0.106717445
p4	0	313	q_conv_predelta-20	20	2048	0	4.889127e-02	4.960895e-02	0.0641428679,-0.0470336266,-0.0228822399,0.0375088714	0.0684420466,-0.0494484529,-0.0229260065,0.0481823459
p4	0	314	k_conv_predelta-20	20	2048	0	3.407559e-02	2.379647e-02	0.00146838906,-0.00665641762,0.028214762,-0.0320083089	0.00216267747,-0.00970736239,0.0285052061,-0.0321431942
p4	0	315	v_conv_predelta-20	20	2048	0	1.945823e-02	9.250116e-02	0.0139005957,0.0249239244,0.0105910534,-0.00927954726	0.0163816437,0.0229472425,0.0120945442,-0.00786308013
p4	0	316	a_softplus-20	20	16	0	1.378077e-02	5.946875e-02	1.04142618,2.2906878,0.58190161,5.29066563	1.0103178,2.24681377,0.532250643,5.27892017
p4	0	317	gate-20	20	16	0	1.190013e-02	1.779521e-02	-0.232373595,-0.398061842,-0.105972156,-1.51580107	-0.225432381,-0.390437692,-0.0969300419,-1.51243603
p4	0	318	beta_sigmoid-20	20	16	0	8.723858e-04	2.746224e-03	0.997398615,0.996779621,0.993665874,0.968834281	0.997398019,0.996686876,0.99341923,0.968185067
p4	0	319	state_predelta-20	20	262144	262144	0.000000e+00	0.000000e+00	0,0,0,0	0,0,0,0
p4	0	320	new_state-20	20	262144	0	3.451334e-02	8.494854e-02	2.03583859e-05,-9.22874679e-05,0.000391181733,-0.000443777128	3.53360265e-05,-0.000158608775,0.000465747115,-0.000525188283
p4	0	321	attn_output-20	20	2048	0	4.791286e-02	1.052454e-03	0.000179103954,0.000321135361,0.000136461735,-0.000119563469	0.000227473967,0.00031864323,0.000167943654,-0.000109185967
p4	0	322	z-20	20	2048	0	4.124091e-02	2.302570e-01	0.0509408712,-0.165492535,0.704283476,-0.00994151831	0.0324981809,-0.102835298,0.691482067,-0.0132068396
p4	0	323	final_output-20	20	2048	0	5.586318e-02	2.397039e-01	0.00178861571,-0.00986231491,0.0237725433,0.00020360238	0.00136027194,-0.00595507398,0.0270910133,0.000233558152
p4	0	324	linear_attn_out-20	20	1024	0	6.980574e-02	3.584193e-02	0.0498993546,-0.0262342244,-0.0687540248,0.0271160267	0.0857412815,-0.0298779905,-0.0715540126,0.00871678069
p4	0	325	attn_residual-20	20	1024	0	5.489074e-02	6.488216e-02	-0.488433123,0.0620904267,-0.0728619918,0.309595376	-0.423550963,0.0634010285,-0.0586322397,0.307158083
p4	0	326	attn_post_norm-20	20	1024	0	5.587270e-02	3.219743e-01	-2.29276681,0.510736525,-0.606532097,2.00844622	-1.97079253,0.516950607,-0.483804286,1.97518682
p4	0	327	ffn_out-20	20	1024	0	9.983675e-02	2.367428e-02	0.174188644,0.0712438822,0.0326304883,0.0265233703	0.162912577,0.0758828819,0.0269050393,0.0296198018
p4	0	328	l_out-20	20	1024	0	6.074663e-02	5.360609e-02	-0.314244479,0.133334309,-0.0402315035,0.336118758	-0.260638386,0.13928391,-0.0317272022,0.336777896
p4	0	329	attn_norm-21	21	1024	0	5.740401e-02	3.542735e-01	-1.96476614,1.27995157,-0.352327377,2.73835969	-1.61687326,1.32662117,-0.275680631,2.72229815
p4	0	330	conv_output_silu-21	21	6144	0	4.336712e-02	1.478192e-01	-0.250014693,-0.193475887,0.03266716,-0.260980308	-0.255874246,-0.18944408,-0.0101601034,-0.253240258
p4	0	331	q_conv_predelta-21	21	2048	0	5.431909e-02	3.276212e-02	-0.109523401,-0.0847555697,0.0143104326,-0.114327088	-0.113103621,-0.083739616,-0.00449105166,-0.111939326
p4	0	332	k_conv_predelta-21	21	2048	0	4.921218e-02	5.469638e-02	-0.0444022454,0.0394084714,-0.0601643845,-0.00832765084	-0.0452149622,0.039245192,-0.0628286451,-0.00805796124
p4	0	333	v_conv_predelta-21	21	2048	0	3.848292e-02	7.725346e-02	-0.0271373633,0.0530353114,0.155394152,-0.00491593825	-0.0216764715,0.0510097258,0.160008639,-0.00284600421
p4	0	334	a_softplus-21	21	16	0	3.368631e-02	2.650843e-01	2.87157059,5.32262278,0.110977821,1.8409301	2.82205915,5.05753851,0.0972306579,1.68983865
p4	0	335	gate-21	21	16	0	4.161764e-02	7.164991e-02	-0.848834634,-1.37768388,-0.0414693803,-0.872997344	-0.834199071,-1.30907059,-0.0363324434,-0.801347435
p4	0	336	beta_sigmoid-21	21	16	0	3.178566e-03	9.005964e-03	0.972937644,0.880907178,0.978548169,0.982748687	0.971977174,0.874680936,0.97884661,0.981563926
p4	0	337	state_predelta-21	21	262144	262144	0.000000e+00	0.000000e+00	0,0,0,0	0,0,0,0
p4	0	338	new_state-21	21	262144	0	5.538461e-02	8.624089e-02	0.00117235072,-0.00104050036,0.00158851792,0.000219874637	0.000952635601,-0.000826858333,0.00132373895,0.00016977347
p4	0	339	attn_output-21	21	2048	0	1.133218e-01	3.934512e-03	-0.000137517432,0.0002687542,0.00078745326,-2.49113073e-05	-0.000119767516,0.00028184065,0.000884084613,-1.5724836e-05
p4	0	340	z-21	21	2048	0	5.698408e-02	2.934275e-01	-1.90541792,1.04469883,0.258241057,1.11325204	-1.86021948,1.04381561,0.26807034,1.11744976
p4	0	341	final_output-21	21	2048	0	1.017611e-01	3.619318e-01	0.0260251816,0.131517112,0.0794030353,-0.0179519206	0.0226838719,0.135798424,0.0916043445,-0.0112231923
p4	0	342	linear_attn_out-21	21	1024	0	1.122502e-01	2.568205e-02	0.0406674594,-0.00757458061,0.156890273,-0.109338418	0.0387839302,-0.0189217106,0.152850434,-0.113822177
p4	0	343	attn_residual-21	21	1024	0	6.911934e-02	5.172259e-02	-0.273577034,0.125759721,0.11665877,0.22678034	-0.221854448,0.1203622,0.121123232,0.222955719
p4	0	344	attn_post_norm-21	21	1024	0	7.003793e-02	3.233323e-01	-1.18931973,0.945061624,0.865104139,1.34448504	-0.955914199,0.896479845,0.890246451,1.31008959
p4	0	345	ffn_out-21	21	1024	0	1.111154e-01	2.939961e-02	-0.27255857,-0.00601583347,-0.0246489123,-0.0990874618	-0.293753684,-0.00852631405,-0.0365324095,-0.0919149593
p4	0	346	l_out-21	21	1024	0	7.636618e-02	5.032876e-02	-0.546135604,0.119743884,0.0920098573,0.127692878	-0.515608132,0.111835882,0.0845908225,0.131040752
p4	0	347	attn_norm-22	22	1024	0	7.180045e-02	3.683828e-01	-2.98842764,0.940029979,0.664593756,0.92112118	-2.78872371,0.867786705,0.603932798,0.934329212
p4	0	348	conv_output_silu-22	22	6144	0	6.105977e-02	1.094398e-01	-0.156384513,-0.2709409,-0.00690966612,0.024832312	-0.146297663,-0.270463288,-0.00668844255,0.0204008296
p4	0	349	q_conv_predelta-22	22	2048	0	6.689404e-02	4.144916e-02	-0.0676290616,-0.117169395,-0.00298811076,0.0107388254	-0.0630167648,-0.116500296,-0.00288100308,0.00878752489
p4	0	350	k_conv_predelta-22	22	2048	0	5.711713e-02	4.324156e-02	-0.00259187235,-0.00159800239,-0.045984488,0.168800324	-0.00279054279,-0.00158728473,-0.0405514166,0.175632402
p4	0	351	v_conv_predelta-22	22	2048	0	4.799900e-02	6.434480e-02	-0.00905043352,-0.00608356064,0.00271560345,-0.0255741756	-0.0094118081,-0.00559192337,0.00189337553,-0.0248479024
p4	0	352	a_softplus-22	22	16	0	2.747416e-02	1.585082e-01	3.81490397,2.31649804,4.2882781,1.26323795	3.78480005,2.24745321,4.22696877,1.22730529
p4	0	353	gate-22	22	16	0	2.121638e-02	4.796606e-02	-0.705686271,-0.525020242,-2.81232142,-0.237355381	-0.700117648,-0.509371698,-2.7721138,-0.230603829
p4	0	354	beta_sigmoid-22	22	16	0	2.475572e-03	6.133914e-03	0.838188231,0.95578146,0.962606251,0.933629215	0.839266777,0.953665674,0.963018119,0.931548357
p4	0	355	state_predelta-22	22	262144	262144	0.000000e+00	0.000000e+00	0,0,0,0	0,0,0,0
p4	0	356	new_state-22	22	262144	0	6.721364e-02	6.489848e-02	1.96618585e-05,1.21223929e-05,0.000348836795,-0.00128051371	2.20425482e-05,1.25379911e-05,0.00032031638,-0.00138732349
p4	0	357	attn_output-22	22	2048	0	7.001338e-02	7.363922e-04	-0.000168996557,-0.000113596856,5.07078075e-05,-0.000477540365	-0.000169197345,-0.00010052677,3.40374754e-05,-0.000446694146
p4	0	358	z-22	22	2048	0	5.398342e-02	2.855772e-01	1.36390185,-0.348752856,-3.84848905,0.274149477	1.30905783,-0.403683662,-3.63282824,0.159383297
p4	0	359	final_output-22	22	2048	0	9.802537e-02	2.492857e-01	-0.194650203,0.0157072134,-0.00406475924,-0.0668852106	-0.186399192,0.0156980883,-0.00320487376,-0.0348344296
p4	0	360	linear_attn_out-22	22	1024	0	1.010340e-01	6.149554e-02	0.668566048,0.0219578594,0.055725053,-0.233680263	0.607070506,0.0213202387,0.0347235501,-0.215431571
p4	0	361	attn_residual-22	22	1024	0	7.289333e-02	5.392259e-02	0.122430444,0.141701743,0.14773491,-0.105987385	0.0914623737,0.133156121,0.119314373,-0.0843908191
p4	0	362	attn_post_norm-22	22	1024	0	7.529762e-02	3.352765e-01	0.531265616,0.887149155,0.90844965,-0.535841823	0.396716058,0.833292842,0.733374059,-0.426474065
p4	0	363	ffn_out-22	22	1024	0	9.269947e-02	3.261311e-02	-0.516201794,-0.0124575794,-0.0585438013,0.113391042	-0.511610866,-0.0095477812,-0.0451409854,0.125117704
p4	0	364	l_out-22	22	1024	0	7.450390e-02	5.834968e-02	-0.39377135,0.129244164,0.0891911089,0.00740365684	-0.420148492,0.123608336,0.0741733909,0.0407268852
p4	0	365	attn_norm-23	23	1024	0	6.638519e-02	2.864717e-01	-1.66305923,0.698933065,0.498409897,0.0337710679	-1.77207351,0.667556047,0.413931578,0.185521841
p4	0	366	attn_pregate-23	23	2048	0	2.211437e-02	2.077613e-01	-6.03453684,0.179828286,-0.276322961,0.202475742	-6.10000324,0.148722857,-0.33559379,0.161201671
p4	0	367	attn_gated-23	23	2048	0	3.417429e-02	1.780336e-01	-0.421105623,0.0300319418,-0.0412420109,0.0462870225	-0.463294059,0.0253881589,-0.0485786423,0.0380213931
p4	0	368	attn_output-23	23	1024	0	4.832776e-02	4.852054e-02	1.83899868,-0.198934555,0.0388420038,-0.410612404	1.81610489,-0.198610783,0.0410485938,-0.403929502
p4	0	369	attn_residual-23	23	1024	0	6.556226e-02	7.108641e-02	1.44522738,-0.0696903914,0.128033116,-0.403208733	1.3959564,-0.0750024468,0.115221985,-0.363202631
p4	0	370	attn_post_norm-23	23	1024	0	6.586945e-02	2.461293e-01	4.61837149,-0.269208014,0.455029845,-1.34049392	4.48394394,-0.291223317,0.41161254,-1.21372294
p4	0	371	ffn_out-23	23	1024	0	7.687225e-02	1.177260e-01	-1.89053619,-0.0180596691,-0.160261571,1.02514231	-1.77281022,-0.0232605748,-0.144978315,1.02917528
p4	0	372	l_out-23	23	1024	0	7.421389e-02	9.795576e-02	-0.445308805,-0.0877500623,-0.0322284549,0.621933579	-0.376853824,-0.0982630253,-0.02975633,0.66597265
p4	0	373	result_norm	-1	1024	0	9.862565e-02	1.344505e+00	-0.298120469,-0.989405453,-0.352785766,7.59684038	-0.253918678,-1.11508572,-0.327825099,8.18722343
p4	0	374	result_output	-1	248320	1	6.332179e-02	9.067540e-01	1.73985863,3.45914364,6.23938513,2.74840593	1.60930943,2.9967618,6.15745354,2.99586916
p4	1	375	model.input_embed	-1	1024	1024	0.000000e+00	0.000000e+00	0.0149679184,-0.0224518776,-0.028439045,-0.00898075104	0.0149679184,-0.0224518776,-0.028439045,-0.00898075104
p4	1	376	attn_norm-0	0	1024	1024	0.000000e+00	0.000000e+00	1.32417631,-1.28602874,-1.93117678,-0.693640828	1.32417631,-1.28602874,-1.93117678,-0.693640828
p4	1	377	conv_output_silu-0	0	6144	5407	4.691222e-08	1.192093e-07	-0.0199038032,0.0064121047,-0.0311781056,-0.0159844179	-0.0199038032,0.0064121047,-0.0311781056,-0.0159844179
p4	1	378	q_conv_predelta-0	0	2048	731	9.799063e-08	1.192093e-07	-0.0248693507,0.00801177882,-0.038956333,-0.019972166	-0.0248693489,0.00801177882,-0.038956333,-0.019972166
p4	1	379	k_conv_predelta-0	0	2048	633	1.253008e-07	1.192093e-07	-0.0252393503,-0.0798191354,0.0527554564,0.00172415131	-0.0252393521,-0.0798191428,0.0527554676,0.00172415131
p4	1	380	v_conv_predelta-0	0	2048	1872	3.525185e-08	5.960464e-08	0.014797858,-0.016501734,-0.00478981249,0.0645483956	0.014797858,-0.016501734,-0.00478981249,0.0645483881
p4	1	381	a_softplus-0	0	16	16	0.000000e+00	0.000000e+00	3.03038049,0.000870683114,0.000659129291,5.90454483	3.03038049,0.000870683114,0.000659129291,5.90454483
p4	1	382	gate-0	0	16	16	0.000000e+00	0.000000e+00	-3.92160368,-0.000114208764,-7.87217723e-05,-3.351192	-3.92160368,-0.000114208764,-7.87217723e-05,-3.351192
p4	1	383	beta_sigmoid-0	0	16	16	0.000000e+00	0.000000e+00	0.607916415,0.470774174,0.704183161,0.988907754	0.607916415,0.470774174,0.704183161,0.988907754
p4	1	384	state_predelta-0	0	262144	94938	1.276344e-07	5.960464e-08	-3.93379878e-07,-3.18841703e-05,-3.61811362e-05,-1.31399872e-07	-3.93379906e-07,-3.18841739e-05,-3.61811435e-05,-1.31399901e-07
p4	1	385	new_state-0	0	262144	93796	1.098413e-07	1.192093e-07	-0.000227077442,-0.000718736555,0.000473905733,1.55089856e-05	-0.000227077457,-0.000718736614,0.00047390585,1.55089856e-05
p4	1	386	attn_output-0	0	2048	369	2.425655e-07	6.519258e-09	5.01796712e-05,-5.59660912e-05,-1.62651668e-05,0.000219062742	5.01796712e-05,-5.59660948e-05,-1.62651704e-05,0.000219062713
p4	1	387	z-0	0	2048	2048	0.000000e+00	0.000000e+00	0.308605969,0.96531105,0.185285449,1.01937342	0.308605969,0.96531105,0.185285449,1.01937342
p4	1	388	final_output-0	0	2048	354	1.651424e-07	3.576279e-07	0.00843618624,-0.0380078144,-0.00149816787,0.148804232	0.00843618624,-0.0380078182,-0.0014981681,0.148804218
p4	1	389	linear_attn_out-0	0	1024	88	1.432859e-06	3.576279e-07	-0.199616343,-0.0281739309,-0.0345434844,0.018316783	-0.199615985,-0.0281739756,-0.034543477,0.018316783
p4	1	390	attn_residual-0	0	1024	88	1.365523e-06	3.576279e-07	-0.184648424,-0.0506258085,-0.0629825294,0.00933603197	-0.184648067,-0.0506258532,-0.062982522,0.00933603197
p4	1	391	attn_post_norm-0	0	1024	89	1.399885e-06	7.152557e-06	-3.67594171,-1.84874225,-2.36667609,0.343755782	-3.67593455,-1.8487438,-2.36667585,0.343755782
p4	1	392	ffn_out-0	0	1024	53	5.358082e-07	1.043081e-07	0.193778262,0.0346853212,0.0315507576,0.00766588934	0.193778157,0.0346853212,0.0315507427,0.00766588468
p4	1	393	l_out-0	0	1024	30	1.207050e-06	2.533197e-07	0.00912983716,-0.0159404874,-0.0314317718,0.0170019213	0.00913009048,-0.0159405321,-0.0314317793,0.0170019157
p4	1	394	attn_norm-1	1	1024	28	1.207255e-06	7.778406e-06	0.278393745,-0.629836023,-1.18792653,0.688956082	0.278401524,-0.62983793,-1.18792713,0.688955963
p4	1	395	conv_output_silu-1	1	6144	482	3.415747e-07	8.344650e-07	-0.0123663433,-0.00484091649,-0.00115763175,-0.197024271	-0.0123663498,-0.00484091043,-0.00115773594,-0.197024167
p4	1	396	q_conv_predelta-1	1	2048	101	4.775771e-07	4.768372e-07	-0.0135818627,-0.00531674223,-0.0012714183,-0.216390282	-0.0135818692,-0.00531673571,-0.00127153262,-0.216390163
p4	1	397	k_conv_predelta-1	1	2048	147	4.747094e-07	4.768372e-07	-0.0216047838,0.35182938,0.0271503646,0.00589399552	-0.0216048341,0.35182929,0.0271503814,0.00589400344
p4	1	398	v_conv_predelta-1	1	2048	174	1.760952e-07	3.576279e-07	0.180203855,0.0471171476,0.0328047685,0.00462351087	0.180203974,0.0471170023,0.0328047685,0.00462351181
p4	1	399	a_softplus-1	1	16	16	0.000000e+00	0.000000e+00	1.21980286,0.923421979,1.36834764,1.8996551	1.21980286,0.923421979,1.36834764,1.8996551
p4	1	400	gate-1	1	16	16	0.000000e+00	0.000000e+00	-0.218698591,-0.996022582,-1.56728697,-0.57485348	-0.218698591,-0.996022582,-1.56728697,-0.57485348
p4	1	401	beta_sigmoid-1	1	16	16	0.000000e+00	0.000000e+00	0.960202098,0.558266521,0.929064095,0.813479125	0.960202098,0.558266521,0.929064095,0.813479125
p4	1	402	state_predelta-1	1	262144	10241	3.028969e-07	1.490116e-07	2.57077791e-05,-0.00196893164,-0.000129312044,4.84333759e-05	2.57078555e-05,-0.0019689328,-0.00012931219,4.84334705e-05
p4	1	403	new_state-1	1	262144	9373	3.657251e-07	3.874302e-07	-0.00371669489,0.0592798479,0.00459275721,0.0010585055	-0.00371670583,0.0592798665,0.00459276326,0.00105850759
p4	1	404	attn_output-1	1	2048	99	1.944051e-07	3.725290e-09	0.00115293986,0.000311128504,0.000198371155,2.89911477e-05	0.00115294056,0.000311127544,0.000198371185,2.89911532e-05
p4	1	405	z-1	1	2048	125	4.964023e-07	3.337860e-06	-5.51347637,-5.06877661,-1.23876822,-0.26649946	-5.51347542,-5.0687747,-1.2387675,-0.266498804
p4	1	406	final_output-1	1	2048	44	8.410167e-07	1.430511e-06	-0.0219599623,-0.00846144464,-0.0519324206,-0.00347533799	-0.0219599921,-0.00846143067,-0.0519324243,-0.00347533193
p4	1	407	linear_attn_out-1	1	1024	67	5.369844e-07	2.086163e-07	-0.189839453,0.0111419726,0.00722718239,-0.0245501325	-0.189839661,0.0111419922,0.00722718239,-0.024550138
p4	1	408	attn_residual-1	1	1024	37	9.569016e-07	1.527369e-07	-0.180709615,-0.00479851477,-0.0242045894,-0.00754821114	-0.180709571,-0.00479853991,-0.0242045969,-0.00754822232
p4	1	409	attn_post_norm-1	1	1024	34	9.853498e-07	3.635883e-06	-2.6129384,-0.10929729,-0.556960523,-0.183370307	-2.61293817,-0.109297894,-0.556960762,-0.183370605
p4	1	410	ffn_out-1	1	1024	13	1.096070e-06	2.831221e-07	0.157300696,-0.047730498,-0.0155556239,-0.0236858055	0.157300979,-0.0477305427,-0.0155556584,-0.0236858148
p4	1	411	l_out-1	1	1024	26	1.051754e-06	3.278255e-07	-0.0234089196,-0.0525290146,-0.0397602133,-0.0312340166	-0.0234085917,-0.0525290817,-0.0397602543,-0.0312340371
p4	1	412	attn_norm-2	2	1024	29	1.006028e-06	6.794930e-06	-0.47219187,-1.29799342,-0.948640764,-0.781637788	-0.472185075,-1.29799461,-0.94864136,-0.781637967
p4	1	413	conv_output_silu-2	2	6144	703	2.642940e-07	8.344650e-07	-0.0365573391,-0.0503447317,0.044044327,-0.0108081354	-0.036557328,-0.0503447428,0.044044327,-0.0108081354
p4	1	414	q_conv_predelta-2	2	2048	216	2.679512e-07	4.619360e-07	-0.0329564251,-0.0453857556,0.0397059433,-0.00974352937	-0.0329564176,-0.0453857668,0.0397059433,-0.0097435303
p4	1	415	k_conv_predelta-2	2	2048	190	2.793143e-07	2.384186e-07	0.108680375,-0.00498832855,-0.0505181551,-0.29146862	0.108680353,-0.00498831645,-0.0505181625,-0.29146859
p4	1	416	v_conv_predelta-2	2	2048	196	2.048566e-07	5.960464e-07	-0.014431064,0.0547203273,-0.00170639309,-0.0402423479	-0.0144310603,0.054720331,-0.00170640007,-0.0402423479
p4	1	417	a_softplus-2	2	16	16	0.000000e+00	0.000000e+00	2.8431015,1.36383569,1.30202472,2.24770069	2.8431015,1.36383569,1.30202472,2.24770069
p4	1	418	gate-2	2	16	16	0.000000e+00	0.000000e+00	-2.55227566,-0.384687513,-0.387896389,-1.46833122	-2.55227566,-0.384687513,-0.387896389,-1.46833122
p4	1	419	beta_sigmoid-2	2	16	16	0.000000e+00	0.000000e+00	0.630513132,0.628855109,0.755060017,0.485650599	0.630513132,0.628855109,0.755060017,0.485650599
p4	1	420	state_predelta-2	2	262144	12523	4.335204e-07	8.344650e-07	-0.000216492306,2.72199259e-06,1.71848262e-06,-0.00114781724	-0.000216492292,2.72199804e-06,1.71848262e-06,-0.00114781701
p4	1	421	new_state-2	2	262144	14182	3.748840e-07	8.344650e-07	-0.00100830896,4.57183851e-05,0.000460988813,0.00256952038	-0.00100830849,4.57182614e-05,0.000460988755,0.00256951922
p4	1	422	attn_output-2	2	2048	132	2.471558e-07	1.490116e-08	-1.09788843e-05,4.20515535e-05,-1.1368827e-06,-3.35524965e-05	-1.09788798e-05,4.20515535e-05,-1.13688679e-06,-3.3552471e-05
p4	1	423	z-2	2	2048	369	1.819181e-07	9.536743e-07	-0.9134866,0.72074759,-1.29080939,0.804110527	-0.91348666,0.720747828,-1.29080975,0.804110765
p4	1	424	final_output-2	2	2048	102	3.073894e-07	4.768372e-07	0.00293014199,0.0135200256,0.00028891585,-0.0181790199	0.00293014082,0.0135200303,0.000288916897,-0.0181790162
p4	1	425	linear_attn_out-2	2	1024	37	6.836363e-07	6.705523e-08	-0.675268531,-0.00871129427,-0.0347110704,0.0100360475	-0.67526859,-0.00871130265,-0.0347111002,0.0100360643
p4	1	426	attn_residual-2	2	1024	31	9.635533e-07	2.384186e-07	-0.698677421,-0.061240308,-0.07447128,-0.0211979691	-0.698677182,-0.0612403825,-0.0744713545,-0.0211979728
p4	1	427	attn_post_norm-2	2	1024	18	9.769182e-07	5.245209e-06	-7.78646851,-1.07188785,-1.32315588,-0.375451595	-7.78646326,-1.0718888,-1.32315671,-0.375451535
p4	1	428	ffn_out-2	2	1024	0	3.438500e-04	4.281662e-05	0.645714819,0.0341557413,-0.0235942807,0.0312327966	0.645680487,0.0341693833,-0.0235877279,0.0312403217
p4	1	429	l_out-2	2	1024	2	2.272927e-04	4.279613e-05	-0.0529626012,-0.0270845667,-0.0980655625,0.0100348275	-0.052996695,-0.0270709991,-0.0980590805,0.0100423489
p4	1	430	attn_norm-3	3	1024	0	2.223414e-04	9.665489e-04	-1.05158556,-0.641989946,-2.10107398,0.226736575	-1.05226719,-0.641671181,-2.10094452,0.226907536
p4	1	431	attn_pregate-3	3	2048	0	1.355995e-03	3.186584e-03	0.52759099,0.148446709,0.553494394,0.487122476	0.527664423,0.148896456,0.553570628,0.488391221
p4	1	432	attn_gated-3	3	2048	0	1.309377e-03	9.728670e-04	0.025179293,0.00533352327,0.0123073524,0.0157002378	0.0251601432,0.00535729388,0.0123152845,0.0156850051
p4	1	433	attn_output-3	3	1024	0	1.264346e-02	9.795129e-04	-0.201376766,0.0022623688,0.00337197818,0.00480500981	-0.201052666,0.0026109349,0.00379280187,0.00523044914
p4	1	434	attn_residual-3	3	1024	0	4.101922e-03	9.937175e-04	-0.254339367,-0.0248221979,-0.0946935862,0.0148398373	-0.254049361,-0.0244600642,-0.0942662805,0.015272798
p4	1	435	attn_post_norm-3	3	1024	0	4.280992e-03	1.852289e-02	-3.21992683,-0.470607579,-1.84927046,0.292321205	-3.21670699,-0.463806897,-1.84118402,0.300892055
p4	1	436	ffn_out-3	3	1024	0	2.141994e-02	2.856007e-03	0.0427396707,0.0279871486,-0.00871040858,0.000846320763	0.045024924,0.0273137856,-0.00884561054,0.00173430983
p4	1	437	l_out-3	3	1024	0	1.327155e-02	3.111433e-03	-0.211599693,0.00316495076,-0.103403993,0.0156861581	-0.209024429,0.00285372138,-0.103111893,0.0170071088
p4	1	438	attn_norm-4	4	1024	0	1.341062e-02	7.284468e-02	-3.82632756,0.0754845515,-2.29847431,0.383540839	-3.77873993,0.0680433288,-2.29136348,0.415727139
p4	1	439	conv_output_silu-4	4	6144	0	3.811794e-03	3.836620e-02	0.000587411167,0.0109631121,0.045718506,0.105462074	0.00294824224,0.0110148052,0.0487566702,0.107670218
p4	1	440	q_conv_predelta-4	4	2048	0	1.257716e-02	1.095369e-02	0.000343093154,0.00640329812,0.0267031118,0.0615979359	0.00171822566,0.00641939137,0.0284152236,0.0627498403
p4	1	441	k_conv_predelta-4	4	2048	0	1.040170e-02	9.991921e-03	0.00174729712,-0.123287298,0.0816952661,-0.02369087	0.00173411937,-0.121605299,0.0817834586,-0.0235989839
p4	1	442	v_conv_predelta-4	4	2048	0	9.352100e-04	8.821681e-03	-0.0746139511,0.0047498066,-0.0113794142,0.00491644628	-0.0749065354,0.00475200824,-0.0113557298,0.00490680803
p4	1	443	a_softplus-4	4	16	0	6.368771e-03	2.072889e-02	1.03665602,3.40762901,0.482902646,2.08573985	1.02587652,3.40213037,0.480254263,2.0796926
p4	1	444	gate-4	4	16	0	3.216530e-03	7.186413e-03	-0.432142526,-3.31086063,-0.151952058,-1.09482265	-0.427648962,-3.30551815,-0.151118696,-1.09164846
p4	1	445	beta_sigmoid-4	4	16	0	2.076194e-03	3.522575e-03	0.822889924,0.799731076,0.742226541,0.833974183	0.824443817,0.801840484,0.74250412,0.834995627
p4	1	446	state_predelta-4	4	262144	22378	1.389330e-07	1.907349e-06	1.06224152e-05,-0.00139855721,0.000211163948,-8.41299261e-05	1.06224315e-05,-0.00139855745,0.000211164006,-8.41299698e-05
p4	1	447	new_state-4	4	262144	2	2.354955e-03	1.683950e-02	-0.000104293904,0.00693754852,-0.00506160082,0.00145295623	-0.000104054539,0.00687062368,-0.00509631913,0.00145543995
p4	1	448	attn_output-4	4	2048	0	2.496995e-03	8.130372e-04	-0.000161205942,1.04954997e-05,-2.54617953e-05,1.08600443e-05	-0.000165953723,1.07663709e-05,-2.60530269e-05,1.11132576e-05
p4	1	449	z-4	4	2048	0	1.101798e-02	1.116445e-01	-2.74739432,-0.0949299037,-2.77174592,0.00597223639	-2.74330473,-0.0757188499,-2.77583122,0.0094338879
p4	1	450	final_output-4	4	2048	0	2.450998e-02	3.153965e-02	0.0234101247,-0.000500837923,0.00348205445,3.08380477e-05	0.0241523124,-0.000413848116,0.0035538699,4.9925944e-05
p4	1	451	linear_attn_out-4	4	1024	0	3.581374e-02	2.621384e-03	-0.0593607873,-0.013973536,0.0171791427,-0.0261786133	-0.0596758798,-0.014189383,0.0176295489,-0.0266216453
p4	1	452	attn_residual-4	4	1024	0	1.535960e-02	3.403440e-03	-0.27096048,-0.0108085852,-0.086224854,-0.0104924552	-0.268700302,-0.0113356616,-0.085482344,-0.00961453654
p4	1	453	attn_post_norm-4	4	1024	0	1.617897e-02	6.759346e-02	-3.46363497,-0.201906398,-1.58407331,-0.202966362	-3.43341923,-0.211670637,-1.56982684,-0.185912147
p4	1	454	ffn_out-4	4	1024	0	3.502418e-02	4.135590e-03	0.0160754547,0.0191459209,-0.059567228,0.0555495508	0.0150453374,0.0209781509,-0.0586017445,0.0543145537
p4	1	455	l_out-4	4	1024	0	2.079566e-02	5.555835e-03	-0.254885018,0.00833733566,-0.145792082,0.0450570956	-0.253654957,0.00964248925,-0.144084096,0.0447000191
p4	1	456	attn_norm-5	5	1024	0	2.135937e-02	1.314250e-01	-4.59209251,0.202286452,-3.28988433,1.14418638	-4.57035875,0.233974919,-3.25164676,1.13522494
p4	1	457	conv_output_silu-5	5	6144	0	8.173257e-03	2.570748e-02	0.0379801504,-0.228316441,0.0204900634,-0.0846322104	0.0312769637,-0.229769751,0.0204981491,-0.0828037411
p4	1	458	q_conv_predelta-5	5	2048	0	1.602443e-02	1.245376e-02	0.0236276686,-0.14203696,0.0127469851,-0.0526501797	0.0193151198,-0.141894534,0.0126586519,-0.0511355288
p4	1	459	k_conv_predelta-5	5	2048	0	1.314411e-02	1.155628e-02	-0.000526882242,0.00977554917,-0.243288606,0.0296877045	-0.00050053926,0.00968806352,-0.24316597,0.0292332266
p4	1	460	v_conv_predelta-5	5	2048	0	3.706125e-03	2.215964e-02	0.00320252194,-0.00307353493,-0.00722864177,0.00626552803	0.003204579,-0.00305106491,-0.007412754,0.00627035508
p4	1	461	a_softplus-5	5	16	0	1.067460e-02	3.465033e-02	0.93706429,0.308218271,2.86698341,0.0459498167	0.931359708,0.30540365,2.83233309,0.0456952043
p4	1	462	gate-5	5	16	0	7.934331e-03	1.354700e-02	-0.715671062,-0.0373911187,-0.730572283,-0.0192297027	-0.711314261,-0.037049666,-0.72174257,-0.01912315
p4	1	463	beta_sigmoid-5	5	16	0	1.174048e-03	2.396405e-03	0.887998581,0.759987533,0.86653024,0.851734102	0.889240265,0.760876775,0.867733598,0.850774825
p4	1	464	state_predelta-5	5	262144	21451	1.678885e-07	2.384186e-07	4.83950879e-09,-2.23015366e-08,3.8382359e-06,-9.39016118e-08	4.83950791e-09,-2.2301526e-08,3.83823681e-06,-9.39016189e-08
p4	1	465	new_state-5	5	262144	2	4.812966e-03	1.237297e-02	-1.49473738e-06,2.77657127e-05,-0.000689413107,8.43098678e-05	-1.42279225e-06,2.7573542e-05,-0.000690473593,8.31886646e-05
p4	1	466	attn_output-5	5	2048	0	6.415363e-03	2.699010e-04	8.30572117e-06,-7.40730138e-06,-2.28349327e-05,1.60847285e-05	8.30244608e-06,-7.34383229e-06,-2.32707298e-05,1.60812324e-05
p4	1	467	z-5	5	2048	0	1.550575e-02	9.761676e-02	0.80908525,1.04677963,-0.128341973,1.24412954	0.801123619,1.05194497,-0.0917021632,1.268543
p4	1	468	final_output-5	5	2048	0	2.513756e-02	5.375516e-02	0.00444044685,-0.00528024929,0.00133667293,0.014988129	0.00438425038,-0.00526792509,0.000992299174,0.0153619051
p4	1	469	linear_attn_out-5	5	1024	0	5.585395e-02	4.741369e-03	-0.0843600854,0.0187377408,0.0153673925,-0.0101954415	-0.0801446736,0.0182165951,0.0153315216,-0.0110563841
p4	1	470	attn_residual-5	5	1024	0	2.283448e-02	5.445480e-03	-0.339245111,0.0270750765,-0.130424693,0.034861654	-0.33379963,0.0278590843,-0.128752574,0.0336436331
p4	1	471	attn_post_norm-5	5	1024	0	2.445035e-02	9.020245e-02	-4.1366725,0.496266484,-2.2706573,0.672392964	-4.07588625,0.511341155,-2.2446382,0.649795532
p4	1	472	ffn_out-5	5	1024	0	4.256804e-02	5.310155e-03	0.155253381,-0.00194318406,-0.000647896435,0.0152157396	0.156832099,-0.000990925357,-0.000876716338,0.0154199172
p4	1	473	l_out-5	5	1024	0	2.979566e-02	7.024199e-03	-0.18399173,0.0251318924,-0.131072596,0.0500773937	-0.176967531,0.026868159,-0.129629284,0.0490635484
p4	1	474	attn_norm-6	6	1024	0	3.061031e-02	1.545615e-01	-3.36489177,0.5955742,-3.00332689,1.25711679	-3.22436929,0.634347141,-2.95918584,1.22707546
p4	1	475	conv_output_silu-6	6	6144	0	1.276725e-02	5.079198e-02	-0.0951460302,-0.200174272,-0.000844490191,-0.164374128	-0.0962008312,-0.207356349,-0.000250917743,-0.16376017
p4	1	476	q_conv_predelta-6	6	2048	0	2.157097e-02	1.259978e-02	-0.0207286645,-0.0436102822,-0.000183981974,-0.0358108096	-0.0207363795,-0.0446962863,-5.40860747e-05,-0.0352989994
p4	1	477	k_conv_predelta-6	6	2048	0	1.807055e-02	1.754761e-02	-0.0307146069,0.0288406033,-0.0705605224,0.0849796534	-0.0305638015,0.0289895665,-0.0708906651,0.0844761357
p4	1	478	v_conv_predelta-6	6	2048	0	2.329924e-03	6.341606e-03	-0.00213690777,0.00818572287,-0.0014474499,-0.000764081429	-0.0021434424,0.00818909146,-0.00144207792,-0.00077443925
p4	1	479	a_softplus-6	6	16	0	1.833764e-02	6.220782e-02	1.80975068,1.03618443,1.49459875,1.07676077	1.74754286,1.0059787,1.45174956,1.02138424
p4	1	480	gate-6	6	16	0	2.069035e-02	3.070152e-02	-0.329580069,-0.770026863,-0.455826879,-0.596971154	-0.318251193,-0.747579873,-0.44275862,-0.566269636
p4	1	481	beta_sigmoid-6	6	16	0	6.808842e-03	1.016480e-02	0.847949862,0.892963409,0.741965711,0.858062148	0.841472328,0.887950599,0.732184052,0.850427866
p4	1	482	state_predelta-6	6	262144	27398	4.103284e-07	3.129244e-07	2.35597909e-07,-3.0125895e-07,4.39698823e-07,-1.01180535e-06	2.35598307e-07,-3.01259462e-07,4.39699562e-07,-1.01180717e-06
p4	1	483	new_state-6	6	262144	0	7.182768e-03	5.542099e-03	5.58014435e-05,-5.24543684e-05,0.000128119354,-0.000154647554	5.52817801e-05,-5.24909992e-05,0.000128144689,-0.000153057175
p4	1	484	attn_output-6	6	2048	0	8.413025e-03	9.180489e-05	-3.87144792e-06,1.48224053e-05,-2.60882939e-06,-1.3762849e-06	-3.73798412e-06,1.42730914e-05,-2.50071321e-06,-1.34211461e-06
p4	1	485	z-6	6	2048	0	1.768446e-02	9.992051e-02	-0.29036513,0.227172375,1.07621217,0.46406132	-0.326006919,0.199681297,1.04099798,0.410917729
p4	1	486	final_output-6	6	2048	0	3.944112e-02	3.976434e-02	0.000408393156,0.00182832847,-0.002019312,-0.000407635351	0.000433734996,0.00152870209,-0.001855482,-0.000344746339
p4	1	487	linear_attn_out-6	6	1024	0	4.029864e-02	3.616020e-03	-0.150667384,-0.0108148158,-0.00443965942,-0.0170018803	-0.154283404,-0.00998850912,-0.00348544493,-0.016253775
p4	1	488	attn_residual-6	6	1024	0	2.980455e-02	5.511370e-03	-0.3346591,0.0143170767,-0.135512263,0.0330755115	-0.331250936,0.0168796498,-0.133114725,0.0328097716
p4	1	489	attn_post_norm-6	6	1024	0	3.162813e-02	1.143051e-01	-5.20899868,0.272978276,-2.55057907,0.645216346	-5.14297485,0.321027994,-2.49914837,0.638421774
p4	1	490	ffn_out-6	6	1024	0	4.400208e-02	5.705450e-03	0.300223321,0.00873512775,0.0127342623,0.0507861823	0.297851115,0.0092145754,0.0125330565,0.0491016693
p4	1	491	l_out-6	6	1024	0	3.370530e-02	8.945480e-03	-0.0344357789,0.0230522044,-0.122777998,0.0838616937	-0.0333998203,0.0260942243,-0.120581672,0.0819114447
p4	1	492	attn_norm-7	7	1024	0	3.341768e-02	1.610062e-01	-0.551059365,0.392008841,-2.15611553,1.71080446	-0.534229219,0.443529814,-2.11654663,1.67023039
p4	1	493	attn_pregate-7	7	2048	0	3.517448e-02	2.656164e-01	0.0905457512,-0.0450840816,1.46657312,0.0346097685	0.120547175,-0.0462931693,1.4734844,0.0449276939
p4	1	494	attn_gated-7	7	2048	0	3.014917e-02	3.006238e-02	0.015803881,-0.00945126917,0.340599209,0.00732286228	0.0213096663,-0.00957569946,0.333512425,0.00933461916
p4	1	495	attn_output-7	7	1024	0	3.574772e-02	3.382083e-03	-0.242517084,-0.0071831774,0.00475651398,-0.0624224693	-0.245265275,-0.00659987144,0.00452769548,-0.0628036559
p4	1	496	attn_residual-7	7	1024	0	3.868865e-02	8.290641e-03	-0.276952863,0.015869027,-0.118021488,0.0214392245	-0.278665096,0.0194943529,-0.116053976,0.0191077888
p4	1	497	attn_post_norm-7	7	1024	0	4.204735e-02	1.877432e-01	-3.79644823,0.316773146,-2.27173615,0.445306242	-3.81347275,0.38848421,-2.23009467,0.396211058
p4	1	498	ffn_out-7	7	1024	0	6.645075e-02	1.021235e-02	0.0634147972,0.000148977153,0.0282531232,0.00451913103	0.0532024503,0.002112641,0.0257721506,0.00544239953
p4	1	499	l_out-7	7	1024	0	4.456356e-02	1.192458e-02	-0.213538066,0.0160180032,-0.089768365,0.0259583555	-0.225462645,0.0216069929,-0.0902818292,0.0245501883
p4	1	500	attn_norm-8	8	1024	0	4.764860e-02	2.387881e-01	-4.61259699,0.409322619,-2.08164907,0.71281296	-4.85138512,0.550012589,-2.08547735,0.671543539
p4	1	501	conv_output_silu-8	8	6144	0	1.679986e-02	3.412616e-02	0.00343544385,-0.0159491654,0.122787699,-0.0465391949	0.00297778076,-0.0150436712,0.121337712,-0.0483121201
p4	1	502	q_conv_predelta-8	8	2048	0	3.080246e-02	1.851510e-02	0.00128662854,-0.00597321708,0.045985952,-0.0174296703	0.0011265506,-0.00569130434,0.0459043421,-0.0182773862
p4	1	503	k_conv_predelta-8	8	2048	0	2.185065e-02	1.938739e-02	0.0413170643,-0.101086572,0.0565089248,-0.0373708755	0.0411118567,-0.100378476,0.056013871,-0.037313465
p4	1	504	v_conv_predelta-8	8	2048	0	4.175658e-03	2.017546e-02	0.0946211964,0.00123451266,-0.000519858673,-0.0064030583	0.094617933,0.00127132144,-0.0006756332,-0.00643951586
p4	1	505	a_softplus-8	8	16	0	3.360730e-02	6.125081e-02	0.688179791,0.812565625,0.109976277,0.967059016	0.663642764,0.759575009,0.098536104,0.92433393
p4	1	506	gate-8	8	16	0	2.949125e-02	2.805597e-02	-0.241573825,-0.230992258,-0.0327638946,-0.146004066	-0.232960507,-0.215928346,-0.0293556638,-0.139553547
p4	1	507	beta_sigmoid-8	8	16	0	5.801396e-03	1.152629e-02	0.794898987,0.716275513,0.777524531,0.831059456	0.789093256,0.713467777,0.772654295,0.830250442
p4	1	508	state_predelta-8	8	262144	0	9.038974e-04	7.879734e-04	0.000109462213,2.51580204e-05,0.000271694706,1.12525768e-05	0.000108895663,2.49681143e-05,0.00027160297,1.12789894e-05
p4	1	509	new_state-8	8	262144	0	1.391893e-02	4.865682e-02	0.00319909491,-0.00759682897,0.00447117444,-0.00280695222	0.0031612129,-0.00748799508,0.0044046985,-0.00278191292
p4	1	510	attn_output-8	8	2048	0	5.700762e-03	2.746433e-04	-4.34993854e-05,2.44868056e-06,4.73704631e-06,1.03406876e-06	-4.39080068e-05,2.43792647e-06,4.81943198e-06,1.05118488e-06
p4	1	511	z-8	8	2048	0	2.241924e-02	1.653981e-01	0.129189953,0.852301598,0.84894979,0.0237883329	0.133974463,0.833627403,0.795664966,0.0426369458
p4	1	512	final_output-8	8	2048	0	3.528534e-02	1.517731e-02	-0.00275981124,0.000954264135,0.00282700756,9.41754752e-06	-0.00289536454,0.000924048305,0.00265214965,1.73186454e-05
p4	1	513	linear_attn_out-8	8	1024	0	5.579220e-02	3.107781e-03	-0.15149346,-0.0106574269,0.0286827851,0.0128699066	-0.149126649,-0.0105901854,0.0302702896,0.0127361342
p4	1	514	attn_residual-8	8	1024	0	4.434578e-02	9.557754e-03	-0.36503154,0.00536057632,-0.0610855818,0.0388282612	-0.374589294,0.0110168075,-0.0600115396,0.0372863226
p4	1	515	attn_post_norm-8	8	1024	0	4.889815e-02	1.676161e-01	-4.97838831,0.106026947,-1.16677594,0.842149556	-5.09218597,0.217195615,-1.14254701,0.806086004
p4	1	516	ffn_out-8	8	1024	0	7.559170e-02	7.591555e-03	0.0220897403,0.0282460954,0.0327258036,-0.0175250992	0.020713577,0.030983571,0.032953795,-0.0170398764
p4	1	517	l_out-8	8	1024	0	5.059970e-02	1.093394e-02	-0.342941791,0.0336066708,-0.0283597782,0.021303162	-0.353875726,0.0420003794,-0.0270577446,0.0202464461
p4	1	518	attn_norm-9	9	1024	0	5.495573e-02	2.528124e-01	-6.59553385,0.786173582,-0.653514326,0.589978397	-6.7937727,0.980791926,-0.622407138,0.559720874
p4	1	519	conv_output_silu-9	9	6144	0	2.150191e-02	5.306506e-02	0.0206494033,-0.0545470715,-0.276268095,0.113040417	0.0204992872,-0.0498324968,-0.276513547,0.108790271
p4	1	520	q_conv_predelta-9	9	2048	0	3.302333e-02	2.716616e-02	0.0154161407,-0.0407229848,-0.206252337,0.0843921229	0.015461361,-0.0375856124,-0.208557293,0.0820538625
p4	1	521	k_conv_predelta-9	9	2048	0	2.811677e-02	2.607249e-02	-0.0963886604,-0.0715103671,-0.0530415662,0.00573689397	-0.0958546326,-0.0712641031,-0.0526142642,0.00546362484
p4	1	522	v_conv_predelta-9	9	2048	0	1.521726e-02	3.907645e-02	0.00970649906,-0.00355433184,0.00226925011,-0.0190204214	0.00993900001,-0.00366974995,0.00206083362,-0.018939415
p4	1	523	a_softplus-9	9	16	0	4.023828e-02	7.022327e-02	0.552089632,0.0283197351,0.564460397,0.597851753	0.543030858,0.0291722529,0.518972874,0.545898736
p4	1	524	gate-9	9	16	0	3.294222e-02	1.991898e-02	-0.223937437,-0.00386271952,-0.192047983,-0.110591456	-0.220263034,-0.00397900026,-0.176571637,-0.100981116
p4	1	525	beta_sigmoid-9	9	16	0	1.110463e-02	1.724130e-02	0.90986383,0.650321066,0.678205192,0.382183999	0.90614897,0.641888559,0.68454659,0.371901006
p4	1	526	state_predelta-9	9	262144	0	4.751662e-03	3.438607e-03	-1.78642167e-05,2.47036132e-05,-5.80216101e-06,-2.47557033e-08	-1.82668336e-05,2.51947331e-05,-5.94125277e-06,-2.4141837e-08
p4	1	527	new_state-9	9	262144	0	2.242280e-02	3.572369e-02	-0.000868412142,-0.000613930053,-0.000474657078,5.08167432e-05	-0.000880949141,-0.00062384078,-0.000480272109,4.9358554e-05
p4	1	528	attn_output-9	9	2048	0	2.341818e-02	2.477998e-04	4.28209423e-05,-1.62228644e-05,9.97388634e-06,-8.15189705e-05	4.47793573e-05,-1.71161137e-05,9.24960477e-06,-8.28158227e-05
p4	1	529	z-9	9	2048	0	2.416122e-02	1.360698e-01	-0.293116748,0.737656653,-0.284891874,0.444851398	-0.299193263,0.734803081,-0.235851109,0.461431742
p4	1	530	final_output-9	9	2048	0	4.807490e-02	3.369844e-02	-0.00578282122,-0.00828345492,-0.00129122904,-0.0215765908	-0.00614891807,-0.00869448856,-0.00101879553,-0.0228753556
p4	1	531	linear_attn_out-9	9	1024	0	5.645368e-02	2.928372e-03	0.050242763,-0.0168769211,0.00722694583,-0.0313370675	0.0482974425,-0.0171889085,0.00794614758,-0.0314471833
p4	1	532	attn_residual-9	9	1024	0	5.212351e-02	1.287925e-02	-0.292699039,0.0167297497,-0.0211328324,-0.0100339055	-0.305578291,0.0248114709,-0.019111596,-0.0112007372
p4	1	533	attn_post_norm-9	9	1024	0	5.732961e-02	2.217765e-01	-4.05196953,0.324357331,-0.395601004,-0.22000666	-4.22476244,0.480420679,-0.357298821,-0.245271653
p4	1	534	ffn_out-9	9	1024	0	8.856650e-02	7.578144e-03	-0.0451534241,0.0062840702,0.00112024788,0.00748808496	-0.0503031313,0.00665762974,0.00308568496,0.00742571056
p4	1	535	l_out-9	9	1024	0	5.657541e-02	1.802894e-02	-0.337852478,0.023013819,-0.0200125836,-0.00254582055	-0.355881423,0.0314690992,-0.016025912,-0.00377502665
p4	1	536	attn_norm-10	10	1024	0	6.132388e-02	3.671942e-01	-6.99214077,0.49623546,-0.461353183,-0.0632784218	-7.35933495,0.678006113,-0.3691504,-0.0937557891
p4	1	537	conv_output_silu-10	10	6144	0	2.765228e-02	5.995238e-02	-0.000906724948,-0.00313336053,-0.00686200615,-0.0691637024	-0.0011205289,-0.00300111249,-0.00623187702,-0.0663075373
p4	1	538	q_conv_predelta-10	10	2048	0	3.473437e-02	2.408338e-02	-0.0030443999,-0.0105205029,-0.023039721,-0.232222542	-0.00379256438,-0.0101576252,-0.0210925359,-0.224425808
p4	1	539	k_conv_predelta-10	10	2048	0	3.076342e-02	2.406761e-02	-0.0592389591,0.118530758,0.212100759,0.0141299693	-0.0582263768,0.107574433,0.229226053,0.0135950679
p4	1	540	v_conv_predelta-10	10	2048	0	1.038233e-02	5.795054e-03	0.0175546836,0.00169300346,-0.00910061318,0.00602991506	0.0170019343,0.00224208878,-0.00708458992,0.00647211447
p4	1	541	a_softplus-10	10	16	0	4.713192e-02	1.320345e-01	0.984134614,0.0163167976,3.95597577,1.03778517	0.972611189,0.0154433846,3.90560532,0.985389948
p4	1	542	gate-10	10	16	0	4.036753e-02	3.179753e-02	-0.753089845,-0.0946331248,-1.22550416,-0.212492466	-0.744271755,-0.0895675644,-1.20990002,-0.201764241
p4	1	543	beta_sigmoid-10	10	16	0	1.703684e-02	2.302343e-02	0.868023276,0.762460828,0.93000108,0.725994527	0.861744761,0.753851414,0.92962718,0.715295494
p4	1	544	state_predelta-10	10	262144	1	9.730554e-03	1.449035e-03	0.000226150572,0.000204668308,0.000189284387,0.000356424833	0.000229430429,0.000196356312,0.000195434608,0.000347568042
p4	1	545	new_state-10	10	262144	0	3.416292e-02	2.658749e-02	-0.000777986657,0.00186613528,0.00325596263,0.000378815021	-0.000726352853,0.00163661269,0.0033814623,0.000360165723
p4	1	546	attn_output-10	10	2048	0	3.554062e-02	8.213322e-05	-1.06160167e-06,-5.50795949e-06,1.66025475e-05,3.23997556e-05	-3.99280822e-07,-4.04432967e-06,1.80696061e-05,3.15714533e-05
p4	1	547	z-10	10	2048	0	2.447911e-02	1.790237e-01	1.05859542,0.727446735,0.453520805,0.637982666	1.01546371,0.768678904,0.459307492,0.667849898
p4	1	548	final_output-10	10	2048	0	7.223940e-02	3.311327e-02	-0.00074884604,-0.00288222614,0.00448068976,0.0138153965	-0.000267147814,-0.00226616021,0.00495005818,0.0142376106
p4	1	549	linear_attn_out-10	10	1024	0	7.510856e-02	4.101904e-03	-0.0608991757,-0.00457542203,-0.00193786994,-0.00417177193	-0.057458099,-0.00479364675,-0.00160270929,-0.00317463651
p4	1	550	attn_residual-10	10	1024	0	5.534085e-02	1.458788e-02	-0.398751646,0.018438397,-0.0219504535,-0.00671759248	-0.413339525,0.0266754515,-0.0176286213,-0.00694966316
p4	1	551	attn_post_norm-10	10	1024	0	6.003614e-02	2.420060e-01	-6.11436844,0.34901017,-0.414153814,-0.135436058	-6.32994175,0.504278362,-0.33218506,-0.139935538
p4	1	552	ffn_out-10	10	1024	0	8.905844e-02	8.722000e-03	0.153124437,-0.0159473512,0.0175187849,-0.0211585127	0.149627566,-0.018722795,0.0186203942,-0.0205395631
p4	1	553	l_out-10	10	1024	0	6.043505e-02	1.840644e-02	-0.24562721,0.00249104574,-0.00443166867,-0.0278761052	-0.263711959,0.0079526566,0.00099177286,-0.0274892263
p4	1	554	attn_norm-11	11	1024	0	6.204297e-02	3.818808e-01	-4.01831532,0.0425049141,-0.0807552561,-0.560124457	-4.31662416,0.135773972,0.018082669,-0.552664757
p4	1	555	attn_pregate-11	11	2048	0	5.002058e-02	8.251085e-01	0.0943846554,0.085355252,0.138614058,0.0896293744	0.0538994223,0.0765411556,0.13827689,0.13430737
p4	1	556	attn_gated-11	11	2048	0	7.180655e-02	3.856201e-02	0.00418743584,0.00521155214,0.00902927946,0.00126564514	0.00241974229,0.00503466744,0.00942987204,0.00194489188
p4	1	557	attn_output-11	11	1024	0	9.277913e-02	5.029775e-03	-0.00115527958,-0.00561782345,-0.0203117169,-0.0187108554	0.00124622136,-0.005768409,-0.020388307,-0.0190774016
p4	1	558	attn_residual-11	11	1024	0	6.334209e-02	1.688496e-02	-0.246782482,-0.00312677771,-0.0247433856,-0.0465869606	-0.262465745,0.0021842476,-0.0193965342,-0.0465666279
p4	1	559	attn_post_norm-11	11	1024	0	6.768215e-02	3.349766e-01	-3.346452,-0.0601526275,-0.454225779,-0.920768499	-3.56024361,0.0420335643,-0.35618329,-0.920656562
p4	1	560	ffn_out-11	11	1024	0	9.408888e-02	1.376236e-02	0.0487173088,0.0438800454,0.0201121271,0.0631525889	0.0349549502,0.0420972556,0.020229673,0.0616978742
p4	1	561	l_out-11	11	1024	0	6.958486e-02	2.944562e-02	-0.198065177,0.0407532677,-0.00463125855,0.0165656283	-0.227510795,0.044281505,0.000833138824,0.0151312463
p4	1	562	attn_norm-12	12	1024	0	7.330467e-02	6.200256e-01	-4.03403854,0.936478853,-0.110875599,0.423669457	-4.65406418,1.02201271,0.0200333111,0.38868016
p4	1	563	conv_output_silu-12	12	6144	0	2.410513e-02	1.224313e-01	0.00451606885,0.0664394274,0.0191037375,-0.0993347839	0.00727506308,0.0660443529,0.0256584119,-0.110273898
p4	1	564	q_conv_predelta-12	12	2048	0	4.021877e-02	4.746250e-02	0.00143666007,0.0211358313,0.00607731612,-0.031600561	0.00230583432,0.0209327843,0.00813244376,-0.0349513553
p4	1	565	k_conv_predelta-12	12	2048	0	3.105163e-02	4.048139e-02	0.0148611804,0.000446979393,0.0016313598,0.00401338935	0.0150026781,0.000337468839,0.0016932498,0.00407261867
p4	1	566	v_conv_predelta-12	12	2048	0	7.900432e-03	5.259895e-02	-0.00661794934,0.00409766287,0.00179680274,-0.0035937049	-0.00662171748,0.00404023565,0.00199264614,-0.0034976711
p4	1	567	a_softplus-12	12	16	0	6.344267e-02	9.058622e-02	0.226865485,1.32892585,0.176437929,0.197552815	0.213769481,1.2795229,0.181165397,0.175016358
p4	1	568	gate-12	12	16	0	4.490714e-02	3.528327e-02	-0.0457318388,-0.784292817,-0.0183081105,-0.0561593659	-0.0430919304,-0.755136669,-0.0187986568,-0.0497528128
p4	1	569	beta_sigmoid-12	12	16	0	1.273696e-02	1.704890e-02	0.767889261,0.714011669,0.67612201,0.569046736	0.778661251,0.703083336,0.676657677,0.558374703
p4	1	570	state_predelta-12	12	262144	0	1.417443e-02	1.720185e-02	1.04884593e-05,-1.4741604e-06,7.63655748e-07,6.75247566e-06	1.05989493e-05,-1.52652387e-06,8.5398608e-07,6.91758396e-06
p4	1	571	new_state-12	12	262144	0	2.380109e-02	1.015377e-01	-6.46196931e-05,-3.65318692e-06,-7.46387786e-06,-1.37063562e-05	-6.63269238e-05,-3.18244815e-06,-7.81367635e-06,-1.41350811e-05
p4	1	572	attn_output-12	12	2048	0	2.389825e-02	3.241375e-03	-1.70556341e-05,1.32115756e-05,3.95110737e-06,-7.84585245e-06	-1.73743938e-05,1.32518007e-05,4.53368648e-06,-7.78865797e-06
p4	1	573	z-12	12	2048	0	2.957881e-02	2.449905e-01	-0.529264152,-0.283289045,-1.12343514,-0.497582674	-0.532175004,-0.29765299,-1.11500371,-0.476712108
p4	1	574	final_output-12	12	2048	0	7.389329e-02	5.673273e-02	0.00297117908,-0.00149896776,-0.00080120808,0.00135554955	0.00303268246,-0.00156420807,-0.000916720717,0.00130380818
p4	1	575	linear_attn_out-12	12	1024	0	1.011071e-01	1.311417e-02	-0.068680495,-0.00641502813,0.00438673701,0.0122893415	-0.0555663258,-0.00727869011,0.00460226368,0.0125813019
p4	1	576	attn_residual-12	12	1024	0	6.939602e-02	1.633143e-02	-0.266745687,0.0343382396,-0.000244521536,0.0288549699	-0.283077121,0.0370028168,0.00543540251,0.0277125482
p4	1	577	attn_post_norm-12	12	1024	0	7.317797e-02	3.176125e-01	-3.44971085,0.687112212,-0.00447598519,0.565787792	-3.67911887,0.744111717,0.0999900922,0.546088636
p4	1	578	ffn_out-12	12	1024	0	1.138599e-01	9.329402e-03	0.0741366446,-0.0106940549,0.0063728774,-0.0103472574	0.0702739954,-0.0128931887,0.00898378342,-0.0148655577
p4	1	579	l_out-12	12	1024	0	7.420398e-02	2.019408e-02	-0.192609042,0.0236441847,0.00612835586,0.0185077116	-0.212803125,0.0241096281,0.0144191859,0.0128469905
p4	1	580	attn_norm-13	13	1024	0	7.835562e-02	4.283235e-01	-3.79919505,0.52866447,0.139584363,0.469706297	-4.22751856,0.542923808,0.330770016,0.328373164
p4	1	581	conv_output_silu-13	13	6144	1	3.121515e-02	8.314776e-02	-0.0376738869,-0.043833632,0.0160736162,-0.00984717347	-0.0344836861,-0.0370220579,0.0172279384,-0.011104187
p4	1	582	q_conv_predelta-13	13	2048	0	4.886755e-02	3.419533e-02	-0.0179764703,-0.0209156517,0.00766968587,-0.00469867652	-0.0164211281,-0.0176299009,0.00820394233,-0.00528781256
p4	1	583	k_conv_predelta-13	13	2048	0	3.575818e-02	3.158218e-02	-0.0807593837,0.0252663605,0.0548276491,-0.132087022	-0.0802833959,0.0261708293,0.0563006848,-0.128610581
p4	1	584	v_conv_predelta-13	13	2048	1	2.223705e-02	2.618897e-02	-0.000525646203,-0.00783577934,0.00287325913,-0.000547885429	-0.000398949836,-0.00825047772,0.00310820341,-0.000382271217
p4	1	585	a_softplus-13	13	16	0	3.348688e-02	1.173799e-01	1.18727851,0.66599077,1.90289319,0.598098695	1.1149658,0.667556942,1.83334482,0.558983862
p4	1	586	gate-13	13	16	0	3.861262e-02	4.335070e-02	-0.319551677,-0.76655072,-0.956834793,-0.14317508	-0.300088972,-0.768353343,-0.921863675,-0.133811638
p4	1	587	beta_sigmoid-13	13	16	0	1.017771e-02	1.247787e-02	0.703353047,0.823563039,0.591835082,0.827780128	0.695074022,0.816894412,0.586932123,0.822992384
p4	1	588	state_predelta-13	13	262144	0	4.277640e-02	1.076785e-02	-5.61268045e-08,-1.46817367e-08,9.56395425e-08,-9.85416682e-06	-4.61060772e-08,-1.25534072e-08,8.0027867e-08,-8.10803704e-06
p4	1	589	new_state-13	13	262144	0	3.841601e-02	1.351329e-02	3.0004443e-05,-9.41060534e-06,-2.0328258e-05,4.19820281e-05	2.23863281e-05,-7.31794125e-06,-1.5663627e-05,2.99106105e-05
p4	1	590	attn_output-13	13	2048	0	5.205567e-02	1.075287e-04	-1.16791352e-06,-1.74211254e-05,6.28016505e-06,-1.2482169e-06	-8.50433707e-07,-1.75883506e-05,6.51554001e-06,-8.41127644e-07
p4	1	591	z-13	13	2048	0	4.456738e-02	2.502921e-01	-0.816451132,-0.473782897,-0.490579367,0.178900927	-0.956007302,-0.488715291,-0.419539213,0.133138895
p4	1	592	final_output-13	13	2048	0	9.653328e-02	2.455395e-02	0.000309425581,0.00337769534,-0.00124006963,-0.000125902836	0.000239024579,0.00348559418,-0.00114922237,-6.18265622e-05
p4	1	593	linear_attn_out-13	13	1024	0	1.008868e-01	4.615679e-03	-0.101133168,-0.00114090554,-0.000927187502,0.00361985527	-0.0965174884,-0.0012404006,-0.000463271514,0.00378801208
p4	1	594	attn_residual-13	13	1024	0	7.377235e-02	1.697818e-02	-0.29374221,0.0225032791,0.00520116836,0.0221275669	-0.309320629,0.0228692275,0.0139559144,0.0166350026
p4	1	595	attn_post_norm-13	13	1024	0	7.694842e-02	3.400873e-01	-4.00033808,0.463482648,0.0988648534,0.41918546	-4.24177647,0.474294037,0.267120868,0.317324728
p4	1	596	ffn_out-13	13	1024	0	1.076759e-01	1.282039e-02	0.067415677,-0.0108788908,-0.000958580524,0.0224665478	0.0751653314,-0.00740009546,-0.00149792805,0.0280801691
p4	1	597	l_out-13	13	1024	0	7.902753e-02	1.923923e-02	-0.226326525,0.0116243884,0.00424258783,0.0445941165	-0.234155297,0.015469132,0.0124579864,0.0447151735
p4	1	598	attn_norm-14	14	1024	0	8.211999e-02	4.570795e-01	-4.37901831,0.253914535,0.0860144868,1.04965615	-4.56040144,0.340127051,0.254241467,1.0594542
p4	1	599	conv_output_silu-14	14	6144	0	2.956682e-02	1.222939e-01	0.0362493396,0.0528562218,-0.134193033,0.0437499881	0.0153911607,0.0535950251,-0.121600963,0.0344303474
p4	1	600	q_conv_predelta-14	14	2048	0	5.521284e-02	4.708020e-02	0.0080963783,0.011805567,-0.0299723409,0.00977166649	0.00335393124,0.0116790431,-0.026498409,0.00750281429
p4	1	601	k_conv_predelta-14	14	2048	0	4.363890e-02	2.892082e-02	0.0100039812,0.222604483,-0.00540699717,0.00211524405	0.00953572523,0.230409712,-0.00597224338,0.000445353944
p4	1	602	v_conv_predelta-14	14	2048	0	1.706671e-02	2.479029e-02	0.0026573264,0.0201985091,-0.00405033724,0.0167690217	0.00164835132,0.0214815754,-0.00348142465,0.0155732324
p4	1	603	a_softplus-14	14	16	0	2.607723e-02	5.536366e-02	0.668612838,0.152038202,0.819377661,0.00988091808	0.615263045,0.15652442,0.805166185,0.010482491
p4	1	604	gate-14	14	16	0	2.750356e-02	1.678725e-02	-0.210388348,-0.025408132,-0.544758141,-0.0297303349	-0.193601102,-0.0261578541,-0.535309732,-0.0315403864
p4	1	605	beta_sigmoid-14	14	16	0	1.162150e-02	1.732934e-02	0.671366692,0.467843652,0.654538751,0.815959215	0.679038584,0.474077284,0.668365479,0.823874354
p4	1	606	state_predelta-14	14	262144	0	3.204751e-02	7.289883e-03	5.10589643e-07,-4.48670608e-06,-8.27633144e-08,5.18426191e-09	2.63225473e-07,-2.4868873e-06,-4.97748509e-08,-3.67372159e-08
p4	1	607	new_state-14	14	262144	0	4.581296e-02	4.530489e-02	1.8177243e-05,0.0003916313,-9.66797325e-06,3.76012531e-06	1.08456416e-05,0.000254771003,-6.69781866e-06,4.66131183e-07
p4	1	608	attn_output-14	14	2048	0	2.937948e-02	2.178957e-04	3.35705494e-07,2.85505985e-06,-5.18409706e-07,1.48321294e-06	2.88345831e-07,4.00731733e-06,-6.15075749e-07,2.0482255e-06
p4	1	609	z-14	14	2048	0	4.370729e-02	2.725277e-01	-0.365319252,-0.462030739,0.0694033206,0.0376412272	-0.312582254,-0.47620216,0.0696790516,0.0890882611
p4	1	610	final_output-14	14	2048	0	7.552388e-02	5.086574e-02	-5.27398261e-05,-0.000509191537,-1.86878515e-05,2.59836652e-05	-3.99420678e-05,-0.000729667314,-2.22466933e-05,8.70001531e-05
p4	1	611	linear_attn_out-14	14	1024	0	9.955087e-02	5.271924e-03	0.0112612713,-0.00995367579,0.0136400219,0.0111100245	0.0100975987,-0.00959262718,0.0137090646,0.0130042303
p4	1	612	attn_residual-14	14	1024	0	7.862992e-02	2.012961e-02	-0.215065256,0.00167071261,0.0178826097,0.0557041392	-0.224057704,0.00587650482,0.02616705,0.057719402
p4	1	613	attn_post_norm-14	14	1024	0	7.881864e-02	3.783276e-01	-3.08790231,0.0336428918,0.337905347,1.02146101	-3.2300868,0.118815109,0.496455044,1.06271589
p4	1	614	ffn_out-14	14	1024	0	1.005394e-01	1.516721e-02	0.203384191,-0.00871150754,-0.00962442439,0.0276728459	0.218551397,-0.00877009518,-0.00341188535,0.0299006645
p4	1	615	l_out-14	14	1024	0	7.889847e-02	1.972392e-02	-0.011681065,-0.00704079494,0.00825818535,0.0833769888	-0.00550630689,-0.00289359037,0.0227551647,0.0876200646
p4	1	616	attn_norm-15	15	1024	0	7.821072e-02	3.506529e-01	-0.164347455,-0.11072097,0.129582271,1.30087245	-0.0773185045,-0.0454137847,0.356355458,1.36437762
p4	1	617	attn_pregate-15	15	2048	0	7.227529e-02	2.566400e+00	-0.0885833427,0.101695597,0.0175428726,0.108653322	-0.0889635086,0.108559057,-0.00265572593,0.115566984
p4	1	618	attn_gated-15	15	2048	0	5.635295e-02	3.406125e-02	-0.00316519942,0.0073257084,0.000247296237,0.00824784115	-0.00337149622,0.00748378877,-3.68755718e-05,0.00919181295
p4	1	619	attn_output-15	15	1024	0	9.388163e-02	7.116988e-03	-0.148249418,0.000675223768,-0.0228603557,0.0231972486	-0.15204972,-2.59764493e-05,-0.0230502747,0.0221254528
p4	1	620	attn_residual-15	15	1024	0	8.218825e-02	2.063836e-02	-0.159930483,-0.00636557117,-0.0146021703,0.106574237	-0.157556027,-0.00291956682,-0.000295110047,0.109745517
p4	1	621	attn_post_norm-15	15	1024	0	8.300410e-02	3.510721e-01	-1.86856985,-0.11760129,-0.257276118,1.74238992	-1.84365606,-0.0540206693,-0.00520754326,1.79699433
p4	1	622	ffn_out-15	15	1024	0	9.209270e-02	1.793262e-02	0.126822188,0.0851223767,0.0361182541,0.0330342166	0.143427119,0.0870030671,0.0393281579,0.04877498
p4	1	623	l_out-15	15	1024	0	7.854897e-02	2.666101e-02	-0.033108294,0.0787568092,0.0215160847,0.139608458	-0.0141289085,0.0840834975,0.0390330479,0.15852049
p4	1	624	attn_norm-16	16	1024	0	7.971390e-02	4.640231e-01	-0.415762812,1.42245793,0.323692858,2.35303473	-0.176821142,1.51348734,0.58521986,2.66267848
p4	1	625	conv_output_silu-16	16	6144	0	3.436360e-02	1.068105e-01	-0.226872355,0.00492378604,-0.0168743804,-0.250245482	-0.227525413,-0.0069206371,-0.00482292799,-0.252553016
p4	1	626	q_conv_predelta-16	16	2048	0	5.376795e-02	5.227220e-02	-0.0215077046,0.000466779398,-0.00159970648,-0.0237234998	-0.0215085093,-0.000654224015,-0.00045592268,-0.0238744281
p4	1	627	k_conv_predelta-16	16	2048	0	4.889383e-02	4.649007e-02	0.105642729,-0.0568856373,0.0182325803,-0.0226752833	0.103719562,-0.0555721894,0.0155855455,-0.0260370094
p4	1	628	v_conv_predelta-16	16	2048	0	3.002776e-02	9.718379e-02	-0.200873002,0.012783967,0.549689054,0.00525254244	-0.200108111,0.0136237759,0.541066527,0.00517781312
p4	1	629	a_softplus-16	16	16	0	2.611396e-02	1.331453e-01	0.192185536,1.78237832,1.15002906,1.51872754	0.180428356,1.75770473,1.13746369,1.48817539
p4	1	630	gate-16	16	16	0	3.474904e-02	6.800401e-02	-0.0390448608,-0.722964525,-0.137351394,-0.328447878	-0.0366562456,-0.712956488,-0.135850668,-0.321840495
p4	1	631	beta_sigmoid-16	16	16	0	1.054222e-02	1.861387e-02	0.674779534,0.713853955,0.926736653,0.864367783	0.693393409,0.71493572,0.933518529,0.869254887
p4	1	632	state_predelta-16	16	262144	1	2.939859e-02	4.184568e-02	-0.000453704619,0.000110791836,3.07260998e-05,-0.000485629367	-0.000448108534,0.000106620537,2.50091489e-05,-0.000514742744
p4	1	633	new_state-16	16	262144	0	4.199521e-02	4.593761e-02	-0.0145352287,0.00769840926,-0.00240373937,0.00255917106	-0.0146034537,0.00769575639,-0.00210538483,0.0030612885
p4	1	634	attn_output-16	16	2048	0	3.340283e-02	2.349533e-03	-0.00147024263,9.32388066e-05,0.0041880426,3.72985669e-05	-0.00152868801,0.000103688231,0.00431348337,3.83265906e-05
p4	1	635	z-16	16	2048	0	5.283611e-02	3.624408e-01	-0.640003264,-0.517994881,-0.593826771,-0.305016696	-0.611241102,-0.617395639,-0.62687397,-0.333716094
p4	1	636	final_output-16	16	2048	0	5.434513e-02	1.754117e-01	0.11802531,-0.00677573355,-0.371243358,-0.00178161508	0.115034245,-0.00811951701,-0.380583078,-0.00189762563
p4	1	637	linear_attn_out-16	16	1024	0	6.631748e-02	1.433432e-02	0.0593788773,-0.0261118673,-0.148710012,-0.0219630972	0.0475064144,-0.0263076089,-0.151147678,-0.0161069371
p4	1	638	attn_residual-16	16	1024	0	7.319439e-02	2.804371e-02	0.0262705833,0.052644942,-0.127193928,0.117645361	0.0333775058,0.0577758886,-0.112114631,0.142413557
p4	1	639	attn_post_norm-16	16	1024	0	7.291994e-02	3.471881e-01	0.201207533,0.67888844,-1.60549188,1.24068594	0.253793359,0.739673853,-1.40493405,1.49104345
p4	1	640	ffn_out-16	16	1024	0	1.013817e-01	1.703461e-02	-0.128050208,0.00185482204,0.0433999076,-0.0145861134	-0.119875804,0.00211453438,0.0390367508,-0.0114979297
p4	1	641	l_out-16	16	1024	0	7.990683e-02	3.429388e-02	-0.101779625,0.054499764,-0.0837940201,0.103059247	-0.0864982978,0.059890423,-0.0730778798,0.130915627
p4	1	642	attn_norm-17	17	1024	0	7.849595e-02	5.020711e-01	-1.18153346,0.85057348,-1.22254133,1.46385884	-0.990696788,0.92219466,-1.05192423,1.8346436
p4	1	643	conv_output_silu-17	17	6144	0	2.813923e-02	3.145123e-01	-0.250075936,-0.0858383626,-0.278226346,0.0359625071	-0.242317334,-0.092010133,-0.277181566,0.0325883552
p4	1	644	q_conv_predelta-17	17	2048	0	5.598963e-02	4.275665e-02	-0.0574828647,-0.019730946,-0.0639535636,0.00826640055	-0.0564005934,-0.0214158278,-0.0645154193,0.00758510549
p4	1	645	k_conv_predelta-17	17	2048	0	4.482568e-02	5.925390e-02	0.0139436573,-0.0778619573,-0.0293681473,-0.0351151451	0.0146863777,-0.0788041428,-0.0291078538,-0.039472539
p4	1	646	v_conv_predelta-17	17	2048	0	2.488341e-02	1.160378e-01	-0.273166299,-0.270327449,0.0567918643,-0.278417379	-0.274765551,-0.27035892,0.0561179407,-0.278302014
p4	1	647	a_softplus-17	17	16	0	3.585065e-02	2.450964e-01	3.72741866,0.191052213,3.67422533,2.03363633	3.48232222,0.179022908,3.58688545,2.04856992
p4	1	648	gate-17	17	16	0	3.576677e-02	5.776244e-02	-0.878449738,-0.0494511016,-0.928989649,-0.708318114	-0.820687294,-0.046337489,-0.906906664,-0.713519514
p4	1	649	beta_sigmoid-17	17	16	0	1.413399e-02	3.198126e-02	0.835772812,0.686996877,0.975402653,0.752683222	0.835122466,0.69852519,0.973271191,0.746682763
p4	1	650	state_predelta-17	17	262144	0	3.376864e-02	8.263433e-02	-0.000172685541,0.0010692958,0.000214257772,0.000100771846	-0.000185416066,0.00112250214,0.000223627023,0.000124941376
p4	1	651	new_state-17	17	262144	0	4.171279e-02	1.104817e-01	-0.00324089639,0.0181409232,0.00676389271,0.00802294351	-0.00343599706,0.0184930284,0.00674670143,0.00907057617
p4	1	652	attn_output-17	17	2048	0	1.753152e-02	1.938827e-03	-0.000702351448,-0.000727290753,0.000153941044,-0.0007190631	-0.000715783797,-0.000761132338,0.000160173513,-0.000727188715
p4	1	653	z-17	17	2048	0	5.016698e-02	2.618351e-01	0.372738987,-0.712786436,-0.794414461,-1.48566008	0.355785668,-0.675333738,-0.771166086,-1.58283234
p4	1	654	final_output-17	17	2048	0	8.146705e-02	1.237783e-01	-0.0939011574,0.114300586,-0.0176594593,0.117648512	-0.0901409313,0.115468822,-0.0180095062,0.116285577
p4	1	655	linear_attn_out-17	17	1024	0	1.192549e-01	1.998518e-02	-0.193723574,-0.0412215889,0.0527837947,-0.0548305959	-0.17373839,-0.0389192924,0.0479016304,-0.0531888455
p4	1	656	attn_residual-17	17	1024	0	8.078233e-02	3.526652e-02	-0.295503199,0.0132781751,-0.0310102254,0.0482286513	-0.260236681,0.0209711306,-0.0251762494,0.0777267814
p4	1	657	attn_post_norm-17	17	1024	0	7.919119e-02	3.587759e-01	-2.02790189,0.159800112,-0.360097706,0.49238044	-1.76077175,0.248834372,-0.288241357,0.782377124
p4	1	658	ffn_out-17	17	1024	0	9.658953e-02	2.145512e-02	-0.0309203602,-0.0251450092,0.00149492919,0.0208172537	-0.0423444882,-0.0259075016,-0.0080338642,0.0255751237
p4	1	659	l_out-17	17	1024	0	8.513542e-02	3.707732e-02	-0.326423556,-0.011866834,-0.0295152962,0.0690459013	-0.302581161,-0.004936371,-0.0332101136,0.103301905
p4	1	660	attn_norm-18	18	1024	0	8.410122e-02	4.812210e-01	-3.54195786,-0.169437066,-0.405575335,0.922599852	-3.24719906,-0.069708623,-0.451335937,1.36517704
p4	1	661	conv_output_silu-18	18	6144	0	2.957607e-02	1.521564e-01	-0.261836022,-0.059716884,-0.251557797,-0.269120127	-0.256858349,-0.1034915,-0.251774549,-0.269981712
p4	1	662	q_conv_predelta-18	18	2048	0	5.497024e-02	4.328625e-02	-0.0759143308,-0.0173137635,-0.0729343519,-0.0780262128	-0.0754554197,-0.0304019507,-0.0739619881,-0.0793105736
p4	1	663	k_conv_predelta-18	18	2048	0	5.077574e-02	4.753710e-02	0.0199963413,-0.0446320958,-0.0427802391,-0.00689674215	0.0178372581,-0.0442968681,-0.0433002599,-0.0066488944
p4	1	664	v_conv_predelta-18	18	2048	0	2.035320e-02	9.266406e-02	0.191947535,-0.270627379,-0.0255185571,-0.19449386	0.195203811,-0.270880193,-0.0266566258,-0.19664906
p4	1	665	a_softplus-18	18	16	0	2.320827e-02	1.444607e-01	0.00279940362,5.55898046,0.00905219,3.82046533	0.00242725248,5.56580734,0.00776806427,3.95820117
p4	1	666	gate-18	18	16	0	2.293319e-02	3.707111e-02	-0.001166965,-1.12058651,-0.00269680889,-1.02826428	-0.00101182936,-1.12196267,-0.00231424486,-1.06533539
p4	1	667	beta_sigmoid-18	18	16	0	1.116926e-02	2.481151e-02	0.820128024,0.881893754,0.312327713,0.963789821	0.830695331,0.879089415,0.318701416,0.961583257
p4	1	668	state_predelta-18	18	262144	0	2.657301e-02	5.473596e-02	-0.0028666039,-0.00549975084,-0.00312245241,9.23981206e-05	-0.00260438817,-0.00555497222,-0.00315773371,8.8989189e-05
p4	1	669	new_state-18	18	262144	0	4.032866e-02	1.526899e-01	-0.000448596431,-0.0108828992,-0.00828475133,-0.000740527874	-0.000375077361,-0.0110790618,-0.00855983794,-0.000741101685
p4	1	670	attn_output-18	18	2048	0	5.698518e-02	5.563959e-03	0.0047715106,-0.00519326329,-0.000609894283,-0.0050920276	0.00479460601,-0.00516736787,-0.000620468345,-0.00507453643
p4	1	671	z-18	18	2048	0	5.386770e-02	3.257365e-01	-2.37172723,-0.0662625432,-1.03026748,-0.442959994	-2.63142443,-0.0664118826,-1.06960416,-0.300050497
p4	1	672	final_output-18	18	2048	0	9.883021e-02	1.459714e-01	-0.0617052652,0.0124329906,0.0112811876,0.0572904646	-0.0546930544,0.012530216,0.0116962828,0.0425359942
p4	1	673	linear_attn_out-18	18	1024	0	1.150438e-01	2.077986e-02	-0.0520831794,0.0797433555,0.112290226,-0.0743008107	-0.0442136675,0.0896488726,0.110903487,-0.0676468313
p4	1	674	attn_residual-18	18	1024	0	8.951163e-02	4.090998e-02	-0.37850672,0.0678765178,0.0827749297,-0.0052549094	-0.346794844,0.0847125053,0.077693373,0.0356550738
p4	1	675	attn_post_norm-18	18	1024	0	8.922654e-02	4.005444e-01	-2.58941293,0.72176981,0.894822478,-0.0486808158	-2.3481009,0.89154464,0.831262946,0.326911658
p4	1	676	ffn_out-18	18	1024	0	1.192468e-01	2.877345e-02	-0.571595311,0.0105085876,-0.0962307081,0.03577796	-0.595991135,0.017076252,-0.0837879777,0.0275118239
p4	1	677	l_out-18	18	1024	0	9.055955e-02	4.601273e-02	-0.950102031,0.0783851072,-0.0134557784,0.0305230506	-0.942785978,0.101788759,-0.00609460473,0.0631669015
p4	1	678	attn_norm-19	19	1024	0	8.818937e-02	3.783231e-01	-6.51279879,0.597625196,-0.105740093,0.237167791	-6.42346573,0.771354616,-0.0476031005,0.487838656
p4	1	679	attn_pregate-19	19	2048	0	6.297518e-02	1.650245e-01	-0.0171688348,-0.564522624,-0.0434040427,-0.157473952	0.0753277391,-0.546910644,0.0482905656,-0.159136951
p4	1	680	attn_gated-19	19	2048	0	6.231139e-02	4.859966e-02	-0.000456974842,-0.0431993492,-0.0013574172,-0.0104929721	0.00193266105,-0.0424089916,0.00155249063,-0.0108931949
p4	1	681	attn_output-19	19	1024	0	9.061441e-02	1.574927e-02	0.518569589,0.00938898325,0.00104814209,0.0301470533	0.521907806,0.0151742212,0.00311368704,0.0314748883
p4	1	682	attn_residual-19	19	1024	0	9.527334e-02	4.840070e-02	-0.431532443,0.0877740905,-0.0124076363,0.0606701039	-0.420878172,0.116962984,-0.00298091769,0.0946417898
p4	1	683	attn_post_norm-19	19	1024	0	9.596274e-02	5.084072e-01	-2.94130445,0.885536134,-0.114448711,0.465104461	-2.85034347,1.17247248,-0.0273203421,0.720896602
p4	1	684	ffn_out-19	19	1024	0	1.254764e-01	2.886371e-02	-0.166125357,-0.0434850343,-0.12234737,0.104365967	-0.189063564,-0.0455872007,-0.124983251,0.0856820792
p4	1	685	l_out-19	19	1024	0	1.004320e-01	5.312534e-02	-0.5976578,0.0442890562,-0.134755,0.165036067	-0.609941721,0.0713757873,-0.127964169,0.180323869
p4	1	686	attn_norm-20	20	1024	0	1.005103e-01	6.632051e-01	-4.77548075,0.497129709,-1.40961051,1.54590285	-4.85316944,0.79780513,-1.33295405,1.6820122
p4	1	687	conv_output_silu-20	20	6144	0	5.710285e-02	2.350243e-01	-0.0353061147,-0.114729524,-0.233037218,-0.0257545747	-0.0542452261,-0.108548433,-0.246194676,-0.0175705776
p4	1	688	q_conv_predelta-20	20	2048	0	7.276505e-02	8.135128e-02	-0.0134400828,-0.0436744243,-0.0887109563,-0.00980407	-0.0210802369,-0.0421830043,-0.0956737101,-0.00682810182
p4	1	689	k_conv_predelta-20	20	2048	0	6.317123e-02	8.579676e-02	-0.00649574678,-0.0256030541,-0.0280315317,-0.0222887844	-0.0137543259,-0.028970331,-0.0280343201,-0.0223966185
p4	1	690	v_conv_predelta-20	20	2048	0	4.434722e-02	1.168725e-01	-0.0324604586,-0.0243834071,0.0106973443,-0.0982159376	-0.029920768,-0.0186935551,0.0087472545,-0.100104898
p4	1	691	a_softplus-20	20	16	0	5.264020e-02	2.804694e-01	0.168683365,2.38533854,0.0500976145,3.31928158	0.134855583,2.10486913,0.0363777392,3.2556324
p4	1	692	gate-20	20	16	0	3.872865e-02	6.356823e-02	-0.0376383476,-0.414509684,-0.00912345294,-0.95099014	-0.0300903488,-0.365771413,-0.00662487838,-0.932754338
p4	1	693	beta_sigmoid-20	20	16	0	1.356739e-02	2.478391e-02	0.987541139,0.996859312,0.952535093,0.961070001	0.987676978,0.996288061,0.948101342,0.955075443
p4	1	694	state_predelta-20	20	262144	0	3.451334e-02	8.494854e-02	2.03583859e-05,-9.22874679e-05,0.000391181733,-0.000443777128	3.53360265e-05,-0.000158608775,0.000465747115,-0.000525188283
p4	1	695	new_state-20	20	262144	1	4.509305e-02	8.803844e-02	0.000277495943,0.000927595829,0.00148962007,0.000457509072	0.000569719705,0.000973855553,0.00154326705,0.000362239429
p4	1	696	attn_output-20	20	2048	0	3.542015e-02	4.086688e-03	-0.0014714353,-0.00105699676,0.000535517465,-0.0046233763	-0.00132815249,-0.000780250411,0.000454074005,-0.00468776748
p4	1	697	z-20	20	2048	0	6.397849e-02	5.109630e-01	-0.66277498,0.393157482,0.83030206,-0.364499301	-0.748749793,0.3046408,0.874691188,-0.329946995
p4	1	698	final_output-20	20	2048	0	1.153671e-01	2.698818e-01	0.0424100347,-0.0335651152,0.0382790864,0.079525739	0.0409774035,-0.0185764246,0.0347768329,0.0747564808
p4	1	699	linear_attn_out-20	20	1024	0	1.197216e-01	2.611542e-02	-0.042904146,-0.0564147346,0.0569685102,-0.0294200405	-0.0510111153,-0.0593392625,0.0692342222,-0.0213489532
p4	1	700	attn_residual-20	20	1024	0	1.016262e-01	5.127563e-02	-0.640561938,-0.0121256784,-0.0777864903,0.135616034	-0.660952806,0.0120365247,-0.0587299466,0.158974916
p4	1	701	attn_post_norm-20	20	1024	0	1.026334e-01	4.742810e-01	-3.38723564,-0.112358987,-0.729434788,0.991074562	-3.49236798,0.111446932,-0.550309658,1.16088462
p4	1	702	ffn_out-20	20	1024	0	1.379997e-01	3.608548e-02	0.389315665,0.0325814486,-0.0654742271,0.0164420102	0.377470136,0.0253763609,-0.0839535892,0.0319914594
p4	1	703	l_out-20	20	1024	0	1.104712e-01	6.374633e-02	-0.251246274,0.0204557702,-0.143260717,0.15205805	-0.283482671,0.0374128856,-0.142683536,0.190966368
p4	1	704	attn_norm-21	21	1024	0	1.101308e-01	6.421538e-01	-1.73002958,0.21626094,-1.38171315,1.36432493	-1.94864106,0.394852549,-1.37377656,1.71047497
p4	1	705	conv_output_silu-21	21	6144	0	5.193549e-02	3.369660e-01	-0.268097788,0.533432305,-0.244088665,-0.278121859	-0.269272357,0.425752759,-0.25468573,-0.277846813
p4	1	706	q_conv_predelta-21	21	2048	0	7.642786e-02	8.463531e-02	-0.0762943104,0.151802257,-0.0694618747,-0.0791469216	-0.0796817616,0.12598668,-0.0753653571,-0.0822190717
p4	1	707	k_conv_predelta-21	21	2048	0	6.393934e-02	4.554641e-02	0.0177563839,0.0144747002,0.0667189658,-0.0247696023	0.0221286099,0.0242015049,0.0712200627,-0.0257371012
p4	1	708	v_conv_predelta-21	21	2048	0	4.759530e-02	1.124064e-01	0.0260161925,-0.0738826543,0.027799597,-0.0155444993	0.0210663248,-0.0681329444,0.0269144829,-0.018354103
p4	1	709	a_softplus-21	21	16	0	4.366434e-02	4.052532e-01	2.16365457,6.00799322,0.177830949,3.20149255	2.02895546,5.9429841,0.153296366,3.19954824
p4	1	710	gate-21	21	16	0	3.628514e-02	7.795054e-02	-0.639575064,-1.55508208,-0.0664505735,-1.51819694	-0.599758089,-1.53825545,-0.0572826676,-1.51727498
p4	1	711	beta_sigmoid-21	21	16	0	1.117242e-02	3.274667e-02	0.952838719,0.957006097,0.882086933,0.989039063	0.94831115,0.956080019,0.892695606,0.987563133
p4	1	712	state_predelta-21	21	262144	0	5.538461e-02	8.624089e-02	0.00117235072,-0.00104050036,0.00158851792,0.000219874637	0.000952635601,-0.000826858333,0.00132373895,0.00016977347
p4	1	713	new_state-21	21	262144	0	6.370449e-02	1.188172e-01	0.00117180427,-9.77834861e-05,0.00291723665,-0.000655946205	0.00108770712,0.000163768011,0.00254432717,-0.000563662383
p4	1	714	attn_output-21	21	2048	0	7.830210e-02	8.361340e-03	0.00015308916,-0.000449430227,0.00027619701,-0.000104374674	0.000121215737,-0.000404321996,0.000275615894,-0.000119589662
p4	1	715	z-21	21	2048	0	8.822254e-02	4.655411e-01	0.770283341,0.941594183,-0.15684396,-1.23384786	0.604060888,0.977934957,-0.0477675796,-1.38937736
p4	1	716	final_output-21	21	2048	0	1.506299e-01	3.037496e-01	0.0568104945,-0.177138224,-0.0126961097,0.0229484867	0.0334118195,-0.167411864,-0.00409175083,0.0262300074
p4	1	717	linear_attn_out-21	21	1024	0	1.727001e-01	4.392736e-02	0.101661116,0.0313037485,0.00178652257,-0.0467889458	0.0669793785,0.0289574265,0.00690476596,-0.081890583
p4	1	718	attn_residual-21	21	1024	0	1.273281e-01	7.823129e-02	-0.149585158,0.0517595187,-0.141474187,0.105269104	-0.216503292,0.0663703084,-0.13577877,0.109075785
p4	1	719	attn_post_norm-21	21	1024	0	1.277029e-01	6.496588e-01	-0.721248865,0.431406289,-1.16360581,0.692196131	-1.04206359,0.552208543,-1.11479139,0.715961456
p4	1	720	ffn_out-21	21	1024	0	1.686730e-01	5.260354e-02	0.0612355731,0.0345058106,0.0574016646,0.141551822	0.0399058871,0.0146741979,0.0438094698,0.180127889
p4	1	721	l_out-21	21	1024	0	1.407585e-01	9.590214e-02	-0.0883495808,0.0862653255,-0.0840725228,0.246820927	-0.176597401,0.08104451,-0.0919692963,0.289203674
p4	1	722	attn_norm-22	22	1024	0	1.395239e-01	7.437569e-01	-0.522104979,0.731367588,-0.655823648,1.92284	-1.04521346,0.688161492,-0.718527138,2.25648451
p4	1	723	conv_output_silu-22	22	6144	0	7.538234e-02	2.884345e-01	-0.0697763413,-0.182375982,0.090371266,0.0568780117	-0.0376479812,-0.192650065,0.0864633769,0.0620809421
p4	1	724	q_conv_predelta-22	22	2048	0	9.189237e-02	1.079220e-01	-0.0251392592,-0.0657070428,0.0325592682,0.0204922054	-0.0132058375,-0.0675761476,0.0303288847,0.0217762217
p4	1	725	k_conv_predelta-22	22	2048	0	8.594959e-02	6.722406e-02	0.0146780629,-0.0069857589,0.156838909,0.0403231159	0.0172607042,-0.00663602864,0.13960208,0.0565750003
p4	1	726	v_conv_predelta-22	22	2048	0	6.616239e-02	1.526372e-01	0.0236222558,0.00334634585,0.00936577655,-0.00642362377	0.0236394759,0.00148817827,0.0067594843,-0.00772879506
p4	1	727	a_softplus-22	22	16	0	4.010904e-02	2.796631e-01	1.3665359,3.1935463,3.61657214,0.449688822	1.3475641,3.0314405,3.65331697,0.456022352
p4	1	728	gate-22	22	16	0	2.604079e-02	5.771175e-02	-0.252783746,-0.723797917,-2.37180591,-0.0844940245	-0.249274299,-0.687057674,-2.39590383,-0.0856840611
p4	1	729	beta_sigmoid-22	22	16	0	1.243699e-02	2.547848e-02	0.675603092,0.93033576,0.954292953,0.591947138	0.701081574,0.925359011,0.955567598,0.605183899
p4	1	730	state_predelta-22	22	262144	0	6.721364e-02	6.489848e-02	1.96618585e-05,1.21223929e-05,0.000348836795,-0.00128051371	2.20425482e-05,1.25379911e-05,0.00032031638,-0.00138732349
p4	1	731	new_state-22	22	262144	0	7.699223e-02	6.014049e-02	0.000262434536,-0.000108218759,0.00291193509,-0.000315490412	0.000320421765,-0.000106812571,0.00270222593,-8.73019453e-05
p4	1	732	attn_output-22	22	2048	0	5.446009e-02	1.055187e-03	8.24500676e-05,-8.54206064e-06,5.923969e-05,-0.000140494827	0.000112802489,-1.0089022e-05,4.80187337e-05,-0.000132899178
p4	1	733	z-22	22	2048	0	8.734359e-02	6.350825e-01	0.757918656,1.26367211,-4.73082829,-0.0292114392	0.680163026,1.18779266,-4.74801636,-0.120828897
p4	1	734	final_output-22	22	2048	0	1.376700e-01	1.734281e-01	0.0484962426,-0.00866942108,-0.00262853294,0.00195450429	0.0577989668,-0.00942022074,-0.0020933589,0.00726162037
p4	1	735	linear_attn_out-22	22	1024	0	1.573301e-01	4.119249e-02	0.154114962,-0.00797390286,-0.0347981006,-0.163582146	0.189499795,-0.0175897311,-0.0392794386,-0.197571084
p4	1	736	attn_residual-22	22	1024	0	1.360302e-01	9.498144e-02	0.0657653809,0.0782914236,-0.118870623,0.0832387805	0.0129023939,0.063454777,-0.131248742,0.0916325897
p4	1	737	attn_post_norm-22	22	1024	0	1.365661e-01	6.608705e-01	0.318150192,0.546447217,-0.814900994,0.469159693	0.0622970238,0.442038894,-0.898023307,0.515474379
p4	1	738	ffn_out-22	22	1024	0	1.524753e-01	4.909230e-02	-0.773885369,-0.0230498072,-0.0728940591,0.182099581	-0.80239737,-0.0229480043,-0.0900531411,0.200475767
p4	1	739	l_out-22	22	1024	0	1.369116e-01	1.077283e-01	-0.708119988,0.0552416146,-0.191764683,0.265338361	-0.789494991,0.0405067727,-0.221301883,0.292108357
p4	1	740	attn_norm-23	23	1024	0	1.336505e-01	5.727286e-01	-3.16146874,0.315798074,-1.13279724,1.27943146	-3.52466679,0.231556728,-1.30723989,1.40847015
p4	1	741	attn_pregate-23	23	2048	0	3.195898e-02	1.004538e+00	-6.31631756,-0.0749161392,-0.405030072,0.0232571885	-6.25940132,-0.0661756173,-0.439923406,-0.0535651743
p4	1	742	attn_gated-23	23	2048	0	8.167245e-02	3.057408e-01	-0.379436702,-0.0140625313,-0.0674690828,0.00560778426	-0.362056971,-0.0132051641,-0.0756910965,-0.0138914641
p4	1	743	attn_output-23	23	1024	0	1.018681e-01	5.374268e-02	0.572911024,-0.0929155201,-0.0119276941,0.107175887	0.54041326,-0.0905427933,-0.0329307318,0.104199991
p4	1	744	attn_residual-23	23	1024	0	1.437111e-01	1.138728e-01	-0.135208964,-0.0376739055,-0.203692377,0.372514248	-0.249081731,-0.0500360206,-0.254232615,0.396308362
p4	1	745	attn_post_norm-23	23	1024	0	1.433702e-01	5.835752e-01	-0.625665605,-0.210736528,-1.04827797,1.79333711	-1.15456557,-0.280363798,-1.31060827,1.91113877
p4	1	746	ffn_out-23	23	1024	0	1.499240e-01	1.192273e-01	-0.207013339,-0.0272767916,-0.115659617,-0.0819570795	-0.240095392,0.00183086097,-0.123848632,-0.0863012075
p4	1	747	l_out-23	23	1024	0	1.496777e-01	1.469548e-01	-0.342222303,-0.0649506971,-0.319352001,0.290557176	-0.489177108,-0.0482051596,-0.378081262,0.310007155
p4	1	748	result_norm	-1	1024	0	1.497406e-01	2.226383e+00	-0.287202179,-0.918035805,-4.38217926,4.44907284	-0.410880834,-0.681929767,-5.19249344,4.75094461
p4	1	749	result_output	-1	248320	0	1.321705e-01	2.040648e+00	4.88982105,5.59596395,7.5546093,2.06305313	5.07380915,6.11317348,7.99910975,2.76762748
p4	2	750	model.input_embed	-1	1024	1024	0.000000e+00	0.000000e+00	0.0146448612,-0.0175738335,-0.0312423706,0.024408102	0.0146448612,-0.0175738335,-0.0312423706,0.024408102
p4	2	751	attn_norm-0	0	1024	1024	0.000000e+00	0.000000e+00	1.29330158,-1.00483465,-2.1177814,1.88185501	1.29330158,-1.00483465,-2.1177814,1.88185501
p4	2	752	conv_output_silu-0	0	6144	5417	4.191237e-08	1.192093e-07	-0.00736192241,0.000527896977,-0.00319354748,-0.277904302	-0.00736192241,0.000527896977,-0.00319354748,-0.277904272
p4	2	753	q_conv_predelta-0	0	2048	543	1.331760e-07	1.192093e-07	-0.00870267767,0.000624037697,-0.00377515727,-0.328516334	-0.00870267861,0.000624037813,-0.00377515773,-0.328516334
p4	2	754	k_conv_predelta-0	0	2048	516	1.066392e-07	1.192093e-07	-0.0242358707,-0.0255167447,-0.0529923737,0.00397556415	-0.0242358651,-0.0255167447,-0.05299237,0.00397556415
p4	2	755	v_conv_predelta-0	0	2048	1893	3.117753e-08	5.960464e-08	-0.0266879387,0.00295418175,0.00922870077,-0.00507568289	-0.0266879369,0.00295418175,0.00922870077,-0.00507568289
p4	2	756	a_softplus-0	0	16	16	0.000000e+00	0.000000e+00	5.45917463,5.97220715e-05,4.10071552e-05,5.77334023	5.45917463,5.97220715e-05,4.10071552e-05,5.77334023
p4	2	757	gate-0	0	16	16	0.000000e+00	0.000000e+00	-7.06469679,-7.83383075e-06,-4.89760623e-06,-3.27672529	-7.06469679,-7.83383075e-06,-4.89760623e-06,-3.27672529
p4	2	758	beta_sigmoid-0	0	16	16	0.000000e+00	0.000000e+00	0.419071883,0.505235493,0.658482194,0.997189343	0.419071883,0.505235493,0.658482194,0.997189343
p4	2	759	state_predelta-0	0	262144	93796	1.098413e-07	1.192093e-07	-0.000227077442,-0.000718736555,0.000473905733,1.55089856e-05	-0.000227077457,-0.000718736614,0.00047390585,1.55089856e-05
p4	2	760	new_state-0	0	262144	78093	1.110518e-07	1.192093e-07	0.000270864082,0.000284769339,0.000593080942,-4.44501384e-05	0.000270863995,0.00028476931,0.000593080826,-4.44501347e-05
p4	2	761	attn_output-0	0	2048	371	2.805936e-07	1.490116e-08	-1.09099019e-05,1.25032614e-06,3.77172864e-06,-2.25226472e-06	-1.09098983e-05,1.25032579e-06,3.77173023e-06,-2.25226404e-06
p4	2	762	z-0	0	2048	2048	0.000000e+00	0.000000e+00	-0.211147919,1.16224277,0.118394732,-1.16109598	-0.211147919,1.16224277,0.118394732,-1.16109598
p4	2	763	final_output-0	0	2048	381	1.813906e-07	4.768372e-07	0.000992439804,0.00109589868,0.000219341367,0.000576294144	0.000992439454,0.00109589833,0.000219341484,0.000576293969
p4	2	764	linear_attn_out-0	0	1024	46	8.656485e-07	1.117587e-07	-0.569723129,0.0173203051,-0.0036073029,-0.0111208521	-0.569723129,0.0173203163,-0.00360729173,-0.0111208297
p4	2	765	attn_residual-0	0	1024	53	8.683413e-07	1.117587e-07	-0.555078268,-0.000253528357,-0.0348496735,0.01328725	-0.555078268,-0.000253517181,-0.0348496623,0.0132872723
p4	2	766	attn_post_norm-0	0	1024	59	1.015693e-06	3.639609e-06	-10.3263655,-0.00865169428,-1.22373569,0.457186103	-10.3263655,-0.00865131244,-1.22373533,0.457186878
p4	2	767	ffn_out-0	0	1024	86	3.037749e-07	2.980232e-08	0.11410664,0.00147140212,0.0517498851,0.0101103634	0.114106618,0.00147140678,0.0517498851,0.0101103727
p4	2	768	l_out-0	0	1024	35	8.322017e-07	1.182780e-07	-0.440971613,0.00121787377,0.0169002116,0.0233976133	-0.440971643,0.0012178896,0.0169002227,0.023397645
p4	2	769	attn_norm-1	1	1024	49	8.792122e-07	4.649162e-06	-14.0991964,0.0504563041,0.669730663,0.994151056	-14.0991974,0.0504569672,0.66973114,0.994152367
p4	2	770	conv_output_silu-1	1	6144	430	3.980876e-07	4.768372e-07	0.000754745561,0.0112860193,-0.0767942518,-0.256346166	0.000754735491,0.0112860259,-0.0767942816,-0.256346136
p4	2	771	q_conv_predelta-1	1	2048	155	3.312449e-07	2.980232e-07	0.000825167459,0.0123390667,-0.0839595795,-0.280264676	0.000825156632,0.012339076,-0.0839596242,-0.280264705
p4	2	772	k_conv_predelta-1	1	2048	98	5.659373e-07	3.874302e-07	-0.151810557,0.267190456,0.0324466638,-0.0100454073	-0.151810527,0.267190516,0.0324466377,-0.0100454083
p4	2	773	v_conv_predelta-1	1	2048	121	3.057351e-07	2.980232e-07	0.0826812461,-0.199749693,0.00618921407,-0.000436914619	0.0826811865,-0.199749753,0.0061892299,-0.000436919276
p4	2	774	a_softplus-1	1	16	16	0.000000e+00	0.000000e+00	0.031938158,0.547971189,0.964391351,1.52653933	0.031938158,0.547971189,0.964391351,1.52653933
p4	2	775	gate-1	1	16	16	0.000000e+00	0.000000e+00	-0.00572619587,-0.591053367,-1.10460091,-0.461945117	-0.00572619587,-0.591053367,-1.10460091,-0.461945117
p4	2	776	beta_sigmoid-1	1	16	16	0.000000e+00	0.000000e+00	0.955069661,0.653619409,0.303909153,0.687873721	0.955069661,0.653619409,0.303909153,0.687873721
p4	2	777	state_predelta-1	1	262144	9373	3.657251e-07	3.874302e-07	-0.00371669489,0.0592798479,0.00459275721,0.0010585055	-0.00371670583,0.0592798665,0.00459276326,0.00105850759
p4	2	778	new_state-1	1	262144	9077	3.781524e-07	4.172325e-07	-0.00684722699,0.0644885376,0.0052401619,0.000843907939	-0.00684722094,0.0644885302,0.00524016377,0.000843911024
p4	2	779	attn_output-1	1	2048	100	3.165568e-07	3.725290e-09	0.00162343599,-0.000979073346,0.0002306237,2.49180921e-05	0.00162343669,-0.000979074626,0.000230623889,2.49180794e-05
p4	2	780	z-1	1	2048	282	2.347531e-07	1.907349e-06	-4.57112598,-5.79239702,-0.153953493,-0.344445765	-4.57112646,-5.79239845,-0.153953671,-0.344445586
p4	2	781	final_output-1	1	2048	55	5.219001e-07	3.427267e-07	-0.0608462691,0.0137800993,-0.0143499868,-0.00343575026	-0.0608462766,0.0137801003,-0.0143500129,-0.0034357463
p4	2	782	linear_attn_out-1	1	1024	115	5.960516e-07	5.960464e-08	-0.282230616,-0.00302366912,0.0237395167,0.0154010206	-0.282230675,-0.0030236952,0.0237395167,0.0154010169
p4	2	783	attn_residual-1	1	1024	47	7.276234e-07	1.220033e-07	-0.723202229,-0.00180579536,0.0406397283,0.038798634	-0.723202348,-0.0018058056,0.0406397395,0.03879866
p4	2	784	attn_post_norm-1	1	1024	55	8.291592e-07	3.293157e-06	-11.8394833,-0.0465689227,1.05877221,1.0671525	-11.8394842,-0.0465691835,1.05877244,1.0671531
p4	2	785	ffn_out-1	1	1024	96	3.001338e-07	2.980232e-08	0.126982659,0.0017410703,0.0259835739,0.0225349143	0.126982689,0.00174106471,0.0259835795,0.0225349162
p4	2	786	l_out-1	1	1024	35	7.135892e-07	1.192093e-07	-0.59621954,-6.47250563e-05,0.0666233003,0.0613335483	-0.596219659,-6.47408888e-05,0.0666233152,0.0613335744
p4	2	787	attn_norm-2	2	1024	47	7.373740e-07	3.874302e-06	-16.2136707,-0.00215617334,2.14297557,2.06925368	-16.2136726,-0.00215670047,2.14297557,2.0692544
p4	2	788	conv_output_silu-2	2	6144	839	2.577875e-07	5.960464e-07	0.0290282983,-0.0435350984,-0.0272603706,-0.0034311472	0.0290283002,-0.0435351171,-0.0272603892,-0.00343115116
p4	2	789	q_conv_predelta-2	2	2048	199	2.802115e-07	2.980232e-07	0.0192410462,-0.0288566984,-0.0180691984,-0.00227429322	0.0192410517,-0.0288567171,-0.0180692133,-0.00227429625
p4	2	790	k_conv_predelta-2	2	2048	217	2.937530e-07	2.682209e-07	0.0112831658,-0.077574335,-0.0100146458,-0.175012082	0.0112831835,-0.0775743425,-0.0100146392,-0.175012276
p4	2	791	v_conv_predelta-2	2	2048	282	2.153249e-07	2.682209e-07	0.0111495405,-0.0217262246,-0.00473933388,-0.0457938723	0.0111495312,-0.0217262264,-0.00473933248,-0.0457938723
p4	2	792	a_softplus-2	2	16	16	0.000000e+00	0.000000e+00	0.324832141,0.0373852327,0.0678739175,0.265272915	0.324832141,0.0373852327,0.0678739175,0.265272915
p4	2	793	gate-2	2	16	16	0.000000e+00	0.000000e+00	-0.291604489,-0.0105449893,-0.0202208515,-0.173291981	-0.291604489,-0.0105449893,-0.0202208515,-0.173291981
p4	2	794	beta_sigmoid-2	2	16	16	0.000000e+00	0.000000e+00	0.262896419,0.675542355,0.908065856,0.396714151	0.262896419,0.675542355,0.908065856,0.396714151
p4	2	795	state_predelta-2	2	262144	14182	3.748840e-07	8.344650e-07	-0.00100830896,4.57183851e-05,0.000460988813,0.00256952038	-0.00100830849,4.57182614e-05,0.000460988755,0.00256951922
p4	2	796	new_state-2	2	262144	16975	3.600456e-07	8.344650e-07	-0.000723901379,-0.000167770035,0.000318320177,0.0014640427	-0.00072390103,-0.000167769962,0.000318320177,0.00146404176
p4	2	797	attn_output-2	2	2048	132	4.682722e-07	3.725290e-08	4.17143809e-07,-5.80546021e-06,1.33832009e-06,1.67552807e-05	4.1714938e-07,-5.80547248e-06,1.33832305e-06,1.67553026e-05
p4	2	798	z-2	2	2048	420	1.723326e-07	1.430511e-06	-0.129029632,-0.221824884,0.000503242016,0.0698781013	-0.129029632,-0.221824646,0.000503361225,0.0698782206
p4	2	799	final_output-2	2	2048	94	3.403436e-07	4.768372e-07	-2.57307856e-05,0.000380302867,3.07843663e-07,0.000591723016	-2.57311258e-05,0.000380303332,3.07917333e-07,0.000591724762
p4	2	800	linear_attn_out-2	2	1024	65	4.880313e-07	5.960464e-08	-0.287902385,-0.00235810876,-0.0107225571,0.0102320518	-0.287902325,-0.00235811248,-0.0107225496,0.0102320481
p4	2	801	attn_residual-2	2	1024	40	6.203469e-07	1.396984e-07	-0.884121895,-0.00242283382,0.0559007451,0.0715655982	-0.884122014,-0.00242285337,0.0559007674,0.0715656206
p4	2	802	attn_post_norm-2	2	1024	40	6.893367e-07	3.159046e-06	-12.3125095,-0.0529914983,1.24111044,1.58392501	-12.3125095,-0.0529919192,1.24111068,1.58392537
p4	2	803	ffn_out-2	2	1024	105	2.382953e-07	1.192093e-07	0.53694129,0.000252663158,0.00051677553,-0.0237415731	0.536941171,0.000252658501,0.000516778789,-0.0237415824
p4	2	804	l_out-2	2	1024	37	7.626543e-07	2.384186e-07	-0.347180605,-0.00217017066,0.0564175211,0.0478240252	-0.347180843,-0.00217019487,0.0564175472,0.0478240401
p4	2	805	attn_norm-3	3	1024	48	7.551242e-07	5.722046e-06	-9.03249264,-0.0674026608,1.58385587,1.41590667	-9.03249836,-0.0674034059,1.58385658,1.41590691
p4	2	806	attn_pregate-3	3	2048	0	9.631089e-04	3.116488e-03	0.249600902,-0.0437856503,0.374916703,0.137522116	0.249577224,-0.0436706617,0.374899626,0.137920022
p4	2	807	attn_gated-3	3	2048	0	7.771931e-04	6.003678e-04	0.0203364212,-0.00325910677,0.0417813547,0.0132462336	0.0203345083,-0.00325054908,0.0417794771,0.0132845687
p4	2	808	attn_output-3	3	1024	0	5.848279e-03	4.866421e-04	-0.308658093,0.0152899213,-0.0117371427,0.00418997975	-0.309144735,0.0155797545,-0.0119046448,0.00403060298
p4	2	809	attn_residual-3	3	1024	0	2.631628e-03	4.868507e-04	-0.655838728,0.0131197507,0.0446803793,0.0520140044	-0.656325579,0.0134095596,0.0445129015,0.051854644
p4	2	810	attn_post_norm-3	3	1024	0	2.953481e-03	1.134044e-02	-9.78358555,0.293097943,1.02817082,1.2073133	-9.78969955,0.299537212,1.02419674,1.20347309
p4	2	811	ffn_out-3	3	1024	0	1.823515e-02	2.723992e-03	-0.0230578482,0.00889368728,0.014295429,-0.0158676431	-0.0257818401,0.00927584618,0.0134390816,-0.0157760307
p4	2	812	l_out-3	3	1024	0	9.614814e-03	3.210902e-03	-0.678896546,0.022013437,0.0589758083,0.0361463614	-0.682107449,0.0226854049,0.0579519831,0.0360786133
p4	2	813	attn_norm-4	4	1024	0	1.010703e-02	7.810116e-02	-15.7536421,0.673735142,1.68223441,1.13414824	-15.8317432,0.694458783,1.6534059,1.13227963
p4	2	814	conv_output_silu-4	4	6144	1	7.857673e-03	2.556205e-02	0.179566458,0.00419321889,-0.0165612213,0.00295572635	0.176675335,0.00388118415,-0.0173039474,0.00378754921
p4	2	815	q_conv_predelta-4	4	2048	0	1.492771e-02	9.750873e-03	0.144490153,0.00337412022,-0.0133261709,0.00237835804	0.142063767,0.00312084123,-0.0139140189,0.00304554962
p4	2	816	k_conv_predelta-4	4	2048	0	1.554925e-02	1.275448e-02	-0.0122678922,-0.00481785554,0.0704249442,-0.00733254384	-0.0124129578,-0.00763629377,0.0705553964,-0.00733320368
p4	2	817	v_conv_predelta-4	4	2048	0	3.528831e-03	1.364819e-02	0.128320903,0.00748387305,0.00135920197,0.0158732925	0.130621925,0.00730382791,0.00181938184,0.0165704712
p4	2	818	a_softplus-4	4	16	0	1.152396e-02	2.366436e-02	0.442889154,1.61719203,0.0485270284,1.57385647	0.444785267,1.60995138,0.0477181375,1.55019212
p4	2	819	gate-4	4	16	0	1.260638e-02	2.724385e-02	-0.184623659,-1.57126772,-0.015269706,-0.826130688	-0.185414076,-1.56423271,-0.0150151774,-0.81370908
p4	2	820	beta_sigmoid-4	4	16	0	3.704886e-03	7.226169e-03	0.734472513,0.903905451,0.654153109,0.748869002	0.733313024,0.904688299,0.649710238,0.750249326
p4	2	821	state_predelta-4	4	262144	2	2.354955e-03	1.683950e-02	-0.000104293904,0.00693754852,-0.00506160082,0.00145295623	-0.000104054539,0.00687062368,-0.00509631913,0.00145543995
p4	2	822	new_state-4	4	262144	0	3.663696e-03	3.654802e-02	-0.00148247345,0.00521985255,0.00380419428,0.00037376309	-0.00152124232,0.00482517155,0.00392158981,0.000361485931
p4	2	823	attn_output-4	4	2048	0	1.612583e-03	3.346130e-04	0.00016805678,2.43578997e-05,-1.47841865e-05,4.34904214e-05	0.000177381575,2.39332221e-05,-1.3301742e-05,4.51798987e-05
p4	2	824	z-4	4	2048	0	9.789011e-03	6.576824e-02	-0.492414534,0.692986608,-0.343007445,-0.0730923265	-0.513688087,0.685228586,-0.352540433,-0.0853201598
p4	2	825	final_output-4	4	2048	0	2.207051e-02	1.701427e-02	-0.0272556655,0.0117509328,0.00174553203,-0.00143656542	-0.0296135377,0.0113864448,0.00160504715,-0.00173087826
p4	2	826	linear_attn_out-4	4	1024	0	3.696785e-02	2.620140e-03	-0.127001241,-0.00847594813,0.00245629367,0.0223390609	-0.129367933,-0.00838509481,0.00334869209,0.0235276893
p4	2	827	attn_residual-4	4	1024	0	1.405227e-02	5.577624e-03	-0.805897772,0.0135374889,0.0614321008,0.0584854223	-0.811475396,0.0143003101,0.0613006763,0.0596063025
p4	2	828	attn_post_norm-4	4	1024	0	1.615461e-02	8.177567e-02	-12.0453644,0.295687616,1.31962943,1.32284319	-12.12714,0.312308311,1.31663346,1.34801877
p4	2	829	ffn_out-4	4	1024	0	3.728899e-02	5.257238e-03	-0.0101391897,-0.0220173504,-0.00978918746,-0.0296616852	-0.00488195196,-0.0221772976,-0.00972043257,-0.0304555502
p4	2	830	l_out-4	4	1024	0	1.747325e-02	2.710264e-03	-0.81603694,-0.00847986154,0.0516429134,0.0288237371	-0.816357374,-0.00787698757,0.0515802428,0.0291507524
p4	2	831	attn_norm-5	5	1024	0	1.917818e-02	7.821882e-02	-17.9184494,-0.250756741,1.42030537,0.892089009	-17.9412613,-0.233134225,1.4198302,0.90300405
p4	2	832	conv_output_silu-5	5	6144	0	1.571594e-02	3.277719e-02	0.119516663,-0.0180646125,0.0220067538,-0.163793743	0.110890061,-0.017935887,0.0215879418,-0.161137626
p4	2	833	q_conv_predelta-5	5	2048	0	1.999319e-02	1.518074e-02	0.0768497884,-0.0116156321,0.0141504481,-0.105320156	0.071106948,-0.0115011763,0.013843013,-0.103327602
p4	2	834	k_conv_predelta-5	5	2048	0	2.173010e-02	2.104217e-02	-0.0113886008,-0.00239177304,-0.275179833,0.0471387431	-0.0112351598,-0.00204019505,-0.274276078,0.0492968634
p4	2	835	v_conv_predelta-5	5	2048	0	1.020204e-02	2.220178e-02	-0.0517397262,-0.0158953108,0.0228105877,0.00105127099	-0.0513236374,-0.0161368661,0.0220260154,0.000708458188
p4	2	836	a_softplus-5	5	16	0	2.160879e-02	1.472503e-02	0.150004312,0.0464086607,0.103089914,0.0111760097	0.144592315,0.0465551168,0.0999149308,0.0113945436
p4	2	837	gate-5	5	16	0	3.206019e-02	1.597810e-02	-0.114563912,-0.00563000934,-0.0262696445,-0.004677088	-0.110430561,-0.00564777665,-0.025460586,-0.00476854341
p4	2	838	beta_sigmoid-5	5	16	0	3.179134e-03	5.500853e-03	0.975458562,0.67536658,0.886795163,0.677951396	0.975149691,0.677502751,0.888128042,0.673784852
p4	2	839	state_predelta-5	5	262144	2	4.812966e-03	1.237297e-02	-1.49473738e-06,2.77657127e-05,-0.000689413107,8.43098678e-05	-1.42279225e-06,2.7573542e-05,-0.000690473593,8.31886646e-05
p4	2	840	new_state-5	5	262144	1	7.666912e-03	1.191235e-02	0.000586853654,0.000148288018,0.0135974139,-0.00235938886	0.00057425577,0.00012920126,0.0134317214,-0.00245077908
p4	2	841	attn_output-5	5	2048	0	1.186474e-02	6.942712e-04	-0.000235042884,-8.02426002e-05,8.82149179e-05,1.78783666e-05	-0.00023575699,-8.19901034e-05,8.55586404e-05,1.60574964e-05
p4	2	842	z-5	5	2048	0	1.628869e-02	1.042438e-01	1.34627819,1.35624397,0.137592167,1.75746822	1.35418868,1.35050035,0.0991300344,1.79658711
p4	2	843	final_output-5	5	2048	0	3.849950e-02	3.561980e-02	-0.230522528,-0.0765380934,0.00607682392,0.0248558577	-0.232865214,-0.0777501315,0.00416844478,0.0229413901
p4	2	844	linear_attn_out-5	5	1024	0	4.472799e-02	3.832910e-03	-0.117525734,0.00539549254,0.00317811035,0.0349283144	-0.115184963,0.00595879741,0.00228516385,0.0356548801
p4	2	845	attn_residual-5	5	1024	0	2.148725e-02	4.368395e-03	-0.933562696,-0.003084369,0.0548210219,0.0637520552	-0.931542337,-0.00191819016,0.0538654067,0.0648056343
p4	2	846	attn_post_norm-5	5	1024	0	2.627592e-02	9.591112e-02	-12.7750578,-0.0634444132,1.07107699,1.37991118	-12.7556648,-0.0394820645,1.05308783,1.40362406
p4	2	847	ffn_out-5	5	1024	0	5.535128e-02	4.106265e-03	0.143192843,0.0133825447,0.00733657647,-0.0147227701	0.143257618,0.0118230777,0.00781986583,-0.0144786239
p4	2	848	l_out-5	5	1024	0	2.391363e-02	5.116140e-03	-0.790369868,0.0102981757,0.0621575974,0.0490292832	-0.788284719,0.00990488753,0.0616852716,0.0503270105
p4	2	849	attn_norm-6	6	1024	0	2.645201e-02	1.461907e-01	-16.6706181,0.281461865,1.64260626,1.41950846	-16.6497135,0.271088541,1.6323868,1.45910287
p4	2	850	conv_output_silu-6	6	6144	0	2.689122e-02	4.760194e-02	0.0268836692,-0.109166548,0.010444738,-0.199841782	0.0292200055,-0.11828237,0.0114127491,-0.19806473
p4	2	851	q_conv_predelta-6	6	2048	0	2.823360e-02	2.384640e-02	0.016475305,-0.0669012964,0.00640092138,-0.122470424	0.0179653242,-0.0727235004,0.0070168958,-0.121776059
p4	2	852	k_conv_predelta-6	6	2048	0	2.998661e-02	2.416769e-02	-0.0185271036,0.00400366588,-0.0266050603,0.0559843257	-0.0181843527,0.00452500675,-0.0292544346,0.0550523959
p4	2	853	v_conv_predelta-6	6	2048	0	2.201608e-02	1.664343e-02	-0.00635687308,0.00382383866,-0.00223655091,-0.00205801963	-0.00674945861,0.00408184994,-0.00256368658,-0.00154452538
p4	2	854	a_softplus-6	6	16	0	9.183007e-03	2.660733e-02	0.549684227,0.0872110352,0.873370886,0.159713417	0.523076892,0.0858664215,0.867573082,0.160757661
p4	2	855	gate-6	6	16	0	1.028449e-02	4.845560e-03	-0.100104935,-0.0648097396,-0.266363084,-0.0885473415	-0.0952593759,-0.063810505,-0.264594853,-0.0891262814
p4	2	856	beta_sigmoid-6	6	16	0	2.416833e-03	5.574226e-03	0.923564374,0.96645242,0.740914285,0.949472427	0.923270404,0.96679759,0.738156974,0.949962199
p4	2	857	state_predelta-6	6	262144	0	7.182768e-03	5.542099e-03	5.58014435e-05,-5.24543684e-05,0.000128119354,-0.000154647554	5.52817801e-05,-5.24909992e-05,0.000128144689,-0.000153057175
p4	2	858	new_state-6	6	262144	0	1.824743e-02	9.875074e-03	0.000141244222,-6.70703594e-05,0.000246244599,-0.000414165319	0.000146056045,-7.15597853e-05,0.000270616933,-0.000429172505
p4	2	859	attn_output-6	6	2048	0	2.129025e-02	2.467693e-04	-4.31563676e-05,4.17210322e-05,-1.67432154e-05,-1.41184955e-05	-4.5484845e-05,4.28769999e-05,-1.86461002e-05,-1.10231204e-05
p4	2	860	z-6	6	2048	0	1.620696e-02	9.760857e-02	0.764813185,0.615757227,1.15117931,1.08153975	0.760267496,0.597340107,1.17079711,1.06969249
p4	2	861	final_output-6	6	2048	0	4.529328e-02	6.102797e-02	-0.0183359962,0.01560333,-0.0135410763,-0.0113664679	-0.0191876404,0.015459259,-0.0154129257,-0.00875309668
p4	2	862	linear_attn_out-6	6	1024	0	4.729445e-02	5.187742e-03	0.114264369,0.00926351454,-0.0160053931,-0.0108964518	0.115973026,0.00990501139,-0.0122945299,-0.0136287976
p4	2	863	attn_residual-6	6	1024	0	3.160807e-02	6.443610e-03	-0.676105499,0.0195616893,0.0461522043,0.0381328315	-0.672311664,0.019809898,0.0493907407,0.0366982147
p4	2	864	attn_post_norm-6	6	1024	0	3.432105e-02	1.241854e-01	-10.0837774,0.357385814,0.832357466,0.712779224	-10.0351229,0.362206668,0.891468942,0.686505795
p4	2	865	ffn_out-6	6	1024	0	5.378886e-02	5.293511e-03	0.183767825,0.0136220856,-0.0280249976,0.0370744355	0.183665365,0.0131768659,-0.0291581415,0.0382165015
p4	2	866	l_out-6	6	1024	0	3.401197e-02	7.586619e-03	-0.492337674,0.0331837758,0.0181272067,0.0752072632	-0.488646299,0.0329867639,0.0202325992,0.0749147162
p4	2	867	attn_norm-7	7	1024	0	3.355883e-02	1.397303e-01	-8.16299725,0.584665179,0.32982263,1.58962464	-8.12172699,0.582623959,0.369035691,1.5873369
p4	2	868	attn_pregate-7	7	2048	0	3.131278e-02	1.435661e-01	0.130815998,-0.151437744,0.922815919,-0.224278092	0.168052927,-0.146104857,0.915309072,-0.225276574
p4	2	869	attn_gated-7	7	2048	0	3.547469e-02	2.757585e-02	0.0266409144,-0.0392240472,0.279590189,-0.0364061669	0.0346799418,-0.0381971747,0.274545968,-0.0365682319
p4	2	870	attn_output-7	7	1024	0	5.564782e-02	5.861767e-03	-0.0750476941,-0.000687003136,0.00784670562,-0.0601437986	-0.0691859275,-4.27449122e-05,0.00807089172,-0.0601834245
p4	2	871	attn_residual-7	7	1024	0	3.732787e-02	9.553134e-03	-0.567385375,0.0324967727,0.0259739123,0.0150634646	-0.557832241,0.0329440199,0.028303491,0.0147312917
p4	2	872	attn_post_norm-7	7	1024	0	4.149290e-02	1.845145e-01	-7.27478313,0.606748402,0.467632294,0.29264757	-7.17216015,0.616807163,0.51098901,0.286989033
p4	2	873	ffn_out-7	7	1024	0	6.738202e-02	7.238442e-03	-0.217620313,0.0290186368,0.0162972622,-0.0350139998	-0.220344365,0.0302931778,0.0146484273,-0.0330391452
p4	2	874	l_out-7	7	1024	0	3.636824e-02	8.196786e-03	-0.785005689,0.0615154095,0.0422711745,-0.0199505351	-0.778176606,0.0632371977,0.0429519191,-0.0183078535
p4	2	875	attn_norm-8	8	1024	0	3.965173e-02	2.160616e-01	-15.8336172,1.46783888,0.915304482,-0.511552274	-15.755969,1.51470029,0.933605611,-0.471229583
p4	2	876	conv_output_silu-8	8	6144	0	1.448417e-02	4.772657e-02	0.0114461072,-0.00995551888,0.00154008577,-0.0134663703	0.0106965797,-0.00929503888,0.00132734212,-0.00931568444
p4	2	877	q_conv_predelta-8	8	2048	0	3.437092e-02	2.009698e-02	0.00681158435,-0.00592453498,0.000916505931,-0.00801384449	0.00646988489,-0.00562215503,0.000802850176,-0.00563464267
p4	2	878	k_conv_predelta-8	8	2048	0	4.284121e-02	2.472353e-02	0.0220129713,0.0825768039,0.0772805363,-0.0107841687	0.022148842,0.0970727727,0.0767271519,-0.0103018712
p4	2	879	v_conv_predelta-8	8	2048	0	5.709381e-03	4.772657e-02	-0.0772742182,-0.0154847037,-0.0238032807,0.0538599826	-0.076941371,-0.015984565,-0.0228133108,0.0549214408
p4	2	880	a_softplus-8	8	16	0	1.860704e-02	2.627254e-02	0.280390203,0.0896735191,0.0067262426,0.0508012548	0.287805378,0.094359003,0.00680995546,0.0523648821
p4	2	881	gate-8	8	16	0	1.628878e-02	9.515285e-03	-0.0984262154,-0.0254919585,-0.00200386764,-0.00766984234	-0.101029187,-0.0268239249,-0.0020288073,-0.00790591445
p4	2	882	beta_sigmoid-8	8	16	0	5.519684e-03	7.577002e-03	0.787186444,0.583560526,0.446135253,0.680851579	0.786476374,0.588795483,0.453712255,0.685601234
p4	2	883	state_predelta-8	8	262144	0	1.391893e-02	4.865682e-02	0.00319909491,-0.00759682897,0.00447117444,-0.00280695222	0.0031612129,-0.00748799508,0.0044046985,-0.00278191292
p4	2	884	new_state-8	8	262144	0	1.873863e-02	4.479903e-02	0.00140919338,-0.0124742277,-0.001178951,-0.00181387074	0.00137042871,-0.0132856481,-0.00116981473,-0.00182295009
p4	2	885	attn_output-8	8	2048	0	8.260909e-03	8.115470e-04	-0.000110476198,-1.36163326e-05,-2.0674388e-05,6.19146085e-05	-0.000105913146,-1.39132035e-05,-1.91366107e-05,6.22310108e-05
p4	2	886	z-8	8	2048	0	1.851115e-02	1.302987e-01	-0.274884403,1.03046012,0.462452769,-0.11809057	-0.270804584,1.0469408,0.472529829,-0.105055124
p4	2	887	final_output-8	8	2048	0	4.095082e-02	2.877486e-02	0.0120839067,-0.0067375889,-0.00588240661,-0.00260043913	0.0114405882,-0.00702556688,-0.00558576919,-0.002341524
p4	2	888	linear_attn_out-8	8	1024	0	6.869131e-02	4.552240e-03	0.168411642,-0.0495535061,0.0209092498,0.00407937542	0.172192752,-0.0477568395,0.0229938589,0.00489805266
p4	2	889	attn_residual-8	8	1024	0	3.998127e-02	1.061022e-02	-0.616594076,0.0119619034,0.0631804243,-0.0158711597	-0.605983853,0.0154803582,0.0659457743,-0.0134098008
p4	2	890	attn_post_norm-8	8	1024	0	4.542729e-02	1.524434e-01	-7.98927212,0.224778399,1.14651787,-0.327038944	-7.87692308,0.291825324,1.20052981,-0.277204841
p4	2	891	ffn_out-8	8	1024	0	6.705838e-02	1.056393e-02	0.0188042708,0.00215061475,-0.0104096401,0.0169384032	0.00824033655,0.00100084348,-0.0107991183,0.0177902728
p4	2	892	l_out-8	8	1024	0	4.131259e-02	8.329645e-03	-0.597789824,0.0141125182,0.052770786,0.00106724352	-0.597743511,0.0164812021,0.0551466569,0.004380472
p4	2	893	attn_norm-9	9	1024	0	4.582183e-02	2.127335e-01	-11.6484776,0.334494174,1.23207438,0.0299465414	-11.6396332,0.39037028,1.28666759,0.122830965
p4	2	894	conv_output_silu-9	9	6144	0	3.115232e-02	6.151509e-02	0.0235578883,-0.162181526,-0.247162268,0.136633828	0.0206393432,-0.166826397,-0.24636139,0.141186416
p4	2	895	q_conv_predelta-9	9	2048	0	3.216668e-02	2.714965e-02	0.0165912118,-0.114220254,-0.174070001,0.0962276682	0.0144407097,-0.116723269,-0.172371447,0.0987837687
p4	2	896	k_conv_predelta-9	9	2048	0	4.469111e-02	3.706461e-02	-0.104457244,-0.0233511794,-0.17461662,-0.00713434909	-0.097652562,-0.0229735505,-0.170157567,-0.00782873761
p4	2	897	v_conv_predelta-9	9	2048	0	2.694390e-02	5.567265e-02	-0.00235851156,0.0197247081,0.0126298731,-0.0195243359	-0.00160007575,0.0194837824,0.0115046343,-0.0201416053
p4	2	898	a_softplus-9	9	16	0	2.354708e-02	2.856433e-02	0.0106503423,0.00269799726,0.146946445,0.111496188	0.0104395505,0.00284695299,0.137496769,0.100288004
p4	2	899	gate-9	9	16	0	3.220063e-02	8.925810e-03	-0.00431996956,-0.000367998029,-0.049996011,-0.0206247214	-0.00423446856,-0.000388315093,-0.0467809215,-0.0185514167
p4	2	900	beta_sigmoid-9	9	16	0	9.290644e-03	1.890764e-02	0.941923201,0.308716387,0.575491548,0.244720683	0.943151712,0.309783995,0.579547942,0.239495724
p4	2	901	state_predelta-9	9	262144	0	2.242280e-02	3.572369e-02	-0.000868412142,-0.000613930053,-0.000474657078,5.08167432e-05	-0.000880949141,-0.00062384078,-0.000480272109,4.9358554e-05
p4	2	902	new_state-9	9	262144	0	2.842818e-02	4.861772e-02	-0.000356518314,-0.000497687724,0.00037684181,8.53039674e-05	-0.000477935362,-0.000527268217,0.000217514142,8.11608916e-05
p4	2	903	attn_output-9	9	2048	0	3.296291e-02	1.096115e-04	1.31793684e-06,8.56285405e-05,6.06768226e-05,-0.000111885238	5.17634862e-06,8.46772891e-05,5.54874969e-05,-0.000115238719
p4	2	904	z-9	9	2048	0	2.119220e-02	1.535720e-01	-0.254867196,0.264769107,-0.489326179,0.554365695	-0.277537495,0.24199146,-0.431223422,0.523134828
p4	2	905	final_output-9	9	2048	0	6.789700e-02	1.896334e-02	-0.000158980183,0.0131941913,-0.0120077943,-0.0386629924	-0.000671211572,0.0118057905,-0.0100268265,-0.037144497
p4	2	906	linear_attn_out-9	9	1024	0	8.116945e-02	6.054126e-03	0.0356797688,0.0110964449,-0.00651529711,-0.00335563649	0.029625643,0.010632542,-0.0061993245,-0.00349938706
p4	2	907	attn_residual-9	9	1024	0	4.248713e-02	8.098291e-03	-0.562110066,0.0252089631,0.0462554879,-0.00228839298	-0.568117857,0.0271137431,0.0489473343,0.000881084939
p4	2	908	attn_post_norm-9	9	1024	0	4.859042e-02	1.743211e-01	-7.64634037,0.480260223,0.850844741,-0.0493041836	-7.71509933,0.515681982,0.898849428,0.0189514235
p4	2	909	ffn_out-9	9	1024	0	8.552589e-02	1.308916e-02	-0.12377093,-0.00331624225,-0.00263236463,-0.0175874289	-0.136860088,-0.00372456759,-0.00490238518,-0.0178759452
p4	2	910	l_out-9	9	1024	0	4.553079e-02	1.909691e-02	-0.685881019,0.0218927208,0.0436231233,-0.0198758226	-0.70497793,0.0233891755,0.0440449491,-0.01699486
p4	2	911	attn_norm-10	10	1024	0	4.885288e-02	3.117390e-01	-14.332119,0.476625651,1.01537311,-0.498805851	-14.643858,0.506186962,1.01911557,-0.423977107
p4	2	912	conv_output_silu-10	10	6144	0	3.654482e-02	6.846082e-02	-0.0027794065,-0.00585737964,-0.0065138014,-0.0338060968	-0.00365880504,-0.0053852764,-0.0068404451,-0.0297363978
p4	2	913	q_conv_predelta-10	10	2048	0	3.854754e-02	2.302578e-02	-0.00796053372,-0.0167761948,-0.0186562613,-0.0968244672	-0.0104536843,-0.0153864389,-0.0195440464,-0.0849607736
p4	2	914	k_conv_predelta-10	10	2048	0	4.221357e-02	3.491193e-02	-0.0100482227,0.0662622228,0.233072132,0.00383541035	-0.0119037777,0.0675207227,0.233947992,0.00502936682
p4	2	915	v_conv_predelta-10	10	2048	0	5.251433e-02	1.993300e-02	0.00928807165,0.00585906859,-0.00456026196,0.000693610404	0.00970102567,0.00687229913,-0.00561843812,0.000188632548
p4	2	916	a_softplus-10	10	16	0	7.010967e-03	2.481174e-02	0.0540232025,0.000914393924,3.73865986,0.0773754641	0.0554981269,0.000911773706,3.71384811,0.0765319467
p4	2	917	gate-10	10	16	0	7.170385e-03	7.686257e-03	-0.0413402058,-0.00530324364,-1.15818274,-0.015843071	-0.0424688607,-0.00528804725,-1.15049648,-0.0156703554
p4	2	918	beta_sigmoid-10	10	16	0	6.321672e-03	1.495433e-02	0.764728785,0.570638955,0.956331193,0.764530838	0.749774456,0.571232975,0.957077384,0.765198827
p4	2	919	state_predelta-10	10	262144	0	3.416292e-02	2.658749e-02	-0.000777986657,0.00186613528,0.00325596263,0.000378815021	-0.000726352853,0.00163661269,0.0033814623,0.000360165723
p4	2	920	new_state-10	10	262144	0	4.581177e-02	2.647436e-02	-0.00074633176,0.00178958266,0.00312066101,0.000363417348	-0.000701995043,0.00160170963,0.00335571007,0.000347659108
p4	2	921	attn_output-10	10	2048	0	3.795405e-02	8.384872e-05	-2.55779669e-05,1.06667458e-05,2.48605647e-05,4.71072099e-06	-2.08900801e-05,1.29322643e-05,1.56242004e-05,1.96977703e-06
p4	2	922	z-10	10	2048	0	1.886503e-02	1.900182e-01	2.31479931,0.503755093,0.776431322,0.964372337	2.30041361,0.499202788,0.773490667,0.967495203
p4	2	923	final_output-10	10	2048	0	7.075940e-02	1.905932e-02	-0.0483505726,0.00357257342,0.012862538,0.00335885584	-0.0391941667,0.00428503193,0.00804602075,0.0014103197
p4	2	924	linear_attn_out-10	10	1024	0	8.817883e-02	1.427548e-02	0.11572367,0.0052132206,0.00322291045,-0.00328697963	0.129999146,0.00554343825,0.00408573449,-0.00465319771
p4	2	925	attn_residual-10	10	1024	0	4.378431e-02	8.387156e-03	-0.570157349,0.0271059424,0.0468460321,-0.0231628027	-0.574978769,0.0289326143,0.0481306836,-0.0216480568
p4	2	926	attn_post_norm-10	10	1024	0	4.842824e-02	1.707893e-01	-9.02415085,0.529592633,0.91233319,-0.482030213	-9.08274937,0.564181685,0.935527563,-0.449630708
p4	2	927	ffn_out-10	10	1024	0	7.032449e-02	5.223263e-03	0.149418831,-0.00630713115,0.00743097113,0.0111440923	0.15274024,-0.00664117374,0.00801822543,0.0124487504
p4	2	928	l_out-10	10	1024	0	4.509419e-02	8.149650e-03	-0.420738518,0.0207988117,0.0542770028,-0.0120187104	-0.422238529,0.0222914405,0.056148909,-0.00919930637
p4	2	929	attn_norm-11	11	1024	0	4.664933e-02	1.975291e-01	-7.76579285,0.400407284,1.11590028,-0.272468507	-7.80003881,0.429503739,1.15535688,-0.208727106
p4	2	930	attn_pregate-11	11	2048	0	4.243271e-02	7.901106e-01	0.24328813,0.111819759,0.145025834,-0.0890625194	0.244689435,0.116123609,0.146832138,-0.0879610926
p4	2	931	attn_gated-11	11	2048	0	4.812806e-02	2.485368e-02	0.0111996774,0.00645518256,0.00864079222,-0.00458597159	0.0113322195,0.00693230936,0.00910568424,-0.00450555375
p4	2	932	attn_output-11	11	1024	0	8.358929e-02	4.998073e-03	-0.0864105076,-0.000324540772,-0.00306666084,-0.0276822746	-0.0814124346,-0.00130217616,-0.00155528449,-0.0272899773
p4	2	933	attn_residual-11	11	1024	0	4.771195e-02	8.548155e-03	-0.507149041,0.02047427,0.0512103438,-0.039700985	-0.503650963,0.0209892653,0.0545936227,-0.0364892855
p4	2	934	attn_post_norm-11	11	1024	0	5.298413e-02	1.789201e-01	-7.45052719,0.426724017,1.01847744,-0.850096941	-7.41002846,0.4381015,1.08736277,-0.782476544
p4	2	935	ffn_out-11	11	1024	0	7.417953e-02	6.179226e-03	-0.191261679,0.00711782416,-0.0198731683,0.0399247035	-0.188921958,0.00756920548,-0.0192039944,0.0387514308
p4	2	936	l_out-11	11	1024	0	4.593272e-02	9.773532e-03	-0.698410749,0.0275920946,0.0313371755,0.000223718584	-0.692572951,0.0285584703,0.0353896283,0.00226214528
p4	2	937	attn_norm-12	12	1024	0	4.986803e-02	2.737520e-01	-14.9838123,0.667881966,0.790271521,0.0060269949	-14.8647661,0.691561937,0.892839909,0.0609677806
p4	2	938	conv_output_silu-12	12	6144	0	4.075751e-02	1.202366e-01	0.0165292583,0.0857984051,0.00193813932,-0.0628496334	0.0179880392,0.0841397792,0.00155973143,-0.0545394309
p4	2	939	q_conv_predelta-12	12	2048	0	3.680942e-02	2.440739e-02	0.00765481871,0.0397338606,0.000897566264,-0.0291061178	0.00855008978,0.0399933867,0.000741372816,-0.0259237271
p4	2	940	k_conv_predelta-12	12	2048	0	4.679744e-02	3.028539e-02	0.0269389041,-0.00693112705,0.00928566046,0.0185660124	0.0267973803,-0.00702510122,0.010941226,0.0189335663
p4	2	941	v_conv_predelta-12	12	2048	0	2.914263e-02	8.907294e-02	-0.0202664584,0.012946046,0.00913448073,-0.0147927813	-0.0202258416,0.0127499113,0.0098174978,-0.0145403063
p4	2	942	a_softplus-12	12	16	0	2.431344e-02	7.799417e-03	0.00201153965,0.105921522,0.00329368701,0.00484127225	0.0017807117,0.113720939,0.00319910399,0.00443593785
p4	2	943	gate-12	12	16	0	1.201939e-02	4.602984e-03	-0.000405488769,-0.062511757,-0.000341769948,-0.00137625367	-0.000358958176,-0.0671147406,-0.000331955525,-0.00126102718
p4	2	944	beta_sigmoid-12	12	16	0	1.669198e-02	3.118312e-02	0.785927534,0.943372607,0.416788667,0.422652572	0.778131545,0.942929566,0.411514193,0.406077594
p4	2	945	state_predelta-12	12	262144	0	2.380109e-02	1.015377e-01	-6.46196931e-05,-3.65318692e-06,-7.46387786e-06,-1.37063562e-05	-6.63269238e-05,-3.18244815e-06,-7.81367635e-06,-1.41350811e-05
p4	2	946	new_state-12	12	262144	0	2.641603e-02	9.148312e-02	-0.000456828275,9.72666094e-05,-0.000142661564,-0.000284024922	-0.000451767672,9.78706448e-05,-0.000165193967,-0.0002864782
p4	2	947	attn_output-12	12	2048	0	2.384793e-02	3.288522e-03	-6.19776911e-05,4.10973917e-05,2.44267867e-05,-4.10899738e-05	-6.31920921e-05,4.1336265e-05,2.69886987e-05,-4.11515648e-05
p4	2	948	z-12	12	2048	0	2.218942e-02	2.388946e-01	-0.59115392,-0.150652796,-0.541525126,-0.408674687	-0.590482533,-0.18555963,-0.504508018,-0.353127629
p4	2	949	final_output-12	12	2048	0	5.553584e-02	5.444941e-02	0.0101066325,-0.00232649501,-0.00312014087,0.00536685297	0.0102260225,-0.00280859228,-0.00326446188,0.00476688333
p4	2	950	linear_attn_out-12	12	1024	0	9.692150e-02	6.808706e-03	0.0803230405,-0.0104939239,0.0206487123,-0.00938664842	0.0735143349,-0.0108460542,0.0207268335,-0.00754566863
p4	2	951	attn_residual-12	12	1024	0	4.943373e-02	8.624462e-03	-0.618087709,0.0170981698,0.0519858897,-0.00916292984	-0.619058609,0.0177124161,0.0561164618,-0.00528352335
p4	2	952	attn_post_norm-12	12	1024	0	5.442307e-02	1.805906e-01	-8.44555092,0.361486316,1.00542474,-0.189827845	-8.46508217,0.374749899,1.08611512,-0.109539479
p4	2	953	ffn_out-12	12	1024	0	8.818849e-02	5.801763e-03	0.0715295821,-0.00958773866,-0.00342456624,0.0100697353	0.0667842925,-0.00927598216,-0.00105429068,0.0114098322
p4	2	954	l_out-12	12	1024	0	5.139780e-02	9.002618e-03	-0.546558142,0.00751043111,0.0485613234,0.000906805508	-0.552274346,0.00843643397,0.0550621711,0.00612630881
p4	2	955	attn_norm-13	13	1024	0	5.576791e-02	2.245405e-01	-11.6887207,0.182069153,1.19922042,0.024951892	-11.8422794,0.205059648,1.3633635,0.169019982
p4	2	956	conv_output_silu-13	13	6144	0	3.807912e-02	1.135964e-01	-0.105130233,-0.115855984,0.0191043187,-0.0323795937	-0.0966439024,-0.114943422,0.0190231819,-0.0326509736
p4	2	957	q_conv_predelta-13	13	2048	0	3.946750e-02	2.846724e-02	-0.0583638735,-0.0643183589,0.0106059127,-0.0179757867	-0.0538729727,-0.0640738159,0.0106042428,-0.0182008892
p4	2	958	k_conv_predelta-13	13	2048	0	5.649014e-02	3.102078e-02	-0.00490562851,0.019693749,-0.0833955184,-0.302124232	-0.00407233043,0.0202466641,-0.0765814483,-0.305034071
p4	2	959	v_conv_predelta-13	13	2048	0	5.743402e-02	4.212752e-02	-0.00292080664,0.00279587414,0.00280566234,-0.00235394505	-0.00378296385,0.00234117894,0.00439786678,-0.00292358152
p4	2	960	a_softplus-13	13	16	0	1.028907e-02	1.209611e-02	0.102285787,0.403594464,0.980053723,0.110541806	0.100353241,0.415522903,0.98741287,0.105450146
p4	2	961	gate-13	13	16	0	2.087405e-02	1.372954e-02	-0.0275298469,-0.464534402,-0.492801964,-0.0264619086	-0.0270097088,-0.478263944,-0.49650237,-0.0252430476
p4	2	962	beta_sigmoid-13	13	16	0	4.214959e-03	5.683959e-03	0.872726977,0.946857452,0.668776155,0.914213002	0.878274322,0.950253725,0.673330665,0.916203201
p4	2	963	state_predelta-13	13	262144	0	3.841601e-02	1.351329e-02	3.0004443e-05,-9.41060534e-06,-2.0328258e-05,4.19820281e-05	2.23863281e-05,-7.31794125e-06,-1.5663627e-05,2.99106105e-05
p4	2	964	new_state-13	13	262144	0	5.946911e-02	2.232173e-02	4.08341803e-05,-5.59021064e-05,0.000178179631,0.00075799413	3.47725509e-05,-7.16702416e-05,0.000228899036,0.00100157643
p4	2	965	attn_output-13	13	2048	0	6.066427e-02	1.884254e-04	-1.56770966e-05,8.6619275e-06,1.67140879e-05,-1.27712665e-05	-1.9158877e-05,6.31715648e-06,2.3862267e-05,-1.48867484e-05
p4	2	966	z-13	13	2048	0	2.946985e-02	1.849129e-01	-0.011212796,0.556319118,0.0989540964,0.722174108	-0.032584846,0.485329151,0.0430850685,0.696213007
p4	2	967	final_output-13	13	2048	0	8.545878e-02	3.105306e-02	9.20579478e-05,0.00324986293,0.000915157667,-0.00639425125	0.000323546759,0.0020144484,0.000553959457,-0.0071268715
p4	2	968	linear_attn_out-13	13	1024	0	9.786754e-02	1.254891e-02	-0.0758028924,-0.0175244808,0.0221194383,-0.00163601991	-0.0632539839,-0.0165701844,0.0206870493,0.0010900842
p4	2	969	attn_residual-13	13	1024	0	5.535652e-02	1.099293e-02	-0.622361064,-0.0100140497,0.0706807598,-0.0007292144	-0.615528345,-0.00813375041,0.0757492185,0.00721639302
p4	2	970	attn_post_norm-13	13	1024	0	5.940264e-02	2.266965e-01	-8.74206829,-0.212734967,1.38574612,-0.0142485034	-8.70823669,-0.17403248,1.4957912,0.142018378
p4	2	971	ffn_out-13	13	1024	0	9.050743e-02	1.045794e-02	0.0384963676,0.0245229304,0.0302531756,0.0350153893	0.0344697461,0.0228610877,0.0296896957,0.0351172015
p4	2	972	l_out-13	13	1024	0	5.675829e-02	1.423604e-02	-0.583864689,0.0145088807,0.100933939,0.0342861749	-0.581058621,0.0147273373,0.105438918,0.0423335955
p4	2	973	attn_norm-14	14	1024	0	5.960395e-02	3.350638e-01	-11.4661684,0.321674138,2.07702994,0.819130898	-11.4564714,0.327816874,2.17836833,1.01541662
p4	2	974	conv_output_silu-14	14	6144	0	3.245010e-02	1.351916e-01	0.18725732,0.0115184309,-0.16743733,-0.112737738	0.143060118,0.0115408273,-0.174636513,-0.115158513
p4	2	975	q_conv_predelta-14	14	2048	0	4.557263e-02	4.546461e-02	0.0548346676,0.00337294862,-0.0490307659,-0.0330130532	0.0413672291,0.00333714276,-0.0504978485,-0.0332992077
p4	2	976	k_conv_predelta-14	14	2048	0	5.566098e-02	3.850684e-02	-0.00133542519,-0.043479085,0.0147685567,-0.0163401086	-0.000783083495,-0.0447689258,0.0144210616,-0.0167299937
p4	2	977	v_conv_predelta-14	14	2048	0	4.257504e-02	7.347123e-02	-0.00040607003,0.013618106,0.0168217681,-0.015629366	-0.00385753787,0.0108528361,0.0181615874,-0.0167992972
p4	2	978	a_softplus-14	14	16	0	1.449942e-02	1.209685e-02	0.117821924,0.0480806269,0.202856496,0.00173561077	0.114998035,0.0441092402,0.200482622,0.00157030253
p4	2	979	gate-14	14	16	0	1.464127e-02	3.575824e-03	-0.0370743126,-0.00803507864,-0.134867877,-0.00522221625	-0.036185734,-0.0073713935,-0.13328962,-0.0047248262
p4	2	980	beta_sigmoid-14	14	16	0	9.085996e-03	1.365769e-02	0.565374494,0.440191776,0.90384531,0.756937325	0.579032183,0.427488387,0.910757363,0.756845176
p4	2	981	state_predelta-14	14	262144	0	4.581296e-02	4.530489e-02	1.8177243e-05,0.0003916313,-9.66797325e-06,3.76012531e-06	1.08456416e-05,0.000254771003,-6.69781866e-06,4.66131183e-07
p4	2	982	new_state-14	14	262144	0	5.479270e-02	4.366302e-02	1.83667162e-05,0.000405086175,-1.87278492e-05,1.40365428e-05	1.24178696e-05,0.000357636862,-4.25117323e-05,4.22737321e-05
p4	2	983	attn_output-14	14	2048	0	2.909692e-02	3.365912e-04	9.9034412e-07,1.12558319e-05,2.21310597e-06,3.47403193e-06	9.27067489e-09,1.09619168e-05,1.77064226e-06,3.79914991e-06
p4	2	984	z-14	14	2048	0	3.011322e-02	2.497540e-01	-1.27327323,-1.03229558,0.0758982301,0.692075133	-1.30869317,-0.971702456,0.116983503,0.731480718
p4	2	985	final_output-14	14	2048	0	6.705419e-02	3.806001e-02	-0.000286853319,-0.00302009005,8.6723463e-05,0.00145058928	-2.68329222e-06,-0.0028929261,0.000109013759,0.00169790012
p4	2	986	linear_attn_out-14	14	1024	0	7.967341e-02	6.762464e-03	0.156393379,0.0148842111,0.0160435345,0.00126658566	0.160208091,0.0165904909,0.0168161355,3.59592959e-05
p4	2	987	attn_residual-14	14	1024	0	5.815000e-02	1.429687e-02	-0.42747131,0.0293930918,0.116977476,0.0355527624	-0.420850515,0.0313178301,0.122255057,0.0423695557
p4	2	988	attn_post_norm-14	14	1024	0	5.877404e-02	2.599830e-01	-5.88912058,0.567919791,2.12088251,0.625544012	-5.79636145,0.604947269,2.21597719,0.745285273
p4	2	989	ffn_out-14	14	1024	0	8.198157e-02	9.810325e-03	0.1624524,-0.0946649015,-0.0192567762,-0.0196772646	0.152887762,-0.0934301093,-0.0165392775,-0.0144245569
p4	2	990	l_out-14	14	1024	0	5.504583e-02	1.836181e-02	-0.26501891,-0.0652718097,0.0977206975,0.0158754978	-0.267962754,-0.0621122792,0.105715781,0.0279449988
p4	2	991	attn_norm-15	15	1024	0	5.354552e-02	3.041211e-01	-3.49177742,-0.961220443,1.43594134,0.231955707	-3.50912833,-0.909138203,1.54399204,0.405823201
p4	2	992	attn_pregate-15	15	2048	0	1.057516e-01	4.267394e+00	-0.0314089395,0.0655925125,-0.0501714572,0.0967820212	-0.0362252928,0.0771249086,-0.0696187466,0.0941640735
p4	2	993	attn_gated-15	15	2048	0	5.475825e-02	7.123983e-02	-0.00178475783,0.00797235593,-0.000566755829,0.0236773044	-0.00211617653,0.00951610319,-0.000753640546,0.0231683962
p4	2	994	attn_output-15	15	1024	0	1.011393e-01	7.771831e-03	-0.168152869,0.00174214318,-0.0238927379,0.00865536183	-0.173540354,0.00556265749,-0.0232670307,0.0106949136
p4	2	995	attn_residual-15	15	1024	0	6.091830e-02	1.933939e-02	-0.433171779,-0.0635296702,0.0738279596,0.0245308597	-0.441503108,-0.0565496236,0.0824487507,0.0386399105
p4	2	996	attn_post_norm-15	15	1024	0	6.134146e-02	3.090918e-01	-4.77176237,-1.10660303,1.22643209,0.378134608	-4.82500124,-0.977214634,1.35878789,0.590901077
p4	2	997	ffn_out-15	15	1024	0	8.235805e-02	1.334938e-02	-0.218314514,-0.00250424445,-0.0423772819,0.0601055548	-0.222869381,-0.0011792779,-0.0428700559,0.0561891347
p4	2	998	l_out-15	15	1024	0	5.603938e-02	1.904880e-02	-0.651486278,-0.0660339147,0.0314506777,0.0846364126	-0.664372504,-0.0577289015,0.0395786949,0.0948290452
p4	2	999	attn_norm-16	16	1024	0	5.751667e-02	3.396115e-01	-8.73271275,-1.27307332,0.505050659,1.52268088	-8.82433891,-1.10282409,0.629786015,1.69051743
p4	2	1000	conv_output_silu-16	16	6144	0	3.157436e-02	1.339924e-01	-0.257070005,0.133789331,-0.128052205,-0.156325147	-0.257987678,0.124078892,-0.137782782,-0.157222912
p4	2	1001	q_conv_predelta-16	16	2048	0	3.930527e-02	5.437347e-02	-0.0193960294,0.0100944554,-0.00966158696,-0.0117947916	-0.0195004232,0.00937870704,-0.0104145389,-0.0118839527
p4	2	1002	k_conv_predelta-16	16	2048	0	5.125099e-02	3.895985e-02	0.044448223,0.118444182,-0.047170803,-0.0965851471	0.0401199274,0.101330996,-0.0496327505,-0.096872516
p4	2	1003	v_conv_predelta-16	16	2048	0	3.008591e-02	8.864188e-02	-0.158634007,-0.0176261831,0.441918641,0.0923589543	-0.146503329,-0.0179871134,0.424808443,0.0876550227
p4	2	1004	a_softplus-16	16	16	0	2.416249e-02	2.152395e-02	0.00145782018,0.180394515,0.00734012946,0.245699793	0.00153899915,0.192476958,0.00790538639,0.249236658
p4	2	1005	gate-16	16	16	0	2.041215e-02	1.099336e-02	-0.000296174141,-0.0731712431,-0.000876653474,-0.0531363077	-0.000312666642,-0.0780721009,-0.000944163767,-0.0539012104
p4	2	1006	beta_sigmoid-16	16	16	0	1.560059e-02	2.424634e-02	0.805077136,0.887800813,0.783681571,0.782883763	0.78774178,0.883132935,0.771803021,0.776555955
p4	2	1007	state_predelta-16	16	262144	0	4.199521e-02	4.593761e-02	-0.0145352287,0.00769840926,-0.00240373937,0.00255917106	-0.0146034537,0.00769575639,-0.00210538483,0.0030612885
p4	2	1008	new_state-16	16	262144	0	4.144442e-02	5.795870e-02	-0.0168244801,0.0015843343,3.10160685e-05,0.00754226837	-0.0161330774,0.0038184477,-0.000206767581,0.00676474161
p4	2	1009	attn_output-16	16	2048	0	2.813883e-02	2.360605e-03	-0.00156013819,-0.000101508107,0.00439517479,0.000678808836	-0.00155249529,-0.000101305472,0.00449152244,0.000659947342
p4	2	1010	z-16	16	2048	0	3.076652e-02	2.183287e-01	0.117566749,0.255422056,0.194048524,0.335650623	0.117117792,0.170227841,0.251904547,0.307686061
p4	2	1011	final_output-16	16	2048	0	7.364758e-02	2.780438e-01	-0.0347917974,-0.00541523146,0.193549022,0.0483615436	-0.0327271558,-0.0032907899,0.250046074,0.0404292569
p4	2	1012	linear_attn_out-16	16	1024	0	7.601009e-02	2.071531e-02	-0.116830692,-0.00285965577,-0.0359233655,0.0260574073	-0.0961153805,-0.00233788416,-0.0405374728,0.0385050848
p4	2	1013	attn_residual-16	16	1024	0	5.660924e-02	2.264031e-02	-0.768316984,-0.0688935667,-0.00447268784,0.11069382	-0.760487914,-0.0600667857,-0.000958777964,0.13333413
p4	2	1014	attn_post_norm-16	16	1024	0	5.820616e-02	2.719282e-01	-6.34453297,-0.957866848,-0.0608688407,1.25862157	-6.22088909,-0.827297688,-0.0129254432,1.50180686
p4	2	1015	ffn_out-16	16	1024	0	5.943694e-02	1.352376e-02	0.0906277895,-0.0317195505,0.108013719,-0.0184072256	0.0922807455,-0.0349611416,0.106519908,-0.021973066
p4	2	1016	l_out-16	16	1024	0	5.262452e-02	1.985645e-02	-0.677689195,-0.100613117,0.103541031,0.0922865942	-0.668207169,-0.0950279236,0.10556113,0.111361064
p4	2	1017	attn_norm-17	17	1024	0	5.321045e-02	2.744458e-01	-7.3685708,-1.47075152,1.41491556,1.22777379	-7.21194077,-1.37887299,1.4318924,1.47062325
p4	2	1018	conv_output_silu-17	17	6144	0	2.417705e-02	2.273827e-01	-0.183725893,-0.135530204,-0.271109819,-0.0312607326	-0.182390019,-0.135131553,-0.270488262,-0.031493675
p4	2	1019	q_conv_predelta-17	17	2048	0	3.754487e-02	3.381640e-02	-0.0296716504,-0.0218880679,-0.0437841155,-0.00504859444	-0.0298022963,-0.0220803246,-0.0441974364,-0.00514602661
p4	2	1020	k_conv_predelta-17	17	2048	0	5.100269e-02	3.534304e-02	-0.0269460995,-0.0839269608,-0.00844116136,-0.0343623608	-0.0278639589,-0.0845616534,-0.00493025128,-0.021119792
p4	2	1021	v_conv_predelta-17	17	2048	0	3.093535e-02	8.036241e-02	-0.27805689,-0.229758814,-0.0168499555,-0.209899157	-0.278267711,-0.224849984,-0.0168522634,-0.211088821
p4	2	1022	a_softplus-17	17	16	0	1.513841e-02	6.115615e-03	0.00214965385,0.00295428722,0.140294492,0.4304097	0.00242178212,0.00322869187,0.134178877,0.426364005
p4	2	1023	gate-17	17	16	0	1.622008e-02	1.854640e-03	-0.000506614102,-0.000764674507,-0.0354720019,-0.149912238	-0.000570747245,-0.000835700135,-0.0339257345,-0.148503125
p4	2	1024	beta_sigmoid-17	17	16	0	6.805174e-03	1.371768e-02	0.918038726,0.680204451,0.793744922,0.958940268	0.913975894,0.681355059,0.78096962,0.958658278
p4	2	1025	state_predelta-17	17	262144	0	4.171279e-02	1.104817e-01	-0.00324089639,0.0181409232,0.00676389271,0.00802294351	-0.00343599706,0.0184930284,0.00674670143,0.00907057617
p4	2	1026	new_state-17	17	262144	0	4.433504e-02	1.030488e-01	0.00101308851,0.031376183,0.00809255987,0.0134415785	0.00090621179,0.0316542797,0.00751081575,0.0123551395
p4	2	1027	attn_output-17	17	2048	0	4.956899e-02	1.016556e-02	-0.000845873496,-0.000640196609,-3.54436343e-05,-0.000665540923	-0.000839795393,-0.000628225622,-2.95355912e-05,-0.00067277957
p4	2	1028	z-17	17	2048	0	3.194102e-02	1.865923e-01	0.570047498,0.219860822,-0.514260232,-1.13524842	0.55926621,0.219775468,-0.561862111,-1.14121222
p4	2	1029	final_output-17	17	2048	0	7.812434e-02	1.102047e-01	-0.163150176,-0.0457597561,0.00276724738,0.0958671644	-0.161359906,-0.0457541496,0.00249218172,0.0988579392
p4	2	1030	linear_attn_out-17	17	1024	0	9.749187e-02	1.343090e-02	-0.10068132,0.00350487977,0.0369194075,-0.0292504411	-0.0928553864,0.00644497946,0.03648296,-0.0289330985
p4	2	1031	attn_residual-17	17	1024	0	5.581249e-02	2.238038e-02	-0.7783705,-0.0971082374,0.140460432,0.0630361512	-0.761062562,-0.0885829479,0.142044097,0.0824279636
p4	2	1032	attn_post_norm-17	17	1024	0	5.756668e-02	2.488983e-01	-4.9206748,-1.07658494,1.50252938,0.592841923	-4.78860283,-0.977445543,1.51231539,0.771567523
p4	2	1033	ffn_out-17	17	1024	0	7.927406e-02	1.395513e-02	0.212986931,0.0217025429,-0.0480871536,0.0155089488	0.218516082,0.0271760412,-0.0500853397,0.0181562155
p4	2	1034	l_out-17	17	1024	0	5.607604e-02	2.785653e-02	-0.565383554,-0.0754056945,0.0923732817,0.078545101	-0.542546511,-0.0614069067,0.0919587612,0.100584179
p4	2	1035	attn_norm-18	18	1024	0	5.584240e-02	3.673813e-01	-5.864501,-1.02920926,1.21337986,1.00327647	-5.6203146,-0.837052166,1.20636642,1.28311896
p4	2	1036	conv_output_silu-18	18	6144	0	3.042036e-02	1.311116e-01	-0.158320308,0.0121451374,-0.157668203,-0.277193427	-0.169364065,0.0185781941,-0.157332167,-0.276995599
p4	2	1037	q_conv_predelta-18	18	2048	0	4.429396e-02	3.616057e-02	-0.0433090478,0.00332234288,-0.0431306623,-0.0758271813	-0.0465323254,0.00510430941,-0.043226596,-0.0761038065
p4	2	1038	k_conv_predelta-18	18	2048	0	5.211826e-02	4.517429e-02	-0.0963767469,-0.104793742,-0.0266777743,0.0583896674	-0.09303087,-0.105490126,-0.0324929617,0.0554753542
p4	2	1039	v_conv_predelta-18	18	2048	0	3.673669e-02	1.311116e-01	0.0837393552,-0.203468069,-0.00434926758,-0.180537939	0.0915831104,-0.202187404,-0.0087497225,-0.185182899
p4	2	1040	a_softplus-18	18	16	0	1.161952e-02	3.035998e-02	0.000565726426,3.1443162,0.0022816835,1.27555454	0.000567275274,3.17467618,0.0025660228,1.29931366
p4	2	1041	gate-18	18	16	0	1.190359e-02	6.706238e-03	-0.000235829852,-0.633835316,-0.000679754245,-0.343310863	-0.000236475506,-0.639955342,-0.00076446397,-0.349705547
p4	2	1042	beta_sigmoid-18	18	16	0	6.837662e-03	1.427203e-02	0.801172316,0.924152315,0.0992730558,0.935258448	0.805513442,0.92843467,0.0991632938,0.931792498
p4	2	1043	state_predelta-18	18	262144	0	4.032866e-02	1.526899e-01	-0.000448596431,-0.0108828992,-0.00828475133,-0.000740527874	-0.000375077361,-0.0110790618,-0.00855983794,-0.000741101685
p4	2	1044	new_state-18	18	262144	0	4.544954e-02	1.900587e-01	0.000462969707,-0.00988927111,-0.0080304984,-0.00129255978	8.57313862e-05,-0.0105540194,-0.0083968984,-0.00101565896
p4	2	1045	attn_output-18	18	2048	0	4.015834e-02	5.465671e-03	0.00466427393,-0.00723294029,-0.000465872727,-0.00684036966	0.00487783924,-0.00725676538,-0.000565153663,-0.00698583061
p4	2	1046	z-18	18	2048	0	3.390002e-02	2.868291e-01	-3.14824533,-0.532201409,-0.580797553,-0.323776245	-3.26693916,-0.539152086,-0.634680152,-0.378186107
p4	2	1047	final_output-18	18	2048	0	7.805303e-02	7.267876e-02	-0.0320558362,0.0883727819,0.00550074596,0.0501336269	-0.0311404876,0.0897269621,0.00706555042,0.0581174009
p4	2	1048	linear_attn_out-18	18	1024	0	8.548963e-02	1.315792e-02	-0.420760721,0.0294807348,0.0182042159,-0.0465713926	-0.42535615,0.0293750875,0.0193072818,-0.0502326712
p4	2	1049	attn_residual-18	18	1024	0	5.656254e-02	2.997752e-02	-0.986144304,-0.0459249616,0.110577494,0.0319737084	-0.96790266,-0.0320318192,0.111266047,0.050351508
p4	2	1050	attn_post_norm-18	18	1024	0	5.873182e-02	3.252304e-01	-6.65957594,-0.482065886,1.18000317,0.292391032	-6.52977276,-0.335891843,1.18614936,0.459985137
p4	2	1051	ffn_out-18	18	1024	0	6.786379e-02	1.578742e-02	-0.829962969,0.0339473225,0.0286975913,0.119641349	-0.845750391,0.026906034,0.0284293927,0.115877137
p4	2	1052	l_out-18	18	1024	0	5.371298e-02	2.813017e-02	-1.81610727,-0.011977639,0.139275089,0.151615053	-1.81365299,-0.00512578525,0.139695436,0.166228652
p4	2	1053	attn_norm-19	19	1024	0	5.212513e-02	2.676473e-01	-11.762393,-0.0862826332,1.0340966,1.11308134	-11.7256422,-0.0368587673,1.03537607,1.21820021
p4	2	1054	attn_pregate-19	19	2048	0	7.025583e-02	4.999187e-01	-0.333137512,-0.372268617,-0.218195781,-0.131501794	-0.307200342,-0.373898923,-0.179614186,-0.122598216
p4	2	1055	attn_gated-19	19	2048	0	3.901691e-02	6.147361e-02	-0.00694091665,-0.0218462031,-0.00848646276,-0.00334807695	-0.00667923642,-0.022825459,-0.00706954906,-0.00334339589
p4	2	1056	attn_output-19	19	1024	0	7.018720e-02	8.322090e-03	0.673494816,-0.00378252566,0.0164225399,-2.2649765e-06	0.666840196,-0.00283518434,0.0123511255,0.00334775448
p4	2	1057	attn_residual-19	19	1024	0	6.079715e-02	2.999748e-02	-1.14261246,-0.0157601647,0.155697629,0.151612788	-1.1468128,-0.00796096958,0.152046561,0.169576406
p4	2	1058	attn_post_norm-19	19	1024	0	6.258419e-02	2.909610e-01	-7.82451582,-0.15974699,1.44289875,1.16773307	-7.82336426,-0.0803859979,1.4036957,1.30111504
p4	2	1059	ffn_out-19	19	1024	0	7.866873e-02	1.986095e-02	-0.292188704,0.00224122033,-0.0678165704,0.105522968	-0.312049657,0.00173241273,-0.0642118081,0.104137287
p4	2	1060	l_out-19	19	1024	0	6.049087e-02	3.654733e-02	-1.4348011,-0.0135189444,0.0878810585,0.257135749	-1.45886242,-0.00622855686,0.0878347531,0.273713708
p4	2	1061	attn_norm-20	20	1024	0	5.991180e-02	4.595368e-01	-10.8947887,-0.144204453,0.873598933,2.288908	-11.0139055,-0.0660576671,0.86812675,2.42249203
p4	2	1062	conv_output_silu-20	20	6144	0	3.710490e-02	1.519278e-01	-0.178561196,0.0350067988,-0.173987508,0.193949625	-0.185276672,0.0488657877,-0.174270689,0.227983668
p4	2	1063	q_conv_predelta-20	20	2048	0	4.506743e-02	3.996518e-02	-0.0641743764,0.012581341,-0.0625305995,0.0697049275	-0.0671380907,0.017707333,-0.0631498918,0.0826136842
p4	2	1064	k_conv_predelta-20	20	2048	0	4.772101e-02	3.808042e-02	-0.0817484334,-0.0310386214,-0.0300516989,-0.0542672165	-0.0823044181,-0.0280244686,-0.0315759778,-0.0563725308
p4	2	1065	v_conv_predelta-20	20	2048	0	3.185076e-02	1.068466e-01	0.0032701015,-0.0153684327,0.0509036109,0.0406811498	0.00394955464,-0.0113367951,0.0528687164,0.0402640812
p4	2	1066	a_softplus-20	20	16	0	4.865718e-02	8.329010e-02	0.00592321809,0.181699127,0.0140582519,0.76026392	0.00639582379,0.201840609,0.0154243689,0.756827176
p4	2	1067	gate-20	20	16	0	4.443661e-02	3.951514e-02	-0.0013216486,-0.0315745734,-0.00256019784,-0.217819273	-0.0014271012,-0.0350746401,-0.00280898623,-0.21683462
p4	2	1068	beta_sigmoid-20	20	16	0	3.431679e-03	6.322384e-03	0.921120942,0.971959949,0.87218219,0.96760267	0.917898655,0.972161889,0.868952274,0.968362987
p4	2	1069	state_predelta-20	20	262144	1	4.509305e-02	8.803844e-02	0.000277495943,0.000927595829,0.00148962007,0.000457509072	0.000569719705,0.000973855553,0.00154326705,0.000362239429
p4	2	1070	new_state-20	20	262144	0	4.565981e-02	1.290355e-01	-0.00171321887,0.000170666084,0.000755976886,-0.000864351867	-0.0012596203,0.000349857204,0.000839554123,-0.000890685304
p4	2	1071	attn_output-20	20	2048	0	2.921532e-02	4.408343e-03	-5.06228644e-05,-0.000685015926,0.00187285512,0.000978329917	-1.42376239e-05,-0.000503522751,0.00191656232,0.000934824813
p4	2	1072	z-20	20	2048	0	3.737310e-02	2.943003e-01	-0.731115937,-2.68452883,0.572075725,0.00885352492	-0.797174811,-2.67254114,0.559541881,-0.044928804
p4	2	1073	final_output-20	20	2048	0	7.831278e-02	3.058143e-01	0.00169556076,0.0175263472,0.0933543891,0.000552236277	0.000502719602,0.0131179187,0.0940779895,-0.00263585546
p4	2	1074	linear_attn_out-20	20	1024	0	1.024712e-01	1.658642e-02	-0.344452977,-0.0186563358,-0.0493179113,0.0500355661	-0.344118714,-0.0187508687,-0.0564131103,0.0488551259
p4	2	1075	attn_residual-20	20	1024	0	6.395409e-02	4.119501e-02	-1.77925408,-0.0321752802,0.0385631472,0.307171315	-1.80298114,-0.0249794256,0.0314216428,0.322568834
p4	2	1076	attn_post_norm-20	20	1024	0	6.692423e-02	3.632402e-01	-9.09474754,-0.288199008,0.349561155,2.16992283	-9.15648556,-0.222299024,0.282985717,2.26397181
p4	2	1077	ffn_out-20	20	1024	0	9.204189e-02	2.239737e-02	-0.126082137,-0.0365991481,-0.0259036943,0.0335515141	-0.120660283,-0.0392013714,-0.0231720749,0.0352690667
p4	2	1078	l_out-20	20	1024	0	6.660370e-02	4.450698e-02	-1.90533626,-0.0687744319,0.0126594529,0.340722829	-1.92364144,-0.0641807988,0.00824956782,0.357837915
p4	2	1079	attn_norm-21	21	1024	0	6.776254e-02	5.551593e-01	-12.3816395,-0.686186135,0.115228087,2.88510919	-12.4125385,-0.635843158,0.0745597705,3.00868964
p4	2	1080	conv_output_silu-21	21	6144	0	3.433674e-02	2.219343e-01	-0.212749526,0.63354671,-0.27516818,-0.250099838	-0.200471237,0.693235874,-0.274652243,-0.260793954
p4	2	1081	q_conv_predelta-21	21	2048	0	4.624436e-02	6.964302e-02	-0.0553581677,0.164851055,-0.0715997145,-0.0650768429	-0.0515528433,0.178271368,-0.070629105,-0.0670653358
p4	2	1082	k_conv_predelta-21	21	2048	0	5.985080e-02	4.038382e-02	-0.00267437403,0.0465406179,0.0167743992,0.00289345859	-0.00420057727,0.0453839898,0.0142403413,-0.00422472879
p4	2	1083	v_conv_predelta-21	21	2048	0	4.768017e-02	1.326820e-01	0.0201799162,-0.0856925324,-0.0984350592,-0.0145923505	0.0162905641,-0.0849446878,-0.101195626,-0.0170071013
p4	2	1084	a_softplus-21	21	16	0	4.315777e-02	5.834991e-02	0.459413618,0.738572121,0.00384128466,0.269700885	0.46626243,0.731018603,0.00362251909,0.281024843
p4	2	1085	gate-21	21	16	0	3.962277e-02	1.122361e-02	-0.135802403,-0.191168696,-0.00143538322,-0.127896309	-0.137826905,-0.189213589,-0.0013536365,-0.1332663
p4	2	1086	beta_sigmoid-21	21	16	0	3.416441e-03	7.163584e-03	0.801975846,0.918049753,0.83482182,0.98197192	0.800276518,0.920702636,0.841985404,0.981456041
p4	2	1087	state_predelta-21	21	262144	0	6.370449e-02	1.188172e-01	0.00117180427,-9.77834861e-05,0.00291723665,-0.000655946205	0.00108770712,0.000163768011,0.00254432717,-0.000563662383
p4	2	1088	new_state-21	21	262144	0	6.573242e-02	1.204703e-01	0.00100701733,0.000192818494,0.00264705648,-0.000555355975	0.000928252935,0.000352407398,0.00228255009,-0.00051061355
p4	2	1089	attn_output-21	21	2048	0	3.144444e-02	2.932023e-03	0.000123454651,-0.00046162447,-0.000390437257,-8.0163627e-05	0.000106329273,-0.000475256908,-0.000430150074,-9.87624517e-05
p4	2	1090	z-21	21	2048	0	5.276543e-02	2.924422e-01	-0.839715242,0.210238338,-0.197909236,0.882265627	-0.821656823,0.225484475,-0.190588892,0.866012216
p4	2	1091	final_output-21	21	2048	0	1.219269e-01	3.233773e-01	-0.0236473046,-0.0334739238,0.023766797,-0.042421367	-0.0200464893,-0.0369651839,0.0251480844,-0.0507149808
p4	2	1092	linear_attn_out-21	21	1024	0	1.412459e-01	3.200602e-02	0.0177391618,-0.0394026265,0.0112468023,0.0850604028	-0.0128489062,-0.0343776569,0.00445605069,0.102100708
p4	2	1093	attn_residual-21	21	1024	0	7.610496e-02	4.889321e-02	-1.88759708,-0.108177058,0.0239062551,0.425783217	-1.9364903,-0.0985584557,0.0127056185,0.459938616
p4	2	1094	attn_post_norm-21	21	1024	0	7.860333e-02	3.637285e-01	-8.75546741,-0.867370903,0.189153165,2.69333363	-8.91593647,-0.784413576,0.0997882485,2.88790607
p4	2	1095	ffn_out-21	21	1024	0	9.902623e-02	2.966808e-02	-0.115171105,0.0207687616,-0.0781398341,0.0901453421	-0.111285225,0.0161654837,-0.0568256527,0.108934008
p4	2	1096	l_out-21	21	1024	0	7.818491e-02	6.215982e-02	-2.00276828,-0.0874082968,-0.0542335808,0.515928566	-2.04777551,-0.0823929757,-0.0441200361,0.568872631
p4	2	1097	attn_norm-22	22	1024	0	7.881743e-02	4.304308e-01	-10.625103,-0.665274978,-0.379795939,3.60827661	-10.8594456,-0.626847088,-0.308845192,3.97693229
p4	2	1098	conv_output_silu-22	22	6144	0	5.269083e-02	2.098670e-01	-0.239682272,-0.0886932313,0.0405592509,0.075236544	-0.245302811,-0.0912288502,0.0478518978,0.0721886382
p4	2	1099	q_conv_predelta-22	22	2048	0	5.046236e-02	4.327515e-02	-0.0594965704,-0.0220164098,0.0100680636,0.0186760426	-0.0601149164,-0.0223569162,0.0117267827,0.0176908448
p4	2	1100	k_conv_predelta-22	22	2048	0	7.973113e-02	6.470044e-02	-0.0187776741,0.0294118151,-0.0427569598,0.0226224232	-0.0271157362,0.0293271486,-0.0458458848,0.00927686691
p4	2	1101	v_conv_predelta-22	22	2048	0	7.335594e-02	1.396976e-01	-0.00901905075,0.00827084668,0.000182548101,-0.00229629083	-0.00723614264,0.00828140881,-4.47645725e-05,-0.00124061573
p4	2	1102	a_softplus-22	22	16	0	4.130337e-02	2.170117e-01	0.687445521,0.66922909,3.39769077,0.0843455866	0.669091165,0.729207575,3.49482346,0.0917068496
p4	2	1103	gate-22	22	16	0	3.659809e-02	7.383448e-02	-0.127164632,-0.151676729,-2.22826004,-0.0158480667	-0.123769425,-0.165270492,-2.29196119,-0.0172312073
p4	2	1104	beta_sigmoid-22	22	16	0	5.236449e-03	1.064724e-02	0.919650137,0.943893254,0.961062133,0.882989228	0.914786041,0.945402145,0.961468279,0.886355996
p4	2	1105	state_predelta-22	22	262144	0	7.699223e-02	6.014049e-02	0.000262434536,-0.000108218759,0.00291193509,-0.000315490412	0.000320421765,-0.000106812571,0.00270222593,-8.73019453e-05
p4	2	1106	new_state-22	22	262144	0	8.465708e-02	6.568049e-02	0.000476289308,-0.000479345588,0.00312252296,-0.000573213154	0.000604570843,-0.000442045159,0.00293113594,-0.00018711391
p4	2	1107	attn_output-22	22	2048	0	4.285094e-02	1.249965e-03	1.25311681e-05,6.52442977e-05,2.50835838e-05,-1.6901824e-05	3.56301971e-05,6.26611436e-05,1.88132362e-05,-8.527928e-06
p4	2	1108	z-22	22	2048	0	4.418010e-02	3.675702e-01	1.8245331,0.367562503,-3.20136285,0.146918982	1.70487499,0.404466957,-3.23125029,0.176179543
p4	2	1109	final_output-22	22	2048	0	1.120849e-01	2.399621e-01	0.0219129939,0.0142542645,-0.00329079945,-0.00125790189	0.0570992455,0.0152615961,-0.00241597905,-0.000769905921
p4	2	1110	linear_attn_out-22	22	1024	0	1.368769e-01	3.746869e-02	0.234855101,0.0269584991,0.0863086432,-0.00717773894	0.216178179,0.0311810542,0.0898943916,-0.0377293006
p4	2	1111	attn_residual-22	22	1024	0	8.544755e-02	6.368411e-02	-1.76791322,-0.0604497977,0.0320750624,0.508750856	-1.83159733,-0.0512119234,0.0457743555,0.531143308
p4	2	1112	attn_post_norm-22	22	1024	0	8.726999e-02	3.429344e-01	-7.93817711,-0.391610086,0.204090506,2.66149163	-8.22138786,-0.331654102,0.291160733,2.7777102
p4	2	1113	ffn_out-22	22	1024	0	9.454975e-02	7.526320e-02	-0.459934294,-0.0659925565,0.0343848467,-0.0999331772	-0.384671092,-0.0570062995,0.0236530006,-0.137696117
p4	2	1114	l_out-22	22	1024	0	8.696342e-02	8.255228e-02	-2.22784758,-0.126442358,0.0664599091,0.408817679	-2.21626854,-0.108218223,0.0694273561,0.393447191
p4	2	1115	attn_norm-23	23	1024	0	8.441774e-02	4.169402e-01	-9.18971729,-0.667836785,0.362725377,1.8212992	-9.16255569,-0.572869539,0.379774988,1.75677311
p4	2	1116	attn_pregate-23	23	2048	0	2.302119e-02	4.431324e-01	-6.1595974,0.287014127,-0.346431851,-0.0680830032	-6.12161064,0.304911256,-0.403655857,-0.114377186
p4	2	1117	attn_gated-23	23	2048	0	5.331542e-02	2.625402e-01	-0.63594836,0.0214133523,-0.0248221103,-0.00527445972	-0.599506617,0.0238863938,-0.0319581665,-0.00960112549
p4	2	1118	attn_output-23	23	1024	0	7.330353e-02	5.890059e-02	0.704748988,0.132042468,0.00400836766,0.14824158	0.645848393,0.122462548,0.010923177,0.155342907
p4	2	1119	attn_residual-23	23	1024	0	9.640748e-02	8.267589e-02	-1.52309859,0.0056001097,0.0704682767,0.557059288	-1.57042015,0.0142443255,0.0803505331,0.548790097
p4	2	1120	attn_post_norm-23	23	1024	0	9.680692e-02	4.651980e-01	-6.74083662,0.0299602002,0.346852064,2.56489396	-6.96246147,0.0763398409,0.396187395,2.53125262
p4	2	1121	ffn_out-23	23	1024	0	1.020372e-01	1.533984e-01	1.42226779,0.438157439,-0.289768249,0.720436454	1.2688694,0.46609959,-0.246227682,0.867442906
p4	2	1122	l_out-23	23	1024	0	1.079603e-01	2.007200e-01	-0.100830793,0.443757534,-0.219299972,1.27749574	-0.301550746,0.480343908,-0.165877149,1.41623306
p4	2	1123	result_norm	-1	1024	0	1.053636e-01	1.863750e+00	-0.0806096122,5.97497082,-2.86664104,18.6342373	-0.239209488,6.41751194,-2.15152121,20.4979877
p4	2	1124	result_output	-1	248320	0	8.948701e-02	1.760302e+00	9.08821678,5.07140589,8.78228188,3.49695897	9.50061989,5.59089708,9.19353676,3.6776185
p4	3	1125	model.input_embed	-1	1024	1024	0.000000e+00	0.000000e+00	0.0132803321,-0.00204312801,-0.0122587681,0.0255391002	0.0132803321,-0.00204312801,-0.0122587681,0.0255391002
p4	3	1126	attn_norm-0	0	1024	1024	0.000000e+00	0.000000e+00	1.5558511,-0.154977351,-1.10237288,2.61217475	1.5558511,-0.154977351,-1.10237288,2.61217475
p4	3	1127	conv_output_silu-0	0	6144	5421	3.783456e-08	5.960464e-08	-0.00173317746,0.0157731082,-0.0130554149,-0.0155840311	-0.00173317746,0.0157731082,-0.0130554149,-0.0155840311
p4	3	1128	q_conv_predelta-0	0	2048	726	9.332652e-08	1.192093e-07	-0.00360168656,0.0327778235,-0.027130235,-0.0323849097	-0.00360168633,0.0327778235,-0.0271302331,-0.032384906
p4	3	1129	k_conv_predelta-0	0	2048	724	9.939561e-08	8.940697e-08	-0.075024724,0.0650910065,0.00634285575,0.00972129125	-0.075024724,0.0650910139,0.00634285575,0.00972129218
p4	3	1130	v_conv_predelta-0	0	2048	1893	2.770398e-08	5.960464e-08	0.00743849762,-0.00143130473,-0.0149791995,0.0210651662	0.00743849762,-0.00143130473,-0.0149791995,0.0210651662
p4	3	1131	a_softplus-0	0	16	16	0.000000e+00	0.000000e+00	4.62693262,0.00961801503,0.0230633877,5.78750658	4.62693262,0.00961801503,0.0230633877,5.78750658
p4	3	1132	gate-0	0	16	16	0.000000e+00	0.000000e+00	-5.98769569,-0.00126160902,-0.00275452901,-3.28476572	-5.98769569,-0.00126160902,-0.00275452901,-3.28476572
p4	3	1133	beta_sigmoid-0	0	16	16	0.000000e+00	0.000000e+00	0.774540186,0.362739265,0.698212206,0.997367084	0.774540186,0.362739265,0.698212206,0.997367084
p4	3	1134	state_predelta-0	0	262144	78093	1.110518e-07	1.192093e-07	0.000270864082,0.000284769339,0.000593080942,-4.44501384e-05	0.000270863995,0.00028476931,0.000593080826,-4.44501347e-05
p4	3	1135	new_state-0	0	262144	87363	1.067685e-07	1.192093e-07	-0.000430970977,0.000375212199,3.79815792e-05,5.58193788e-05	-0.000430970977,0.000375212228,3.79815792e-05,5.5819386e-05
p4	3	1136	attn_output-0	0	2048	403	2.816266e-07	1.490116e-08	1.10316932e-05,-2.1286296e-06,-2.23369243e-05,3.14337449e-05	1.10316805e-05,-2.12862869e-06,-2.23369243e-05,3.14337522e-05
p4	3	1137	z-0	0	2048	2048	0.000000e+00	0.000000e+00	0.388505101,-1.41854525,0.805943251,-0.0319661349	0.388505101,-1.41854525,0.805943251,-0.0319661349
p4	3	1138	final_output-0	0	2048	341	1.629470e-07	2.384186e-07	0.00245561614,0.000581721193,-0.0115246484,-0.000456167822	0.00245561358,0.000581720902,-0.0115246465,-0.000456167909
p4	3	1139	linear_attn_out-0	0	1024	51	5.470249e-07	9.126961e-08	-0.672615767,-0.0215012804,-0.0450527668,-0.0392424576	-0.672615707,-0.0215012562,-0.0450527817,-0.0392424464
p4	3	1140	attn_residual-0	0	1024	58	5.473047e-07	9.126961e-08	-0.659335434,-0.0235444084,-0.0573115349,-0.0137033574	-0.659335375,-0.0235443842,-0.0573115498,-0.0137033463
p4	3	1141	attn_post_norm-0	0	1024	71	6.183880e-07	2.503395e-06	-10.2213392,-0.669530809,-1.67702353,-0.392910004	-10.2213383,-0.669530094,-1.67702389,-0.392909676
p4	3	1142	ffn_out-0	0	1024	4	4.507900e-04	3.032573e-05	0.256292999,-0.0103787575,0.0220440775,0.021410279	0.256278813,-0.0103833722,0.0220589116,0.0214154739
p4	3	1143	l_out-0	0	1024	1	2.354187e-04	3.031082e-05	-0.403042436,-0.033923164,-0.0352674574,0.00770692155	-0.403056562,-0.0339277573,-0.0352526382,0.00771212764
p4	3	1144	attn_norm-1	1	1024	1	2.438884e-04	1.082420e-03	-11.6759176,-1.27340353,-1.26630604,0.296700478	-11.6763296,-1.27357638,-1.26577437,0.296901017
p4	3	1145	conv_output_silu-1	1	6144	3	5.209761e-04	9.446442e-04	-0.00389524852,0.00450199842,-0.0183636937,-0.275922656	-0.00389337796,0.00449054921,-0.0182547364,-0.27590549
p4	3	1146	q_conv_predelta-1	1	2048	0	7.550168e-04	6.152987e-04	-0.00240004621,0.00277389353,-0.0113147376,-0.170008957	-0.00239968812,0.00276775542,-0.0112513285,-0.170054674
p4	3	1147	k_conv_predelta-1	1	2048	0	5.360168e-04	4.144758e-04	-0.0996762589,-0.0498878546,0.0287723411,0.00484109996	-0.099677749,-0.0498661622,0.0287755877,0.00483522657
p4	3	1148	v_conv_predelta-1	1	2048	1	3.357773e-04	9.207129e-04	0.153323218,-0.0611149743,-0.000993433874,0.00798586849	0.153355032,-0.0610974096,-0.000993603026,0.00798619259
p4	3	1149	a_softplus-1	1	16	0	8.659575e-04	1.503587e-03	0.0268594995,0.572213709,1.06260955,0.582225502	0.0269174073,0.57170248,1.06110597,0.581745327
p4	3	1150	gate-1	1	16	0	1.126612e-03	1.722217e-03	-0.00481564272,-0.617201865,-1.21709871,-0.176186904	-0.00482602511,-0.616650462,-1.2153765,-0.176041588
p4	3	1151	beta_sigmoid-1	1	16	0	1.792583e-04	2.994537e-04	0.233194217,0.883247256,0.955107272,0.864252567	0.233328044,0.883324981,0.955050528,0.864284575
p4	3	1152	state_predelta-1	1	262144	9077	3.781524e-07	4.172325e-07	-0.00684722699,0.0644885376,0.0052401619,0.000843907939	-0.00684722094,0.0644885302,0.00524016377,0.000843911024
p4	3	1153	new_state-1	1	262144	52	5.264002e-04	4.454553e-04	-0.0102653401,0.0624515004,0.00621114857,0.00100746308	-0.0102680903,0.0624501929,0.00621201005,0.0010073887
p4	3	1154	attn_output-1	1	2048	0	5.642529e-04	1.082476e-05	0.00125787279,-0.000781866082,0.00015300719,2.46491327e-05	0.00125850888,-0.000782492047,0.000153053596,2.46620148e-05
p4	3	1155	z-1	1	2048	0	7.944290e-04	5.450964e-03	-4.77189922,-6.17483187,-1.64922643,0.0820682645	-4.77182436,-6.17469501,-1.65262318,0.0845006704
p4	3	1156	final_output-1	1	2048	0	1.173180e-03	1.534730e-03	-0.0422935858,0.00839890726,-0.0373467989,0.00106556178	-0.0423149467,0.00840609614,-0.0373263285,0.00109893235
p4	3	1157	linear_attn_out-1	1	1024	0	4.873102e-03	3.557540e-04	-0.106518567,0.0144725889,0.035366863,0.0194927156	-0.106846631,0.0144561827,0.0354554281,0.0195944905
p4	3	1158	attn_residual-1	1	1024	0	2.282321e-03	3.557615e-04	-0.509561002,-0.0194505751,9.94056463e-05,0.0271996371	-0.509903193,-0.0194715746,0.000202789903,0.0273066182
p4	3	1159	attn_post_norm-1	1	1024	0	2.478961e-03	9.524100e-03	-7.97492456,-0.479531914,0.00247582654,0.715205014	-7.9787693,-0.479958802,0.00504978932,0.717882216
p4	3	1160	ffn_out-1	1	1024	0	1.861172e-02	3.973693e-03	0.361533701,0.0479648598,-0.00157867279,-0.0171391033	0.365507394,0.0485605821,-0.000918922015,-0.0163779221
p4	3	1161	l_out-1	1	1024	0	1.211019e-02	3.631502e-03	-0.148027301,0.0285142846,-0.00147926714,0.0100605339	-0.144395798,0.0290890075,-0.000716132112,0.010928696
p4	3	1162	attn_norm-2	2	1024	0	1.220822e-02	9.761357e-02	-3.96714807,0.936127841,-0.0468920358,0.334501565	-3.86953449,0.954924762,-0.0226993393,0.363339841
p4	3	1163	conv_output_silu-2	2	6144	0	1.053263e-02	3.353709e-02	0.0299309976,-0.00653864816,0.123462096,0.00180222327	0.0292172357,-0.00692824693,0.123500362,0.00159317651
p4	3	1164	q_conv_predelta-2	2	2048	0	1.362838e-02	1.322103e-02	0.0446793772,-0.00976054184,0.184297562,0.0026902617	0.0438548028,-0.0103992354,0.185372919,0.00239134347
p4	3	1165	k_conv_predelta-2	2	2048	0	9.896049e-03	1.087567e-02	-0.0930610374,0.00830275845,0.063160494,-0.252294272	-0.0951188579,0.00848044362,0.0629106238,-0.252420038
p4	3	1166	v_conv_predelta-2	2	2048	0	4.584477e-03	8.152783e-03	-0.0136338416,0.0377703682,-0.0199777205,-0.0250044726	-0.0134762097,0.0376782976,-0.0200825185,-0.0248287711
p4	3	1167	a_softplus-2	2	16	0	1.190646e-02	1.560360e-02	1.27330816,0.622782946,0.15191327,0.987670958	1.28698134,0.630968332,0.157618925,0.996258318
p4	3	1168	gate-2	2	16	0	9.824682e-03	1.227450e-02	-1.14305925,-0.175663993,-0.0452576727,-0.64520514	-1.15533376,-0.177972794,-0.0469574891,-0.65081495
p4	3	1169	beta_sigmoid-2	2	16	0	4.020149e-03	5.767703e-03	0.932127655,0.616050482,0.751882315,0.84200418	0.930746019,0.617734849,0.755335033,0.839748442
p4	3	1170	state_predelta-2	2	262144	16975	3.600456e-07	8.344650e-07	-0.000723901379,-0.000167770035,0.000318320177,0.0014640427	-0.00072390103,-0.000167769962,0.000318320177,0.00146404176
p4	3	1171	new_state-2	2	262144	3	4.998585e-03	4.567496e-03	0.000853388919,-0.000150222695,-0.000634351745,0.00340613001	0.000865947804,-0.000150371372,-0.000623266271,0.00336413365
p4	3	1172	attn_output-2	2	2048	0	4.394752e-03	3.524721e-04	-7.68495302e-05,0.000214572487,-9.23776461e-05,-0.000110428526	-7.55741785e-05,0.000212434985,-9.2377064e-05,-0.000108429209
p4	3	1173	z-2	2	2048	0	9.451366e-03	9.807205e-02	-1.05675101,0.464830399,1.01623011,0.908680975	-1.05389988,0.467323422,1.0243063,0.915231228
p4	3	1174	final_output-2	2	2048	0	1.101393e-02	7.351339e-03	0.0206558406,0.0392458029,-0.0607863478,-0.0674001798	0.0203267671,0.039150171,-0.0614778176,-0.0668665245
p4	3	1175	linear_attn_out-2	2	1024	0	2.538103e-02	4.653871e-03	-0.530821264,-0.0243851244,-0.000345610082,0.0132676549	-0.535475135,-0.0238566101,-0.00114321709,0.0115348669
p4	3	1176	attn_residual-2	2	1024	0	1.471779e-02	2.694568e-03	-0.678848565,0.0041291602,-0.00182487722,0.0233281888	-0.679870963,0.00523239747,-0.0018593492,0.0224635638
p4	3	1177	attn_post_norm-2	2	1024	0	1.604186e-02	6.487319e-02	-9.8039093,0.0936561376,-0.0420163609,0.535430729	-9.81552601,0.118641317,-0.0427963212,0.515420437
p4	3	1178	ffn_out-2	2	1024	0	3.277200e-02	6.000817e-03	0.678884625,-0.00423469068,-0.0101740193,0.0286044478	0.684885442,-0.00315814698,-0.0108877309,0.0300208665
p4	3	1179	l_out-2	2	1024	0	2.672618e-02	5.185202e-03	3.60608101e-05,-0.000105530489,-0.0119988965,0.0519326366	0.00501447916,0.00207425049,-0.0127470801,0.0524844304
p4	3	1180	attn_norm-3	3	1024	0	2.558242e-02	1.256360e-01	0.000841443369,-0.00293966848,-0.302120537,1.37900591	0.116620608,0.0575892851,-0.319896668,1.389045
p4	3	1181	attn_pregate-3	3	2048	0	2.353245e-02	7.262564e-02	0.136373267,-0.424735278,0.667899668,0.326454699	0.138708368,-0.42687729,0.660914361,0.327909142
p4	3	1182	attn_gated-3	3	2048	0	2.488183e-02	2.928066e-02	0.00816533994,-0.0775795802,0.0734150708,0.00817868579	0.0080837151,-0.0787578747,0.0674831048,0.00764505472
p4	3	1183	attn_output-3	3	1024	0	4.416648e-02	7.607020e-03	-0.0873893425,0.0422674716,-0.0310739502,-0.0269364007	-0.079782322,0.0413482487,-0.0289294422,-0.0271858163
p4	3	1184	attn_residual-3	3	1024	0	3.222046e-02	1.258544e-02	-0.0873532817,0.0421619415,-0.0430728458,0.024996236	-0.0747678429,0.0434224978,-0.0416765213,0.0252986141
p4	3	1185	attn_post_norm-3	3	1024	0	3.316151e-02	1.811167e-01	-1.26388359,0.913554966,-0.961344123,0.562731504	-1.08276689,0.941718519,-0.931019902,0.570053399
p4	3	1186	ffn_out-3	3	1024	0	5.711441e-02	6.720845e-03	0.00607848167,0.00239705294,-0.0373698026,0.01497648	0.00454099476,0.00124152936,-0.0372139402,0.0148603385
p4	3	1187	l_out-3	3	1024	0	4.358389e-02	1.104795e-02	-0.0812748,0.0445589945,-0.0804426521,0.0399727151	-0.0702268481,0.0446640253,-0.0788904577,0.0401589535
p4	3	1188	attn_norm-4	4	1024	0	4.366440e-02	2.331855e-01	-1.74835873,1.26425302,-2.12714076,1.16269588	-1.5151732,1.27098656,-2.09227514,1.17157304
p4	3	1189	conv_output_silu-4	4	6144	0	1.768764e-02	8.072472e-02	-0.143355682,0.0366021618,-0.0754430816,0.0769901499	-0.139376119,0.0356390141,-0.07849437,0.0709488243
p4	3	1190	q_conv_predelta-4	4	2048	0	2.755525e-02	2.979290e-02	-0.0566071644,0.0144531736,-0.0297903698,0.0304012634	-0.054202944,0.0138599025,-0.0305262189,0.027591778
p4	3	1191	k_conv_predelta-4	4	2048	0	2.570010e-02	1.918574e-02	0.0253902748,0.198521227,0.03504619,-0.0155000603	0.0245687552,0.203051299,0.033968389,-0.0164342709
p4	3	1192	v_conv_predelta-4	4	2048	0	9.933752e-03	8.072472e-02	-0.0822538808,0.00498243701,0.0204917081,-0.0127181523	-0.0785093084,0.00549815875,0.0202609282,-0.0126387356
p4	3	1193	a_softplus-4	4	16	0	1.660688e-02	3.757668e-02	0.2338662,2.36748672,0.121898241,1.65845191	0.251121074,2.40506339,0.110566139,1.6769613
p4	3	1194	gate-4	4	16	0	1.304252e-02	3.650975e-02	-0.0974899307,-2.30025578,-0.0383569822,-0.870535553	-0.104682833,-2.33676553,-0.034791179,-0.880251288
p4	3	1195	beta_sigmoid-4	4	16	0	4.590486e-03	1.003253e-02	0.719025075,0.93453598,0.592011273,0.820545673	0.717768133,0.93418628,0.58957386,0.820472538
p4	3	1196	state_predelta-4	4	262144	0	3.663696e-03	3.654802e-02	-0.00148247345,0.00521985255,0.00380419428,0.00037376309	-0.00152124232,0.00482517155,0.00392158981,0.000361485931
p4	3	1197	new_state-4	4	262144	0	4.040441e-03	3.557539e-02	-0.00351713784,-0.0122503107,0.000452307519,0.00166521617	-0.00341800484,-0.0125799915,0.000700346893,0.00169545668
p4	3	1198	attn_output-4	4	2048	0	4.969098e-03	1.629114e-03	-2.25730582e-05,1.64421508e-05,2.01844396e-05,2.29164266e-06	-1.63540135e-05,1.63442237e-05,1.9776955e-05,2.79121355e-06
p4	3	1199	z-4	4	2048	0	2.389134e-02	2.287459e-01	-3.05916238,-0.133056298,-1.4359045,1.14936244	-2.98671055,-0.0443398505,-1.37303233,1.23195624
p4	3	1200	final_output-4	4	2048	0	4.608873e-02	3.020971e-02	0.00270291814,-0.00107252738,-0.00464539276,0.00188711437	0.00204960466,-0.000372304581,-0.00457984069,0.00251277676
p4	3	1201	linear_attn_out-4	4	1024	0	6.577569e-02	3.768459e-03	0.029854022,0.000698337331,-0.0127149411,-0.0190760419	0.0335321203,0.000849921256,-0.0157336127,-0.018780347
p4	3	1202	attn_residual-4	4	1024	0	4.398850e-02	1.472605e-02	-0.051420778,0.0452573299,-0.0931575894,0.0208966732	-0.0366947278,0.0455139466,-0.0946240723,0.0213786066
p4	3	1203	attn_post_norm-4	4	1024	0	4.586640e-02	2.195371e-01	-0.77078259,0.991373301,-2.00691104,0.474013984	-0.551245451,0.999173403,-2.04295874,0.486005813
p4	3	1204	ffn_out-4	4	1024	0	6.824215e-02	8.681267e-03	-0.0944930762,0.0077316016,0.0342368037,0.00815490633	-0.103174344,0.00335846096,0.0367085449,0.00541073084
p4	3	1205	l_out-4	4	1024	0	4.967135e-02	8.980267e-03	-0.145913854,0.0529889315,-0.0589207858,0.0290515795	-0.139869064,0.0488724075,-0.0579155274,0.0267893374
p4	3	1206	attn_norm-5	5	1024	0	5.037026e-02	2.455894e-01	-3.05793524,1.49551284,-1.5466094,0.858161032	-2.93911791,1.38303232,-1.52430105,0.793459237
p4	3	1207	conv_output_silu-5	5	6144	0	2.339591e-02	5.271792e-02	0.519956589,-0.0723773986,0.0149008343,-0.234413236	0.543469727,-0.0867562294,0.0161556695,-0.230800301
p4	3	1208	q_conv_predelta-5	5	2048	0	3.262755e-02	2.942508e-02	0.296048969,-0.0412096977,0.00848412514,-0.133468449	0.309787452,-0.0494526029,0.00920902006,-0.131560296
p4	3	1209	k_conv_predelta-5	5	2048	0	2.869329e-02	2.203038e-02	-0.00961288344,0.00262597157,-0.0596308075,0.00399572449	-0.00967198983,0.00316290581,-0.0647537634,0.00351416087
p4	3	1210	v_conv_predelta-5	5	2048	0	1.094866e-02	2.186012e-02	0.00580879254,-0.01092254,-0.00688434392,-0.00643718941	0.00605396414,-0.0111409733,-0.0066913343,-0.0065108235
p4	3	1211	a_softplus-5	5	16	0	1.776038e-02	9.702563e-03	0.084052451,0.0286183152,0.150635526,0.0106210914	0.0871419832,0.0257320199,0.158668503,0.0113609526
p4	3	1212	gate-5	5	16	0	1.684357e-02	1.230115e-02	-0.0641940013,-0.0034717957,-0.0383853428,-0.00444485852	-0.0665535927,-0.00312164822,-0.0404323265,-0.00475448556
p4	3	1213	beta_sigmoid-5	5	16	0	7.553979e-03	1.687223e-02	0.390759051,0.5846591,0.852390885,0.660683751	0.394926339,0.583855748,0.852878869,0.677555978
p4	3	1214	state_predelta-5	5	262144	1	7.666912e-03	1.191235e-02	0.000586853654,0.000148288018,0.0135974139,-0.00235938886	0.00057425577,0.00012920126,0.0134317214,-0.00245077908
p4	3	1215	new_state-5	5	262144	0	1.024843e-02	1.924247e-02	0.000500674942,0.000152641835,0.0124437306,-0.00219203485	0.000486083503,0.000137624811,0.0122241238,-0.00227437844
p4	3	1216	attn_output-5	5	2048	0	1.986528e-02	1.053482e-03	-0.000127844571,-4.48977589e-05,4.49968575e-05,1.12428324e-05	-0.000130075452,-4.62856915e-05,4.42876044e-05,1.0461029e-05
p4	3	1217	z-5	5	2048	0	3.024249e-02	2.756972e-01	1.89564037,0.954654038,0.756935716,1.35907102	1.83307219,0.942245662,0.734781921,1.33664083
p4	3	1218	final_output-5	5	2048	0	5.071350e-02	6.315154e-02	-0.199251994,-0.0281966422,0.0223759878,0.011614738	-0.194301754,-0.0285770465,0.0212163478,0.0105744079
p4	3	1219	linear_attn_out-5	5	1024	0	6.715687e-02	5.233128e-03	-0.147970825,-0.0201471001,0.0204322245,0.0100272484	-0.147998661,-0.0174178779,0.0218264256,0.0100190751
p4	3	1220	attn_residual-5	5	1024	0	5.065956e-02	8.946255e-03	-0.293884695,0.0328418314,-0.0384885594,0.0390788279	-0.287867725,0.0314545296,-0.0360890999,0.0368084125
p4	3	1221	attn_post_norm-5	5	1024	0	5.405505e-02	2.013547e-01	-3.97254848,0.667309403,-0.742810547,0.835547864	-3.90658379,0.641645372,-0.699253201,0.790112376
p4	3	1222	ffn_out-5	5	1024	0	8.042247e-02	8.549765e-03	-0.0928582773,-0.0279314592,0.0050880136,-0.0137947854	-0.0930168331,-0.0263899229,0.00645020138,-0.0114046149
p4	3	1223	l_out-5	5	1024	0	5.331639e-02	9.258665e-03	-0.386742979,0.0049103722,-0.0334005468,0.0252840426	-0.380884558,0.00506460667,-0.0296388976,0.0254037976
p4	3	1224	attn_norm-6	6	1024	0	5.499000e-02	2.509785e-01	-7.45117521,0.122589901,-0.806257665,0.668667138	-7.37074423,0.126999378,-0.718617797,0.674804211
p4	3	1225	conv_output_silu-6	6	6144	0	3.621486e-02	1.022967e-01	-0.0287112631,-0.00586638646,0.000839619839,-0.22000286	-0.0323266611,-0.0113398284,0.00228181412,-0.21773769
p4	3	1226	q_conv_predelta-6	6	2048	0	3.816299e-02	3.000322e-02	-0.01090826,-0.00222881394,0.000318996463,-0.083585605	-0.012147055,-0.00426104991,0.000857413688,-0.0818170384
p4	3	1227	k_conv_predelta-6	6	2048	0	3.789539e-02	2.657691e-02	-0.0162797235,-0.000572482648,0.166362569,0.0405304544	-0.0172117501,-0.00102364295,0.163994625,0.0407853127
p4	3	1228	v_conv_predelta-6	6	2048	0	2.594857e-02	2.485096e-02	-0.00175156258,-0.000727265025,-0.000854038983,0.00172718451	-0.00200075074,-0.00102328404,-0.00102713204,0.00242260867
p4	3	1229	a_softplus-6	6	16	0	1.032446e-02	2.120852e-02	0.460044265,0.127194613,0.494532168,0.0634104013	0.456972748,0.122997567,0.482654452,0.0618097298
p4	3	1230	gate-6	6	16	0	1.672603e-02	1.130784e-02	-0.0837802812,-0.0945230052,-0.150823802,-0.0351556093	-0.0832209215,-0.0914040282,-0.1472013,-0.0342681743
p4	3	1231	beta_sigmoid-6	6	16	0	1.186862e-02	1.204252e-02	0.753421605,0.46912694,0.638049126,0.520264208	0.752287209,0.460191786,0.648764074,0.512941599
p4	3	1232	state_predelta-6	6	262144	0	1.824743e-02	9.875074e-03	0.000141244222,-6.70703594e-05,0.000246244599,-0.000414165319	0.000146056045,-7.15597853e-05,0.000270616933,-0.000429172505
p4	3	1233	new_state-6	6	262144	0	2.054553e-02	1.382138e-02	0.00011742919,-6.21184226e-05,0.000353821262,-0.000349850248	0.000122890167,-6.65297048e-05,0.000358608697,-0.000367644476
p4	3	1234	attn_output-6	6	2048	0	1.515259e-02	1.459811e-04	-2.52864102e-05,2.48349479e-05,-1.06948864e-05,-3.60027684e-06	-2.65550916e-05,2.45335377e-05,-1.17826394e-05,-7.66984783e-07
p4	3	1235	z-6	6	2048	0	2.768224e-02	1.954734e-01	0.148541912,1.31328046,0.600165248,0.286361575	0.156801254,1.32759261,0.62518239,0.312975049
p4	3	1236	final_output-6	6	2048	0	5.569482e-02	3.814799e-02	-0.00169065257,0.0247538332,-0.00394558022,-0.000604210712	-0.00188201515,0.0248031821,-0.00456964411,-0.000142332661
p4	3	1237	linear_attn_out-6	6	1024	0	6.481707e-02	5.302049e-03	-0.0154235214,0.00780499354,-0.0151779801,0.0156489145	-0.0139575005,0.00743119419,-0.0165740661,0.0166185647
p4	3	1238	attn_residual-6	6	1024	0	5.119942e-02	1.070761e-02	-0.402166486,0.0127153657,-0.0485785268,0.0409329571	-0.394842058,0.0124958009,-0.0462129638,0.0420223624
p4	3	1239	attn_post_norm-6	6	1024	0	5.379774e-02	2.162540e-01	-6.07451725,0.235264763,-0.887276232,0.774865329	-5.98099232,0.231865481,-0.84649086,0.797769725
p4	3	1240	ffn_out-6	6	1024	0	7.442520e-02	9.697255e-03	0.0170332789,0.0424744934,-0.0196299572,0.0453511067	0.0253968388,0.0418168455,-0.0195804704,0.0432698987
p4	3	1241	l_out-6	6	1024	0	5.381710e-02	1.568800e-02	-0.385133207,0.0551898591,-0.0682084858,0.0862840638	-0.369445205,0.0543126464,-0.0657934323,0.0852922648
p4	3	1242	attn_norm-7	7	1024	0	5.191345e-02	2.346506e-01	-6.34149027,0.965682864,-1.23248529,1.81116986	-6.10683966,0.954030633,-1.19347131,1.7973156
p4	3	1243	attn_pregate-7	7	2048	0	4.640383e-02	3.489714e-01	0.0329504199,-0.0795913786,0.787916243,-0.275401443	0.0624129325,-0.0982902348,0.812265217,-0.246513784
p4	3	1244	attn_gated-7	7	2048	0	5.570937e-02	5.237025e-02	0.00439241715,-0.0146544985,0.0446171239,-0.0217335355	0.0084337797,-0.0173857212,0.0459911972,-0.0196906701
p4	3	1245	attn_output-7	7	1024	0	7.394848e-02	5.910911e-03	-0.0336334333,-0.0122967605,0.0161797125,-0.0532872304	-0.0384526402,-0.0123480111,0.0162361301,-0.0553265959
p4	3	1246	attn_residual-7	7	1024	0	5.908293e-02	1.120462e-02	-0.418766648,0.0428930968,-0.0520287752,0.0329968333	-0.40789783,0.0419646353,-0.0495573021,0.0299656689
p4	3	1247	attn_post_norm-7	7	1024	0	6.315237e-02	2.200996e-01	-5.17738771,0.7722404,-0.903248847,0.618143022	-5.08518982,0.761843383,-0.867538214,0.566053987
p4	3	1248	ffn_out-7	7	1024	0	9.506808e-02	1.254274e-02	-0.0543759912,0.0130198095,0.0417966545,-0.0422114991	-0.0418332517,0.0129989702,0.04031571,-0.0381290838
p4	3	1249	l_out-7	7	1024	0	6.505356e-02	2.341154e-02	-0.473142624,0.0559129044,-0.0102321208,-0.00921466574	-0.449731082,0.0549636036,-0.00924159214,-0.0081634149
p4	3	1250	attn_norm-8	8	1024	0	6.871209e-02	3.894081e-01	-9.45312119,1.3215462,-0.219463721,-0.234040439	-9.06371307,1.3104353,-0.199946582,-0.209147811
p4	3	1251	conv_output_silu-8	8	6144	0	3.643889e-02	6.669366e-02	-0.00854395982,0.00233012857,-0.161164075,-0.0645563528	-0.00553527102,0.00266870344,-0.155464888,-0.0692922994
p4	3	1252	q_conv_predelta-8	8	2048	0	4.828453e-02	3.545666e-02	-0.00708136009,0.00193124474,-0.133575156,-0.053505253	-0.00473367516,0.00228223228,-0.132951081,-0.0592576638
p4	3	1253	k_conv_predelta-8	8	2048	0	4.715255e-02	3.292584e-02	-0.0215913169,0.158850253,0.073610194,-0.0182679631	-0.0226858333,0.148210317,0.0730778053,-0.018987624
p4	3	1254	v_conv_predelta-8	8	2048	0	2.528224e-02	3.406191e-02	-0.183358505,-0.0238138847,-0.0171886757,0.0166835003	-0.18197538,-0.0226074308,-0.0185970999,0.0140397353
p4	3	1255	a_softplus-8	8	16	0	3.565619e-02	3.196853e-02	0.194626063,0.0626490712,0.0149371037,0.0249569081	0.182289407,0.063949652,0.0158933271,0.0270901807
p4	3	1256	gate-8	8	16	0	3.228346e-02	1.157823e-02	-0.06832017,-0.0178095773,-0.00445002969,-0.00376792951	-0.0639895946,-0.0181793012,-0.0047349059,-0.00409000553
p4	3	1257	beta_sigmoid-8	8	16	0	2.237508e-02	2.431214e-02	0.732733369,0.272603393,0.264939576,0.318679214	0.748775363,0.285309047,0.273338109,0.330414295
p4	3	1258	state_predelta-8	8	262144	0	1.873863e-02	4.479903e-02	0.00140919338,-0.0124742277,-0.001178951,-0.00181387074	0.00137042871,-0.0132856481,-0.00116981473,-0.00182295009
p4	3	1259	new_state-8	8	262144	0	1.966319e-02	4.501015e-02	0.00365494587,-0.0288574155,-0.00907469541,0.000284736161	0.00375755271,-0.0286125802,-0.00906057749,0.00035912334
p4	3	1260	attn_output-8	8	2048	0	4.085930e-02	2.987817e-03	-0.000558504486,-6.10808493e-05,-5.48243952e-05,9.3171584e-05	-0.000574062637,-6.21325235e-05,-5.75614104e-05,8.51806763e-05
p4	3	1261	z-8	8	2048	0	2.970034e-02	2.504499e-01	-0.197495744,0.386555701,0.218177438,0.281128287	-0.204869375,0.380572379,0.183355361,0.312881082
p4	3	1262	final_output-8	8	2048	0	9.727320e-02	1.195137e-01	0.0455293246,-0.00910009444,-0.00660483865,0.0112081561	0.0483232476,-0.0090867104,-0.00573420571,0.0115536684
p4	3	1263	linear_attn_out-8	8	1024	0	1.022235e-01	1.084985e-02	-0.123315781,-0.022431897,-0.00954003725,0.020242244	-0.112465933,-0.024621211,-0.00902637467,0.019425882
p4	3	1264	attn_residual-8	8	1024	0	6.639811e-02	3.426141e-02	-0.596458435,0.0334810093,-0.0197721571,0.0110275783	-0.56219703,0.0303423926,-0.0182679668,0.0112624671
p4	3	1265	attn_post_norm-8	8	1024	0	7.244826e-02	3.488674e-01	-7.38414621,0.601125419,-0.342818767,0.217111692	-7.0352788,0.550666928,-0.320164651,0.224134758
p4	3	1266	ffn_out-8	8	1024	0	9.990960e-02	1.052034e-02	-0.134438708,-0.0352751538,0.0126882186,0.00708177593	-0.132095069,-0.0353820175,0.0149154952,0.00405459432
p4	3	1267	l_out-8	8	1024	0	6.692391e-02	3.660506e-02	-0.730897129,-0.00179414451,-0.00708393846,0.0181093551	-0.694292068,-0.00503962487,-0.00335247163,0.0153170619
p4	3	1268	attn_norm-9	9	1024	0	7.021742e-02	5.095329e-01	-12.6938343,-0.0379015878,-0.147412419,0.452899694	-12.1843014,-0.10757716,-0.0704930499,0.38707611
p4	3	1269	conv_output_silu-9	9	6144	0	4.442303e-02	1.973720e-01	-0.0267589986,-0.229154676,-0.241708457,0.0928821787	-0.0268200673,-0.227314413,-0.24073568,0.087440379
p4	3	1270	q_conv_predelta-9	9	2048	0	4.486293e-02	3.413729e-02	-0.0160645954,-0.137571573,-0.145108148,0.055761233	-0.0162959602,-0.138116971,-0.14627178,0.0531290583
p4	3	1271	k_conv_predelta-9	9	2048	0	4.638678e-02	5.154823e-02	-0.0213594735,0.00237161689,-0.114991911,-0.0208196957	-0.0202786345,0.00342886592,-0.116147593,-0.0201782305
p4	3	1272	v_conv_predelta-9	9	2048	0	2.763047e-02	3.074381e-02	-0.000899735955,0.0396505743,0.00641453592,-0.00364806014	-0.000244708412,0.0381054357,0.00671885535,-0.00331965694
p4	3	1273	a_softplus-9	9	16	0	1.412089e-02	2.270719e-02	0.00761061208,0.0181835592,0.113639541,0.21298942	0.0072849826,0.0188328028,0.116840363,0.235696614
p4	3	1274	gate-9	9	16	0	3.426264e-02	7.365257e-03	-0.00308700046,-0.00248017814,-0.0386639088,-0.0393990837	-0.00295491936,-0.00256873271,-0.0397529341,-0.0435994901
p4	3	1275	beta_sigmoid-9	9	16	0	4.330325e-02	3.541705e-02	0.578285217,0.15076156,0.380839467,0.298632979	0.585256338,0.166607887,0.379001826,0.332075596
p4	3	1276	state_predelta-9	9	262144	0	2.842818e-02	4.861772e-02	-0.000356518314,-0.000497687724,0.00037684181,8.53039674e-05	-0.000477935362,-0.000527268217,0.000217514142,8.11608916e-05
p4	3	1277	new_state-9	9	262144	0	2.943208e-02	4.104900e-02	-0.000372945506,-0.000494207721,0.000281326124,6.79578807e-05	-0.000496073044,-0.000522407179,0.000104910279,6.14703386e-05
p4	3	1278	attn_output-9	9	2048	0	4.776904e-02	2.891079e-04	4.52660061e-06,0.000139688796,5.05200369e-05,-8.26113537e-05	7.60749299e-06,0.000137742201,4.99766393e-05,-8.63142632e-05
p4	3	1279	z-9	9	2048	0	3.537910e-02	2.259368e-01	0.263531953,-0.235569835,1.20936811,0.692186296	0.287331313,-0.232081026,1.1284976,0.658146024
p4	3	1280	final_output-9	9	2048	0	7.292210e-02	2.182245e-02	0.000731351727,-0.014941006,0.0500814542,-0.0374062024	0.00135343918,-0.0145372972,0.0453344807,-0.0367224179
p4	3	1281	linear_attn_out-9	9	1024	0	9.052408e-02	5.194359e-03	0.00901418552,-0.000307232724,0.00770410802,-0.00421001576	0.014208544,-0.000298857689,0.00793620013,-0.00314080389
p4	3	1282	attn_residual-9	9	1024	0	6.788566e-02	4.179943e-02	-0.721882939,-0.00210137712,0.000620169565,0.0138993394	-0.680083513,-0.00533848256,0.0045837285,0.0121762585
p4	3	1283	attn_post_norm-9	9	1024	0	7.368794e-02	4.137650e-01	-8.702075,-0.0354772061,0.0101093054,0.265381813	-8.28831005,-0.0911194235,0.0755400807,0.235038251
p4	3	1284	ffn_out-9	9	1024	0	1.158344e-01	8.949749e-03	-0.0267636105,0.00398166291,-0.00295837759,-0.0367748812	-0.031548366,0.00405807933,-0.00466913497,-0.0411000177
p4	3	1285	l_out-9	9	1024	0	6.808817e-02	3.701466e-02	-0.748646557,0.0018802858,-0.00233820803,-0.0228755418	-0.711631894,-0.00128040323,-8.5406471e-05,-0.0289237592
p4	3	1286	attn_norm-10	10	1024	0	7.110410e-02	5.835094e-01	-13.9943886,0.0366198868,-0.0486863889,-0.5135625	-13.4108791,-0.0251399633,-0.00179283344,-0.65463829
p4	3	1287	conv_output_silu-10	10	6144	0	4.477699e-02	2.695227e-01	0.00873577036,-0.0062705907,0.00385468733,-0.0265601855	0.00887355581,-0.00603330694,0.00396673288,-0.0228353627
p4	3	1288	q_conv_predelta-10	10	2048	0	4.670710e-02	3.313994e-02	0.0229762811,-0.0164925177,0.0101383599,-0.0698569492	0.0237126015,-0.016122669,0.0106002102,-0.0610224195
p4	3	1289	k_conv_predelta-10	10	2048	0	5.798364e-02	5.380873e-02	-0.0624434538,-0.0673733354,0.144851446,0.0216088593	-0.0577214137,-0.069931224,0.158655703,0.0216808636
p4	3	1290	v_conv_predelta-10	10	2048	0	5.629194e-02	1.978480e-02	0.00482540252,0.0188953262,-0.00724295899,0.0105802165	0.00382910832,0.018016072,-0.00775489677,0.00899895653
p4	3	1291	a_softplus-10	10	16	0	1.450384e-02	3.898358e-02	0.188942179,0.00314788753,3.50547361,0.233615756	0.187399313,0.00340964599,3.49966574,0.249847189
p4	3	1292	gate-10	10	16	0	1.062707e-02	5.978327e-03	-0.144584328,-0.0182569176,-1.08594501,-0.0478341654	-0.143403679,-0.0197750479,-1.0841459,-0.0511576459
p4	3	1293	beta_sigmoid-10	10	16	0	3.536302e-02	4.974842e-02	0.747367501,0.32730642,0.941047668,0.531429648	0.750082016,0.335184395,0.941514313,0.546595097
p4	3	1294	state_predelta-10	10	262144	0	4.581177e-02	2.647436e-02	-0.00074633176,0.00178958266,0.00312066101,0.000363417348	-0.000701995043,0.00160170963,0.00335571007,0.000347659108
p4	3	1295	new_state-10	10	262144	0	5.316777e-02	2.517396e-02	-0.000551647216,0.0016503256,0.00248201168,0.00028189132	-0.000481274066,0.00154151651,0.00255849538,0.00025353409
p4	3	1296	attn_output-10	10	2048	0	3.684246e-02	1.306850e-04	-1.0656423e-05,5.10551945e-05,-3.23421455e-06,2.92987042e-05	-1.08980212e-05,5.25131254e-05,-1.01132446e-05,2.51294296e-05
p4	3	1297	z-10	10	2048	0	3.045314e-02	1.939578e-01	1.12919497,0.96384275,0.862779081,0.888759613	1.12947237,0.886194944,0.833598316,0.858452618
p4	3	1298	final_output-10	10	2048	0	8.057747e-02	2.592517e-02	-0.00815654453,0.0379812643,-0.00190852559,0.0188375432	-0.00834318437,0.0351316184,-0.0057151909,0.0154656274
p4	3	1299	linear_attn_out-10	10	1024	0	9.023269e-02	6.836902e-03	0.114823341,0.017804753,-0.00239211088,-0.0241387747	0.111677095,0.0175768845,-0.00281192921,-0.0233751964
p4	3	1300	attn_residual-10	10	1024	0	6.797814e-02	3.386843e-02	-0.633823216,0.0196850393,-0.00473031867,-0.0470143184	-0.599954784,0.0162964817,-0.00289733568,-0.0522989556
p4	3	1301	attn_post_norm-10	10	1024	0	7.201065e-02	3.887110e-01	-8.88348007,0.340578347,-0.0815782547,-0.866396427	-8.4947691,0.284834564,-0.0504778549,-0.973638177
p4	3	1302	ffn_out-10	10	1024	0	1.018642e-01	9.619247e-03	0.280993551,-0.0232501328,0.0290138479,0.0186430104	0.272785962,-0.0232006088,0.0255275536,0.018591078
p4	3	1303	l_out-10	10	1024	0	6.789548e-02	2.566084e-02	-0.352829665,-0.0035650935,0.0242835283,-0.028371308	-0.327168822,-0.00690412708,0.0226302184,-0.0337078795
p4	3	1304	attn_norm-11	11	1024	0	6.624242e-02	3.851500e-01	-5.66728449,-0.0597270094,0.434467852,-0.559724331	-5.28213453,-0.116261587,0.406969875,-0.668426871
p4	3	1305	attn_pregate-11	11	2048	0	4.675772e-02	3.444939e-01	0.140084401,0.0799232721,0.115506113,0.0502538756	0.145745739,0.0767375529,0.114582479,0.0638267398
p4	3	1306	attn_gated-11	11	2048	0	6.150094e-02	3.471504e-02	0.00674809422,0.00430648448,0.00397357717,0.00367288222	0.0071453671,0.00400591316,0.00391172431,0.00455078203
p4	3	1307	attn_output-11	11	1024	0	8.982724e-02	8.555360e-03	-0.0873716325,-0.00619298033,-0.00588288158,-0.00750404224	-0.0788162723,-0.00661075767,-0.00619633123,-0.0059973523
p4	3	1308	attn_residual-11	11	1024	0	7.228752e-02	3.421620e-02	-0.440201283,-0.00975807384,0.0184006467,-0.0358753502	-0.405985087,-0.0135148847,0.0164338872,-0.0397052318
p4	3	1309	attn_post_norm-11	11	1024	0	7.620929e-02	3.910012e-01	-5.70292759,-0.179348588,0.32271713,-0.677420735	-5.31192636,-0.250865877,0.291088194,-0.757191062
p4	3	1310	ffn_out-11	11	1024	0	1.103688e-01	1.167982e-02	-0.142223775,-0.0148431258,0.0048823338,0.0129533038	-0.149742424,-0.0175227597,0.00306895981,0.0201809369
p4	3	1311	l_out-11	11	1024	0	7.268262e-02	2.669758e-02	-0.582425058,-0.0246011987,0.0232829805,-0.0229220465	-0.555727482,-0.0310376436,0.0195028465,-0.0195242949
p4	3	1312	attn_norm-12	12	1024	0	7.460489e-02	4.485037e-01	-11.1174603,-0.529816389,0.522407234,-0.549422264	-10.7478838,-0.677256882,0.443367779,-0.474158764
p4	3	1313	conv_output_silu-12	12	6144	0	4.603222e-02	1.622250e-01	-0.00410658028,0.0925699994,0.0525575206,0.0110354936	-0.00370251387,0.0980484188,0.0524313897,0.00309758564
p4	3	1314	q_conv_predelta-12	12	2048	0	4.951193e-02	4.936054e-02	-0.0018433925,0.0415535159,0.0235924143,0.004953695	-0.00164542021,0.0435733274,0.0233008359,0.00137658627
p4	3	1315	k_conv_predelta-12	12	2048	0	4.276611e-02	2.777776e-02	-0.0892762467,-0.0292038638,-0.0353872143,-0.005388238	-0.0918561891,-0.0271780193,-0.0294262003,-0.00506280269
p4	3	1316	v_conv_predelta-12	12	2048	0	3.920464e-02	1.622250e-01	-0.0132619757,0.0100183031,0.0201403778,-0.0111748837	-0.0129759824,0.00960355345,0.0200238042,-0.0116506545
p4	3	1317	a_softplus-12	12	16	0	6.873795e-02	2.937034e-02	0.0104819005,0.0470826067,0.0162215624,0.011449228	0.0107635651,0.047363814,0.0169846024,0.0122477114
p4	3	1318	gate-12	12	16	0	2.083381e-02	2.288759e-03	-0.00211295509,-0.0277867652,-0.00168323307,-0.00325473165	-0.0021697334,-0.0279527251,-0.00176241004,-0.00348172057
p4	3	1319	beta_sigmoid-12	12	16	0	2.622189e-02	1.987621e-02	0.595619082,0.670716286,0.203792378,0.354279459	0.603265584,0.683639944,0.212908104,0.371664315
p4	3	1320	state_predelta-12	12	262144	0	2.641603e-02	9.148312e-02	-0.000456828275,9.72666094e-05,-0.000142661564,-0.000284024922	-0.000451767672,9.78706448e-05,-0.000165193967,-0.0002864782
p4	3	1321	new_state-12	12	262144	0	2.867030e-02	8.894634e-02	9.77280724e-05,0.000278151245,7.70717452e-05,-0.000250013545	0.000108567678,0.000263158465,1.4354242e-05,-0.000255027466
p4	3	1322	attn_output-12	12	2048	0	1.757743e-02	2.244949e-03	-7.15688802e-05,5.1170271e-05,6.97914002e-05,-5.37003325e-05	-7.04199774e-05,4.9401584e-05,6.97250216e-05,-5.43049646e-05
p4	3	1323	z-12	12	2048	0	3.378850e-02	3.341110e-01	-0.419642776,-0.13793686,-0.742968857,-0.0183618441	-0.431497455,-0.045105204,-0.729340613,-0.0652658045
p4	3	1324	final_output-12	12	2048	0	9.444839e-02	8.814526e-02	0.00959017687,-0.00277758413,-0.0111492174,0.00040676081	0.00965254568,-0.000922306674,-0.0110573657,0.00143031578
p4	3	1325	linear_attn_out-12	12	1024	0	1.070164e-01	6.038344e-03	-0.0952597633,0.00786060095,0.0144119728,0.00947603211	-0.0976098254,0.00621891115,0.0158266164,0.0101123452
p4	3	1326	attn_residual-12	12	1024	0	7.090256e-02	2.434754e-02	-0.677684844,-0.0167405978,0.0376949534,-0.0134460144	-0.6533373,-0.0248187333,0.0353294611,-0.00941194966
p4	3	1327	attn_post_norm-12	12	1024	0	7.493218e-02	3.474765e-01	-7.89355659,-0.301703423,0.621461689,-0.237457663	-7.70108032,-0.452645451,0.589437068,-0.168205991
p4	3	1328	ffn_out-12	12	1024	0	1.177268e-01	1.254328e-02	-0.100530222,-0.0120444205,-0.0203823205,0.00146593526	-0.102258742,-0.0146296611,-0.0186453871,-0.000187698752
p4	3	1329	l_out-12	12	1024	0	7.221184e-02	2.261901e-02	-0.778215051,-0.0287850183,0.0173126329,-0.0119800791	-0.755596042,-0.0394483954,0.016684074,-0.00959964842
p4	3	1330	attn_norm-13	13	1024	0	7.711837e-02	3.794255e-01	-13.838192,-0.580212533,0.355484545,-0.274093121	-13.546771,-0.801708162,0.345402986,-0.221442088
p4	3	1331	conv_output_silu-13	13	6144	0	4.070970e-02	1.049297e-01	0.195080668,-0.0831419975,0.0269465204,-0.0500287525	0.205248713,-0.0874896199,0.0268527605,-0.0484886467
p4	3	1332	q_conv_predelta-13	13	2048	0	5.186887e-02	4.263417e-02	0.127800226,-0.0544675514,0.0176530629,-0.0327745751	0.13485159,-0.0574820377,0.0176426806,-0.0318577923
p4	3	1333	k_conv_predelta-13	13	2048	0	5.236570e-02	3.309098e-02	-0.0108406991,0.00697696954,-0.0143264476,0.197678238	-0.0134069556,0.00497922814,-0.0128643215,0.221551731
p4	3	1334	v_conv_predelta-13	13	2048	0	6.613330e-02	1.049297e-01	-0.00616611168,-0.0120148528,-0.0060177967,0.000816115469	-0.00577313453,-0.0120080905,-0.00600967649,0.000652312476
p4	3	1335	a_softplus-13	13	16	0	2.080570e-02	2.647543e-02	0.0957626626,0.0962114483,0.381994963,0.0961001366	0.0974932462,0.0922771469,0.377788275,0.0918939039
p4	3	1336	gate-13	13	16	0	2.590681e-02	4.757233e-03	-0.0257741716,-0.110738702,-0.192079127,-0.0230048075	-0.0262399521,-0.106210351,-0.189963877,-0.0219979044
p4	3	1337	beta_sigmoid-13	13	16	0	1.998822e-02	1.975438e-02	0.460119963,0.640065789,0.545661867,0.477387637	0.469526231,0.62746799,0.550306261,0.49338311
p4	3	1338	state_predelta-13	13	262144	0	5.946911e-02	2.232173e-02	4.08341803e-05,-5.59021064e-05,0.000178179631,0.00075799413	3.47725509e-05,-7.16702416e-05,0.000228899036,0.00100157643
p4	3	1339	new_state-13	13	262144	0	6.211050e-02	3.418961e-02	6.38332203e-05,-6.99503507e-05,0.000205413206,0.000300377316	5.92818396e-05,-7.92510764e-05,0.000247352262,0.000555735722
p4	3	1340	attn_output-13	13	2048	0	5.064705e-02	1.168445e-04	-1.88594349e-05,-2.96582289e-06,1.25403349e-05,-1.14827108e-05	-2.22379731e-05,-7.35210324e-06,1.97268128e-05,-1.36507042e-05
p4	3	1341	z-13	13	2048	0	4.399244e-02	3.044364e-01	0.398309857,1.24885631,0.0451260731,1.04671788	0.293767422,1.20177507,-0.0201217085,1.02617741
p4	3	1342	final_output-13	13	2048	0	9.266207e-02	4.198989e-02	-0.00473086582,-0.00305217854,0.000304916088,-0.00915726647	-0.00393981161,-0.00720350631,-0.000207054269,-0.0106152995
p4	3	1343	linear_attn_out-13	13	1024	0	8.803416e-02	6.898332e-03	-0.0927067325,-0.0290448852,0.0144648729,-0.0350684412	-0.0864325762,-0.0291837901,0.013290382,-0.0335865617
p4	3	1344	attn_residual-13	13	1024	0	7.035929e-02	2.889317e-02	-0.870921791,-0.0578299016,0.0317775048,-0.0470485203	-0.842028618,-0.0686321855,0.0299744569,-0.0431862101
p4	3	1345	attn_post_norm-13	13	1024	0	7.468462e-02	2.866713e-01	-9.98736858,-1.00295556,0.508630455,-0.750516236	-9.74288559,-1.20100808,0.484086215,-0.695101202
p4	3	1346	ffn_out-13	13	1024	0	1.017631e-01	9.345816e-03	0.015498355,-0.00187523663,-0.00173121318,0.0568127297	0.00908894092,-0.00652029179,-0.00208695978,0.056911245
p4	3	1347	l_out-13	13	1024	0	6.915078e-02	2.248377e-02	-0.85542345,-0.0597051382,0.0300462916,0.00976420939	-0.832939684,-0.0751524791,0.0278874971,0.0137250349
p4	3	1348	attn_norm-14	14	1024	0	7.129593e-02	3.332387e-01	-13.9901524,-1.10237455,0.51491034,0.194270357	-13.6900721,-1.39447796,0.480287373,0.274431407
p4	3	1349	conv_output_silu-14	14	6144	0	2.908413e-02	9.947801e-02	0.0264385492,0.0229870938,-0.227357164,-0.0911750793	0.0505362004,0.0251857843,-0.231730312,-0.081076853
p4	3	1350	q_conv_predelta-14	14	2048	0	4.259440e-02	5.433976e-02	0.00783591717,0.00681296736,-0.0673846304,-0.0270226784	0.0147271473,0.00733958511,-0.067530334,-0.0236272365
p4	3	1351	k_conv_predelta-14	14	2048	0	5.768666e-02	7.092758e-02	0.0108952839,-0.015098705,-0.0274648257,0.0186346807	0.00969790295,-0.0200513285,-0.0261477977,0.0184369981
p4	3	1352	v_conv_predelta-14	14	2048	0	3.556499e-02	8.662534e-02	0.01189717,-0.0263820924,-0.0197860003,-0.0194225479	0.0106065795,-0.0272572562,-0.0229056347,-0.0190084614
p4	3	1353	a_softplus-14	14	16	0	3.208508e-02	2.021843e-02	0.136637598,0.0326696895,0.0207794141,0.00211265869	0.137385696,0.0351489671,0.0185949448,0.00224814238
p4	3	1354	gate-14	14	16	0	3.574541e-02	6.362021e-03	-0.0429949276,-0.00545965275,-0.0138150649,-0.00635670219	-0.043230325,-0.0058739814,-0.0123627335,-0.00676435418
p4	3	1355	beta_sigmoid-14	14	16	0	1.269425e-02	1.774266e-02	0.421832919,0.176531911,0.340805978,0.480828106	0.427961677,0.172201738,0.323063314,0.481424809
p4	3	1356	state_predelta-14	14	262144	0	5.479270e-02	4.366302e-02	1.83667162e-05,0.000405086175,-1.87278492e-05,1.40365428e-05	1.24178696e-05,0.000357636862,-4.25117323e-05,4.22737321e-05
p4	3	1357	new_state-14	14	262144	0	5.427534e-02	3.717279e-02	7.15706628e-05,0.000313237368,-0.000154004621,0.000105764862	5.97986873e-05,0.00024345491,-0.000169879349,0.000131561217
p4	3	1358	attn_output-14	14	2048	0	2.693172e-02	3.146045e-04	3.55964744e-06,4.28560361e-06,6.12817473e-07,-6.53029747e-06	1.65545191e-06,3.56855298e-06,3.82267388e-07,-7.13719737e-06
p4	3	1359	z-14	14	2048	0	2.876650e-02	2.557269e-01	-0.0799927711,-0.726379871,0.157318413,1.00699139	-0.0922699571,-0.743755698,0.15564692,1.00167608
p4	3	1360	final_output-14	14	2048	0	6.667810e-02	4.457974e-02	-0.000142568897,-0.00100708043,5.18644956e-05,-0.00437255669	-7.5928976e-05,-0.000847919378,3.19578066e-05,-0.00474304473
p4	3	1361	linear_attn_out-14	14	1024	0	7.123916e-02	1.200978e-02	0.357124269,-0.0233218223,-7.41332769e-07,-0.0248614829	0.360557437,-0.0187167823,-0.00791613385,-0.0271635912
p4	3	1362	attn_residual-14	14	1024	0	6.942507e-02	2.591693e-02	-0.498299181,-0.0830269605,0.0300455503,-0.0150972735	-0.472382247,-0.0938692614,0.0199713632,-0.0134385563
p4	3	1363	attn_post_norm-14	14	1024	0	6.983847e-02	2.663267e-01	-5.42840862,-1.26852727,0.430758029,-0.210049644	-5.1755085,-1.44238484,0.287963897,-0.188041255
p4	3	1364	ffn_out-14	14	1024	0	8.235600e-02	1.185265e-02	0.318695486,-0.00495662261,0.00803561136,-0.0216550548	0.326863438,-0.00339523191,0.00814353395,-0.0198800154
p4	3	1365	l_out-14	14	1024	0	6.978448e-02	3.408489e-02	-0.179603696,-0.0879835859,0.0380811617,-0.0367523283	-0.14551881,-0.097264491,0.0281148963,-0.0333185717
p4	3	1366	attn_norm-15	15	1024	0	6.738705e-02	3.533992e-01	-1.912588,-1.04721403,0.452268958,-0.434009254	-1.55918884,-1.16482735,0.335966915,-0.395889491
p4	3	1367	attn_pregate-15	15	2048	0	3.609182e-02	6.820669e-01	-0.409077466,0.272222996,0.24994123,0.19463174	-0.4012402,0.277162194,0.282314301,0.224548966
p4	3	1368	attn_gated-15	15	2048	0	4.828461e-02	5.319795e-02	-0.0601847023,0.0153891323,0.00770645775,0.0499350503	-0.0590743907,0.0161838569,0.00897802226,0.0562536307
p4	3	1369	attn_output-15	15	1024	0	8.010579e-02	1.023412e-02	-0.200618744,0.0045510903,-0.0301013738,-0.00308421254	-0.201080859,0.00300306082,-0.0320329294,0.00285463035
p4	3	1370	attn_residual-15	15	1024	0	7.388898e-02	3.362277e-02	-0.38022244,-0.0834324956,0.00797978789,-0.0398365408	-0.346599668,-0.0942614302,-0.00391803309,-0.0304639414
p4	3	1371	attn_post_norm-15	15	1024	0	7.422129e-02	3.059627e-01	-3.25254059,-1.12853968,0.102939084,-0.476849824	-2.9951055,-1.28799629,-0.0510570891,-0.368370682
p4	3	1372	ffn_out-15	15	1024	0	9.182980e-02	2.748430e-02	-0.250940114,-0.0188127328,-0.019253511,-0.0461595058	-0.278424412,-0.0196082518,-0.0231520049,-0.044354748
p4	3	1373	l_out-15	15	1024	0	6.945567e-02	2.684614e-02	-0.631162524,-0.102245227,-0.0112737231,-0.0859960467	-0.62502408,-0.113869682,-0.027070038,-0.0748186857
p4	3	1374	attn_norm-16	16	1024	0	7.084236e-02	3.648860e-01	-6.76266575,-1.57565892,-0.14471218,-1.236696	-6.73296022,-1.76424885,-0.349348754,-1.08175051
p4	3	1375	conv_output_silu-16	16	6144	0	2.846558e-02	1.024172e-01	-0.230397135,-0.117311105,-0.141157091,-0.220008999	-0.234490067,-0.129108757,-0.135031059,-0.214360386
p4	3	1376	q_conv_predelta-16	16	2048	0	4.314231e-02	3.408907e-02	-0.0191225857,-0.00973663013,-0.011715808,-0.0182603858	-0.0193948895,-0.0106787039,-0.0111685432,-0.0177299455
p4	3	1377	k_conv_predelta-16	16	2048	0	4.621098e-02	3.271112e-02	0.12346679,0.0250758044,-0.0983275026,-0.122924171	0.12029656,0.0190262906,-0.0993465558,-0.124928087
p4	3	1378	v_conv_predelta-16	16	2048	0	2.691300e-02	1.024172e-01	-0.24374631,-0.00341776526,0.260012478,0.0415715799	-0.242037863,-0.00320867077,0.25723964,0.0386312231
p4	3	1379	a_softplus-16	16	16	0	9.218980e-02	7.783079e-02	0.0130073167,0.0707827806,0.00693426793,0.110636152	0.0141844871,0.0726156384,0.00763936015,0.116488062
p4	3	1380	gate-16	16	16	0	9.060222e-02	3.169310e-02	-0.00264259684,-0.028710762,-0.000828180229,-0.0239267461	-0.00288175349,-0.0294542015,-0.000912391464,-0.025192311
p4	3	1381	beta_sigmoid-16	16	16	0	1.851482e-02	1.857731e-02	0.247689992,0.415752888,0.707980692,0.649441779	0.234728217,0.403606296,0.718978465,0.644277811
p4	3	1382	state_predelta-16	16	262144	0	4.144442e-02	5.795870e-02	-0.0168244801,0.0015843343,3.10160685e-05,0.00754226837	-0.0161330774,0.0038184477,-0.000206767581,0.00676474161
p4	3	1383	new_state-16	16	262144	0	3.911634e-02	5.887297e-02	-0.0214923099,0.000623110391,0.00378369959,0.0122138849	-0.0204030033,0.00312477909,0.00335847214,0.0112278089
p4	3	1384	attn_output-16	16	2048	0	2.309993e-02	1.357641e-03	-0.0015939814,-9.71779446e-05,0.00410380214,0.000646252825	-0.00158657844,-9.80740151e-05,0.0041843839,0.000629811606
p4	3	1385	z-16	16	2048	0	3.789332e-02	2.657261e-01	-0.0484610349,0.662021637,-2.46910834,0.873574972	-0.0622614622,0.673078358,-2.26675844,0.906152785
p4	3	1386	final_output-16	16	2048	0	6.915966e-02	7.586321e-02	0.0138412239,-0.0161231887,-0.335467368,0.148589939	0.0167463813,-0.0158226751,-0.360018224,0.144490451
p4	3	1387	linear_attn_out-16	16	1024	0	8.150179e-02	1.210560e-02	-0.190320998,0.0514223576,-0.0344848149,0.0405699275	-0.189003527,0.0507459939,-0.0291802026,0.0413033776
p4	3	1388	attn_residual-16	16	1024	0	6.827131e-02	2.851599e-02	-0.821483493,-0.0508228689,-0.0457585379,-0.0454261191	-0.814027607,-0.0631236881,-0.0562502407,-0.0335153081
p4	3	1389	attn_post_norm-16	16	1024	0	7.017879e-02	3.036847e-01	-5.54131985,-0.577219248,-0.508690655,-0.421922386	-5.52574205,-0.721458077,-0.629278779,-0.313261688
p4	3	1390	ffn_out-16	16	1024	0	1.139589e-01	2.052164e-02	-0.204100743,-0.0248252079,0.0369427651,0.0238359235	-0.190969825,-0.025795117,0.0381788947,0.024328718
p4	3	1391	l_out-16	16	1024	0	7.271064e-02	3.192452e-02	-1.02558422,-0.0756480768,-0.00881577283,-0.0215901956	-1.00499749,-0.0889188051,-0.018071346,-0.00918659009
p4	3	1392	attn_norm-17	17	1024	0	7.433589e-02	4.157567e-01	-10.3493891,-1.02629745,-0.111807026,-0.266579628	-10.1841774,-1.21139729,-0.230153099,-0.113904886
p4	3	1393	conv_output_silu-17	17	6144	0	2.408024e-02	3.813190e-01	-0.0906808823,-0.22199975,-0.273955256,-0.023899531	-0.0883753225,-0.225511461,-0.274451166,-0.0241128206
p4	3	1394	q_conv_predelta-17	17	2048	0	4.281714e-02	3.013536e-02	-0.013770977,-0.0337133184,-0.0416033827,-0.00362942973	-0.0135692842,-0.0346253775,-0.0421396568,-0.00370231993
p4	3	1395	k_conv_predelta-17	17	2048	0	4.280862e-02	3.559711e-02	-0.0409241319,-0.0992915109,-0.0527614839,-0.00870005693	-0.0413121767,-0.098907046,-0.0525062308,-0.00868949108
p4	3	1396	v_conv_predelta-17	17	2048	0	2.818908e-02	7.959956e-02	-0.19486472,-0.207975402,-0.00809322018,-0.210423097	-0.195644543,-0.208341315,-0.0109328963,-0.221484244
p4	3	1397	a_softplus-17	17	16	0	1.035544e-01	8.903265e-02	0.00217344426,0.00339182513,0.411902696,0.227842689	0.00259099226,0.00372501952,0.48562327,0.263077587
p4	3	1398	gate-17	17	16	0	1.132138e-01	1.940568e-02	-0.000512220839,-0.000877924846,-0.104145311,-0.0793578923	-0.000610625371,-0.000964167353,-0.122784793,-0.0916302577
p4	3	1399	beta_sigmoid-17	17	16	0	1.737593e-02	1.768371e-02	0.629892766,0.0953524485,0.853295505,0.456853747	0.623012781,0.093132481,0.852908611,0.443909436
p4	3	1400	state_predelta-17	17	262144	0	4.433504e-02	1.030488e-01	0.00101308851,0.031376183,0.00809255987,0.0134415785	0.00090621179,0.0316542797,0.00751081575,0.0123551395
p4	3	1401	new_state-17	17	262144	0	4.339303e-02	9.727526e-02	0.00260852766,0.0352322832,0.0101460069,0.0137739796	0.00249404646,0.0354377776,0.00952501222,0.0126816947
p4	3	1402	attn_output-17	17	2048	0	3.804854e-02	6.005481e-03	-0.00096956105,-0.000857470557,-1.79690705e-05,-0.000805763179	-0.000948228932,-0.000827070093,-1.69080558e-05,-0.000797825691
p4	3	1403	z-17	17	2048	0	4.261083e-02	3.418300e-01	0.89687264,-0.382962495,0.233401537,-3.89656973	0.893424332,-0.385656297,0.195789695,-4.0746007
p4	3	1404	final_output-17	17	2048	0	7.620617e-02	2.081746e-01	-0.316287786,0.0754238889,-0.000918050529,0.0315251462	-0.315109015,0.0748734772,-0.000729414169,0.0280544963
p4	3	1405	linear_attn_out-17	17	1024	0	8.754152e-02	1.962461e-02	-0.468365788,0.00383386016,0.0321602151,-0.0629031956	-0.472224832,0.00077490136,0.030027844,-0.0618102364
p4	3	1406	attn_residual-17	17	1024	0	7.040014e-02	3.387912e-02	-1.49395001,-0.0718142167,0.0233444422,-0.0844933912	-1.47722232,-0.0881439,0.011956498,-0.0709968284
p4	3	1407	attn_post_norm-17	17	1024	0	7.415862e-02	3.181241e-01	-8.12371635,-0.684830546,0.21479933,-0.683521748	-8.10729694,-0.848352611,0.111036278,-0.579668939
p4	3	1408	ffn_out-17	17	1024	0	8.289350e-02	1.687621e-02	0.0324539281,-0.0103920996,-0.0187682919,0.0250855051	0.036807932,-0.0164418947,-0.0155211948,0.0316999592
p4	3	1409	l_out-17	17	1024	0	7.105808e-02	3.426866e-02	-1.46149611,-0.0822063163,0.00457615033,-0.0594078861	-1.44041443,-0.104585797,-0.00356469676,-0.0392968692
p4	3	1410	attn_norm-18	18	1024	0	7.183752e-02	4.075215e-01	-12.757123,-0.944217324,0.0505845472,-0.638576269	-12.6890059,-1.21234024,-0.0397672169,-0.426296443
p4	3	1411	conv_output_silu-18	18	6144	0	2.615433e-02	2.476730e-01	-0.147098988,-0.109212764,-0.17276524,-0.265896767	-0.141126648,-0.130722955,-0.169061124,-0.266233742
p4	3	1412	q_conv_predelta-18	18	2048	0	4.311854e-02	3.670607e-02	-0.0345477089,-0.0256497394,-0.0405756906,-0.062448591	-0.0331718288,-0.0307264403,-0.0397378281,-0.0625782609
p4	3	1413	k_conv_predelta-18	18	2048	0	4.213073e-02	3.153273e-02	0.062407732,-0.0867104977,-0.0673184544,0.011914365	0.054741744,-0.0856891721,-0.0677142516,0.0140654389
p4	3	1414	v_conv_predelta-18	18	2048	0	2.370574e-02	7.951212e-02	0.00233104592,-0.277188599,-0.00607312657,-0.177392453	0.00860464945,-0.275374949,-0.00776109193,-0.174828097
p4	3	1415	a_softplus-18	18	16	0	4.481049e-02	5.799365e-02	0.01407988,1.0902648,0.0185640529,1.1779536	0.0181924552,1.10102808,0.020029081,1.1847136
p4	3	1416	gate-18	18	16	0	4.249673e-02	1.204908e-02	-0.00586936716,-0.219776988,-0.00553056272,-0.317041904	-0.00758374343,-0.221946672,-0.00596702052,-0.318861336
p4	3	1417	beta_sigmoid-18	18	16	0	1.069326e-02	2.049798e-02	0.42616263,0.952838182,0.259386629,0.877272427	0.421969205,0.950817764,0.260544658,0.881464839
p4	3	1418	state_predelta-18	18	262144	0	4.544954e-02	1.900587e-01	0.000462969707,-0.00988927111,-0.0080304984,-0.00129255978	8.57313862e-05,-0.0105540194,-0.0083968984,-0.00101565896
p4	3	1419	new_state-18	18	262144	0	4.284189e-02	1.668409e-01	-0.00173619366,-0.00677960273,-0.00561421504,-0.00170432415	-0.0017921878,-0.00753572444,-0.00601131888,-0.00149033498
p4	3	1420	attn_output-18	18	2048	0	2.709775e-02	3.775068e-03	0.00272620865,-0.00682339445,-0.000283737609,-0.00538811088	0.0029391041,-0.00686130254,-0.000378103665,-0.00547466567
p4	3	1421	z-18	18	2048	0	3.941192e-02	3.199120e-01	-0.833138227,-0.777053237,-1.43277836,-0.445734859	-0.895502031,-0.756028056,-1.45798087,-0.495078683
p4	3	1422	final_output-18	18	2048	0	8.865673e-02	1.289535e-01	-0.0448451973,0.127312407,0.00545367086,0.0621229857	-0.0496893153,0.126239508,0.00723926816,0.0679482594
p4	3	1423	linear_attn_out-18	18	1024	0	7.633604e-02	1.008380e-02	-0.685205817,0.0618845671,0.0065577589,-0.083779715	-0.684832692,0.0562406033,0.00712599233,-0.0792808533
p4	3	1424	attn_residual-18	18	1024	0	6.820313e-02	3.388163e-02	-2.14670181,-0.0203217492,0.0111339092,-0.143187597	-2.125247,-0.0483451933,0.00356129557,-0.118577719
p4	3	1425	attn_post_norm-18	18	1024	0	7.290929e-02	2.779713e-01	-11.6855268,-0.171944857,0.0957711339,-1.05547249	-11.6724443,-0.412721574,0.0309079904,-0.881902218
p4	3	1426	ffn_out-18	18	1024	0	9.346172e-02	1.633033e-02	-0.193714052,0.0354371518,0.027389463,0.124611795	-0.210044384,0.0322276466,0.0303319469,0.125546291
p4	3	1427	l_out-18	18	1024	0	6.861620e-02	3.639312e-02	-2.34041595,0.0151154026,0.0385233723,-0.0185758024	-2.33529139,-0.0161175467,0.0338932425,0.00696857274
p4	3	1428	attn_norm-19	19	1024	0	6.819121e-02	2.710047e-01	-13.3509531,0.0959040374,0.2519283,-0.120114982	-13.4106693,-0.102945238,0.22312896,0.0453610979
p4	3	1429	attn_pregate-19	19	2048	0	5.259507e-02	1.624727e-01	-0.229361326,-0.391345978,-0.110182561,-0.0298546106	-0.202344239,-0.413009524,-0.0622166991,-0.0438425504
p4	3	1430	attn_gated-19	19	2048	0	4.851990e-02	1.015376e-01	-0.0181552414,-0.0402191319,-0.0105866008,-0.00251663942	-0.0158808082,-0.0432732403,-0.00615250459,-0.00375949102
p4	3	1431	attn_output-19	19	1024	0	1.142229e-01	2.832574e-02	-0.217424095,-0.00217679143,-0.0799513012,0.261747926	-0.189098358,-0.00395278633,-0.0725568384,0.25559026
p4	3	1432	attn_residual-19	19	1024	0	7.065974e-02	3.923953e-02	-2.55784011,0.0129386112,-0.041427929,0.243172124	-2.52438974,-0.020070333,-0.0386635959,0.262558818
p4	3	1433	attn_post_norm-19	19	1024	0	7.568660e-02	2.830878e-01	-13.9670286,0.104575925,-0.30613941,1.4934603	-13.8962917,-0.163534924,-0.288031578,1.62561762
p4	3	1434	ffn_out-19	19	1024	0	1.033975e-01	1.833656e-02	0.000859115273,0.0139739476,-0.104726404,0.0854768679	-0.0172678679,0.0222207233,-0.102141432,0.0866505057
p4	3	1435	l_out-19	19	1024	0	7.264580e-02	4.181333e-02	-2.55698109,0.0269125588,-0.146154329,0.328648984	-2.54165769,0.0021503903,-0.140805036,0.349209309
p4	3	1436	attn_norm-20	20	1024	0	7.533202e-02	4.092795e-01	-16.6570301,0.246282637,-1.24644017,2.50981164	-16.6614819,0.0198026206,-1.20838261,2.68362117
p4	3	1437	conv_output_silu-20	20	6144	0	3.531703e-02	1.567060e-01	-0.111925326,-0.277806073,-0.246970087,-0.216079831	-0.128385276,-0.277982563,-0.25092268,-0.211652353
p4	3	1438	q_conv_predelta-20	20	2048	0	4.575579e-02	3.834613e-02	-0.0376101993,-0.093351014,-0.0829892084,-0.0726091787	-0.0435809195,-0.0943623409,-0.085176751,-0.0718462765
p4	3	1439	k_conv_predelta-20	20	2048	0	4.710167e-02	5.462772e-02	-0.0774203762,0.0083990097,0.0455386043,-0.0509988517	-0.0784334168,0.00552903349,0.0400281958,-0.0486958958
p4	3	1440	v_conv_predelta-20	20	2048	0	2.504689e-02	5.746746e-02	-0.00975018181,0.009221741,0.100469455,-0.0196376294	-0.0169315487,0.00855518691,0.102512725,-0.0183968954
p4	3	1441	a_softplus-20	20	16	0	3.588468e-02	6.120783e-02	0.1161246,0.568237901,0.0993474647,0.291678905	0.128241047,0.594054282,0.121411957,0.310703516
p4	3	1442	gate-20	20	16	0	2.171080e-02	1.499555e-02	-0.0259109009,-0.0987449437,-0.0180925168,-0.0835674107	-0.0286144465,-0.103231154,-0.0221107602,-0.0890180469
p4	3	1443	beta_sigmoid-20	20	16	0	1.257322e-02	1.972556e-02	0.842811227,0.917242289,0.690688312,0.577222228	0.845756531,0.918403327,0.684603393,0.557496667
p4	3	1444	state_predelta-20	20	262144	0	4.565981e-02	1.290355e-01	-0.00171321887,0.000170666084,0.000755976886,-0.000864351867	-0.0012596203,0.000349857204,0.000839554123,-0.000890685304
p4	3	1445	new_state-20	20	262144	0	4.345908e-02	1.368623e-01	-0.000708692882,6.20779247e-05,0.000171554449,-0.000209401478	0.000270701014,0.000234615465,5.3011463e-05,6.24893e-05
p4	3	1446	attn_output-20	20	2048	0	3.753340e-02	6.345928e-03	-0.0003866099,0.000102202641,0.00305094733,-0.000686382235	-0.000609010924,0.000103021404,0.00312334229,-0.000693185662
p4	3	1447	z-20	20	2048	0	4.418030e-02	3.335881e-01	-1.11114061,-3.15302849,0.997904956,0.235684872	-1.13729239,-3.22773194,0.935315847,0.204328418
p4	3	1448	final_output-20	20	2048	0	5.867157e-02	5.350571e-01	0.0130526144,-0.00171391829,0.263864875,-0.00998415705	0.0208159238,-0.00166065583,0.251049966,-0.00869649369
p4	3	1449	linear_attn_out-20	20	1024	0	8.423741e-02	1.664992e-02	-0.764017105,0.0150087634,-0.0152758798,0.0964381099	-0.772097886,0.0170625746,-0.0169226229,0.0887661725
p4	3	1450	attn_residual-20	20	1024	0	6.916880e-02	4.680571e-02	-3.32099819,0.0419213213,-0.16143021,0.425087094	-3.31375551,0.0192129649,-0.157727659,0.437975466
p4	3	1451	attn_post_norm-20	20	1024	0	7.678660e-02	3.231708e-01	-13.8517485,0.306399763,-1.1940397,2.45033145	-13.9203806,0.141430318,-1.17499638,2.54267836
p4	3	1452	ffn_out-20	20	1024	0	1.052321e-01	2.135396e-02	0.161165446,-0.00649962714,-0.0399112441,0.0482211486	0.16935277,-0.0154864229,-0.0506717637,0.0481359176
p4	3	1453	l_out-20	20	1024	0	7.262283e-02	4.739162e-02	-3.15983272,0.0354216956,-0.20134145,0.473308235	-3.14440274,0.003726542,-0.208399415,0.486111373
p4	3	1454	attn_norm-21	21	1024	0	7.734266e-02	3.744378e-01	-17.6459141,0.30370912,-1.57488978,3.44412303	-17.6770859,0.0321652479,-1.64098978,3.56092477
p4	3	1455	conv_output_silu-21	21	6144	0	2.461804e-02	2.314055e-01	-0.2756733,0.493179351,-0.2774252,-0.192500934	-0.277357399,0.487243414,-0.277396291,-0.195331752
p4	3	1456	q_conv_predelta-21	21	2048	0	4.173786e-02	6.399478e-02	-0.0547041595,0.0978657007,-0.0550517999,-0.03819957	-0.0540451482,0.0949429944,-0.0540527254,-0.0380618423
p4	3	1457	k_conv_predelta-21	21	2048	0	4.817255e-02	3.527408e-02	0.00703524798,-0.00238263654,0.0207235292,0.0233621076	0.00504560582,-0.00324296369,0.0221692063,0.023009222
p4	3	1458	v_conv_predelta-21	21	2048	0	3.507074e-02	1.205070e-01	0.056773454,-0.0103487168,0.117251307,-0.0629787892	0.061206568,-0.00935143791,0.109478697,-0.0613360442
p4	3	1459	a_softplus-21	21	16	0	7.050722e-02	1.384246e-01	0.616259813,0.710596025,0.0295198858,0.945779443	0.658496439,0.730729699,0.0365911797,0.990877211
p4	3	1460	gate-21	21	16	0	6.566760e-02	2.641881e-02	-0.182166055,-0.183927491,-0.0110307755,-0.448503137	-0.194651172,-0.1891388,-0.0136731248,-0.469889194
p4	3	1461	beta_sigmoid-21	21	16	0	1.085160e-02	1.743093e-02	0.615592062,0.856994629,0.430596769,0.879591405	0.611919999,0.849615991,0.423916638,0.873177886
p4	3	1462	state_predelta-21	21	262144	0	6.573242e-02	1.204703e-01	0.00100701733,0.000192818494,0.00264705648,-0.000555355975	0.000928252935,0.000352407398,0.00228255009,-0.00051061355
p4	3	1463	new_state-21	21	262144	0	6.026737e-02	1.145197e-01	0.00103175279,9.55327851e-05,0.0027730919,0.000176175003	0.000920783379,0.000189346625,0.00256739953,0.000294377125
p4	3	1464	attn_output-21	21	2048	0	3.394255e-02	4.610524e-03	9.63854254e-05,-0.000138368399,2.27500786e-05,-9.07085778e-05	9.9503297e-05,-0.00015262932,-1.2692587e-05,-9.55114592e-05
p4	3	1465	z-21	21	2048	0	4.933848e-02	3.855433e-01	1.60771596,0.335637093,0.829926729,0.616167307	1.67866421,0.377315581,0.740461946,0.462333083
p4	3	1466	final_output-21	21	2048	0	9.520120e-02	1.042113e-01	0.10574919,-0.0183144864,0.00971782859,-0.0333331935	0.115082391,-0.0230591223,-0.00469447812,-0.0248361547
p4	3	1467	linear_attn_out-21	21	1024	0	1.133274e-01	1.835447e-02	-0.41858843,-0.0622465909,0.0275337361,-0.0145191327	-0.42387414,-0.0609019697,0.0250084996,-0.0225145761
p4	3	1468	attn_residual-21	21	1024	0	7.146479e-02	4.546402e-02	-3.57842112,-0.0268248953,-0.17380771,0.45878911	-3.56827688,-0.0571754277,-0.183390915,0.463596791
p4	3	1469	attn_post_norm-21	21	1024	0	7.879118e-02	3.016323e-01	-14.0080938,-0.181520313,-1.16061616,2.44924498	-14.0621233,-0.389494568,-1.23282707,2.49151993
p4	3	1470	ffn_out-21	21	1024	0	9.322118e-02	3.452174e-02	-0.281086087,0.0334474817,-0.180427015,0.0507762544	-0.246564344,0.0331720337,-0.168114826,0.0276330225
p4	3	1471	l_out-21	21	1024	0	7.172398e-02	5.319560e-02	-3.85950708,0.0066225864,-0.354234725,0.509565353	-3.81484127,-0.0240033939,-0.351505756,0.491229802
p4	3	1472	attn_norm-22	22	1024	0	7.483483e-02	3.256020e-01	-17.7684898,0.0437413752,-2.15272951,3.09261894	-17.7467976,-0.16019991,-2.1585176,3.01256227
p4	3	1473	conv_output_silu-22	22	6144	0	3.362791e-02	1.484051e-01	0.00372069585,-0.063785851,0.022926433,-0.0511525981	0.00655177375,-0.0634205043,0.0225135926,-0.045640137
p4	3	1474	q_conv_predelta-22	22	2048	0	4.123347e-02	4.932770e-02	0.000799156202,-0.0137003558,0.00492429361,-0.0109869	0.00138380553,-0.0133950971,0.00475511467,-0.00963969156
p4	3	1475	k_conv_predelta-22	22	2048	0	5.435470e-02	3.645234e-02	-0.0205901358,0.233415797,-0.0693651065,-0.12536712	-0.0227981247,0.214432031,-0.0663778856,-0.122734658
p4	3	1476	v_conv_predelta-22	22	2048	0	3.868181e-02	1.062549e-01	-0.000715955277,0.00879437663,-0.00425853906,-0.017033631	-0.00257542753,0.00822289567,-0.00379376323,-0.0141099459
p4	3	1477	a_softplus-22	22	16	0	2.197156e-02	9.588587e-02	0.395868868,0.956509531,3.34080815,0.516281724	0.421735615,0.989130259,3.318784,0.58251816
p4	3	1478	gate-22	22	16	0	1.225571e-02	1.978716e-02	-0.0732283816,-0.2167871,-2.1909554,-0.0970064625	-0.0780132487,-0.224180385,-2.17651176,-0.10945192
p4	3	1479	beta_sigmoid-22	22	16	0	1.157850e-02	1.497716e-02	0.445816815,0.764082909,0.9623909,0.64600271	0.452421516,0.753093779,0.961438537,0.653381884
p4	3	1480	state_predelta-22	22	262144	0	8.465708e-02	6.568049e-02	0.000476289308,-0.000479345588,0.00312252296,-0.000573213154	0.000604570843,-0.000442045159,0.00293113594,-0.00018711391
p4	3	1481	new_state-22	22	262144	1	7.261263e-02	6.793896e-02	0.00042703643,-0.000268409553,0.00284941075,-0.000627851696	0.000571162731,-0.00052139716,0.00274599344,-0.000108664506
p4	3	1482	attn_output-22	22	2048	0	4.591033e-02	2.628636e-03	4.84711454e-05,4.98014415e-05,1.46839766e-05,-5.6273122e-05	4.79155933e-05,4.74111694e-05,7.79798029e-06,-5.09286983e-05
p4	3	1483	z-22	22	2048	0	3.654836e-02	3.162184e-01	2.20971203,-0.489020765,-1.91251206,-1.09514332	2.21674109,-0.422513902,-1.89919364,-1.15511441
p4	3	1484	final_output-22	22	2048	0	6.047827e-02	1.851051e-01	0.109286897,-0.00947417133,-0.0038523823,0.0148334261	0.10805174,-0.00808649417,-0.00204766146,0.0134829497
p4	3	1485	linear_attn_out-22	22	1024	0	1.022592e-01	3.678875e-02	0.227222919,-0.0583894923,0.0353688747,0.265745908	0.22373642,-0.0612691492,0.0319636241,0.271321982
p4	3	1486	attn_residual-22	22	1024	0	7.304960e-02	6.255194e-02	-3.63228416,-0.0517669059,-0.318865836,0.775311232	-3.59110475,-0.0852725431,-0.31954214,0.762551785
p4	3	1487	attn_post_norm-22	22	1024	0	7.744691e-02	3.418940e-01	-14.3098946,-0.29424426,-1.78016424,3.55871153	-14.2736368,-0.489006877,-1.7998246,3.53131175
p4	3	1488	ffn_out-22	22	1024	0	9.374337e-02	2.576349e-02	-0.212913245,-0.0713865384,0.0810194835,0.0859859139	-0.233138159,-0.0623969994,0.079414919,0.0758828744
p4	3	1489	l_out-22	22	1024	0	7.508974e-02	6.483305e-02	-3.84519744,-0.123153448,-0.237846345,0.861297131	-3.82424283,-0.147669539,-0.240127221,0.838434637
p4	3	1490	attn_norm-23	23	1024	0	7.505539e-02	2.893806e-01	-14.8620071,-0.609489858,-1.21634507,3.59539652	-14.8854818,-0.735985696,-1.23668849,3.52469516
p4	3	1491	attn_pregate-23	23	2048	0	2.355412e-02	7.525253e-01	-6.35686731,-0.0380665064,-0.520269156,-0.0867115632	-6.3302002,-0.0468251333,-0.554069757,-0.0905224159
p4	3	1492	attn_gated-23	23	2048	0	5.232662e-02	2.177805e-01	-0.55688107,-0.00436314568,-0.0578083806,-0.0184241589	-0.548892379,-0.00557539193,-0.063621819,-0.0201130062
p4	3	1493	attn_output-23	23	1024	0	7.374711e-02	3.081959e-02	-0.0848311931,0.0708257779,-0.0238217562,0.346576869	-0.0945206136,0.0750506371,-0.0278894901,0.339104116
p4	3	1494	attn_residual-23	23	1024	0	7.781260e-02	7.351980e-02	-3.93002868,-0.0523276702,-0.261668086,1.20787406	-3.9187634,-0.0726189017,-0.268016696,1.17753875
p4	3	1495	attn_post_norm-23	23	1024	0	8.055999e-02	3.157903e-01	-15.1891832,-0.244473889,-1.12474573,4.85671473	-15.3007984,-0.342749745,-1.16383612,4.78324413
p4	3	1496	ffn_out-23	23	1024	0	6.161431e-02	1.532953e-01	1.18235731,0.591896772,0.172491416,1.40960562	1.33565259,0.596988797,0.179329187,1.37239254
p4	3	1497	l_out-23	23	1024	0	8.332248e-02	1.645606e-01	-2.74767137,0.53956908,-0.0891766697,2.6174798	-2.58311081,0.524369895,-0.0886875093,2.54993129
p4	3	1498	result_norm	-1	1024	0	8.835888e-02	1.396618e+00	-1.92296076,6.35988235,-1.02046466,33.4231567	-1.83561754,6.27586031,-1.03048742,33.0617714
p4	3	1499	result_output	-1	248320	0	1.035389e-01	1.178255e+00	7.98747683,5.4302268,9.50121212,2.93149662	8.06728458,5.84907532,9.46954536,2.70024252
